index;base_tag;target_tag;path;old_path;status;status_detail;additions;deletions;binary;old_mode;new_mode;old_blob;new_blob;group;owner_report;priority;file_type;review_mode;analysis_decision;diff_note
1;v16.2.5;v16.2.15;.github/CODEOWNERS;;M;M;85;0;FALSE;100644;100644;23749a1d38c99710d8631c06e62bea071047b814;565275481cc259261ec4d79675c164c6a987e4b5;13;13-build-packaging-submodules;P1;build/package;deep;Đọc sâu khi ảnh hưởng build, package, quyền hoặc service: build, packaging, systemd, dependency và submodule.;
2;v16.2.5;v16.2.15;.github/labeler.yml;;M;M;24;0;FALSE;100644;100644;5719e113f1564df8bf438c088ae0a4e8cf7759a6;b8a66602c9845fb4e435ce8f0cbe27a6bd677176;13;13-build-packaging-submodules;P1;build/package;deep;Đọc sâu khi ảnh hưởng build, package, quyền hoặc service: build, packaging, systemd, dependency và submodule.;
3;v16.2.5;v16.2.15;.github/pull_request_template.md;;M;M;1;0;FALSE;100644;100644;4d8d4d41a0d293129a93ef8c74ca7a163b2ff809;46ad1113ddd19f50e5c30e87ea83e2c0431f0b0b;13;13-build-packaging-submodules;P1;build/package;deep;Đọc sâu khi ảnh hưởng build, package, quyền hoặc service: build, packaging, systemd, dependency và submodule.;
4;v16.2.5;v16.2.15;.github/workflows/pr-triage.yml;;M;M;11;2;FALSE;100644;100644;31791d4aef5755edbe83986d41c5b31d21a87f56;481f75331afc0ad5e3f7f601efce248902d141b1;13;13-build-packaging-submodules;P1;build/package;deep;Đọc sâu khi ảnh hưởng build, package, quyền hoặc service: build, packaging, systemd, dependency và submodule.;
5;v16.2.5;v16.2.15;.readthedocs.yml;;M;M;6;2;FALSE;100644;100644;8f83166d6ce4e49351f03405f854def2f6c6557b;f51969084f0cf644839abb173012290f38854ec6;13;13-build-packaging-submodules;P1;build/package;deep;Đọc sâu khi ảnh hưởng build, package, quyền hoặc service: build, packaging, systemd, dependency và submodule.;
6;v16.2.5;v16.2.15;CMakeLists.txt;;M;M;12;11;FALSE;100644;100644;86b32019e3f24f4668d385e76e7f7b0960e8ee99;648f6cec187554e1f73242bd38c6a7f6bb48d857;13;13-build-packaging-submodules;P1;build/package;deep;Đọc sâu khi ảnh hưởng build, package, quyền hoặc service: build, packaging, systemd, dependency và submodule.;
7;v16.2.5;v16.2.15;PendingReleaseNotes;;M;M;234;0;FALSE;100644;100644;88c0137c00d352484af23d6a489857258f6bc25c;c02bdf04a74ceebecc095c3f8af090b6eb7eee8e;15;15-upgrade-validation;P2;release-note;support;Đọc hỗ trợ để lần issue/commit;
8;v16.2.5;v16.2.15;README.aix;;M;M;0;1;FALSE;100644;100644;611941339726e96fb34c24cf5821b620ec06a0e7;2bcec224c43e3b741da7c79a80d6b983f02a313e;13;13-build-packaging-submodules;P2;documentation;reference-only;Không phân tích code sâu;
9;v16.2.5;v16.2.15;admin/build-doc;;M;M;4;3;FALSE;100755;100755;bb2a46282c8b31c628a3a1dd71f7b270e8b99adf;345324a140971e19c9b1f511828ecabad48301f0;13;13-build-packaging-submodules;P1;build/package;deep;Đọc sâu khi ảnh hưởng build, package, quyền hoặc service: build, packaging, systemd, dependency và submodule.;
10;v16.2.5;v16.2.15;admin/doc-read-the-docs.txt;;M;M;1;1;FALSE;100644;100644;b65cc4638491a583db59c7aeb0d5f8c3cfbfbee1;7e0ecc86d75b004be2dcb37f5f9bca6dd1023893;13;13-build-packaging-submodules;P1;build/package;deep;Đọc sâu khi ảnh hưởng build, package, quyền hoặc service: build, packaging, systemd, dependency và submodule.;
11;v16.2.5;v16.2.15;admin/doc-requirements.txt;;M;M;3;1;FALSE;100644;100644;3ad2f6edbfcce7a2d54b2edeb81b8a27b2e07ddc;77382b8f435b1044089543c629918fba45617b4f;13;13-build-packaging-submodules;P1;build/package;deep;Đọc sâu khi ảnh hưởng build, package, quyền hoặc service: build, packaging, systemd, dependency và submodule.;
12;v16.2.5;v16.2.15;ceph.spec.in;;M;M;86;57;FALSE;100644;100644;5e2ffec7d3f13e1d2535c123665fda56e091f06d;b8cc8244b9c2331a4d7f8f36b475aa7648f51fd2;13;13-build-packaging-submodules;P1;build/package;deep;Đọc sâu khi ảnh hưởng build, package, quyền hoặc service: build, packaging, systemd, dependency và submodule.;
13;v16.2.5;v16.2.15;cmake/modules/AddCephTest.cmake;;M;M;0;2;FALSE;100644;100644;d26d003c779b7b8c565f0d80f1004b556913af5b;cd661be16c91dd2e481a579030c7392d56bed9d9;13;13-build-packaging-submodules;P1;build/package;deep;Đọc sâu khi ảnh hưởng build, package, quyền hoặc service: build, packaging, systemd, dependency và submodule.;
14;v16.2.5;v16.2.15;cmake/modules/BuildBoost.cmake;;M;M;7;2;FALSE;100644;100644;ba86ecaa63ce12b29cf09002e8f9d1cd419c4742;f84428921013bf16f1941b690b9c4291e648f351;13;13-build-packaging-submodules;P1;build/package;deep;Đọc sâu khi ảnh hưởng build, package, quyền hoặc service: build, packaging, systemd, dependency và submodule.;
15;v16.2.5;v16.2.15;cmake/modules/BuildDPDK.cmake;;M;M;1;1;FALSE;100644;100644;b33bda0a9b6fe7076566a5983cfa70e90f2b2ecd;cb418b48e38c26dda9f66c51d26e3f547aa1b9af;13;13-build-packaging-submodules;P1;build/package;deep;Đọc sâu khi ảnh hưởng build, package, quyền hoặc service: build, packaging, systemd, dependency và submodule.;
16;v16.2.5;v16.2.15;cmake/modules/BuildFIO.cmake;;M;M;7;5;FALSE;100644;100644;d3288cc330919a82f42802cb608a811925257d9c;a64d639221700b3c7909d7c6a8d9f84e10be02fa;13;13-build-packaging-submodules;P1;build/package;deep;Đọc sâu khi ảnh hưởng build, package, quyền hoặc service: build, packaging, systemd, dependency và submodule.;
17;v16.2.5;v16.2.15;cmake/modules/BuildRocksDB.cmake;;M;M;3;2;FALSE;100644;100644;58ce26a6acaf6ed6e26fdb0926063acfa730adf4;32f8df97619ab3927e5b282ee55e1003e4e9db10;13;13-build-packaging-submodules;P1;build/package;deep;Đọc sâu khi ảnh hưởng build, package, quyền hoặc service: build, packaging, systemd, dependency và submodule.;
18;v16.2.5;v16.2.15;cmake/modules/Buildpmem.cmake;;M;M;30;17;FALSE;100644;100644;2439ac0fd2d3f90121caedbf0af73f68f6e0e018;61c5ba6019f032ffb5ae9e847cc89b6484eb2ecf;13;13-build-packaging-submodules;P1;build/package;deep;Đọc sâu khi ảnh hưởng build, package, quyền hoặc service: build, packaging, systemd, dependency và submodule.;
19;v16.2.5;v16.2.15;cmake/modules/CephChecks.cmake;;M;M;30;1;FALSE;100644;100644;ca86dcbc73de8f7082d4da6eaa91c6fbacf3cd0e;701ecb47c4c988b6f4dee904d8bc2991fd1510e6;13;13-build-packaging-submodules;P1;build/package;deep;Đọc sâu khi ảnh hưởng build, package, quyền hoặc service: build, packaging, systemd, dependency và submodule.;
20;v16.2.5;v16.2.15;cmake/modules/Distutils.cmake;;M;M;14;4;FALSE;100644;100644;ff01aaf818a71d161c8d2c2ae65d827f1e0b772e;fe3ca410e61ee1a597668b2b748cbffb88ab97b2;13;13-build-packaging-submodules;P1;build/package;deep;Đọc sâu khi ảnh hưởng build, package, quyền hoặc service: build, packaging, systemd, dependency và submodule.;
21;v16.2.5;v16.2.15;cmake/modules/Findfmt.cmake;;M;M;20;2;FALSE;100644;100644;747d924e901e7681678a353acdbfb257fa53c0ca;734c2b0571c24087fb29564fb373889eaa5449be;13;13-build-packaging-submodules;P1;build/package;deep;Đọc sâu khi ảnh hưởng build, package, quyền hoặc service: build, packaging, systemd, dependency và submodule.;
22;v16.2.5;v16.2.15;cmake/modules/Findpmem.cmake;;M;M;10;0;FALSE;100644;100644;b30d9ae6bbbb15fb9e273ae1e1d7c519a3b31200;9c8e21b918877ca88e39a6fbe208bf6754ea09e7;13;13-build-packaging-submodules;P1;build/package;deep;Đọc sâu khi ảnh hưởng build, package, quyền hoặc service: build, packaging, systemd, dependency và submodule.;
23;v16.2.5;v16.2.15;cmake/modules/boost-python-use-public-api-for-filename.patch;;A;A;38;0;FALSE;0;100644;0;899a02384d8a84ded5eefc755c30dfc00740e590;13;13-build-packaging-submodules;P1;build/package;deep;Đọc sâu khi ảnh hưởng build, package, quyền hoặc service: build, packaging, systemd, dependency và submodule.;
24;v16.2.5;v16.2.15;debian/ceph-base.install;;M;M;1;0;FALSE;100644;100644;8ee22ebe5bf9a5dfe754ea26dd13a84c55368fde;3c31951269f44ab52c503b6d678d6588f26f3b62;13;13-build-packaging-submodules;P1;build/package;deep;Đọc sâu khi ảnh hưởng build, package, quyền hoặc service: build, packaging, systemd, dependency và submodule.;
25;v16.2.5;v16.2.15;debian/ceph-common.install;;M;M;1;0;FALSE;100755;100755;b84a3164d3ea22b6512fbac06156586853378868;b1c5769fd53e2969f3c828f48586f67b1338987d;13;13-build-packaging-submodules;P1;build/package;deep;Đọc sâu khi ảnh hưởng build, package, quyền hoặc service: build, packaging, systemd, dependency và submodule.;
26;v16.2.5;v16.2.15;debian/ceph-osd.install;;M;M;0;1;FALSE;100755;100755;3a72447a82c24c9f85b1a706965a2ec0c7a4ee92;0db4460da8ab7d7beaf52e40c32fdc850181133c;13;13-build-packaging-submodules;P1;build/package;deep;Đọc sâu khi ảnh hưởng build, package, quyền hoặc service: build, packaging, systemd, dependency và submodule.;
27;v16.2.5;v16.2.15;debian/cephfs-mirror.install;;M;M;2;0;FALSE;100644;100644;19d2e483d9586d15a67bd10cf16f4537a513e968;ca0807e27c02dce88baa095cbcea5151a2696f66;13;13-build-packaging-submodules;P1;build/package;deep;Đọc sâu khi ảnh hưởng build, package, quyền hoặc service: build, packaging, systemd, dependency và submodule.;
28;v16.2.5;v16.2.15;debian/changelog;;M;M;66;0;FALSE;100644;100644;b62191fd88fa2635a46acab93dfa27b541e8f02c;5ccbfb9c92396385e24bc53c9e5f283d87ab7b9f;13;13-build-packaging-submodules;P1;build/package;deep;Đọc sâu khi ảnh hưởng build, package, quyền hoặc service: build, packaging, systemd, dependency và submodule.;
29;v16.2.5;v16.2.15;debian/control;;M;M;35;33;FALSE;100644;100644;a319e5a82c4e681d3064052f1921c5baaeaf946b;bf89deb4741e303d586a1c2d87047e409395c7b6;13;13-build-packaging-submodules;P1;build/package;deep;Đọc sâu khi ảnh hưởng build, package, quyền hoặc service: build, packaging, systemd, dependency và submodule.;
30;v16.2.5;v16.2.15;debian/python3-ceph-argparse.install;;M;M;4;2;FALSE;100644;100755;274b8b4f7ea18338f556c453808b254e746492f3;52479f93535ec810af8bfcaf5b9fce910ca5546a;13;13-build-packaging-submodules;P1;build/package;deep;Đọc sâu khi ảnh hưởng build, package, quyền hoặc service: build, packaging, systemd, dependency và submodule.;mode 100644→100755
31;v16.2.5;v16.2.15;debian/python3-cephfs.install;;M;M;3;1;FALSE;100644;100755;6eb8836707f8ba82952ceaeed78bd6d89c6e6b0f;ac88db2211e628e43ff6d6c25b45039ed04e0244;13;13-build-packaging-submodules;P1;build/package;deep;Đọc sâu khi ảnh hưởng build, package, quyền hoặc service: build, packaging, systemd, dependency và submodule.;mode 100644→100755
32;v16.2.5;v16.2.15;debian/rules;;M;M;2;2;FALSE;100755;100755;c8c6f3e80f63dba74a5309aaedec6041f65d2590;f2e696a1396aa4ad4fc6b876592e986684260d5d;13;13-build-packaging-submodules;P1;build/package;deep;Đọc sâu khi ảnh hưởng build, package, quyền hoặc service: build, packaging, systemd, dependency và submodule.;
33;v16.2.5;v16.2.15;do_cmake.sh;;M;M;7;0;FALSE;100755;100755;4cb07c106b6c9478be72a40010eebc99b23ebf53;25fb827b4c45cd2257802bbbc0ea8bbd6af07321;13;13-build-packaging-submodules;P1;build/package;deep;Đọc sâu khi ảnh hưởng build, package, quyền hoặc service: build, packaging, systemd, dependency và submodule.;
34;v16.2.5;v16.2.15;doc/_ext/ceph_commands.py;;M;M;1;0;FALSE;100644;100644;58daba8f1de5e6c896352bfb4e83882948c790aa;f1d7ee606fec3ce8c02ed12e1b4ef7194e5e52f6;15;15-upgrade-validation;P2;documentation;reference-only;Không phân tích code sâu;
35;v16.2.5;v16.2.15;doc/_static/css/custom.css;;M;M;20;0;FALSE;100644;100644;c44ccb450b5ec6a3a1ecbe697f91f6cd14f23583;2a37cab999590d2189f8ceaa8b9d5cb2ffe626f6;15;15-upgrade-validation;P2;documentation;reference-only;Không phân tích code sâu;
36;v16.2.5;v16.2.15;doc/architecture.rst;;M;M;10;5;FALSE;100644;100644;33558c0a877a5b6fac7779d06b71ce4fbfa97c6f;e73ec26c029a6182c9b5811ae88b42cd5551b4c5;15;15-upgrade-validation;P2;documentation;reference-only;Không phân tích code sâu;
37;v16.2.5;v16.2.15;doc/ceph-volume/index.rst;;M;M;3;0;FALSE;100644;100644;a9c18abb7228c7f9bc9029626e378601f74bbab0;9271bc2a0e96796704eb74f7446be2f2c49b0077;9;09-ceph-volume-activation;P2;documentation;reference-only;Không phân tích code sâu;
38;v16.2.5;v16.2.15;doc/ceph-volume/lvm/activate.rst;;M;M;8;0;FALSE;100644;100644;5e43d4cb5f566ea711bda78bfeec951922a851c9;9faf1f74ebd724ed79c2c08828f97d4251e0919a;9;09-ceph-volume-activation;P2;documentation;reference-only;Không phân tích code sâu;
39;v16.2.5;v16.2.15;doc/ceph-volume/lvm/encryption.rst;;M;M;34;36;FALSE;100644;100644;1483ef32e6c88a42c805450b9266c3624ee4eeb8;66f4ee182b16055c7d08413bad19cb70215d5f97;9;09-ceph-volume-activation;P2;documentation;reference-only;Không phân tích code sâu;
40;v16.2.5;v16.2.15;doc/ceph-volume/lvm/index.rst;;M;M;6;0;FALSE;100644;100644;9a2191fb519359107b3464589cf0bbd4146d6b93;962e51a51c685788081fca83cb46bae510da46c7;9;09-ceph-volume-activation;P2;documentation;reference-only;Không phân tích code sâu;
41;v16.2.5;v16.2.15;doc/ceph-volume/lvm/migrate.rst;;A;A;47;0;FALSE;0;100644;0;983d2e79716b4dfe0e30598b5ab2d31e48eeaf71;9;09-ceph-volume-activation;P2;documentation;reference-only;Không phân tích code sâu;
42;v16.2.5;v16.2.15;doc/ceph-volume/lvm/newdb.rst;;A;A;11;0;FALSE;0;100644;0;dcc87fc8a740faadc4b12d96a10dfe84675c6048;9;09-ceph-volume-activation;P2;documentation;reference-only;Không phân tích code sâu;
43;v16.2.5;v16.2.15;doc/ceph-volume/lvm/newwal.rst;;A;A;11;0;FALSE;0;100644;0;05f87fff667b63963cd3d8521cd7c6f21e93509e;9;09-ceph-volume-activation;P2;documentation;reference-only;Không phân tích code sâu;
44;v16.2.5;v16.2.15;doc/ceph-volume/lvm/prepare.rst;;M;M;120;93;FALSE;100644;100644;fd40b7e1e1a897de191d96647564c7750a589bff;ae6aac414cdda6567874d82fe3faabb2e8ff14d8;9;09-ceph-volume-activation;P2;documentation;reference-only;Không phân tích code sâu;
45;v16.2.5;v16.2.15;doc/cephadm/adoption.rst;;M;M;10;4;FALSE;100644;100644;db4fded39816aa8e1595ef59a7073c209cde33a0;78d1343eb35d03feae8f0d598ecd74c5bc801340;8;08-cephadm-orchestrator;P2;documentation;reference-only;Không phân tích code sâu;
46;v16.2.5;v16.2.15;doc/cephadm/client-setup.rst;;M;M;29;24;FALSE;100644;100644;3efc1cc11ffa7018afaa75eb386debd311d1e10d;f98ba798b5fd662f6532018970d1a9eca9eaca41;8;08-cephadm-orchestrator;P2;documentation;reference-only;Không phân tích code sâu;
47;v16.2.5;v16.2.15;doc/cephadm/compatibility.rst;;M;M;41;29;FALSE;100644;100644;7c75b7445114b66b673456beeb4f1b4b44d5cef6;46ab62a62726f1661980f08f3a08850d210abcb3;8;08-cephadm-orchestrator;P2;documentation;reference-only;Không phân tích code sâu;
48;v16.2.5;v16.2.15;doc/cephadm/host-management.rst;;M;M;161;67;FALSE;100644;100644;bcf626752fca91a316f45518792f9e72e63f8ddb;d75f581d85594c7b5cc788b30c7f11ce87335677;8;08-cephadm-orchestrator;P2;documentation;reference-only;Không phân tích code sâu;
49;v16.2.5;v16.2.15;doc/cephadm/index.rst;;M;M;32;25;FALSE;100644;100644;394f7b1cc579c01724bf79ca89598b15713eb859;bfa3a4bb23b6306f8e478c8dcb50fa0ebcb26d23;8;08-cephadm-orchestrator;P2;documentation;reference-only;Không phân tích code sâu;
50;v16.2.5;v16.2.15;doc/cephadm/install.rst;;M;M;139;28;FALSE;100644;100644;2a4a8887aceb2f4dda78f92a2d8217eae49f57c8;42262af900301c815add8560c101e9afbfbd2519;8;08-cephadm-orchestrator;P2;documentation;reference-only;Không phân tích code sâu;
51;v16.2.5;v16.2.15;doc/cephadm/mon.rst;;D;D;0;188;FALSE;100644;0;38ae493f5ff2e726fe9cf7d25232aa59f95497f9;0;8;08-cephadm-orchestrator;P2;documentation;reference-only;Không phân tích code sâu;
52;v16.2.5;v16.2.15;doc/cephadm/operations.rst;;M;M;323;155;FALSE;100644;100644;56d1146de3ed52e5eb6760a51efafd40ffedc020;09b6219c10d45829a66c4d0230f8b8a03ba7e8ef;8;08-cephadm-orchestrator;P2;documentation;reference-only;Không phân tích code sâu;
53;v16.2.5;v16.2.15;doc/cephadm/services/custom-container.rst;doc/cephadm/custom-container.rst;R;R083;18;17;FALSE;100644;100644;542fcf16261d80234a8d843be18d196abb064419;3ece248c5a4c9ed3e667b51c0c9daac7bca2146e;8;08-cephadm-orchestrator;P2;documentation;reference-only;Không phân tích code sâu;
54;v16.2.5;v16.2.15;doc/cephadm/services/index.rst;doc/cephadm/service-management.rst;R;R052;356;54;FALSE;100644;100644;02424d492e80943b5b7fc44e6b3a4a55c3cdebcd;44a09c9877dae9d026f716d22bdf490fe456aca3;8;08-cephadm-orchestrator;P2;documentation;reference-only;Không phân tích code sâu;
55;v16.2.5;v16.2.15;doc/cephadm/services/iscsi.rst;doc/cephadm/iscsi.rst;R;R088;12;1;FALSE;100644;100644;d34ff6abfa615bdcdb7dd86fbc643885c95933c5;e039e8d9a34672043a4c9639429aaac1d2396cf9;8;08-cephadm-orchestrator;P2;documentation;reference-only;Không phân tích code sâu;
56;v16.2.5;v16.2.15;doc/cephadm/services/mds.rst;doc/cephadm/mds.rst;R;R094;3;0;FALSE;100644;100644;fbee8d6bdc29787ebefb0bce7d1c6117bd8f0865;949a0fa5d8e7a87340c5b22ecbc017993c6eeb8d;8;08-cephadm-orchestrator;P2;documentation;reference-only;Không phân tích code sâu;
57;v16.2.5;v16.2.15;doc/cephadm/services/mgr.rst;;A;A;43;0;FALSE;0;100644;0;133a00d77217b2e299a5d714a1c0412be2b47459;8;08-cephadm-orchestrator;P2;documentation;reference-only;Không phân tích code sâu;
58;v16.2.5;v16.2.15;doc/cephadm/services/mon.rst;;A;A;179;0;FALSE;0;100644;0;6326b73f46d39bfbd01fbc4e22fb5f7b98e4635e;8;08-cephadm-orchestrator;P2;documentation;reference-only;Không phân tích code sâu;
59;v16.2.5;v16.2.15;doc/cephadm/services/monitoring.rst;doc/cephadm/monitoring.rst;R;R074;203;81;FALSE;100644;100644;14593b1bb18fae2f88906fde530cdc5cee43bd31;f29a93e8298a4091cb661b77444378c161029001;8;08-cephadm-orchestrator;P2;documentation;reference-only;Không phân tích code sâu;
60;v16.2.5;v16.2.15;doc/cephadm/services/nfs.rst;doc/cephadm/nfs.rst;R;R094;8;1;FALSE;100644;100644;631fe51bd0b71ba67222435648993994729613f5;c48d0f7658f71e4ab8ba2e6d7efd34b35da40ae2;8;08-cephadm-orchestrator;P2;documentation;reference-only;Không phân tích code sâu;
61;v16.2.5;v16.2.15;doc/cephadm/services/osd.rst;doc/cephadm/osd.rst;R;R081;132;77;FALSE;100644;100644;5c01d038f84fa6b344e098aad7891ec9527c603c;f60956384a1534f1fd33437e029a76a9efe8cf60;8;08-cephadm-orchestrator;P2;documentation;reference-only;Không phân tích code sâu;
62;v16.2.5;v16.2.15;doc/cephadm/services/rgw.rst;doc/cephadm/rgw.rst;R;R067;113;5;FALSE;100644;100644;8329ee27be098a8a96bda3abf260888bed19ba8b;0c452c9aacf106e7dc932b22f30dc39958b4ba0e;8;08-cephadm-orchestrator;P2;documentation;reference-only;Không phân tích code sâu;
63;v16.2.5;v16.2.15;doc/cephadm/services/snmp-gateway.rst;;A;A;171;0;FALSE;0;100644;0;f927fdfd0a3881a095e65e485868907ebaefa40c;8;08-cephadm-orchestrator;P2;documentation;reference-only;Không phân tích code sâu;
64;v16.2.5;v16.2.15;doc/cephadm/troubleshooting.rst;;M;M;134;54;FALSE;100644;100644;5858d3940e965a49682ec1651eab84ff1a26de7e;d6c0d646c234844405510e45909dadc692b0db3a;8;08-cephadm-orchestrator;P2;documentation;reference-only;Không phân tích code sâu;
65;v16.2.5;v16.2.15;doc/cephadm/upgrade.rst;;M;M;141;18;FALSE;100644;100644;4e3e657bf43c889ae9fdc25ebc0acff22a190dd6;2bbfc30e5dc0843bf23076aa665adc66588dcaea;8;08-cephadm-orchestrator;P2;documentation;reference-only;Không phân tích code sâu;
66;v16.2.5;v16.2.15;doc/cephfs/.gitignore;;D;D;0;1;FALSE;100644;0;e8232139cc945318fc02b68103506538ba8fb026;0;11;11-cephfs-mds;P2;documentation;reference-only;Không phân tích code sâu;
67;v16.2.5;v16.2.15;doc/cephfs/add-remove-mds.rst;;M;M;10;1;FALSE;100644;100644;6a6bc08de8f59a22137982d039746c1b282d9067;4f5ee06aa8b72f20ed362de20db8a5346f5b252f;11;11-cephfs-mds;P2;documentation;reference-only;Không phân tích code sâu;
68;v16.2.5;v16.2.15;doc/cephfs/administration.rst;;M;M;40;45;FALSE;100644;100644;c53161313c9bd322514ae2fd094775c468f836e0;ad9599b109e2d1c1fbb05a53d676804dfdeee2d9;11;11-cephfs-mds;P2;documentation;reference-only;Không phân tích code sâu;
69;v16.2.5;v16.2.15;doc/cephfs/ceph-dokan.rst;;M;M;2;0;FALSE;100644;100644;8545c2c384163419392335d8b4fd150534079a85;b9fb6c59287b5d69e1181bcb4030dca774a8b336;11;11-cephfs-mds;P2;documentation;reference-only;Không phân tích code sâu;
70;v16.2.5;v16.2.15;doc/cephfs/cephfs-mirroring.rst;;M;M;130;47;FALSE;100644;100644;e485ea3fef51028edfa310b01275b28f519999b5;7d5dfa6cfd7853e298a5035fa99077ad39491d7f;11;11-cephfs-mds;P2;documentation;reference-only;Không phân tích code sâu;
71;v16.2.5;v16.2.15;doc/cephfs/cephfs-shell.rst;;M;M;4;4;FALSE;100644;100644;244d78bda12a54e1bff2d470e8df42fb110a3fa9;6e6a1b1e36b449cc805122d5773e64a23567a799;11;11-cephfs-mds;P2;documentation;reference-only;Không phân tích code sâu;
72;v16.2.5;v16.2.15;doc/cephfs/cephfs-top.png;;M;M;;;TRUE;100644;100644;f65aea1d2b9011701999729c8c71f9f00344c845;7299c82fbcffabb01e569373900bd7db808c4f27;11;11-cephfs-mds;P2;binary/asset;reference-only;Không đọc nội dung sâu;
73;v16.2.5;v16.2.15;doc/cephfs/cephfs-top.rst;;M;M;40;7;FALSE;100644;100644;47e80df9d2f14a4062628cc012557a337cb553f7;511d0437cb7db4b2c49a17a4978928388c0f9e42;11;11-cephfs-mds;P2;documentation;reference-only;Không phân tích code sâu;
74;v16.2.5;v16.2.15;doc/cephfs/client-auth.rst;;M;M;10;0;FALSE;100644;100644;fd0faa83963a2edd78868f100a885b13a4770ccf;a7dea52518bdd3626c8f02d92c29973350c9ee50;11;11-cephfs-mds;P2;documentation;reference-only;Không phân tích code sâu;
75;v16.2.5;v16.2.15;doc/cephfs/disaster-recovery-experts.rst;;M;M;32;32;FALSE;100644;100644;11df16e3813c257eb86e790c46cd525db0f59e1f;d817f6d1799a452dfca39a5a3569b59ed1339e6d;11;11-cephfs-mds;P2;documentation;reference-only;Không phân tích code sâu;
76;v16.2.5;v16.2.15;doc/cephfs/file-layouts.rst;;M;M;40;0;FALSE;100644;100644;3eaf82a4141ed42df0bfcc50d4f6b8611cf6f07f;2cdb26efc1e132f6e8355b6f3111cd513ecc4715;11;11-cephfs-mds;P2;documentation;reference-only;Không phân tích code sâu;
77;v16.2.5;v16.2.15;doc/cephfs/fs-nfs-exports.rst;;D;D;0;343;FALSE;100644;0;b11c88a19fc2883296f4fe85b407a8e78c8e277e;0;11;11-cephfs-mds;P2;documentation;reference-only;Không phân tích code sâu;
78;v16.2.5;v16.2.15;doc/cephfs/fs-volumes.rst;;M;M;577;184;FALSE;100644;100644;203509f83c005325ec360c39e0acf02d757cbb62;10857c50bed099c8acc58fe744b44da964682ac4;11;11-cephfs-mds;P2;documentation;reference-only;Không phân tích code sâu;
79;v16.2.5;v16.2.15;doc/cephfs/health-messages.rst;;M;M;15;1;FALSE;100644;100644;28ceb704a9d032a99050f78cde2374ddd400904b;bb461be7b60645ee8a63f9aedd58e637336e7049;11;11-cephfs-mds;P2;documentation;reference-only;Không phân tích code sâu;
80;v16.2.5;v16.2.15;doc/cephfs/index.rst;;M;M;1;1;FALSE;100644;100644;02ae3e9b2934696a0d88872e89f9f0b122e9c920;ad38639858e5ac3bc4d7043a6c3962583f04595a;11;11-cephfs-mds;P2;documentation;reference-only;Không phân tích code sâu;
81;v16.2.5;v16.2.15;doc/cephfs/mds-config-ref.rst;;M;M;25;0;FALSE;100644;100644;741f6c92bf2d7b56afeba90dc0a57f34758ebd79;2b22a844f3aaca31151ea0eefafc74d5248910da;11;11-cephfs-mds;P2;documentation;reference-only;Không phân tích code sâu;
82;v16.2.5;v16.2.15;doc/cephfs/mds-state-diagram.dot;;M;M;2;0;FALSE;100644;100644;3ad192ef19ddadef298e0c79fb5b0e4918bef52d;8c9fa25d0f57ab7ad872d4f73ff1d9f5a7930ce5;11;11-cephfs-mds;P2;documentation;reference-only;Không phân tích code sâu;
83;v16.2.5;v16.2.15;doc/cephfs/mount-prerequisites.rst;;M;M;5;3;FALSE;100644;100644;2f9a22c31bc6b7173888ab287a6cd9363b0c8a79;6ed8a19b620584e7f4fee608158adf70694e00bf;11;11-cephfs-mds;P2;documentation;reference-only;Không phân tích code sâu;
84;v16.2.5;v16.2.15;doc/cephfs/mount-using-fuse.rst;;M;M;4;9;FALSE;100644;100644;98b19211dcba1ca74e97777c22c7f8b6ff2ad1a7;bd098dc91de32fc2505aa8a7e0a259b8f54a1dc6;11;11-cephfs-mds;P2;documentation;reference-only;Không phân tích code sâu;
85;v16.2.5;v16.2.15;doc/cephfs/mount-using-kernel-driver.rst;;M;M;22;0;FALSE;100644;100644;5bd98dd51a7cb84532c6c36377f6298e1f111f74;4aaf480df978722bfe76a5db74a645df950d722a;11;11-cephfs-mds;P2;documentation;reference-only;Không phân tích code sâu;
86;v16.2.5;v16.2.15;doc/cephfs/multimds.rst;;M;M;4;0;FALSE;100644;100644;dcbbfc51e094d1ebb1a20fcc1cbe103fdf5ff55e;db9b52f3a55763634a90bbe841e7b64178014ad0;11;11-cephfs-mds;P2;documentation;reference-only;Không phân tích code sâu;
87;v16.2.5;v16.2.15;doc/cephfs/nfs.rst;;M;M;26;8;FALSE;100644;100644;17bf4303eb13294465b7f7650ecf36ff2f093f0f;f06911d5cbd0481e7cc5e0b97606b45201cb51f0;11;11-cephfs-mds;P2;documentation;reference-only;Không phân tích code sâu;
88;v16.2.5;v16.2.15;doc/cephfs/posix.rst;;M;M;6;8;FALSE;100644;100644;a2c9c2017c72b671e24e7650f8c70826f8867ae7;d80cbe67e9c4f28d77cc1ee2de51f2c8904a38e2;11;11-cephfs-mds;P2;documentation;reference-only;Không phân tích code sâu;
89;v16.2.5;v16.2.15;doc/cephfs/quota.rst;;M;M;73;0;FALSE;100644;100644;951982d16431a250e7a5924d7a07b0d44ac04f0b;0f1be4e321ec3936f77f5950d7f4971a68acb169;11;11-cephfs-mds;P2;documentation;reference-only;Không phân tích code sâu;
90;v16.2.5;v16.2.15;doc/cephfs/recover-fs-after-mon-store-loss.rst;;A;A;51;0;FALSE;0;100644;0;d44269c831880da15ec91ff946fa01e7146df62b;11;11-cephfs-mds;P2;documentation;reference-only;Không phân tích code sâu;
91;v16.2.5;v16.2.15;doc/cephfs/scrub.rst;;M;M;23;0;FALSE;100644;100644;7f55df9503073e36954da9522b1f31e2a89b8908;5b813f1c41ad822051169f2e6fb59c6c26568698;11;11-cephfs-mds;P2;documentation;reference-only;Không phân tích code sâu;
92;v16.2.5;v16.2.15;doc/cephfs/snap-schedule.rst;;M;M;42;11;FALSE;100644;100644;6a9c0d1769b061961d499526da6bb5bc77655ce8;5c4b2c1dec64cc4cb5f8ae6aa6cb516c569c3f3c;11;11-cephfs-mds;P2;documentation;reference-only;Không phân tích code sâu;
93;v16.2.5;v16.2.15;doc/cephfs/troubleshooting.rst;;M;M;92;0;FALSE;100644;100644;78ad18ddeb4d153de08a8dbe0d33874d0eefe4b7;60de0c1a3b99b16f0ddb8c5574b77afb1dde7b26;11;11-cephfs-mds;P2;documentation;reference-only;Không phân tích code sâu;
94;v16.2.5;v16.2.15;doc/cephfs/upgrading.rst;;M;M;7;32;FALSE;100644;100644;e9df8c0c74300738ef751caaf2c24d680ff85a46;2dc29e1298bb1fc5c7815f5f09bacb63ab8e51b6;11;11-cephfs-mds;P2;documentation;reference-only;Không phân tích code sâu;
95;v16.2.5;v16.2.15;doc/conf.py;;M;M;5;1;FALSE;100644;100644;8ba08573ae7d2db7041539afb95e000e8cbd761e;490e886cdf69d63bf7475214a8704dd4a9d96b06;15;15-upgrade-validation;P2;documentation;reference-only;Không phân tích code sâu;
96;v16.2.5;v16.2.15;doc/dev/ceph_krb_auth.rst;;M;M;5;5;FALSE;100644;100644;627b9bd8e38901ea0c0e510f416c4d1b85e08784;f4bddde90587a7bf3f4f5ffc0a2031b4c14b2e98;15;15-upgrade-validation;P2;documentation;reference-only;Không phân tích code sâu;
97;v16.2.5;v16.2.15;doc/dev/cephadm/developing-cephadm.rst;;M;M;20;5;FALSE;100644;100644;9d6531d80a4320141ae079edc5b55c19b521395b;d14d4f8d70dea57dd9d5a4e7034f5c163a9886c1;8;08-cephadm-orchestrator;P2;documentation;reference-only;Không phân tích code sâu;
98;v16.2.5;v16.2.15;doc/dev/cephadm/host-maintenance.rst;;M;M;2;2;FALSE;100644;100644;af48dee01a6662bb49cf83c919bf112881bf5448;2b84ec7bddb001da06f79e9dc4e49417eeaf2ef1;8;08-cephadm-orchestrator;P2;documentation;reference-only;Không phân tích code sâu;
99;v16.2.5;v16.2.15;doc/dev/cephfs-mirroring.rst;;M;M;23;17;FALSE;100644;100644;7ce6874db535e2c6d4997e5c4eefaf2f157abb05;3379c96fa261ec0d75bafc9818aa517a9c90164e;15;15-upgrade-validation;P2;documentation;reference-only;Không phân tích code sâu;
100;v16.2.5;v16.2.15;doc/dev/cephfs-snapshots.rst;;M;M;5;0;FALSE;100644;100644;423240b9775cf8f2263ba6601c7f7a9a6b6a776c;c67771bb9076ed9c3e2b7c965b3d5c1b16684719;15;15-upgrade-validation;P2;documentation;reference-only;Không phân tích code sâu;
101;v16.2.5;v16.2.15;doc/dev/continuous-integration.rst;;A;A;285;0;FALSE;0;100644;0;5c2f158236c010e765cf642a14e1ce9e6cc8dd3a;15;15-upgrade-validation;P2;documentation;reference-only;Không phân tích code sâu;
102;v16.2.5;v16.2.15;doc/dev/deduplication.rst;;D;D;0;151;FALSE;100644;0;b715896b6f7b40f231617b798b2196e47cc61c3e;0;15;15-upgrade-validation;P2;documentation;reference-only;Không phân tích code sâu;
103;v16.2.5;v16.2.15;doc/dev/delayed-delete.rst;;M;M;8;7;FALSE;100644;100644;bf5f65a460893fa09153081b4a51c9be45475d2e;31f3e6b9727fed0f66d55a256281155ab0f3d209;15;15-upgrade-validation;P2;documentation;reference-only;Không phân tích code sâu;
104;v16.2.5;v16.2.15;doc/dev/developer_guide/basic-workflow.rst;;M;M;310;137;FALSE;100644;100644;6ad83577d996ccf351d8d29bdec3738258a6fc92;c2f030286c4687bad199e0eb49e8dea7471ee530;15;15-upgrade-validation;P2;documentation;reference-only;Không phân tích code sâu;
105;v16.2.5;v16.2.15;doc/dev/developer_guide/dash-devel.rst;;M;M;94;17;FALSE;100644;100644;6a3e7976b49b49affbcf2efac24fdb7f53b3c65a;29974555a3e51944cf33ba859697435989c8d4e5;15;15-upgrade-validation;P2;documentation;reference-only;Không phân tích code sâu;
106;v16.2.5;v16.2.15;doc/dev/developer_guide/essentials.rst;;M;M;77;4;FALSE;100644;100644;092daeaca795f4beda3d1ecfb81bf684c495deea;30d9b1a4a9e890fb9efdbc7e63669da3fb93e677;15;15-upgrade-validation;P2;documentation;reference-only;Không phân tích code sâu;
107;v16.2.5;v16.2.15;doc/dev/developer_guide/merging.rst;;M;M;17;17;FALSE;100644;100644;076e5b62a7e8913b9bdc22234e2c41404c681574;36e10fc8440b3c234f646ca0b0e8d2b1a35c63b1;15;15-upgrade-validation;P2;documentation;reference-only;Không phân tích code sâu;
108;v16.2.5;v16.2.15;doc/dev/developer_guide/tests-integration-tests.rst;;M;M;78;2;FALSE;100644;100644;c8e6dbcd4e3bfe33bf5f932ac72897f16f57c303;3cd3a10c5bf75ab13f51ecd9088a4bae266851a9;15;15-upgrade-validation;P2;documentation;reference-only;Không phân tích code sâu;
109;v16.2.5;v16.2.15;doc/dev/developer_guide/tests-unit-tests.rst;;M;M;7;1;FALSE;100644;100644;de9d6de6fcd101413d120e5396d6a549fd0794e0;72d724d981ed617b8ec64dd81b93b8415efbc9a0;15;15-upgrade-validation;P2;documentation;reference-only;Không phân tích code sâu;
110;v16.2.5;v16.2.15;doc/dev/documenting.rst;;M;M;4;0;FALSE;100644;100644;42bd56d06fed5754d55090445efaf1c1d5d810d1;c1a11890e6e4a638d85f0d24b26690f318b7d558;15;15-upgrade-validation;P2;documentation;reference-only;Không phân tích code sâu;
111;v16.2.5;v16.2.15;doc/dev/network-encoding.rst;;M;M;2;1;FALSE;100644;100644;d59b0ee9ee50beeb57e9e08bd0bd77c28f06ce01;d5d1a6d15371422933f0997c6b0ca48fcdd510fc;15;15-upgrade-validation;P2;documentation;reference-only;Không phân tích code sâu;
112;v16.2.5;v16.2.15;doc/dev/object-store.rst;;M;M;2;5;FALSE;100644;100644;355f51548329eb1b095b9411331d4647364d30e0;2d9a7d8fafb78cf470310a059a8ffe52a2b1d34b;15;15-upgrade-validation;P2;documentation;reference-only;Không phân tích code sâu;
113;v16.2.5;v16.2.15;doc/dev/osd_internals/erasure_coding.rst;;M;M;38;33;FALSE;100644;100644;7263cc35b67152194dcde112d1143f3467d1b20c;40064961bbaf7a765fb5f2f56f54f7b21ee01a79;15;15-upgrade-validation;P2;documentation;reference-only;Không phân tích code sâu;
114;v16.2.5;v16.2.15;doc/dev/osd_internals/erasure_coding/jerasure.rst;;M;M;3;1;FALSE;100644;100644;27669a0b22639f08465dcd5d2e3be5e272e157c5;ac36367200c653641cae8a4bacb20e1c86615272;15;15-upgrade-validation;P2;documentation;reference-only;Không phân tích code sâu;
115;v16.2.5;v16.2.15;doc/dev/osd_internals/past_intervals.rst;;A;A;93;0;FALSE;0;100644;0;5b594df1ae0c5ae704c275126d3f00893d368a6b;15;15-upgrade-validation;P2;documentation;reference-only;Không phân tích code sâu;
116;v16.2.5;v16.2.15;doc/dev/release-process.rst;;M;M;178;126;FALSE;100644;100644;5a1a316af881636570c0ef63990484422f5d5acc;3750759b846b57fb2ab5726c7577df7a787ea081;15;15-upgrade-validation;P2;documentation;reference-only;Không phân tích code sâu;
117;v16.2.5;v16.2.15;doc/dev/vstart-ganesha.rst;;A;A;45;0;FALSE;0;100644;0;4e77deb8ba41c0030068837cd8ed72083da063ef;15;15-upgrade-validation;P2;documentation;reference-only;Không phân tích code sâu;
118;v16.2.5;v16.2.15;doc/glossary.rst;;M;M;392;144;FALSE;100644;100644;1460235649423343982f60b78e2321eb9eaadd7f;0ccbd37af266e904ec599f04d495c6f827d930b5;15;15-upgrade-validation;P2;documentation;reference-only;Không phân tích code sâu;
119;v16.2.5;v16.2.15;doc/images/keycloak-adduser.png;;A;A;;;TRUE;0;100644;0;03d9048f378370f566c8aa552534976b9cf54606;15;15-upgrade-validation;P2;binary/asset;reference-only;Không đọc nội dung sâu;
120;v16.2.5;v16.2.15;doc/images/keycloak-userclientmapper.png;;A;A;;;TRUE;0;100644;0;814b5e07e25cdc16184bfade36cb5c4e958872eb;15;15-upgrade-validation;P2;binary/asset;reference-only;Không đọc nội dung sâu;
121;v16.2.5;v16.2.15;doc/images/keycloak-usercredentials.png;;A;A;;;TRUE;0;100644;0;a01ab7922d67937880f4db983cdb6c45a6758773;15;15-upgrade-validation;P2;binary/asset;reference-only;Không đọc nội dung sâu;
122;v16.2.5;v16.2.15;doc/images/keycloak-userdetails.png;;A;A;;;TRUE;0;100644;0;3251a3907263179e0caeb45f223b8e2802fb57e0;15;15-upgrade-validation;P2;binary/asset;reference-only;Không đọc nội dung sâu;
123;v16.2.5;v16.2.15;doc/images/keycloak-usertags.png;;A;A;;;TRUE;0;100644;0;ee3fecf4817df377fb451b593dce89c5c1a61d2f;15;15-upgrade-validation;P2;binary/asset;reference-only;Không đọc nội dung sâu;
124;v16.2.5;v16.2.15;doc/images/zone-sync.svg;;M;M;10931;5776;FALSE;100644;100644;e0bcb0c5bb89daef77fb9ac11f19c0b603d25181;b73302f5c039138969f6d57d580ef8fac5cbea0c;15;15-upgrade-validation;P2;asset/data;reference-only;Không suy rủi ro từ LOC của asset;
125;v16.2.5;v16.2.15;doc/index.rst;;M;M;20;6;FALSE;100644;100644;954ee9da3059fea9f8f8cd991b60f6019846b95a;bda03d8ede21255727513dbf18ca6383967b59e3;15;15-upgrade-validation;P2;documentation;reference-only;Không phân tích code sâu;
126;v16.2.5;v16.2.15;doc/install/clone-source.rst;;M;M;131;37;FALSE;100644;100644;da62ee93fa679c47bb2dca9468b5f418173a5c55;2d09ef9ebabe3add55e50e10a311b0ea22781686;15;15-upgrade-validation;P2;documentation;reference-only;Không phân tích code sâu;
127;v16.2.5;v16.2.15;doc/install/containers.rst;;M;M;9;2;FALSE;100644;100644;2c4efd00ef18f38cd34346d824f8e054693de06c;49c976199a7ca92b4c7aead48f92720e5276bee1;15;15-upgrade-validation;P2;documentation;reference-only;Không phân tích code sâu;
128;v16.2.5;v16.2.15;doc/install/get-packages.rst;;M;M;2;1;FALSE;100644;100644;41130e4e4be4299d9d76f54dbafb3648d5603f2f;261815187a621a67a1f95f23a07586ebd0b96b06;15;15-upgrade-validation;P2;documentation;reference-only;Không phân tích code sâu;
129;v16.2.5;v16.2.15;doc/install/index.rst;;M;M;22;19;FALSE;100644;100644;841febbe348ffb4d7fb4798152dc77bad50ace60;853d1923728a082366a7bb8e027dec87db9da7bc;15;15-upgrade-validation;P2;documentation;reference-only;Không phân tích code sâu;
130;v16.2.5;v16.2.15;doc/man/8/ceph-objectstore-tool.rst;;M;M;4;2;FALSE;100644;100644;19acc5913201b0052381123e1d3003234c7c7a45;7d1e2219eb19deb2aa15396bd1ee1c51859fc41c;15;15-upgrade-validation;P2;documentation;reference-only;Không phân tích code sâu;
131;v16.2.5;v16.2.15;doc/man/8/ceph-osd.rst;;M;M;2;0;FALSE;100644;100644;3b6b2ad2b4c7225adc39c820adc4d30bc41cfcf8;2e9424b1103ce085a98e79a42cee80c3d5426a11;15;15-upgrade-validation;P2;documentation;reference-only;Không phân tích code sâu;
132;v16.2.5;v16.2.15;doc/man/8/ceph-rbdnamer.rst;;M;M;4;9;FALSE;100644;100644;123c6e2847005b908a3be7d35ce46efb638743e2;d31f6165828f72eb1922e716856c8f3af8561d4a;15;15-upgrade-validation;P2;documentation;reference-only;Không phân tích code sâu;
133;v16.2.5;v16.2.15;doc/man/8/ceph-volume.rst;;M;M;91;1;FALSE;100644;100644;b3c70a5567ba20515575f2727f2198e24a093a16;5a28695aea05445b2d8e7d73e4a512b187655604;15;15-upgrade-validation;P2;documentation;reference-only;Không phân tích code sâu;
134;v16.2.5;v16.2.15;doc/man/8/ceph.rst;;M;M;1;1;FALSE;100644;100644;7fefe58d692c3646d9ad88f2b3999fb109ba46b4;c913b45de9f2ccde845136453f850df8c82ded32;15;15-upgrade-validation;P2;documentation;reference-only;Không phân tích code sâu;
135;v16.2.5;v16.2.15;doc/man/8/cephadm.rst;;M;M;7;3;FALSE;100644;100644;db0c0698c37c0f92db6000ce063c5c0325a7090b;ebcc3a6a2719bfafd7a73306d0ad6c931505f6e0;8;08-cephadm-orchestrator;P2;documentation;reference-only;Không phân tích code sâu;
136;v16.2.5;v16.2.15;doc/man/8/cephfs-top.rst;;M;M;61;10;FALSE;100644;100644;bad687f9aa61fb02d1bbb7e10b3360078d69f567;fd18ada77ae06bb5a01bda3849179a04b6c8f33d;15;15-upgrade-validation;P2;documentation;reference-only;Không phân tích code sâu;
137;v16.2.5;v16.2.15;doc/man/8/crushtool.rst;;M;M;10;0;FALSE;100644;100644;82cbfce84b999691cf6f501bb46bd5b1ee6a3db8;31bb8272ebb8c3c958dabf6bb41d0720e3b5e273;15;15-upgrade-validation;P2;documentation;reference-only;Không phân tích code sâu;
138;v16.2.5;v16.2.15;doc/man/8/mount.ceph.rst;;M;M;10;0;FALSE;100644;100644;1c67a12f8fc45e13978e84f16131ad4b99156c11;41cbcaea2962ff0b20659fec95cd376d2c8ad930;15;15-upgrade-validation;P2;documentation;reference-only;Không phân tích code sâu;
139;v16.2.5;v16.2.15;doc/man/8/rados.rst;;M;M;2;2;FALSE;100644;100644;147313f146d6b848f6eb5cd9a5b32bbd98327cb2;0bbf4b87a774e4bf99f8487274ac53cbf6ef00c8;15;15-upgrade-validation;P2;documentation;reference-only;Không phân tích code sâu;
140;v16.2.5;v16.2.15;doc/man/8/rbd.rst;;M;M;28;2;FALSE;100644;100644;e4e0bca86913d28e1b970782f22c6c4dff521734;57423348dfa512dea93ddd5937173c3a840bd998;15;15-upgrade-validation;P2;documentation;reference-only;Không phân tích code sâu;
141;v16.2.5;v16.2.15;doc/mgr/administrator.rst;;M;M;18;1;FALSE;100644;100644;cfe84af14b93856fb01f829b5ccefb4c20b824d4;62294580a337c5a0539ab8f6fde1cede48b95729;7;07-mgr-modules-monitoring;P2;documentation;reference-only;Không phân tích code sâu;
142;v16.2.5;v16.2.15;doc/mgr/cli_api.rst;;A;A;39;0;FALSE;0;100644;0;81a99ae44ac184180a8fb57e018a719c90ceb7ee;7;07-mgr-modules-monitoring;P2;documentation;reference-only;Không phân tích code sâu;
143;v16.2.5;v16.2.15;doc/mgr/dashboard.rst;;M;M;450;323;FALSE;100644;100644;32d02fd4a6bec61553e8ada9ee9166a87c89e5d6;ca5dd7fb8bf348cd1786d62e41e605309e7d296b;7;07-mgr-modules-monitoring;P2;documentation;reference-only;Không phân tích code sâu;
144;v16.2.5;v16.2.15;doc/mgr/dashboard_plugins/debug.inc.rst;;M;M;21;4;FALSE;100644;100644;e11137cd258df902c97f1b195aeb37b5f585346d;883419cbf57c87458c95c3e91ee0cbb00232ffcd;7;07-mgr-modules-monitoring;P2;documentation;reference-only;Không phân tích code sâu;
145;v16.2.5;v16.2.15;doc/mgr/dashboard_plugins/feature_toggles.inc.rst;;M;M;14;4;FALSE;100644;100644;5153e7092c80f1450cb8f75e8da6bca1d4c990a5;7c96b0faaaf5b80a230c187cc5eefd2aa75bcd62;7;07-mgr-modules-monitoring;P2;documentation;reference-only;Không phân tích code sâu;
146;v16.2.5;v16.2.15;doc/mgr/dashboard_plugins/motd.inc.rst;;A;A;36;0;FALSE;0;100644;0;0f9cc199a9737dc09937c89009aae2ca84319632;7;07-mgr-modules-monitoring;P2;documentation;reference-only;Không phân tích code sâu;
147;v16.2.5;v16.2.15;doc/mgr/index.rst;;M;M;2;0;FALSE;100644;100644;0b03acfb9385a156e37bd9f415dab0332cf91f8a;66fa19f863944943efb5a9784815fdbbf341461e;7;07-mgr-modules-monitoring;P2;documentation;reference-only;Không phân tích code sâu;
148;v16.2.5;v16.2.15;doc/mgr/modules.rst;;M;M;1;0;FALSE;100644;100644;8979b4e6a537a3d18d53849f867fa367d8d617b1;9ac0d30f1afc89ef1f3f6ca1459588f376522d96;7;07-mgr-modules-monitoring;P2;documentation;reference-only;Không phân tích code sâu;
149;v16.2.5;v16.2.15;doc/mgr/nfs.rst;;A;A;636;0;FALSE;0;100644;0;a79d994ddb3818cfdd9da628607e23b9c5179262;7;07-mgr-modules-monitoring;P2;documentation;reference-only;Không phân tích code sâu;
150;v16.2.5;v16.2.15;doc/mgr/orchestrator.rst;;M;M;89;30;FALSE;100644;100644;ca35126bc2415441807c760947214d872c1e69cc;24704e5e1b3061021a9e7fcf3d97b58d4d76be05;7;07-mgr-modules-monitoring;P2;documentation;reference-only;Không phân tích code sâu;
151;v16.2.5;v16.2.15;doc/mgr/orchestrator_modules.rst;;M;M;7;0;FALSE;100644;100644;65e2e4981d1337c55531fa20788a31d52c08dac5;a28b43059d210d1b1a4bd72acdf1c6f9b612102f;7;07-mgr-modules-monitoring;P2;documentation;reference-only;Không phân tích code sâu;
152;v16.2.5;v16.2.15;doc/mgr/prometheus.rst;;M;M;144;33;FALSE;100644;100644;2c0fff5dcf7d87ed964943ae6db96b6b2c7c668e;13b8ff5cc7716701f309d7d4efe412487e5cac59;7;07-mgr-modules-monitoring;P2;documentation;reference-only;Không phân tích code sâu;
153;v16.2.5;v16.2.15;doc/mgr/rook.rst;;M;M;5;3;FALSE;100644;100644;483772e4911107bc2ba2dcc97f29a604e8edb34a;1ae369623197baaa82458e33555bf8bdeb30f07d;7;07-mgr-modules-monitoring;P2;documentation;reference-only;Không phân tích code sâu;
154;v16.2.5;v16.2.15;doc/mgr/telemetry.rst;;M;M;21;0;FALSE;100644;100644;6eaaa5c44923527dff8358faba139ead43ff6324;a2479c3f3ac0b62dc6d89d5d91f3cb1ec2d1f170;7;07-mgr-modules-monitoring;P2;documentation;reference-only;Không phân tích code sâu;
155;v16.2.5;v16.2.15;doc/rados/api/index.rst;;M;M;1;1;FALSE;100644;100644;5da6be5ebfff49e5fb993333780d1b510c31b3ed;63bc7222d807269d1dbfc5948d01fde3147ba310;15;15-upgrade-validation;P2;documentation;reference-only;Không phân tích code sâu;
156;v16.2.5;v16.2.15;doc/rados/api/libcephsqlite.rst;;M;M;16;0;FALSE;100644;100644;76ab306bb1b53a135df2674bb183287a809c75c3;beee4a466a34e840cce6f5b926c71c7739b2a3af;15;15-upgrade-validation;P2;documentation;reference-only;Không phân tích code sâu;
157;v16.2.5;v16.2.15;doc/rados/api/librados-intro.rst;;M;M;98;51;FALSE;100644;100644;6951476ae3a26f40448267c3d8c27f9bd9169c90;9bffa3114d1ad72de6ce2deb22de5aa4f729ef87;15;15-upgrade-validation;P2;documentation;reference-only;Không phân tích code sâu;
158;v16.2.5;v16.2.15;doc/rados/api/python.rst;;M;M;1;1;FALSE;100644;100644;c068e38f6a2fc53cacb08b43d104ef827d5acdd5;0c9cb9e98f115a1d77e731496ddfb2e48db83805;15;15-upgrade-validation;P2;documentation;reference-only;Không phân tích code sâu;
159;v16.2.5;v16.2.15;doc/rados/configuration/auth-config-ref.rst;;M;M;227;92;FALSE;100644;100644;4eeabea0d85a8443d698dc34a38ba5237bd28ee3;3240d83f4c181b0c3e746d71294bad043f14aefd;6;06-config-defaults;P2;documentation;reference-only;Không phân tích code sâu;
160;v16.2.5;v16.2.15;doc/rados/configuration/bluestore-config-ref.rst;;M;M;397;435;FALSE;100644;100644;5cd9a16a412df7890584e8746142bf597a364880;1e9b1a0da2546a85a6ec5b99a413f58651d379a3;6;06-config-defaults;P2;documentation;reference-only;Không phân tích code sâu;
161;v16.2.5;v16.2.15;doc/rados/configuration/ceph-conf.rst;;M;M;89;49;FALSE;100644;100644;07c84eddcc8e88543e18857b48867c2d739a9896;434e34c90301cf841844868819dfd320e0c82c05;6;06-config-defaults;P2;documentation;reference-only;Không phân tích code sâu;
162;v16.2.5;v16.2.15;doc/rados/configuration/common.rst;;M;M;101;98;FALSE;100644;100644;709c8bce2f5003b38e160f2678eed50c3e7fd3ee;174b35579a10174e2272a4472f663ef1ce06a16e;6;06-config-defaults;P2;documentation;reference-only;Không phân tích code sâu;
163;v16.2.5;v16.2.15;doc/rados/configuration/filestore-config-ref.rst;;M;M;86;77;FALSE;100644;100644;435a800a8814119cfb5b1a5823f140a51d8709fb;e06b5dc762e23279cfc279983071974cc5951691;6;06-config-defaults;P2;documentation;reference-only;Không phân tích code sâu;
164;v16.2.5;v16.2.15;doc/rados/configuration/index.rst;;M;M;7;6;FALSE;100644;100644;327259374abafec5f21f570ec26a4f11046b46de;414fcc6fa6b73809beb8db50742b698ea7256be6;6;06-config-defaults;P2;documentation;reference-only;Không phân tích code sâu;
165;v16.2.5;v16.2.15;doc/rados/configuration/mclock-config-ref.rst;;M;M;133;106;FALSE;100644;100644;0f773698f38242afa8c526ac0c9d82f83b4fa873;57905689538bf9097146ff5323d26c3523c4bb83;6;06-config-defaults;P2;documentation;reference-only;Không phân tích code sâu;
166;v16.2.5;v16.2.15;doc/rados/configuration/mon-config-ref.rst;;M;M;24;23;FALSE;100644;100644;02e9b6b79dc6441e8bc4bce14bdae08ea8b5edf5;cafcf2c3855d4d48834d9bc28727642ac40b31e1;6;06-config-defaults;P2;documentation;reference-only;Không phân tích code sâu;
167;v16.2.5;v16.2.15;doc/rados/configuration/mon-lookup-dns.rst;;M;M;10;6;FALSE;100644;100644;c9bece0040d2bf3dd9e5e2edd47f7dbf5778a709;d4105be3c56faffdfd01aa0ef840ee5de2169db3;6;06-config-defaults;P2;documentation;reference-only;Không phân tích code sâu;
168;v16.2.5;v16.2.15;doc/rados/configuration/ms-ref.rst;;M;M;0;13;FALSE;100644;100644;113bd09137bf8c02c3fb5ccf41dbfc334d1d3aff;6ccdebaf1c47592e311e7cc44e5938c8c553c26f;6;06-config-defaults;P2;documentation;reference-only;Không phân tích code sâu;
169;v16.2.5;v16.2.15;doc/rados/configuration/msgr2.rst;;M;M;10;6;FALSE;100644;100644;f9ed236c89c6c017aada37860b0a554709dfc45a;2f12f1d2656072cf507a9476e651ddca5515622a;6;06-config-defaults;P2;documentation;reference-only;Không phân tích code sâu;
170;v16.2.5;v16.2.15;doc/rados/configuration/network-config-ref.rst;;M;M;14;6;FALSE;100644;100644;e6b173dd2bdd72491e78e97bea85c5384710158c;97229a401203dd69a5935649c3a5f011dc06203f;6;06-config-defaults;P2;documentation;reference-only;Không phân tích code sâu;
171;v16.2.5;v16.2.15;doc/rados/configuration/osd-config-ref.rst;;M;M;2;0;FALSE;100644;100644;7f69b5e803bb2ac44b7927347e61cb4dc02701cd;c82673ff2efd36f4bed268217eefb7ef3818dfdb;6;06-config-defaults;P2;documentation;reference-only;Không phân tích code sâu;
172;v16.2.5;v16.2.15;doc/rados/configuration/pool-pg-config-ref.rst;;M;M;35;7;FALSE;100644;100644;b4b5df47802ad2e213c8291227e0ed6a79968538;3a1ff9b68f01e39293b4109772ac060ceaae9d0b;6;06-config-defaults;P2;documentation;reference-only;Không phân tích code sâu;
173;v16.2.5;v16.2.15;doc/rados/configuration/storage-devices.rst;;M;M;37;23;FALSE;100644;100644;e2526677867b3e8b26799d6cd85d1eb4886cab23;f576d568321e0590ef977fb5d74e9a262c0513dc;6;06-config-defaults;P2;documentation;reference-only;Không phân tích code sâu;
174;v16.2.5;v16.2.15;doc/rados/index.rst;;M;M;2;0;FALSE;100644;100644;27d1daad14e4d6b2fe7f0f9cd14541ea3406bf63;5f3f112e8544bab7711f6099dbe1bdaf3b5fb0fe;15;15-upgrade-validation;P2;documentation;reference-only;Không phân tích code sâu;
175;v16.2.5;v16.2.15;doc/rados/operations/add-or-rm-mons.rst;;M;M;109;48;FALSE;100644;100644;124076d6e4aeead6a8f94ea32d8b85d4acbcd2e7;359fa767642a6b7c6ebf5d0e71cdf8b4bec7648e;15;15-upgrade-validation;P2;documentation;reference-only;Không phân tích code sâu;
176;v16.2.5;v16.2.15;doc/rados/operations/add-or-rm-osds.rst;;M;M;114;69;FALSE;100644;100644;3361587acedb0a79f7e6fbb7b6ad97fa96b74806;3155528597aa420484186540fa85c94ddb000f8b;15;15-upgrade-validation;P2;documentation;reference-only;Không phân tích code sâu;
177;v16.2.5;v16.2.15;doc/rados/operations/balancer.rst;;M;M;168;85;FALSE;100644;100644;5146c23c2703b811069b5a1830f75dcf5d6222f3;e93b7e47b479d929c8b131556462397daece8c89;15;15-upgrade-validation;P2;documentation;reference-only;Không phân tích code sâu;
178;v16.2.5;v16.2.15;doc/rados/operations/bluestore-migration.rst;;M;M;213;150;FALSE;100644;100644;91a64c9314e7dec94c2cf5a958414d7cc2320b18;6324f775bd018e69629eb5987616193722f0701b;15;15-upgrade-validation;P2;documentation;reference-only;Không phân tích code sâu;
179;v16.2.5;v16.2.15;doc/rados/operations/cache-tiering.rst;;M;M;173;91;FALSE;100644;100644;8dec0ced6544329c1d1c1524f2318b14d83accc2;cd29b87d0cfa67c2c20f6d65bea31c2e6b9e1934;15;15-upgrade-validation;P2;documentation;reference-only;Không phân tích code sâu;
180;v16.2.5;v16.2.15;doc/rados/operations/change-mon-elections.rst;;M;M;20;10;FALSE;100644;100644;558e7d85b78fa7bca8c3248bf4712797445ddc84;eba730bdccae4be82d977cd4bacfec718fd5a2b4;15;15-upgrade-validation;P2;documentation;reference-only;Không phân tích code sâu;
181;v16.2.5;v16.2.15;doc/rados/operations/control.rst;;M;M;238;119;FALSE;100644;100644;126f72bc66eb6140659a309d2c187f5e9add9b41;839165ebee41bee4776edc9d08408e16abd1e500;15;15-upgrade-validation;P2;documentation;reference-only;Không phân tích code sâu;
182;v16.2.5;v16.2.15;doc/rados/operations/crush-map-edits.rst;;M;M;65;36;FALSE;100644;100644;aea48ae7d5bf1766e2f8e192f190987d6d428fdd;18553e47d70412db92eec3d5110e700878e5a8e5;15;15-upgrade-validation;P2;documentation;reference-only;Không phân tích code sâu;
183;v16.2.5;v16.2.15;doc/rados/operations/crush-map.rst;;M;M;149;80;FALSE;100644;100644;68c12d1d5f734516ccc08e8655f759c0d977a7b3;79a27adf285b79246e2915189fc5bc6d3ade79ac;15;15-upgrade-validation;P2;documentation;reference-only;Không phân tích code sâu;
184;v16.2.5;v16.2.15;doc/rados/operations/data-placement.rst;;M;M;33;29;FALSE;100644;100644;bd9bd7ec74639ae930aa7ea47e8471fcc351be0a;5e9b6d25d168cd5b2b63066d30e6455bf72387e9;15;15-upgrade-validation;P2;documentation;reference-only;Không phân tích code sâu;
185;v16.2.5;v16.2.15;doc/rados/operations/devices.rst;;M;M;142;88;FALSE;100644;100644;d404c3f10e776dca9bc12a94ae993b7a039aa6ce;f92f622d53003f9cb32213e27d1bdc893cc4da61;15;15-upgrade-validation;P2;documentation;reference-only;Không phân tích code sâu;
186;v16.2.5;v16.2.15;doc/rados/operations/erasure-code-clay.rst;;M;M;23;18;FALSE;100644;100644;a9bb03126820eb7acf355f82698e75f7e35fa7d9;1cffa32f56efa858ac474d1c24f267c86ca5a968;15;15-upgrade-validation;P2;documentation;reference-only;Không phân tích code sâu;
187;v16.2.5;v16.2.15;doc/rados/operations/erasure-code-isa.rst;;M;M;14;12;FALSE;100644;100644;79584619bd631d95ac84b6b40c730ec8404b0e0c;9a43f89a2cbbe7fc501cc2f34c35689360bef790;15;15-upgrade-validation;P2;documentation;reference-only;Không phân tích code sâu;
188;v16.2.5;v16.2.15;doc/rados/operations/erasure-code-jerasure.rst;;M;M;19;15;FALSE;100644;100644;878bcac5cb633b4c441e81365694a1774bfd1319;8a0207748ae0e69ea4e6e707aeffa9a36f2e936b;15;15-upgrade-validation;P2;documentation;reference-only;Không phân tích code sâu;
189;v16.2.5;v16.2.15;doc/rados/operations/erasure-code-lrc.rst;;M;M;94;77;FALSE;100644;100644;b481b3d44c11aa4e3239a52b2c37f55c96314525;5329603b9cb779ace02de62bb3030c5615a6204c;15;15-upgrade-validation;P2;documentation;reference-only;Không phân tích code sâu;
190;v16.2.5;v16.2.15;doc/rados/operations/erasure-code-shec.rst;;M;M;7;4;FALSE;100644;100644;b2157f780dd7cf380d8b98886d2aea83d75b0a21;4e8f59b0b54bab6ad1879a66045591fd11bc62a4;15;15-upgrade-validation;P2;documentation;reference-only;Không phân tích code sâu;
191;v16.2.5;v16.2.15;doc/rados/operations/erasure-code.rst;;M;M;157;97;FALSE;100644;100644;ddbea214ba5dab7b03434b1579982496ef93a483;8befed9e8b3d7ad3fcf3843e8ec43df7b6e9a140;15;15-upgrade-validation;P2;documentation;reference-only;Không phân tích code sâu;
192;v16.2.5;v16.2.15;doc/rados/operations/health-checks.rst;;M;M;1004;703;FALSE;100644;100644;a7dd468c181f5a7ec5710b2b31ca6a4603817583;b0b768c22a82130cd71ca800258e4ee460a5afda;15;15-upgrade-validation;P2;documentation;reference-only;Không phân tích code sâu;
193;v16.2.5;v16.2.15;doc/rados/operations/index.rst;;M;M;2;0;FALSE;100644;100644;c8dff51a1fbc682e3aa29ba814e866a51f76f83c;2136918c724cf631ce789558d9ed9222a782b181;15;15-upgrade-validation;P2;documentation;reference-only;Không phân tích code sâu;
194;v16.2.5;v16.2.15;doc/rados/operations/monitoring-osd-pg.rst;;M;M;334;304;FALSE;100644;100644;86b85e7b48d574d53b852902f99a2b70028d0221;b1bf416485fc770fe5a86011fe9a5d2992e3fc62;15;15-upgrade-validation;P2;documentation;reference-only;Không phân tích code sâu;
195;v16.2.5;v16.2.15;doc/rados/operations/monitoring.rst;;M;M;308;255;FALSE;100644;100644;d38dc088de0549b50cf8388de04f523bf0f692e1;e8e709f233738145117c291353026d70e11fb0d3;15;15-upgrade-validation;P2;documentation;reference-only;Không phân tích code sâu;
196;v16.2.5;v16.2.15;doc/rados/operations/operating.rst;;M;M;81;63;FALSE;100644;100644;ab10990f39ba25fef1a168e1e1a44bf8f08d506b;0dcac1409806cd3a340161b0e357d7dab81a9cb5;15;15-upgrade-validation;P2;documentation;reference-only;Không phân tích code sâu;
197;v16.2.5;v16.2.15;doc/rados/operations/pg-concepts.rst;;M;M;2;0;FALSE;100644;100644;636d6bf9a1e5b5b933769e1424488842a198c551;83062b53a1d9442f25812972019710aa06aa19ce;15;15-upgrade-validation;P2;documentation;reference-only;Không phân tích code sâu;
198;v16.2.5;v16.2.15;doc/rados/operations/pg-repair.rst;;M;M;87;36;FALSE;100644;100644;5dcfe63ad055c1d8ee5a2f8e51b9272c010515e4;51afcd4409636e419c0e1ed2e8f51b3daea2defc;15;15-upgrade-validation;P2;documentation;reference-only;Không phân tích code sâu;
199;v16.2.5;v16.2.15;doc/rados/operations/placement-groups.rst;;M;M;191;68;FALSE;100644;100644;699c26f8e30b9a85ad659d595d66c0814bc3ee7b;d51f8d76ea43ba9c8937ba1fdb62cc35d4354333;15;15-upgrade-validation;P2;documentation;reference-only;Không phân tích code sâu;
200;v16.2.5;v16.2.15;doc/rados/operations/pools.rst;;M;M;127;66;FALSE;100644;100644;1a12fc16a7297ff7d0a7cac83ea9d1983ddee615;b44c484605bfe777b5c29f192463f3b46c1af2a8;15;15-upgrade-validation;P2;documentation;reference-only;Không phân tích code sâu;
201;v16.2.5;v16.2.15;doc/rados/operations/stretch-mode.rst;;M;M;235;153;FALSE;100644;100644;5c12070357824722404b2226da7126fe7a553443;f797b5b91f4cb71eee3264429ab22382c6243397;15;15-upgrade-validation;P2;documentation;reference-only;Không phân tích code sâu;
202;v16.2.5;v16.2.15;doc/rados/operations/upmap.rst;;M;M;73;56;FALSE;100644;100644;6e7ce5f639457f29982008b58df3516bca8b8bfa;8cce1cf8ef994d6debc4c17591de079bec10c7a1;15;15-upgrade-validation;P2;documentation;reference-only;Không phân tích code sâu;
203;v16.2.5;v16.2.15;doc/rados/operations/user-management.rst;;M;M;430;361;FALSE;100644;100644;67897448c4e1ae8c8b64a3ec967f4184c8dcf2ea;0a8ab6b156485a94ef31ba8a871a6bce3a378689;15;15-upgrade-validation;P2;documentation;reference-only;Không phân tích code sâu;
204;v16.2.5;v16.2.15;doc/rados/troubleshooting/troubleshooting-mon.rst;;M;M;4;0;FALSE;100644;100644;48e3483916c07b1c09b28e29b3e74c82b5443d0f;dc575f761a63c36e2dd087f015348133eff5169e;15;15-upgrade-validation;P2;documentation;reference-only;Không phân tích code sâu;
205;v16.2.5;v16.2.15;doc/rados/troubleshooting/troubleshooting-pg.rst;;M;M;2;0;FALSE;100644;100644;60796b4a8a416746cfb301d8ed8f33de2656759f;f5e5054ba2f7fe209da2fb04c5edbbd09f92281b;15;15-upgrade-validation;P2;documentation;reference-only;Không phân tích code sâu;
206;v16.2.5;v16.2.15;doc/radosgw/STS.rst;;M;M;26;5;FALSE;100644;100644;d843ea5d37c1a7d9bdc5e8f69ee9b484c497c115;1678f86d54f200437b843f954e8ba02554e127ba;12;12-rgw;P2;documentation;reference-only;Không phân tích code sâu;
207;v16.2.5;v16.2.15;doc/radosgw/STSLite.rst;;M;M;1;1;FALSE;100644;100644;bccc1694e4767ddff197f67453349541a8c40432;63164e48d3b7531fd061059477420029b2b236ba;12;12-rgw;P2;documentation;reference-only;Không phân tích code sâu;
208;v16.2.5;v16.2.15;doc/radosgw/config-ref.rst;;M;M;7;0;FALSE;100644;100644;e9d419fd3c064795f080a38962b6f9694ea3e457;1ed6085a6c76791379964ac3655c32f63a4b3ed4;12;12-rgw;P2;documentation;reference-only;Không phân tích code sâu;
209;v16.2.5;v16.2.15;doc/radosgw/dynamicresharding.rst;;M;M;3;2;FALSE;100644;100644;a7698e7bbc9325d49ffe6ed3eea4e35b9eb4fc56;277a8878edbcf8dc1affb5c64fb64eff1c75057a;12;12-rgw;P2;documentation;reference-only;Không phân tích code sâu;
210;v16.2.5;v16.2.15;doc/radosgw/frontends.rst;;M;M;41;0;FALSE;100644;100644;e4a013590851c06fbe815352bd7e551c42d94791;e1aa1571a7f030cfd703160d6c3fa1d4757eb13d;12;12-rgw;P2;documentation;reference-only;Không phân tích code sâu;
211;v16.2.5;v16.2.15;doc/radosgw/index.rst;;M;M;11;9;FALSE;100644;100644;e9d30a43281960ef3e493a62f1e758203414fba3;efdb12d2827fdaa9aba29c1b47cb2579f37c42a6;12;12-rgw;P2;documentation;reference-only;Không phân tích code sâu;
212;v16.2.5;v16.2.15;doc/radosgw/keycloak.rst;;M;M;100;15;FALSE;100644;100644;ccb156d20da549533bcc3113a4ac4d3d7614d79b;ec285a62f3f0c0da81225ed333b3f920cf105714;12;12-rgw;P2;documentation;reference-only;Không phân tích code sâu;
213;v16.2.5;v16.2.15;doc/radosgw/layout.rst;;M;M;1;1;FALSE;100644;100644;6ee0bc2a8ed6c424c728866ae5e95fa57cb31d45;37c3a72cd6e42d768ac122a31cf9275094c54d26;12;12-rgw;P2;documentation;reference-only;Không phân tích code sâu;
214;v16.2.5;v16.2.15;doc/radosgw/multisite-sync-policy.rst;;M;M;2;0;FALSE;100644;100644;56342473ce845a1dd6371e398ae6e2eb2cb082b0;ba5d10ef5f53619b27372b8ba12f90e5841f59cd;12;12-rgw;P2;documentation;reference-only;Không phân tích code sâu;
215;v16.2.5;v16.2.15;doc/radosgw/multisite.rst;;M;M;881;691;FALSE;100644;100644;fc859594568f7f0acf640f24fbfe1a5c938507e5;5421ce5438a52fb1718fd4568d48a6db73432cab;12;12-rgw;P2;documentation;reference-only;Không phân tích code sâu;
216;v16.2.5;v16.2.15;doc/radosgw/nfs.rst;;M;M;20;15;FALSE;100644;100644;853d0ec6e79877daec584c4e2288bc2082d48aeb;0a506599ae71e41f6efcfb5375e7bac29c4eb7b7;12;12-rgw;P2;documentation;reference-only;Không phân tích code sâu;
217;v16.2.5;v16.2.15;doc/radosgw/notifications.rst;;M;M;213;123;FALSE;100644;100644;d4b5069a8afba833cda48a5aa61ae9de3e52fb2a;b011adc0107390ca1dba4fd0f3ee32fc2b919c39;12;12-rgw;P2;documentation;reference-only;Không phân tích code sâu;
218;v16.2.5;v16.2.15;doc/radosgw/placement.rst;;M;M;12;0;FALSE;100644;100644;4931cc87d384e60d1acc69e813286a96bdbfc00b;cf9a8b664a74e07d1df1975114b1c560b3b99051;12;12-rgw;P2;documentation;reference-only;Không phân tích code sâu;
219;v16.2.5;v16.2.15;doc/radosgw/pools.rst;;M;M;1;1;FALSE;100644;100644;a9b00eac1d62edea8295b6ad660c43d3b623a177;bb1246c1fcac922ef33133858967108686ca5159;12;12-rgw;P2;documentation;reference-only;Không phân tích code sâu;
220;v16.2.5;v16.2.15;doc/radosgw/role.rst;;M;M;112;1;FALSE;100644;100644;4511e2fe13311462f662085102cffdf29c6498d3;2e2697f57c831065dcab854f9b63bb6a342bc37a;12;12-rgw;P2;documentation;reference-only;Không phân tích code sâu;
221;v16.2.5;v16.2.15;doc/radosgw/s3-notification-compatibility.rst;;M;M;8;0;FALSE;100644;100644;6a6538aec402419c86674a2132b9b33e77701fdc;09054bed39245a87d20ac5eed064d1a4a05eb8ed;12;12-rgw;P2;documentation;reference-only;Không phân tích code sâu;
222;v16.2.5;v16.2.15;doc/radosgw/s3.rst;;M;M;2;0;FALSE;100644;100644;9d23bfcb1981839d607ceec5ffdf637fd45986ef;2eeb70ca34cd2245105caf04f2824092309a4507;12;12-rgw;P2;documentation;reference-only;Không phân tích code sâu;
223;v16.2.5;v16.2.15;doc/radosgw/s3select.rst;;M;M;46;28;FALSE;100644;100644;faee08e265e8b9ed73146846b66b3e59dc946ec7;83d2df47feabbcd7b7f09b5efe57d4d100acde8b;12;12-rgw;P2;documentation;reference-only;Không phân tích code sâu;
224;v16.2.5;v16.2.15;doc/radosgw/session-tags.rst;;A;A;427;0;FALSE;0;100644;0;bc3545966b4dc51f91f5e3e7f5bf1c1cd9da8cac;12;12-rgw;P2;documentation;reference-only;Không phân tích code sâu;
225;v16.2.5;v16.2.15;doc/radosgw/vault.rst;;M;M;13;0;FALSE;100644;100644;840bc5a09b59aed32e671e3a1afcc3138c5ee950;0f3cb8fd12105ff7883e3493f973a310ccb015c7;12;12-rgw;P2;documentation;reference-only;Không phân tích code sâu;
226;v16.2.5;v16.2.15;doc/rbd/iscsi-initiator-linux.rst;;M;M;55;28;FALSE;100644;100644;ba374c40c9fcc00b077797e640e769e767517df6;5c9f69a0ebb26475613b7d59b23e8d4af1ed4452;10;10-rados-rbd-clients;P2;documentation;reference-only;Không phân tích code sâu;
227;v16.2.5;v16.2.15;doc/rbd/iscsi-overview.rst;;M;M;17;13;FALSE;100644;100644;69085ddc3b841f38c664a3aab59d0a48dbe1c0de;879083c3f671b614ac66057dd33d751cb224095f;10;10-rados-rbd-clients;P2;documentation;reference-only;Không phân tích code sâu;
228;v16.2.5;v16.2.15;doc/rbd/rados-rbd-cmds.rst;;M;M;207;105;FALSE;100644;100644;d74efe7099f5769a6c130c9d46fdfb124b0aece2;0bbcb261160dd56a888c6f3c49490db537932165;10;10-rados-rbd-clients;P2;documentation;reference-only;Không phân tích code sâu;
229;v16.2.5;v16.2.15;doc/rbd/rbd-exclusive-locks.rst;;M;M;85;64;FALSE;100644;100644;f02d6d48f4492afaccd04f0142d5cfa85b5b3630;6f03abb6de28c489f1bdbcc1b4754530253af3f6;10;10-rados-rbd-clients;P2;documentation;reference-only;Không phân tích code sâu;
230;v16.2.5;v16.2.15;doc/rbd/rbd-mirroring.rst;;M;M;1;1;FALSE;100644;100644;300cb98d4c3dbf277dd45d7f14759812fbf47c1f;d5d1191d63e4f9e5fb3841eacee93a9c7d01c4c3;10;10-rados-rbd-clients;P2;documentation;reference-only;Không phân tích code sâu;
231;v16.2.5;v16.2.15;doc/rbd/rbd-persistent-read-only-cache.rst;;M;M;21;20;FALSE;100644;100644;589b8af7fc3ab8d51135d4b51fe2cec6a78e6037;5bef7f592008cc00a2eb905c4b1cd4836206c530;10;10-rados-rbd-clients;P2;documentation;reference-only;Không phân tích code sâu;
232;v16.2.5;v16.2.15;doc/rbd/rbd-persistent-write-back-cache.rst;;M;M;41;16;FALSE;100644;100644;db91e0697f16834d6b806cf76bedb61c3eb90f5f;8066014e997b0b74a99fcbf95382f8de3b54cdb2;10;10-rados-rbd-clients;P2;documentation;reference-only;Không phân tích code sâu;
233;v16.2.5;v16.2.15;doc/rbd/rbd-snapshot.rst;;M;M;188;137;FALSE;100644;100644;701acec2f3ad135b4b641cb36c87d3afb6309372;765a1555b40d63f8ced31559924b8601c3d72755;10;10-rados-rbd-clients;P2;documentation;reference-only;Không phân tích code sâu;
234;v16.2.5;v16.2.15;doc/releases/archived-index.rst;;D;D;0;20;FALSE;100644;0;15eeed8a50cf2a70c92b093a93e23c01c87061af;0;15;15-upgrade-validation;P2;release-note;support;Đọc hỗ trợ để lần issue/commit;
235;v16.2.5;v16.2.15;doc/releases/argonaut.rst;;D;D;0;177;FALSE;100644;0;4c2806244ea3f3b99f98767e935fadcf779a9555;0;15;15-upgrade-validation;P2;release-note;support;Đọc hỗ trợ để lần issue/commit;
236;v16.2.5;v16.2.15;doc/releases/bobtail.rst;;D;D;0;539;FALSE;100644;0;d6e0b0e36278f50e5cbb32b84e22a44512623602;0;15;15-upgrade-validation;P2;release-note;support;Đọc hỗ trợ để lần issue/commit;
237;v16.2.5;v16.2.15;doc/releases/cuttlefish.rst;;D;D;0;712;FALSE;100644;0;ac0597183a91a4190b8922fd1d3c00d3e927ac7d;0;15;15-upgrade-validation;P2;release-note;support;Đọc hỗ trợ để lần issue/commit;
238;v16.2.5;v16.2.15;doc/releases/dumpling.rst;;D;D;0;940;FALSE;100644;0;32febd677810ea3d7cfbf9b857312e84734ab5ef;0;15;15-upgrade-validation;P2;release-note;support;Đọc hỗ trợ để lần issue/commit;
239;v16.2.5;v16.2.15;doc/releases/emperor.rst;;D;D;0;647;FALSE;100644;0;20823f51f8011b6e4172812fedee1f54e31a7f72;0;15;15-upgrade-validation;P2;release-note;support;Đọc hỗ trợ để lần issue/commit;
240;v16.2.5;v16.2.15;doc/releases/firefly.rst;;D;D;0;1780;FALSE;100644;0;5847bd1b9e52c565f8d7bf24bdaec822726385bd;0;15;15-upgrade-validation;P2;release-note;support;Đọc hỗ trợ để lần issue/commit;
241;v16.2.5;v16.2.15;doc/releases/general.rst;;D;D;0;295;FALSE;100644;0;be1ee9b4e9105e617fbb00bb6ec39c523c547c35;0;15;15-upgrade-validation;P2;release-note;support;Đọc hỗ trợ để lần issue/commit;
242;v16.2.5;v16.2.15;doc/releases/giant.rst;;D;D;0;1278;FALSE;100644;0;d6ee8c097d83d535929247cd2605c2843741b25b;0;15;15-upgrade-validation;P2;release-note;support;Đọc hỗ trợ để lần issue/commit;
243;v16.2.5;v16.2.15;doc/releases/hammer.rst;;D;D;0;2318;FALSE;100644;0;06dd17c9bf647fc33b4796739d666d726d5c7c60;0;15;15-upgrade-validation;P2;release-note;support;Đọc hỗ trợ để lần issue/commit;
244;v16.2.5;v16.2.15;doc/releases/index.rst;;D;D;0;25;FALSE;100644;0;fbe950be14abe1e04ca8f81f55532f73bede45ef;0;15;15-upgrade-validation;P2;release-note;support;Đọc hỗ trợ để lần issue/commit;
245;v16.2.5;v16.2.15;doc/releases/infernalis.rst;;D;D;0;1526;FALSE;100644;0;14b756c0aff4b174f233e8c6bd4a2f323db5f3cb;0;15;15-upgrade-validation;P2;release-note;support;Đọc hỗ trợ để lần issue/commit;
246;v16.2.5;v16.2.15;doc/releases/jewel.rst;;D;D;0;3376;FALSE;100644;0;6bd0d8c37c745183988627e73eea04af4389db69;0;15;15-upgrade-validation;P2;release-note;support;Đọc hỗ trợ để lần issue/commit;
247;v16.2.5;v16.2.15;doc/releases/kraken.rst;;D;D;0;2329;FALSE;100644;0;3e6774e7ab65866bdd2d79402fa9e5e804bd1db6;0;15;15-upgrade-validation;P2;release-note;support;Đọc hỗ trợ để lần issue/commit;
248;v16.2.5;v16.2.15;doc/releases/luminous.rst;;D;D;0;5545;FALSE;100644;0;4c20d7f57637f8874d002f859a60ee5625c94f2f;0;15;15-upgrade-validation;P2;release-note;support;Đọc hỗ trợ để lần issue/commit;
249;v16.2.5;v16.2.15;doc/releases/mimic.rst;;D;D;0;4468;FALSE;100644;0;e98261c1192a0effb18aa25376726ea08a1042e2;0;15;15-upgrade-validation;P2;release-note;support;Đọc hỗ trợ để lần issue/commit;
250;v16.2.5;v16.2.15;doc/releases/nautilus.rst;;D;D;0;4714;FALSE;100644;0;e52285753fa6a81ee4bc03cc8c2a9f45ac54ff18;0;15;15-upgrade-validation;P2;release-note;support;Đọc hỗ trợ để lần issue/commit;
251;v16.2.5;v16.2.15;doc/releases/octopus.rst;;D;D;0;5236;FALSE;100644;0;a8b24865ea1633f41935d700bbe39f4bb41561ef;0;15;15-upgrade-validation;P2;release-note;support;Đọc hỗ trợ để lần issue/commit;
252;v16.2.5;v16.2.15;doc/releases/releases.yml;;M;M;26;0;FALSE;100644;100644;44cbfdcec93a12444d8ed51d05ef6e1706abeeca;ae7767156554c67db554b71b5a1c00adb8468bfd;15;15-upgrade-validation;P2;release-note;support;Đọc hỗ trợ để lần issue/commit;
253;v16.2.5;v16.2.15;doc/security/CVE-2021-20288.rst;;A;A;183;0;FALSE;0;100644;0;fa3b073cb858dc79523dfab293b1d8fc5d6f8ddb;14;14-security-cross-reference;P1;documentation;reference-only;Không phân tích code sâu;
254;v16.2.5;v16.2.15;doc/security/CVE-2021-3509.rst;;A;A;28;0;FALSE;0;100644;0;7e865e9b247fc7c9e427252ff2e2f6bb5033cb68;14;14-security-cross-reference;P1;documentation;reference-only;Không phân tích code sâu;
255;v16.2.5;v16.2.15;doc/security/CVE-2021-3524.rst;;A;A;30;0;FALSE;0;100644;0;4d627c07176c7834bd81c3866355c249fc4d0bed;14;14-security-cross-reference;P1;documentation;reference-only;Không phân tích code sâu;
256;v16.2.5;v16.2.15;doc/security/CVE-2021-3531.rst;;A;A;28;0;FALSE;0;100644;0;907cb4764053249db1dc5bbfcb822028ef1cad9c;14;14-security-cross-reference;P1;documentation;reference-only;Không phân tích code sâu;
257;v16.2.5;v16.2.15;doc/security/CVE-2022-0670.rst;;A;A;43;0;FALSE;0;100644;0;e7863d1d91018d8564fe2d6530372fab51f61b3d;14;14-security-cross-reference;P1;documentation;reference-only;Không phân tích code sâu;
258;v16.2.5;v16.2.15;doc/security/cves.rst;;A;A;114;0;FALSE;0;100644;0;8bbccbf64d6ea4a04dd4a60470100029df6eadad;14;14-security-cross-reference;P1;documentation;reference-only;Không phân tích code sâu;
259;v16.2.5;v16.2.15;doc/security/index.rst;;A;A;44;0;FALSE;0;100644;0;682d73d24fe2befdc261f717d3ad958fd977f52a;14;14-security-cross-reference;P1;documentation;reference-only;Không phân tích code sâu;
260;v16.2.5;v16.2.15;doc/security/process.rst;;A;A;48;0;FALSE;0;100644;0;c8a2031ca47c19670a1097840942a9065ef07e08;14;14-security-cross-reference;P1;documentation;reference-only;Không phân tích code sâu;
261;v16.2.5;v16.2.15;doc/start/documenting-ceph.rst;;M;M;485;73;FALSE;100644;100644;fa528a647375bf20699da49db611f90715643954;d6839f60a4622e02045002e262fa31bb9d333dce;15;15-upgrade-validation;P2;documentation;reference-only;Không phân tích code sâu;
262;v16.2.5;v16.2.15;doc/start/get-involved.rst;;M;M;3;2;FALSE;100644;100644;bc83f9899347cb8262b9f173ebba3fd6c91ab8b8;c29fde160c62b823ca1211575196ecf3bc115fa0;15;15-upgrade-validation;P2;documentation;reference-only;Không phân tích code sâu;
263;v16.2.5;v16.2.15;doc/start/hardware-recommendations.rst;;M;M;298;154;FALSE;100644;100644;d11447f04cae5b05f69f1545ff6dc37c238cb2c4;bf8eca4ba5df75a38d09981e3514a7c3f215a6d3;15;15-upgrade-validation;P2;documentation;reference-only;Không phân tích code sâu;
264;v16.2.5;v16.2.15;doc/start/intro.rst;;M;M;25;15;FALSE;100644;100644;8d7c79887f7f646b052b00ec65030170f3d64ec7;1acdd65a2436e612c8f14221cf887c1b13f4ca1b;15;15-upgrade-validation;P2;documentation;reference-only;Không phân tích code sâu;
265;v16.2.5;v16.2.15;doc/start/os-recommendations.rst;;M;M;28;114;FALSE;100644;100644;cef6b366fd2bd684813a07901defe77cfac395a9;98cef7820fd5a610bfc6790846a1c1e21d3d0c3e;15;15-upgrade-validation;P2;documentation;reference-only;Không phân tích code sâu;
266;v16.2.5;v16.2.15;doc_deps.deb.txt;;M;M;1;2;FALSE;100644;100644;4bfff0f205be30e249db2b968e9cac9ebe0da6eb;e2eb80a2f4047468fc064d917a1901e9aa924ec8;13;13-build-packaging-submodules;P1;build/package;deep;Đọc sâu khi ảnh hưởng build, package, quyền hoặc service: build, packaging, systemd, dependency và submodule.;
267;v16.2.5;v16.2.15;examples/boto3/README.md;;M;M;0;5;FALSE;100644;100644;be6799da9c2aad547a5efc8da4b794df31da62b2;52f43746d980fb80a0e4e818da055410c87970a1;15;15-upgrade-validation;P2;documentation;reference-only;Không phân tích code sâu;
268;v16.2.5;v16.2.15;install-deps.sh;;M;M;111;34;FALSE;100755;100755;73242df8fb8ba4b11b8be114dbdd076fd648f0b1;7e137d687f105ca802af874e2b2ceda45951a067;13;13-build-packaging-submodules;P1;build/package;deep;Đọc sâu khi ảnh hưởng build, package, quyền hoặc service: build, packaging, systemd, dependency và submodule.;
269;v16.2.5;v16.2.15;make-debs.sh;;M;M;9;9;FALSE;100755;100755;5a7ca1aff5c8bd5932a656393b3066ed530350af;ed79df777e5d2ca6965222cb1bfe407598c97701;13;13-build-packaging-submodules;P1;build/package;deep;Đọc sâu khi ảnh hưởng build, package, quyền hoặc service: build, packaging, systemd, dependency và submodule.;
270;v16.2.5;v16.2.15;make-dist;;M;M;24;4;FALSE;100755;100755;2e97a1a12705ab11f295e1b104b55993d4303de1;9765b0b03b4b48de3d306128ca9107bb08979485;13;13-build-packaging-submodules;P1;build/package;deep;Đọc sâu khi ảnh hưởng build, package, quyền hoặc service: build, packaging, systemd, dependency và submodule.;
271;v16.2.5;v16.2.15;monitoring/ceph-mixin/.gitignore;;A;A;1;0;FALSE;0;100644;0;22d0d82f8095e9c0ed572776afb47f9ca293ce00;7;07-mgr-modules-monitoring;P1;runtime/source;deep;Chọn đọc sâu theo nhóm: implementation thuộc MGR, dashboard, module, metrics, alerts và monitoring.;
272;v16.2.5;v16.2.15;monitoring/ceph-mixin/.pylintrc;;A;A;1;0;FALSE;0;120000;0;26d91e4cd8665eebdf90ca5a698c654c757bc558;7;07-mgr-modules-monitoring;P1;runtime/source;deep;Chọn đọc sâu theo nhóm: implementation thuộc MGR, dashboard, module, metrics, alerts và monitoring.;
273;v16.2.5;v16.2.15;monitoring/ceph-mixin/CMakeLists.txt;;A;A;58;0;FALSE;0;100644;0;411cfb970d0d1b80c06c966d61ec9b0fce3ef6e1;7;07-mgr-modules-monitoring;P1;build/package;deep;Đọc sâu khi ảnh hưởng build, package, quyền hoặc service: MGR, dashboard, module, metrics, alerts và monitoring.;
274;v16.2.5;v16.2.15;monitoring/ceph-mixin/Makefile;;A;A;24;0;FALSE;0;100644;0;0cb7aa5393c297298a7cba78e47ede5a37c4fabc;7;07-mgr-modules-monitoring;P1;build/package;deep;Đọc sâu khi ảnh hưởng build, package, quyền hoặc service: MGR, dashboard, module, metrics, alerts và monitoring.;
275;v16.2.5;v16.2.15;monitoring/ceph-mixin/README.md;;A;A;76;0;FALSE;0;100644;0;4772021939ef7736def6ebbf0be88d34204c0d59;7;07-mgr-modules-monitoring;P2;documentation;reference-only;Không phân tích code sâu;
276;v16.2.5;v16.2.15;monitoring/ceph-mixin/alerts.jsonnet;;A;A;1;0;FALSE;0;100644;0;43826eedd21d963aaa326fcd9df93fcdf87a4893;7;07-mgr-modules-monitoring;P1;monitoring;conditional;Đọc theo điều kiện vận hành;
277;v16.2.5;v16.2.15;monitoring/ceph-mixin/alerts.libsonnet;;A;A;4;0;FALSE;0;100644;0;c2d39e2d33302080eeac151e388f7a487e609f68;7;07-mgr-modules-monitoring;P1;monitoring;conditional;Đọc theo điều kiện vận hành;
278;v16.2.5;v16.2.15;monitoring/ceph-mixin/config.libsonnet;;A;A;11;0;FALSE;0;100644;0;7ee1210b043310cf23652ebc95191e43ac4b9252;7;07-mgr-modules-monitoring;P1;monitoring;conditional;Đọc theo điều kiện vận hành;
279;v16.2.5;v16.2.15;monitoring/ceph-mixin/dashboards.jsonnet;;A;A;6;0;FALSE;0;100644;0;9d913ed3f18c4be7f7ac8da35c6ebb0a09b52d49;7;07-mgr-modules-monitoring;P1;monitoring;conditional;Đọc theo điều kiện vận hành;
280;v16.2.5;v16.2.15;monitoring/ceph-mixin/dashboards.libsonnet;;A;A;10;0;FALSE;0;100644;0;5cae183294f98d15fa88c5e91cd0baa13c857116;7;07-mgr-modules-monitoring;P1;monitoring;conditional;Đọc theo điều kiện vận hành;
281;v16.2.5;v16.2.15;monitoring/ceph-mixin/dashboards/cephfs.libsonnet;;A;A;89;0;FALSE;0;100644;0;d12d9f4ddc10b3e9447df807bd8ad921057819d0;7;07-mgr-modules-monitoring;P1;monitoring;conditional;Đọc theo điều kiện vận hành;
282;v16.2.5;v16.2.15;monitoring/ceph-mixin/dashboards/host.libsonnet;;A;A;748;0;FALSE;0;100644;0;4fd35c3ede4d3594f1b80d304cdd05f1d1c0b7d0;7;07-mgr-modules-monitoring;P1;monitoring;conditional;Đọc theo điều kiện vận hành;
283;v16.2.5;v16.2.15;monitoring/ceph-mixin/dashboards/osd.libsonnet;;A;A;618;0;FALSE;0;100644;0;0015c7f398bd13e26c4b635e7b30de2c1e9fc705;7;07-mgr-modules-monitoring;P1;monitoring;conditional;Đọc theo điều kiện vận hành;
284;v16.2.5;v16.2.15;monitoring/ceph-mixin/dashboards/pool.libsonnet;;A;A;552;0;FALSE;0;100644;0;6444335d9cf554ae479cd07b3798a8b827b33e05;7;07-mgr-modules-monitoring;P1;monitoring;conditional;Đọc theo điều kiện vận hành;
285;v16.2.5;v16.2.15;monitoring/ceph-mixin/dashboards/rbd.libsonnet;;A;A;337;0;FALSE;0;100644;0;709d4e04f7e9e34524cf85eed325389fdfc812ae;7;07-mgr-modules-monitoring;P1;monitoring;conditional;Đọc theo điều kiện vận hành;
286;v16.2.5;v16.2.15;monitoring/ceph-mixin/dashboards/rgw.libsonnet;;A;A;872;0;FALSE;0;100644;0;49dcf915688440340d03feff79a091f9b810c480;7;07-mgr-modules-monitoring;P1;monitoring;conditional;Đọc theo điều kiện vận hành;
287;v16.2.5;v16.2.15;monitoring/ceph-mixin/dashboards/utils.libsonnet;;A;A;333;0;FALSE;0;100644;0;a7774c7ceed82c51aa80960bcdde5900d2f948eb;7;07-mgr-modules-monitoring;P1;monitoring;conditional;Đọc theo điều kiện vận hành;
288;v16.2.5;v16.2.15;monitoring/ceph-mixin/dashboards_out/.lint;;A;A;5;0;FALSE;0;100644;0;6352e858f28d01b2454b8d735ba5f587ffb2e63b;7;07-mgr-modules-monitoring;P2;generated/lock/data;reference-only;Không đọc hunk sinh tự động;
289;v16.2.5;v16.2.15;monitoring/ceph-mixin/dashboards_out/ceph-cluster.json;monitoring/grafana/dashboards/ceph-cluster.json;R;R089;220;192;FALSE;100644;100644;447dbb29322e599664eac167ea6510bf719d0e53;2cd151ae1ff89d465fc4e8f62cb6cb90707491da;7;07-mgr-modules-monitoring;P2;generated/lock/data;reference-only;Không đọc hunk sinh tự động;
290;v16.2.5;v16.2.15;monitoring/ceph-mixin/dashboards_out/cephfs-overview.json;;A;A;362;0;FALSE;0;100644;0;3e7aeef45785d42b4c8af9d34e5a635eaec12d6e;7;07-mgr-modules-monitoring;P2;generated/lock/data;reference-only;Không đọc hunk sinh tự động;
291;v16.2.5;v16.2.15;monitoring/ceph-mixin/dashboards_out/host-details.json;;A;A;1328;0;FALSE;0;100644;0;7a5ac25917a07b7a812454bea678fb0faf2c2816;7;07-mgr-modules-monitoring;P2;generated/lock/data;reference-only;Không đọc hunk sinh tự động;
292;v16.2.5;v16.2.15;monitoring/ceph-mixin/dashboards_out/hosts-overview.json;;A;A;894;0;FALSE;0;100644;0;f1cd4c49935b28de7a1c1ec596281c14bc9e80bc;7;07-mgr-modules-monitoring;P2;generated/lock/data;reference-only;Không đọc hunk sinh tự động;
293;v16.2.5;v16.2.15;monitoring/ceph-mixin/dashboards_out/osd-device-details.json;;A;A;871;0;FALSE;0;100644;0;811e6d57ef2ece8cc77b695efbfe4fdc56cc4d52;7;07-mgr-modules-monitoring;P2;generated/lock/data;reference-only;Không đọc hunk sinh tự động;
294;v16.2.5;v16.2.15;monitoring/ceph-mixin/dashboards_out/osds-overview.json;;A;A;1048;0;FALSE;0;100644;0;b34c6642263da46c6b5049b0f11b1fdde3c1cd91;7;07-mgr-modules-monitoring;P2;generated/lock/data;reference-only;Không đọc hunk sinh tự động;
295;v16.2.5;v16.2.15;monitoring/ceph-mixin/dashboards_out/pool-detail.json;;A;A;708;0;FALSE;0;100644;0;dc8b4152a494c5ba140202ca076d24bb488cb547;7;07-mgr-modules-monitoring;P2;generated/lock/data;reference-only;Không đọc hunk sinh tự động;
296;v16.2.5;v16.2.15;monitoring/ceph-mixin/dashboards_out/pool-overview.json;;A;A;1542;0;FALSE;0;100644;0;7f042aa5b0d8c422cebfe57ad0d88d0e99bfba2a;7;07-mgr-modules-monitoring;P2;generated/lock/data;reference-only;Không đọc hunk sinh tự động;
297;v16.2.5;v16.2.15;monitoring/ceph-mixin/dashboards_out/radosgw-detail.json;;A;A;542;0;FALSE;0;100644;0;4568f9a4d8543e9d8cab286e3598248d71fe8b75;7;07-mgr-modules-monitoring;P2;generated/lock/data;reference-only;Không đọc hunk sinh tự động;
298;v16.2.5;v16.2.15;monitoring/ceph-mixin/dashboards_out/radosgw-overview.json;;A;A;1266;0;FALSE;0;100644;0;a8256c1f5e1633bc84b1467af78ffe72436a65bb;7;07-mgr-modules-monitoring;P2;generated/lock/data;reference-only;Không đọc hunk sinh tự động;
299;v16.2.5;v16.2.15;monitoring/ceph-mixin/dashboards_out/radosgw-sync-overview.json;;A;A;504;0;FALSE;0;100644;0;e0c3037d50a31c6f1e4c6aa312e6f10e64aab501;7;07-mgr-modules-monitoring;P2;generated/lock/data;reference-only;Không đọc hunk sinh tự động;
300;v16.2.5;v16.2.15;monitoring/ceph-mixin/dashboards_out/rbd-details.json;;A;A;458;0;FALSE;0;100644;0;f64de312af52872229ac49cde74fee84a0737a84;7;07-mgr-modules-monitoring;P2;generated/lock/data;reference-only;Không đọc hunk sinh tự động;
301;v16.2.5;v16.2.15;monitoring/ceph-mixin/dashboards_out/rbd-overview.json;;A;A;737;0;FALSE;0;100644;0;86b354a6089c25fb6cd7f29430f15db6bf6b55c3;7;07-mgr-modules-monitoring;P2;generated/lock/data;reference-only;Không đọc hunk sinh tự động;
302;v16.2.5;v16.2.15;monitoring/ceph-mixin/jsonnet-bundler-build.sh;;A;A;8;0;FALSE;0;100755;0;d713cffb8bcc5eaeb0fe5589d9df82d2dea51cf3;7;07-mgr-modules-monitoring;P1;tool/script;conditional;Đọc theo điều kiện sử dụng;
303;v16.2.5;v16.2.15;monitoring/ceph-mixin/jsonnetfile.json;;A;A;15;0;FALSE;0;100644;0;93f3316ec38303b6fc0bfc998e34f81e1bd797d9;7;07-mgr-modules-monitoring;P1;monitoring;conditional;Đọc theo điều kiện vận hành;
304;v16.2.5;v16.2.15;monitoring/ceph-mixin/jsonnetfile.lock.json;;A;A;16;0;FALSE;0;100644;0;3c9d38d935ce69793a14c6dd8d69b7424464e3b0;7;07-mgr-modules-monitoring;P1;monitoring;conditional;Đọc theo điều kiện vận hành;
305;v16.2.5;v16.2.15;monitoring/ceph-mixin/lint-jsonnet.sh;;A;A;5;0;FALSE;0;100755;0;6f77162698246f643c7d2e0320a98f119ab27db7;7;07-mgr-modules-monitoring;P1;tool/script;conditional;Đọc theo điều kiện sử dụng;
306;v16.2.5;v16.2.15;monitoring/ceph-mixin/mixin.libsonnet;;A;A;3;0;FALSE;0;100644;0;3c983a300195b4ed93d21597cc9d52e27d66d6c4;7;07-mgr-modules-monitoring;P1;monitoring;conditional;Đọc theo điều kiện vận hành;
307;v16.2.5;v16.2.15;monitoring/ceph-mixin/prometheus_alerts.libsonnet;;A;A;729;0;FALSE;0;100644;0;7977e4035ecb7b9ff054a1d0a09faa570e6bb791;7;07-mgr-modules-monitoring;P1;monitoring;conditional;Đọc theo điều kiện vận hành;
308;v16.2.5;v16.2.15;monitoring/ceph-mixin/prometheus_alerts.yml;;A;A;645;0;FALSE;0;100644;0;33a5c5059b89cebd56ef6cf0558816cb70f722b6;7;07-mgr-modules-monitoring;P1;config/schema;deep;Đọc sâu option/default/schema và điều kiện có hiệu lực: MGR, dashboard, module, metrics, alerts và monitoring.;
309;v16.2.5;v16.2.15;monitoring/ceph-mixin/requirements-alerts.txt;;A;A;2;0;FALSE;0;100644;0;e518e69644e66dbba539384609036d770ed6561c;7;07-mgr-modules-monitoring;P1;runtime/source;deep;Chọn đọc sâu theo nhóm: implementation thuộc MGR, dashboard, module, metrics, alerts và monitoring.;
310;v16.2.5;v16.2.15;monitoring/ceph-mixin/requirements-grafonnet.txt;;A;A;1;0;FALSE;0;100644;0;9891d55905796968a0ee7466ba8dd01aa666e8de;7;07-mgr-modules-monitoring;P1;runtime/source;deep;Chọn đọc sâu theo nhóm: implementation thuộc MGR, dashboard, module, metrics, alerts và monitoring.;
311;v16.2.5;v16.2.15;monitoring/ceph-mixin/requirements-lint.txt;;A;A;18;0;FALSE;0;100644;0;f9a3c772f79ddf3673e9426736d095b4591b6063;7;07-mgr-modules-monitoring;P1;runtime/source;deep;Chọn đọc sâu theo nhóm: implementation thuộc MGR, dashboard, module, metrics, alerts và monitoring.;
312;v16.2.5;v16.2.15;monitoring/ceph-mixin/test-jsonnet.sh;;A;A;35;0;FALSE;0;100755;0;87c53389200005b87ddf448c079cb11e4e3b4824;7;07-mgr-modules-monitoring;P2;test/QA;reference-only;Không đọc độc lập;
313;v16.2.5;v16.2.15;monitoring/ceph-mixin/tests_alerts/README.md;;A;A;92;0;FALSE;0;100644;0;cf95fa6368d525ca9203575deb6017f35e28b902;7;07-mgr-modules-monitoring;P2;documentation;reference-only;Không phân tích code sâu;
314;v16.2.5;v16.2.15;monitoring/ceph-mixin/tests_alerts/__init__.py;qa/suites/fs/thrash/workloads/overrides/+;R;R100;0;0;FALSE;100644;100644;e69de29bb2d1d6434b8b29ae775ad8c2e48c5391;e69de29bb2d1d6434b8b29ae775ad8c2e48c5391;7;07-mgr-modules-monitoring;P2;mechanical/zero-LOC;reference-only;Không đọc nội dung độc lập;
315;v16.2.5;v16.2.15;monitoring/ceph-mixin/tests_alerts/settings.py;;A;A;11;0;FALSE;0;100644;0;d99dfdca6fbdf5d1ae7cd0dc6a0d5a72aed34c12;7;07-mgr-modules-monitoring;P1;runtime/source;deep;Chọn đọc sâu theo nhóm: implementation thuộc MGR, dashboard, module, metrics, alerts và monitoring.;
316;v16.2.5;v16.2.15;monitoring/ceph-mixin/tests_alerts/test_alerts.yml;;A;A;1857;0;FALSE;0;100644;0;d68b43badf2b42784096e825a965bd2440267700;7;07-mgr-modules-monitoring;P2;test/QA;reference-only;Không đọc độc lập;
317;v16.2.5;v16.2.15;monitoring/ceph-mixin/tests_alerts/test_syntax.py;;A;A;42;0;FALSE;0;100755;0;966d768bdcd07dff6e414e57a9fa9db3828f1f00;7;07-mgr-modules-monitoring;P2;test/QA;reference-only;Không đọc độc lập;
318;v16.2.5;v16.2.15;monitoring/ceph-mixin/tests_alerts/test_unittests.py;;A;A;19;0;FALSE;0;100644;0;4cfb2b6008f4c28cedcb472b61ec8d32a9f4f206;7;07-mgr-modules-monitoring;P2;test/QA;reference-only;Không đọc độc lập;
319;v16.2.5;v16.2.15;monitoring/ceph-mixin/tests_alerts/utils.py;;A;A;12;0;FALSE;0;100644;0;8429244472d1f600acd4623f0d754f5cb9497571;7;07-mgr-modules-monitoring;P1;runtime/source;deep;Chọn đọc sâu theo nhóm: implementation thuộc MGR, dashboard, module, metrics, alerts và monitoring.;
320;v16.2.5;v16.2.15;monitoring/ceph-mixin/tests_alerts/validate_rules.py;;A;A;571;0;FALSE;0;100755;0;c24ce5c59d55321b9f1452b6aa16f0e2b5560b09;7;07-mgr-modules-monitoring;P1;runtime/source;deep;Chọn đọc sâu theo nhóm: implementation thuộc MGR, dashboard, module, metrics, alerts và monitoring.;
321;v16.2.5;v16.2.15;monitoring/ceph-mixin/tests_dashboards/__init__.py;;A;A;189;0;FALSE;0;100644;0;45147e5c32490f6d10cdfe5674dc190f5399ebdd;7;07-mgr-modules-monitoring;P1;runtime/source;deep;Chọn đọc sâu theo nhóm: implementation thuộc MGR, dashboard, module, metrics, alerts và monitoring.;
322;v16.2.5;v16.2.15;monitoring/ceph-mixin/tests_dashboards/features/__init__.py;qa/suites/rbd/persistent-writeback-cache/%;R;R100;0;0;FALSE;100644;100644;e69de29bb2d1d6434b8b29ae775ad8c2e48c5391;e69de29bb2d1d6434b8b29ae775ad8c2e48c5391;7;07-mgr-modules-monitoring;P2;mechanical/zero-LOC;reference-only;Không đọc nội dung độc lập;
323;v16.2.5;v16.2.15;monitoring/ceph-mixin/tests_dashboards/features/ceph-cluster.feature;;A;A;54;0;FALSE;0;100644;0;1a446cd2c535c9f1cb62d7ae500169fb88b343b2;7;07-mgr-modules-monitoring;P1;runtime/source;deep;Chọn đọc sâu theo nhóm: implementation thuộc MGR, dashboard, module, metrics, alerts và monitoring.;
324;v16.2.5;v16.2.15;monitoring/ceph-mixin/tests_dashboards/features/environment.py;;A;A;135;0;FALSE;0;100644;0;5dc76a09e41d0ce5dc0e2dfbef3e3741660833fc;7;07-mgr-modules-monitoring;P1;runtime/source;deep;Chọn đọc sâu theo nhóm: implementation thuộc MGR, dashboard, module, metrics, alerts và monitoring.;
325;v16.2.5;v16.2.15;monitoring/ceph-mixin/tests_dashboards/features/host-details.feature;;A;A;131;0;FALSE;0;100644;0;51e3c5819bab9674f5be3cac1e86c79b97804e7c;7;07-mgr-modules-monitoring;P1;runtime/source;deep;Chọn đọc sâu theo nhóm: implementation thuộc MGR, dashboard, module, metrics, alerts và monitoring.;
326;v16.2.5;v16.2.15;monitoring/ceph-mixin/tests_dashboards/features/hosts_overview.feature;;A;A;41;0;FALSE;0;100644;0;6c5eceaed3f6e1fb11d9f300b2e97198c07ea92e;7;07-mgr-modules-monitoring;P1;runtime/source;deep;Chọn đọc sâu theo nhóm: implementation thuộc MGR, dashboard, module, metrics, alerts và monitoring.;
327;v16.2.5;v16.2.15;monitoring/ceph-mixin/tests_dashboards/features/osd-device-details.feature;;A;A;88;0;FALSE;0;100644;0;0d6ca8b17154270944eb2ad077a7db47dd6b1460;7;07-mgr-modules-monitoring;P1;runtime/source;deep;Chọn đọc sâu theo nhóm: implementation thuộc MGR, dashboard, module, metrics, alerts và monitoring.;
328;v16.2.5;v16.2.15;monitoring/ceph-mixin/tests_dashboards/features/osds-overview.feature;;A;A;15;0;FALSE;0;100644;0;78d3064199686def3e844c9d02c0c245f246a569;7;07-mgr-modules-monitoring;P1;runtime/source;deep;Chọn đọc sâu theo nhóm: implementation thuộc MGR, dashboard, module, metrics, alerts và monitoring.;
329;v16.2.5;v16.2.15;monitoring/ceph-mixin/tests_dashboards/features/radosgw-detail.feature;;A;A;139;0;FALSE;0;100644;0;e0016c5077d15997d6c69cbea1f644cac76b3c16;7;07-mgr-modules-monitoring;P1;runtime/source;deep;Chọn đọc sâu theo nhóm: implementation thuộc MGR, dashboard, module, metrics, alerts và monitoring.;
330;v16.2.5;v16.2.15;monitoring/ceph-mixin/tests_dashboards/features/radosgw_overview.feature;;A;A;250;0;FALSE;0;100644;0;642e4397878287cd8a030cc44c1776b3a3009b26;7;07-mgr-modules-monitoring;P1;runtime/source;deep;Chọn đọc sâu theo nhóm: implementation thuộc MGR, dashboard, module, metrics, alerts và monitoring.;
331;v16.2.5;v16.2.15;monitoring/ceph-mixin/tests_dashboards/features/self.feature;;A;A;68;0;FALSE;0;100644;0;2b44ce0dcecb1ae7869d15b2d7afeb66ac530aea;7;07-mgr-modules-monitoring;P1;runtime/source;deep;Chọn đọc sâu theo nhóm: implementation thuộc MGR, dashboard, module, metrics, alerts và monitoring.;
332;v16.2.5;v16.2.15;monitoring/ceph-mixin/tests_dashboards/features/steps/__init__.py;;A;A;1;0;FALSE;0;100644;0;0b90f46f2c38f3b75a19f08c1cf4dfeca49c3a58;7;07-mgr-modules-monitoring;P1;runtime/source;deep;Chọn đọc sâu theo nhóm: implementation thuộc MGR, dashboard, module, metrics, alerts và monitoring.;
333;v16.2.5;v16.2.15;monitoring/ceph-mixin/tests_dashboards/requirements.txt;;A;A;12;0;FALSE;0;100644;0;8ad130e5bbe615ef7aeb29eae7ef8678841452fe;7;07-mgr-modules-monitoring;P1;runtime/source;deep;Chọn đọc sâu theo nhóm: implementation thuộc MGR, dashboard, module, metrics, alerts và monitoring.;
334;v16.2.5;v16.2.15;monitoring/ceph-mixin/tests_dashboards/util.py;;A;A;109;0;FALSE;0;100644;0;1fce6559dfb9c0e3f042be8c1e5933fdfc2ac157;7;07-mgr-modules-monitoring;P1;runtime/source;deep;Chọn đọc sâu theo nhóm: implementation thuộc MGR, dashboard, module, metrics, alerts và monitoring.;
335;v16.2.5;v16.2.15;monitoring/ceph-mixin/tox.ini;;A;A;76;0;FALSE;0;100644;0;743f4bca63a5bfed0f3308d631fde21449bd2407;7;07-mgr-modules-monitoring;P1;config/schema;deep;Đọc sâu option/default/schema và điều kiện có hiệu lực: MGR, dashboard, module, metrics, alerts và monitoring.;
336;v16.2.5;v16.2.15;monitoring/grafana/README.md;;D;D;0;14;FALSE;100644;0;b4bf4ec3273d07dc8ae11df34d8fae43e1d773e0;0;7;07-mgr-modules-monitoring;P2;documentation;reference-only;Không phân tích code sâu;
337;v16.2.5;v16.2.15;monitoring/grafana/build/Makefile;;M;M;49;62;FALSE;100755;100755;fd96a827ff4e81d0f09aeced502c7ef61115628a;64f61999026c8406a41ca97be2c21450f683a91f;7;07-mgr-modules-monitoring;P1;build/package;deep;Đọc sâu khi ảnh hưởng build, package, quyền hoặc service: MGR, dashboard, module, metrics, alerts và monitoring.;
338;v16.2.5;v16.2.15;monitoring/grafana/dashboards/CMakeLists.txt;;D;D;0;8;FALSE;100644;0;41ca947a6dc8d150f007f82920eaf83712de3aea;0;7;07-mgr-modules-monitoring;P1;build/package;deep;Đọc sâu khi ảnh hưởng build, package, quyền hoặc service: MGR, dashboard, module, metrics, alerts và monitoring.;
339;v16.2.5;v16.2.15;monitoring/grafana/dashboards/README;;D;D;0;28;FALSE;100644;0;3803cd7a0042267b382f2e406a75568efc036013;0;7;07-mgr-modules-monitoring;P2;documentation;reference-only;Không phân tích code sâu;
340;v16.2.5;v16.2.15;monitoring/grafana/dashboards/cephfs-overview.json;;D;D;0;309;FALSE;100644;0;57922f55155a9f429ee5557d651d1fd1ee6cd5ad;0;7;07-mgr-modules-monitoring;P1;monitoring;conditional;Đọc theo điều kiện vận hành;
341;v16.2.5;v16.2.15;monitoring/grafana/dashboards/host-details.json;;D;D;0;1215;FALSE;100644;0;237349dd36a1f42a9ddb10e4e5b837949c87d0b1;0;7;07-mgr-modules-monitoring;P1;monitoring;conditional;Đọc theo điều kiện vận hành;
342;v16.2.5;v16.2.15;monitoring/grafana/dashboards/hosts-overview.json;;D;D;0;852;FALSE;100644;0;b179d5717d536c37c37a3d67f96cab130a05fbd9;0;7;07-mgr-modules-monitoring;P1;monitoring;conditional;Đọc theo điều kiện vận hành;
343;v16.2.5;v16.2.15;monitoring/grafana/dashboards/osd-device-details.json;;D;D;0;800;FALSE;100644;0;deb6ed7d2b3a9b1cd9a7830a5bab49cbd28d45cb;0;7;07-mgr-modules-monitoring;P1;monitoring;conditional;Đọc theo điều kiện vận hành;
344;v16.2.5;v16.2.15;monitoring/grafana/dashboards/osds-overview.json;;D;D;0;876;FALSE;100644;0;4b91df9ebce544456901a5f210e637d27db4adc9;0;7;07-mgr-modules-monitoring;P1;monitoring;conditional;Đọc theo điều kiện vận hành;
345;v16.2.5;v16.2.15;monitoring/grafana/dashboards/pool-detail.json;;D;D;0;665;FALSE;100644;0;41554ed30683e210379dd978515084eec310eb53;0;7;07-mgr-modules-monitoring;P1;monitoring;conditional;Đọc theo điều kiện vận hành;
346;v16.2.5;v16.2.15;monitoring/grafana/dashboards/pool-overview.json;;D;D;0;1564;FALSE;100644;0;cd699348b07fed820b7a326c08a1f2b466aa9206;0;7;07-mgr-modules-monitoring;P1;monitoring;conditional;Đọc theo điều kiện vận hành;
347;v16.2.5;v16.2.15;monitoring/grafana/dashboards/radosgw-detail.json;;D;D;0;491;FALSE;100644;0;648abab89ce962844ac794d7b37d3bfc17b4bff4;0;7;07-mgr-modules-monitoring;P1;monitoring;conditional;Đọc theo điều kiện vận hành;
348;v16.2.5;v16.2.15;monitoring/grafana/dashboards/radosgw-overview.json;;D;D;0;630;FALSE;100644;0;487d736b3d4e169cdab34d3b757d1196c6ff1d08;0;7;07-mgr-modules-monitoring;P1;monitoring;conditional;Đọc theo điều kiện vận hành;
349;v16.2.5;v16.2.15;monitoring/grafana/dashboards/radosgw-sync-overview.json;;D;D;0;440;FALSE;100644;0;e9136d78e3b7cb18b4deaad4e0a9a8dc2f5b67a6;0;7;07-mgr-modules-monitoring;P1;monitoring;conditional;Đọc theo điều kiện vận hành;
350;v16.2.5;v16.2.15;monitoring/grafana/dashboards/rbd-details.json;;D;D;0;409;FALSE;100644;0;68fffad1ed07524b8256631e19c1bf5de6af2623;0;7;07-mgr-modules-monitoring;P1;monitoring;conditional;Đọc theo điều kiện vận hành;
351;v16.2.5;v16.2.15;monitoring/grafana/dashboards/rbd-overview.json;;D;D;0;685;FALSE;100644;0;eb15fbcb8ef4a5ed6fa876b606c345c7f5d2b4f1;0;7;07-mgr-modules-monitoring;P1;monitoring;conditional;Đọc theo điều kiện vận hành;
352;v16.2.5;v16.2.15;monitoring/prometheus/README.md;;D;D;0;7;FALSE;100644;0;fde63a35fe2ee99234484b337dde44c40430870f;0;7;07-mgr-modules-monitoring;P2;documentation;reference-only;Không phân tích code sâu;
353;v16.2.5;v16.2.15;monitoring/prometheus/alerts/ceph_default_alerts.yml;;D;D;0;284;FALSE;100644;0;d4a0b8209e8aa5c21782008983d31da5b202b4b1;0;7;07-mgr-modules-monitoring;P1;config/schema;deep;Đọc sâu option/default/schema và điều kiện có hiệu lực: MGR, dashboard, module, metrics, alerts và monitoring.;
354;v16.2.5;v16.2.15;monitoring/prometheus/alerts/test_alerts.yml;;D;D;0;783;FALSE;100644;0;8bc35aa2643aeb2277852aa525764feff184bb8e;0;7;07-mgr-modules-monitoring;P2;test/QA;reference-only;Không đọc độc lập;
355;v16.2.5;v16.2.15;monitoring/snmp/CEPH-MIB.txt;;A;A;337;0;FALSE;0;100644;0;f54cb3610377a68f29f5310d704559dff80c851b;7;07-mgr-modules-monitoring;P1;runtime/source;deep;Chọn đọc sâu theo nhóm: implementation thuộc MGR, dashboard, module, metrics, alerts và monitoring.;
356;v16.2.5;v16.2.15;monitoring/snmp/README.md;;A;A;54;0;FALSE;0;100644;0;1a5b609556df42a9ae0aaf42a0e1355a5c3cc3b8;7;07-mgr-modules-monitoring;P2;documentation;reference-only;Không phân tích code sâu;
357;v16.2.5;v16.2.15;qa/.teuthology_branch;;D;D;0;1;FALSE;100644;0;1f7391f92b6a3792204e07e99f71f643cc35e7e1;0;15;15-upgrade-validation;P2;test/QA;reference-only;Không đọc độc lập;
358;v16.2.5;v16.2.15;qa/CMakeLists.txt;;M;M;1;1;FALSE;100644;100644;485c5b5532608c7d4be4a94768e8c64dacb58952;fd95d83833b3c7ece0809bb7b21559b3025b2450;13;13-build-packaging-submodules;P2;test/QA;reference-only;Không đọc độc lập;
359;v16.2.5;v16.2.15;qa/cephfs/conf/client.yaml;;M;M;2;2;FALSE;100644;100644;286706a5c6789998bbed46e205169557d45891b3;4b37d03b45a463574f36545c09e6f3b1519488e8;11;11-cephfs-mds;P2;test/QA;reference-only;Không đọc độc lập;
360;v16.2.5;v16.2.15;qa/cephfs/conf/mds.yaml;;M;M;3;2;FALSE;100644;100644;922f7167ae4742c742d851582ace9d09d5fde5dd;b1c7a58694449cca6eb08582bc7a1b6e756e7267;11;11-cephfs-mds;P2;test/QA;reference-only;Không đọc độc lập;
361;v16.2.5;v16.2.15;qa/cephfs/overrides/frag.yaml;qa/cephfs/overrides/frag_enable.yaml;R;R086;2;2;FALSE;100644;100644;f1ccc1c9d808d127923ce781f920d90a26bc5b51;f05b3f48fe0268ac5c6355aeb7acc466ce647977;11;11-cephfs-mds;P2;test/QA;reference-only;Không đọc độc lập;
362;v16.2.5;v16.2.15;qa/cephfs/overrides/ignorelist_health.yaml;;A;A;22;0;FALSE;0;100644;0;a698da517b4d27a8413bf270351bbc1e3a3031b2;11;11-cephfs-mds;P2;test/QA;reference-only;Không đọc độc lập;
363;v16.2.5;v16.2.15;qa/cephfs/overrides/ignorelist_wrongly_marked_down.yaml;qa/cephfs/overrides/whitelist_wrongly_marked_down.yaml;R;R075;4;2;FALSE;100644;100644;41ba84f04db5e97abb176735acb7b315f5f08616;64c8c24f597862d3258ac05e1e4f9c620584e57f;11;11-cephfs-mds;P2;test/QA;reference-only;Không đọc độc lập;
364;v16.2.5;v16.2.15;qa/distros/.qa;;A;A;1;0;FALSE;0;120000;0;b870225aa053ea877524b581926b3536a0bd7314;15;15-upgrade-validation;P2;test/QA;reference-only;Không đọc độc lập;
365;v16.2.5;v16.2.15;qa/distros/all/centos_8.stream.yaml;qa/suites/rgw/sts/centos_latest.yaml;R;R081;1;1;FALSE;100644;100644;24ae800744fe1aab33736acced8feb51a45c2b0c;bf35997756618b3d8c177b7dc8585fd7ddc16b79;15;15-upgrade-validation;P2;test/QA;reference-only;Không đọc độc lập;
366;v16.2.5;v16.2.15;qa/distros/all/centos_8.yaml;;M;M;1;1;FALSE;120000;120000;713f312fad518eb1d67f71feed158ff20149f760;8e7476153dcc532ea6777f23cf6a08e2e46ff176;15;15-upgrade-validation;P2;test/QA;reference-only;Không đọc độc lập;
367;v16.2.5;v16.2.15;qa/distros/all/rhel_8.5.yaml;;A;A;6;0;FALSE;0;100644;0;12713a45e5a66fe53048be67790b938786317c3a;15;15-upgrade-validation;P2;test/QA;reference-only;Không đọc độc lập;
368;v16.2.5;v16.2.15;qa/distros/all/rhel_8.6.yaml;;A;A;6;0;FALSE;0;100644;0;34c3f10bea354d5a1ff656960dc419e39d9cae95;15;15-upgrade-validation;P2;test/QA;reference-only;Không đọc độc lập;
369;v16.2.5;v16.2.15;qa/distros/all/rhel_8.yaml;;M;M;1;1;FALSE;120000;120000;c7867a423f65911a1d376c47e5b6b6ae43b7b7e2;d49c09cc174e2daf0d206c877e211f2cf0be7692;15;15-upgrade-validation;P2;test/QA;reference-only;Không đọc độc lập;
370;v16.2.5;v16.2.15;qa/distros/container-hosts/.qa;qa/suites/orch/cephadm/smoke/distro/.qa;R;R100;0;0;FALSE;120000;120000;fea2489fdf6d9c5d189a12524b23f3f8daedd85a;fea2489fdf6d9c5d189a12524b23f3f8daedd85a;15;15-upgrade-validation;P2;mechanical/zero-LOC;reference-only;Không đọc nội dung độc lập;
371;v16.2.5;v16.2.15;qa/distros/container-hosts/centos_8.stream_container_tools.yaml;;A;A;1;0;FALSE;0;120000;0;7a86f967f0203edafda26f1e53831cc5640b09c6;15;15-upgrade-validation;P2;test/QA;reference-only;Không đọc độc lập;
372;v16.2.5;v16.2.15;qa/distros/container-hosts/rhel_8.6_container_tools_3.0.yaml;;A;A;1;0;FALSE;0;120000;0;91f9539f1f205c542cc82dfc1ee1d48cce45a85c;15;15-upgrade-validation;P2;test/QA;reference-only;Không đọc độc lập;
373;v16.2.5;v16.2.15;qa/distros/container-hosts/rhel_8.6_container_tools_rhel8.yaml;;A;A;1;0;FALSE;0;120000;0;c9abcd7b83f370103b91dd598fa583d6c0e0827e;15;15-upgrade-validation;P2;test/QA;reference-only;Không đọc độc lập;
374;v16.2.5;v16.2.15;qa/distros/container-hosts/ubuntu_18.04.yaml;qa/suites/orch/cephadm/smoke/distro/ubuntu_18.04.yaml;R;R100;0;0;FALSE;120000;120000;cfb85f10ef598cbb7e18628705c9bb8921775626;cfb85f10ef598cbb7e18628705c9bb8921775626;15;15-upgrade-validation;P2;mechanical/zero-LOC;reference-only;Không đọc nội dung độc lập;
375;v16.2.5;v16.2.15;qa/distros/container-hosts/ubuntu_20.04.yaml;;A;A;9;0;FALSE;0;100644;0;bb9f5c00a098908a8489a4e5b4efa75e9e9d5cd7;15;15-upgrade-validation;P2;test/QA;reference-only;Không đọc độc lập;
376;v16.2.5;v16.2.15;qa/distros/podman/centos_8.2_kubic_stable.yaml;;D;D;0;18;FALSE;100644;0;22fbc1997a74b0fef6c2a070af7a8d7fd08ad105;0;15;15-upgrade-validation;P2;test/QA;reference-only;Không đọc độc lập;
377;v16.2.5;v16.2.15;qa/distros/podman/centos_8.stream_container_tools.yaml;;A;A;14;0;FALSE;0;100644;0;4a76306f19d5994590a9f51458a424948dfbd896;15;15-upgrade-validation;P2;test/QA;reference-only;Không đọc độc lập;
378;v16.2.5;v16.2.15;qa/distros/podman/rhel_8.3_kubic_stable.yaml;;D;D;0;18;FALSE;100644;0;4e50abc45c94f9c206cf21f912fbff3925fe79a9;0;15;15-upgrade-validation;P2;test/QA;reference-only;Không đọc độc lập;
379;v16.2.5;v16.2.15;qa/distros/podman/rhel_8.6_container_tools_3.0.yaml;;A;A;13;0;FALSE;0;100644;0;361d8546e2b7dca2487088fbd2c7c935f63a2dd9;15;15-upgrade-validation;P2;test/QA;reference-only;Không đọc độc lập;
380;v16.2.5;v16.2.15;qa/distros/podman/rhel_8.6_container_tools_rhel8.yaml;;A;A;13;0;FALSE;0;100644;0;be94ed69e7d6f3a008c85fca412cb7b6f35e205f;15;15-upgrade-validation;P2;test/QA;reference-only;Không đọc độc lập;
381;v16.2.5;v16.2.15;qa/distros/podman/ubuntu_18.04_kubic_stable.yaml;;D;D;0;13;FALSE;100644;0;1055bcc9e32fee1f9f4c22d11b698e07cf831f32;0;15;15-upgrade-validation;P2;test/QA;reference-only;Không đọc độc lập;
382;v16.2.5;v16.2.15;qa/distros/podman/ubuntu_20.04_kubic_stable.yaml;;D;D;0;13;FALSE;100644;0;3a04f50a848e41db9a6538e14ad3753ad75d5c4e;0;15;15-upgrade-validation;P2;test/QA;reference-only;Không đọc độc lập;
383;v16.2.5;v16.2.15;qa/distros/podman/ubuntu_20.04_kubic_testing.yaml;;D;D;0;13;FALSE;100644;0;56b4d1e0f75d7227e7541c8d36b7fe6a6b625a0b;0;15;15-upgrade-validation;P2;test/QA;reference-only;Không đọc độc lập;
384;v16.2.5;v16.2.15;qa/mgr_ttl_cache/disable.yaml;;A;A;5;0;FALSE;0;100644;0;bbd78d53f2f85a520d550951be7fdc39378ac284;7;07-mgr-modules-monitoring;P2;test/QA;reference-only;Không đọc độc lập;
385;v16.2.5;v16.2.15;qa/mgr_ttl_cache/enable.yaml;;A;A;5;0;FALSE;0;100644;0;2c1c0e0533ec2a296332387d96df58fe81fa2574;7;07-mgr-modules-monitoring;P2;test/QA;reference-only;Không đọc độc lập;
386;v16.2.5;v16.2.15;qa/overrides/ignorelist_wrongly_marked_down.yaml;qa/overrides/whitelist_wrongly_marked_down.yaml;R;R100;0;0;FALSE;100644;100644;2ce7ffd975ab1eb6468e16b38064d822f55ce457;2ce7ffd975ab1eb6468e16b38064d822f55ce457;15;15-upgrade-validation;P2;mechanical/zero-LOC;reference-only;Không đọc nội dung độc lập;
387;v16.2.5;v16.2.15;qa/overrides/nvme_loop.yaml;;A;A;2;0;FALSE;0;100644;0;75f6cd454767ee4a54b471f407900a40efd8d829;15;15-upgrade-validation;P2;test/QA;reference-only;Không đọc độc lập;
388;v16.2.5;v16.2.15;qa/rbd/krbd_default_map_options.t;;A;A;64;0;FALSE;0;100644;0;5dac5d6aec5bc89f78122b373e5a13326b19b7c1;10;10-rados-rbd-clients;P2;test/QA;reference-only;Không đọc độc lập;
389;v16.2.5;v16.2.15;qa/rgw/ignore-pg-availability.yaml;qa/suites/rgw/ignore-pg-availability.yaml;R;R059;2;0;FALSE;100644;100644;ad1d5d8a06368d8b12bb9892feb9af50b1099f4a;5305d90f43f610ff4d6e521dc61b53eaf85bfdc8;12;12-rgw;P2;test/QA;reference-only;Không đọc độc lập;
390;v16.2.5;v16.2.15;qa/run_xfstests-obsolete.sh;;M;M;3;3;FALSE;100644;100644;4393c7c866c575c3c84e2db602c3fbc078fb9305;48afff879f53b920da04b89083cee8b6ae493549;15;15-upgrade-validation;P2;test/QA;reference-only;Không đọc độc lập;
391;v16.2.5;v16.2.15;qa/run_xfstests_qemu.sh;;M;M;6;2;FALSE;100644;100644;40300cea6fef3b2df632eb08039a603565a5019b;4e7929b30a4c73fd8549586aa0ef93eca0efe1c1;15;15-upgrade-validation;P2;test/QA;reference-only;Không đọc độc lập;
392;v16.2.5;v16.2.15;qa/standalone/ceph-helpers.sh;;M;M;30;2;FALSE;100755;100755;d945ccf0707ee6d3c10b0fbfdac0034f7c347bde;26ba3a08434219b4e954695f656291acb4c04c30;15;15-upgrade-validation;P2;test/QA;reference-only;Không đọc độc lập;
393;v16.2.5;v16.2.15;qa/standalone/mon-stretch/mon-stretch-fail-recovery.sh;;A;A;148;0;FALSE;0;100755;0;f61b51f76818fc052fffd98f3510b4d348099d66;15;15-upgrade-validation;P2;test/QA;reference-only;Không đọc độc lập;
394;v16.2.5;v16.2.15;qa/standalone/mon-stretch/mon-stretch-uneven-crush-weights.sh;;A;A;145;0;FALSE;0;100755;0;7e13f4076812f04ed27b20f7f426e8a6c82851ef;15;15-upgrade-validation;P2;test/QA;reference-only;Không đọc độc lập;
395;v16.2.5;v16.2.15;qa/standalone/mon/misc.sh;;M;M;0;1;FALSE;100755;100755;e5567e7b62d9dc0c22cae20839e6b8ebefd29e06;c9109cbe7fe4e6e38af8ea72b8bb8c44dbc25553;4;04-mon-osdmap-crush;P2;test/QA;reference-only;Không đọc độc lập;
396;v16.2.5;v16.2.15;qa/standalone/mon/mon-bind.sh;;M;M;0;4;FALSE;100755;100755;b0a092a533abb6066c87d34d15bbb344319de4c3;41982b9160a9e083fd01ba6d207411c490b6ea9a;4;04-mon-osdmap-crush;P2;test/QA;reference-only;Không đọc độc lập;
397;v16.2.5;v16.2.15;qa/standalone/mon/mon-handle-forward.sh;;M;M;1;1;FALSE;100755;100755;8633959d5f2a4a979e55688c3bccaa9ca99176a9;01c8f130f54628c1762f4a843a2e5512758aad35;4;04-mon-osdmap-crush;P2;test/QA;reference-only;Không đọc độc lập;
398;v16.2.5;v16.2.15;qa/standalone/osd/osd-bluefs-volume-ops.sh;;M;M;67;10;FALSE;100755;100755;86da6af5c32a9a93e77b24273a181e50b5cd730e;3e92d17dba3ee857fc38ee56bd29bc22f04ad90b;15;15-upgrade-validation;P2;test/QA;reference-only;Không đọc độc lập;
399;v16.2.5;v16.2.15;qa/standalone/osd/osd-force-create-pg.sh;;M;M;2;1;FALSE;100755;100755;855f479ff7b04a3eab6fb435c69dd4f354bf70dd;ca4b0239e00eead63cdfa78087f679585b0ca97b;15;15-upgrade-validation;P2;test/QA;reference-only;Không đọc độc lập;
400;v16.2.5;v16.2.15;qa/standalone/osd/osd-reuse-id.sh;;M;M;2;1;FALSE;100755;100755;92aa055a8a59714a32539d4e8139b9b6577bd1a6;b24b6f2ebf8a020acb2f91a7a8fe32754beee50d;15;15-upgrade-validation;P2;test/QA;reference-only;Không đọc độc lập;
401;v16.2.5;v16.2.15;qa/standalone/osd/pg-split-merge.sh;;M;M;2;3;FALSE;100755;100755;a8517a41b307b198005b587606e270d0d43ea868;7f2899b60786abba6bfde02720f97b1e01fda0ef;15;15-upgrade-validation;P2;test/QA;reference-only;Không đọc độc lập;
402;v16.2.5;v16.2.15;qa/standalone/scrub/osd-scrub-repair.sh;;M;M;135;73;FALSE;100755;100755;1461d0d6c610231a38794759645d926e6e110b9e;63400a1d0a7356167170a0721bfb144f77d6bb24;15;15-upgrade-validation;P2;test/QA;reference-only;Không đọc độc lập;
403;v16.2.5;v16.2.15;qa/suites/crimson-rados/rbd/tasks/rbd_api_tests_old_format.yaml;;M;M;2;0;FALSE;100644;100644;36393831a3bda45b03e464d84a230e48e1b4cb5b;3dbb69df40fc659626b0cab6a26cc6a9db3fe05a;10;10-rados-rbd-clients;P2;test/QA;reference-only;Không đọc độc lập;
404;v16.2.5;v16.2.15;qa/suites/fs/32bits/overrides/frag_enable.yaml;;D;D;0;1;FALSE;120000;0;34a39a368cf158fb1235183778b881477d56750c;0;11;11-cephfs-mds;P2;test/QA;reference-only;Không đọc độc lập;
405;v16.2.5;v16.2.15;qa/suites/fs/32bits/overrides/ignorelist_health.yaml;;A;A;1;0;FALSE;0;120000;0;5cb891a95c3c84f2fcf67c2b0e5e678593400537;11;11-cephfs-mds;P2;test/QA;reference-only;Không đọc độc lập;
406;v16.2.5;v16.2.15;qa/suites/fs/32bits/overrides/ignorelist_wrongly_marked_down.yaml;;A;A;1;0;FALSE;0;120000;0;f317cb714ca2801799ef0daff43abd435caa47f3;11;11-cephfs-mds;P2;test/QA;reference-only;Không đọc độc lập;
407;v16.2.5;v16.2.15;qa/suites/fs/32bits/overrides/whitelist_health.yaml;;D;D;0;1;FALSE;120000;0;74f39a49b27edc0caacda2bcd930b79b06781d40;0;11;11-cephfs-mds;P2;test/QA;reference-only;Không đọc độc lập;
408;v16.2.5;v16.2.15;qa/suites/fs/32bits/overrides/whitelist_wrongly_marked_down.yaml;;D;D;0;1;FALSE;120000;0;b4528c0f8c096bc9e80dd8ead702ab458aec3b13;0;11;11-cephfs-mds;P2;test/QA;reference-only;Không đọc độc lập;
409;v16.2.5;v16.2.15;qa/suites/fs/bugs/client_trim_caps/overrides/frag_enable.yaml;;D;D;0;1;FALSE;120000;0;34a39a368cf158fb1235183778b881477d56750c;0;11;11-cephfs-mds;P2;test/QA;reference-only;Không đọc độc lập;
410;v16.2.5;v16.2.15;qa/suites/fs/bugs/client_trim_caps/overrides/ignorelist_health.yaml;;A;A;1;0;FALSE;0;120000;0;5cb891a95c3c84f2fcf67c2b0e5e678593400537;11;11-cephfs-mds;P2;test/QA;reference-only;Không đọc độc lập;
411;v16.2.5;v16.2.15;qa/suites/fs/bugs/client_trim_caps/overrides/ignorelist_wrongly_marked_down.yaml;;A;A;1;0;FALSE;0;120000;0;f317cb714ca2801799ef0daff43abd435caa47f3;11;11-cephfs-mds;P2;test/QA;reference-only;Không đọc độc lập;
412;v16.2.5;v16.2.15;qa/suites/fs/bugs/client_trim_caps/overrides/whitelist_health.yaml;;D;D;0;1;FALSE;120000;0;74f39a49b27edc0caacda2bcd930b79b06781d40;0;11;11-cephfs-mds;P2;test/QA;reference-only;Không đọc độc lập;
413;v16.2.5;v16.2.15;qa/suites/fs/bugs/client_trim_caps/overrides/whitelist_wrongly_marked_down.yaml;;D;D;0;1;FALSE;120000;0;b4528c0f8c096bc9e80dd8ead702ab458aec3b13;0;11;11-cephfs-mds;P2;test/QA;reference-only;Không đọc độc lập;
414;v16.2.5;v16.2.15;qa/suites/fs/full/overrides/frag_enable.yaml;;D;D;0;1;FALSE;120000;0;34a39a368cf158fb1235183778b881477d56750c;0;11;11-cephfs-mds;P2;test/QA;reference-only;Không đọc độc lập;
415;v16.2.5;v16.2.15;qa/suites/fs/full/overrides/ignorelist_health.yaml;;A;A;1;0;FALSE;0;120000;0;5cb891a95c3c84f2fcf67c2b0e5e678593400537;11;11-cephfs-mds;P2;test/QA;reference-only;Không đọc độc lập;
416;v16.2.5;v16.2.15;qa/suites/fs/full/overrides/ignorelist_wrongly_marked_down.yaml;;A;A;1;0;FALSE;0;120000;0;f317cb714ca2801799ef0daff43abd435caa47f3;11;11-cephfs-mds;P2;test/QA;reference-only;Không đọc độc lập;
417;v16.2.5;v16.2.15;qa/suites/fs/full/overrides/whitelist_health.yaml;;D;D;0;1;FALSE;120000;0;74f39a49b27edc0caacda2bcd930b79b06781d40;0;11;11-cephfs-mds;P2;test/QA;reference-only;Không đọc độc lập;
418;v16.2.5;v16.2.15;qa/suites/fs/full/overrides/whitelist_wrongly_marked_down.yaml;;D;D;0;1;FALSE;120000;0;b4528c0f8c096bc9e80dd8ead702ab458aec3b13;0;11;11-cephfs-mds;P2;test/QA;reference-only;Không đọc độc lập;
419;v16.2.5;v16.2.15;qa/suites/fs/full/tasks/mgr-osd-full.yaml;;M;M;11;1;FALSE;100644;100644;88d6527bf82af7bc14f09ad96873efb16aa13c54;b4f673e395794300dee48224886607c76e8368d7;11;11-cephfs-mds;P2;test/QA;reference-only;Không đọc độc lập;
420;v16.2.5;v16.2.15;qa/suites/fs/functional/overrides/frag_enable.yaml;;D;D;0;1;FALSE;120000;0;34a39a368cf158fb1235183778b881477d56750c;0;11;11-cephfs-mds;P2;test/QA;reference-only;Không đọc độc lập;
421;v16.2.5;v16.2.15;qa/suites/fs/functional/overrides/ignorelist_health.yaml;;A;A;1;0;FALSE;0;120000;0;5cb891a95c3c84f2fcf67c2b0e5e678593400537;11;11-cephfs-mds;P2;test/QA;reference-only;Không đọc độc lập;
422;v16.2.5;v16.2.15;qa/suites/fs/functional/overrides/ignorelist_wrongly_marked_down.yaml;;A;A;1;0;FALSE;0;120000;0;f317cb714ca2801799ef0daff43abd435caa47f3;11;11-cephfs-mds;P2;test/QA;reference-only;Không đọc độc lập;
423;v16.2.5;v16.2.15;qa/suites/fs/functional/overrides/whitelist_health.yaml;;D;D;0;1;FALSE;120000;0;74f39a49b27edc0caacda2bcd930b79b06781d40;0;11;11-cephfs-mds;P2;test/QA;reference-only;Không đọc độc lập;
424;v16.2.5;v16.2.15;qa/suites/fs/functional/overrides/whitelist_wrongly_marked_down.yaml;;D;D;0;1;FALSE;120000;0;b4528c0f8c096bc9e80dd8ead702ab458aec3b13;0;11;11-cephfs-mds;P2;test/QA;reference-only;Không đọc độc lập;
425;v16.2.5;v16.2.15;qa/suites/fs/functional/tasks/alternate-pool.yaml;;M;M;0;1;FALSE;100644;100644;3bff0ffe9599da4bf1041a8080ca52c5117eda14;7a1caa47300e88fe1345c352f3823beb32130eab;11;11-cephfs-mds;P2;test/QA;reference-only;Không đọc độc lập;
426;v16.2.5;v16.2.15;qa/suites/fs/functional/tasks/client-recovery.yaml;;M;M;3;0;FALSE;100644;100644;d927fd11b6c7b4df4a236fed5fd77ad588cd0f5f;b3edcfa87f3a6d688bc5e1d4ccd5925567d01d04;11;11-cephfs-mds;P2;test/QA;reference-only;Không đọc độc lập;
427;v16.2.5;v16.2.15;qa/suites/fs/functional/tasks/damage.yaml;;M;M;2;0;FALSE;100644;100644;917c4b1a3d63e80bded1e7b9917adc5362b22c88;7703aee9322dd75bbbcf3e3b23002a09c245603e;11;11-cephfs-mds;P2;test/QA;reference-only;Không đọc độc lập;
428;v16.2.5;v16.2.15;qa/suites/fs/functional/tasks/forward-scrub.yaml;;M;M;1;0;FALSE;100644;100644;f444455f1fef6755b354736e0e595aae6d50192f;961d25db06d0dd90f9e17da13585f3c9b3f9f7eb;11;11-cephfs-mds;P2;test/QA;reference-only;Không đọc độc lập;
429;v16.2.5;v16.2.15;qa/suites/fs/functional/tasks/journal-repair.yaml;;M;M;1;0;FALSE;100644;100644;d6f87f871bafcf0824484a2319963fb3fa67054d;0dae6143cb61105146b8c8563ccd54a4f125b91e;11;11-cephfs-mds;P2;test/QA;reference-only;Không đọc độc lập;
430;v16.2.5;v16.2.15;qa/suites/fs/functional/tasks/mds-full.yaml;;M;M;2;0;FALSE;100644;100644;0c869287750c92ea08a0e5aecba7e31b9b364eb3;9399890c46f37b028dce13bef0787481fc6072b0;11;11-cephfs-mds;P2;test/QA;reference-only;Không đọc độc lập;
431;v16.2.5;v16.2.15;qa/suites/fs/functional/tasks/recovery-fs.yaml;;A;A;4;0;FALSE;0;100644;0;d354e9fbe23e76d824deee3dbeade01f8a40e0dd;11;11-cephfs-mds;P2;test/QA;reference-only;Không đọc độc lập;
432;v16.2.5;v16.2.15;qa/suites/fs/functional/tasks/snap_schedule_snapdir.yaml;;A;A;30;0;FALSE;0;100644;0;7bbcf000fe787b915dd8c4b06415b51538373a22;11;11-cephfs-mds;P2;test/QA;reference-only;Không đọc độc lập;
433;v16.2.5;v16.2.15;qa/suites/fs/functional/tasks/workunit/dir-max-entries.yaml;;A;A;5;0;FALSE;0;100644;0;087dcc3d5c25d866edf12dd041a93d4d9afb9988;11;11-cephfs-mds;P2;test/QA;reference-only;Không đọc độc lập;
434;v16.2.5;v16.2.15;qa/suites/fs/libcephfs/overrides/frag_enable.yaml;;D;D;0;1;FALSE;120000;0;34a39a368cf158fb1235183778b881477d56750c;0;11;11-cephfs-mds;P2;test/QA;reference-only;Không đọc độc lập;
435;v16.2.5;v16.2.15;qa/suites/fs/libcephfs/overrides/ignorelist_health.yaml;;A;A;1;0;FALSE;0;120000;0;5cb891a95c3c84f2fcf67c2b0e5e678593400537;11;11-cephfs-mds;P2;test/QA;reference-only;Không đọc độc lập;
436;v16.2.5;v16.2.15;qa/suites/fs/libcephfs/overrides/ignorelist_wrongly_marked_down.yaml;;A;A;1;0;FALSE;0;120000;0;f317cb714ca2801799ef0daff43abd435caa47f3;11;11-cephfs-mds;P2;test/QA;reference-only;Không đọc độc lập;
437;v16.2.5;v16.2.15;qa/suites/fs/libcephfs/overrides/whitelist_health.yaml;;D;D;0;1;FALSE;120000;0;74f39a49b27edc0caacda2bcd930b79b06781d40;0;11;11-cephfs-mds;P2;test/QA;reference-only;Không đọc độc lập;
438;v16.2.5;v16.2.15;qa/suites/fs/libcephfs/overrides/whitelist_wrongly_marked_down.yaml;;D;D;0;1;FALSE;120000;0;b4528c0f8c096bc9e80dd8ead702ab458aec3b13;0;11;11-cephfs-mds;P2;test/QA;reference-only;Không đọc độc lập;
439;v16.2.5;v16.2.15;qa/suites/fs/libcephfs/tasks/libcephfs/+;qa/suites/rbd/persistent-writeback-cache/2-cluster/+;R;R100;0;0;FALSE;100644;100644;e69de29bb2d1d6434b8b29ae775ad8c2e48c5391;e69de29bb2d1d6434b8b29ae775ad8c2e48c5391;11;11-cephfs-mds;P2;mechanical/zero-LOC;reference-only;Không đọc nội dung độc lập;
440;v16.2.5;v16.2.15;qa/suites/fs/libcephfs/tasks/libcephfs/.qa;;A;A;1;0;FALSE;0;120000;0;fea2489fdf6d9c5d189a12524b23f3f8daedd85a;11;11-cephfs-mds;P2;test/QA;reference-only;Không đọc độc lập;
441;v16.2.5;v16.2.15;qa/suites/fs/libcephfs/tasks/libcephfs/frag.yaml;;A;A;1;0;FALSE;0;120000;0;5e5cdaed8c7ecaf516cc1063138617e81f06489e;11;11-cephfs-mds;P2;test/QA;reference-only;Không đọc độc lập;
442;v16.2.5;v16.2.15;qa/suites/fs/libcephfs/tasks/libcephfs/test.yaml;qa/suites/fs/libcephfs/tasks/libcephfs.yaml;R;R100;0;0;FALSE;100644;100644;70afa2da3f2b03eebfeada170fc4eca24fdbfe0e;70afa2da3f2b03eebfeada170fc4eca24fdbfe0e;11;11-cephfs-mds;P2;mechanical/zero-LOC;reference-only;Không đọc nội dung độc lập;
443;v16.2.5;v16.2.15;qa/suites/fs/mirror-ha/%;src/pybind/mgr/dashboard/frontend/src/app/ceph/block/mirroring/edit-site-name-modal/edit-site-name-modal.component.scss;R;R100;0;0;FALSE;100644;100644;e69de29bb2d1d6434b8b29ae775ad8c2e48c5391;e69de29bb2d1d6434b8b29ae775ad8c2e48c5391;11;11-cephfs-mds;P2;mechanical/zero-LOC;reference-only;Không đọc nội dung độc lập;
444;v16.2.5;v16.2.15;qa/suites/fs/mirror-ha/.qa;;A;A;1;0;FALSE;0;120000;0;fea2489fdf6d9c5d189a12524b23f3f8daedd85a;11;11-cephfs-mds;P2;test/QA;reference-only;Không đọc độc lập;
445;v16.2.5;v16.2.15;qa/suites/fs/mirror-ha/begin.yaml;;A;A;1;0;FALSE;0;120000;0;311d404f7c2760adc7ba00a5277164bdba1299f9;11;11-cephfs-mds;P2;test/QA;reference-only;Không đọc độc lập;
446;v16.2.5;v16.2.15;qa/suites/fs/mirror-ha/cephfs-mirror/+;;A;A;0;0;FALSE;0;100644;0;e69de29bb2d1d6434b8b29ae775ad8c2e48c5391;11;11-cephfs-mds;P2;mechanical/zero-LOC;reference-only;Không đọc nội dung độc lập;
447;v16.2.5;v16.2.15;qa/suites/fs/mirror-ha/cephfs-mirror/1-volume-create-rm.yaml;;A;A;14;0;FALSE;0;100644;0;4ee16e1c98369810ac9071cf15e6a1422cd8f292;11;11-cephfs-mds;P2;test/QA;reference-only;Không đọc độc lập;
448;v16.2.5;v16.2.15;qa/suites/fs/mirror-ha/cephfs-mirror/2-three-per-cluster.yaml;;A;A;12;0;FALSE;0;100644;0;095f0893ac26a94fc15c290dddbf2d4741bc67d3;11;11-cephfs-mds;P2;test/QA;reference-only;Không đọc độc lập;
449;v16.2.5;v16.2.15;qa/suites/fs/mirror-ha/clients/+;;A;A;0;0;FALSE;0;100644;0;e69de29bb2d1d6434b8b29ae775ad8c2e48c5391;11;11-cephfs-mds;P2;mechanical/zero-LOC;reference-only;Không đọc nội dung độc lập;
450;v16.2.5;v16.2.15;qa/suites/fs/mirror-ha/clients/.qa;;A;A;1;0;FALSE;0;120000;0;fea2489fdf6d9c5d189a12524b23f3f8daedd85a;11;11-cephfs-mds;P2;test/QA;reference-only;Không đọc độc lập;
451;v16.2.5;v16.2.15;qa/suites/fs/mirror-ha/clients/mirror.yaml;;A;A;32;0;FALSE;0;100644;0;620c821e1170e2da467d8f7e703c4ba1b81242fd;11;11-cephfs-mds;P2;test/QA;reference-only;Không đọc độc lập;
452;v16.2.5;v16.2.15;qa/suites/fs/mirror-ha/cluster/+;;A;A;0;0;FALSE;0;100644;0;e69de29bb2d1d6434b8b29ae775ad8c2e48c5391;11;11-cephfs-mds;P2;mechanical/zero-LOC;reference-only;Không đọc nội dung độc lập;
453;v16.2.5;v16.2.15;qa/suites/fs/mirror-ha/cluster/1-node.yaml;;A;A;20;0;FALSE;0;100644;0;cc70c106d67e48202d7574de46c6782ea5a32897;11;11-cephfs-mds;P2;test/QA;reference-only;Không đọc độc lập;
454;v16.2.5;v16.2.15;qa/suites/fs/mirror-ha/objectstore/.qa;;A;A;1;0;FALSE;0;120000;0;fea2489fdf6d9c5d189a12524b23f3f8daedd85a;11;11-cephfs-mds;P2;test/QA;reference-only;Không đọc độc lập;
455;v16.2.5;v16.2.15;qa/suites/fs/mirror-ha/objectstore/bluestore-bitmap.yaml;;A;A;1;0;FALSE;0;120000;0;a59cf5175069a8d125e2c4f1bab72d354c02627c;11;11-cephfs-mds;P2;test/QA;reference-only;Không đọc độc lập;
456;v16.2.5;v16.2.15;qa/suites/fs/mirror-ha/overrides/+;;A;A;0;0;FALSE;0;100644;0;e69de29bb2d1d6434b8b29ae775ad8c2e48c5391;11;11-cephfs-mds;P2;mechanical/zero-LOC;reference-only;Không đọc nội dung độc lập;
457;v16.2.5;v16.2.15;qa/suites/fs/mirror-ha/overrides/.qa;;A;A;1;0;FALSE;0;120000;0;fea2489fdf6d9c5d189a12524b23f3f8daedd85a;11;11-cephfs-mds;P2;test/QA;reference-only;Không đọc độc lập;
458;v16.2.5;v16.2.15;qa/suites/fs/mirror-ha/overrides/whitelist_health.yaml;qa/cephfs/overrides/whitelist_health.yaml;R;R080;2;0;FALSE;100644;100644;7f0d49eab63c70f2ef6e02a0c594ea0eb84b0f6d;d40fa4cb82ce7412d0250502e664b5c0fe6fb007;11;11-cephfs-mds;P2;test/QA;reference-only;Không đọc độc lập;
459;v16.2.5;v16.2.15;qa/suites/fs/mirror-ha/supported-random-distro$;qa/suites/rbd/persistent-writeback-cache/3-supported-random-distro$;R;R100;0;0;FALSE;120000;120000;0862b4457b37a038999a4485572780a8bd3c07db;0862b4457b37a038999a4485572780a8bd3c07db;11;11-cephfs-mds;P2;mechanical/zero-LOC;reference-only;Không đọc nội dung độc lập;
460;v16.2.5;v16.2.15;qa/suites/fs/mirror-ha/workloads/.qa;;A;A;1;0;FALSE;0;120000;0;fea2489fdf6d9c5d189a12524b23f3f8daedd85a;11;11-cephfs-mds;P2;test/QA;reference-only;Không đọc độc lập;
461;v16.2.5;v16.2.15;qa/suites/fs/mirror-ha/workloads/cephfs-mirror-ha-workunit.yaml;;A;A;33;0;FALSE;0;100644;0;ce4dddf78d51e4a68a41d0d71ab8fee045f512f1;11;11-cephfs-mds;P2;test/QA;reference-only;Không đọc độc lập;
462;v16.2.5;v16.2.15;qa/suites/fs/mirror/tasks/mirror.yaml;;M;M;1;1;FALSE;100644;100644;af60495e53f8b9b05cc1efe1eafe969b3b23aaa7;07c1e24efbf8e766d5f4b5a809fafd1c8f17ad2c;11;11-cephfs-mds;P2;test/QA;reference-only;Không đọc độc lập;
463;v16.2.5;v16.2.15;qa/suites/fs/mixed-clients/overrides/frag_enable.yaml;;D;D;0;1;FALSE;120000;0;34a39a368cf158fb1235183778b881477d56750c;0;11;11-cephfs-mds;P2;test/QA;reference-only;Không đọc độc lập;
464;v16.2.5;v16.2.15;qa/suites/fs/mixed-clients/overrides/ignorelist_health.yaml;;A;A;1;0;FALSE;0;120000;0;5cb891a95c3c84f2fcf67c2b0e5e678593400537;11;11-cephfs-mds;P2;test/QA;reference-only;Không đọc độc lập;
465;v16.2.5;v16.2.15;qa/suites/fs/mixed-clients/overrides/ignorelist_wrongly_marked_down.yaml;;A;A;1;0;FALSE;0;120000;0;f317cb714ca2801799ef0daff43abd435caa47f3;11;11-cephfs-mds;P2;test/QA;reference-only;Không đọc độc lập;
466;v16.2.5;v16.2.15;qa/suites/fs/mixed-clients/overrides/whitelist_health.yaml;;D;D;0;1;FALSE;120000;0;74f39a49b27edc0caacda2bcd930b79b06781d40;0;11;11-cephfs-mds;P2;test/QA;reference-only;Không đọc độc lập;
467;v16.2.5;v16.2.15;qa/suites/fs/mixed-clients/overrides/whitelist_wrongly_marked_down.yaml;;D;D;0;1;FALSE;120000;0;b4528c0f8c096bc9e80dd8ead702ab458aec3b13;0;11;11-cephfs-mds;P2;test/QA;reference-only;Không đọc độc lập;
468;v16.2.5;v16.2.15;qa/suites/fs/multiclient/overrides/frag_enable.yaml;;D;D;0;1;FALSE;120000;0;34a39a368cf158fb1235183778b881477d56750c;0;11;11-cephfs-mds;P2;test/QA;reference-only;Không đọc độc lập;
469;v16.2.5;v16.2.15;qa/suites/fs/multiclient/overrides/ignorelist_health.yaml;;A;A;1;0;FALSE;0;120000;0;5cb891a95c3c84f2fcf67c2b0e5e678593400537;11;11-cephfs-mds;P2;test/QA;reference-only;Không đọc độc lập;
470;v16.2.5;v16.2.15;qa/suites/fs/multiclient/overrides/ignorelist_wrongly_marked_down.yaml;;A;A;1;0;FALSE;0;120000;0;f317cb714ca2801799ef0daff43abd435caa47f3;11;11-cephfs-mds;P2;test/QA;reference-only;Không đọc độc lập;
471;v16.2.5;v16.2.15;qa/suites/fs/multiclient/overrides/whitelist_health.yaml;;D;D;0;1;FALSE;120000;0;74f39a49b27edc0caacda2bcd930b79b06781d40;0;11;11-cephfs-mds;P2;test/QA;reference-only;Không đọc độc lập;
472;v16.2.5;v16.2.15;qa/suites/fs/multiclient/overrides/whitelist_wrongly_marked_down.yaml;;D;D;0;1;FALSE;120000;0;b4528c0f8c096bc9e80dd8ead702ab458aec3b13;0;11;11-cephfs-mds;P2;test/QA;reference-only;Không đọc độc lập;
473;v16.2.5;v16.2.15;qa/suites/fs/multiclient/tasks/cephfs_misc_tests.yaml;;M;M;1;0;FALSE;100644;100644;40d63ba792b11ea5110d73e8de0cff99488bc55d;e6d6ef99b15d6ac2a6cdc1affe948fd7685ee97f;11;11-cephfs-mds;P2;test/QA;reference-only;Không đọc độc lập;
474;v16.2.5;v16.2.15;qa/suites/fs/multifs/overrides/frag_enable.yaml;;D;D;0;1;FALSE;120000;0;34a39a368cf158fb1235183778b881477d56750c;0;11;11-cephfs-mds;P2;test/QA;reference-only;Không đọc độc lập;
475;v16.2.5;v16.2.15;qa/suites/fs/multifs/overrides/ignorelist_health.yaml;;A;A;1;0;FALSE;0;120000;0;5cb891a95c3c84f2fcf67c2b0e5e678593400537;11;11-cephfs-mds;P2;test/QA;reference-only;Không đọc độc lập;
476;v16.2.5;v16.2.15;qa/suites/fs/multifs/overrides/ignorelist_wrongly_marked_down.yaml;;A;A;1;0;FALSE;0;120000;0;f317cb714ca2801799ef0daff43abd435caa47f3;11;11-cephfs-mds;P2;test/QA;reference-only;Không đọc độc lập;
477;v16.2.5;v16.2.15;qa/suites/fs/multifs/overrides/whitelist_health.yaml;;D;D;0;1;FALSE;120000;0;74f39a49b27edc0caacda2bcd930b79b06781d40;0;11;11-cephfs-mds;P2;test/QA;reference-only;Không đọc độc lập;
478;v16.2.5;v16.2.15;qa/suites/fs/multifs/overrides/whitelist_wrongly_marked_down.yaml;;D;D;0;1;FALSE;120000;0;b4528c0f8c096bc9e80dd8ead702ab458aec3b13;0;11;11-cephfs-mds;P2;test/QA;reference-only;Không đọc độc lập;
479;v16.2.5;v16.2.15;qa/suites/fs/multifs/tasks/failover.yaml;;M;M;2;0;FALSE;100644;100644;4a95f01da9c73f02629d54b8493c8cdf506f5262;9c403c76db6c8b48f49e8977bbd7f52285b72c10;11;11-cephfs-mds;P2;test/QA;reference-only;Không đọc độc lập;
480;v16.2.5;v16.2.15;qa/suites/fs/permission/overrides/frag_enable.yaml;;D;D;0;1;FALSE;120000;0;34a39a368cf158fb1235183778b881477d56750c;0;11;11-cephfs-mds;P2;test/QA;reference-only;Không đọc độc lập;
481;v16.2.5;v16.2.15;qa/suites/fs/permission/overrides/ignorelist_health.yaml;;A;A;1;0;FALSE;0;120000;0;5cb891a95c3c84f2fcf67c2b0e5e678593400537;11;11-cephfs-mds;P2;test/QA;reference-only;Không đọc độc lập;
482;v16.2.5;v16.2.15;qa/suites/fs/permission/overrides/ignorelist_wrongly_marked_down.yaml;;A;A;1;0;FALSE;0;120000;0;f317cb714ca2801799ef0daff43abd435caa47f3;11;11-cephfs-mds;P2;test/QA;reference-only;Không đọc độc lập;
483;v16.2.5;v16.2.15;qa/suites/fs/permission/overrides/whitelist_health.yaml;;D;D;0;1;FALSE;120000;0;74f39a49b27edc0caacda2bcd930b79b06781d40;0;11;11-cephfs-mds;P2;test/QA;reference-only;Không đọc độc lập;
484;v16.2.5;v16.2.15;qa/suites/fs/permission/overrides/whitelist_wrongly_marked_down.yaml;;D;D;0;1;FALSE;120000;0;b4528c0f8c096bc9e80dd8ead702ab458aec3b13;0;11;11-cephfs-mds;P2;test/QA;reference-only;Không đọc độc lập;
485;v16.2.5;v16.2.15;qa/suites/fs/permission/tasks/cfuse_workunit_misc.yaml;;M;M;1;0;FALSE;100644;100644;6ff6195bfb473959daeaa716863598307b93df9d;ca026c45ff1ec3c49ecf3768d28e14dc84e0ad97;11;11-cephfs-mds;P2;test/QA;reference-only;Không đọc độc lập;
486;v16.2.5;v16.2.15;qa/suites/fs/shell/overrides/frag_enable.yaml;;D;D;0;1;FALSE;120000;0;34a39a368cf158fb1235183778b881477d56750c;0;11;11-cephfs-mds;P2;test/QA;reference-only;Không đọc độc lập;
487;v16.2.5;v16.2.15;qa/suites/fs/shell/overrides/ignorelist_health.yaml;;A;A;1;0;FALSE;0;120000;0;5cb891a95c3c84f2fcf67c2b0e5e678593400537;11;11-cephfs-mds;P2;test/QA;reference-only;Không đọc độc lập;
488;v16.2.5;v16.2.15;qa/suites/fs/shell/overrides/ignorelist_wrongly_marked_down.yaml;;A;A;1;0;FALSE;0;120000;0;f317cb714ca2801799ef0daff43abd435caa47f3;11;11-cephfs-mds;P2;test/QA;reference-only;Không đọc độc lập;
489;v16.2.5;v16.2.15;qa/suites/fs/shell/overrides/whitelist_health.yaml;;D;D;0;1;FALSE;120000;0;74f39a49b27edc0caacda2bcd930b79b06781d40;0;11;11-cephfs-mds;P2;test/QA;reference-only;Không đọc độc lập;
490;v16.2.5;v16.2.15;qa/suites/fs/shell/overrides/whitelist_wrongly_marked_down.yaml;;D;D;0;1;FALSE;120000;0;b4528c0f8c096bc9e80dd8ead702ab458aec3b13;0;11;11-cephfs-mds;P2;test/QA;reference-only;Không đọc độc lập;
491;v16.2.5;v16.2.15;qa/suites/fs/snaps/overrides/frag_enable.yaml;;D;D;0;1;FALSE;120000;0;34a39a368cf158fb1235183778b881477d56750c;0;11;11-cephfs-mds;P2;test/QA;reference-only;Không đọc độc lập;
492;v16.2.5;v16.2.15;qa/suites/fs/snaps/overrides/ignorelist_health.yaml;;A;A;1;0;FALSE;0;120000;0;5cb891a95c3c84f2fcf67c2b0e5e678593400537;11;11-cephfs-mds;P2;test/QA;reference-only;Không đọc độc lập;
493;v16.2.5;v16.2.15;qa/suites/fs/snaps/overrides/ignorelist_wrongly_marked_down.yaml;;A;A;1;0;FALSE;0;120000;0;f317cb714ca2801799ef0daff43abd435caa47f3;11;11-cephfs-mds;P2;test/QA;reference-only;Không đọc độc lập;
494;v16.2.5;v16.2.15;qa/suites/fs/snaps/overrides/whitelist_health.yaml;;D;D;0;1;FALSE;120000;0;74f39a49b27edc0caacda2bcd930b79b06781d40;0;11;11-cephfs-mds;P2;test/QA;reference-only;Không đọc độc lập;
495;v16.2.5;v16.2.15;qa/suites/fs/snaps/overrides/whitelist_wrongly_marked_down.yaml;;D;D;0;1;FALSE;120000;0;b4528c0f8c096bc9e80dd8ead702ab458aec3b13;0;11;11-cephfs-mds;P2;test/QA;reference-only;Không đọc độc lập;
496;v16.2.5;v16.2.15;qa/suites/fs/thrash/multifs/overrides/client-shutdown.yaml;;A;A;6;0;FALSE;0;100644;0;30b2ea98150b52f8df5a6cc6421a87fd06a1d3b9;11;11-cephfs-mds;P2;test/QA;reference-only;Không đọc độc lập;
497;v16.2.5;v16.2.15;qa/suites/fs/thrash/multifs/overrides/frag.yaml;;A;A;1;0;FALSE;0;120000;0;5e5cdaed8c7ecaf516cc1063138617e81f06489e;11;11-cephfs-mds;P2;test/QA;reference-only;Không đọc độc lập;
498;v16.2.5;v16.2.15;qa/suites/fs/thrash/multifs/overrides/frag_enable.yaml;;D;D;0;1;FALSE;120000;0;34a39a368cf158fb1235183778b881477d56750c;0;11;11-cephfs-mds;P2;test/QA;reference-only;Không đọc độc lập;
499;v16.2.5;v16.2.15;qa/suites/fs/thrash/multifs/overrides/ignorelist_health.yaml;;A;A;1;0;FALSE;0;120000;0;5cb891a95c3c84f2fcf67c2b0e5e678593400537;11;11-cephfs-mds;P2;test/QA;reference-only;Không đọc độc lập;
500;v16.2.5;v16.2.15;qa/suites/fs/thrash/multifs/overrides/ignorelist_wrongly_marked_down.yaml;;A;A;1;0;FALSE;0;120000;0;f317cb714ca2801799ef0daff43abd435caa47f3;11;11-cephfs-mds;P2;test/QA;reference-only;Không đọc độc lập;
501;v16.2.5;v16.2.15;qa/suites/fs/thrash/multifs/overrides/whitelist_health.yaml;;D;D;0;1;FALSE;120000;0;74f39a49b27edc0caacda2bcd930b79b06781d40;0;11;11-cephfs-mds;P2;test/QA;reference-only;Không đọc độc lập;
502;v16.2.5;v16.2.15;qa/suites/fs/thrash/multifs/overrides/whitelist_wrongly_marked_down.yaml;;D;D;0;1;FALSE;120000;0;b4528c0f8c096bc9e80dd8ead702ab458aec3b13;0;11;11-cephfs-mds;P2;test/QA;reference-only;Không đọc độc lập;
503;v16.2.5;v16.2.15;qa/suites/fs/thrash/workloads/overrides/%;;A;A;0;0;FALSE;0;100644;0;e69de29bb2d1d6434b8b29ae775ad8c2e48c5391;11;11-cephfs-mds;P2;mechanical/zero-LOC;reference-only;Không đọc nội dung độc lập;
504;v16.2.5;v16.2.15;qa/suites/fs/thrash/workloads/overrides/client-shutdown.yaml;;A;A;6;0;FALSE;0;100644;0;30b2ea98150b52f8df5a6cc6421a87fd06a1d3b9;11;11-cephfs-mds;P2;test/QA;reference-only;Không đọc độc lập;
505;v16.2.5;v16.2.15;qa/suites/fs/thrash/workloads/overrides/frag.yaml;;A;A;1;0;FALSE;0;120000;0;5e5cdaed8c7ecaf516cc1063138617e81f06489e;11;11-cephfs-mds;P2;test/QA;reference-only;Không đọc độc lập;
506;v16.2.5;v16.2.15;qa/suites/fs/thrash/workloads/overrides/frag_enable.yaml;;D;D;0;1;FALSE;120000;0;34a39a368cf158fb1235183778b881477d56750c;0;11;11-cephfs-mds;P2;test/QA;reference-only;Không đọc độc lập;
507;v16.2.5;v16.2.15;qa/suites/fs/thrash/workloads/overrides/ignorelist_health.yaml;;A;A;1;0;FALSE;0;120000;0;5cb891a95c3c84f2fcf67c2b0e5e678593400537;11;11-cephfs-mds;P2;test/QA;reference-only;Không đọc độc lập;
508;v16.2.5;v16.2.15;qa/suites/fs/thrash/workloads/overrides/ignorelist_wrongly_marked_down.yaml;;A;A;1;0;FALSE;0;120000;0;f317cb714ca2801799ef0daff43abd435caa47f3;11;11-cephfs-mds;P2;test/QA;reference-only;Không đọc độc lập;
509;v16.2.5;v16.2.15;qa/suites/fs/thrash/workloads/overrides/prefetch_dirfrags/no.yaml;;A;A;5;0;FALSE;0;100644;0;91b45367934cb5875f5499a32b56f377f11e6b9b;11;11-cephfs-mds;P2;test/QA;reference-only;Không đọc độc lập;
510;v16.2.5;v16.2.15;qa/suites/fs/thrash/workloads/overrides/prefetch_dirfrags/yes.yaml;;A;A;5;0;FALSE;0;100644;0;bd202f988c8697a75b14715d69c385ec19e161d9;11;11-cephfs-mds;P2;test/QA;reference-only;Không đọc độc lập;
511;v16.2.5;v16.2.15;qa/suites/fs/thrash/workloads/overrides/races.yaml;;A;A;5;0;FALSE;0;100644;0;e7d75389699535261347c4246ddc9e5e5f45fedd;11;11-cephfs-mds;P2;test/QA;reference-only;Không đọc độc lập;
512;v16.2.5;v16.2.15;qa/suites/fs/thrash/workloads/overrides/whitelist_health.yaml;;D;D;0;1;FALSE;120000;0;74f39a49b27edc0caacda2bcd930b79b06781d40;0;11;11-cephfs-mds;P2;test/QA;reference-only;Không đọc độc lập;
513;v16.2.5;v16.2.15;qa/suites/fs/thrash/workloads/overrides/whitelist_wrongly_marked_down.yaml;;D;D;0;1;FALSE;120000;0;b4528c0f8c096bc9e80dd8ead702ab458aec3b13;0;11;11-cephfs-mds;P2;test/QA;reference-only;Không đọc độc lập;
514;v16.2.5;v16.2.15;qa/suites/fs/thrash/workloads/tasks/1-thrash/osd.yaml;;M;M;1;0;FALSE;100644;100644;62e30ba230fa4c94fa3c882116c10356b053aea9;037d399a702d4932e73008d203f10782931cfd5d;11;11-cephfs-mds;P2;test/QA;reference-only;Không đọc độc lập;
515;v16.2.5;v16.2.15;qa/suites/fs/top/cluster/1-node.yaml;;M;M;3;1;FALSE;100644;100644;c5313bb0492a86580a147743fdd48c4f758168d3;48c4996e77f8a167b9ac142145a7ca64e6111ec6;11;11-cephfs-mds;P2;test/QA;reference-only;Không đọc độc lập;
516;v16.2.5;v16.2.15;qa/suites/fs/top/overrides/ignorelist_health.yaml;;A;A;1;0;FALSE;0;120000;0;5cb891a95c3c84f2fcf67c2b0e5e678593400537;11;11-cephfs-mds;P2;test/QA;reference-only;Không đọc độc lập;
517;v16.2.5;v16.2.15;qa/suites/fs/top/overrides/whitelist_health.yaml;;D;D;0;1;FALSE;120000;0;3f8d0af872a498284a04865b222f22aafd82c953;0;11;11-cephfs-mds;P2;test/QA;reference-only;Không đọc độc lập;
518;v16.2.5;v16.2.15;qa/suites/fs/traceless/overrides/frag.yaml;;A;A;1;0;FALSE;0;120000;0;5e5cdaed8c7ecaf516cc1063138617e81f06489e;11;11-cephfs-mds;P2;test/QA;reference-only;Không đọc độc lập;
519;v16.2.5;v16.2.15;qa/suites/fs/traceless/overrides/frag_enable.yaml;;D;D;0;1;FALSE;120000;0;34a39a368cf158fb1235183778b881477d56750c;0;11;11-cephfs-mds;P2;test/QA;reference-only;Không đọc độc lập;
520;v16.2.5;v16.2.15;qa/suites/fs/traceless/overrides/ignorelist_health.yaml;;A;A;1;0;FALSE;0;120000;0;5cb891a95c3c84f2fcf67c2b0e5e678593400537;11;11-cephfs-mds;P2;test/QA;reference-only;Không đọc độc lập;
521;v16.2.5;v16.2.15;qa/suites/fs/traceless/overrides/ignorelist_wrongly_marked_down.yaml;;A;A;1;0;FALSE;0;120000;0;f317cb714ca2801799ef0daff43abd435caa47f3;11;11-cephfs-mds;P2;test/QA;reference-only;Không đọc độc lập;
522;v16.2.5;v16.2.15;qa/suites/fs/traceless/overrides/whitelist_health.yaml;;D;D;0;1;FALSE;120000;0;74f39a49b27edc0caacda2bcd930b79b06781d40;0;11;11-cephfs-mds;P2;test/QA;reference-only;Không đọc độc lập;
523;v16.2.5;v16.2.15;qa/suites/fs/traceless/overrides/whitelist_wrongly_marked_down.yaml;;D;D;0;1;FALSE;120000;0;b4528c0f8c096bc9e80dd8ead702ab458aec3b13;0;11;11-cephfs-mds;P2;test/QA;reference-only;Không đọc độc lập;
524;v16.2.5;v16.2.15;qa/suites/fs/upgrade/featureful_client/old_client/overrides/frag_enable.yaml;;D;D;0;1;FALSE;120000;0;34a39a368cf158fb1235183778b881477d56750c;0;11;11-cephfs-mds;P2;test/QA;reference-only;Không đọc độc lập;
525;v16.2.5;v16.2.15;qa/suites/fs/upgrade/featureful_client/old_client/overrides/ignorelist_health.yaml;;A;A;1;0;FALSE;0;120000;0;5cb891a95c3c84f2fcf67c2b0e5e678593400537;11;11-cephfs-mds;P2;test/QA;reference-only;Không đọc độc lập;
526;v16.2.5;v16.2.15;qa/suites/fs/upgrade/featureful_client/old_client/overrides/ignorelist_wrongly_marked_down.yaml;;A;A;1;0;FALSE;0;120000;0;f317cb714ca2801799ef0daff43abd435caa47f3;11;11-cephfs-mds;P2;test/QA;reference-only;Không đọc độc lập;
527;v16.2.5;v16.2.15;qa/suites/fs/upgrade/featureful_client/old_client/overrides/whitelist_health.yaml;;D;D;0;1;FALSE;120000;0;74f39a49b27edc0caacda2bcd930b79b06781d40;0;11;11-cephfs-mds;P2;test/QA;reference-only;Không đọc độc lập;
528;v16.2.5;v16.2.15;qa/suites/fs/upgrade/featureful_client/old_client/overrides/whitelist_wrongly_marked_down.yaml;;D;D;0;1;FALSE;120000;0;b4528c0f8c096bc9e80dd8ead702ab458aec3b13;0;11;11-cephfs-mds;P2;test/QA;reference-only;Không đọc độc lập;
529;v16.2.5;v16.2.15;qa/suites/fs/upgrade/featureful_client/old_client/tasks/2-upgrade.yaml;;M;M;1;1;FALSE;100644;100644;0d22a26a612fae8ea3d8bb0ba6bbb6b3a6dc21cb;6e5ef07922ecb235dc1f2eccebe582567f0e1bc5;11;11-cephfs-mds;P2;test/QA;reference-only;Không đọc độc lập;
530;v16.2.5;v16.2.15;qa/suites/fs/upgrade/featureful_client/upgraded_client/overrides/frag_enable.yaml;;D;D;0;1;FALSE;120000;0;34a39a368cf158fb1235183778b881477d56750c;0;11;11-cephfs-mds;P2;test/QA;reference-only;Không đọc độc lập;
531;v16.2.5;v16.2.15;qa/suites/fs/upgrade/featureful_client/upgraded_client/overrides/ignorelist_health.yaml;;A;A;1;0;FALSE;0;120000;0;5cb891a95c3c84f2fcf67c2b0e5e678593400537;11;11-cephfs-mds;P2;test/QA;reference-only;Không đọc độc lập;
532;v16.2.5;v16.2.15;qa/suites/fs/upgrade/featureful_client/upgraded_client/overrides/ignorelist_wrongly_marked_down.yaml;;A;A;1;0;FALSE;0;120000;0;f317cb714ca2801799ef0daff43abd435caa47f3;11;11-cephfs-mds;P2;test/QA;reference-only;Không đọc độc lập;
533;v16.2.5;v16.2.15;qa/suites/fs/upgrade/featureful_client/upgraded_client/overrides/whitelist_health.yaml;;D;D;0;1;FALSE;120000;0;74f39a49b27edc0caacda2bcd930b79b06781d40;0;11;11-cephfs-mds;P2;test/QA;reference-only;Không đọc độc lập;
534;v16.2.5;v16.2.15;qa/suites/fs/upgrade/featureful_client/upgraded_client/overrides/whitelist_wrongly_marked_down.yaml;;D;D;0;1;FALSE;120000;0;b4528c0f8c096bc9e80dd8ead702ab458aec3b13;0;11;11-cephfs-mds;P2;test/QA;reference-only;Không đọc độc lập;
535;v16.2.5;v16.2.15;qa/suites/fs/upgrade/featureful_client/upgraded_client/tasks/2-upgrade.yaml;;M;M;1;1;FALSE;100644;100644;687cac4e57b4d8aae49942d7215dcf0f4d5fb1fe;9d3f3c9eaa851fc66e20de80e9da9e31a934fd23;11;11-cephfs-mds;P2;test/QA;reference-only;Không đọc độc lập;
536;v16.2.5;v16.2.15;qa/suites/fs/upgrade/mds_upgrade_sequence/%;;A;A;0;0;FALSE;0;100644;0;e69de29bb2d1d6434b8b29ae775ad8c2e48c5391;11;11-cephfs-mds;P2;mechanical/zero-LOC;reference-only;Không đọc nội dung độc lập;
537;v16.2.5;v16.2.15;qa/suites/fs/upgrade/mds_upgrade_sequence/.qa;qa/suites/krbd/singleton/msgr-failures/.qa;R;R100;0;0;FALSE;120000;120000;a602a0353e7510e9ac07370ceaed121e2e528fa2;a602a0353e7510e9ac07370ceaed121e2e528fa2;11;11-cephfs-mds;P2;mechanical/zero-LOC;reference-only;Không đọc nội dung độc lập;
538;v16.2.5;v16.2.15;qa/suites/fs/upgrade/mds_upgrade_sequence/bluestore-bitmap.yaml;;A;A;1;0;FALSE;0;120000;0;fb603bc9a64c85a6aa223cfa8606159f11208c3e;11;11-cephfs-mds;P2;test/QA;reference-only;Không đọc độc lập;
539;v16.2.5;v16.2.15;qa/suites/fs/upgrade/mds_upgrade_sequence/centos_8.stream_container_tools.yaml;;A;A;1;0;FALSE;0;120000;0;7a86f967f0203edafda26f1e53831cc5640b09c6;11;11-cephfs-mds;P2;test/QA;reference-only;Không đọc độc lập;
540;v16.2.5;v16.2.15;qa/suites/fs/upgrade/mds_upgrade_sequence/conf;;A;A;1;0;FALSE;0;120000;0;6d47129847fad8b2d2ed8ecb208215a17d76d554;11;11-cephfs-mds;P2;test/QA;reference-only;Không đọc độc lập;
541;v16.2.5;v16.2.15;qa/suites/fs/upgrade/mds_upgrade_sequence/overrides/%;;A;A;0;0;FALSE;0;100644;0;e69de29bb2d1d6434b8b29ae775ad8c2e48c5391;11;11-cephfs-mds;P2;mechanical/zero-LOC;reference-only;Không đọc nội dung độc lập;
542;v16.2.5;v16.2.15;qa/suites/fs/upgrade/mds_upgrade_sequence/overrides/.qa;qa/suites/rbd/persistent-writeback-cache/.qa;R;R100;0;0;FALSE;120000;120000;a602a0353e7510e9ac07370ceaed121e2e528fa2;a602a0353e7510e9ac07370ceaed121e2e528fa2;11;11-cephfs-mds;P2;mechanical/zero-LOC;reference-only;Không đọc nội dung độc lập;
543;v16.2.5;v16.2.15;qa/suites/fs/upgrade/mds_upgrade_sequence/overrides/ignorelist_health.yaml;;A;A;1;0;FALSE;0;120000;0;5cb891a95c3c84f2fcf67c2b0e5e678593400537;11;11-cephfs-mds;P2;test/QA;reference-only;Không đọc độc lập;
544;v16.2.5;v16.2.15;qa/suites/fs/upgrade/mds_upgrade_sequence/overrides/ignorelist_wrongly_marked_down.yaml;;A;A;1;0;FALSE;0;120000;0;f317cb714ca2801799ef0daff43abd435caa47f3;11;11-cephfs-mds;P2;test/QA;reference-only;Không đọc độc lập;
545;v16.2.5;v16.2.15;qa/suites/fs/upgrade/mds_upgrade_sequence/overrides/pg-warn.yaml;;A;A;5;0;FALSE;0;100644;0;4ae54a40d3195ab57baa1e23d53c49ba34d750dc;11;11-cephfs-mds;P2;test/QA;reference-only;Không đọc độc lập;
546;v16.2.5;v16.2.15;qa/suites/fs/upgrade/mds_upgrade_sequence/roles.yaml;;A;A;11;0;FALSE;0;100644;0;bce4ecd34ccb32b187ca9219a827e25651de020e;11;11-cephfs-mds;P2;test/QA;reference-only;Không đọc độc lập;
547;v16.2.5;v16.2.15;qa/suites/fs/upgrade/mds_upgrade_sequence/tasks/%;;A;A;0;0;FALSE;0;100644;0;e69de29bb2d1d6434b8b29ae775ad8c2e48c5391;11;11-cephfs-mds;P2;mechanical/zero-LOC;reference-only;Không đọc nội dung độc lập;
548;v16.2.5;v16.2.15;qa/suites/fs/upgrade/mds_upgrade_sequence/tasks/.qa;qa/suites/rbd/persistent-writeback-cache/2-cluster/.qa;R;R100;0;0;FALSE;120000;120000;a602a0353e7510e9ac07370ceaed121e2e528fa2;a602a0353e7510e9ac07370ceaed121e2e528fa2;11;11-cephfs-mds;P2;mechanical/zero-LOC;reference-only;Không đọc nội dung độc lập;
549;v16.2.5;v16.2.15;qa/suites/fs/upgrade/mds_upgrade_sequence/tasks/0-from/.qa;qa/suites/rbd/persistent-writeback-cache/6-workloads/.qa;R;R100;0;0;FALSE;120000;120000;a602a0353e7510e9ac07370ceaed121e2e528fa2;a602a0353e7510e9ac07370ceaed121e2e528fa2;11;11-cephfs-mds;P2;mechanical/zero-LOC;reference-only;Không đọc nội dung độc lập;
550;v16.2.5;v16.2.15;qa/suites/fs/upgrade/mds_upgrade_sequence/tasks/0-from/v16.2.4.yaml;;A;A;30;0;FALSE;0;100644;0;47166a9aff8e70ce930d8f9b12c1cc1018f586c8;11;11-cephfs-mds;P2;test/QA;reference-only;Không đọc độc lập;
551;v16.2.5;v16.2.15;qa/suites/fs/upgrade/mds_upgrade_sequence/tasks/1-volume/%;;A;A;0;0;FALSE;0;100644;0;e69de29bb2d1d6434b8b29ae775ad8c2e48c5391;11;11-cephfs-mds;P2;mechanical/zero-LOC;reference-only;Không đọc nội dung độc lập;
552;v16.2.5;v16.2.15;qa/suites/fs/upgrade/mds_upgrade_sequence/tasks/1-volume/.qa;;A;A;1;0;FALSE;0;120000;0;a602a0353e7510e9ac07370ceaed121e2e528fa2;11;11-cephfs-mds;P2;test/QA;reference-only;Không đọc độc lập;
553;v16.2.5;v16.2.15;qa/suites/fs/upgrade/mds_upgrade_sequence/tasks/1-volume/0-create.yaml;;A;A;5;0;FALSE;0;100644;0;5ee0022c6bd6ea07faaa0a0bb370ffc63e3ea24a;11;11-cephfs-mds;P2;test/QA;reference-only;Không đọc độc lập;
554;v16.2.5;v16.2.15;qa/suites/fs/upgrade/mds_upgrade_sequence/tasks/1-volume/1-ranks/.qa;;A;A;1;0;FALSE;0;120000;0;a602a0353e7510e9ac07370ceaed121e2e528fa2;11;11-cephfs-mds;P2;test/QA;reference-only;Không đọc độc lập;
555;v16.2.5;v16.2.15;qa/suites/fs/upgrade/mds_upgrade_sequence/tasks/1-volume/1-ranks/1.yaml;;A;A;4;0;FALSE;0;100644;0;8c1cd2fe0a1cd9fab73c7b679dcc2eddb5151b52;11;11-cephfs-mds;P2;test/QA;reference-only;Không đọc độc lập;
556;v16.2.5;v16.2.15;qa/suites/fs/upgrade/mds_upgrade_sequence/tasks/1-volume/1-ranks/2.yaml;;A;A;4;0;FALSE;0;100644;0;fcd3b1ea42ea7f085c484f360b012cb46c935902;11;11-cephfs-mds;P2;test/QA;reference-only;Không đọc độc lập;
557;v16.2.5;v16.2.15;qa/suites/fs/upgrade/mds_upgrade_sequence/tasks/1-volume/2-allow_standby_replay/.qa;;A;A;1;0;FALSE;0;120000;0;a602a0353e7510e9ac07370ceaed121e2e528fa2;11;11-cephfs-mds;P2;test/QA;reference-only;Không đọc độc lập;
558;v16.2.5;v16.2.15;qa/suites/fs/upgrade/mds_upgrade_sequence/tasks/1-volume/2-allow_standby_replay/no.yaml;;A;A;4;0;FALSE;0;100644;0;3dbc81089946508ad7068a2c465d5f6f0697008f;11;11-cephfs-mds;P2;test/QA;reference-only;Không đọc độc lập;
559;v16.2.5;v16.2.15;qa/suites/fs/upgrade/mds_upgrade_sequence/tasks/1-volume/2-allow_standby_replay/yes.yaml;;A;A;4;0;FALSE;0;100644;0;fb894425e990cb9585aef87d5b955ce1352002b9;11;11-cephfs-mds;P2;test/QA;reference-only;Không đọc độc lập;
560;v16.2.5;v16.2.15;qa/suites/fs/upgrade/mds_upgrade_sequence/tasks/1-volume/3-inline/no.yaml;;A;A;4;0;FALSE;0;100644;0;107f30ecd218e1813cae9254e6a8c7b0447bef16;11;11-cephfs-mds;P2;test/QA;reference-only;Không đọc độc lập;
561;v16.2.5;v16.2.15;qa/suites/fs/upgrade/mds_upgrade_sequence/tasks/1-volume/3-inline/yes.yaml;;A;A;4;0;FALSE;0;100644;0;246ed71b448f1d980b2e1978e374c5831a08e9f4;11;11-cephfs-mds;P2;test/QA;reference-only;Không đọc độc lập;
562;v16.2.5;v16.2.15;qa/suites/fs/upgrade/mds_upgrade_sequence/tasks/1-volume/4-verify.yaml;;A;A;7;0;FALSE;0;100644;0;e71365ad113c9c94ff98a39ee0bdcacf0ee74a73;11;11-cephfs-mds;P2;test/QA;reference-only;Không đọc độc lập;
563;v16.2.5;v16.2.15;qa/suites/fs/upgrade/mds_upgrade_sequence/tasks/2-client.yaml;;A;A;3;0;FALSE;0;100644;0;92b9dda84794f2bff4a183d355941703633e1c6d;11;11-cephfs-mds;P2;test/QA;reference-only;Không đọc độc lập;
564;v16.2.5;v16.2.15;qa/suites/fs/upgrade/mds_upgrade_sequence/tasks/3-upgrade-with-workload.yaml;;A;A;33;0;FALSE;0;100644;0;457b7e3c7ff8b3bbde287d0b1d721d8a21c050be;11;11-cephfs-mds;P2;test/QA;reference-only;Không đọc độc lập;
565;v16.2.5;v16.2.15;qa/suites/fs/upgrade/mds_upgrade_sequence/tasks/4-verify.yaml;;A;A;5;0;FALSE;0;100644;0;c2b657e5a3b8af75cd430b3c4626022aa0d0399c;11;11-cephfs-mds;P2;test/QA;reference-only;Không đọc độc lập;
566;v16.2.5;v16.2.15;qa/suites/fs/upgrade/nofs/%;;A;A;0;0;FALSE;0;100644;0;e69de29bb2d1d6434b8b29ae775ad8c2e48c5391;11;11-cephfs-mds;P2;mechanical/zero-LOC;reference-only;Không đọc nội dung độc lập;
567;v16.2.5;v16.2.15;qa/suites/fs/upgrade/nofs/.qa;;A;A;1;0;FALSE;0;120000;0;a602a0353e7510e9ac07370ceaed121e2e528fa2;11;11-cephfs-mds;P2;test/QA;reference-only;Không đọc độc lập;
568;v16.2.5;v16.2.15;qa/suites/fs/upgrade/nofs/README;;A;A;3;0;FALSE;0;100644;0;e7f6960ef0b4869bc5989a66755595bb3ead68a6;11;11-cephfs-mds;P2;documentation;reference-only;Không phân tích code sâu;
569;v16.2.5;v16.2.15;qa/suites/fs/upgrade/nofs/bluestore-bitmap.yaml;;A;A;1;0;FALSE;0;120000;0;fb603bc9a64c85a6aa223cfa8606159f11208c3e;11;11-cephfs-mds;P2;test/QA;reference-only;Không đọc độc lập;
570;v16.2.5;v16.2.15;qa/suites/fs/upgrade/nofs/centos_latest.yaml;;A;A;1;0;FALSE;0;120000;0;bd9854e702982762b598166261d958dfd20825bf;11;11-cephfs-mds;P2;test/QA;reference-only;Không đọc độc lập;
571;v16.2.5;v16.2.15;qa/suites/fs/upgrade/nofs/conf;;A;A;1;0;FALSE;0;120000;0;6d47129847fad8b2d2ed8ecb208215a17d76d554;11;11-cephfs-mds;P2;test/QA;reference-only;Không đọc độc lập;
572;v16.2.5;v16.2.15;qa/suites/fs/upgrade/nofs/no-mds-cluster.yaml;;A;A;6;0;FALSE;0;100644;0;33c6fb16b2ad834ee897a3f25b87041e15e88afb;11;11-cephfs-mds;P2;test/QA;reference-only;Không đọc độc lập;
573;v16.2.5;v16.2.15;qa/suites/fs/upgrade/nofs/overrides/%;;A;A;0;0;FALSE;0;100644;0;e69de29bb2d1d6434b8b29ae775ad8c2e48c5391;11;11-cephfs-mds;P2;mechanical/zero-LOC;reference-only;Không đọc nội dung độc lập;
574;v16.2.5;v16.2.15;qa/suites/fs/upgrade/nofs/overrides/.qa;;A;A;1;0;FALSE;0;120000;0;a602a0353e7510e9ac07370ceaed121e2e528fa2;11;11-cephfs-mds;P2;test/QA;reference-only;Không đọc độc lập;
575;v16.2.5;v16.2.15;qa/suites/fs/upgrade/nofs/overrides/ignorelist_health.yaml;;A;A;1;0;FALSE;0;120000;0;5cb891a95c3c84f2fcf67c2b0e5e678593400537;11;11-cephfs-mds;P2;test/QA;reference-only;Không đọc độc lập;
576;v16.2.5;v16.2.15;qa/suites/fs/upgrade/nofs/overrides/ignorelist_wrongly_marked_down.yaml;;A;A;1;0;FALSE;0;120000;0;f317cb714ca2801799ef0daff43abd435caa47f3;11;11-cephfs-mds;P2;test/QA;reference-only;Không đọc độc lập;
577;v16.2.5;v16.2.15;qa/suites/fs/upgrade/nofs/overrides/pg-warn.yaml;;A;A;5;0;FALSE;0;100644;0;4ae54a40d3195ab57baa1e23d53c49ba34d750dc;11;11-cephfs-mds;P2;test/QA;reference-only;Không đọc độc lập;
578;v16.2.5;v16.2.15;qa/suites/fs/upgrade/nofs/tasks/%;;A;A;0;0;FALSE;0;100644;0;e69de29bb2d1d6434b8b29ae775ad8c2e48c5391;11;11-cephfs-mds;P2;mechanical/zero-LOC;reference-only;Không đọc nội dung độc lập;
579;v16.2.5;v16.2.15;qa/suites/fs/upgrade/nofs/tasks/.qa;;A;A;1;0;FALSE;0;120000;0;a602a0353e7510e9ac07370ceaed121e2e528fa2;11;11-cephfs-mds;P2;test/QA;reference-only;Không đọc độc lập;
580;v16.2.5;v16.2.15;qa/suites/fs/upgrade/nofs/tasks/0-octopus.yaml;;A;A;38;0;FALSE;0;100644;0;40d34753da1b8eba1708c69d3fb2590bf9ecaaf4;11;11-cephfs-mds;P2;test/QA;reference-only;Không đọc độc lập;
581;v16.2.5;v16.2.15;qa/suites/fs/upgrade/nofs/tasks/1-upgrade.yaml;;A;A;45;0;FALSE;0;100644;0;c27504ae8d75298beb848f7ff402f61e666e611b;11;11-cephfs-mds;P2;test/QA;reference-only;Không đọc độc lập;
582;v16.2.5;v16.2.15;qa/suites/fs/upgrade/upgraded_client/.qa;;A;A;1;0;FALSE;0;120000;0;a602a0353e7510e9ac07370ceaed121e2e528fa2;11;11-cephfs-mds;P2;test/QA;reference-only;Không đọc độc lập;
583;v16.2.5;v16.2.15;qa/suites/fs/upgrade/upgraded_client/from_nautilus/%;;A;A;0;0;FALSE;0;100644;0;e69de29bb2d1d6434b8b29ae775ad8c2e48c5391;11;11-cephfs-mds;P2;mechanical/zero-LOC;reference-only;Không đọc nội dung độc lập;
584;v16.2.5;v16.2.15;qa/suites/fs/upgrade/upgraded_client/from_nautilus/.qa;;A;A;1;0;FALSE;0;120000;0;a602a0353e7510e9ac07370ceaed121e2e528fa2;11;11-cephfs-mds;P2;test/QA;reference-only;Không đọc độc lập;
585;v16.2.5;v16.2.15;qa/suites/fs/upgrade/upgraded_client/from_nautilus/bluestore-bitmap.yaml;;A;A;1;0;FALSE;0;120000;0;17ad98e799ee56f2ff5c6a3bc18202a12ff61a61;11;11-cephfs-mds;P2;test/QA;reference-only;Không đọc độc lập;
586;v16.2.5;v16.2.15;qa/suites/fs/upgrade/upgraded_client/from_nautilus/centos_latest.yaml;;A;A;1;0;FALSE;0;120000;0;bd9854e702982762b598166261d958dfd20825bf;11;11-cephfs-mds;P2;test/QA;reference-only;Không đọc độc lập;
587;v16.2.5;v16.2.15;qa/suites/fs/upgrade/upgraded_client/from_nautilus/clusters/%;;A;A;0;0;FALSE;0;100644;0;e69de29bb2d1d6434b8b29ae775ad8c2e48c5391;11;11-cephfs-mds;P2;mechanical/zero-LOC;reference-only;Không đọc nội dung độc lập;
588;v16.2.5;v16.2.15;qa/suites/fs/upgrade/upgraded_client/from_nautilus/clusters/.qa;;A;A;1;0;FALSE;0;120000;0;fea2489fdf6d9c5d189a12524b23f3f8daedd85a;11;11-cephfs-mds;P2;test/QA;reference-only;Không đọc độc lập;
589;v16.2.5;v16.2.15;qa/suites/fs/upgrade/upgraded_client/from_nautilus/clusters/1-mds-1-client-micro.yaml;;A;A;1;0;FALSE;0;120000;0;50ffb6d5399b40c52a37301c11f19298bbf66e35;11;11-cephfs-mds;P2;test/QA;reference-only;Không đọc độc lập;
590;v16.2.5;v16.2.15;qa/suites/fs/upgrade/upgraded_client/from_nautilus/conf;;A;A;1;0;FALSE;0;120000;0;6d47129847fad8b2d2ed8ecb208215a17d76d554;11;11-cephfs-mds;P2;test/QA;reference-only;Không đọc độc lập;
591;v16.2.5;v16.2.15;qa/suites/fs/upgrade/upgraded_client/from_nautilus/overrides/%;;A;A;0;0;FALSE;0;100644;0;e69de29bb2d1d6434b8b29ae775ad8c2e48c5391;11;11-cephfs-mds;P2;mechanical/zero-LOC;reference-only;Không đọc nội dung độc lập;
592;v16.2.5;v16.2.15;qa/suites/fs/upgrade/upgraded_client/from_nautilus/overrides/.qa;;A;A;1;0;FALSE;0;120000;0;a602a0353e7510e9ac07370ceaed121e2e528fa2;11;11-cephfs-mds;P2;test/QA;reference-only;Không đọc độc lập;
593;v16.2.5;v16.2.15;qa/suites/fs/upgrade/upgraded_client/from_nautilus/overrides/ignorelist_health.yaml;;A;A;1;0;FALSE;0;120000;0;5cb891a95c3c84f2fcf67c2b0e5e678593400537;11;11-cephfs-mds;P2;test/QA;reference-only;Không đọc độc lập;
594;v16.2.5;v16.2.15;qa/suites/fs/upgrade/upgraded_client/from_nautilus/overrides/ignorelist_wrongly_marked_down.yaml;;A;A;1;0;FALSE;0;120000;0;f317cb714ca2801799ef0daff43abd435caa47f3;11;11-cephfs-mds;P2;test/QA;reference-only;Không đọc độc lập;
595;v16.2.5;v16.2.15;qa/suites/fs/upgrade/upgraded_client/from_nautilus/overrides/pg-warn.yaml;;A;A;5;0;FALSE;0;100644;0;4ae54a40d3195ab57baa1e23d53c49ba34d750dc;11;11-cephfs-mds;P2;test/QA;reference-only;Không đọc độc lập;
596;v16.2.5;v16.2.15;qa/suites/fs/upgrade/upgraded_client/from_nautilus/tasks/%;;A;A;0;0;FALSE;0;100644;0;e69de29bb2d1d6434b8b29ae775ad8c2e48c5391;11;11-cephfs-mds;P2;mechanical/zero-LOC;reference-only;Không đọc nội dung độc lập;
597;v16.2.5;v16.2.15;qa/suites/fs/upgrade/upgraded_client/from_nautilus/tasks/.qa;;A;A;1;0;FALSE;0;120000;0;a602a0353e7510e9ac07370ceaed121e2e528fa2;11;11-cephfs-mds;P2;test/QA;reference-only;Không đọc độc lập;
598;v16.2.5;v16.2.15;qa/suites/fs/upgrade/upgraded_client/from_nautilus/tasks/0-nautilus.yaml;;A;A;44;0;FALSE;0;100644;0;2b6d3753e52a1c5a38db49884d618c5c0f9b099b;11;11-cephfs-mds;P2;test/QA;reference-only;Không đọc độc lập;
599;v16.2.5;v16.2.15;qa/suites/fs/upgrade/upgraded_client/from_nautilus/tasks/1-client-upgrade.yaml;;A;A;7;0;FALSE;0;100644;0;99b99e642aaae87d3256c05d7c75411910ec4111;11;11-cephfs-mds;P2;test/QA;reference-only;Không đọc độc lập;
600;v16.2.5;v16.2.15;qa/suites/fs/upgrade/upgraded_client/from_nautilus/tasks/2-client-sanity.yaml;;A;A;4;0;FALSE;0;100644;0;9508cce65affab9326fd8e321fe78bdab6b6ccb5;11;11-cephfs-mds;P2;test/QA;reference-only;Không đọc độc lập;
601;v16.2.5;v16.2.15;qa/suites/fs/upgrade/volumes/import-legacy/overrides/frag_enable.yaml;;D;D;0;1;FALSE;120000;0;34a39a368cf158fb1235183778b881477d56750c;0;11;11-cephfs-mds;P2;test/QA;reference-only;Không đọc độc lập;
602;v16.2.5;v16.2.15;qa/suites/fs/upgrade/volumes/import-legacy/overrides/ignorelist_health.yaml;;A;A;1;0;FALSE;0;120000;0;5cb891a95c3c84f2fcf67c2b0e5e678593400537;11;11-cephfs-mds;P2;test/QA;reference-only;Không đọc độc lập;
603;v16.2.5;v16.2.15;qa/suites/fs/upgrade/volumes/import-legacy/overrides/ignorelist_wrongly_marked_down.yaml;;A;A;1;0;FALSE;0;120000;0;f317cb714ca2801799ef0daff43abd435caa47f3;11;11-cephfs-mds;P2;test/QA;reference-only;Không đọc độc lập;
604;v16.2.5;v16.2.15;qa/suites/fs/upgrade/volumes/import-legacy/overrides/whitelist_health.yaml;;D;D;0;1;FALSE;120000;0;74f39a49b27edc0caacda2bcd930b79b06781d40;0;11;11-cephfs-mds;P2;test/QA;reference-only;Không đọc độc lập;
605;v16.2.5;v16.2.15;qa/suites/fs/upgrade/volumes/import-legacy/overrides/whitelist_wrongly_marked_down.yaml;;D;D;0;1;FALSE;120000;0;b4528c0f8c096bc9e80dd8ead702ab458aec3b13;0;11;11-cephfs-mds;P2;test/QA;reference-only;Không đọc độc lập;
606;v16.2.5;v16.2.15;qa/suites/fs/upgrade/volumes/import-legacy/tasks/0-nautilus.yaml;;M;M;2;1;FALSE;100644;100644;a7673068feaca193bebaeae3e97e3ac5bc575bc4;54898030975e3c440ddb6516c1c97b13ad04c3af;11;11-cephfs-mds;P2;test/QA;reference-only;Không đọc độc lập;
607;v16.2.5;v16.2.15;qa/suites/fs/upgrade/volumes/import-legacy/tasks/2-upgrade.yaml;;M;M;1;1;FALSE;100644;100644;488dbf7efc0ca11ab8afd7baa2836c5572334293;053a4e2365cd0605a4440f9c23e7b833487ec8ca;11;11-cephfs-mds;P2;test/QA;reference-only;Không đọc độc lập;
608;v16.2.5;v16.2.15;qa/suites/fs/upgrade/volumes/import-legacy/tasks/3-verify.yaml;;M;M;2;2;FALSE;100644;100644;e14b48383a74fb5781b95f53d637a839664e618a;a9b184b54e398307734eadb1ea893a8e38d15df6;11;11-cephfs-mds;P2;test/QA;reference-only;Không đọc độc lập;
609;v16.2.5;v16.2.15;qa/suites/fs/valgrind/mirror/tasks/mirror.yaml;;M;M;1;1;FALSE;100644;100644;af60495e53f8b9b05cc1efe1eafe969b3b23aaa7;07c1e24efbf8e766d5f4b5a809fafd1c8f17ad2c;11;11-cephfs-mds;P2;test/QA;reference-only;Không đọc độc lập;
610;v16.2.5;v16.2.15;qa/suites/fs/verify/overrides/frag_enable.yaml;;D;D;0;1;FALSE;120000;0;34a39a368cf158fb1235183778b881477d56750c;0;11;11-cephfs-mds;P2;test/QA;reference-only;Không đọc độc lập;
611;v16.2.5;v16.2.15;qa/suites/fs/verify/overrides/ignorelist_health.yaml;;A;A;1;0;FALSE;0;120000;0;5cb891a95c3c84f2fcf67c2b0e5e678593400537;11;11-cephfs-mds;P2;test/QA;reference-only;Không đọc độc lập;
612;v16.2.5;v16.2.15;qa/suites/fs/verify/overrides/ignorelist_wrongly_marked_down.yaml;;A;A;1;0;FALSE;0;120000;0;f317cb714ca2801799ef0daff43abd435caa47f3;11;11-cephfs-mds;P2;test/QA;reference-only;Không đọc độc lập;
613;v16.2.5;v16.2.15;qa/suites/fs/verify/overrides/whitelist_health.yaml;;D;D;0;1;FALSE;120000;0;74f39a49b27edc0caacda2bcd930b79b06781d40;0;11;11-cephfs-mds;P2;test/QA;reference-only;Không đọc độc lập;
614;v16.2.5;v16.2.15;qa/suites/fs/verify/overrides/whitelist_wrongly_marked_down.yaml;;D;D;0;1;FALSE;120000;0;b4528c0f8c096bc9e80dd8ead702ab458aec3b13;0;11;11-cephfs-mds;P2;test/QA;reference-only;Không đọc độc lập;
615;v16.2.5;v16.2.15;qa/suites/fs/volumes/overrides/frag_enable.yaml;;D;D;0;1;FALSE;120000;0;34a39a368cf158fb1235183778b881477d56750c;0;11;11-cephfs-mds;P2;test/QA;reference-only;Không đọc độc lập;
616;v16.2.5;v16.2.15;qa/suites/fs/volumes/overrides/ignorelist_health.yaml;;A;A;1;0;FALSE;0;120000;0;5cb891a95c3c84f2fcf67c2b0e5e678593400537;11;11-cephfs-mds;P2;test/QA;reference-only;Không đọc độc lập;
617;v16.2.5;v16.2.15;qa/suites/fs/volumes/overrides/ignorelist_wrongly_marked_down.yaml;;A;A;1;0;FALSE;0;120000;0;f317cb714ca2801799ef0daff43abd435caa47f3;11;11-cephfs-mds;P2;test/QA;reference-only;Không đọc độc lập;
618;v16.2.5;v16.2.15;qa/suites/fs/volumes/overrides/whitelist_health.yaml;;D;D;0;1;FALSE;120000;0;74f39a49b27edc0caacda2bcd930b79b06781d40;0;11;11-cephfs-mds;P2;test/QA;reference-only;Không đọc độc lập;
619;v16.2.5;v16.2.15;qa/suites/fs/volumes/overrides/whitelist_wrongly_marked_down.yaml;;D;D;0;1;FALSE;120000;0;b4528c0f8c096bc9e80dd8ead702ab458aec3b13;0;11;11-cephfs-mds;P2;test/QA;reference-only;Không đọc độc lập;
620;v16.2.5;v16.2.15;qa/suites/fs/volumes/tasks/volumes/test/basic.yaml;;M;M;1;0;FALSE;100644;100644;3e54df2a9bb8d499f02cc2be4471f3609aca854b;b4c65cfc58ffb3a2564af572c49f86a737630794;11;11-cephfs-mds;P2;test/QA;reference-only;Không đọc độc lập;
621;v16.2.5;v16.2.15;qa/suites/fs/volumes/tasks/volumes/test/finisher_per_module.yaml;;A;A;13;0;FALSE;0;100644;0;ec8335fe0cfb30d11f2dee22319203f3df7ef09c;11;11-cephfs-mds;P2;test/QA;reference-only;Không đọc độc lập;
622;v16.2.5;v16.2.15;qa/suites/fs/workload/ms_mode/$;;A;A;0;0;FALSE;0;100644;0;e69de29bb2d1d6434b8b29ae775ad8c2e48c5391;11;11-cephfs-mds;P2;mechanical/zero-LOC;reference-only;Không đọc nội dung độc lập;
623;v16.2.5;v16.2.15;qa/suites/fs/workload/ms_mode/crc.yaml;;A;A;3;0;FALSE;0;100644;0;7efada467b338e243f84ce7a149188a2dfcbd882;11;11-cephfs-mds;P2;test/QA;reference-only;Không đọc độc lập;
624;v16.2.5;v16.2.15;qa/suites/fs/workload/ms_mode/legacy.yaml;;A;A;3;0;FALSE;0;100644;0;8a68a7756681c360f8ce43ecdb213ff0f34a98b0;11;11-cephfs-mds;P2;test/QA;reference-only;Không đọc độc lập;
625;v16.2.5;v16.2.15;qa/suites/fs/workload/ms_mode/secure.yaml;;A;A;3;0;FALSE;0;100644;0;b4a4221d51dd1fa204170a389257e131efa03cc8;11;11-cephfs-mds;P2;test/QA;reference-only;Không đọc độc lập;
626;v16.2.5;v16.2.15;qa/suites/fs/workload/overrides/frag.yaml;;A;A;1;0;FALSE;0;120000;0;5e5cdaed8c7ecaf516cc1063138617e81f06489e;11;11-cephfs-mds;P2;test/QA;reference-only;Không đọc độc lập;
627;v16.2.5;v16.2.15;qa/suites/fs/workload/overrides/frag_enable.yaml;;D;D;0;1;FALSE;120000;0;34a39a368cf158fb1235183778b881477d56750c;0;11;11-cephfs-mds;P2;test/QA;reference-only;Không đọc độc lập;
628;v16.2.5;v16.2.15;qa/suites/fs/workload/overrides/ignorelist_health.yaml;;A;A;1;0;FALSE;0;120000;0;5cb891a95c3c84f2fcf67c2b0e5e678593400537;11;11-cephfs-mds;P2;test/QA;reference-only;Không đọc độc lập;
629;v16.2.5;v16.2.15;qa/suites/fs/workload/overrides/ignorelist_wrongly_marked_down.yaml;;A;A;1;0;FALSE;0;120000;0;f317cb714ca2801799ef0daff43abd435caa47f3;11;11-cephfs-mds;P2;test/QA;reference-only;Không đọc độc lập;
630;v16.2.5;v16.2.15;qa/suites/fs/workload/overrides/whitelist_health.yaml;;D;D;0;1;FALSE;120000;0;74f39a49b27edc0caacda2bcd930b79b06781d40;0;11;11-cephfs-mds;P2;test/QA;reference-only;Không đọc độc lập;
631;v16.2.5;v16.2.15;qa/suites/fs/workload/overrides/whitelist_wrongly_marked_down.yaml;;D;D;0;1;FALSE;120000;0;b4528c0f8c096bc9e80dd8ead702ab458aec3b13;0;11;11-cephfs-mds;P2;test/QA;reference-only;Không đọc độc lập;
632;v16.2.5;v16.2.15;qa/suites/fs/workload/subvolume/$;;A;A;0;0;FALSE;0;100644;0;e69de29bb2d1d6434b8b29ae775ad8c2e48c5391;11;11-cephfs-mds;P2;mechanical/zero-LOC;reference-only;Không đọc nội dung độc lập;
633;v16.2.5;v16.2.15;qa/suites/fs/workload/subvolume/no-subvolume.yaml;;A;A;0;0;FALSE;0;100644;0;e69de29bb2d1d6434b8b29ae775ad8c2e48c5391;11;11-cephfs-mds;P2;mechanical/zero-LOC;reference-only;Không đọc nội dung độc lập;
634;v16.2.5;v16.2.15;qa/suites/fs/workload/subvolume/with-namespace-isolated-and-quota.yaml;;A;A;11;0;FALSE;0;100644;0;7129e54b57a6b3873a0917cc69702efa70f6b3a8;11;11-cephfs-mds;P2;test/QA;reference-only;Không đọc độc lập;
635;v16.2.5;v16.2.15;qa/suites/fs/workload/subvolume/with-namespace-isolated.yaml;;A;A;11;0;FALSE;0;100644;0;2ac901fefd11a1e0087fb6cca3167828249a4dc4;11;11-cephfs-mds;P2;test/QA;reference-only;Không đọc độc lập;
636;v16.2.5;v16.2.15;qa/suites/fs/workload/subvolume/with-no-extra-options.yaml;;A;A;10;0;FALSE;0;100644;0;40f98c2bc57766760d0d6cebebcb7961f4ca3440;11;11-cephfs-mds;P2;test/QA;reference-only;Không đọc độc lập;
637;v16.2.5;v16.2.15;qa/suites/fs/workload/subvolume/with-quota.yaml;;A;A;11;0;FALSE;0;100644;0;6cda00d4a232d1cf03a4a84609f2af357a0134e5;11;11-cephfs-mds;P2;test/QA;reference-only;Không đọc độc lập;
638;v16.2.5;v16.2.15;qa/suites/krbd/basic/ms_mode/crc$/.qa;;A;A;1;0;FALSE;0;120000;0;a602a0353e7510e9ac07370ceaed121e2e528fa2;10;10-rados-rbd-clients;P2;test/QA;reference-only;Không đọc độc lập;
639;v16.2.5;v16.2.15;qa/suites/krbd/basic/ms_mode/crc$/crc-rxbounce.yaml;;A;A;5;0;FALSE;0;100644;0;4d27d01133cdc20f43c09e54133d5b6e622e4773;10;10-rados-rbd-clients;P2;test/QA;reference-only;Không đọc độc lập;
640;v16.2.5;v16.2.15;qa/suites/krbd/basic/ms_mode/crc$/crc.yaml;qa/suites/krbd/basic/ms_mode/crc.yaml;R;R100;0;0;FALSE;100644;100644;3b072578f1fde740d96d52744285ecb205989c68;3b072578f1fde740d96d52744285ecb205989c68;10;10-rados-rbd-clients;P2;mechanical/zero-LOC;reference-only;Không đọc nội dung độc lập;
641;v16.2.5;v16.2.15;qa/suites/krbd/basic/ms_mode/legacy$/.qa;;A;A;1;0;FALSE;0;120000;0;a602a0353e7510e9ac07370ceaed121e2e528fa2;10;10-rados-rbd-clients;P2;test/QA;reference-only;Không đọc độc lập;
642;v16.2.5;v16.2.15;qa/suites/krbd/basic/ms_mode/legacy$/legacy-rxbounce.yaml;;A;A;5;0;FALSE;0;100644;0;244e45cbc764186b0a063ab4c71dd917db84597c;10;10-rados-rbd-clients;P2;test/QA;reference-only;Không đọc độc lập;
643;v16.2.5;v16.2.15;qa/suites/krbd/basic/ms_mode/legacy$/legacy.yaml;qa/suites/krbd/basic/ms_mode/legacy.yaml;R;R100;0;0;FALSE;100644;100644;0048dcb0cec2a99d57d56bbb2d063f6c6a6e36f4;0048dcb0cec2a99d57d56bbb2d063f6c6a6e36f4;10;10-rados-rbd-clients;P2;mechanical/zero-LOC;reference-only;Không đọc nội dung độc lập;
644;v16.2.5;v16.2.15;qa/suites/krbd/fsx/ms_mode$/crc-rxbounce.yaml;;A;A;5;0;FALSE;0;100644;0;fb9c3dec23861e75536c36baa9faeb8d88d88b30;10;10-rados-rbd-clients;P2;test/QA;reference-only;Không đọc độc lập;
645;v16.2.5;v16.2.15;qa/suites/krbd/fsx/ms_mode$/legacy-rxbounce.yaml;;A;A;5;0;FALSE;0;100644;0;3306c1e57f05e0790eeff85b04d7d5f3e4fde4b4;10;10-rados-rbd-clients;P2;test/QA;reference-only;Không đọc độc lập;
646;v16.2.5;v16.2.15;qa/suites/krbd/fsx/ms_mode$/prefer-crc.yaml;;D;D;0;5;FALSE;100644;0;a346c75489201f7d876065364cffaf3800f0c071;0;10;10-rados-rbd-clients;P2;test/QA;reference-only;Không đọc độc lập;
647;v16.2.5;v16.2.15;qa/suites/krbd/ms_modeless/%;;A;A;0;0;FALSE;0;100644;0;e69de29bb2d1d6434b8b29ae775ad8c2e48c5391;10;10-rados-rbd-clients;P2;mechanical/zero-LOC;reference-only;Không đọc nội dung độc lập;
648;v16.2.5;v16.2.15;qa/suites/krbd/ms_modeless/.qa;;A;A;1;0;FALSE;0;120000;0;a602a0353e7510e9ac07370ceaed121e2e528fa2;10;10-rados-rbd-clients;P2;test/QA;reference-only;Không đọc độc lập;
649;v16.2.5;v16.2.15;qa/suites/krbd/ms_modeless/bluestore-bitmap.yaml;;A;A;1;0;FALSE;0;120000;0;a59cf5175069a8d125e2c4f1bab72d354c02627c;10;10-rados-rbd-clients;P2;test/QA;reference-only;Không đọc độc lập;
650;v16.2.5;v16.2.15;qa/suites/krbd/ms_modeless/ceph/.qa;;A;A;1;0;FALSE;0;120000;0;a602a0353e7510e9ac07370ceaed121e2e528fa2;10;10-rados-rbd-clients;P2;test/QA;reference-only;Không đọc độc lập;
651;v16.2.5;v16.2.15;qa/suites/krbd/ms_modeless/ceph/ceph.yaml;;A;A;3;0;FALSE;0;100644;0;2030acb90836ccb748eab56844f8342763b3dd8c;10;10-rados-rbd-clients;P2;test/QA;reference-only;Không đọc độc lập;
652;v16.2.5;v16.2.15;qa/suites/krbd/ms_modeless/clusters/.qa;;A;A;1;0;FALSE;0;120000;0;a602a0353e7510e9ac07370ceaed121e2e528fa2;10;10-rados-rbd-clients;P2;test/QA;reference-only;Không đọc độc lập;
653;v16.2.5;v16.2.15;qa/suites/krbd/ms_modeless/clusters/fixed-3.yaml;;A;A;1;0;FALSE;0;120000;0;f75a848b8e740d2c73f88038d915b5ac4aa4c23f;10;10-rados-rbd-clients;P2;test/QA;reference-only;Không đọc độc lập;
654;v16.2.5;v16.2.15;qa/suites/krbd/ms_modeless/conf.yaml;;A;A;5;0;FALSE;0;100644;0;30da870b25df9a46897574a336aff82c55ee2c37;10;10-rados-rbd-clients;P2;test/QA;reference-only;Không đọc độc lập;
655;v16.2.5;v16.2.15;qa/suites/krbd/ms_modeless/tasks/.qa;;A;A;1;0;FALSE;0;120000;0;a602a0353e7510e9ac07370ceaed121e2e528fa2;10;10-rados-rbd-clients;P2;test/QA;reference-only;Không đọc độc lập;
656;v16.2.5;v16.2.15;qa/suites/krbd/ms_modeless/tasks/krbd_default_map_options.yaml;;A;A;5;0;FALSE;0;100644;0;c8c12f17323fde75829d7d8a9089a80361f0fdc6;10;10-rados-rbd-clients;P2;test/QA;reference-only;Không đọc độc lập;
657;v16.2.5;v16.2.15;qa/suites/krbd/ms_modeless/tasks/krbd_rxbounce.yaml;;A;A;5;0;FALSE;0;100644;0;4ecd0e83eab8a2ff0c025064e52c4adc6fda39c2;10;10-rados-rbd-clients;P2;test/QA;reference-only;Không đọc độc lập;
658;v16.2.5;v16.2.15;qa/suites/krbd/rbd-nomount/ms_mode/crc$/.qa;;A;A;1;0;FALSE;0;120000;0;a602a0353e7510e9ac07370ceaed121e2e528fa2;10;10-rados-rbd-clients;P2;test/QA;reference-only;Không đọc độc lập;
659;v16.2.5;v16.2.15;qa/suites/krbd/rbd-nomount/ms_mode/crc$/crc-rxbounce.yaml;;A;A;5;0;FALSE;0;100644;0;4d27d01133cdc20f43c09e54133d5b6e622e4773;10;10-rados-rbd-clients;P2;test/QA;reference-only;Không đọc độc lập;
660;v16.2.5;v16.2.15;qa/suites/krbd/rbd-nomount/ms_mode/crc$/crc.yaml;qa/suites/krbd/rbd-nomount/ms_mode/crc.yaml;R;R100;0;0;FALSE;100644;100644;3b072578f1fde740d96d52744285ecb205989c68;3b072578f1fde740d96d52744285ecb205989c68;10;10-rados-rbd-clients;P2;mechanical/zero-LOC;reference-only;Không đọc nội dung độc lập;
661;v16.2.5;v16.2.15;qa/suites/krbd/rbd-nomount/ms_mode/legacy$/.qa;;A;A;1;0;FALSE;0;120000;0;a602a0353e7510e9ac07370ceaed121e2e528fa2;10;10-rados-rbd-clients;P2;test/QA;reference-only;Không đọc độc lập;
662;v16.2.5;v16.2.15;qa/suites/krbd/rbd-nomount/ms_mode/legacy$/legacy-rxbounce.yaml;;A;A;5;0;FALSE;0;100644;0;244e45cbc764186b0a063ab4c71dd917db84597c;10;10-rados-rbd-clients;P2;test/QA;reference-only;Không đọc độc lập;
663;v16.2.5;v16.2.15;qa/suites/krbd/rbd-nomount/ms_mode/legacy$/legacy.yaml;qa/suites/krbd/rbd-nomount/ms_mode/legacy.yaml;R;R100;0;0;FALSE;100644;100644;0048dcb0cec2a99d57d56bbb2d063f6c6a6e36f4;0048dcb0cec2a99d57d56bbb2d063f6c6a6e36f4;10;10-rados-rbd-clients;P2;mechanical/zero-LOC;reference-only;Không đọc nội dung độc lập;
664;v16.2.5;v16.2.15;qa/suites/krbd/rbd/ms_mode/crc$/.qa;;A;A;1;0;FALSE;0;120000;0;a602a0353e7510e9ac07370ceaed121e2e528fa2;10;10-rados-rbd-clients;P2;test/QA;reference-only;Không đọc độc lập;
665;v16.2.5;v16.2.15;qa/suites/krbd/rbd/ms_mode/crc$/crc-rxbounce.yaml;;A;A;5;0;FALSE;0;100644;0;4d27d01133cdc20f43c09e54133d5b6e622e4773;10;10-rados-rbd-clients;P2;test/QA;reference-only;Không đọc độc lập;
666;v16.2.5;v16.2.15;qa/suites/krbd/rbd/ms_mode/crc$/crc.yaml;qa/suites/krbd/rbd/ms_mode/crc.yaml;R;R100;0;0;FALSE;100644;100644;3b072578f1fde740d96d52744285ecb205989c68;3b072578f1fde740d96d52744285ecb205989c68;10;10-rados-rbd-clients;P2;mechanical/zero-LOC;reference-only;Không đọc nội dung độc lập;
667;v16.2.5;v16.2.15;qa/suites/krbd/rbd/ms_mode/legacy$/.qa;;A;A;1;0;FALSE;0;120000;0;a602a0353e7510e9ac07370ceaed121e2e528fa2;10;10-rados-rbd-clients;P2;test/QA;reference-only;Không đọc độc lập;
668;v16.2.5;v16.2.15;qa/suites/krbd/rbd/ms_mode/legacy$/legacy-rxbounce.yaml;;A;A;5;0;FALSE;0;100644;0;244e45cbc764186b0a063ab4c71dd917db84597c;10;10-rados-rbd-clients;P2;test/QA;reference-only;Không đọc độc lập;
669;v16.2.5;v16.2.15;qa/suites/krbd/rbd/ms_mode/legacy$/legacy.yaml;qa/suites/krbd/rbd/ms_mode/legacy.yaml;R;R100;0;0;FALSE;100644;100644;0048dcb0cec2a99d57d56bbb2d063f6c6a6e36f4;0048dcb0cec2a99d57d56bbb2d063f6c6a6e36f4;10;10-rados-rbd-clients;P2;mechanical/zero-LOC;reference-only;Không đọc nội dung độc lập;
670;v16.2.5;v16.2.15;qa/suites/krbd/singleton-msgr-failures/%;;A;A;0;0;FALSE;0;100644;0;e69de29bb2d1d6434b8b29ae775ad8c2e48c5391;10;10-rados-rbd-clients;P2;mechanical/zero-LOC;reference-only;Không đọc nội dung độc lập;
671;v16.2.5;v16.2.15;qa/suites/krbd/singleton-msgr-failures/.qa;;A;A;1;0;FALSE;0;120000;0;a602a0353e7510e9ac07370ceaed121e2e528fa2;10;10-rados-rbd-clients;P2;test/QA;reference-only;Không đọc độc lập;
672;v16.2.5;v16.2.15;qa/suites/krbd/singleton-msgr-failures/bluestore-bitmap.yaml;;A;A;1;0;FALSE;0;120000;0;a59cf5175069a8d125e2c4f1bab72d354c02627c;10;10-rados-rbd-clients;P2;test/QA;reference-only;Không đọc độc lập;
673;v16.2.5;v16.2.15;qa/suites/krbd/singleton-msgr-failures/conf.yaml;;A;A;7;0;FALSE;0;100644;0;5e7ed992e9048e3eeef7f12d8ec0b7024f8a378b;10;10-rados-rbd-clients;P2;test/QA;reference-only;Không đọc độc lập;
674;v16.2.5;v16.2.15;qa/suites/krbd/singleton-msgr-failures/ms_mode$/.qa;;A;A;1;0;FALSE;0;120000;0;a602a0353e7510e9ac07370ceaed121e2e528fa2;10;10-rados-rbd-clients;P2;test/QA;reference-only;Không đọc độc lập;
675;v16.2.5;v16.2.15;qa/suites/krbd/singleton-msgr-failures/ms_mode$/crc-rxbounce.yaml;;A;A;5;0;FALSE;0;100644;0;4d27d01133cdc20f43c09e54133d5b6e622e4773;10;10-rados-rbd-clients;P2;test/QA;reference-only;Không đọc độc lập;
676;v16.2.5;v16.2.15;qa/suites/krbd/singleton-msgr-failures/ms_mode$/crc.yaml;;A;A;5;0;FALSE;0;100644;0;3b072578f1fde740d96d52744285ecb205989c68;10;10-rados-rbd-clients;P2;test/QA;reference-only;Không đọc độc lập;
677;v16.2.5;v16.2.15;qa/suites/krbd/singleton-msgr-failures/ms_mode$/legacy-rxbounce.yaml;;A;A;5;0;FALSE;0;100644;0;244e45cbc764186b0a063ab4c71dd917db84597c;10;10-rados-rbd-clients;P2;test/QA;reference-only;Không đọc độc lập;
678;v16.2.5;v16.2.15;qa/suites/krbd/singleton-msgr-failures/ms_mode$/legacy.yaml;;A;A;5;0;FALSE;0;100644;0;0048dcb0cec2a99d57d56bbb2d063f6c6a6e36f4;10;10-rados-rbd-clients;P2;test/QA;reference-only;Không đọc độc lập;
679;v16.2.5;v16.2.15;qa/suites/krbd/singleton-msgr-failures/ms_mode$/secure.yaml;;A;A;5;0;FALSE;0;100644;0;a735db18d2c304c0287d7c546022810cb3d9d928;10;10-rados-rbd-clients;P2;test/QA;reference-only;Không đọc độc lập;
680;v16.2.5;v16.2.15;qa/suites/krbd/singleton-msgr-failures/msgr-failures/.qa;;A;A;1;0;FALSE;0;120000;0;a602a0353e7510e9ac07370ceaed121e2e528fa2;10;10-rados-rbd-clients;P2;test/QA;reference-only;Không đọc độc lập;
681;v16.2.5;v16.2.15;qa/suites/krbd/singleton-msgr-failures/msgr-failures/few.yaml;qa/suites/krbd/singleton/msgr-failures/few.yaml;R;R100;0;0;FALSE;100644;100644;519288992fea6848f2448e9f305e8b580fe76137;519288992fea6848f2448e9f305e8b580fe76137;10;10-rados-rbd-clients;P2;mechanical/zero-LOC;reference-only;Không đọc nội dung độc lập;
682;v16.2.5;v16.2.15;qa/suites/krbd/singleton-msgr-failures/msgr-failures/many.yaml;qa/suites/krbd/singleton/msgr-failures/many.yaml;R;R100;0;0;FALSE;100644;100644;e3855297d76015a57af468d16ec5b34a89bc071b;e3855297d76015a57af468d16ec5b34a89bc071b;10;10-rados-rbd-clients;P2;mechanical/zero-LOC;reference-only;Không đọc nội dung độc lập;
683;v16.2.5;v16.2.15;qa/suites/krbd/singleton-msgr-failures/tasks/.qa;;A;A;1;0;FALSE;0;120000;0;a602a0353e7510e9ac07370ceaed121e2e528fa2;10;10-rados-rbd-clients;P2;test/QA;reference-only;Không đọc độc lập;
684;v16.2.5;v16.2.15;qa/suites/krbd/singleton-msgr-failures/tasks/rbd_xfstests.yaml;qa/suites/krbd/singleton/tasks/rbd_xfstests.yaml;R;R100;0;0;FALSE;100644;100644;c94af02071475c38415e192a52c643195b2b91c2;c94af02071475c38415e192a52c643195b2b91c2;10;10-rados-rbd-clients;P2;mechanical/zero-LOC;reference-only;Không đọc nội dung độc lập;
685;v16.2.5;v16.2.15;qa/suites/krbd/singleton/conf.yaml;;M;M;1;0;FALSE;100644;100644;5e7ed992e9048e3eeef7f12d8ec0b7024f8a378b;41292fa813980d60927ce76215b218c9bb9d59d1;10;10-rados-rbd-clients;P2;test/QA;reference-only;Không đọc độc lập;
686;v16.2.5;v16.2.15;qa/suites/krbd/singleton/ms_mode$/crc-rxbounce.yaml;;A;A;5;0;FALSE;0;100644;0;4d27d01133cdc20f43c09e54133d5b6e622e4773;10;10-rados-rbd-clients;P2;test/QA;reference-only;Không đọc độc lập;
687;v16.2.5;v16.2.15;qa/suites/krbd/singleton/ms_mode$/legacy-rxbounce.yaml;;A;A;5;0;FALSE;0;100644;0;244e45cbc764186b0a063ab4c71dd917db84597c;10;10-rados-rbd-clients;P2;test/QA;reference-only;Không đọc độc lập;
688;v16.2.5;v16.2.15;qa/suites/krbd/singleton/ms_mode$/prefer-crc.yaml;;D;D;0;5;FALSE;100644;0;1054473af1862971d312d5b95c1e3bc9bea8b175;0;10;10-rados-rbd-clients;P2;test/QA;reference-only;Không đọc độc lập;
689;v16.2.5;v16.2.15;qa/suites/krbd/singleton/tasks/krbd_watch_errors.yaml;;A;A;19;0;FALSE;0;100644;0;5e30ef2ba419e65f033835a2170e9c5b0be9d32d;10;10-rados-rbd-clients;P2;test/QA;reference-only;Không đọc độc lập;
690;v16.2.5;v16.2.15;qa/suites/krbd/thrash/ms_mode$/crc-rxbounce.yaml;;A;A;5;0;FALSE;0;100644;0;4d27d01133cdc20f43c09e54133d5b6e622e4773;10;10-rados-rbd-clients;P2;test/QA;reference-only;Không đọc độc lập;
691;v16.2.5;v16.2.15;qa/suites/krbd/thrash/ms_mode$/legacy-rxbounce.yaml;;A;A;5;0;FALSE;0;100644;0;244e45cbc764186b0a063ab4c71dd917db84597c;10;10-rados-rbd-clients;P2;test/QA;reference-only;Không đọc độc lập;
692;v16.2.5;v16.2.15;qa/suites/krbd/thrash/ms_mode$/prefer-crc.yaml;;D;D;0;5;FALSE;100644;0;1054473af1862971d312d5b95c1e3bc9bea8b175;0;10;10-rados-rbd-clients;P2;test/QA;reference-only;Không đọc độc lập;
693;v16.2.5;v16.2.15;qa/suites/krbd/thrash/workloads/krbd_diff_continuous.yaml;;A;A;12;0;FALSE;0;100644;0;5907718d508fd950b2958fc3eac44ae13af2b734;10;10-rados-rbd-clients;P2;test/QA;reference-only;Không đọc độc lập;
694;v16.2.5;v16.2.15;qa/suites/orch/cephadm/dashboard/0-distro/centos_8.2_kubic_stable.yaml;;D;D;0;1;FALSE;120000;0;3afeed74d5099af61dbafbf61abbdda789164d4c;0;8;08-cephadm-orchestrator;P2;test/QA;reference-only;Không đọc độc lập;
695;v16.2.5;v16.2.15;qa/suites/orch/cephadm/dashboard/0-distro/centos_8.stream_container_tools.yaml;;A;A;1;0;FALSE;0;120000;0;7a86f967f0203edafda26f1e53831cc5640b09c6;8;08-cephadm-orchestrator;P2;test/QA;reference-only;Không đọc độc lập;
696;v16.2.5;v16.2.15;qa/suites/orch/cephadm/dashboard/0-distro/ignorelist_health.yaml;;A;A;1;0;FALSE;0;120000;0;5cb891a95c3c84f2fcf67c2b0e5e678593400537;8;08-cephadm-orchestrator;P2;test/QA;reference-only;Không đọc độc lập;
697;v16.2.5;v16.2.15;qa/suites/orch/cephadm/dashboard/task/test_e2e.yaml;;M;M;25;0;FALSE;100644;100644;cb6ffb22fe0cc704fac88e4fe1d669e53cf50fe4;ca7268ac689238f443679fbb63c456e091b3a841;8;08-cephadm-orchestrator;P2;test/QA;reference-only;Không đọc độc lập;
698;v16.2.5;v16.2.15;qa/suites/orch/cephadm/mds_upgrade_sequence;;A;A;1;0;FALSE;0;120000;0;24aa41c1039f97b8e4f89fda56a2d4cdf80da736;8;08-cephadm-orchestrator;P2;test/QA;reference-only;Không đọc độc lập;
699;v16.2.5;v16.2.15;qa/suites/orch/cephadm/mgr-nfs-upgrade/%;;A;A;0;0;FALSE;0;100644;0;e69de29bb2d1d6434b8b29ae775ad8c2e48c5391;8;08-cephadm-orchestrator;P2;mechanical/zero-LOC;reference-only;Không đọc nội dung độc lập;
700;v16.2.5;v16.2.15;qa/suites/orch/cephadm/mgr-nfs-upgrade/.qa;;A;A;1;0;FALSE;0;120000;0;fea2489fdf6d9c5d189a12524b23f3f8daedd85a;8;08-cephadm-orchestrator;P2;test/QA;reference-only;Không đọc độc lập;
701;v16.2.5;v16.2.15;qa/suites/orch/cephadm/mgr-nfs-upgrade/0-distro/.qa;;A;A;1;0;FALSE;0;120000;0;fea2489fdf6d9c5d189a12524b23f3f8daedd85a;8;08-cephadm-orchestrator;P2;test/QA;reference-only;Không đọc độc lập;
702;v16.2.5;v16.2.15;qa/suites/orch/cephadm/mgr-nfs-upgrade/0-distro/centos_8.stream_container_tools.yaml;;A;A;1;0;FALSE;0;120000;0;7a86f967f0203edafda26f1e53831cc5640b09c6;8;08-cephadm-orchestrator;P2;test/QA;reference-only;Không đọc độc lập;
703;v16.2.5;v16.2.15;qa/suites/orch/cephadm/mgr-nfs-upgrade/1-bootstrap/16.2.4.yaml;;A;A;8;0;FALSE;0;100644;0;991562b94df620c048f0bf153663275241eb8452;8;08-cephadm-orchestrator;P2;test/QA;reference-only;Không đọc độc lập;
704;v16.2.5;v16.2.15;qa/suites/orch/cephadm/mgr-nfs-upgrade/1-bootstrap/16.2.5.yaml;;A;A;6;0;FALSE;0;100644;0;2568f23fabec1f62bbdce2e21b63d6e62b5cf945;8;08-cephadm-orchestrator;P2;test/QA;reference-only;Không đọc độc lập;
705;v16.2.5;v16.2.15;qa/suites/orch/cephadm/mgr-nfs-upgrade/1-bootstrap/octopus.yaml;;A;A;8;0;FALSE;0;100644;0;16670e7ecd25bb1e3fb94e6bb8c8c38f4969d840;8;08-cephadm-orchestrator;P2;test/QA;reference-only;Không đọc độc lập;
706;v16.2.5;v16.2.15;qa/suites/orch/cephadm/mgr-nfs-upgrade/1-start.yaml;;A;A;44;0;FALSE;0;100644;0;db4b260539494c1cd61e70ec6872209dce8bf9b4;8;08-cephadm-orchestrator;P2;test/QA;reference-only;Không đọc độc lập;
707;v16.2.5;v16.2.15;qa/suites/orch/cephadm/mgr-nfs-upgrade/2-nfs.yaml;;A;A;29;0;FALSE;0;100644;0;34680fc8a6b9114b32c5bc2108080f549fd68615;8;08-cephadm-orchestrator;P2;test/QA;reference-only;Không đọc độc lập;
708;v16.2.5;v16.2.15;qa/suites/orch/cephadm/mgr-nfs-upgrade/3-upgrade-with-workload.yaml;;A;A;41;0;FALSE;0;100644;0;362e0373416ea1478aaed9aa8c8fb1b47e273393;8;08-cephadm-orchestrator;P2;test/QA;reference-only;Không đọc độc lập;
709;v16.2.5;v16.2.15;qa/suites/orch/cephadm/mgr-nfs-upgrade/4-final.yaml;;A;A;10;0;FALSE;0;100644;0;2a834ead4c06909bc60ece482b02a6d999679c32;8;08-cephadm-orchestrator;P2;test/QA;reference-only;Không đọc độc lập;
710;v16.2.5;v16.2.15;qa/suites/orch/cephadm/osds/%;;A;A;0;0;FALSE;0;100644;0;e69de29bb2d1d6434b8b29ae775ad8c2e48c5391;8;08-cephadm-orchestrator;P2;mechanical/zero-LOC;reference-only;Không đọc nội dung độc lập;
711;v16.2.5;v16.2.15;qa/suites/orch/cephadm/osds/.qa;;A;A;1;0;FALSE;0;120000;0;fea2489fdf6d9c5d189a12524b23f3f8daedd85a;8;08-cephadm-orchestrator;P2;test/QA;reference-only;Không đọc độc lập;
712;v16.2.5;v16.2.15;qa/suites/orch/cephadm/osds/0-distro;;A;A;1;0;FALSE;0;120000;0;d2dffb181881d661eaa3798f14959a2205d45605;8;08-cephadm-orchestrator;P2;test/QA;reference-only;Không đọc độc lập;
713;v16.2.5;v16.2.15;qa/suites/orch/cephadm/osds/0-nvme-loop.yaml;;A;A;1;0;FALSE;0;120000;0;5206b6eddee8823bb7807f84c079471059510fe2;8;08-cephadm-orchestrator;P2;test/QA;reference-only;Không đọc độc lập;
714;v16.2.5;v16.2.15;qa/suites/orch/cephadm/osds/1-start.yaml;;A;A;25;0;FALSE;0;100644;0;4331d7c669493c09348223d0806c7b8370e638d1;8;08-cephadm-orchestrator;P2;test/QA;reference-only;Không đọc độc lập;
715;v16.2.5;v16.2.15;qa/suites/orch/cephadm/osds/2-ops/repave-all.yaml;;A;A;20;0;FALSE;0;100644;0;fd1f9c6c35fa39015587df82b118a5aa73613e9a;8;08-cephadm-orchestrator;P2;test/QA;reference-only;Không đọc độc lập;
716;v16.2.5;v16.2.15;qa/suites/orch/cephadm/osds/2-ops/rm-zap-add.yaml;;A;A;24;0;FALSE;0;100644;0;fb925e88ad65a776acfae94f336a69c11bfb1c99;8;08-cephadm-orchestrator;P2;test/QA;reference-only;Không đọc độc lập;
717;v16.2.5;v16.2.15;qa/suites/orch/cephadm/osds/2-ops/rm-zap-flag.yaml;;A;A;22;0;FALSE;0;100644;0;db612a16c2ba39f53662f4aaa991350b22667600;8;08-cephadm-orchestrator;P2;test/QA;reference-only;Không đọc độc lập;
718;v16.2.5;v16.2.15;qa/suites/orch/cephadm/osds/2-ops/rm-zap-wait.yaml;;A;A;23;0;FALSE;0;100644;0;72c043e8b00600af920f184832b4e2195b1a3669;8;08-cephadm-orchestrator;P2;test/QA;reference-only;Không đọc độc lập;
719;v16.2.5;v16.2.15;qa/suites/orch/cephadm/osds/2-ops/rmdir-reactivate.yaml;;A;A;28;0;FALSE;0;100644;0;501dea155836acd25b3393a05c90a0303ceecfe5;8;08-cephadm-orchestrator;P2;test/QA;reference-only;Không đọc độc lập;
720;v16.2.5;v16.2.15;qa/suites/orch/cephadm/rbd_iscsi;;A;A;1;0;FALSE;0;120000;0;f0073a1190fc2869a88e5258a35f1ece69ea38f8;8;08-cephadm-orchestrator;P2;test/QA;reference-only;Không đọc độc lập;
721;v16.2.5;v16.2.15;qa/suites/orch/cephadm/smoke-roleless/0-nvme-loop.yaml;;A;A;1;0;FALSE;0;120000;0;5206b6eddee8823bb7807f84c079471059510fe2;8;08-cephadm-orchestrator;P2;test/QA;reference-only;Không đọc độc lập;
722;v16.2.5;v16.2.15;qa/suites/orch/cephadm/smoke-roleless/1-start.yaml;;M;M;0;8;FALSE;100644;100644;2ca0d0e0086827c532a2488a6c9f064c0d28db26;018356f8fe1baeb0730321d2c467075852805d19;8;08-cephadm-orchestrator;P2;test/QA;reference-only;Không đọc độc lập;
723;v16.2.5;v16.2.15;qa/suites/orch/cephadm/smoke-roleless/2-services/nfs-ingress-rgw-bucket.yaml;;A;A;89;0;FALSE;0;100644;0;3f4964978d929f479cab6f029cfddc9d6c6ff3de;8;08-cephadm-orchestrator;P2;test/QA;reference-only;Không đọc độc lập;
724;v16.2.5;v16.2.15;qa/suites/orch/cephadm/smoke-roleless/2-services/nfs-ingress-rgw-user.yaml;;A;A;90;0;FALSE;0;100644;0;721aecfc34e5748cb679297bb890cd5cd7353da8;8;08-cephadm-orchestrator;P2;test/QA;reference-only;Không đọc độc lập;
725;v16.2.5;v16.2.15;qa/suites/orch/cephadm/smoke-roleless/2-services/nfs-ingress.yaml;;M;M;1;1;FALSE;100644;100644;3e5ad1a2ecbdbccaf397875af80b0e912acf0875;b4e843df2611623ed7a13e52abb6a9f4e79fa703;8;08-cephadm-orchestrator;P2;test/QA;reference-only;Không đọc độc lập;
726;v16.2.5;v16.2.15;qa/suites/orch/cephadm/smoke-roleless/2-services/nfs-ingress2.yaml;;M;M;23;3;FALSE;100644;100644;09fb3c7684bf476306efabb2ee108c45ac7cf33b;a47dd9d7646bd54775d713b916381c425c30971f;8;08-cephadm-orchestrator;P2;test/QA;reference-only;Không đọc độc lập;
727;v16.2.5;v16.2.15;qa/suites/orch/cephadm/smoke-roleless/3-final.yaml;;M;M;2;0;FALSE;100644;100644;02f5b289c1ad0cbb542ca85e5a65f7835b85f1ac;bb938848cdac5aebf84063aa5d0d7dc96939d3fb;8;08-cephadm-orchestrator;P2;test/QA;reference-only;Không đọc độc lập;
728;v16.2.5;v16.2.15;qa/suites/orch/cephadm/smoke/0-nvme-loop.yaml;;A;A;1;0;FALSE;0;120000;0;5206b6eddee8823bb7807f84c079471059510fe2;8;08-cephadm-orchestrator;P2;test/QA;reference-only;Không đọc độc lập;
729;v16.2.5;v16.2.15;qa/suites/orch/cephadm/smoke/distro;;A;A;1;0;FALSE;0;120000;0;be53a48336498366b0cc87abe9d57ca07df9e1c1;8;08-cephadm-orchestrator;P2;test/QA;reference-only;Không đọc độc lập;
730;v16.2.5;v16.2.15;qa/suites/orch/cephadm/smoke/distro/centos_8.2_kubic_stable.yaml;;D;D;0;1;FALSE;120000;0;3afeed74d5099af61dbafbf61abbdda789164d4c;0;8;08-cephadm-orchestrator;P2;test/QA;reference-only;Không đọc độc lập;
731;v16.2.5;v16.2.15;qa/suites/orch/cephadm/smoke/distro/rhel_8.3_kubic_stable.yaml;;D;D;0;1;FALSE;120000;0;20f0f7c55ea1921724c93f42e863340d38896bb0;0;8;08-cephadm-orchestrator;P2;test/QA;reference-only;Không đọc độc lập;
732;v16.2.5;v16.2.15;qa/suites/orch/cephadm/smoke/distro/ubuntu_20.04.yaml;;D;D;0;1;FALSE;120000;0;162964882d383e2200021a53f4cbea8db37edee8;0;8;08-cephadm-orchestrator;P2;test/QA;reference-only;Không đọc độc lập;
733;v16.2.5;v16.2.15;qa/suites/orch/cephadm/smoke/start.yaml;;M;M;10;0;FALSE;100644;100644;f45b922bc1a5460641735d0e224f3fa80c82215e;6a43d0f3d46da1624cca73fffe7505ffb0688941;8;08-cephadm-orchestrator;P2;test/QA;reference-only;Không đọc độc lập;
734;v16.2.5;v16.2.15;qa/suites/orch/cephadm/thrash/2-thrash.yaml;;M;M;17;0;FALSE;100644;100644;05e0f8e76d11d53ea633e3a70ef6e2f785c9e28e;2f45d767658962294ad179d2085e951f521aa37b;8;08-cephadm-orchestrator;P2;test/QA;reference-only;Không đọc độc lập;
735;v16.2.5;v16.2.15;qa/suites/orch/cephadm/upgrade/1-start-distro/1-start-centos_8.stream_container-tools.yaml;qa/suites/orch/cephadm/upgrade/1-start-distro/1-start-centos_8.3-octopus.yaml;R;R052;11;10;FALSE;100644;100644;2e551dd439106a2e26ff175146f0f4cb7419c92d;a1a9cb5effc7b751254638fd2f9525f3cffc955e;8;08-cephadm-orchestrator;P2;test/QA;reference-only;Không đọc độc lập;
736;v16.2.5;v16.2.15;qa/suites/orch/cephadm/upgrade/3-upgrade/.qa;;A;A;1;0;FALSE;0;120000;0;a602a0353e7510e9ac07370ceaed121e2e528fa2;8;08-cephadm-orchestrator;P2;test/QA;reference-only;Không đọc độc lập;
737;v16.2.5;v16.2.15;qa/suites/orch/cephadm/upgrade/3-upgrade/simple.yaml;qa/suites/orch/cephadm/upgrade/3-start-upgrade.yaml;R;R100;0;0;FALSE;100644;100644;80463a6c075631c6d74422a8ac18f7bdba269120;80463a6c075631c6d74422a8ac18f7bdba269120;8;08-cephadm-orchestrator;P2;mechanical/zero-LOC;reference-only;Không đọc nội dung độc lập;
738;v16.2.5;v16.2.15;qa/suites/orch/cephadm/upgrade/3-upgrade/staggered.yaml;;A;A;111;0;FALSE;0;100644;0;ebd06c92d2627a2ade2343eae3ba64a08810c0c5;8;08-cephadm-orchestrator;P2;test/QA;reference-only;Không đọc độc lập;
739;v16.2.5;v16.2.15;qa/suites/orch/cephadm/upgrade/4-wait.yaml;;M;M;13;1;FALSE;100644;100644;e71143dafe43b189f086e175dd3a357b39201b53;ddba90e93d99d207b697605642b91af9ce37be40;8;08-cephadm-orchestrator;P2;test/QA;reference-only;Không đọc độc lập;
740;v16.2.5;v16.2.15;qa/suites/orch/cephadm/upgrade/5-upgrade-ls.yaml;;A;A;6;0;FALSE;0;100644;0;236ea6c6bae2de43038bca3db2c0a005fb9e42a8;8;08-cephadm-orchestrator;P2;test/QA;reference-only;Không đọc độc lập;
741;v16.2.5;v16.2.15;qa/suites/orch/cephadm/workunits/0-distro/centos_8.2_kubic_stable.yaml;;D;D;0;1;FALSE;120000;0;3afeed74d5099af61dbafbf61abbdda789164d4c;0;8;08-cephadm-orchestrator;P2;test/QA;reference-only;Không đọc độc lập;
742;v16.2.5;v16.2.15;qa/suites/orch/cephadm/workunits/0-distro/centos_8.stream_container_tools.yaml;;A;A;1;0;FALSE;0;120000;0;7a86f967f0203edafda26f1e53831cc5640b09c6;8;08-cephadm-orchestrator;P2;test/QA;reference-only;Không đọc độc lập;
743;v16.2.5;v16.2.15;qa/suites/orch/cephadm/workunits/task/.qa;;A;A;1;0;FALSE;0;120000;0;a602a0353e7510e9ac07370ceaed121e2e528fa2;8;08-cephadm-orchestrator;P2;test/QA;reference-only;Không đọc độc lập;
744;v16.2.5;v16.2.15;qa/suites/orch/cephadm/workunits/task/test_iscsi_container/+;;A;A;0;0;FALSE;0;100644;0;e69de29bb2d1d6434b8b29ae775ad8c2e48c5391;8;08-cephadm-orchestrator;P2;mechanical/zero-LOC;reference-only;Không đọc nội dung độc lập;
745;v16.2.5;v16.2.15;qa/suites/orch/cephadm/workunits/task/test_iscsi_container/.qa;;A;A;1;0;FALSE;0;120000;0;a602a0353e7510e9ac07370ceaed121e2e528fa2;8;08-cephadm-orchestrator;P2;test/QA;reference-only;Không đọc độc lập;
746;v16.2.5;v16.2.15;qa/suites/orch/cephadm/workunits/task/test_iscsi_container/centos_8.stream_container_tools.yaml;;A;A;1;0;FALSE;0;120000;0;7a86f967f0203edafda26f1e53831cc5640b09c6;8;08-cephadm-orchestrator;P2;test/QA;reference-only;Không đọc độc lập;
747;v16.2.5;v16.2.15;qa/suites/orch/cephadm/workunits/task/test_iscsi_container/test_iscsi_container.yaml;;A;A;21;0;FALSE;0;100644;0;19d302c87deb734522ebdeaacb681fef308a6aea;8;08-cephadm-orchestrator;P2;test/QA;reference-only;Không đọc độc lập;
748;v16.2.5;v16.2.15;qa/suites/orch/cephadm/workunits/task/test_nfs.yaml;;A;A;23;0;FALSE;0;100644;0;afa9deecb8e4b4122fbd8188d6b57884f5a266b3;8;08-cephadm-orchestrator;P2;test/QA;reference-only;Không đọc độc lập;
749;v16.2.5;v16.2.15;qa/suites/orch/cephadm/workunits/task/test_orch_cli.yaml;;M;M;7;1;FALSE;100644;100644;b62872123425b974df3aa2839cf789cdf9e3b0a2;a1b8a4c0f899af226227e39ef6b2c33c3b9c4f8a;8;08-cephadm-orchestrator;P2;test/QA;reference-only;Không đọc độc lập;
750;v16.2.5;v16.2.15;qa/suites/orch/cephadm/workunits/task/test_orch_cli_mon.yaml;;A;A;52;0;FALSE;0;100644;0;5e8d286db78ce0a0654472471b38d2d7eb4721da;8;08-cephadm-orchestrator;P2;test/QA;reference-only;Không đọc độc lập;
751;v16.2.5;v16.2.15;qa/suites/perf-basic/ubuntu_18.04.yaml;;D;D;0;1;FALSE;120000;0;cfb85f10ef598cbb7e18628705c9bb8921775626;0;15;15-upgrade-validation;P2;test/QA;reference-only;Không đọc độc lập;
752;v16.2.5;v16.2.15;qa/suites/perf-basic/ubuntu_latest.yaml;;A;A;1;0;FALSE;0;120000;0;3a09f9abb05ca992795e41874435c16dc4f071e7;15;15-upgrade-validation;P2;test/QA;reference-only;Không đọc độc lập;
753;v16.2.5;v16.2.15;qa/suites/perf-basic/workloads/cosbench_64K_write.yaml;;D;D;0;30;FALSE;100644;0;1dbeef4a891ed6d2dc8d6379bcf9405118375ff1;0;15;15-upgrade-validation;P2;test/QA;reference-only;Không đọc độc lập;
754;v16.2.5;v16.2.15;qa/suites/powercycle/osd/ignorelist_health.yaml;qa/suites/powercycle/osd/whitelist_health.yaml;R;R100;0;0;FALSE;100644;100644;bce5e95884cd32aea9ab81fb2a6d5b25dc5fc510;bce5e95884cd32aea9ab81fb2a6d5b25dc5fc510;1;01-osd-pg-recovery;P2;mechanical/zero-LOC;reference-only;Không đọc nội dung độc lập;
755;v16.2.5;v16.2.15;qa/suites/rados/basic/tasks/rados_api_tests.yaml;;M;M;9;0;FALSE;100644;100644;a54e03b1a9c80057f5b916ad31bc3872f8b64662;47b293e4c135b34d73598ef58f2128e9a0dc4606;10;10-rados-rbd-clients;P2;test/QA;reference-only;Không đọc độc lập;
756;v16.2.5;v16.2.15;qa/suites/rados/basic/tasks/rados_cls_all.yaml;;M;M;1;0;FALSE;100644;100644;8f5b790279321e0783470dd532cac7d3fcc627ef;8896ccb446c7acb86b8a9d2451b3d672b0c291bf;10;10-rados-rbd-clients;P2;test/QA;reference-only;Không đọc độc lập;
757;v16.2.5;v16.2.15;qa/suites/rados/basic/tasks/rados_python.yaml;;M;M;7;0;FALSE;100644;100644;9659094501862b44ed874f8fbcf897c3c4ea000a;f89b07ca17f201ca6f8206d14df9fb184fde86ad;10;10-rados-rbd-clients;P2;test/QA;reference-only;Không đọc độc lập;
758;v16.2.5;v16.2.15;qa/suites/rados/dashboard/centos_8.stream_container_tools.yaml;;A;A;1;0;FALSE;0;120000;0;7a86f967f0203edafda26f1e53831cc5640b09c6;10;10-rados-rbd-clients;P2;test/QA;reference-only;Không đọc độc lập;
759;v16.2.5;v16.2.15;qa/suites/rados/dashboard/supported-random-distro$;;D;D;0;1;FALSE;120000;0;7cef21eeffd258f3e78666ae02dcf31395bf6ddb;0;10;10-rados-rbd-clients;P2;test/QA;reference-only;Không đọc độc lập;
760;v16.2.5;v16.2.15;qa/suites/rados/dashboard/tasks/dashboard.yaml;;M;M;3;1;FALSE;100644;100644;111c5f38e2a17a92f4255c06faf24afab962f3ea;01b3ecd906f37c2fd3f2e2fd527146ef95398b53;10;10-rados-rbd-clients;P2;test/QA;reference-only;Không đọc độc lập;
761;v16.2.5;v16.2.15;qa/suites/rados/mgr/mgr_ttl_cache/.qa;;A;A;1;0;FALSE;0;120000;0;fea2489fdf6d9c5d189a12524b23f3f8daedd85a;10;10-rados-rbd-clients;P2;test/QA;reference-only;Không đọc độc lập;
762;v16.2.5;v16.2.15;qa/suites/rados/mgr/mgr_ttl_cache/disable.yaml;;A;A;1;0;FALSE;0;120000;0;d7db486dd9f121a6a7896c2453d405722f156a35;10;10-rados-rbd-clients;P2;test/QA;reference-only;Không đọc độc lập;
763;v16.2.5;v16.2.15;qa/suites/rados/mgr/mgr_ttl_cache/enable.yaml;;A;A;1;0;FALSE;0;120000;0;18286a656bafa48fceff9c7f2d0f42c90c92fbbd;10;10-rados-rbd-clients;P2;test/QA;reference-only;Không đọc độc lập;
764;v16.2.5;v16.2.15;qa/suites/rados/mgr/tasks/module_selftest.yaml;;M;M;1;0;FALSE;100644;100644;deab01adb05ddc0d848b2fc3fc5dd213e8c097ed;905e6f783008e7e6bb2c8c34eb241f2538c7095c;10;10-rados-rbd-clients;P2;test/QA;reference-only;Không đọc độc lập;
765;v16.2.5;v16.2.15;qa/suites/rados/mgr/tasks/per_module_finisher_stats.yaml;;A;A;43;0;FALSE;0;100644;0;a2f087ab19bd723bf477c397aec53f0e2f475ccc;10;10-rados-rbd-clients;P2;test/QA;reference-only;Không đọc độc lập;
766;v16.2.5;v16.2.15;qa/suites/rados/mgr/tasks/progress.yaml;;M;M;1;0;FALSE;100644;100644;4a0e802b28968ff731380cffb5c0cd19ec885552;73bbe3c995646641fbe67c70f5587de652e9c1d6;10;10-rados-rbd-clients;P2;test/QA;reference-only;Không đọc độc lập;
767;v16.2.5;v16.2.15;qa/suites/rados/mgr/tasks/workunits.yaml;;M;M;1;1;FALSE;100644;100644;6074de0edf360bf1e70e4cabab008f3d7ec15538;791adc27298b9670d65d417ac1b163a62a2d97f7;10;10-rados-rbd-clients;P2;test/QA;reference-only;Không đọc độc lập;
768;v16.2.5;v16.2.15;qa/suites/rados/perf/ceph.yaml;;M;M;0;1;FALSE;100644;100644;59e8029b17b4683468b343ff9513fbb849eb70fb;f7f1c855624342c2169fff94bf2df13e0ce25cda;10;10-rados-rbd-clients;P2;test/QA;reference-only;Không đọc độc lập;
769;v16.2.5;v16.2.15;qa/suites/rados/perf/ubuntu_18.04.yaml;;D;D;0;1;FALSE;120000;0;cfb85f10ef598cbb7e18628705c9bb8921775626;0;10;10-rados-rbd-clients;P2;test/QA;reference-only;Không đọc độc lập;
770;v16.2.5;v16.2.15;qa/suites/rados/perf/ubuntu_latest.yaml;;A;A;1;0;FALSE;0;120000;0;3a09f9abb05ca992795e41874435c16dc4f071e7;10;10-rados-rbd-clients;P2;test/QA;reference-only;Không đọc độc lập;
771;v16.2.5;v16.2.15;qa/suites/rados/perf/workloads/cosbench_64K_read_write.yaml;;D;D;0;25;FALSE;100644;0;ff0662627cf489114e4d517354faac31967c71be;0;10;10-rados-rbd-clients;P2;test/QA;reference-only;Không đọc độc lập;
772;v16.2.5;v16.2.15;qa/suites/rados/perf/workloads/cosbench_64K_write.yaml;;D;D;0;25;FALSE;100644;0;39034a03b9e91f0a1f73294f1e367d8c5eba917e;0;10;10-rados-rbd-clients;P2;test/QA;reference-only;Không đọc độc lập;
773;v16.2.5;v16.2.15;qa/suites/rados/rook;;D;D;0;1;FALSE;120000;0;1249cc92dd6aaa4633f174a6b4bfac722fe11fc9;0;10;10-rados-rbd-clients;P2;test/QA;reference-only;Không đọc độc lập;
774;v16.2.5;v16.2.15;qa/suites/rados/singleton/all/backfill-toofull.yaml;;A;A;37;0;FALSE;0;100644;0;fcc3d0e2942611e5aa4761e322d9f82d2b4bf879;10;10-rados-rbd-clients;P2;test/QA;reference-only;Không đọc độc lập;
775;v16.2.5;v16.2.15;qa/suites/rados/singleton/all/ec-inconsistent-hinfo.yaml;;A;A;36;0;FALSE;0;100644;0;d71eab149926084548532b1848807e689e8148e5;10;10-rados-rbd-clients;P2;test/QA;reference-only;Không đọc độc lập;
776;v16.2.5;v16.2.15;qa/suites/rados/singleton/all/pg-autoscaler.yaml;;M;M;1;5;FALSE;100644;100644;abc6f7bd1ab17eb57aa5e6e866c731bbf38835a4;c2ab618ca57856c9c1edf2a3a9e3f28fbb1cda74;10;10-rados-rbd-clients;P2;test/QA;reference-only;Không đọc độc lập;
777;v16.2.5;v16.2.15;qa/suites/rados/singleton/all/rebuild-mondb.yaml;;M;M;3;0;FALSE;100644;100644;f678d08ce98c1b1b2fbf0179aed7089e7d177581;3f1c748311c5b6676f4b67f8718806668ff771af;10;10-rados-rbd-clients;P2;test/QA;reference-only;Không đọc độc lập;
778;v16.2.5;v16.2.15;qa/suites/rados/singleton/all/test-noautoscale-flag.yaml;;A;A;39;0;FALSE;0;100644;0;23caa745d92bf1b7c8f1b809dc5182d90015c176;10;10-rados-rbd-clients;P2;test/QA;reference-only;Không đọc độc lập;
779;v16.2.5;v16.2.15;qa/suites/rados/singleton/all/thrash-backfill-full.yaml;;M;M;1;1;FALSE;100644;100644;0f2924db3f808180dd1caa8bfaaf3487d110bf3c;a23527fed585fb017d9ae1419244f470eb2b7511;10;10-rados-rbd-clients;P2;test/QA;reference-only;Không đọc độc lập;
780;v16.2.5;v16.2.15;qa/suites/rados/singleton/all/thrash-eio.yaml;;M;M;2;2;FALSE;100644;100644;5d9770061d1fdeb6cdfbfaefe41ecb621bb0383a;297ce26220c1c6f55dfe3fe1d82e3682f170fb79;10;10-rados-rbd-clients;P2;test/QA;reference-only;Không đọc độc lập;
781;v16.2.5;v16.2.15;qa/suites/rados/standalone/workloads/mon-stretch.yaml;;A;A;18;0;FALSE;0;100644;0;d039126c5341cb883e7179910afc75b2711e79b3;10;10-rados-rbd-clients;P2;test/QA;reference-only;Không đọc độc lập;
782;v16.2.5;v16.2.15;qa/suites/rados/thrash-erasure-code-big/thrashers/mapgap.yaml;;M;M;1;0;FALSE;100644;100644;318b20266f1122726b9157a132fd652c19bbe1a7;18843d87220a1ce34e9e54e2381a5d9f9dcc6335;10;10-rados-rbd-clients;P2;test/QA;reference-only;Không đọc độc lập;
783;v16.2.5;v16.2.15;qa/suites/rados/thrash-erasure-code-big/thrashers/pggrow.yaml;;M;M;1;0;FALSE;100644;100644;772f2698b6790ed460f1e82d2dd04d38d714910c;9cbb80dba9e8372e806904877a04ac9d8cc232ef;10;10-rados-rbd-clients;P2;test/QA;reference-only;Không đọc độc lập;
784;v16.2.5;v16.2.15;qa/suites/rados/verify/tasks/rados_api_tests.yaml;;M;M;4;0;FALSE;100644;100644;f89109aa1f3d3ed95b446f206c878b6d2f3f9fbd;e5a54e69e011e2e0649f446295ba04da8302ce14;10;10-rados-rbd-clients;P2;test/QA;reference-only;Không đọc độc lập;
785;v16.2.5;v16.2.15;qa/suites/rados/verify/tasks/rados_cls_all.yaml;;M;M;2;0;FALSE;100644;100644;163bc2c087250008a8a3cc56712ef1f68b873ba8;0236326f3a8adce6fb57facb27dcba0d1beb6418;10;10-rados-rbd-clients;P2;test/QA;reference-only;Không đọc độc lập;
786;v16.2.5;v16.2.15;qa/suites/rbd/basic/tasks/rbd_api_tests_old_format.yaml;;M;M;2;0;FALSE;100644;100644;36393831a3bda45b03e464d84a230e48e1b4cb5b;3dbb69df40fc659626b0cab6a26cc6a9db3fe05a;10;10-rados-rbd-clients;P2;test/QA;reference-only;Không đọc độc lập;
787;v16.2.5;v16.2.15;qa/suites/rbd/cli/workloads/rbd_support_module_recovery.yaml;;A;A;13;0;FALSE;0;100644;0;aa4d0001fc09c22eb5686f7faafff3249decbc0f;10;10-rados-rbd-clients;P2;test/QA;reference-only;Không đọc độc lập;
788;v16.2.5;v16.2.15;qa/suites/rbd/librbd/workloads/c_api_tests.yaml;;M;M;2;0;FALSE;100644;100644;3073d77a8cdfe7c5acaafb5b6c6b66e75b3158af;ac9dd3cfe010dcf6fd28a55baca7147b65ea0cc1;10;10-rados-rbd-clients;P2;test/QA;reference-only;Không đọc độc lập;
789;v16.2.5;v16.2.15;qa/suites/rbd/librbd/workloads/c_api_tests_with_defaults.yaml;;M;M;2;0;FALSE;100644;100644;35c4b0848563dacb82fbf922c8161d507cdc60e5;c410fbcb0d3fd78e4ae40e37abd880ac5ec7c197;10;10-rados-rbd-clients;P2;test/QA;reference-only;Không đọc độc lập;
790;v16.2.5;v16.2.15;qa/suites/rbd/librbd/workloads/c_api_tests_with_journaling.yaml;;M;M;2;0;FALSE;100644;100644;6fae0fea93dc40c382a2ee47e6d470a6a0b21791;3a121de3eae07ea2ad00c824adbbb0a6df9535aa;10;10-rados-rbd-clients;P2;test/QA;reference-only;Không đọc độc lập;
791;v16.2.5;v16.2.15;qa/suites/rbd/maintenance/workloads/dynamic_features_no_cache.yaml;;M;M;1;0;FALSE;100644;100644;dc8671b7d9ddef654efb476b3110fa4e0221bd12;5d80e6bd372786d978a1152f5e90c788c3473387;10;10-rados-rbd-clients;P2;test/QA;reference-only;Không đọc độc lập;
792;v16.2.5;v16.2.15;qa/suites/rbd/mirror/workloads/rbd-mirror-journal-bootstrap-workunit.yaml;qa/suites/rbd/mirror/workloads/rbd-mirror-bootstrap-workunit.yaml;R;R083;2;0;FALSE;100644;100644;585f582913f7c5594129679d9d31a944c7ab2ae7;b9c5562be834dc823a6e2d18d4593787bb2fdcf8;10;10-rados-rbd-clients;P2;test/QA;reference-only;Không đọc độc lập;
793;v16.2.5;v16.2.15;qa/suites/rbd/mirror/workloads/rbd-mirror-snapshot-bootstrap-workunit.yaml;;A;A;13;0;FALSE;0;100644;0;5ad78474d3cb2cda669166a7847135fb9c3d3e1d;10;10-rados-rbd-clients;P2;test/QA;reference-only;Không đọc độc lập;
794;v16.2.5;v16.2.15;qa/suites/rbd/nbd/workloads/rbd_nbd_diff_continuous.yaml;;A;A;14;0;FALSE;0;100644;0;e0a7ebe335a07a543a15365e6e509da591512859;10;10-rados-rbd-clients;P2;test/QA;reference-only;Không đọc độc lập;
795;v16.2.5;v16.2.15;qa/suites/rbd/persistent-writeback-cache/1-base;;D;D;0;1;FALSE;120000;0;fd10a859de29f0f7bf3da60eea844d0e65506a88;0;10;10-rados-rbd-clients;P2;test/QA;reference-only;Không đọc độc lập;
796;v16.2.5;v16.2.15;qa/suites/rbd/persistent-writeback-cache/4-pool/cache.yaml;;D;D;0;15;FALSE;100644;0;9265e7dd89d718f179b0064b4a5f7b274df79ae1;0;10;10-rados-rbd-clients;P2;test/QA;reference-only;Không đọc độc lập;
797;v16.2.5;v16.2.15;qa/suites/rbd/persistent-writeback-cache/6-workloads/c_api_tests_with_defaults.yaml;;D;D;0;1;FALSE;120000;0;9490327251bedb7d1d018bb626094025a3359485;0;10;10-rados-rbd-clients;P2;test/QA;reference-only;Không đọc độc lập;
798;v16.2.5;v16.2.15;qa/suites/rbd/persistent-writeback-cache/6-workloads/recovery.yaml;;D;D;0;10;FALSE;100644;0;63a0c9dcf25585d4905126c3231ca8bea9f5eeed;0;10;10-rados-rbd-clients;P2;test/QA;reference-only;Không đọc độc lập;
799;v16.2.5;v16.2.15;qa/suites/rbd/pwl-cache/.qa;;A;A;1;0;FALSE;0;120000;0;a602a0353e7510e9ac07370ceaed121e2e528fa2;10;10-rados-rbd-clients;P2;test/QA;reference-only;Không đọc độc lập;
800;v16.2.5;v16.2.15;qa/suites/rbd/pwl-cache/home/%;;A;A;0;0;FALSE;0;100644;0;e69de29bb2d1d6434b8b29ae775ad8c2e48c5391;10;10-rados-rbd-clients;P2;mechanical/zero-LOC;reference-only;Không đọc nội dung độc lập;
801;v16.2.5;v16.2.15;qa/suites/rbd/pwl-cache/home/.qa;;A;A;1;0;FALSE;0;120000;0;a602a0353e7510e9ac07370ceaed121e2e528fa2;10;10-rados-rbd-clients;P2;test/QA;reference-only;Không đọc độc lập;
802;v16.2.5;v16.2.15;qa/suites/rbd/pwl-cache/home/1-base;;A;A;1;0;FALSE;0;120000;0;89c3c7e845f7f573b412c062bfea6163e2345349;10;10-rados-rbd-clients;P2;test/QA;reference-only;Không đọc độc lập;
803;v16.2.5;v16.2.15;qa/suites/rbd/pwl-cache/home/2-cluster/+;;A;A;0;0;FALSE;0;100644;0;e69de29bb2d1d6434b8b29ae775ad8c2e48c5391;10;10-rados-rbd-clients;P2;mechanical/zero-LOC;reference-only;Không đọc nội dung độc lập;
804;v16.2.5;v16.2.15;qa/suites/rbd/pwl-cache/home/2-cluster/.qa;;A;A;1;0;FALSE;0;120000;0;a602a0353e7510e9ac07370ceaed121e2e528fa2;10;10-rados-rbd-clients;P2;test/QA;reference-only;Không đọc độc lập;
805;v16.2.5;v16.2.15;qa/suites/rbd/pwl-cache/home/2-cluster/fix-2.yaml;qa/suites/rbd/persistent-writeback-cache/2-cluster/fix-2.yaml;R;R100;0;0;FALSE;100644;100644;dbccecbceaafdde82d7361ec7f914521b238c702;dbccecbceaafdde82d7361ec7f914521b238c702;10;10-rados-rbd-clients;P2;mechanical/zero-LOC;reference-only;Không đọc nội dung độc lập;
806;v16.2.5;v16.2.15;qa/suites/rbd/pwl-cache/home/2-cluster/openstack.yaml;qa/suites/rbd/persistent-writeback-cache/2-cluster/openstack.yaml;R;R100;0;0;FALSE;100644;100644;b113e4f2ef7f699a41e1a97b406934139f933dec;b113e4f2ef7f699a41e1a97b406934139f933dec;10;10-rados-rbd-clients;P2;mechanical/zero-LOC;reference-only;Không đọc nội dung độc lập;
807;v16.2.5;v16.2.15;qa/suites/rbd/pwl-cache/home/3-supported-random-distro$;;A;A;1;0;FALSE;0;120000;0;0862b4457b37a038999a4485572780a8bd3c07db;10;10-rados-rbd-clients;P2;test/QA;reference-only;Không đọc độc lập;
808;v16.2.5;v16.2.15;qa/suites/rbd/pwl-cache/home/4-cache-path.yaml;;A;A;13;0;FALSE;0;100644;0;be4641b019d6c4dc8d8d8da51be28650d213865b;10;10-rados-rbd-clients;P2;test/QA;reference-only;Không đọc độc lập;
809;v16.2.5;v16.2.15;qa/suites/rbd/pwl-cache/home/5-cache-mode/.qa;;A;A;1;0;FALSE;0;120000;0;a602a0353e7510e9ac07370ceaed121e2e528fa2;10;10-rados-rbd-clients;P2;test/QA;reference-only;Không đọc độc lập;
810;v16.2.5;v16.2.15;qa/suites/rbd/pwl-cache/home/5-cache-mode/rwl.yaml;qa/suites/rbd/persistent-writeback-cache/5-cache-mode/rwl.yaml;R;R100;0;0;FALSE;100644;100644;5aeab26b349477a584c29621be5149e5fb9a14c2;5aeab26b349477a584c29621be5149e5fb9a14c2;10;10-rados-rbd-clients;P2;mechanical/zero-LOC;reference-only;Không đọc nội dung độc lập;
811;v16.2.5;v16.2.15;qa/suites/rbd/pwl-cache/home/5-cache-mode/ssd.yaml;;A;A;5;0;FALSE;0;100644;0;0821491471da92894a1835b0473833a4a225d995;10;10-rados-rbd-clients;P2;test/QA;reference-only;Không đọc độc lập;
812;v16.2.5;v16.2.15;qa/suites/rbd/pwl-cache/home/6-cache-size/.qa;;A;A;1;0;FALSE;0;120000;0;a602a0353e7510e9ac07370ceaed121e2e528fa2;10;10-rados-rbd-clients;P2;test/QA;reference-only;Không đọc độc lập;
813;v16.2.5;v16.2.15;qa/suites/rbd/pwl-cache/home/6-cache-size/1G.yaml;;A;A;5;0;FALSE;0;100644;0;53fcddcdfa8d7729dbe9c1a8d0b4c9c7a3d35f53;10;10-rados-rbd-clients;P2;test/QA;reference-only;Không đọc độc lập;
814;v16.2.5;v16.2.15;qa/suites/rbd/pwl-cache/home/6-cache-size/8G.yaml;;A;A;5;0;FALSE;0;100644;0;b53d36852951441856fdb318930ae251ce9a410f;10;10-rados-rbd-clients;P2;test/QA;reference-only;Không đọc độc lập;
815;v16.2.5;v16.2.15;qa/suites/rbd/pwl-cache/home/7-workloads/.qa;;A;A;1;0;FALSE;0;120000;0;a602a0353e7510e9ac07370ceaed121e2e528fa2;10;10-rados-rbd-clients;P2;test/QA;reference-only;Không đọc độc lập;
816;v16.2.5;v16.2.15;qa/suites/rbd/pwl-cache/home/7-workloads/c_api_tests_with_defaults.yaml;;A;A;1;0;FALSE;0;120000;0;359001f8f55f102b91e79299dcbc50e1c2e2ee65;10;10-rados-rbd-clients;P2;test/QA;reference-only;Không đọc độc lập;
817;v16.2.5;v16.2.15;qa/suites/rbd/pwl-cache/home/7-workloads/fio.yaml;qa/suites/rbd/persistent-writeback-cache/6-workloads/fio.yaml;R;R100;0;0;FALSE;100644;100644;f7aecce8aeb1d33debebb25e22559428064ec89c;f7aecce8aeb1d33debebb25e22559428064ec89c;10;10-rados-rbd-clients;P2;mechanical/zero-LOC;reference-only;Không đọc nội dung độc lập;
818;v16.2.5;v16.2.15;qa/suites/rbd/pwl-cache/home/7-workloads/recovery.yaml;;A;A;9;0;FALSE;0;100644;0;3017beb22fb58b9e625ffb54dd7e5790850b59d3;10;10-rados-rbd-clients;P2;test/QA;reference-only;Không đọc độc lập;
819;v16.2.5;v16.2.15;qa/suites/rbd/pwl-cache/tmpfs/%;;A;A;0;0;FALSE;0;100644;0;e69de29bb2d1d6434b8b29ae775ad8c2e48c5391;10;10-rados-rbd-clients;P2;mechanical/zero-LOC;reference-only;Không đọc nội dung độc lập;
820;v16.2.5;v16.2.15;qa/suites/rbd/pwl-cache/tmpfs/.qa;;A;A;1;0;FALSE;0;120000;0;a602a0353e7510e9ac07370ceaed121e2e528fa2;10;10-rados-rbd-clients;P2;test/QA;reference-only;Không đọc độc lập;
821;v16.2.5;v16.2.15;qa/suites/rbd/pwl-cache/tmpfs/1-base;;A;A;1;0;FALSE;0;120000;0;89c3c7e845f7f573b412c062bfea6163e2345349;10;10-rados-rbd-clients;P2;test/QA;reference-only;Không đọc độc lập;
822;v16.2.5;v16.2.15;qa/suites/rbd/pwl-cache/tmpfs/2-cluster/+;;A;A;0;0;FALSE;0;100644;0;e69de29bb2d1d6434b8b29ae775ad8c2e48c5391;10;10-rados-rbd-clients;P2;mechanical/zero-LOC;reference-only;Không đọc nội dung độc lập;
823;v16.2.5;v16.2.15;qa/suites/rbd/pwl-cache/tmpfs/2-cluster/.qa;;A;A;1;0;FALSE;0;120000;0;a602a0353e7510e9ac07370ceaed121e2e528fa2;10;10-rados-rbd-clients;P2;test/QA;reference-only;Không đọc độc lập;
824;v16.2.5;v16.2.15;qa/suites/rbd/pwl-cache/tmpfs/2-cluster/fix-2.yaml;;A;A;3;0;FALSE;0;100644;0;dbccecbceaafdde82d7361ec7f914521b238c702;10;10-rados-rbd-clients;P2;test/QA;reference-only;Không đọc độc lập;
825;v16.2.5;v16.2.15;qa/suites/rbd/pwl-cache/tmpfs/2-cluster/openstack.yaml;;A;A;4;0;FALSE;0;100644;0;b113e4f2ef7f699a41e1a97b406934139f933dec;10;10-rados-rbd-clients;P2;test/QA;reference-only;Không đọc độc lập;
826;v16.2.5;v16.2.15;qa/suites/rbd/pwl-cache/tmpfs/3-supported-random-distro$;;A;A;1;0;FALSE;0;120000;0;0862b4457b37a038999a4485572780a8bd3c07db;10;10-rados-rbd-clients;P2;test/QA;reference-only;Không đọc độc lập;
827;v16.2.5;v16.2.15;qa/suites/rbd/pwl-cache/tmpfs/4-cache-path.yaml;;A;A;22;0;FALSE;0;100644;0;b5578a0ae59cdaee91b6d58cecf1b00833705b6b;10;10-rados-rbd-clients;P2;test/QA;reference-only;Không đọc độc lập;
828;v16.2.5;v16.2.15;qa/suites/rbd/pwl-cache/tmpfs/5-cache-mode/.qa;;A;A;1;0;FALSE;0;120000;0;a602a0353e7510e9ac07370ceaed121e2e528fa2;10;10-rados-rbd-clients;P2;test/QA;reference-only;Không đọc độc lập;
829;v16.2.5;v16.2.15;qa/suites/rbd/pwl-cache/tmpfs/5-cache-mode/rwl.yaml;;A;A;5;0;FALSE;0;100644;0;5aeab26b349477a584c29621be5149e5fb9a14c2;10;10-rados-rbd-clients;P2;test/QA;reference-only;Không đọc độc lập;
830;v16.2.5;v16.2.15;qa/suites/rbd/pwl-cache/tmpfs/5-cache-mode/ssd.yaml;;A;A;5;0;FALSE;0;100644;0;0821491471da92894a1835b0473833a4a225d995;10;10-rados-rbd-clients;P2;test/QA;reference-only;Không đọc độc lập;
831;v16.2.5;v16.2.15;qa/suites/rbd/pwl-cache/tmpfs/6-cache-size/.qa;;A;A;1;0;FALSE;0;120000;0;a602a0353e7510e9ac07370ceaed121e2e528fa2;10;10-rados-rbd-clients;P2;test/QA;reference-only;Không đọc độc lập;
832;v16.2.5;v16.2.15;qa/suites/rbd/pwl-cache/tmpfs/6-cache-size/1G.yaml;;A;A;5;0;FALSE;0;100644;0;53fcddcdfa8d7729dbe9c1a8d0b4c9c7a3d35f53;10;10-rados-rbd-clients;P2;test/QA;reference-only;Không đọc độc lập;
833;v16.2.5;v16.2.15;qa/suites/rbd/pwl-cache/tmpfs/6-cache-size/5G.yaml;;A;A;5;0;FALSE;0;100644;0;1c43b5de896d8a34fa22b6b74b343c82064d0795;10;10-rados-rbd-clients;P2;test/QA;reference-only;Không đọc độc lập;
834;v16.2.5;v16.2.15;qa/suites/rbd/pwl-cache/tmpfs/7-workloads/.qa;;A;A;1;0;FALSE;0;120000;0;a602a0353e7510e9ac07370ceaed121e2e528fa2;10;10-rados-rbd-clients;P2;test/QA;reference-only;Không đọc độc lập;
835;v16.2.5;v16.2.15;qa/suites/rbd/pwl-cache/tmpfs/7-workloads/qemu_xfstests.yaml;qa/suites/rbd/persistent-writeback-cache/6-workloads/qemu_xfstests.yaml;R;R100;0;0;FALSE;100644;100644;255b9631e39f8d5481f193271f74882396dbc441;255b9631e39f8d5481f193271f74882396dbc441;10;10-rados-rbd-clients;P2;mechanical/zero-LOC;reference-only;Không đọc nội dung độc lập;
836;v16.2.5;v16.2.15;qa/suites/rbd/singleton/all/qemu-iotests-no-cache.yaml;;M;M;6;0;FALSE;100644;100644;bfb203904189c38509c9ed755ba991b16540ef4d;364dd8810479b80a46105d7e77a16c3203687099;10;10-rados-rbd-clients;P2;test/QA;reference-only;Không đọc độc lập;
837;v16.2.5;v16.2.15;qa/suites/rbd/singleton/all/qemu-iotests-writearound.yaml;;M;M;6;0;FALSE;100644;100644;3a19b317c7a96ccc4aa74d9395de81af6e7e4047;9757083855205139e29739a7db28b9050d09d3ac;10;10-rados-rbd-clients;P2;test/QA;reference-only;Không đọc độc lập;
838;v16.2.5;v16.2.15;qa/suites/rbd/singleton/all/qemu-iotests-writeback.yaml;;M;M;6;0;FALSE;100644;100644;48e370ec128f20cb1c3f1f81df1178cf66a556ad;9d078c33d691ac512ab9e3b4824a8c84c287605f;10;10-rados-rbd-clients;P2;test/QA;reference-only;Không đọc độc lập;
839;v16.2.5;v16.2.15;qa/suites/rbd/singleton/all/qemu-iotests-writethrough.yaml;;M;M;6;0;FALSE;100644;100644;908a678040394cba09eb934b211af45e9a0d8da0;c5250bb906b88cf74c365935843cdee37cc555e6;10;10-rados-rbd-clients;P2;test/QA;reference-only;Không đọc độc lập;
840;v16.2.5;v16.2.15;qa/suites/rbd/thrash/workloads/rbd_api_tests.yaml;;M;M;2;0;FALSE;100644;100644;35c4b0848563dacb82fbf922c8161d507cdc60e5;c410fbcb0d3fd78e4ae40e37abd880ac5ec7c197;10;10-rados-rbd-clients;P2;test/QA;reference-only;Không đọc độc lập;
841;v16.2.5;v16.2.15;qa/suites/rbd/thrash/workloads/rbd_api_tests_copy_on_read.yaml;;M;M;2;0;FALSE;100644;100644;8f929162e716dd6c1e91d91868f208331180e7b6;ce47fc46f62ac684dcd10b73bbc19d3112b30344;10;10-rados-rbd-clients;P2;test/QA;reference-only;Không đọc độc lập;
842;v16.2.5;v16.2.15;qa/suites/rbd/thrash/workloads/rbd_api_tests_journaling.yaml;;M;M;2;0;FALSE;100644;100644;6fae0fea93dc40c382a2ee47e6d470a6a0b21791;3a121de3eae07ea2ad00c824adbbb0a6df9535aa;10;10-rados-rbd-clients;P2;test/QA;reference-only;Không đọc độc lập;
843;v16.2.5;v16.2.15;qa/suites/rbd/thrash/workloads/rbd_api_tests_no_locking.yaml;;M;M;2;0;FALSE;100644;100644;3073d77a8cdfe7c5acaafb5b6c6b66e75b3158af;ac9dd3cfe010dcf6fd28a55baca7147b65ea0cc1;10;10-rados-rbd-clients;P2;test/QA;reference-only;Không đọc độc lập;
844;v16.2.5;v16.2.15;qa/suites/rbd/valgrind/workloads/c_api_tests.yaml;;M;M;2;0;FALSE;100644;100644;3073d77a8cdfe7c5acaafb5b6c6b66e75b3158af;ac9dd3cfe010dcf6fd28a55baca7147b65ea0cc1;10;10-rados-rbd-clients;P2;test/QA;reference-only;Không đọc độc lập;
845;v16.2.5;v16.2.15;qa/suites/rbd/valgrind/workloads/c_api_tests_with_defaults.yaml;;M;M;2;0;FALSE;100644;100644;35c4b0848563dacb82fbf922c8161d507cdc60e5;c410fbcb0d3fd78e4ae40e37abd880ac5ec7c197;10;10-rados-rbd-clients;P2;test/QA;reference-only;Không đọc độc lập;
846;v16.2.5;v16.2.15;qa/suites/rbd/valgrind/workloads/c_api_tests_with_journaling.yaml;;M;M;2;0;FALSE;100644;100644;6fae0fea93dc40c382a2ee47e6d470a6a0b21791;3a121de3eae07ea2ad00c824adbbb0a6df9535aa;10;10-rados-rbd-clients;P2;test/QA;reference-only;Không đọc độc lập;
847;v16.2.5;v16.2.15;qa/suites/rgw/crypt/2-kms/barbican.yaml;;M;M;2;4;FALSE;100644;100644;94c43895f52adb832bba2c8b2c52b02d8ef5f7ef;bc059c0a34da031a175546490304dcdb898f041a;12;12-rgw;P2;test/QA;reference-only;Không đọc độc lập;
848;v16.2.5;v16.2.15;qa/suites/rgw/crypt/2-kms/kmip.yaml;;M;M;3;3;FALSE;100644;100644;4b2a13f42783dff11752776156b698e7ff0b89b5;0057d954e320bdf46250882e473bf31f7f5846cf;12;12-rgw;P2;test/QA;reference-only;Không đọc độc lập;
849;v16.2.5;v16.2.15;qa/suites/rgw/crypt/ignore-pg-availability.yaml;;M;M;1;1;FALSE;120000;120000;9889fd2d2dec059b8bda5460df33b11c043a880a;32340b1fa8be86b8f7bd3d27be4902ac98a7f803;12;12-rgw;P2;test/QA;reference-only;Không đọc độc lập;
850;v16.2.5;v16.2.15;qa/suites/rgw/multifs/ignore-pg-availability.yaml;;M;M;1;1;FALSE;120000;120000;9889fd2d2dec059b8bda5460df33b11c043a880a;32340b1fa8be86b8f7bd3d27be4902ac98a7f803;12;12-rgw;P2;test/QA;reference-only;Không đọc độc lập;
851;v16.2.5;v16.2.15;qa/suites/rgw/multifs/tasks/rgw_bucket_quota.yaml;;M;M;0;2;FALSE;100644;100644;eb4a67ea0aa5f6e80a9bdb4c9322b1d085fde80f;e07c8b5ccfe85a95bec9ed42c46a0c0932c08d07;12;12-rgw;P2;test/QA;reference-only;Không đọc độc lập;
852;v16.2.5;v16.2.15;qa/suites/rgw/multifs/tasks/rgw_multipart_upload.yaml;;M;M;0;2;FALSE;100644;100644;f7e561f073182c19300cc0f5fe5807e7b1ed9af5;bac4f4016264e561659cdd94fa0f87d64e0a0549;12;12-rgw;P2;test/QA;reference-only;Không đọc độc lập;
853;v16.2.5;v16.2.15;qa/suites/rgw/multifs/tasks/rgw_user_quota.yaml;;M;M;0;2;FALSE;100644;100644;e661ff33d101b56412dba157a5a56651931da049;92c63d2e85019d1abd016d2cfc662bb1cf78e35f;12;12-rgw;P2;test/QA;reference-only;Không đọc độc lập;
854;v16.2.5;v16.2.15;qa/suites/rgw/multifs/ubuntu_latest.yaml;;A;A;1;0;FALSE;0;120000;0;3a09f9abb05ca992795e41874435c16dc4f071e7;12;12-rgw;P2;test/QA;reference-only;Không đọc độc lập;
855;v16.2.5;v16.2.15;qa/suites/rgw/multisite/ignore-pg-availability.yaml;;M;M;1;1;FALSE;120000;120000;9889fd2d2dec059b8bda5460df33b11c043a880a;32340b1fa8be86b8f7bd3d27be4902ac98a7f803;12;12-rgw;P2;test/QA;reference-only;Không đọc độc lập;
856;v16.2.5;v16.2.15;qa/suites/rgw/multisite/overrides.yaml;;M;M;1;0;FALSE;100644;100644;c9019e15499c10ce0b0d3cb654b169e5c275068a;7fff1f49e3cfd6bd8693ecdf237c8d6a5a1e65f2;12;12-rgw;P2;test/QA;reference-only;Không đọc độc lập;
857;v16.2.5;v16.2.15;qa/suites/rgw/multisite/realms/three-zones.yaml;qa/suites/rgw/multisite/realms/three-zone-plus-pubsub.yaml;R;R084;2;3;FALSE;100644;100644;e77e5ade409be42cb3443b936b0c760a9900b40d;cfa17e949d3da38717acb269cdda8d1dfeccfdee;12;12-rgw;P2;test/QA;reference-only;Không đọc độc lập;
858;v16.2.5;v16.2.15;qa/suites/rgw/multisite/supported-random-distro$;;A;A;1;0;FALSE;0;120000;0;0862b4457b37a038999a4485572780a8bd3c07db;12;12-rgw;P2;test/QA;reference-only;Không đọc độc lập;
859;v16.2.5;v16.2.15;qa/suites/rgw/multisite/tasks/test_multi.yaml;;M;M;0;9;FALSE;100644;100644;3247f241619bb30b6631ad6f61c29f5b8c7d63ac;1a65a67b5aa523d31ee50a325893399f4a0352cb;12;12-rgw;P2;test/QA;reference-only;Không đọc độc lập;
860;v16.2.5;v16.2.15;qa/suites/rgw/multisite/valgrind.yaml;;D;D;0;20;FALSE;100644;0;71c56fae4670ee87a71a9cdebf0c18a50fc72197;0;12;12-rgw;P2;test/QA;reference-only;Không đọc độc lập;
861;v16.2.5;v16.2.15;qa/suites/rgw/multisite/valgrind.yaml.disabled;;A;A;20;0;FALSE;0;100644;0;36e20f02c3e82550ee5fc0e785cd56852a50d868;12;12-rgw;P2;test/QA;reference-only;Không đọc độc lập;
862;v16.2.5;v16.2.15;qa/suites/rgw/sts/.qa;;A;A;1;0;FALSE;0;120000;0;fea2489fdf6d9c5d189a12524b23f3f8daedd85a;12;12-rgw;P2;test/QA;reference-only;Không đọc độc lập;
863;v16.2.5;v16.2.15;qa/suites/rgw/sts/cluster.yaml;;A;A;1;0;FALSE;0;120000;0;230ff0fdab4126f8b7aed4317541c0ce278ffed7;12;12-rgw;P2;test/QA;reference-only;Không đọc độc lập;
864;v16.2.5;v16.2.15;qa/suites/rgw/sts/clusters/fixed-2.yaml;;D;D;0;12;FALSE;100644;0;e4448bb2008834ec3e0480e0a9d83070be48b818;0;12;12-rgw;P2;test/QA;reference-only;Không đọc độc lập;
865;v16.2.5;v16.2.15;qa/suites/rgw/sts/frontend/civetweb.yaml;;D;D;0;3;FALSE;100644;0;57e8cc44fd88bc7cffd9c0896b5a0273570c4e32;0;12;12-rgw;P2;test/QA;reference-only;Không đọc độc lập;
866;v16.2.5;v16.2.15;qa/suites/rgw/sts/ignore-pg-availability.yaml;;M;M;1;1;FALSE;120000;120000;9889fd2d2dec059b8bda5460df33b11c043a880a;32340b1fa8be86b8f7bd3d27be4902ac98a7f803;12;12-rgw;P2;test/QA;reference-only;Không đọc độc lập;
867;v16.2.5;v16.2.15;qa/suites/rgw/sts/objectstore.yaml;;A;A;1;0;FALSE;0;120000;0;a59cf5175069a8d125e2c4f1bab72d354c02627c;12;12-rgw;P2;test/QA;reference-only;Không đọc độc lập;
868;v16.2.5;v16.2.15;qa/suites/rgw/sts/objectstore/bluestore-bitmap.yaml;;D;D;0;42;FALSE;100644;0;69c37aced6756c1f922dce6a0c2d88efeded8e06;0;12;12-rgw;P2;test/QA;reference-only;Không đọc độc lập;
869;v16.2.5;v16.2.15;qa/suites/rgw/sts/objectstore/filestore-xfs.yaml;;D;D;0;14;FALSE;100644;0;bd18aca1e5e7ffe687cb3e3f3ac0a07b57fa9ca2;0;12;12-rgw;P2;test/QA;reference-only;Không đọc độc lập;
870;v16.2.5;v16.2.15;qa/suites/rgw/sts/pool-type.yaml;;A;A;1;0;FALSE;0;120000;0;697b33b2043c7ed9c194f3689fd89b95e24ff7f9;12;12-rgw;P2;test/QA;reference-only;Không đọc độc lập;
871;v16.2.5;v16.2.15;qa/suites/rgw/sts/rgw_frontend;;A;A;1;0;FALSE;0;120000;0;926a53e838346b801f4d2941d0379c38af7a1ef8;12;12-rgw;P2;test/QA;reference-only;Không đọc độc lập;
872;v16.2.5;v16.2.15;qa/suites/rgw/sts/rgw_pool_type/ec-profile.yaml;;D;D;0;8;FALSE;100644;0;f6fbf35f7f9de167ebaeadc178a60ba8eecea563;0;12;12-rgw;P2;test/QA;reference-only;Không đọc độc lập;
873;v16.2.5;v16.2.15;qa/suites/rgw/sts/rgw_pool_type/ec.yaml;;D;D;0;3;FALSE;100644;0;7c0c5e6a0a3a9d4a32f841569edebde235eff236;0;12;12-rgw;P2;test/QA;reference-only;Không đọc độc lập;
874;v16.2.5;v16.2.15;qa/suites/rgw/sts/rgw_pool_type/replicated.yaml;;D;D;0;3;FALSE;100644;0;c91709eaae7edffc11bac557543d27bdd36a7ce2;0;12;12-rgw;P2;test/QA;reference-only;Không đọc độc lập;
875;v16.2.5;v16.2.15;qa/suites/rgw/sts/supported-random-distro$;;A;A;1;0;FALSE;0;120000;0;0862b4457b37a038999a4485572780a8bd3c07db;12;12-rgw;P2;test/QA;reference-only;Không đọc độc lập;
876;v16.2.5;v16.2.15;qa/suites/rgw/sts/tasks/0-install.yaml;;M;M;0;4;FALSE;100644;100644;ae75c1884d9e87fb21bcfa517368bcaa4a41db4c;013ccbd26feaf313c357d3578f879825fd8198c7;12;12-rgw;P2;test/QA;reference-only;Không đọc độc lập;
877;v16.2.5;v16.2.15;qa/suites/rgw/sts/tasks/first.yaml;qa/suites/rgw/sts/tasks/webidentity.yaml;R;R100;0;0;FALSE;100644;100644;8892f7082284b71988b7ed2a8d55d844f48e06f9;8892f7082284b71988b7ed2a8d55d844f48e06f9;12;12-rgw;P2;mechanical/zero-LOC;reference-only;Không đọc nội dung độc lập;
878;v16.2.5;v16.2.15;qa/suites/rgw/tempest/tasks/rgw_tempest.yaml;;M;M;7;7;FALSE;100644;100644;c08272dcd94902bcae41c50b3d9f57000a8a2491;1413465a36b0918b61197ada732760c20efb05ba;12;12-rgw;P2;test/QA;reference-only;Không đọc độc lập;
879;v16.2.5;v16.2.15;qa/suites/rgw/thrash/ubuntu_latest.yaml;;A;A;1;0;FALSE;0;120000;0;3a09f9abb05ca992795e41874435c16dc4f071e7;12;12-rgw;P2;test/QA;reference-only;Không đọc độc lập;
880;v16.2.5;v16.2.15;qa/suites/rgw/thrash/workload/rgw_bucket_quota.yaml;;M;M;0;2;FALSE;100644;100644;eef9ca3ec653635010d75967a13b38c4a6189987;bc441ff326591d2a48a6d416f3ea6e08a0358c47;12;12-rgw;P2;test/QA;reference-only;Không đọc độc lập;
881;v16.2.5;v16.2.15;qa/suites/rgw/thrash/workload/rgw_multipart_upload.yaml;;M;M;0;2;FALSE;100644;100644;f364f2d23bd02be93a4e7cbb88a6bced66ad1787;1b98f26255828a7cedf98e88318f9992a6298d09;12;12-rgw;P2;test/QA;reference-only;Không đọc độc lập;
882;v16.2.5;v16.2.15;qa/suites/rgw/thrash/workload/rgw_user_quota.yaml;;M;M;0;2;FALSE;100644;100644;670ac0c170a82599a0c6138d65375527d0f1f286;75ba3d4749b4ae0e65f9d5b56370f4b9adb3e4bc;12;12-rgw;P2;test/QA;reference-only;Không đọc độc lập;
883;v16.2.5;v16.2.15;qa/suites/rgw/verify/ignore-pg-availability.yaml;;M;M;1;1;FALSE;120000;120000;9889fd2d2dec059b8bda5460df33b11c043a880a;32340b1fa8be86b8f7bd3d27be4902ac98a7f803;12;12-rgw;P2;test/QA;reference-only;Không đọc độc lập;
884;v16.2.5;v16.2.15;qa/suites/rgw/verify/tasks/bucket-check.yaml;;A;A;5;0;FALSE;0;100644;0;4955d41c6477bc156c88429668d9fb3a32343c56;12;12-rgw;P2;test/QA;reference-only;Không đọc độc lập;
885;v16.2.5;v16.2.15;qa/suites/rgw/verify/tasks/s3tests-java.yaml;;M;M;1;1;FALSE;100644;100644;06c134c37544fa211873a10027a1fdfd448d9fc0;455f86485a6818e1efb833e9521fccd3d01693d2;12;12-rgw;P2;test/QA;reference-only;Không đọc độc lập;
886;v16.2.5;v16.2.15;qa/suites/rgw/verify/tasks/versioning.yaml;;A;A;5;0;FALSE;0;100644;0;ab928f270e453175b646fdfbb9be0359446d9f9f;12;12-rgw;P2;test/QA;reference-only;Không đọc độc lập;
887;v16.2.5;v16.2.15;qa/suites/rgw/verify/validater/valgrind.yaml;;M;M;0;4;FALSE;100644;100644;b3f412748cd13dbd8d97fc437deb89c67d471217;7b7e4d45e522962a5091e7b6dad1c6ec093212af;12;12-rgw;P2;test/QA;reference-only;Không đọc độc lập;
888;v16.2.5;v16.2.15;qa/suites/smoke/basic/tasks/test/rbd_api_tests.yaml;;M;M;1;0;FALSE;100644;100644;3e13adb0089e5fe62d8e3bc863df7fa1c216113a;cbd0fb27cd1460e321df600546ade6256e09397a;15;15-upgrade-validation;P2;test/QA;reference-only;Không đọc độc lập;
889;v16.2.5;v16.2.15;qa/suites/upgrade-clients/client-upgrade-pacific-quincy/.qa;;A;A;1;0;FALSE;0;120000;0;a23f7e045836bfa41d6c79fb21549e8d3a28f315;15;15-upgrade-validation;P2;test/QA;reference-only;Không đọc độc lập;
890;v16.2.5;v16.2.15;qa/suites/upgrade-clients/client-upgrade-pacific-quincy/pacific-client-x/rbd/%;;A;A;0;0;FALSE;0;100644;0;e69de29bb2d1d6434b8b29ae775ad8c2e48c5391;15;15-upgrade-validation;P2;mechanical/zero-LOC;reference-only;Không đọc nội dung độc lập;
891;v16.2.5;v16.2.15;qa/suites/upgrade-clients/client-upgrade-pacific-quincy/pacific-client-x/rbd/.qa;;A;A;1;0;FALSE;0;120000;0;a23f7e045836bfa41d6c79fb21549e8d3a28f315;15;15-upgrade-validation;P2;test/QA;reference-only;Không đọc độc lập;
892;v16.2.5;v16.2.15;qa/suites/upgrade-clients/client-upgrade-pacific-quincy/pacific-client-x/rbd/0-cluster/+;;A;A;0;0;FALSE;0;100644;0;e69de29bb2d1d6434b8b29ae775ad8c2e48c5391;15;15-upgrade-validation;P2;mechanical/zero-LOC;reference-only;Không đọc nội dung độc lập;
893;v16.2.5;v16.2.15;qa/suites/upgrade-clients/client-upgrade-pacific-quincy/pacific-client-x/rbd/0-cluster/.qa;;A;A;1;0;FALSE;0;120000;0;a602a0353e7510e9ac07370ceaed121e2e528fa2;15;15-upgrade-validation;P2;test/QA;reference-only;Không đọc độc lập;
894;v16.2.5;v16.2.15;qa/suites/upgrade-clients/client-upgrade-pacific-quincy/pacific-client-x/rbd/0-cluster/openstack.yaml;;A;A;4;0;FALSE;0;100644;0;b0f3b9b4da228ac05591a27012f7bcf432cc1b1f;15;15-upgrade-validation;P2;test/QA;reference-only;Không đọc độc lập;
895;v16.2.5;v16.2.15;qa/suites/upgrade-clients/client-upgrade-pacific-quincy/pacific-client-x/rbd/0-cluster/start.yaml;;A;A;19;0;FALSE;0;100644;0;2f89e0d59e5472c4277da76200408a374204722a;15;15-upgrade-validation;P2;test/QA;reference-only;Không đọc độc lập;
896;v16.2.5;v16.2.15;qa/suites/upgrade-clients/client-upgrade-pacific-quincy/pacific-client-x/rbd/1-install/.qa;;A;A;1;0;FALSE;0;120000;0;a602a0353e7510e9ac07370ceaed121e2e528fa2;15;15-upgrade-validation;P2;test/QA;reference-only;Không đọc độc lập;
897;v16.2.5;v16.2.15;qa/suites/upgrade-clients/client-upgrade-pacific-quincy/pacific-client-x/rbd/1-install/pacific-client-x.yaml;;A;A;11;0;FALSE;0;100644;0;12c989e68efef13e14cd00e649f6e45470279d62;15;15-upgrade-validation;P2;test/QA;reference-only;Không đọc độc lập;
898;v16.2.5;v16.2.15;qa/suites/upgrade-clients/client-upgrade-pacific-quincy/pacific-client-x/rbd/2-workload/.qa;;A;A;1;0;FALSE;0;120000;0;a602a0353e7510e9ac07370ceaed121e2e528fa2;15;15-upgrade-validation;P2;test/QA;reference-only;Không đọc độc lập;
899;v16.2.5;v16.2.15;qa/suites/upgrade-clients/client-upgrade-pacific-quincy/pacific-client-x/rbd/2-workload/rbd_notification_tests.yaml;;A;A;34;0;FALSE;0;100644;0;a083d042d97b7b350445c98a43ab9141f9da8e83;15;15-upgrade-validation;P2;test/QA;reference-only;Không đọc độc lập;
900;v16.2.5;v16.2.15;qa/suites/upgrade-clients/client-upgrade-pacific-quincy/pacific-client-x/rbd/supported/.qa;;A;A;1;0;FALSE;0;120000;0;a602a0353e7510e9ac07370ceaed121e2e528fa2;15;15-upgrade-validation;P2;test/QA;reference-only;Không đọc độc lập;
901;v16.2.5;v16.2.15;qa/suites/upgrade-clients/client-upgrade-pacific-quincy/pacific-client-x/rbd/supported/ubuntu_20.04.yaml;;A;A;1;0;FALSE;0;120000;0;834ac14f736c4f5e0f1a9c45a017c007c7c20c90;15;15-upgrade-validation;P2;test/QA;reference-only;Không đọc độc lập;
902;v16.2.5;v16.2.15;qa/suites/upgrade-clients/client-upgrade-pacific-reef/.qa;;A;A;1;0;FALSE;0;120000;0;a23f7e045836bfa41d6c79fb21549e8d3a28f315;15;15-upgrade-validation;P2;test/QA;reference-only;Không đọc độc lập;
903;v16.2.5;v16.2.15;qa/suites/upgrade-clients/client-upgrade-pacific-reef/pacific-client-x/rbd/%;;A;A;0;0;FALSE;0;100644;0;e69de29bb2d1d6434b8b29ae775ad8c2e48c5391;15;15-upgrade-validation;P2;mechanical/zero-LOC;reference-only;Không đọc nội dung độc lập;
904;v16.2.5;v16.2.15;qa/suites/upgrade-clients/client-upgrade-pacific-reef/pacific-client-x/rbd/.qa;;A;A;1;0;FALSE;0;120000;0;a23f7e045836bfa41d6c79fb21549e8d3a28f315;15;15-upgrade-validation;P2;test/QA;reference-only;Không đọc độc lập;
905;v16.2.5;v16.2.15;qa/suites/upgrade-clients/client-upgrade-pacific-reef/pacific-client-x/rbd/0-cluster/+;;A;A;0;0;FALSE;0;100644;0;e69de29bb2d1d6434b8b29ae775ad8c2e48c5391;15;15-upgrade-validation;P2;mechanical/zero-LOC;reference-only;Không đọc nội dung độc lập;
906;v16.2.5;v16.2.15;qa/suites/upgrade-clients/client-upgrade-pacific-reef/pacific-client-x/rbd/0-cluster/.qa;;A;A;1;0;FALSE;0;120000;0;a602a0353e7510e9ac07370ceaed121e2e528fa2;15;15-upgrade-validation;P2;test/QA;reference-only;Không đọc độc lập;
907;v16.2.5;v16.2.15;qa/suites/upgrade-clients/client-upgrade-pacific-reef/pacific-client-x/rbd/0-cluster/openstack.yaml;;A;A;4;0;FALSE;0;100644;0;b0f3b9b4da228ac05591a27012f7bcf432cc1b1f;15;15-upgrade-validation;P2;test/QA;reference-only;Không đọc độc lập;
908;v16.2.5;v16.2.15;qa/suites/upgrade-clients/client-upgrade-pacific-reef/pacific-client-x/rbd/0-cluster/start.yaml;;A;A;19;0;FALSE;0;100644;0;b2bce035eac5ab2b9153a870aca618e255b51ea2;15;15-upgrade-validation;P2;test/QA;reference-only;Không đọc độc lập;
909;v16.2.5;v16.2.15;qa/suites/upgrade-clients/client-upgrade-pacific-reef/pacific-client-x/rbd/1-install/.qa;;A;A;1;0;FALSE;0;120000;0;a602a0353e7510e9ac07370ceaed121e2e528fa2;15;15-upgrade-validation;P2;test/QA;reference-only;Không đọc độc lập;
910;v16.2.5;v16.2.15;qa/suites/upgrade-clients/client-upgrade-pacific-reef/pacific-client-x/rbd/1-install/pacific-client-x.yaml;;A;A;11;0;FALSE;0;100644;0;12c989e68efef13e14cd00e649f6e45470279d62;15;15-upgrade-validation;P2;test/QA;reference-only;Không đọc độc lập;
911;v16.2.5;v16.2.15;qa/suites/upgrade-clients/client-upgrade-pacific-reef/pacific-client-x/rbd/2-workload/.qa;;A;A;1;0;FALSE;0;120000;0;a602a0353e7510e9ac07370ceaed121e2e528fa2;15;15-upgrade-validation;P2;test/QA;reference-only;Không đọc độc lập;
912;v16.2.5;v16.2.15;qa/suites/upgrade-clients/client-upgrade-pacific-reef/pacific-client-x/rbd/2-workload/rbd_notification_tests.yaml;;A;A;34;0;FALSE;0;100644;0;a7fb39df97ce1ab61c6a9c1bc41854f4f63f5a22;15;15-upgrade-validation;P2;test/QA;reference-only;Không đọc độc lập;
913;v16.2.5;v16.2.15;qa/suites/upgrade-clients/client-upgrade-pacific-reef/pacific-client-x/rbd/supported/.qa;;A;A;1;0;FALSE;0;120000;0;a602a0353e7510e9ac07370ceaed121e2e528fa2;15;15-upgrade-validation;P2;test/QA;reference-only;Không đọc độc lập;
914;v16.2.5;v16.2.15;qa/suites/upgrade-clients/client-upgrade-pacific-reef/pacific-client-x/rbd/supported/ubuntu_20.04.yaml;;A;A;1;0;FALSE;0;120000;0;834ac14f736c4f5e0f1a9c45a017c007c7c20c90;15;15-upgrade-validation;P2;test/QA;reference-only;Không đọc độc lập;
915;v16.2.5;v16.2.15;qa/suites/upgrade/nautilus-x-singleton/7-octopus.yaml;;D;D;0;1;FALSE;120000;0;0d329c1dd2c268cd4c8fc70dd80c3d7a5f726fa9;0;15;15-upgrade-validation;P2;test/QA;reference-only;Không đọc độc lập;
916;v16.2.5;v16.2.15;qa/suites/upgrade/nautilus-x-singleton/7-pacific.yaml;;A;A;1;0;FALSE;0;120000;0;1467fc88ecd2bb28fcd1c82fca16d91c986dbb78;15;15-upgrade-validation;P2;test/QA;reference-only;Không đọc độc lập;
917;v16.2.5;v16.2.15;qa/suites/upgrade/nautilus-x/parallel/2-workload/rgw_ragweed_prepare.yaml;;M;M;1;1;FALSE;100644;100644;5dbffc73d49e5d0473268bac9e83c8d00b506f5f;207b68cc3056eb95c388b8e73090fdc504b0f2fb;15;15-upgrade-validation;P2;test/QA;reference-only;Không đọc độc lập;
918;v16.2.5;v16.2.15;qa/suites/upgrade/nautilus-x/parallel/3-upgrade-sequence/upgrade-mon-osd-mds.yaml;;M;M;4;2;FALSE;100644;100644;f11ad1284e18dfb1435a37889683c4515a2c21e8;3c45d765865b18917b07df195f86b6e81a1391d5;15;15-upgrade-validation;P2;test/QA;reference-only;Không đọc độc lập;
919;v16.2.5;v16.2.15;qa/suites/upgrade/nautilus-x/parallel/4-octopus.yaml;;D;D;0;1;FALSE;120000;0;344983858fc5e34d384a62c31d6ec2b09ca1440c;0;15;15-upgrade-validation;P2;test/QA;reference-only;Không đọc độc lập;
920;v16.2.5;v16.2.15;qa/suites/upgrade/nautilus-x/parallel/4-pacific.yaml;;A;A;1;0;FALSE;0;120000;0;1467fc88ecd2bb28fcd1c82fca16d91c986dbb78;15;15-upgrade-validation;P2;test/QA;reference-only;Không đọc độc lập;
921;v16.2.5;v16.2.15;qa/suites/upgrade/nautilus-x/parallel/5-final-workload/rgw_ragweed_check.yaml;;M;M;1;1;FALSE;100644;100644;2e94f25038e00fa22233b1eac7c6637b3488061e;c91d91f6eb5952065a0166d25d667836400e2d9a;15;15-upgrade-validation;P2;test/QA;reference-only;Không đọc độc lập;
922;v16.2.5;v16.2.15;qa/suites/upgrade/nautilus-x/stress-split-erasure-code/6-octopus.yaml;;D;D;0;1;FALSE;120000;0;344983858fc5e34d384a62c31d6ec2b09ca1440c;0;15;15-upgrade-validation;P2;test/QA;reference-only;Không đọc độc lập;
923;v16.2.5;v16.2.15;qa/suites/upgrade/nautilus-x/stress-split-erasure-code/6-pacific.yaml;;A;A;1;0;FALSE;0;120000;0;1467fc88ecd2bb28fcd1c82fca16d91c986dbb78;15;15-upgrade-validation;P2;test/QA;reference-only;Không đọc độc lập;
924;v16.2.5;v16.2.15;qa/suites/upgrade/nautilus-x/stress-split/6-octopus.yaml;;D;D;0;1;FALSE;120000;0;344983858fc5e34d384a62c31d6ec2b09ca1440c;0;15;15-upgrade-validation;P2;test/QA;reference-only;Không đọc độc lập;
925;v16.2.5;v16.2.15;qa/suites/upgrade/nautilus-x/stress-split/6-pacific.yaml;;A;A;1;0;FALSE;0;120000;0;1467fc88ecd2bb28fcd1c82fca16d91c986dbb78;15;15-upgrade-validation;P2;test/QA;reference-only;Không đọc độc lập;
926;v16.2.5;v16.2.15;qa/suites/upgrade/octopus-x/parallel-no-cephadm/3-upgrade-sequence/upgrade-mon-osd-mds.yaml;;M;M;4;2;FALSE;100644;100644;29d2251f98b5e5adae2adc2de3085bedb254578d;9f1d20822c5e07730a078214e2b6fb39bb6a095a;15;15-upgrade-validation;P2;test/QA;reference-only;Không đọc độc lập;
927;v16.2.5;v16.2.15;qa/suites/upgrade/octopus-x/parallel-no-cephadm/5-final-workload/rgw_ragweed_check.yaml;;M;M;1;1;FALSE;100644;100644;2e94f25038e00fa22233b1eac7c6637b3488061e;6f1df8380a46bf8390b522bf084abc217ec43eea;15;15-upgrade-validation;P2;test/QA;reference-only;Không đọc độc lập;
928;v16.2.5;v16.2.15;qa/suites/upgrade/octopus-x/parallel/workload/rados_api.yaml;;M;M;2;0;FALSE;100644;100644;f18e7d98db69966568bb0dddce11ceded83a56a3;2f0ca39743a61ea81248ca917d88785fbbf7ead5;15;15-upgrade-validation;P2;test/QA;reference-only;Không đọc độc lập;
929;v16.2.5;v16.2.15;qa/suites/upgrade/octopus-x/stress-split-erasure-code-no-cephadm/1-octopus-install;qa/suites/upgrade/octopus-x/stress-split-erasure-code-no-cephadm/1-nautilus-install;R;R100;0;0;FALSE;120000;120000;078cb90069cf6647f52a2dc5f64e43ee38db66af;078cb90069cf6647f52a2dc5f64e43ee38db66af;15;15-upgrade-validation;P2;mechanical/zero-LOC;reference-only;Không đọc nội dung độc lập;
930;v16.2.5;v16.2.15;qa/suites/upgrade/octopus-x/stress-split-no-cephadm/4-workload/rbd-cls.yaml;;M;M;2;0;FALSE;100644;100644;07ab6e10ec9701e8f8232d7eaac8c45a1ded312d;7e9a14846cf9c68979c2770effe2047e85a15f0f;15;15-upgrade-validation;P2;test/QA;reference-only;Không đọc độc lập;
931;v16.2.5;v16.2.15;qa/suites/upgrade/octopus-x/stress-split-no-cephadm/5-finish-upgrade.yaml;;M;M;1;7;FALSE;100644;100644;65d4ef45574181b305d95a62c71c19407db2af58;e94de51b2ce40d9cb4e6f2d18112c64e8a8eff51;15;15-upgrade-validation;P2;test/QA;reference-only;Không đọc độc lập;
932;v16.2.5;v16.2.15;qa/suites/upgrade/octopus-x/stress-split-no-cephadm/7-msgr2.yaml;;D;D;0;6;FALSE;100644;0;f56c8be0894e131542dcfc503256acfcdfc26f42;0;15;15-upgrade-validation;P2;test/QA;reference-only;Không đọc độc lập;
933;v16.2.5;v16.2.15;qa/suites/upgrade/octopus-x/stress-split-no-cephadm/objectstore/bluestore-bitmap.yaml;;D;D;0;1;FALSE;120000;0;66cf2bc7593789752c7dc97ddb99a613719673a3;0;15;15-upgrade-validation;P2;test/QA;reference-only;Không đọc độc lập;
934;v16.2.5;v16.2.15;qa/suites/upgrade/octopus-x/stress-split-no-cephadm/objectstore/bluestore-hybrid.yaml;;A;A;1;0;FALSE;0;120000;0;39c0a9bc030b21baeb1a7d8ca74fb72bdf2f4302;15;15-upgrade-validation;P2;test/QA;reference-only;Không đọc độc lập;
935;v16.2.5;v16.2.15;qa/suites/upgrade/octopus-x/stress-split/2-first-half-tasks/rbd-cls.yaml;;M;M;2;0;FALSE;100644;100644;ffe09dc74102b068b020e743e5f51f23194cddc7;8f36a134be92a88c51f806dd443219cd376d9984;15;15-upgrade-validation;P2;test/QA;reference-only;Không đọc độc lập;
936;v16.2.5;v16.2.15;qa/suites/upgrade/octopus-x/stress-split/3-stress-tasks/rbd-cls.yaml;;M;M;2;0;FALSE;100644;100644;07ab6e10ec9701e8f8232d7eaac8c45a1ded312d;7e9a14846cf9c68979c2770effe2047e85a15f0f;15;15-upgrade-validation;P2;test/QA;reference-only;Không đọc độc lập;
937;v16.2.5;v16.2.15;qa/suites/upgrade/pacific-p2p/pacific-p2p-parallel/point-to-point-upgrade.yaml;;M;M;11;10;FALSE;100644;100644;a433f607e2e79d42ff53f1f834fc2b990e93b01f;c4f6e50776cb18decf78176c056b6c41b0bc1c11;15;15-upgrade-validation;P2;test/QA;reference-only;Không đọc độc lập;
938;v16.2.5;v16.2.15;qa/suites/upgrade/pacific-p2p/pacific-p2p-stress-split/1-ceph-install/pacific.yaml;qa/suites/upgrade/pacific-p2p/pacific-p2p-stress-split/1-ceph-install/pacific..yaml;R;R081;3;3;FALSE;100644;100644;2de7badc422ec05f543d19c6923e84cf947e879b;d8e3b6e034c3bb7b736454f6f0bbc6f53f6704f8;15;15-upgrade-validation;P2;test/QA;reference-only;Không đọc độc lập;
939;v16.2.5;v16.2.15;qa/suites/upgrade/pacific-p2p/pacific-p2p-stress-split/4-workload/rbd-cls.yaml;;M;M;2;0;FALSE;100644;100644;caaac875cbdb54198a64069dac02dd5bc4cd76a3;1233f70b07ebace2e666ed492a31091c14237fdf;15;15-upgrade-validation;P2;test/QA;reference-only;Không đọc độc lập;
940;v16.2.5;v16.2.15;qa/suites/upgrade/pacific-p2p/pacific-p2p-stress-split/6-final-workload/rbd-python.yaml;;M;M;1;1;FALSE;100644;100644;4578b4dacb62005e197ab673f498cfb005c32f1f;7e2e98adfc4fb9315ba81271a9679a469675cc2d;15;15-upgrade-validation;P2;test/QA;reference-only;Không đọc độc lập;
941;v16.2.5;v16.2.15;qa/tasks/backfill_toofull.py;;A;A;193;0;FALSE;0;100644;0;f4ff90a4613b6ae3a83a0750244f58871f9ecf61;1;01-osd-pg-recovery;P2;test/QA;reference-only;Không đọc độc lập;
942;v16.2.5;v16.2.15;qa/tasks/barbican.py;;M;M;15;9;FALSE;100644;100644;cfa85e1ddd6ea9236915ed9813ed458b9b753c81;70bd734053aee66f5ee1a2d9119e6dd5003dc239;15;15-upgrade-validation;P2;test/QA;reference-only;Không đọc độc lập;
943;v16.2.5;v16.2.15;qa/tasks/ceph.py;;M;M;28;16;FALSE;100644;100644;9894addd7f1449acb1f10441bee77a1af3100ce3;151fb5412123077d47b225c50d3f9e9bec6ff8ab;15;15-upgrade-validation;P2;test/QA;reference-only;Không đọc độc lập;
944;v16.2.5;v16.2.15;qa/tasks/ceph_deploy.py;;M;M;6;0;FALSE;100644;100644;99c8c1ffbc12b24cd4cdb046b037f82fd644b824;832e2a1f4b3b58b8211d4a8707c6f4a43b544a8b;15;15-upgrade-validation;P2;test/QA;reference-only;Không đọc độc lập;
945;v16.2.5;v16.2.15;qa/tasks/ceph_fuse.py;;M;M;15;1;FALSE;100644;100644;d2db2973220d9d7b40cf557ad8290b75044f3fe8;b443516230c07744b197a5ee219ccd5eec60cf7c;11;11-cephfs-mds;P2;test/QA;reference-only;Không đọc độc lập;
946;v16.2.5;v16.2.15;qa/tasks/ceph_manager.py;;M;M;108;28;FALSE;100644;100644;1d1f9049eaf4b3717e8ec953f984b30f1fc7b45b;9d47832b38307ceefea9aab6b714da7ab40580d9;15;15-upgrade-validation;P2;test/QA;reference-only;Không đọc độc lập;
947;v16.2.5;v16.2.15;qa/tasks/ceph_test_case.py;;M;M;43;12;FALSE;100644;100644;0f207c6409bd0163aa9296754f5be9fc9d05c51d;b9eb2089150ffe7dca120d7264594627f5c19254;15;15-upgrade-validation;P2;test/QA;reference-only;Không đọc độc lập;
948;v16.2.5;v16.2.15;qa/tasks/cephadm.conf;;M;M;2;0;FALSE;100644;100644;bd1ab821eca526c565e1b4e0a1863bf9d1b00baa;2a83b083de3f8a6a3930b1d05745b1208fec2116;8;08-cephadm-orchestrator;P2;test/QA;reference-only;Không đọc độc lập;
949;v16.2.5;v16.2.15;qa/tasks/cephadm.py;;M;M;33;7;FALSE;100644;100644;57ede18136cf46ce7e0818c6773c6ae6e2db0fd5;a70c060de395f13f07c28d5dd5054c878dd6bb28;8;08-cephadm-orchestrator;P2;test/QA;reference-only;Không đọc độc lập;
950;v16.2.5;v16.2.15;qa/tasks/cephadm_cases/test_cli.py;;M;M;7;7;FALSE;100644;100644;1dcf2f35e69cfbfc420e3fd5a05de82bac2bb76a;c4cab49017bc0e42004354a74aafb61c1c6d27c9;15;15-upgrade-validation;P2;test/QA;reference-only;Không đọc độc lập;
951;v16.2.5;v16.2.15;qa/tasks/cephadm_cases/test_cli_mon.py;;A;A;71;0;FALSE;0;100644;0;72aee094ef9566549c3ef339f9b1f251f407ba97;15;15-upgrade-validation;P2;test/QA;reference-only;Không đọc độc lập;
952;v16.2.5;v16.2.15;qa/tasks/cephfs/caps_helper.py;;M;M;1;1;FALSE;100644;100644;a6633354623cbac80114af35761e8c61b0a2f9ba;39b5963befa6abb6dd2e5e4aff19b6fe174f3a43;11;11-cephfs-mds;P2;test/QA;reference-only;Không đọc độc lập;
953;v16.2.5;v16.2.15;qa/tasks/cephfs/cephfs_test_case.py;;M;M;24;34;FALSE;100644;100644;9ef7989d9468d67a6631c1be088a09e9f2be0a0c;e15658c7d378263633d9209fddd588ffe1adb680;11;11-cephfs-mds;P2;test/QA;reference-only;Không đọc độc lập;
954;v16.2.5;v16.2.15;qa/tasks/cephfs/filesystem.py;;M;M;197;51;FALSE;100644;100644;34ee42f13ec6d0cb12c1744292698113129d4a24;b2f762d39c1806315f91116f4b7f8e5fe8ff89fc;11;11-cephfs-mds;P2;test/QA;reference-only;Không đọc độc lập;
955;v16.2.5;v16.2.15;qa/tasks/cephfs/fuse_mount.py;;M;M;5;8;FALSE;100644;100644;29dcc6d3be660bcb5b48a4611f75d394504b3dba;e87f6ad9eb5f49a7b8eff66c3f0c38d080df1747;11;11-cephfs-mds;P2;test/QA;reference-only;Không đọc độc lập;
956;v16.2.5;v16.2.15;qa/tasks/cephfs/kernel_mount.py;;M;M;86;56;FALSE;100644;100644;9845454199ad7aea555653cf70bd7531899d370c;37c0f62109883ba3c226147bc81f6e9af1884464;11;11-cephfs-mds;P2;test/QA;reference-only;Không đọc độc lập;
957;v16.2.5;v16.2.15;qa/tasks/cephfs/mount.py;;M;M;203;67;FALSE;100644;100644;d7e775f64e022164e244f1e45d83470096b03b97;0f18702f984e19884c29d3b774c877004f4d4656;11;11-cephfs-mds;P2;test/QA;reference-only;Không đọc độc lập;
958;v16.2.5;v16.2.15;qa/tasks/cephfs/test_admin.py;;M;M;306;3;FALSE;100644;100644;c10b9a482e02d5897242c80f168f10562d04eb9d;bbf069066e335d16ec71a371da91a21f774d295d;11;11-cephfs-mds;P2;test/QA;reference-only;Không đọc độc lập;
959;v16.2.5;v16.2.15;qa/tasks/cephfs/test_cap_flush.py;;M;M;2;2;FALSE;100644;100644;2fc9410d13a77bb12d5fffe01ab6c6515eae5e55;c472e85bd5dde3cd36208e86b784de19d57de0a2;11;11-cephfs-mds;P2;test/QA;reference-only;Không đọc độc lập;
960;v16.2.5;v16.2.15;qa/tasks/cephfs/test_cephfs_shell.py;;M;M;78;96;FALSE;100644;100644;2833c3ea2d89a2ccb77afd22f8a13795556cc0bb;477d0ae09da3dc82119555746431a8407f3e5b4b;11;11-cephfs-mds;P2;test/QA;reference-only;Không đọc độc lập;
961;v16.2.5;v16.2.15;qa/tasks/cephfs/test_client_limits.py;;M;M;85;14;FALSE;100644;100644;4ea6576af5c58b8e22aad6fdb7dda8870e69c734;74cb176788d7aa461c0e007e9f1976a10a85425e;11;11-cephfs-mds;P2;test/QA;reference-only;Không đọc độc lập;
962;v16.2.5;v16.2.15;qa/tasks/cephfs/test_client_recovery.py;;M;M;135;17;FALSE;100644;100644;3ae208a69925b6706c7cee264238af471dd6b321;082e7fa84d2b8bddc875dd7404584943c0a67338;11;11-cephfs-mds;P2;test/QA;reference-only;Không đọc độc lập;
963;v16.2.5;v16.2.15;qa/tasks/cephfs/test_damage.py;;M;M;99;0;FALSE;100644;100644;4d019442976b6594577d20a50610651f8445a73d;bfaa23453b0fa5f1c8dcaa08663f51a39d859758;11;11-cephfs-mds;P2;test/QA;reference-only;Không đọc độc lập;
964;v16.2.5;v16.2.15;qa/tasks/cephfs/test_data_scan.py;;M;M;96;23;FALSE;100644;100644;933a7f67d76056014eddf05184d25ab3e64b3fe3;ee8de4c134700c1afe4c34ffa7effc9b24e60128;11;11-cephfs-mds;P2;test/QA;reference-only;Không đọc độc lập;
965;v16.2.5;v16.2.15;qa/tasks/cephfs/test_exports.py;;M;M;63;0;FALSE;100644;100644;d2421bedcbbc44be9fa1aa6f3ce65187644fe1fe;b72cc6394c6e8c7da0aa100d6fbd3ba375ac6bc8;11;11-cephfs-mds;P2;test/QA;reference-only;Không đọc độc lập;
966;v16.2.5;v16.2.15;qa/tasks/cephfs/test_failover.py;;M;M;99;31;FALSE;100644;100644;45e343dcd2ae902fa41c2d7363fdf0b142bc2b3a;2ea58ab3affaf5917c797d2e23f069414334194e;11;11-cephfs-mds;P2;test/QA;reference-only;Không đọc độc lập;
967;v16.2.5;v16.2.15;qa/tasks/cephfs/test_forward_scrub.py;;M;M;10;3;FALSE;100644;100644;82630e069587b7105c524f93add50e8237eac45b;29496dc50ac30718fdc1c9c609ca4ef90e7089f1;11;11-cephfs-mds;P2;test/QA;reference-only;Không đọc độc lập;
968;v16.2.5;v16.2.15;qa/tasks/cephfs/test_fragment.py;;M;M;48;5;FALSE;100644;100644;6e2823b4a215635fa9b375dd551d9b9980743850;7d35ec0dfd53ec25c4301ec2ccb38043a2da7797;11;11-cephfs-mds;P2;test/QA;reference-only;Không đọc độc lập;
969;v16.2.5;v16.2.15;qa/tasks/cephfs/test_fstop.py;;M;M;94;7;FALSE;100644;100644;08617807eb665268abb979951c4f6bb08830639f;8294fceec926b51706413a40a4d61a73e3073f2b;11;11-cephfs-mds;P2;test/QA;reference-only;Không đọc độc lập;
970;v16.2.5;v16.2.15;qa/tasks/cephfs/test_full.py;;M;M;20;22;FALSE;100644;100644;54152548677d5d6a8b5c529203f4088cb58613cc;8282b4e0c6663050605bf99d6a7b501c465ddd14;11;11-cephfs-mds;P2;test/QA;reference-only;Không đọc độc lập;
971;v16.2.5;v16.2.15;qa/tasks/cephfs/test_mds_metrics.py;;M;M;318;14;FALSE;100644;100644;e8fa3c413f987f1f920c376a030383a792e576b3;0a4b54a5f20d2c6a159923e6d981df1e60c7c231;11;11-cephfs-mds;P2;test/QA;reference-only;Không đọc độc lập;
972;v16.2.5;v16.2.15;qa/tasks/cephfs/test_mirroring.py;;M;M;152;22;FALSE;100644;100644;6ea3d5d3022550caa05e8eae63206609493bf399;c1a940e3f7598cdf8aa1cecbef806f7f179b8228;11;11-cephfs-mds;P2;test/QA;reference-only;Không đọc độc lập;
973;v16.2.5;v16.2.15;qa/tasks/cephfs/test_misc.py;;M;M;170;2;FALSE;100644;100644;cf3b1a1bf8cd83c95da143fabc8f07cbd3cca15d;c8b6741c44014dba579c3c64b5966ea5d692ac03;11;11-cephfs-mds;P2;test/QA;reference-only;Không đọc độc lập;
974;v16.2.5;v16.2.15;qa/tasks/cephfs/test_newops.py;;A;A;25;0;FALSE;0;100644;0;4c34dabdd10351bc86d2033ac8f19c5569a9e479;11;11-cephfs-mds;P2;test/QA;reference-only;Không đọc độc lập;
975;v16.2.5;v16.2.15;qa/tasks/cephfs/test_nfs.py;;M;M;321;80;FALSE;100644;100644;83c4797b2818f99e0bd966629c86e99b0bd164ac;61dce16f8dd9ed8f88b75f3fc62bdef61cc99f83;11;11-cephfs-mds;P2;test/QA;reference-only;Không đọc độc lập;
976;v16.2.5;v16.2.15;qa/tasks/cephfs/test_openfiletable.py;;M;M;3;3;FALSE;100644;100644;6df29762a2b0a6762ae261647f1c64200d595982;eff6b50932e4ac78614f90e14391c2e7c1938a94;11;11-cephfs-mds;P2;test/QA;reference-only;Không đọc độc lập;
977;v16.2.5;v16.2.15;qa/tasks/cephfs/test_readahead.py;;M;M;1;2;FALSE;100644;100644;b1484ab0713e5a8cb3197a865e6395f9be293400;7e6270f035d22b6d51d8afe358b714f05a63ede8;11;11-cephfs-mds;P2;test/QA;reference-only;Không đọc độc lập;
978;v16.2.5;v16.2.15;qa/tasks/cephfs/test_recovery_fs.py;;A;A;38;0;FALSE;0;100644;0;bbcdf97697277023feaf8fb960afdb7335f4919e;11;11-cephfs-mds;P2;test/QA;reference-only;Không đọc độc lập;
979;v16.2.5;v16.2.15;qa/tasks/cephfs/test_recovery_pool.py;;M;M;53;77;FALSE;100644;100644;9926b3670cac3b4bd30b2fd6b28d99c4384587c3;be7b63c35c9fb2fb554a1dd700f9ab632dba915b;11;11-cephfs-mds;P2;test/QA;reference-only;Không đọc độc lập;
980;v16.2.5;v16.2.15;qa/tasks/cephfs/test_scrub.py;;M;M;9;0;FALSE;100644;100644;dd7c11af50b39a6517b2267d1f5e88c4f99a8e6a;647860129d8d9aaa07cb53b516d95ecbf93d12c1;11;11-cephfs-mds;P2;test/QA;reference-only;Không đọc độc lập;
981;v16.2.5;v16.2.15;qa/tasks/cephfs/test_scrub_checks.py;;M;M;50;9;FALSE;100644;100644;f1af604802866ec962b6c66aafdeeb26da122414;e41b997a6eebc0a693eca7c30bfd0f49d7ffcc24;11;11-cephfs-mds;P2;test/QA;reference-only;Không đọc độc lập;
982;v16.2.5;v16.2.15;qa/tasks/cephfs/test_sessionmap.py;;M;M;12;6;FALSE;100644;100644;79f1fb45e243a05f57a32b30c0b464f6de2f80cf;ad6fd1d609cb9b21701caed068a68cde1fa6285d;11;11-cephfs-mds;P2;test/QA;reference-only;Không đọc độc lập;
983;v16.2.5;v16.2.15;qa/tasks/cephfs/test_snap_schedules.py;;M;M;244;28;FALSE;100644;100644;1f65106c8eab51a3d170e9b98872212451c0082a;41438ef865ca9ce067b0899beb6edcf1390c7822;11;11-cephfs-mds;P2;test/QA;reference-only;Không đọc độc lập;
984;v16.2.5;v16.2.15;qa/tasks/cephfs/test_snapshots.py;;M;M;76;11;FALSE;100644;100644;fa4d9431fefdfab4a3dfe03898439874d3bf95d9;30ac4485df07e83be84d39654be6674e5b4a98a9;11;11-cephfs-mds;P2;test/QA;reference-only;Không đọc độc lập;
985;v16.2.5;v16.2.15;qa/tasks/cephfs/test_strays.py;;M;M;162;82;FALSE;100644;100644;f8313badd03584c3ab69c112b978972cb7ac7e56;9dd71c7bf6e3141f8ebf4c36697dcaad782a2ba2;11;11-cephfs-mds;P2;test/QA;reference-only;Không đọc độc lập;
986;v16.2.5;v16.2.15;qa/tasks/cephfs/test_subvolume.py;;A;A;170;0;FALSE;0;100644;0;1ebb137dda93e52d92e3a2c8f24f254d03d7fd90;11;11-cephfs-mds;P2;test/QA;reference-only;Không đọc độc lập;
987;v16.2.5;v16.2.15;qa/tasks/cephfs/test_volumes.py;;M;M;5075;1876;FALSE;100644;100644;a759d55ec3a09849b3ee26d0d11ec7d1c4f23085;50cbdef3f83bef6d683f79cb9121268b326c9d60;11;11-cephfs-mds;P2;test/QA;reference-only;Không đọc độc lập;
988;v16.2.5;v16.2.15;qa/tasks/cephfs/xfstests_dev.py;;M;M;3;6;FALSE;100644;100644;c0bdf338e1671ba1db4761d7cf9414a516c7f199;ea9e14b893dc109198378e016b34a0a8cc260fe2;11;11-cephfs-mds;P2;test/QA;reference-only;Không đọc độc lập;
989;v16.2.5;v16.2.15;qa/tasks/cephfs_mirror.py;;M;M;2;0;FALSE;100644;100644;42c01aaea0342e92d8d2020b5470c2ac89bf64e9;9602a5a7f9711ea93a1dac9030668c9419743512;11;11-cephfs-mds;P2;test/QA;reference-only;Không đọc độc lập;
990;v16.2.5;v16.2.15;qa/tasks/cephfs_mirror_thrash.py;;A;A;219;0;FALSE;0;100644;0;91f60ac50137c956f38f66dcb8e6550b17da5177;11;11-cephfs-mds;P2;test/QA;reference-only;Không đọc độc lập;
991;v16.2.5;v16.2.15;qa/tasks/check_counter.py;;M;M;46;14;FALSE;100644;100644;daa81973be7358256646eb8dddcdb1b8251ca2f9;40818f3f475d228eeff1f37ff98d27261934ae80;15;15-upgrade-validation;P2;test/QA;reference-only;Không đọc độc lập;
992;v16.2.5;v16.2.15;qa/tasks/cram.py;;M;M;1;1;FALSE;100644;100644;fd17f4832b71aaff01ac7393ec7ac6251f4bfe0b;a445a146fe2e02ea28b9a36bec28e0c0cd27c682;15;15-upgrade-validation;P2;test/QA;reference-only;Không đọc độc lập;
993;v16.2.5;v16.2.15;qa/tasks/ec_inconsistent_hinfo.py;;A;A;225;0;FALSE;0;100644;0;fa10f2c45ba0601576e7e1a3d2bf78a36a26f64b;1;01-osd-pg-recovery;P2;test/QA;reference-only;Không đọc độc lập;
994;v16.2.5;v16.2.15;qa/tasks/fs.py;;M;M;68;0;FALSE;100644;100644;71d7b22e814620e168dcb0e04d6bd9beb0871d12;f7a9330e29b50541e97bac6ff3aea3601ba2c9f8;11;11-cephfs-mds;P2;test/QA;reference-only;Không đọc độc lập;
995;v16.2.5;v16.2.15;qa/tasks/keycloak.py;;M;M;135;7;FALSE;100644;100644;0f1fc9d7a38089df13fc3ff33b817ecc93061e00;05590283698382b245c1917fb56c85e3e5cd1dac;12;12-rgw;P2;test/QA;reference-only;Không đọc độc lập;
996;v16.2.5;v16.2.15;qa/tasks/kubeadm.py;;M;M;27;1;FALSE;100644;100644;c870bbae86f00f9bdb9ce1914b11113c334097cd;9f147c6e77c431e68fce3f6e8daf7476170fa72a;8;08-cephadm-orchestrator;P2;test/QA;reference-only;Không đọc độc lập;
997;v16.2.5;v16.2.15;qa/tasks/mds_pre_upgrade.py;;M;M;2;18;FALSE;100644;100644;0856d48337c436c20d03311161727a4a552f16cc;812d402edee454b51ef1855850969d2705b24b04;11;11-cephfs-mds;P2;test/QA;reference-only;Không đọc độc lập;
998;v16.2.5;v16.2.15;qa/tasks/mgr/dashboard/__init__.py;;M;M;1;1;FALSE;100644;100644;c066be5f49e36971c9488f03d3042a0bda257e97;2b022e02495e6d0eac4bdb3ba16fa0d7c71cc5cd;7;07-mgr-modules-monitoring;P2;test/QA;reference-only;Không đọc độc lập;
999;v16.2.5;v16.2.15;qa/tasks/mgr/dashboard/helper.py;;M;M;12;11;FALSE;100644;100644;2b6bedc948a37cf8c4d831f97a3e1137bc317073;2c6efa9015aaa175926a819146877a489eccbc24;7;07-mgr-modules-monitoring;P2;test/QA;reference-only;Không đọc độc lập;
1000;v16.2.5;v16.2.15;qa/tasks/mgr/dashboard/test_api.py;;M;M;2;2;FALSE;100644;100644;2fe1a78be54843aac167dd9f897cf1fbc4f55e63;22f23569874d54eb4590616ddf0085b62709e1e1;7;07-mgr-modules-monitoring;P2;test/QA;reference-only;Không đọc độc lập;
1001;v16.2.5;v16.2.15;qa/tasks/mgr/dashboard/test_auth.py;;M;M;22;20;FALSE;100644;100644;8fc7cd1992e6dce79511411b91d1b6f9fafb479f;a2266229bef7fd0055d89320c1b9aae14057b291;7;07-mgr-modules-monitoring;P2;test/QA;reference-only;Không đọc độc lập;
1002;v16.2.5;v16.2.15;qa/tasks/mgr/dashboard/test_cluster.py;;A;A;23;0;FALSE;0;100644;0;14f8542796c5556becea086389ff38cca67528d9;7;07-mgr-modules-monitoring;P2;test/QA;reference-only;Không đọc độc lập;
1003;v16.2.5;v16.2.15;qa/tasks/mgr/dashboard/test_ganesha.py;;D;D;0;208;FALSE;100644;0;6868e0cb324954ff07625a6821454fe99f3fe313;0;7;07-mgr-modules-monitoring;P2;test/QA;reference-only;Không đọc độc lập;
1004;v16.2.5;v16.2.15;qa/tasks/mgr/dashboard/test_health.py;;M;M;1;0;FALSE;100644;100644;7efd7b80db40debd29cd8165b48717c3b0375d54;693b7b65cdf02584f24603da39f46bd408b9c22e;7;07-mgr-modules-monitoring;P2;test/QA;reference-only;Không đọc độc lập;
1005;v16.2.5;v16.2.15;qa/tasks/mgr/dashboard/test_host.py;;M;M;7;7;FALSE;100644;100644;124fff8d1544f9d5b672af75b6115d09f2f3658c;78d784473f3caa79ac8f5d3d023a4544e0a64b83;7;07-mgr-modules-monitoring;P2;test/QA;reference-only;Không đọc độc lập;
1006;v16.2.5;v16.2.15;qa/tasks/mgr/dashboard/test_motd.py;;A;A;37;0;FALSE;0;100644;0;2edbf36ba6a65e494b37b582cb11a20964f6301b;7;07-mgr-modules-monitoring;P2;test/QA;reference-only;Không đọc độc lập;
1007;v16.2.5;v16.2.15;qa/tasks/mgr/dashboard/test_orchestrator.py;;M;M;1;1;FALSE;100644;100644;8395853e3d67387060c50175099e261ce8de4791;2a804c4c2b83f38f13f82b59d09b17ec5d4af67b;7;07-mgr-modules-monitoring;P2;test/QA;reference-only;Không đọc độc lập;
1008;v16.2.5;v16.2.15;qa/tasks/mgr/dashboard/test_pool.py;;M;M;14;15;FALSE;100644;100644;cbf920b91897ba87601dd5621999ab2833b44cb7;055ba2b005ab269dc2fee2f4af4a72aab85e4b1d;7;07-mgr-modules-monitoring;P2;test/QA;reference-only;Không đọc độc lập;
1009;v16.2.5;v16.2.15;qa/tasks/mgr/dashboard/test_rbd.py;;M;M;23;19;FALSE;100644;100644;b8df472a69254ddeef99466e819d98b5227ab934;633a5151cfddc90b7e202d7e39377b29628c4567;7;07-mgr-modules-monitoring;P2;test/QA;reference-only;Không đọc độc lập;
1010;v16.2.5;v16.2.15;qa/tasks/mgr/dashboard/test_requests.py;;M;M;3;3;FALSE;100644;100644;93b175bfda0ea635248d1a3f921fdc2dc7144684;0d7fb75adc8edfbcc34ec3029b93e26614d8c27a;7;07-mgr-modules-monitoring;P2;test/QA;reference-only;Không đọc độc lập;
1011;v16.2.5;v16.2.15;qa/tasks/mgr/dashboard/test_rgw.py;;M;M;20;24;FALSE;100644;100644;f545c748329062b0b88ae3b68a68116aa31a4b06;53577a87a9617d5b914acd4b47b25d90ee7b7542;7;07-mgr-modules-monitoring;P2;test/QA;reference-only;Không đọc độc lập;
1012;v16.2.5;v16.2.15;qa/tasks/mgr/dashboard/test_settings.py;;M;M;6;6;FALSE;100644;100644;46750292e1c9447d002a9989f9731b42ff924d23;d6ad1e762e38e7d2b8a99f2747b406a6ae7fc4fc;7;07-mgr-modules-monitoring;P2;test/QA;reference-only;Không đọc độc lập;
1013;v16.2.5;v16.2.15;qa/tasks/mgr/dashboard/test_user.py;;M;M;3;0;FALSE;100644;100644;73ead662d6bec778ddc0c15aa19edeb429bcf5f7;3a6464f5a5b7f7eeed890bf1cc8987da8b7a3be8;7;07-mgr-modules-monitoring;P2;test/QA;reference-only;Không đọc độc lập;
1014;v16.2.5;v16.2.15;qa/tasks/mgr/mgr_test_case.py;;M;M;5;1;FALSE;100644;100644;f5392d3ba38a33ac25e7aa68dc77f835036ac25f;a650070f335348d35d27a526eaa2c998742c685a;7;07-mgr-modules-monitoring;P2;test/QA;reference-only;Không đọc độc lập;
1015;v16.2.5;v16.2.15;qa/tasks/mgr/test_cache.py;;A;A;83;0;FALSE;0;100644;0;71131cbc6afa6e6d57dcca780f9c366491ad3b6e;7;07-mgr-modules-monitoring;P2;test/QA;reference-only;Không đọc độc lập;
1016;v16.2.5;v16.2.15;qa/tasks/mgr/test_insights.py;;M;M;0;11;FALSE;100644;100644;9f952152c695d292207cca8225b0715bfa33eeeb;aa2548881d367e2282716b4c0ff6d0960060cec7;7;07-mgr-modules-monitoring;P2;test/QA;reference-only;Không đọc độc lập;
1017;v16.2.5;v16.2.15;qa/tasks/mgr/test_module_selftest.py;;M;M;6;4;FALSE;100644;100644;8abfe51abe8ff36940ca6f5ca0fafadcf8df4850;b054642dbd48e8e7ead6d01ac73d021de98aafe4;7;07-mgr-modules-monitoring;P2;test/QA;reference-only;Không đọc độc lập;
1018;v16.2.5;v16.2.15;qa/tasks/mgr/test_orchestrator_cli.py;;M;M;1;2;FALSE;100644;100644;49be3d8ab0a907bf167f35eb0777a2d9e7673ad3;3fccef9a618151647edc2ae3ea8798b9e2da8c71;7;07-mgr-modules-monitoring;P2;test/QA;reference-only;Không đọc độc lập;
1019;v16.2.5;v16.2.15;qa/tasks/mgr/test_progress.py;;M;M;66;86;FALSE;100644;100644;69e91875313b654906aaf45fcc2a81a83b7bd87f;082653f625294c5620dcd27b421d4ffaddd51745;7;07-mgr-modules-monitoring;P2;test/QA;reference-only;Không đọc độc lập;
1020;v16.2.5;v16.2.15;qa/tasks/mon_thrash.py;;M;M;37;3;FALSE;100644;100644;4224acf031950fd9c6ebb656be50dfbf9c7dbabc;30a7555b55a41c7537123136219cdbe494aa8b33;15;15-upgrade-validation;P2;test/QA;reference-only;Không đọc độc lập;
1021;v16.2.5;v16.2.15;qa/tasks/nvme_loop.py;;A;A;101;0;FALSE;0;100644;0;1501ad636c8f550fb770634e87416d341c1de691;15;15-upgrade-validation;P2;test/QA;reference-only;Không đọc độc lập;
1022;v16.2.5;v16.2.15;qa/tasks/pykmip.py;;M;M;2;1;FALSE;100644;100644;d0b72f69ecc0a5bd4e86c3aa5e500a2de3772e6b;45a5af6891b5c22eaadb98d83b37ebef2f013fe3;15;15-upgrade-validation;P2;test/QA;reference-only;Không đọc độc lập;
1023;v16.2.5;v16.2.15;qa/tasks/python.py;;A;A;45;0;FALSE;0;100644;0;4ddb14f714538fde77ed2b910cd6d247f18cdd45;15;15-upgrade-validation;P2;test/QA;reference-only;Không đọc độc lập;
1024;v16.2.5;v16.2.15;qa/tasks/qemu.py;;M;M;24;0;FALSE;100644;100644;673ccdb144f943e5312362db3484e71ae21ecdac;b5923b285a73f9d72b77934510713fc00992eaf6;10;10-rados-rbd-clients;P2;test/QA;reference-only;Không đọc độc lập;
1025;v16.2.5;v16.2.15;qa/tasks/rbd_fio.py;;M;M;1;1;FALSE;100644;100644;0f3dd18862eadafa789dedd698cc6236dd70b7bf;959d07d49ae0e8e06cf884c159b2ecb3245b96e6;10;10-rados-rbd-clients;P2;test/QA;reference-only;Không đọc độc lập;
1026;v16.2.5;v16.2.15;qa/tasks/rbd_pwl_cache_recovery.py;;A;A;96;0;FALSE;0;100644;0;e13c1f66447663c90e3b870953f685da770224af;10;10-rados-rbd-clients;P2;test/QA;reference-only;Không đọc độc lập;
1027;v16.2.5;v16.2.15;qa/tasks/restart.py;;M;M;9;9;FALSE;100644;100644;716148a7566c1c3180ea30d2b312fff82c065959;4053bd2cb443359cf811913828d1393aa7e22736;15;15-upgrade-validation;P2;test/QA;reference-only;Không đọc độc lập;
1028;v16.2.5;v16.2.15;qa/tasks/rgw.py;;M;M;33;4;FALSE;100644;100644;52d4d476dc295f237d622c8076fd9f23c9e61ec2;36627f682265b51781a9b035c22ce97bdd2e3ff4;12;12-rgw;P2;test/QA;reference-only;Không đọc độc lập;
1029;v16.2.5;v16.2.15;qa/tasks/rgw_multisite.py;;M;M;1;9;FALSE;100644;100644;266d0fb694fd7b51ce6978fc06c452a1649073fc;f5a6f5a261519e184426d9fcb844a1bb9ae29371;12;12-rgw;P2;test/QA;reference-only;Không đọc độc lập;
1030;v16.2.5;v16.2.15;qa/tasks/rgw_multisite_tests.py;;M;M;1;4;FALSE;100644;100644;53aedf79248dd8c1cfe924e744f08066b82d02fb;caa18578b325bcd11dec9c4053ab9756819106ab;12;12-rgw;P2;test/QA;reference-only;Không đọc độc lập;
1031;v16.2.5;v16.2.15;qa/tasks/rook.py;;M;M;6;0;FALSE;100644;100644;bdd9e58dcd3f6a68ff06083e635fc19265fd83ff;e9d6552be11f26f27be52c61c3c2d37fb8488464;8;08-cephadm-orchestrator;P2;test/QA;reference-only;Không đọc độc lập;
1032;v16.2.5;v16.2.15;qa/tasks/s3a_hadoop.py;;M;M;4;2;FALSE;100644;100644;f06c9acfe9d5981fe9ab9ec96c5fc5e930020d93;7b77359fcf2bb8a3c86dc9e9e0a2297a827f95b3;12;12-rgw;P2;test/QA;reference-only;Không đọc độc lập;
1033;v16.2.5;v16.2.15;qa/tasks/s3tests.py;;M;M;3;0;FALSE;100644;100644;ea2c1623405fdc8012dca3cbd0cc6e26ed86ac7f;8b40499e4bddc16f796db2b42f0f8ccc1f26f1c8;12;12-rgw;P2;test/QA;reference-only;Không đọc độc lập;
1034;v16.2.5;v16.2.15;qa/tasks/thrashosds-health.yaml;;M;M;12;0;FALSE;100644;100644;1b2560d4ebae849f1c957d7184bad02fb75ac522;2340944e88517db29ed6dc09e7e4e642edd4fb95;1;01-osd-pg-recovery;P2;test/QA;reference-only;Không đọc độc lập;
1035;v16.2.5;v16.2.15;qa/tasks/tox.py;;M;M;7;7;FALSE;100644;100644;36c226d0b2e6e4555e6347fa1ce3db645bbc7c2d;61c5b7411b45df32f40d5254a7a629fb9af322e4;15;15-upgrade-validation;P2;test/QA;reference-only;Không đọc độc lập;
1036;v16.2.5;v16.2.15;qa/tasks/userdata_setup.yaml;;M;M;9;0;FALSE;100644;100644;9aa2d0396713c8c9d5e9ff1d9378e047a1e60ae0;afcc08e22a3c30143bd6d70170e0fb3e18babd17;15;15-upgrade-validation;P2;test/QA;reference-only;Không đọc độc lập;
1037;v16.2.5;v16.2.15;qa/tasks/vip.py;;M;M;1;0;FALSE;100644;100644;d4d27b85e49529b3dba95d5d7372ac24fd76a54f;52114b1042285268782a05f932b112bf8e1df14c;15;15-upgrade-validation;P2;test/QA;reference-only;Không đọc độc lập;
1038;v16.2.5;v16.2.15;qa/tasks/vstart_runner.py;;M;M;13;18;FALSE;100644;100644;61ca076151add3169c30c07e1b0d88e84481bbf7;5399e825de9b3009812b566dc1d2f47289231096;11;11-cephfs-mds;P2;test/QA;reference-only;Không đọc độc lập;
1039;v16.2.5;v16.2.15;qa/tox.ini;;M;M;10;3;FALSE;100644;100644;eac9e53701d3f2f1ac7b2e6faba15a6a864e724a;762a43fbe62fe6ee22fc0317d28bce1761273000;13;13-build-packaging-submodules;P2;test/QA;reference-only;Không đọc độc lập;
1040;v16.2.5;v16.2.15;qa/valgrind.supp;;M;M;16;0;FALSE;100644;100644;c284ecd43f6b4439f7dab13c2ea0fd80126fe226;c053a9f8953828ce1b6cd3b5fc67423bf60f99c2;15;15-upgrade-validation;P2;test/QA;reference-only;Không đọc độc lập;
1041;v16.2.5;v16.2.15;qa/workunits/cephadm/test_cephadm.sh;;M;M;33;2;FALSE;100755;100755;2bc94b88c5a7e2da2f463ea9fdc03d6019eb503b;0b5ebe95f5cf731661bcd3280e8ab45af5c5a64a;8;08-cephadm-orchestrator;P2;test/QA;reference-only;Không đọc độc lập;
1042;v16.2.5;v16.2.15;qa/workunits/cephadm/test_dashboard_e2e.sh;;M;M;12;15;FALSE;100755;100755;bd37154d9b879e298669a4ae907085cfea63ad46;e6dfaa9cef0389b164bcc9d9566a4d95b5436686;8;08-cephadm-orchestrator;P2;test/QA;reference-only;Không đọc độc lập;
1043;v16.2.5;v16.2.15;qa/workunits/cephadm/test_iscsi_etc_hosts.sh;;A;A;21;0;FALSE;0;100755;0;adbc34a926a7cf7cbd12e35c8298a0e814ee5eeb;8;08-cephadm-orchestrator;P2;test/QA;reference-only;Không đọc độc lập;
1044;v16.2.5;v16.2.15;qa/workunits/cephadm/test_iscsi_pids_limit.sh;;A;A;24;0;FALSE;0;100755;0;32326f140f2f6ed4099b12514f225fad3b0ab509;8;08-cephadm-orchestrator;P2;test/QA;reference-only;Không đọc độc lập;
1045;v16.2.5;v16.2.15;qa/workunits/cephadm/test_repos.sh;;M;M;1;1;FALSE;100755;100755;148972cebde710002b9b45c9a86743627efa12e3;4b0749231df5bcdc02ba34afdaab5cc2ce321300;8;08-cephadm-orchestrator;P2;test/QA;reference-only;Không đọc độc lập;
1046;v16.2.5;v16.2.15;qa/workunits/cephtool/test.sh;;M;M;31;13;FALSE;100755;100755;4a559c07220dfa807ae399b6055df47f3a4f0a10;5c22c30e1094c92b232fe81e23ba9630934079a5;1;01-osd-pg-recovery;P2;test/QA;reference-only;Không đọc độc lập;
1047;v16.2.5;v16.2.15;qa/workunits/cls/test_cls_cmpomap.sh;;M;M;2;1;FALSE;100755;100755;af079f6e69ce59981d69a2cae2806aafd41ae579;6e3a4d83020423fbd14a28ec225faa7defbbb6a6;15;15-upgrade-validation;P2;test/QA;reference-only;Không đọc độc lập;
1048;v16.2.5;v16.2.15;qa/workunits/fs/cephfs_mirror_ha_gen.sh;;A;A;69;0;FALSE;0;100755;0;35ee9d4c7ee349e336ed6ccd125b4f1806cb82fd;11;11-cephfs-mds;P2;test/QA;reference-only;Không đọc độc lập;
1049;v16.2.5;v16.2.15;qa/workunits/fs/cephfs_mirror_ha_verify.sh;;A;A;40;0;FALSE;0;100755;0;8d8b3859cb6bab200f761894f8fc17c48396e88f;11;11-cephfs-mds;P2;test/QA;reference-only;Không đọc độc lập;
1050;v16.2.5;v16.2.15;qa/workunits/fs/cephfs_mirror_helpers.sh;;A;A;66;0;FALSE;0;100644;0;69f1c6f3d77e086674ac661ace0febc91c061955;11;11-cephfs-mds;P2;test/QA;reference-only;Không đọc độc lập;
1051;v16.2.5;v16.2.15;qa/workunits/fs/full/subvolume_clone.sh;;A;A;114;0;FALSE;0;100755;0;a11131215b41969d51165605bd1a38072154f8e5;11;11-cephfs-mds;P2;test/QA;reference-only;Không đọc độc lập;
1052;v16.2.5;v16.2.15;qa/workunits/fs/full/subvolume_rm.sh;;M;M;10;0;FALSE;100755;100755;d0f9e240347e56a973f34faac7a01f29c332e4a8;a464e30f56e9599986265902ac7b08fffc19194c;11;11-cephfs-mds;P2;test/QA;reference-only;Không đọc độc lập;
1053;v16.2.5;v16.2.15;qa/workunits/fs/full/subvolume_snapshot_rm.sh;;A;A;86;0;FALSE;0;100755;0;f6d0add9fda40e8b7b49d38637d5be9be7811b05;11;11-cephfs-mds;P2;test/QA;reference-only;Không đọc độc lập;
1054;v16.2.5;v16.2.15;qa/workunits/fs/maxentries/maxentries.sh;;A;A;155;0;FALSE;0;100755;0;d48fd956e2cac8294f54d4836db7fa41575e0116;11;11-cephfs-mds;P2;test/QA;reference-only;Không đọc độc lập;
1055;v16.2.5;v16.2.15;qa/workunits/fs/misc/dac_override.sh;;A;A;19;0;FALSE;0;100755;0;dfb1a909128dae2b2fe63f1953fae7741ca5705b;11;11-cephfs-mds;P2;test/QA;reference-only;Không đọc độc lập;
1056;v16.2.5;v16.2.15;qa/workunits/fs/misc/subvolume.sh;;D;D;0;63;FALSE;100755;0;75716a6cf6bbe28ddaf13c2e599d11a307f69837;0;11;11-cephfs-mds;P2;test/QA;reference-only;Không đọc độc lập;
1057;v16.2.5;v16.2.15;qa/workunits/fs/snaps/snaptest-git-ceph.sh;;M;M;1;1;FALSE;100755;100755;0d11efedb73d46ba309bbf178a9e6510db01d97e;f7f16c166ce7062b15ae8737daae65e8b20ee9b5;11;11-cephfs-mds;P2;test/QA;reference-only;Không đọc độc lập;
1058;v16.2.5;v16.2.15;qa/workunits/kernel_untar_build.sh;;M;M;2;2;FALSE;100755;100755;9b60f065c8d87ba963d07afed3f2595c0df203d4;602ce04a7c6c7cdedeb0d7d8fe68ce82f760e907;15;15-upgrade-validation;P2;test/QA;reference-only;Không đọc độc lập;
1059;v16.2.5;v16.2.15;qa/workunits/libcephfs/test.sh;;M;M;2;0;FALSE;100755;100755;9d3656be735c2fb2890448897694601668e5d0fd;c53fe893c13b270ed97351f28e2e1c71a1fb7b0e;11;11-cephfs-mds;P2;test/QA;reference-only;Không đọc độc lập;
1060;v16.2.5;v16.2.15;qa/workunits/mgr/test_per_module_finisher.sh;;A;A;37;0;FALSE;0;100755;0;09937bc02da9a559328f9f0e1aa79debb5ae4ca4;7;07-mgr-modules-monitoring;P2;test/QA;reference-only;Không đọc độc lập;
1061;v16.2.5;v16.2.15;qa/workunits/mon/config.sh;;M;M;11;0;FALSE;100755;100755;36eab8f7ba3236fa3ac1f571c45711b62c179a8b;1b00201ae48165f8336633065d4350f46bfdc37c;4;04-mon-osdmap-crush;P2;test/QA;reference-only;Không đọc độc lập;
1062;v16.2.5;v16.2.15;qa/workunits/mon/pg_autoscaler.sh;;M;M;108;31;FALSE;100755;100755;706f87d0e1bda8091f2b3dd10fa00529ba59fa9b;4cf71a31cf4c9aefa98c4d068b48d7f2338b729e;4;04-mon-osdmap-crush;P2;test/QA;reference-only;Không đọc độc lập;
1063;v16.2.5;v16.2.15;qa/workunits/mon/pool_ops.sh;;M;M;17;0;FALSE;100755;100755;6baae495ddd4b9c9b2eda247b7913342a6b1659a;c613ce44866887bd1f9f1665d124d7a10ce10c87;4;04-mon-osdmap-crush;P2;test/QA;reference-only;Không đọc độc lập;
1064;v16.2.5;v16.2.15;qa/workunits/mon/rbd_snaps_ops.sh;;M;M;3;0;FALSE;100755;100755;eb88565eab9c2308d88cf17b681f998bcd9410f6;0e5b16b7b80b4a0ebc212c85a1d8bdcfd39b70df;4;04-mon-osdmap-crush;P2;test/QA;reference-only;Không đọc độc lập;
1065;v16.2.5;v16.2.15;qa/workunits/mon/test_mon_config_key.py;;M;M;9;29;FALSE;100755;100755;bcc1a79dd35198fab91885ec83c5cec1a527ce5c;0d8ec1c27d9a217093bdc99043bf5bdf06b1af42;4;04-mon-osdmap-crush;P2;test/QA;reference-only;Không đọc độc lập;
1066;v16.2.5;v16.2.15;qa/workunits/mon/test_noautoscale_flag.sh;;A;A;83;0;FALSE;0;100755;0;ca86cdf22d3872ef8049b5c4ecf2e82ade5f9098;4;04-mon-osdmap-crush;P2;test/QA;reference-only;Không đọc độc lập;
1067;v16.2.5;v16.2.15;qa/workunits/rados/test_crash.sh;;M;M;5;0;FALSE;100755;100755;6608d7872e232b12ac5b9586ca84e63d37d4bc2b;26a4c9bdc151f71fcd085b8f5938f0cb0ed3945f;10;10-rados-rbd-clients;P2;test/QA;reference-only;Không đọc độc lập;
1068;v16.2.5;v16.2.15;qa/workunits/rados/test_envlibrados_for_rocksdb.sh;;M;M;1;1;FALSE;100755;100755;ecbb4098a45b8d0995f8195a899292a6da9894f0;ca9b8d2ea314b9bfbb2e96807a49af3efc23c699;10;10-rados-rbd-clients;P2;test/QA;reference-only;Không đọc độc lập;
1069;v16.2.5;v16.2.15;qa/workunits/rados/test_librados_build.sh;;M;M;1;1;FALSE;100755;100755;fbd7b0784a68013abe24201f998a911a8abf5899;002f2b84015f2f1b76358e40e118c6d43376a31b;10;10-rados-rbd-clients;P2;test/QA;reference-only;Không đọc độc lập;
1070;v16.2.5;v16.2.15;qa/workunits/rbd/cli_generic.sh;;M;M;404;3;FALSE;100755;100755;e6a7cb759879cdbbc95e9bc8fbcef66d0bfbb465;9b2648fd0fac386661b5ae0b53d25f462b00a983;10;10-rados-rbd-clients;P2;test/QA;reference-only;Không đọc độc lập;
1071;v16.2.5;v16.2.15;qa/workunits/rbd/diff_continuous.sh;;M;M;94;48;FALSE;100755;100755;b8f7e8b7e137570c6c9d324f0286ef374a7e5dbb;fd1785e07c4b418e0d3b01365ad4eae0f9737e6e;10;10-rados-rbd-clients;P2;test/QA;reference-only;Không đọc độc lập;
1072;v16.2.5;v16.2.15;qa/workunits/rbd/krbd_rxbounce.sh;;A;A;103;0;FALSE;0;100755;0;ad00e3f96be73759ed9bc6be9e2d79f85d25459a;10;10-rados-rbd-clients;P2;test/QA;reference-only;Không đọc độc lập;
1073;v16.2.5;v16.2.15;qa/workunits/rbd/krbd_watch_errors.sh;;A;A;53;0;FALSE;0;100755;0;f650d2a748944688d7aaa81d3f93129736696505;10;10-rados-rbd-clients;P2;test/QA;reference-only;Không đọc độc lập;
1074;v16.2.5;v16.2.15;qa/workunits/rbd/qemu-iotests.sh;;M;M;4;2;FALSE;100755;100755;1f13da9fc09103d76bbddd60d6d730037e959eb7;267b69165e5d2885599860bed512394c8b6c93fc;10;10-rados-rbd-clients;P2;test/QA;reference-only;Không đọc độc lập;
1075;v16.2.5;v16.2.15;qa/workunits/rbd/rbd-nbd.sh;;M;M;160;49;FALSE;100755;100755;37718e3b557c2c14db5d1443dc786eef183db55a;319b28ef3c96b1b0f2ecf12cc9ef58b56e9e7e38;10;10-rados-rbd-clients;P2;test/QA;reference-only;Không đọc độc lập;
1076;v16.2.5;v16.2.15;qa/workunits/rbd/rbd_groups.sh;;M;M;50;1;FALSE;100755;100755;2c9fd318f3c1db25196a2b4f307663db2f5224d8;a3261848441f046ee53a9ce1dcafe352e9156d6a;10;10-rados-rbd-clients;P2;test/QA;reference-only;Không đọc độc lập;
1077;v16.2.5;v16.2.15;qa/workunits/rbd/rbd_mirror_bootstrap.sh;;M;M;12;3;FALSE;100755;100755;e0a096ee8a370a2a3d9992886563df814ad83663;6ef06f2b82cbb27d56b9afd91b00c2402e487266;10;10-rados-rbd-clients;P2;test/QA;reference-only;Không đọc độc lập;
1078;v16.2.5;v16.2.15;qa/workunits/rbd/rbd_mirror_helpers.sh;;M;M;80;0;FALSE;100755;100755;82299715e231e1e5d2110e5825eda8c4eafd4c80;f4961b925e6f3fccb02cf829d33f6b0f8ed903ed;10;10-rados-rbd-clients;P2;test/QA;reference-only;Không đọc độc lập;
1079;v16.2.5;v16.2.15;qa/workunits/rbd/rbd_mirror_journal.sh;;M;M;62;1;FALSE;100755;100755;84fd2424f4ba83f2dd590b691b9d47a21b5c4f09;54f6aeec8e00b72a66960f035ac0d3ccca6458ec;10;10-rados-rbd-clients;P2;test/QA;reference-only;Không đọc độc lập;
1080;v16.2.5;v16.2.15;qa/workunits/rbd/rbd_mirror_snapshot.sh;;M;M;64;1;FALSE;100755;100755;6452739026638d80988c577fb2773fdd777ec565;c70d48b09db4718116899ac71eacd8d0e9c9b948;10;10-rados-rbd-clients;P2;test/QA;reference-only;Không đọc độc lập;
1081;v16.2.5;v16.2.15;qa/workunits/rbd/rbd_mirror_stress.sh;;M;M;5;0;FALSE;100755;100755;a17ad75e1b58e98f301fbfbd9944319b03ce84fe;cb79aba7ebc9c79126e10bf3188904914df2c51f;10;10-rados-rbd-clients;P2;test/QA;reference-only;Không đọc độc lập;
1082;v16.2.5;v16.2.15;qa/workunits/rbd/rbd_support_module_recovery.sh;;A;A;77;0;FALSE;0;100755;0;e9defced24a865a7922001623d3f1be6cfe572c9;10;10-rados-rbd-clients;P2;test/QA;reference-only;Không đọc độc lập;
1083;v16.2.5;v16.2.15;qa/workunits/rgw/common.py;;A;A;103;0;FALSE;0;100755;0;2c9c5d035786d347c65bd5b39f003ec3e14b20cf;12;12-rgw;P2;test/QA;reference-only;Không đọc độc lập;
1084;v16.2.5;v16.2.15;qa/workunits/rgw/olh_noname_key;;A;A;1;0;FALSE;0;100644;0;6138c57cd0fd7eccd6cad228b5e3363c4b106d40;12;12-rgw;P2;test/QA;reference-only;Không đọc độc lập;
1085;v16.2.5;v16.2.15;qa/workunits/rgw/olh_noname_val;;A;A;;;TRUE;0;100644;0;ff442e1374c6e24735d85a9e6c9e4020c8fad591;12;12-rgw;P2;binary/asset;reference-only;Không đọc nội dung sâu;
1086;v16.2.5;v16.2.15;qa/workunits/rgw/run-bucket-check.sh;;A;A;19;0;FALSE;0;100755;0;85e02db5eb715e7812a1cc8b39f3f5d248ba14cc;12;12-rgw;P2;test/QA;reference-only;Không đọc độc lập;
1087;v16.2.5;v16.2.15;qa/workunits/rgw/run-versioning.sh;;A;A;19;0;FALSE;0;100755;0;df60b7b03b2d5d403ee0847527a9210e2cb0e6e4;12;12-rgw;P2;test/QA;reference-only;Không đọc độc lập;
1088;v16.2.5;v16.2.15;qa/workunits/rgw/s3_utilities.pm;;M;M;16;3;FALSE;100644;100644;12e6af0ad65cb8ce8309aa87e72b2760967db4a5;3c3fae900e835c24677c64da38ec2be9019f23a2;12;12-rgw;P2;test/QA;reference-only;Không đọc độc lập;
1089;v16.2.5;v16.2.15;qa/workunits/rgw/test_rgw_bucket_check.py;;A;A;194;0;FALSE;0;100755;0;bfa6d65d6e7796ce72dbcf5f16bc4036bcb60efc;12;12-rgw;P2;test/QA;reference-only;Không đọc độc lập;
1090;v16.2.5;v16.2.15;qa/workunits/rgw/test_rgw_reshard.py;;M;M;61;59;FALSE;100755;100755;14f4fe509946989e2e8f6ad59b78ad928cbea207;eed6fc75e2375ccd9814ac3e90b417caff31c852;12;12-rgw;P2;test/QA;reference-only;Không đọc độc lập;
1091;v16.2.5;v16.2.15;qa/workunits/rgw/test_rgw_versioning.py;;A;A;110;0;FALSE;0;100755;0;fc69e138d41fa9bb045eaaf38a088f95bc1115e8;12;12-rgw;P2;test/QA;reference-only;Không đọc độc lập;
1092;v16.2.5;v16.2.15;qa/workunits/suites/fsx.sh;;M;M;3;3;FALSE;100755;100755;813e211dc32e1f5df82b2038d508bc9102d7ace3;0d5ba3a58baf54f4fa39fc5eeb8c0052fb858e0b;15;15-upgrade-validation;P2;test/QA;reference-only;Không đọc độc lập;
1093;v16.2.5;v16.2.15;run-make-check.sh;;M;M;9;5;FALSE;100755;100755;896d2f634838be4b46eaf4ce07081e9a9c22c999;26c0fa4e551a5d48a9ab736910c93751e96ecc95;13;13-build-packaging-submodules;P1;build/package;deep;Đọc sâu khi ảnh hưởng build, package, quyền hoặc service: build, packaging, systemd, dependency và submodule.;
1094;v16.2.5;v16.2.15;src/CMakeLists.txt;;M;M;20;1;FALSE;100644;100644;011408ceb958d3aa19d5956c14c3a9b965114268;6f5dd11f7bf38c98876322dc686a3bf89b171e39;13;13-build-packaging-submodules;P1;build/package;deep;Đọc sâu khi ảnh hưởng build, package, quyền hoặc service: build, packaging, systemd, dependency và submodule.;
1095;v16.2.5;v16.2.15;src/SimpleRADOSStriper.cc;;M;M;5;2;FALSE;100644;100644;736e8769d43c8afbdd2821dadc0a8eb317f834ed;66bc653fb7c11dafbd7e2531974064db21c78ced;10;10-rados-rbd-clients;P1;runtime/source;deep;Chọn đọc sâu theo nhóm: implementation thuộc RADOS/RBD/client/class, snapshot, diff và object-map.;
1096;v16.2.5;v16.2.15;src/auth/KeyRing.cc;;M;M;1;1;FALSE;100644;100644;2ddc0b4ab22bcf8bd0eb238b30598c3c04db04d6;27516f895ae621ae49b99bd6e5f3dae04a15fbc5;5;05-messaging-auth-common;P0;runtime/source;deep;Chọn đọc sâu trước: implementation thuộc messenger, messages, auth, encode/decode và common runtime.;
1097;v16.2.5;v16.2.15;src/auth/cephx/CephxKeyServer.cc;;M;M;26;30;FALSE;100644;100644;adfe74d2baba681b5fcdb88a67bbe16e76d81c2f;ac83b7f3ee8f6e7512b35a0ff85b25e906c5812d;5;05-messaging-auth-common;P0;runtime/source;deep;Chọn đọc sâu trước: implementation thuộc messenger, messages, auth, encode/decode và common runtime.;
1098;v16.2.5;v16.2.15;src/auth/cephx/CephxKeyServer.h;;M;M;4;3;FALSE;100644;100644;3576c42c2357adad37bc1ce804d45558240c51ba;945a7f4dcd8979f64643e6924173c22104c5d687;5;05-messaging-auth-common;P0;runtime/source;deep;Chọn đọc sâu trước: implementation thuộc messenger, messages, auth, encode/decode và common runtime.;
1099;v16.2.5;v16.2.15;src/blk/CMakeLists.txt;;M;M;1;1;FALSE;100644;100644;b424482deec72801468597166f0b48c133f829c7;849f3eef9de2e513effe7eebb2d32e404e0f0c5a;3;03-rocksdb-block-device;P1;build/package;deep;Đọc sâu khi ảnh hưởng build, package, quyền hoặc service: RocksDB integration, KV, block device, DB/WAL và I/O.;
1100;v16.2.5;v16.2.15;src/blk/kernel/KernelDevice.cc;;M;M;24;3;FALSE;100644;100644;d93279965970687dd3fbb22cfeedf3fe14238b47;55e19442d41d77c0497bc90a2a851a95b2595140;3;03-rocksdb-block-device;P1;runtime/source;deep;Chọn đọc sâu theo nhóm: implementation thuộc RocksDB integration, KV, block device, DB/WAL và I/O.;
1101;v16.2.5;v16.2.15;src/ceph-crash.in;;M;M;42;5;FALSE;100755;100755;c549dc11fe4be184a6df34a550b0c2c5d172e035;74e50e2b253f36df7a601e0251755b14ad37df22;15;15-upgrade-validation;P1;build/package;deep;Đọc sâu khi ảnh hưởng build, package, quyền hoặc service: QA/test/release note và validation liên thành phần.;
1102;v16.2.5;v16.2.15;src/ceph-volume/CMakeLists.txt;;M;M;1;1;FALSE;100644;100644;4224499c4749840311b2e5a1a8c0decc015788c1;9166553dc7354a1896e7046f0b472581457541e0;9;09-ceph-volume-activation;P1;build/package;deep;Đọc sâu khi ảnh hưởng build, package, quyền hoặc service: ceph-volume, inventory, LVM, activation và DB/WAL.;
1103;v16.2.5;v16.2.15;src/ceph-volume/ceph_volume/activate/__init__.py;;A;A;1;0;FALSE;0;100644;0;542bf32bdfaf2495154486b91fe1164c5692f8ff;9;09-ceph-volume-activation;P1;runtime/source;deep;Chọn đọc sâu theo nhóm: implementation thuộc ceph-volume, inventory, LVM, activation và DB/WAL.;
1104;v16.2.5;v16.2.15;src/ceph-volume/ceph_volume/activate/main.py;;A;A;85;0;FALSE;0;100644;0;bcd4685155d3bef65c82af76640c891747728198;9;09-ceph-volume-activation;P1;runtime/source;deep;Chọn đọc sâu theo nhóm: implementation thuộc ceph-volume, inventory, LVM, activation và DB/WAL.;
1105;v16.2.5;v16.2.15;src/ceph-volume/ceph_volume/api/lvm.py;;M;M;109;33;FALSE;100644;100644;30362f1bd2759737fc18562985540eb131715ce9;14d4baed28f05d7fd4ec3f64fb210e544cfc539d;9;09-ceph-volume-activation;P1;runtime/source;deep;Chọn đọc sâu theo nhóm: implementation thuộc ceph-volume, inventory, LVM, activation và DB/WAL.;
1106;v16.2.5;v16.2.15;src/ceph-volume/ceph_volume/configuration.py;;M;M;3;2;FALSE;100644;100644;2fee47ffab910ad4c4310bbc6581c5c769a0bd9f;e0f7ef1f0c6551e89385643cf77ec51e3d1f02b2;9;09-ceph-volume-activation;P1;runtime/source;deep;Chọn đọc sâu theo nhóm: implementation thuộc ceph-volume, inventory, LVM, activation và DB/WAL.;
1107;v16.2.5;v16.2.15;src/ceph-volume/ceph_volume/decorators.py;;M;M;1;1;FALSE;100644;100644;95acce064fe184172440971074e0fe7e97a378b1;3c003ad77c417a737f449f172d36fc82f09947ff;9;09-ceph-volume-activation;P1;runtime/source;deep;Chọn đọc sâu theo nhóm: implementation thuộc ceph-volume, inventory, LVM, activation và DB/WAL.;
1108;v16.2.5;v16.2.15;src/ceph-volume/ceph_volume/devices/lvm/activate.py;;M;M;26;12;FALSE;100644;100644;e4ac074a4f4147e935528b94df250f68cdf823fe;4ad117ec0cff5af075f110c9ce16079d17df15d1;9;09-ceph-volume-activation;P1;runtime/source;deep;Chọn đọc sâu theo nhóm: implementation thuộc ceph-volume, inventory, LVM, activation và DB/WAL.;
1109;v16.2.5;v16.2.15;src/ceph-volume/ceph_volume/devices/lvm/batch.py;;M;M;75;35;FALSE;100644;100644;114730adec38652205fc72454aab3fef1cbbdfc6;d867fe2d87e3bb33c30bbce277433095449d80f1;9;09-ceph-volume-activation;P1;runtime/source;deep;Chọn đọc sâu theo nhóm: implementation thuộc ceph-volume, inventory, LVM, activation và DB/WAL.;
1110;v16.2.5;v16.2.15;src/ceph-volume/ceph_volume/devices/lvm/common.py;;M;M;9;3;FALSE;100644;100644;06369e479d4c72a8731ef63c74f7d406bbec8dd8;1134b17540b79797018eabd507f2e54c88339e26;9;09-ceph-volume-activation;P1;runtime/source;deep;Chọn đọc sâu theo nhóm: implementation thuộc ceph-volume, inventory, LVM, activation và DB/WAL.;
1111;v16.2.5;v16.2.15;src/ceph-volume/ceph_volume/devices/lvm/deactivate.py;;M;M;1;3;FALSE;100644;100644;5de6dbe36b5a15e3a90bac0d4a99d097496eccf1;0cc8d71ae64d1cc259d583665724b2bf65b61893;9;09-ceph-volume-activation;P1;runtime/source;deep;Chọn đọc sâu theo nhóm: implementation thuộc ceph-volume, inventory, LVM, activation và DB/WAL.;
1112;v16.2.5;v16.2.15;src/ceph-volume/ceph_volume/devices/lvm/listing.py;;M;M;19;19;FALSE;100644;100644;1ae8489f6fcb69d5008d6ca7e47173bfe81ead15;c16afdaa767286a198c6278defc150a8cc35fe71;9;09-ceph-volume-activation;P1;runtime/source;deep;Chọn đọc sâu theo nhóm: implementation thuộc ceph-volume, inventory, LVM, activation và DB/WAL.;
1113;v16.2.5;v16.2.15;src/ceph-volume/ceph_volume/devices/lvm/main.py;;M;M;4;0;FALSE;100644;100644;3ef3c1117d2797d925c282b74de7926bf4c88505;39947454d57f57b28e8e4225363d8213c010b32f;9;09-ceph-volume-activation;P1;runtime/source;deep;Chọn đọc sâu theo nhóm: implementation thuộc ceph-volume, inventory, LVM, activation và DB/WAL.;
1114;v16.2.5;v16.2.15;src/ceph-volume/ceph_volume/devices/lvm/migrate.py;;A;A;719;0;FALSE;0;100644;0;64589a2d62840232cbe0d1a8ff9fbcafd1a783a6;9;09-ceph-volume-activation;P1;runtime/source;deep;Chọn đọc sâu theo nhóm: implementation thuộc ceph-volume, inventory, LVM, activation và DB/WAL.;
1115;v16.2.5;v16.2.15;src/ceph-volume/ceph_volume/devices/lvm/prepare.py;;M;M;10;22;FALSE;100644;100644;f0c3959a6272485bdf0cf5e598aff94e6c09141c;06e9a0ffad5191d65ce5bd6f79369885fbb60117;9;09-ceph-volume-activation;P1;runtime/source;deep;Chọn đọc sâu theo nhóm: implementation thuộc ceph-volume, inventory, LVM, activation và DB/WAL.;
1116;v16.2.5;v16.2.15;src/ceph-volume/ceph_volume/devices/lvm/zap.py;;M;M;30;24;FALSE;100644;100644;21b54b6c0c419978bc5a9cfd6f8b3fbb41bb6087;08ca4315e605105ae83cb37d4a632b786a87368b;9;09-ceph-volume-activation;P1;runtime/source;deep;Chọn đọc sâu theo nhóm: implementation thuộc ceph-volume, inventory, LVM, activation và DB/WAL.;
1117;v16.2.5;v16.2.15;src/ceph-volume/ceph_volume/devices/raw/activate.py;;M;M;55;26;FALSE;100644;100644;94f54f1a20b31070c8bfab64485740ebaba69e2b;17be57dfeaa8ee75f7cef51bd2c6907536ad35a3;9;09-ceph-volume-activation;P1;runtime/source;deep;Chọn đọc sâu theo nhóm: implementation thuộc ceph-volume, inventory, LVM, activation và DB/WAL.;
1118;v16.2.5;v16.2.15;src/ceph-volume/ceph_volume/devices/raw/common.py;;M;M;12;3;FALSE;100644;100644;08cfd02890cb0c7b588fb5f9d3a4d55f897d8415;89ee285be5b423e6a1d3b3d1a32efbdbf6a735b1;9;09-ceph-volume-activation;P1;runtime/source;deep;Chọn đọc sâu theo nhóm: implementation thuộc ceph-volume, inventory, LVM, activation và DB/WAL.;
1119;v16.2.5;v16.2.15;src/ceph-volume/ceph_volume/devices/raw/list.py;;M;M;84;54;FALSE;100644;100644;777930e9834149b4af970c431d05a5dd50bff2e8;0f801701b8065ca7aa03fae47fe73716af0e6a16;9;09-ceph-volume-activation;P1;runtime/source;deep;Chọn đọc sâu theo nhóm: implementation thuộc ceph-volume, inventory, LVM, activation và DB/WAL.;
1120;v16.2.5;v16.2.15;src/ceph-volume/ceph_volume/devices/raw/prepare.py;;M;M;4;13;FALSE;100644;100644;3c96eedacf34a6d6f30d7ce09eceeb595016092f;aabe82473da8f608be7eeb7f6d247c24edd177fc;9;09-ceph-volume-activation;P1;runtime/source;deep;Chọn đọc sâu theo nhóm: implementation thuộc ceph-volume, inventory, LVM, activation và DB/WAL.;
1121;v16.2.5;v16.2.15;src/ceph-volume/ceph_volume/devices/simple/scan.py;;M;M;5;5;FALSE;100644;100644;34da0962b0fc8639cc6bc095c8e29f169ffe1e35;ff7040beb06956007b6a853f96cf2c21fff580b9;9;09-ceph-volume-activation;P1;runtime/source;deep;Chọn đọc sâu theo nhóm: implementation thuộc ceph-volume, inventory, LVM, activation và DB/WAL.;
1122;v16.2.5;v16.2.15;src/ceph-volume/ceph_volume/drive_group/main.py;;M;M;1;1;FALSE;100644;100644;9e93bc759e70b1fc4bb6236d818d2b6a4ef29577;9626089c86058a5033021ea4367a0bff61406a8d;9;09-ceph-volume-activation;P1;runtime/source;deep;Chọn đọc sâu theo nhóm: implementation thuộc ceph-volume, inventory, LVM, activation và DB/WAL.;
1123;v16.2.5;v16.2.15;src/ceph-volume/ceph_volume/main.py;;M;M;4;3;FALSE;100644;100644;a66b7bb7df96164f9803d43ccf29de840eed4dec;7868665cecbf59e32856be3f38462615947f36d1;9;09-ceph-volume-activation;P1;runtime/source;deep;Chọn đọc sâu theo nhóm: implementation thuộc ceph-volume, inventory, LVM, activation và DB/WAL.;
1124;v16.2.5;v16.2.15;src/ceph-volume/ceph_volume/process.py;;M;M;10;14;FALSE;100644;100644;e70986892b7fd578dc80b9c928b9e380f7b596ba;10ee0318e23bfb920abb08a679d2f5ae6ec6cbca;9;09-ceph-volume-activation;P1;runtime/source;deep;Chọn đọc sâu theo nhóm: implementation thuộc ceph-volume, inventory, LVM, activation và DB/WAL.;
1125;v16.2.5;v16.2.15;src/ceph-volume/ceph_volume/tests/api/test_lvm.py;;M;M;127;112;FALSE;100644;100644;f01ceb4f337a5a4590a744e27097150535df4194;0bfc34075c31c41b8569f5be57d357e4b906f044;9;09-ceph-volume-activation;P2;test/QA;reference-only;Không đọc độc lập;
1126;v16.2.5;v16.2.15;src/ceph-volume/ceph_volume/tests/conftest.py;;M;M;54;24;FALSE;100644;100644;2abedac3240dbc20942b7dfa39cc898fa2d1879e;75628f8478e1a305703511770f3f4fc2ef0ed3f6;9;09-ceph-volume-activation;P2;test/QA;reference-only;Không đọc độc lập;
1127;v16.2.5;v16.2.15;src/ceph-volume/ceph_volume/tests/devices/lvm/test_activate.py;;M;M;35;7;FALSE;100644;100644;33e0ed32b619a51a00839b57f9c175c6a2a305d0;2237f259eb200ab73bd6723823931cd7820024c8;9;09-ceph-volume-activation;P2;test/QA;reference-only;Không đọc độc lập;
1128;v16.2.5;v16.2.15;src/ceph-volume/ceph_volume/tests/devices/lvm/test_batch.py;;M;M;84;7;FALSE;100644;100644;7c968ae81d5e5b7f9d5db00b42a855a487b20c9b;d27134d5341886138a22dc582eebba566781dc96;9;09-ceph-volume-activation;P2;test/QA;reference-only;Không đọc độc lập;
1129;v16.2.5;v16.2.15;src/ceph-volume/ceph_volume/tests/devices/lvm/test_create.py;;M;M;7;3;FALSE;100644;100644;994038f3b88631920e93fb772cd3c504130f5778;1665d76c3884a139ffbae06b3f5ebbab8889c4d6;9;09-ceph-volume-activation;P2;test/QA;reference-only;Không đọc độc lập;
1130;v16.2.5;v16.2.15;src/ceph-volume/ceph_volume/tests/devices/lvm/test_deactivate.py;;M;M;1;1;FALSE;100644;100644;4b8304ce6a9996ebc564086209fd03c4aee83384;044fd35196fdf716f0e7ac530716b3a0f48dd5ad;9;09-ceph-volume-activation;P2;test/QA;reference-only;Không đọc độc lập;
1131;v16.2.5;v16.2.15;src/ceph-volume/ceph_volume/tests/devices/lvm/test_listing.py;;M;M;91;4;FALSE;100644;100644;cf4b68c7143783cf990b9a01b3434f4019e01a1e;7e4d963c8b450f1a813a03bcd80544b747e1230d;9;09-ceph-volume-activation;P2;test/QA;reference-only;Không đọc độc lập;
1132;v16.2.5;v16.2.15;src/ceph-volume/ceph_volume/tests/devices/lvm/test_migrate.py;;A;A;2749;0;FALSE;0;100644;0;7e516f3d23bd9b14e8eb51aa7f97ff836a330c2a;9;09-ceph-volume-activation;P2;test/QA;reference-only;Không đọc độc lập;
1133;v16.2.5;v16.2.15;src/ceph-volume/ceph_volume/tests/devices/lvm/test_prepare.py;;M;M;27;12;FALSE;100644;100644;70915a0fe03af9a57b0bd2a7fbd80c7601df7d42;9f0a5e0bbc2239816cc9f5d43182dd3843468d8a;9;09-ceph-volume-activation;P2;test/QA;reference-only;Không đọc độc lập;
1134;v16.2.5;v16.2.15;src/ceph-volume/ceph_volume/tests/devices/lvm/test_zap.py;;M;M;11;6;FALSE;100644;100644;1fa22e5b681552b43d1981492aa324374891107e;64016111c26317098bdadf5864835e26aaa6e392;9;09-ceph-volume-activation;P2;test/QA;reference-only;Không đọc độc lập;
1135;v16.2.5;v16.2.15;src/ceph-volume/ceph_volume/tests/devices/raw/test_list.py;;A;A;238;0;FALSE;0;100644;0;5ad501bab94a43f2dbd3520b8528579426f1c890;9;09-ceph-volume-activation;P2;test/QA;reference-only;Không đọc độc lập;
1136;v16.2.5;v16.2.15;src/ceph-volume/ceph_volume/tests/devices/raw/test_prepare.py;;M;M;2;2;FALSE;100644;100644;e4cf8ce110913f0f5f54a5e0d069a0956adafd7d;f814bbf136b7bc920771874987aac1dca6bbacb4;9;09-ceph-volume-activation;P2;test/QA;reference-only;Không đọc độc lập;
1137;v16.2.5;v16.2.15;src/ceph-volume/ceph_volume/tests/devices/simple/test_activate.py;;M;M;24;24;FALSE;100644;100644;ac2dd0e7b3c312a10c8a154679b135effda33041;5c7bd3117920ac4e19c6e37b2a799d13449f620e;9;09-ceph-volume-activation;P2;test/QA;reference-only;Không đọc độc lập;
1138;v16.2.5;v16.2.15;src/ceph-volume/ceph_volume/tests/devices/simple/test_scan.py;;M;M;15;12;FALSE;100644;100644;118493625f37a7f69377474d12060cff05a55a4b;b5d12065578534159763c51ad3bf5a2658efe843;9;09-ceph-volume-activation;P2;test/QA;reference-only;Không đọc độc lập;
1139;v16.2.5;v16.2.15;src/ceph-volume/ceph_volume/tests/devices/test_zap.py;;M;M;12;2;FALSE;100644;100644;42c4940f157bd496f2d65bf9822bcc3981f0c956;745b58ae55a2e49ddb7b0a08f3d4b1a955c79166;9;09-ceph-volume-activation;P2;test/QA;reference-only;Không đọc độc lập;
1140;v16.2.5;v16.2.15;src/ceph-volume/ceph_volume/tests/functional/Vagrantfile;;M;M;1;1;FALSE;100644;100644;8f8b31b7ecfcceb1fc15bff1d58e02c134bdba61;f5425165a8d66038256ec7f7635eb0263a3b954f;9;09-ceph-volume-activation;P2;test/QA;reference-only;Không đọc độc lập;
1141;v16.2.5;v16.2.15;src/ceph-volume/ceph_volume/tests/functional/batch/playbooks/setup_mixed_type.yml;;M;M;5;5;FALSE;100644;100644;8b155d97d8c3ff822396f041ad29b40d883e0218;1fa9f66fc8636c00127bc560fa030d293396fc00;9;09-ceph-volume-activation;P2;test/QA;reference-only;Không đọc độc lập;
1142;v16.2.5;v16.2.15;src/ceph-volume/ceph_volume/tests/functional/batch/tox.ini;;M;M;6;8;FALSE;100644;100644;f7969fe9bde07dbe444e7cfaf198bb59bdd9cfb1;45dd7e7335f9a24ed8e8ec84d5a033eb1f84d8eb;9;09-ceph-volume-activation;P2;test/QA;reference-only;Không đọc độc lập;
1143;v16.2.5;v16.2.15;src/ceph-volume/ceph_volume/tests/functional/group_vars/bluestore_lvm_dmcrypt;;M;M;2;0;FALSE;100644;100644;d73637763bc5b6e105c3a0020ad2b5c2962d33f4;3cd68aaf1db3e1ee9abadb6b67dd5be97bf471f7;9;09-ceph-volume-activation;P2;test/QA;reference-only;Không đọc độc lập;
1144;v16.2.5;v16.2.15;src/ceph-volume/ceph_volume/tests/functional/lvm/centos8/bluestore/dmcrypt/test.yml;;M;M;19;0;FALSE;100644;100644;a05eef6eddd0b3e0576e380bd61fdefdd9624140;0a47b5eb851e5f57a7ef3a2bff53ff6dde7f246e;9;09-ceph-volume-activation;P2;test/QA;reference-only;Không đọc độc lập;
1145;v16.2.5;v16.2.15;src/ceph-volume/ceph_volume/tests/functional/lvm/centos8/filestore/dmcrypt/test.yml;;M;M;13;1;FALSE;100644;100644;f0408736ebfa8e5cc643eeae14c4c0889c420c5d;21eff00fa84659a2a83194db76198a3138ca9713;9;09-ceph-volume-activation;P2;test/QA;reference-only;Không đọc độc lập;
1146;v16.2.5;v16.2.15;src/ceph-volume/ceph_volume/tests/functional/lvm/playbooks/test_bluestore.yml;;M;M;13;0;FALSE;100644;100644;2cf83e477fbd6d0533a61252e4e193b27f2c2419;97d77a7f4601aedf9a05d56bb5f252ad10289e93;9;09-ceph-volume-activation;P2;test/QA;reference-only;Không đọc độc lập;
1147;v16.2.5;v16.2.15;src/ceph-volume/ceph_volume/tests/functional/lvm/playbooks/test_filestore.yml;;M;M;25;3;FALSE;100644;100644;42ee40a1baa65f49e95f9e47df8f2cb4f0ddb84c;a9b6aa2677849d8b7c0872ae58dbf24730386137;9;09-ceph-volume-activation;P2;test/QA;reference-only;Không đọc độc lập;
1148;v16.2.5;v16.2.15;src/ceph-volume/ceph_volume/tests/functional/lvm/tox.ini;;M;M;6;8;FALSE;100644;100644;2b63875bf438d0969dd3c90015a065db617dbcb2;0a01a79e62206c4c8bd426999d1d8fe2280c70fe;9;09-ceph-volume-activation;P2;test/QA;reference-only;Không đọc độc lập;
1149;v16.2.5;v16.2.15;src/ceph-volume/ceph_volume/tests/functional/playbooks/deploy.yml;;M;M;15;4;FALSE;100644;100644;0c1d13f8f1a2f8116d00e2a16043b80a9e354454;0ac200c6bc0d50475c82fa9d5e791b26f2de62b4;9;09-ceph-volume-activation;P2;test/QA;reference-only;Không đọc độc lập;
1150;v16.2.5;v16.2.15;src/ceph-volume/ceph_volume/tests/functional/simple/tox.ini;;M;M;5;7;FALSE;100644;100644;c3b7d3648a1d8eb2f65104cfdcce8a42cd442305;2d8f8980535d7b4a5173b6ac019b4561205f995e;9;09-ceph-volume-activation;P2;test/QA;reference-only;Không đọc độc lập;
1151;v16.2.5;v16.2.15;src/ceph-volume/ceph_volume/tests/functional/vagrant_variables.yml;;M;M;1;1;FALSE;100644;100644;0a804ef4e782344d9f47e2a6887d283f68a1e0eb;e87700ac163be18157482beecd715699e0ae1cea;9;09-ceph-volume-activation;P2;test/QA;reference-only;Không đọc độc lập;
1152;v16.2.5;v16.2.15;src/ceph-volume/ceph_volume/tests/test_decorators.py;;M;M;7;0;FALSE;100644;100644;8df891456e607afc2960b60128449b3eb067bcec;5bdf6b3d27bf98261d26d402471de975fe2a0286;9;09-ceph-volume-activation;P2;test/QA;reference-only;Không đọc độc lập;
1153;v16.2.5;v16.2.15;src/ceph-volume/ceph_volume/tests/test_inventory.py;;M;M;19;10;FALSE;100644;100644;038626245211422bbd2446806f8fa7992261f8e0;6ad2aef0d2ba39be591135817eeeb9cb44a81ef0;9;09-ceph-volume-activation;P2;test/QA;reference-only;Không đọc độc lập;
1154;v16.2.5;v16.2.15;src/ceph-volume/ceph_volume/tests/test_main.py;;M;M;5;5;FALSE;100644;100644;afe9a23446d94507a31fcf151cafcedbd320d35e;d03d405d5538d099627a0a1bf558d7f636d92571;9;09-ceph-volume-activation;P2;test/QA;reference-only;Không đọc độc lập;
1155;v16.2.5;v16.2.15;src/ceph-volume/ceph_volume/tests/util/test_arg_validators.py;;M;M;286;8;FALSE;100644;100644;d4565ef4dcb5c3f6e2edfaff331c5ada65348ceb;35bf295b9a51f74418840bfc0c4fd07d875cf76c;9;09-ceph-volume-activation;P2;test/QA;reference-only;Không đọc độc lập;
1156;v16.2.5;v16.2.15;src/ceph-volume/ceph_volume/tests/util/test_device.py;;M;M;290;151;FALSE;100644;100644;0df5ac61e9ea319f79f27bc3e6cf8ce69d0691cb;4e32529342ac20d55b95674758cf31e2d52a7ef6;9;09-ceph-volume-activation;P2;test/QA;reference-only;Không đọc độc lập;
1157;v16.2.5;v16.2.15;src/ceph-volume/ceph_volume/tests/util/test_disk.py;;M;M;78;87;FALSE;100644;100644;5f4d57343e4c2516e2ff9d540bfa59285fa441d0;94325b475ef0dc3a8f596b685b24b45773f792da;9;09-ceph-volume-activation;P2;test/QA;reference-only;Không đọc độc lập;
1158;v16.2.5;v16.2.15;src/ceph-volume/ceph_volume/tests/util/test_encryption.py;;M;M;100;15;FALSE;100644;100644;e1420b440d391d63ffa88b21a6ddb3df159b13d6;cd2ea8f187fc236435a73554d05da365c15209c4;9;09-ceph-volume-activation;P2;test/QA;reference-only;Không đọc độc lập;
1159;v16.2.5;v16.2.15;src/ceph-volume/ceph_volume/tests/util/test_prepare.py;;M;M;1;10;FALSE;100644;100644;ced5d49e76c9cb155baf83409c17bf556db56c68;080823307d383ab04eb52b876813e57923e0aa80;9;09-ceph-volume-activation;P2;test/QA;reference-only;Không đọc độc lập;
1160;v16.2.5;v16.2.15;src/ceph-volume/ceph_volume/tests/util/test_system.py;;M;M;60;30;FALSE;100644;100644;7499994900cae9c4bc97c2bc83e296429b0b5b4d;5746f7023ce5f904b2480c6b01b7bf4b20beb92b;9;09-ceph-volume-activation;P2;test/QA;reference-only;Không đọc độc lập;
1161;v16.2.5;v16.2.15;src/ceph-volume/ceph_volume/util/arg_validators.py;;M;M;102;18;FALSE;100644;100644;94cb4f691dbee180a0f095b95c989a32f8f1945f;655f7cd55ed0f9d882e72a255a267da0524930ee;9;09-ceph-volume-activation;P1;runtime/source;deep;Chọn đọc sâu theo nhóm: implementation thuộc ceph-volume, inventory, LVM, activation và DB/WAL.;
1162;v16.2.5;v16.2.15;src/ceph-volume/ceph_volume/util/device.py;;M;M;204;63;FALSE;100644;100644;deed06436d8ed1b85ba753563d99917807bdb24e;c5250d4355f0c68c8a68e00aba442d15948b305a;9;09-ceph-volume-activation;P1;runtime/source;deep;Chọn đọc sâu theo nhóm: implementation thuộc ceph-volume, inventory, LVM, activation và DB/WAL.;
1163;v16.2.5;v16.2.15;src/ceph-volume/ceph_volume/util/disk.py;;M;M;209;87;FALSE;100644;100644;fa79080e445f50b21450420ea92687fe69d2ab59;8f03f8a0c62d3a7f96f7e70f080f10ab612836ec;9;09-ceph-volume-activation;P1;runtime/source;deep;Chọn đọc sâu theo nhóm: implementation thuộc ceph-volume, inventory, LVM, activation và DB/WAL.;
1164;v16.2.5;v16.2.15;src/ceph-volume/ceph_volume/util/encryption.py;;M;M;56;20;FALSE;100644;100644;72a0ccf121e9722f77df4897e30a135ceb9754c9;0831d859700580f1f21149553810ca23e22f5849;9;09-ceph-volume-activation;P1;runtime/source;deep;Chọn đọc sâu theo nhóm: implementation thuộc ceph-volume, inventory, LVM, activation và DB/WAL.;
1165;v16.2.5;v16.2.15;src/ceph-volume/ceph_volume/util/prepare.py;;M;M;8;4;FALSE;100644;100644;85b7033c212a883af51bd71e8e1f06111d9f15ee;323ba1e9355433a69341386b8c022c5b8c6bdbd0;9;09-ceph-volume-activation;P1;runtime/source;deep;Chọn đọc sâu theo nhóm: implementation thuộc ceph-volume, inventory, LVM, activation và DB/WAL.;
1166;v16.2.5;v16.2.15;src/ceph-volume/ceph_volume/util/system.py;;M;M;147;74;FALSE;100644;100644;4998623373fdfc8b49f341fabceaf74566b99f50;590a0599b56b58aef5ac42b65f1f1b5481ba120f;9;09-ceph-volume-activation;P1;runtime/source;deep;Chọn đọc sâu theo nhóm: implementation thuộc ceph-volume, inventory, LVM, activation và DB/WAL.;
1167;v16.2.5;v16.2.15;src/ceph-volume/shell_tox.ini;;M;M;1;1;FALSE;100644;100644;e5c390271344bc591bc59fed54dc26e81f35f8fa;2950c8a09db2288f0156c985fb930c37285ce6db;9;09-ceph-volume-activation;P1;config/schema;deep;Đọc sâu option/default/schema và điều kiện có hiệu lực: ceph-volume, inventory, LVM, activation và DB/WAL.;
1168;v16.2.5;v16.2.15;src/ceph-volume/tox.ini;;M;M;5;1;FALSE;100644;100644;6ccf3e775caadb0708c2c341475b64fdf3e650bd;81a04c10d6ecbb8002b6b14f2eebd17848c3ec1e;9;09-ceph-volume-activation;P1;config/schema;deep;Đọc sâu option/default/schema và điều kiện có hiệu lực: ceph-volume, inventory, LVM, activation và DB/WAL.;
1169;v16.2.5;v16.2.15;src/ceph-volume/tox_install_command.sh;;M;M;1;1;FALSE;100755;100755;79343a4c2412f421e232abab6b52d6ed2f359080;c13c95533a2f38952af8db2de5fc8cc6808283fb;9;09-ceph-volume-activation;P1;tool/script;conditional;Đọc theo điều kiện sử dụng;
1170;v16.2.5;v16.2.15;src/ceph_fuse.cc;;M;M;19;7;FALSE;100644;100644;b7f8a4d4b90197879f6972e2cf9fa32d9d7816f5;ea941e9cc4651185d6817a5415acd4301f89185a;11;11-cephfs-mds;P1;runtime/source;deep;Chọn đọc sâu theo nhóm: implementation thuộc CephFS/MDS/client, session, caps, volumes và NFS.;
1171;v16.2.5;v16.2.15;src/cephadm/cephadm;;M;M;1868;589;FALSE;100755;100755;92bb8d617823751002bfa69a66de8852c3708b7e;5b85dadfb2aa4418550b60e5da75c69a4115181f;8;08-cephadm-orchestrator;P1;runtime/source;deep;Chọn đọc sâu theo nhóm: implementation thuộc cephadm/orchestrator, upgrade và daemon lifecycle.;
1172;v16.2.5;v16.2.15;src/cephadm/tests/fixtures.py;;M;M;29;14;FALSE;100644;100644;2f07d6034805a5d9e3ecf1df897ede8790c59d5b;45990d910b6b82c540b69340863c255ff9aa76e9;8;08-cephadm-orchestrator;P2;test/QA;reference-only;Không đọc độc lập;
1173;v16.2.5;v16.2.15;src/cephadm/tests/test_cephadm.py;;M;M;1557;233;FALSE;100644;100644;42853fb6b377e9c77093b03c3338cb4d0c82ab6e;ec526a05e05c23b059384391b5023df8bbe1613a;8;08-cephadm-orchestrator;P2;test/QA;reference-only;Không đọc độc lập;
1174;v16.2.5;v16.2.15;src/cephadm/tests/test_networks.py;;A;A;235;0;FALSE;0;100644;0;6fa47ea2704f6efda5932b47a4d71085d572543f;8;08-cephadm-orchestrator;P2;test/QA;reference-only;Không đọc độc lập;
1175;v16.2.5;v16.2.15;src/cephadm/tox.ini;;M;M;4;3;FALSE;100644;100644;6f25b4008f0fc3309ebacf22093a01204f27175c;079605afcae928a458f56d07c63cd3fc21edbf00;8;08-cephadm-orchestrator;P1;config/schema;deep;Đọc sâu option/default/schema và điều kiện có hiệu lực: cephadm/orchestrator, upgrade và daemon lifecycle.;
1176;v16.2.5;v16.2.15;src/client/Client.cc;;M;M;893;337;FALSE;100644;100644;7d052bad879d590ef52a64b787ee6f8a4ee15314;d43336180e8b6d6f91e4c0fd5794ceafdabecd42;11;11-cephfs-mds;P1;runtime/source;deep;Chọn đọc sâu theo nhóm: implementation thuộc CephFS/MDS/client, session, caps, volumes và NFS.;
1177;v16.2.5;v16.2.15;src/client/Client.h;;M;M;56;16;FALSE;100644;100644;88e8f4429a6d4d6ddbe245f1e0391e2cc868bdab;3f737c93f4524253504343979785e777ff8b5e59;11;11-cephfs-mds;P1;runtime/source;deep;Chọn đọc sâu theo nhóm: implementation thuộc CephFS/MDS/client, session, caps, volumes và NFS.;
1178;v16.2.5;v16.2.15;src/client/Dentry.h;;M;M;1;0;FALSE;100644;100644;483a31eccb324b56dd704f1931dbe1a68cea26e6;63669609caacc75687d2321993b420ac6ff2e814;11;11-cephfs-mds;P1;runtime/source;deep;Chọn đọc sâu theo nhóm: implementation thuộc CephFS/MDS/client, session, caps, volumes và NFS.;
1179;v16.2.5;v16.2.15;src/client/Inode.cc;;M;M;17;2;FALSE;100644;100644;efeedb1ef358b4d915b64611e8a1f8ed704cedd3;dd2a711f7496f901097d33e61c0ad78471710a67;11;11-cephfs-mds;P1;runtime/source;deep;Chọn đọc sâu theo nhóm: implementation thuộc CephFS/MDS/client, session, caps, volumes và NFS.;
1180;v16.2.5;v16.2.15;src/client/Inode.h;;M;M;1;1;FALSE;100644;100644;86c08871ac4ce9febe05e0e2eb3c990e9ca52440;1cb6285ba47364cde6bfef333098308d17fbb091;11;11-cephfs-mds;P1;runtime/source;deep;Chọn đọc sâu theo nhóm: implementation thuộc CephFS/MDS/client, session, caps, volumes và NFS.;
1181;v16.2.5;v16.2.15;src/client/MetaRequest.cc;;M;M;2;2;FALSE;100644;100644;2450a1f681c9caf02429ece635d2f3c6c085ce77;3994424e79360800a24badf79f322cb88d691d22;11;11-cephfs-mds;P1;runtime/source;deep;Chọn đọc sâu theo nhóm: implementation thuộc CephFS/MDS/client, session, caps, volumes và NFS.;
1182;v16.2.5;v16.2.15;src/client/MetaRequest.h;;M;M;42;8;FALSE;100644;100644;db134a705832c9de039eedf53e9b5eb5e862d691;c770a78394a19cb864aac589a337052336e17ae2;11;11-cephfs-mds;P1;runtime/source;deep;Chọn đọc sâu theo nhóm: implementation thuộc CephFS/MDS/client, session, caps, volumes và NFS.;
1183;v16.2.5;v16.2.15;src/client/MetaSession.h;;M;M;12;0;FALSE;100644;100644;c28cd0b83b6e786725bc90d05121d57b3a443a41;89a179981fcfdd8ea9e63b19de9efff59e2a2077;11;11-cephfs-mds;P1;runtime/source;deep;Chọn đọc sâu theo nhóm: implementation thuộc CephFS/MDS/client, session, caps, volumes và NFS.;
1184;v16.2.5;v16.2.15;src/client/fuse_ll.cc;;M;M;212;67;FALSE;100644;100644;d49c1fbeb848b06d4a6f236707f400253f7a8791;fd9d1f55bf821bcd669c6d1b77fcf4a8f44e076e;11;11-cephfs-mds;P1;runtime/source;deep;Chọn đọc sâu theo nhóm: implementation thuộc CephFS/MDS/client, session, caps, volumes và NFS.;
1185;v16.2.5;v16.2.15;src/client/hypertable/CephBroker.cc;;M;M;1;1;FALSE;100644;100644;d3f283a0b070b0613c5c32c8ee4666e82fba8e6f;596e722871f1bb761287db401993f16022ef5064;11;11-cephfs-mds;P1;runtime/source;deep;Chọn đọc sâu theo nhóm: implementation thuộc CephFS/MDS/client, session, caps, volumes và NFS.;
1186;v16.2.5;v16.2.15;src/cls/cephfs/cls_cephfs.h;;M;M;4;1;FALSE;100644;100644;37d656f113a3d45b7d8feb68d5fe4b0ff5a281e8;8a595ae1f117876aa04742d624cda7ae22cee7bb;11;11-cephfs-mds;P1;runtime/source;deep;Chọn đọc sâu theo nhóm: implementation thuộc CephFS/MDS/client, session, caps, volumes và NFS.;
1187;v16.2.5;v16.2.15;src/cls/cephfs/cls_cephfs_client.cc;;M;M;30;5;FALSE;100644;100644;d776443fe996205b4a7dd6eea2c7a5d86a1214da;4859194b5df0d1dc5155c4c8335c5740eb4e6547;11;11-cephfs-mds;P1;runtime/source;deep;Chọn đọc sâu theo nhóm: implementation thuộc CephFS/MDS/client, session, caps, volumes và NFS.;
1188;v16.2.5;v16.2.15;src/cls/cephfs/cls_cephfs_client.h;;M;M;1;0;FALSE;100644;100644;e2b23b4a6f97e321a41e50ecd25832185c53095d;7925780a849d03438d040a3bef0ab69b4b137e93;11;11-cephfs-mds;P1;runtime/source;deep;Chọn đọc sâu theo nhóm: implementation thuộc CephFS/MDS/client, session, caps, volumes và NFS.;
1189;v16.2.5;v16.2.15;src/cls/cmpomap/client.h;;M;M;8;6;FALSE;100644;100644;c55fbc4105c31d40e4de2fd732b50a4a447429f9;013d85cc7ee203f46d8627d1d3abd3f5a7d4c444;15;15-upgrade-validation;P1;runtime/source;deep;Chọn đọc sâu theo nhóm: implementation thuộc QA/test/release note và validation liên thành phần.;
1190;v16.2.5;v16.2.15;src/cls/cmpomap/server.cc;;M;M;13;10;FALSE;100644;100644;691832bfe63663f4e244ac6556d4a51ff35e50de;86e16d940f3efc2bfc484b8606fbdb84e2f87c2f;15;15-upgrade-validation;P1;runtime/source;deep;Chọn đọc sâu theo nhóm: implementation thuộc QA/test/release note và validation liên thành phần.;
1191;v16.2.5;v16.2.15;src/cls/fifo/cls_fifo.cc;;M;M;13;53;FALSE;100644;100644;14313a7351655ed02094447881926ec109ec9837;3cbb4636c9d9f28e027c1eac98948bf5f85ab060;10;10-rados-rbd-clients;P1;runtime/source;deep;Chọn đọc sâu theo nhóm: implementation thuộc RADOS/RBD/client/class, snapshot, diff và object-map.;
1192;v16.2.5;v16.2.15;src/cls/fifo/cls_fifo_ops.h;;M;M;10;5;FALSE;100644;100644;a3f4ae237c9c5f6b52274dffc46b16f4416924ae;e850c635c0b82e02c9a53044610911d46d5dc0a4;10;10-rados-rbd-clients;P1;runtime/source;deep;Chọn đọc sâu theo nhóm: implementation thuộc RADOS/RBD/client/class, snapshot, diff và object-map.;
1193;v16.2.5;v16.2.15;src/cls/fifo/cls_fifo_types.h;;M;M;109;67;FALSE;100644;100644;749f66e7b96e67184377e75495c4777fcf7563c0;5269e8987d2323c59c2938222c643ac3ba8c14c0;10;10-rados-rbd-clients;P1;runtime/source;deep;Chọn đọc sâu theo nhóm: implementation thuộc RADOS/RBD/client/class, snapshot, diff và object-map.;
1194;v16.2.5;v16.2.15;src/cls/journal/cls_journal.cc;;M;M;5;4;FALSE;100644;100644;db5a6854ad0de3beba977c3b856c080485808c3c;1479e1de6b5fc0e96b0d7933a8c3ec59051ec1c4;10;10-rados-rbd-clients;P1;runtime/source;deep;Chọn đọc sâu theo nhóm: implementation thuộc RADOS/RBD/client/class, snapshot, diff và object-map.;
1195;v16.2.5;v16.2.15;src/cls/queue/cls_queue_src.cc;;M;M;5;7;FALSE;100644;100644;8806b5804971ae7476b31953410a5c6d9f7b30dc;372eee5e6ca73485dca8c8843eda5ecc03ff2d3e;10;10-rados-rbd-clients;P1;runtime/source;deep;Chọn đọc sâu theo nhóm: implementation thuộc RADOS/RBD/client/class, snapshot, diff và object-map.;
1196;v16.2.5;v16.2.15;src/cls/rbd/cls_rbd.cc;;M;M;19;20;FALSE;100644;100644;33910b7df518282f603cb1ad5ff7e65c90e0a3df;870718d219eccd57bc1e0549ac6bfca543f1bc8c;10;10-rados-rbd-clients;P1;runtime/source;deep;Chọn đọc sâu theo nhóm: implementation thuộc RADOS/RBD/client/class, snapshot, diff và object-map.;
1197;v16.2.5;v16.2.15;src/cls/rbd/cls_rbd_client.cc;;M;M;14;0;FALSE;100644;100644;cefa1fed79391c3fbbc0196a976ba8a6d04760e9;535de35ef7a246a5cbc4ba96ee5eb4acb4986234;10;10-rados-rbd-clients;P1;runtime/source;deep;Chọn đọc sâu theo nhóm: implementation thuộc RADOS/RBD/client/class, snapshot, diff và object-map.;
1198;v16.2.5;v16.2.15;src/cls/rbd/cls_rbd_client.h;;M;M;4;0;FALSE;100644;100644;12b34c48327087e9d2531d6c4227a349ad93c862;9bb5a41d82d5e0d12c081fb690117a6a5bc77ed2;10;10-rados-rbd-clients;P1;runtime/source;deep;Chọn đọc sâu theo nhóm: implementation thuộc RADOS/RBD/client/class, snapshot, diff và object-map.;
1199;v16.2.5;v16.2.15;src/cls/rbd/cls_rbd_types.cc;;M;M;10;6;FALSE;100644;100644;ce424f7c36a1eb296a3b17d9faace3f0e1761b4a;e47f227777b8f76c67c3efff6ddec0ba0337ebb4;10;10-rados-rbd-clients;P1;runtime/source;deep;Chọn đọc sâu theo nhóm: implementation thuộc RADOS/RBD/client/class, snapshot, diff và object-map.;
1200;v16.2.5;v16.2.15;src/cls/rbd/cls_rbd_types.h;;M;M;6;7;FALSE;100644;100644;3e7ca77fa87c04ade9029a508009a0bf9b342b24;645861b2d8fd70353e1a743783ba9fc6605a99fb;10;10-rados-rbd-clients;P1;runtime/source;deep;Chọn đọc sâu theo nhóm: implementation thuộc RADOS/RBD/client/class, snapshot, diff và object-map.;
1201;v16.2.5;v16.2.15;src/cls/rgw/cls_rgw.cc;;M;M;697;391;FALSE;100644;100644;bc455a04b36438abe475034098c519daa7120e03;04e4b53c2fa9598a739b27ce80e8cb4eebc7445a;12;12-rgw;P1;runtime/source;deep;Chọn đọc sâu theo nhóm: implementation thuộc RGW, S3, auth/policy, bucket/object và multisite.;
1202;v16.2.5;v16.2.15;src/cls/rgw/cls_rgw_client.cc;;M;M;182;62;FALSE;100644;100644;95d6ffbc16a84ee00590a6054a1ba350e6ff454d;cddd735c5abf708fe5d8a70850b3215b2e8648df;12;12-rgw;P1;runtime/source;deep;Chọn đọc sâu theo nhóm: implementation thuộc RGW, S3, auth/policy, bucket/object và multisite.;
1203;v16.2.5;v16.2.15;src/cls/rgw/cls_rgw_client.h;;M;M;59;68;FALSE;100644;100644;0eca7345dc65044e971acfabbd54222bb19ae473;78c559d71eee1bc21d4f840c37152ad6dc4f4854;12;12-rgw;P1;runtime/source;deep;Chọn đọc sâu theo nhóm: implementation thuộc RGW, S3, auth/policy, bucket/object và multisite.;
1204;v16.2.5;v16.2.15;src/cls/rgw/cls_rgw_const.h;;M;M;5;0;FALSE;100644;100644;f39919d24b60b3fc5b4f8fa073a3560eb9ae0c26;61f06eac982821d74a217775bdd7929f41af3f68;12;12-rgw;P1;runtime/source;deep;Chọn đọc sâu theo nhóm: implementation thuộc RGW, S3, auth/policy, bucket/object và multisite.;
1205;v16.2.5;v16.2.15;src/cls/rgw/cls_rgw_ops.h;;M;M;21;5;FALSE;100644;100644;a1800a834b4eb79b18cc80c52ebe4d314527204a;a25483bb88ad41c569a05e1031c01260f8bf32af;12;12-rgw;P1;runtime/source;deep;Chọn đọc sâu theo nhóm: implementation thuộc RGW, S3, auth/policy, bucket/object và multisite.;
1206;v16.2.5;v16.2.15;src/cls/rgw/cls_rgw_types.cc;;M;M;40;32;FALSE;100644;100644;2e306fe7e84715d6ce207b1065ec7c26ba2a4dfb;4e93924276c7949b4148eb91296ae789be841291;12;12-rgw;P1;runtime/source;deep;Chọn đọc sâu theo nhóm: implementation thuộc RGW, S3, auth/policy, bucket/object và multisite.;
1207;v16.2.5;v16.2.15;src/cls/rgw/cls_rgw_types.h;;M;M;66;6;FALSE;100644;100644;434feceeed3701edb8506c5bbe111c7f09f72ec5;5b0155584e27fb6deb89324300c94510b2a6e690;12;12-rgw;P1;runtime/source;deep;Chọn đọc sâu theo nhóm: implementation thuộc RGW, S3, auth/policy, bucket/object và multisite.;
1208;v16.2.5;v16.2.15;src/common/CMakeLists.txt;;M;M;2;1;FALSE;100644;100644;6f29dfef35080614a59d20ff6c2afc237d065cf0;e1f1dca4778e2cbd39bd5b871f86b8ecd8e3e88e;5;05-messaging-auth-common;P1;build/package;deep;Đọc sâu khi ảnh hưởng build, package, quyền hoặc service: messenger, messages, auth, encode/decode và common runtime.;
1209;v16.2.5;v16.2.15;src/common/Formatter.cc;;M;M;1;0;FALSE;100644;100644;b599e48b3465be84d931a77d042013916983faca;362deffb5ab4a35d393a9565b4447f48fd87f3f0;5;05-messaging-auth-common;P1;runtime/source;deep;Chọn đọc sâu theo nhóm: implementation thuộc messenger, messages, auth, encode/decode và common runtime.;
1210;v16.2.5;v16.2.15;src/common/Formatter.h;;M;M;3;0;FALSE;100644;100644;e57ede878d9e5279943b0635203739a1870d5157;6751e4709ce0bf12455c05c97cd8bd5a8eee73b1;5;05-messaging-auth-common;P1;runtime/source;deep;Chọn đọc sâu theo nhóm: implementation thuộc messenger, messages, auth, encode/decode và common runtime.;
1211;v16.2.5;v16.2.15;src/common/OutputDataSocket.cc;;M;M;2;0;FALSE;100644;100644;2221de6462f37bac4b664cc5e4823e09bee9c75a;5828daebc17ccd4d6bbbb515024eb27ef4b74e66;5;05-messaging-auth-common;P1;runtime/source;deep;Chọn đọc sâu theo nhóm: implementation thuộc messenger, messages, auth, encode/decode và common runtime.;
1212;v16.2.5;v16.2.15;src/common/PriorityCache.cc;;M;M;15;16;FALSE;100644;100644;40ca98faba6008e5dcfc2dcda42b05f11394cfda;d4b9c2080e7997f321ee6121cfca7459276b8fd4;5;05-messaging-auth-common;P1;runtime/source;deep;Chọn đọc sâu theo nhóm: implementation thuộc messenger, messages, auth, encode/decode và common runtime.;
1213;v16.2.5;v16.2.15;src/common/Timer.cc;;M;M;31;17;FALSE;100644;100644;eab46661c99e10a65d6e5f9173bd83a31cf06efd;b96d9d2ff7197ff570107974b702e62ff0a419c6;5;05-messaging-auth-common;P1;runtime/source;deep;Chọn đọc sâu theo nhóm: implementation thuộc messenger, messages, auth, encode/decode và common runtime.;
1214;v16.2.5;v16.2.15;src/common/Timer.h;;M;M;18;10;FALSE;100644;100644;f543be68a766402836556145c5d057d999e0efa2;f22956a347615eabffe30317e6d5464e7fb63bad;5;05-messaging-auth-common;P1;runtime/source;deep;Chọn đọc sâu theo nhóm: implementation thuộc messenger, messages, auth, encode/decode và common runtime.;
1215;v16.2.5;v16.2.15;src/common/TrackedOp.cc;;M;M;8;0;FALSE;100644;100644;f1b35e7e57aa5080810778ecca6411176aa8b38b;ddb0f3fbfd2a95f1d921d9dc67cb8a095eabc6e8;5;05-messaging-auth-common;P1;runtime/source;deep;Chọn đọc sâu theo nhóm: implementation thuộc messenger, messages, auth, encode/decode và common runtime.;
1216;v16.2.5;v16.2.15;src/common/WorkQueue.cc;;M;M;3;1;FALSE;100644;100644;f8e84aeae304f7864aa95151f681c000c4c50de4;ea7ff393902013dbb937af5122eef7b769ae1cab;5;05-messaging-auth-common;P1;runtime/source;deep;Chọn đọc sâu theo nhóm: implementation thuộc messenger, messages, auth, encode/decode và common runtime.;
1217;v16.2.5;v16.2.15;src/common/async/yield_context.h;;M;M;9;3;FALSE;100644;100644;baa028fa1b4afa7d2d1774af93d899efd2a90c6c;05e6ca6140c567d042a2d546a7bb621d54411959;5;05-messaging-auth-common;P1;runtime/source;deep;Chọn đọc sâu theo nhóm: implementation thuộc messenger, messages, auth, encode/decode và common runtime.;
1218;v16.2.5;v16.2.15;src/common/bit_vector.hpp;;M;M;19;26;FALSE;100644;100644;10ee6c3ed6ccda73c7feba999aaba6318517f239;961d9a0192ee2142b6854c3da6fc878cb89d6cea;5;05-messaging-auth-common;P1;runtime/source;deep;Chọn đọc sâu theo nhóm: implementation thuộc messenger, messages, auth, encode/decode và common runtime.;
1219;v16.2.5;v16.2.15;src/common/buffer.cc;;M;M;6;2;FALSE;100644;100644;406ca24a4a63c482f2a49095505f68c617fda514;31154c96fc7a616a356e8a2fa631fbc843d8f3f3;5;05-messaging-auth-common;P1;runtime/source;deep;Chọn đọc sâu theo nhóm: implementation thuộc messenger, messages, auth, encode/decode và common runtime.;
1220;v16.2.5;v16.2.15;src/common/ceph_crypto.cc;;M;M;21;1;FALSE;100644;100644;cbeb1b06df615f621e287a05d236ba174544eb1d;f5450ca68c5e5e239b0445db6342650855b03101;5;05-messaging-auth-common;P1;runtime/source;deep;Chọn đọc sâu theo nhóm: implementation thuộc messenger, messages, auth, encode/decode và common runtime.;
1221;v16.2.5;v16.2.15;src/common/ceph_crypto.h;;M;M;2;0;FALSE;100644;100644;6bf344aa8f13f1d03b9ff256048bb3f1219123fa;e5f936bb450fb36df8c07144790eb41cdc7504cd;5;05-messaging-auth-common;P1;runtime/source;deep;Chọn đọc sâu theo nhóm: implementation thuộc messenger, messages, auth, encode/decode và common runtime.;
1222;v16.2.5;v16.2.15;src/common/ceph_mutex.h;;M;M;19;4;FALSE;100644;100644;4029a5a9f159ce9f4ace47834ba7a21d33214aef;81777c7dbe2a0962a51685c76853f7b00a049881;5;05-messaging-auth-common;P1;runtime/source;deep;Chọn đọc sâu theo nhóm: implementation thuộc messenger, messages, auth, encode/decode và common runtime.;
1223;v16.2.5;v16.2.15;src/common/ceph_strings.cc;;M;M;1;0;FALSE;100644;100644;48148a5b78f44e56329d494b739102402fbe4ea8;da88426321d54d88e6c92e7ca22d01a9e5d530bf;5;05-messaging-auth-common;P1;runtime/source;deep;Chọn đọc sâu theo nhóm: implementation thuộc messenger, messages, auth, encode/decode và common runtime.;
1224;v16.2.5;v16.2.15;src/common/cohort_lru.h;;M;M;3;6;FALSE;100644;100644;2383fc95d7a3b48307896e6b720b11de0f45f472;b105c80ccd5376dca4a62f0958b45136968ae71c;5;05-messaging-auth-common;P1;runtime/source;deep;Chọn đọc sâu theo nhóm: implementation thuộc messenger, messages, auth, encode/decode và common runtime.;
1225;v16.2.5;v16.2.15;src/common/config.cc;;M;M;10;0;FALSE;100644;100644;4916858676675c3122323e7e3091f034999bcfe9;e15c99e7d09e67fed19cfc1e3ed9b3f6b640473b;6;06-config-defaults;P1;runtime/source;deep;Chọn đọc sâu theo nhóm: implementation thuộc options, defaults, schema/config và điều kiện hiệu lực.;
1226;v16.2.5;v16.2.15;src/common/config.h;;M;M;3;0;FALSE;100644;100644;ef7d5b34fdc6b3f19dd82c913d766620a6cdc14b;989f5029e1270493ddf680d372d35219cac53185;6;06-config-defaults;P1;runtime/source;deep;Chọn đọc sâu theo nhóm: implementation thuộc options, defaults, schema/config và điều kiện hiệu lực.;
1227;v16.2.5;v16.2.15;src/common/config_proxy.h;;M;M;3;0;FALSE;100644;100644;cb30a2d7f1fa26ed54486561ac92550e94695327;e43a7c6dd67c8ddd13a750824c8acf5f623849fe;6;06-config-defaults;P1;runtime/source;deep;Chọn đọc sâu theo nhóm: implementation thuộc options, defaults, schema/config và điều kiện hiệu lực.;
1228;v16.2.5;v16.2.15;src/common/crc32c_aarch64.c;;M;M;6;4;FALSE;100644;100644;d15736a0cd9d0ff1b3c004402e7d42142d1e80fe;99e5883994c02a21f7ec145fd57e04fa79f875db;5;05-messaging-auth-common;P1;runtime/source;deep;Chọn đọc sâu theo nhóm: implementation thuộc messenger, messages, auth, encode/decode và common runtime.;
1229;v16.2.5;v16.2.15;src/common/dout.h;;M;M;3;2;FALSE;100644;100644;421222d535f8d81622eb63222059d66f5a26cb1d;a1375fbb91026877578cd5ebaebe5993b07f9104;5;05-messaging-auth-common;P1;runtime/source;deep;Chọn đọc sâu theo nhóm: implementation thuộc messenger, messages, auth, encode/decode và common runtime.;
1230;v16.2.5;v16.2.15;src/common/entity_name.cc;;M;M;1;1;FALSE;100644;100644;2eb24829a1c86adf0d3ca95137a4f7df805377e1;5357b34eacb7f3f5f190c7183130c56568f1a54e;5;05-messaging-auth-common;P1;runtime/source;deep;Chọn đọc sâu theo nhóm: implementation thuộc messenger, messages, auth, encode/decode và common runtime.;
1231;v16.2.5;v16.2.15;src/common/entity_name.h;;M;M;1;1;FALSE;100644;100644;886c4b4946f8ed94bc29e435388b6e1942b7ffac;5e5ab111404a68f9a72c91b3794990aeb7f89b54;5;05-messaging-auth-common;P1;runtime/source;deep;Chọn đọc sâu theo nhóm: implementation thuộc messenger, messages, auth, encode/decode và common runtime.;
1232;v16.2.5;v16.2.15;src/common/fair_mutex.h;;A;A;80;0;FALSE;0;100644;0;9baa0440048932e94eb058b7317b1eae9e53f1c8;5;05-messaging-auth-common;P1;runtime/source;deep;Chọn đọc sâu theo nhóm: implementation thuộc messenger, messages, auth, encode/decode và common runtime.;
1233;v16.2.5;v16.2.15;src/common/intrusive_lru.h;;M;M;4;0;FALSE;100644;100644;422c24a14fb615eb8deda188b93eea97d717015a;2837f67984b3d8ac4f17aa927da22435330baa1f;5;05-messaging-auth-common;P1;runtime/source;deep;Chọn đọc sâu theo nhóm: implementation thuộc messenger, messages, auth, encode/decode và common runtime.;
1234;v16.2.5;v16.2.15;src/common/ipaddr.cc;;M;M;26;92;FALSE;100644;100644;5eddc9b16289068fc8dddccd8435786490a1b19f;8c5da54b92ff05a07ed3ccab18e10d227926e2ef;5;05-messaging-auth-common;P1;runtime/source;deep;Chọn đọc sâu theo nhóm: implementation thuộc messenger, messages, auth, encode/decode và common runtime.;
1235;v16.2.5;v16.2.15;src/common/legacy_config_opts.h;;M;M;28;4;FALSE;100644;100644;8e2438bf0f66cdb37b568a6b2a1bbfef420fdc7d;0e3b4c8ef953aa344c5340e28e0d72a83b65af41;6;06-config-defaults;P1;runtime/source;deep;Chọn đọc sâu theo nhóm: implementation thuộc options, defaults, schema/config và điều kiện hiệu lực.;
1236;v16.2.5;v16.2.15;src/common/options.cc;;M;M;265;47;FALSE;100644;100644;96eabd2d94eeac09d48289c9cc7b5141db90f25e;2c4f7bef4aa56dc2a427448b71c28a1655d136b1;6;06-config-defaults;P1;runtime/source;deep;Chọn đọc sâu theo nhóm: implementation thuộc options, defaults, schema/config và điều kiện hiệu lực.;
1237;v16.2.5;v16.2.15;src/common/pick_address.cc;;M;M;180;131;FALSE;100644;100644;a2b72371eec2a5ec039bfddc5eda7dda9279adf8;93cab596aa0c24ebf35b1554944fa339f80d6d97;5;05-messaging-auth-common;P1;runtime/source;deep;Chọn đọc sâu theo nhóm: implementation thuộc messenger, messages, auth, encode/decode và common runtime.;
1238;v16.2.5;v16.2.15;src/common/pick_address.h;;M;M;14;0;FALSE;100644;100644;2621fed8108db1182cc03912c8b2767734dfe75d;1faf60dbd75bcf65f183311df305d7f2cbcc377e;5;05-messaging-auth-common;P1;runtime/source;deep;Chọn đọc sâu theo nhóm: implementation thuộc messenger, messages, auth, encode/decode và common runtime.;
1239;v16.2.5;v16.2.15;src/common/subsys.h;;M;M;1;1;FALSE;100644;100644;958f860f1699d7c999eaa973858074c5e88de9c8;582e57f8341175ae84332e5b278d71918cbee33a;5;05-messaging-auth-common;P1;runtime/source;deep;Chọn đọc sâu theo nhóm: implementation thuộc messenger, messages, auth, encode/decode và common runtime.;
1240;v16.2.5;v16.2.15;src/common/weighted_shuffle.h;;M;M;2;0;FALSE;100644;100644;10def0a011a41ecc8a6dd19ca3b88834e72ac2e2;dd8f22da014de4aba2ff5e2930312c0648680227;5;05-messaging-auth-common;P1;runtime/source;deep;Chọn đọc sâu theo nhóm: implementation thuộc messenger, messages, auth, encode/decode và common runtime.;
1241;v16.2.5;v16.2.15;src/compressor/snappy/SnappyCompressor.h;;M;M;1;1;FALSE;100644;100644;25393f8dc1ff473c76de8da711bc99eae3dd2b6f;93206c4007bed17b8f16778d7326082348c0d8aa;5;05-messaging-auth-common;P1;runtime/source;deep;Chọn đọc sâu theo nhóm: implementation thuộc messenger, messages, auth, encode/decode và common runtime.;
1242;v16.2.5;v16.2.15;src/crimson/osd/osd.cc;;M;M;15;8;FALSE;100644;100644;521cb9ba3bb180b30902811a2d4b849a31852f8b;de1e31a150d2b1b372ba2eaac703f21a2ba2715d;5;05-messaging-auth-common;P1;runtime/source;deep;Chọn đọc sâu theo nhóm: implementation thuộc messenger, messages, auth, encode/decode và common runtime.;
1243;v16.2.5;v16.2.15;src/crimson/osd/pg.h;;M;M;2;1;FALSE;100644;100644;34676ee7a1098877ed558cb95406a9707d65dbf1;ed5abd356639468e8e511d562ab6834effb179cc;5;05-messaging-auth-common;P1;runtime/source;deep;Chọn đọc sâu theo nhóm: implementation thuộc messenger, messages, auth, encode/decode và common runtime.;
1244;v16.2.5;v16.2.15;src/include/CompatSet.h;;M;M;18;5;FALSE;100644;100644;2f913177692623cda52f3e9aea4654a07480eb06;35c7a77381dc2c15c98975eac7fc5b2cb2bcb1b7;5;05-messaging-auth-common;P1;runtime/source;deep;Chọn đọc sâu theo nhóm: implementation thuộc messenger, messages, auth, encode/decode và common runtime.;
1245;v16.2.5;v16.2.15;src/include/buffer.h;;M;M;1;0;FALSE;100644;100644;7c8f90e9fb5d3ad55757a8eceb422ec726594c0f;71cb01935000b814b4f54ad8d7269e0dcd27e9cf;5;05-messaging-auth-common;P1;runtime/source;deep;Chọn đọc sâu theo nhóm: implementation thuộc messenger, messages, auth, encode/decode và common runtime.;
1246;v16.2.5;v16.2.15;src/include/ceph_features.h;;M;M;2;1;FALSE;100644;100644;f97440b54f50f303db1bf774498e73aeaab07d8b;39a32027cd3090acb729dd381df382b51c64797a;5;05-messaging-auth-common;P1;runtime/source;deep;Chọn đọc sâu theo nhóm: implementation thuộc messenger, messages, auth, encode/decode và common runtime.;
1247;v16.2.5;v16.2.15;src/include/ceph_fs.h;;M;M;74;13;FALSE;100644;100644;eb73efa0366300507372d042311c35e7e51b07fc;92a264be331edbad85bba69f5e1195a0a21dbca1;5;05-messaging-auth-common;P1;runtime/source;deep;Chọn đọc sâu theo nhóm: implementation thuộc messenger, messages, auth, encode/decode và common runtime.;
1248;v16.2.5;v16.2.15;src/include/cephfs/ceph_ll_client.h;;M;M;20;3;FALSE;100644;100644;78731db218d6823fa001aeb5bb201f28050f675c;eecc72dbfcabf91dbd0a4dca89359eb327f346cb;11;11-cephfs-mds;P1;runtime/source;deep;Chọn đọc sâu theo nhóm: implementation thuộc CephFS/MDS/client, session, caps, volumes và NFS.;
1249;v16.2.5;v16.2.15;src/include/cephfs/libcephfs.h;;M;M;18;13;FALSE;100644;100644;4e20549dc385f95890ddfa7f33a763f02f2450af;45a110338b33e79150e297b79e3b4d854768f9b6;11;11-cephfs-mds;P1;runtime/source;deep;Chọn đọc sâu theo nhóm: implementation thuộc CephFS/MDS/client, session, caps, volumes và NFS.;
1250;v16.2.5;v16.2.15;src/include/cephfs/metrics/Types.h;;M;M;247;68;FALSE;100644;100644;0c12de7c3b199747f14d4b46719e763fcf33fab9;a81a69537f6e66d91ec4155b88a45ec0c881ceb4;11;11-cephfs-mds;P1;runtime/source;deep;Chọn đọc sâu theo nhóm: implementation thuộc CephFS/MDS/client, session, caps, volumes và NFS.;
1251;v16.2.5;v16.2.15;src/include/compat.h;;M;M;9;1;FALSE;100644;100644;7537412956673f9be5729da9e2540dbaab43a415;1fc18a23b62fd6cef694531ba5ea596c42121f7c;5;05-messaging-auth-common;P1;runtime/source;deep;Chọn đọc sâu theo nhóm: implementation thuộc messenger, messages, auth, encode/decode và common runtime.;
1252;v16.2.5;v16.2.15;src/include/config-h.in.cmake;;M;M;9;0;FALSE;100644;100644;39aa5bbc42799b7f26c0ff692ae22622510a19c5;50c3f0bad685dab1b068fd16928e46ce89b4e19f;5;05-messaging-auth-common;P1;build/package;deep;Đọc sâu khi ảnh hưởng build, package, quyền hoặc service: messenger, messages, auth, encode/decode và common runtime.;
1253;v16.2.5;v16.2.15;src/include/denc.h;;M;M;1;0;FALSE;100644;100644;266121bd20cda2669fe67f94eca94ecea9af0636;10fa8d0c871244efbfc36c553b394a5040969e6f;5;05-messaging-auth-common;P1;runtime/source;deep;Chọn đọc sâu theo nhóm: implementation thuộc messenger, messages, auth, encode/decode và common runtime.;
1254;v16.2.5;v16.2.15;src/include/err.h;;M;M;5;4;FALSE;100644;100644;2c63b69909bbf6d1ae779eb366f5c498e66bc200;c188e97532f4838dc8f6113c623b12953eb825b6;5;05-messaging-auth-common;P1;runtime/source;deep;Chọn đọc sâu theo nhóm: implementation thuộc messenger, messages, auth, encode/decode và common runtime.;
1255;v16.2.5;v16.2.15;src/include/intarith.h;;M;M;4;0;FALSE;100644;100644;e912cbe7b3c44f242921f298dcd8dd0b4dc11e16;a4ac36d4934e8a5710b7f8cea050ad29d5994e5e;5;05-messaging-auth-common;P1;runtime/source;deep;Chọn đọc sâu theo nhóm: implementation thuộc messenger, messages, auth, encode/decode và common runtime.;
1256;v16.2.5;v16.2.15;src/include/interval_set.h;;M;M;30;0;FALSE;100644;100644;f1a21e5f96e1ae290e077386b16692bdf80e038a;dfb2a306ca21340797c1c1b1944f9f7b684813e3;5;05-messaging-auth-common;P1;runtime/source;deep;Chọn đọc sâu theo nhóm: implementation thuộc messenger, messages, auth, encode/decode và common runtime.;
1257;v16.2.5;v16.2.15;src/include/ipaddr.h;;M;M;7;8;FALSE;100644;100644;e8bed82920af35a7db8dabeac776e38cf7714053;bf06cfc93642af2129a9ba354e2d9fd76826379d;5;05-messaging-auth-common;P1;runtime/source;deep;Chọn đọc sâu theo nhóm: implementation thuộc messenger, messages, auth, encode/decode và common runtime.;
1258;v16.2.5;v16.2.15;src/include/neorados/RADOS.hpp;;M;M;3;0;FALSE;100644;100644;f2d62eae9453537c0a74007ad1cc274119424061;244442bcf608d3f71f2e06b167cf60396d5b5da2;10;10-rados-rbd-clients;P1;runtime/source;deep;Chọn đọc sâu theo nhóm: implementation thuộc RADOS/RBD/client/class, snapshot, diff và object-map.;
1259;v16.2.5;v16.2.15;src/include/rados/librados.hpp;;M;M;6;2;FALSE;100644;100644;dc3ecefa7e5de67cf468ef3326407ef386940ed0;10dd8cc5394565e1cbf6a75b1f358c13011b3c93;10;10-rados-rbd-clients;P1;runtime/source;deep;Chọn đọc sâu theo nhóm: implementation thuộc RADOS/RBD/client/class, snapshot, diff và object-map.;
1260;v16.2.5;v16.2.15;src/include/rbd/librbd.h;;M;M;2;2;FALSE;100644;100644;8618e659641a644f7932765020e3f0939e79e655;35c3e5301628d997459bc57a0e14ddaddad48288;10;10-rados-rbd-clients;P1;runtime/source;deep;Chọn đọc sâu theo nhóm: implementation thuộc RADOS/RBD/client/class, snapshot, diff và object-map.;
1261;v16.2.5;v16.2.15;src/include/types.h;;M;M;0;1;FALSE;100644;100644;60d1fb305a8e62c13e0b81511dfafaf9fbfc90c5;c150262e9face908802a9d438ffb444d446faf55;5;05-messaging-auth-common;P1;runtime/source;deep;Chọn đọc sâu theo nhóm: implementation thuộc messenger, messages, auth, encode/decode và common runtime.;
1262;v16.2.5;v16.2.15;src/include/utime.h;;M;M;1;1;FALSE;100644;100644;512149db03e3aa1be9451b7928a73a9bf528df53;fad66af7939ad65750723e57ddb4eb4449dedcb4;5;05-messaging-auth-common;P1;runtime/source;deep;Chọn đọc sâu theo nhóm: implementation thuộc messenger, messages, auth, encode/decode và common runtime.;
1263;v16.2.5;v16.2.15;src/init-ceph.in;;M;M;2;0;FALSE;100755;100755;bd4ddcf0e5a2f575ccf6d14190021c73a38d4f70;76f0d59c1d8a9f1575c2014d502a2d879605923b;15;15-upgrade-validation;P1;build/package;deep;Đọc sâu khi ảnh hưởng build, package, quyền hoặc service: QA/test/release note và validation liên thành phần.;
1264;v16.2.5;v16.2.15;src/isa-l;;M;M;1;1;FALSE;160000;160000;806b55ee578efd8158962b90121a4568eb1ecb66;4b36e413c9ac28b4757b297779470693b699aeae;13;13-build-packaging-submodules;P1;dependency;deep;Đọc sâu gitlink/dependency và integration tương ứng: build, packaging, systemd, dependency và submodule.;gitlink 806b55ee57→4b36e413c9
1265;v16.2.5;v16.2.15;src/journal/JournalMetadata.h;;M;M;1;2;FALSE;100644;100644;1b6911daecbad689f9126649b9d0e7e07e50f12d;071456f56ecc02a4b64d4e129eb378785c11f1fa;11;11-cephfs-mds;P1;runtime/source;deep;Chọn đọc sâu theo nhóm: implementation thuộc CephFS/MDS/client, session, caps, volumes và NFS.;
1266;v16.2.5;v16.2.15;src/journal/JournalPlayer.h;;M;M;1;2;FALSE;100644;100644;f2ab14d7b43c87805e2abccc34b49794de60dd14;a71117a836a19e3d79ac4cdf9e4b11da88646447;11;11-cephfs-mds;P1;runtime/source;deep;Chọn đọc sâu theo nhóm: implementation thuộc CephFS/MDS/client, session, caps, volumes và NFS.;
1267;v16.2.5;v16.2.15;src/journal/JournalRecorder.h;;M;M;1;2;FALSE;100644;100644;680dbcdfead58a2fb4017ad01325bbe80eed2878;9d8ea6c10f3d924a73dc78a72b6d7b82ace440b7;11;11-cephfs-mds;P1;runtime/source;deep;Chọn đọc sâu theo nhóm: implementation thuộc CephFS/MDS/client, session, caps, volumes và NFS.;
1268;v16.2.5;v16.2.15;src/journal/Journaler.h;;M;M;1;1;FALSE;100644;100644;fe44401848aca931297f2561cf292221cc43105b;f42513c5d67fe5fe40e0214e17f5c2e41d438500;11;11-cephfs-mds;P1;runtime/source;deep;Chọn đọc sâu theo nhóm: implementation thuộc CephFS/MDS/client, session, caps, volumes và NFS.;
1269;v16.2.5;v16.2.15;src/journal/ObjectPlayer.h;;M;M;1;2;FALSE;100644;100644;41641dd150ac90ca3d2be7b65d8792b98815ab4a;b9446252a2744e40feae44ea80bf88c028c07586;11;11-cephfs-mds;P1;runtime/source;deep;Chọn đọc sâu theo nhóm: implementation thuộc CephFS/MDS/client, session, caps, volumes và NFS.;
1270;v16.2.5;v16.2.15;src/journal/ObjectRecorder.h;;M;M;1;2;FALSE;100644;100644;7281879fcf722027fae6857cd7e805de482e74ce;5c5f88c86db96f130ccb979620c587310adb5c62;11;11-cephfs-mds;P1;runtime/source;deep;Chọn đọc sâu theo nhóm: implementation thuộc CephFS/MDS/client, session, caps, volumes và NFS.;
1271;v16.2.5;v16.2.15;src/krbd.cc;;M;M;17;4;FALSE;100644;100644;1318512d6ca1afc5c013fe082a941b94e97f6ffe;c2eb48070a66b800bba45854e60ad30869d70b1a;10;10-rados-rbd-clients;P1;runtime/source;deep;Chọn đọc sâu theo nhóm: implementation thuộc RADOS/RBD/client/class, snapshot, diff và object-map.;
1272;v16.2.5;v16.2.15;src/kv/KeyValueDB.h;;M;M;15;3;FALSE;100644;100644;a9a7965117c0dc0dc62d5e8af55df32aa008a185;d65d952463dae2dc6934e9036f8126f162abc951;3;03-rocksdb-block-device;P1;runtime/source;deep;Chọn đọc sâu theo nhóm: implementation thuộc RocksDB integration, KV, block device, DB/WAL và I/O.;
1273;v16.2.5;v16.2.15;src/kv/RocksDBStore.cc;;M;M;304;156;FALSE;100644;100644;b7fa258638f41705bc3bb55d0a5104dc337b51b9;ec65f1528b4eba5891b8e0e61988397b6d4f8bb2;3;03-rocksdb-block-device;P1;runtime/source;deep;Chọn đọc sâu theo nhóm: implementation thuộc RocksDB integration, KV, block device, DB/WAL và I/O.;
1274;v16.2.5;v16.2.15;src/kv/RocksDBStore.h;;M;M;38;9;FALSE;100644;100644;0735e115c36489d1acd0d0f1dbc60bb501774126;f241d94376d8f4979c755e4e2b4f2028aa755d06;3;03-rocksdb-block-device;P1;runtime/source;deep;Chọn đọc sâu theo nhóm: implementation thuộc RocksDB integration, KV, block device, DB/WAL và I/O.;
1275;v16.2.5;v16.2.15;src/libcephsqlite.cc;;M;M;4;4;FALSE;100644;100644;3db64a19f65241074d79c6ce167aa05307f69c2b;3d73131e3450b5499b4672fc984c0ceac290628f;10;10-rados-rbd-clients;P1;runtime/source;deep;Chọn đọc sâu theo nhóm: implementation thuộc RADOS/RBD/client/class, snapshot, diff và object-map.;
1276;v16.2.5;v16.2.15;src/librados/IoCtxImpl.cc;;M;M;13;8;FALSE;100644;100644;25edd35337b160179bdee4a9c10138a3972ccdc0;8f881d1f40483061a993889b50fa537404823a79;10;10-rados-rbd-clients;P1;runtime/source;deep;Chọn đọc sâu theo nhóm: implementation thuộc RADOS/RBD/client/class, snapshot, diff và object-map.;
1277;v16.2.5;v16.2.15;src/librados/IoCtxImpl.h;;M;M;3;1;FALSE;100644;100644;bd887bf210acf02344a1454df3e969940258678e;9d83a0eb38ab4725f3e25a0dc3a001cfa86e845d;10;10-rados-rbd-clients;P1;runtime/source;deep;Chọn đọc sâu theo nhóm: implementation thuộc RADOS/RBD/client/class, snapshot, diff và object-map.;
1278;v16.2.5;v16.2.15;src/librados/ObjectOperationImpl.h;;A;A;27;0;FALSE;0;100644;0;1b5dd0ebba5de8aa3055a851222a8a1b91e62920;10;10-rados-rbd-clients;P1;runtime/source;deep;Chọn đọc sâu theo nhóm: implementation thuộc RADOS/RBD/client/class, snapshot, diff và object-map.;
1279;v16.2.5;v16.2.15;src/librados/RadosClient.cc;;M;M;13;7;FALSE;100644;100644;47b928058c4f565786c81680a97fba68cc3636c6;547c084cd51e3b29855c997eb7e2671cb615e902;10;10-rados-rbd-clients;P1;runtime/source;deep;Chọn đọc sâu theo nhóm: implementation thuộc RADOS/RBD/client/class, snapshot, diff và object-map.;
1280;v16.2.5;v16.2.15;src/librados/RadosClient.h;;M;M;1;1;FALSE;100644;100644;0db094b18009439574c6cbc0b41b88ec39d31133;7c8dd79df9f088805db84ca053546ea406024da2;10;10-rados-rbd-clients;P1;runtime/source;deep;Chọn đọc sâu theo nhóm: implementation thuộc RADOS/RBD/client/class, snapshot, diff và object-map.;
1281;v16.2.5;v16.2.15;src/librados/librados_c.cc;;M;M;85;62;FALSE;100644;100644;76014beee715ec9cfda2da3901eb9c5768ec93ec;a4007d5bb0f0ad84a753841db9a70bc50b46f2d1;10;10-rados-rbd-clients;P1;runtime/source;deep;Chọn đọc sâu theo nhóm: implementation thuộc RADOS/RBD/client/class, snapshot, diff và object-map.;
1282;v16.2.5;v16.2.15;src/librados/librados_cxx.cc;;M;M;20;19;FALSE;100644;100644;ad712506b66e694e0ea00267da8263b9b8586d0f;81da002cd8296e89d487db76d0ec2ad5f2846014;10;10-rados-rbd-clients;P1;runtime/source;deep;Chọn đọc sâu theo nhóm: implementation thuộc RADOS/RBD/client/class, snapshot, diff và object-map.;
1283;v16.2.5;v16.2.15;src/librados/snap_set_diff.cc;;M;M;16;11;FALSE;100644;100644;b42ad9bcd5519ebd91b1b47a097adf38b8bdc27d;0211b57658c82aa11091407092861855802ef215;10;10-rados-rbd-clients;P1;runtime/source;deep;Chọn đọc sâu theo nhóm: implementation thuộc RADOS/RBD/client/class, snapshot, diff và object-map.;
1284;v16.2.5;v16.2.15;src/librbd/AsioEngine.cc;;M;M;3;2;FALSE;100644;100644;1a46b590479d69fa27a3db2f0266b087f5d2446e;8e2beb49cfd91db696e689aeb280d8cf90086c83;10;10-rados-rbd-clients;P1;runtime/source;deep;Chọn đọc sâu theo nhóm: implementation thuộc RADOS/RBD/client/class, snapshot, diff và object-map.;
1285;v16.2.5;v16.2.15;src/librbd/ImageCtx.cc;;M;M;7;2;FALSE;100644;100644;ed836ed8e4e41dd40665d48097aa34060f22cd05;058352949c413caa3660e883aeda82034fc85862;10;10-rados-rbd-clients;P1;runtime/source;deep;Chọn đọc sâu theo nhóm: implementation thuộc RADOS/RBD/client/class, snapshot, diff và object-map.;
1286;v16.2.5;v16.2.15;src/librbd/ImageCtx.h;;M;M;3;2;FALSE;100644;100644;31d9a67547d62998e98da6feb18fc3043e254aba;ccf5dacc34e23dcb81306213241b921fc41ca64d;10;10-rados-rbd-clients;P1;runtime/source;deep;Chọn đọc sâu theo nhóm: implementation thuộc RADOS/RBD/client/class, snapshot, diff và object-map.;
1287;v16.2.5;v16.2.15;src/librbd/ImageWatcher.cc;;M;M;4;6;FALSE;100644;100644;b2f9d610d7d2e1c7d78f577ca00e5622782b5c86;b26b7d9971c8d8fe98c9068bfc60d34deca402d1;10;10-rados-rbd-clients;P1;runtime/source;deep;Chọn đọc sâu theo nhóm: implementation thuộc RADOS/RBD/client/class, snapshot, diff và object-map.;
1288;v16.2.5;v16.2.15;src/librbd/Journal.cc;;M;M;67;16;FALSE;100644;100644;0cd38b22adaa9ee29b0f3bc17f82ebbc0c3e3e06;1d4339c164b166072e441a963c63e46a27e323de;10;10-rados-rbd-clients;P1;runtime/source;deep;Chọn đọc sâu theo nhóm: implementation thuộc RADOS/RBD/client/class, snapshot, diff và object-map.;
1289;v16.2.5;v16.2.15;src/librbd/Journal.h;;M;M;19;6;FALSE;100644;100644;64ea13fe23ac9f8c811d38cad34c92156703c5c4;a671eeee38e358c6a4e46d72f0d035e81f79db13;10;10-rados-rbd-clients;P1;runtime/source;deep;Chọn đọc sâu theo nhóm: implementation thuộc RADOS/RBD/client/class, snapshot, diff và object-map.;
1290;v16.2.5;v16.2.15;src/librbd/ManagedLock.cc;;M;M;19;14;FALSE;100644;100644;53a0cf911ec8207dd419315417528d2f6949ed14;4cc49a1fe19169ef9b7b3096cdf376453ed510f3;10;10-rados-rbd-clients;P1;runtime/source;deep;Chọn đọc sâu theo nhóm: implementation thuộc RADOS/RBD/client/class, snapshot, diff và object-map.;
1291;v16.2.5;v16.2.15;src/librbd/ObjectMap.h;;M;M;6;0;FALSE;100644;100644;7577d267f44060c7c4f89eae2e64a4e9c8e940b4;b4898d035d4d24cd38745eb4346fdc366c376fd8;10;10-rados-rbd-clients;P1;runtime/source;deep;Chọn đọc sâu theo nhóm: implementation thuộc RADOS/RBD/client/class, snapshot, diff và object-map.;
1292;v16.2.5;v16.2.15;src/librbd/Utils.cc;;M;M;3;0;FALSE;100644;100644;dadf6ab8126ae35c7b8afb86e9955226dcab87aa;75fe7b1a721a5a4bb5cfbc01c2bb2b1c992e4012;10;10-rados-rbd-clients;P1;runtime/source;deep;Chọn đọc sâu theo nhóm: implementation thuộc RADOS/RBD/client/class, snapshot, diff và object-map.;
1293;v16.2.5;v16.2.15;src/librbd/api/Config.cc;;M;M;0;1;FALSE;100644;100644;07e37162b4340476b71fe98fdb8b321e1de39a22;8148607e39ff217ef48620a62689cb5058f7cf8d;10;10-rados-rbd-clients;P1;runtime/source;deep;Chọn đọc sâu theo nhóm: implementation thuộc RADOS/RBD/client/class, snapshot, diff và object-map.;
1294;v16.2.5;v16.2.15;src/librbd/api/DiffIterate.cc;;M;M;162;35;FALSE;100644;100644;dcd07ea56a3dde924aeec10b48c5a5dcf2fe514f;a10165fcb4da1edda6e6a1615378e8b807f7a612;10;10-rados-rbd-clients;P1;runtime/source;deep;Chọn đọc sâu theo nhóm: implementation thuộc RADOS/RBD/client/class, snapshot, diff và object-map.;
1295;v16.2.5;v16.2.15;src/librbd/api/DiffIterate.h;;M;M;3;4;FALSE;100644;100644;e6074d9cb3d66dbb1e8588441cc055b665420e8d;c53b0e995b6d0cb05c9169e2ec9f6490070bb692;10;10-rados-rbd-clients;P1;runtime/source;deep;Chọn đọc sâu theo nhóm: implementation thuộc RADOS/RBD/client/class, snapshot, diff và object-map.;
1296;v16.2.5;v16.2.15;src/librbd/api/Image.cc;;M;M;43;12;FALSE;100644;100644;7df0f4fc69e2e85e04a40e46131ed5abdb0b6ed5;60c8a2c98670638c1e609b2c291bb13ccb9dab8d;10;10-rados-rbd-clients;P1;runtime/source;deep;Chọn đọc sâu theo nhóm: implementation thuộc RADOS/RBD/client/class, snapshot, diff và object-map.;
1297;v16.2.5;v16.2.15;src/librbd/api/Io.cc;;M;M;24;24;FALSE;100644;100644;31b48b3f6b8d56b77167dfa8a6bb8e132b25595c;3ce8a02f4022fc6292210a16b01395a066e067be;10;10-rados-rbd-clients;P1;runtime/source;deep;Chọn đọc sâu theo nhóm: implementation thuộc RADOS/RBD/client/class, snapshot, diff và object-map.;
1298;v16.2.5;v16.2.15;src/librbd/api/Mirror.cc;;M;M;40;6;FALSE;100644;100644;825d430bc05b8d4ba1d1ef33c3afaa10bbb10956;62ef9c55b003886bc9a2f95f217db52ca4f3878a;10;10-rados-rbd-clients;P1;runtime/source;deep;Chọn đọc sâu theo nhóm: implementation thuộc RADOS/RBD/client/class, snapshot, diff và object-map.;
1299;v16.2.5;v16.2.15;src/librbd/api/Pool.cc;;M;M;1;4;FALSE;100644;100644;890341e015c1720425d5172e50cbf2c3581ede53;65d55328fbb890ab930ef0f3dd96c082a31e5864;10;10-rados-rbd-clients;P1;runtime/source;deep;Chọn đọc sâu theo nhóm: implementation thuộc RADOS/RBD/client/class, snapshot, diff và object-map.;
1300;v16.2.5;v16.2.15;src/librbd/cache/ImageWriteback.cc;;M;M;7;9;FALSE;100644;100644;dcbba42ba9ef533d34c40acc4f0deeb325a583dd;631de0c36d3992882e882397287fdfa597879850;10;10-rados-rbd-clients;P1;runtime/source;deep;Chọn đọc sâu theo nhóm: implementation thuộc RADOS/RBD/client/class, snapshot, diff và object-map.;
1301;v16.2.5;v16.2.15;src/librbd/cache/Types.h;;M;M;1;1;FALSE;100644;100644;b791d590873732dc6d85858318a8896315d9ffab;43dcd758f0b2b3770611cadbde0b38bf59709a75;10;10-rados-rbd-clients;P1;runtime/source;deep;Chọn đọc sâu theo nhóm: implementation thuộc RADOS/RBD/client/class, snapshot, diff và object-map.;
1302;v16.2.5;v16.2.15;src/librbd/cache/WriteAroundObjectDispatch.cc;;M;M;2;2;FALSE;100644;100644;adffeacfb0fa310c361dd66f6e37f427c29eb9a7;fafb73f409ae3c8869239bca5107415d3f2dfb2b;10;10-rados-rbd-clients;P1;runtime/source;deep;Chọn đọc sâu theo nhóm: implementation thuộc RADOS/RBD/client/class, snapshot, diff và object-map.;
1303;v16.2.5;v16.2.15;src/librbd/cache/WriteLogImageDispatch.cc;;M;M;9;11;FALSE;100644;100644;6cb8738e7f9efcc6d1486fb121189aa3c08453f6;077d5484a0e15a5604ff30af8ada65c5c506f65e;10;10-rados-rbd-clients;P1;runtime/source;deep;Chọn đọc sâu theo nhóm: implementation thuộc RADOS/RBD/client/class, snapshot, diff và object-map.;
1304;v16.2.5;v16.2.15;src/librbd/cache/WriteLogImageDispatch.h;;M;M;7;10;FALSE;100644;100644;9344916237ed387bc2ca4ddede598ff3ac1a2fc8;f68f37dc750c7cbdaab2549e9946aa74a6643792;10;10-rados-rbd-clients;P1;runtime/source;deep;Chọn đọc sâu theo nhóm: implementation thuộc RADOS/RBD/client/class, snapshot, diff và object-map.;
1305;v16.2.5;v16.2.15;src/librbd/cache/pwl/AbstractWriteLog.cc;;M;M;239;118;FALSE;100644;100644;76e8e478e2bf7487907ba7e680b871133a1f9f2a;6f017a9c33b3ccead6604945137f26ee8b123158;10;10-rados-rbd-clients;P1;runtime/source;deep;Chọn đọc sâu theo nhóm: implementation thuộc RADOS/RBD/client/class, snapshot, diff và object-map.;
1306;v16.2.5;v16.2.15;src/librbd/cache/pwl/AbstractWriteLog.h;;M;M;27;25;FALSE;100644;100644;56ecd6c1c209111beee6bb702af15195a5dfe439;ffe299c37d3e3d2cfc7d088722bf96cb1095189c;10;10-rados-rbd-clients;P1;runtime/source;deep;Chọn đọc sâu theo nhóm: implementation thuộc RADOS/RBD/client/class, snapshot, diff và object-map.;
1307;v16.2.5;v16.2.15;src/librbd/cache/pwl/DiscardRequest.cc;;M;M;7;5;FALSE;100644;100644;9f66e077b1f14ed50d4768ca3251be0f5316e2b4;eaf24137d05c03ea7223fbb38f177452d3939d32;10;10-rados-rbd-clients;P1;runtime/source;deep;Chọn đọc sâu theo nhóm: implementation thuộc RADOS/RBD/client/class, snapshot, diff và object-map.;
1308;v16.2.5;v16.2.15;src/librbd/cache/pwl/ImageCacheState.cc;;M;M;75;76;FALSE;100644;100644;11074befb57da642198b7055422e5c0a0dbf4e8b;2bd6e11324975e9c78d40d97b4e799b81c66bdc6;10;10-rados-rbd-clients;P1;runtime/source;deep;Chọn đọc sâu theo nhóm: implementation thuộc RADOS/RBD/client/class, snapshot, diff và object-map.;
1309;v16.2.5;v16.2.15;src/librbd/cache/pwl/ImageCacheState.h;;M;M;24;14;FALSE;100644;100644;7ea1412e26ff88be254077f77b2a37ea7a6f29ae;5be5f73ac1513539db28ddfb881ad029e71b0b0e;10;10-rados-rbd-clients;P1;runtime/source;deep;Chọn đọc sâu theo nhóm: implementation thuộc RADOS/RBD/client/class, snapshot, diff và object-map.;
1310;v16.2.5;v16.2.15;src/librbd/cache/pwl/InitRequest.cc;;M;M;4;10;FALSE;100644;100644;ea00d4fbc7664410a19b0f276c90a24d9030cd52;65dac8b46ce008f803cc31e95e1e58a25fe543f9;10;10-rados-rbd-clients;P1;runtime/source;deep;Chọn đọc sâu theo nhóm: implementation thuộc RADOS/RBD/client/class, snapshot, diff và object-map.;
1311;v16.2.5;v16.2.15;src/librbd/cache/pwl/LogEntry.cc;;M;M;6;14;FALSE;100644;100644;98224241b557e384e48da8e63ef4c507fec8786c;504d21051d9e891c9ec65f61071f1991874b096b;10;10-rados-rbd-clients;P1;runtime/source;deep;Chọn đọc sâu theo nhóm: implementation thuộc RADOS/RBD/client/class, snapshot, diff và object-map.;
1312;v16.2.5;v16.2.15;src/librbd/cache/pwl/LogEntry.h;;M;M;8;8;FALSE;100644;100644;b29d7fb88bcb3439fd2da04f53d90ef19c3055b7;ecaca0b7b70d6157fcf3fcaddcda1f88cd14272e;10;10-rados-rbd-clients;P1;runtime/source;deep;Chọn đọc sâu theo nhóm: implementation thuộc RADOS/RBD/client/class, snapshot, diff và object-map.;
1313;v16.2.5;v16.2.15;src/librbd/cache/pwl/LogOperation.cc;;M;M;12;9;FALSE;100644;100644;701fe14b1a60289ded1a382d8a9ce77ba0dd5659;4fc13a91a23f2d8debe40bb05e234c813db3740e;10;10-rados-rbd-clients;P1;runtime/source;deep;Chọn đọc sâu theo nhóm: implementation thuộc RADOS/RBD/client/class, snapshot, diff và object-map.;
1314;v16.2.5;v16.2.15;src/librbd/cache/pwl/LogOperation.h;;M;M;5;5;FALSE;100644;100644;52f8591b6a656833d1f26373906e583008165116;15befe05f255d2a91977e8a26ef8da7563f70338;10;10-rados-rbd-clients;P1;runtime/source;deep;Chọn đọc sâu theo nhóm: implementation thuộc RADOS/RBD/client/class, snapshot, diff và object-map.;
1315;v16.2.5;v16.2.15;src/librbd/cache/pwl/Request.cc;;M;M;1;1;FALSE;100644;100644;5288af9d01ae4e64e95e3b117dd12b008708a556;8159b121a1e27e4d361798c6e8d76552c265fdb6;10;10-rados-rbd-clients;P1;runtime/source;deep;Chọn đọc sâu theo nhóm: implementation thuộc RADOS/RBD/client/class, snapshot, diff và object-map.;
1316;v16.2.5;v16.2.15;src/librbd/cache/pwl/Request.h;;M;M;1;1;FALSE;100644;100644;8d5a0b4742a722d55ac56d8dbaaa592c8dc49290;7953c2887fca724ecb36c8f0083c1202863405cb;10;10-rados-rbd-clients;P1;runtime/source;deep;Chọn đọc sâu theo nhóm: implementation thuộc RADOS/RBD/client/class, snapshot, diff và object-map.;
1317;v16.2.5;v16.2.15;src/librbd/cache/pwl/ShutdownRequest.cc;;M;M;1;1;FALSE;100644;100644;4475712dd6bb755272e1b235e894208477362749;e022328ba70e9bf1516088c94191bb8f2e4f68cb;10;10-rados-rbd-clients;P1;runtime/source;deep;Chọn đọc sâu theo nhóm: implementation thuộc RADOS/RBD/client/class, snapshot, diff và object-map.;
1318;v16.2.5;v16.2.15;src/librbd/cache/pwl/Types.cc;;M;M;22;21;FALSE;100644;100644;827125c31f8ff005fa494bf86ca15e0dac70a64d;505f5d57ba248d2a434377ed8b61fafa5ea1dd79;10;10-rados-rbd-clients;P1;runtime/source;deep;Chọn đọc sâu theo nhóm: implementation thuộc RADOS/RBD/client/class, snapshot, diff và object-map.;
1319;v16.2.5;v16.2.15;src/librbd/cache/pwl/Types.h;;M;M;80;29;FALSE;100644;100644;5d438b2f11d0631e4eac219306b65ce525c9d822;dc067612bfcff3d992631fe763f9a009324fb0f9;10;10-rados-rbd-clients;P1;runtime/source;deep;Chọn đọc sâu theo nhóm: implementation thuộc RADOS/RBD/client/class, snapshot, diff và object-map.;
1320;v16.2.5;v16.2.15;src/librbd/cache/pwl/rwl/LogEntry.cc;;M;M;8;0;FALSE;100644;100644;7325bef78a95892eb8839aad5668769133a8a1cc;056701fb514880d1902034eb72a30dc54d432e1e;10;10-rados-rbd-clients;P1;runtime/source;deep;Chọn đọc sâu theo nhóm: implementation thuộc RADOS/RBD/client/class, snapshot, diff và object-map.;
1321;v16.2.5;v16.2.15;src/librbd/cache/pwl/rwl/LogEntry.h;;M;M;1;0;FALSE;100644;100644;0eacb5aeec9ab6ce21411bcccc4985375e2bb791;a4675c5fbd824983357c6f153605206bf8c040ab;10;10-rados-rbd-clients;P1;runtime/source;deep;Chọn đọc sâu theo nhóm: implementation thuộc RADOS/RBD/client/class, snapshot, diff và object-map.;
1322;v16.2.5;v16.2.15;src/librbd/cache/pwl/rwl/Request.cc;;M;M;1;0;FALSE;100644;100644;2fe1318a33c39c6d5ad4190b8dc6ac60b9a5ddb2;09158127241a33ded3d6b6460e167277e4faf86b;10;10-rados-rbd-clients;P1;runtime/source;deep;Chọn đọc sâu theo nhóm: implementation thuộc RADOS/RBD/client/class, snapshot, diff và object-map.;
1323;v16.2.5;v16.2.15;src/librbd/cache/pwl/rwl/WriteLog.cc;;M;M;96;46;FALSE;100644;100644;0dba120f9310720a01978f9a04f1cd3728ddcb47;dd623c9adaadf02682664fe9942ab73be61f41c6;10;10-rados-rbd-clients;P1;runtime/source;deep;Chọn đọc sâu theo nhóm: implementation thuộc RADOS/RBD/client/class, snapshot, diff và object-map.;
1324;v16.2.5;v16.2.15;src/librbd/cache/pwl/rwl/WriteLog.h;;M;M;10;8;FALSE;100644;100644;7aea8573c917323b1e5a8aee4b13a0fbe9cfe370;5083a2568d497b7dc61168bd25a6b7e6effdecf3;10;10-rados-rbd-clients;P1;runtime/source;deep;Chọn đọc sâu theo nhóm: implementation thuộc RADOS/RBD/client/class, snapshot, diff và object-map.;
1325;v16.2.5;v16.2.15;src/librbd/cache/pwl/ssd/LogEntry.cc;;M;M;5;1;FALSE;100644;100644;02bc2bee6325d00b8040e2802212f178214327b8;0e6edd87b35c6877fa58525d87f836967f30acb6;10;10-rados-rbd-clients;P1;runtime/source;deep;Chọn đọc sâu theo nhóm: implementation thuộc RADOS/RBD/client/class, snapshot, diff và object-map.;
1326;v16.2.5;v16.2.15;src/librbd/cache/pwl/ssd/LogEntry.h;;M;M;6;0;FALSE;100644;100644;666398440a22155ffbe57dfc68d2a54ef0452095;8e26f661ff8caa6b81e7cea898eaa52100480ec5;10;10-rados-rbd-clients;P1;runtime/source;deep;Chọn đọc sâu theo nhóm: implementation thuộc RADOS/RBD/client/class, snapshot, diff và object-map.;
1327;v16.2.5;v16.2.15;src/librbd/cache/pwl/ssd/LogOperation.cc;;M;M;1;1;FALSE;100644;100644;f759d8a8eeec5c04cd5ce954a43699f737833661;c8080e37d0f5059260bb6a9a8ad1d790bd4df322;10;10-rados-rbd-clients;P1;runtime/source;deep;Chọn đọc sâu theo nhóm: implementation thuộc RADOS/RBD/client/class, snapshot, diff và object-map.;
1328;v16.2.5;v16.2.15;src/librbd/cache/pwl/ssd/Request.cc;;M;M;2;3;FALSE;100644;100644;69951e7601fbd2b1941844040c6c86003b2c996f;e92e547c8e60782ccbda78acad8de4a140a6b43f;10;10-rados-rbd-clients;P1;runtime/source;deep;Chọn đọc sâu theo nhóm: implementation thuộc RADOS/RBD/client/class, snapshot, diff và object-map.;
1329;v16.2.5;v16.2.15;src/librbd/cache/pwl/ssd/Types.h;;M;M;8;1;FALSE;100644;100644;e34b7516684c4b3296317ce16f063ba1112df2bd;3ebad1fd94562f332b33b8654f383132b19ce410;10;10-rados-rbd-clients;P1;runtime/source;deep;Chọn đọc sâu theo nhóm: implementation thuộc RADOS/RBD/client/class, snapshot, diff và object-map.;
1330;v16.2.5;v16.2.15;src/librbd/cache/pwl/ssd/WriteLog.cc;;M;M;451;309;FALSE;100644;100644;725039a81f659aba0492631666555ec4dd8c8fd8;00626506a3666c9280880897b5288c12fac2629e;10;10-rados-rbd-clients;P1;runtime/source;deep;Chọn đọc sâu theo nhóm: implementation thuộc RADOS/RBD/client/class, snapshot, diff và object-map.;
1331;v16.2.5;v16.2.15;src/librbd/cache/pwl/ssd/WriteLog.h;;M;M;16;16;FALSE;100644;100644;64b4baa38bcdde49b1d1c768898f6af9540f1bde;69cc366628f24333f7f173eb9a9192f9703ab063;10;10-rados-rbd-clients;P1;runtime/source;deep;Chọn đọc sâu theo nhóm: implementation thuộc RADOS/RBD/client/class, snapshot, diff và object-map.;
1332;v16.2.5;v16.2.15;src/librbd/crypto/BlockCrypto.cc;;M;M;5;2;FALSE;100644;100644;155c88ff8bc815dcf95d9c4bc263412d8e3af56d;0b74db04a1bb52d0aa87e6e93233c26511b1597e;10;10-rados-rbd-clients;P1;runtime/source;deep;Chọn đọc sâu theo nhóm: implementation thuộc RADOS/RBD/client/class, snapshot, diff và object-map.;
1333;v16.2.5;v16.2.15;src/librbd/crypto/CryptoImageDispatch.h;;M;M;9;12;FALSE;100644;100644;dae3dac853b1dcd7ab225c1df3f61e82bad431fb;c7d25f16a147fbce3a010b0ed29193e543ba8274;10;10-rados-rbd-clients;P1;runtime/source;deep;Chọn đọc sâu theo nhóm: implementation thuộc RADOS/RBD/client/class, snapshot, diff và object-map.;
1334;v16.2.5;v16.2.15;src/librbd/crypto/ShutDownCryptoRequest.cc;;M;M;4;7;FALSE;100644;100644;dad6e2fc192df55733494b1de0cde018064c9ff4;9277308e466afa406490fe67086060a0ddb48819;10;10-rados-rbd-clients;P1;runtime/source;deep;Chọn đọc sâu theo nhóm: implementation thuộc RADOS/RBD/client/class, snapshot, diff và object-map.;
1335;v16.2.5;v16.2.15;src/librbd/crypto/ShutDownCryptoRequest.h;;M;M;0;1;FALSE;100644;100644;68142800999d2f6e913e51e1211c05494ab88e1a;cf402c1b4eac404ba08b3ffc1863074fb41ffedd;10;10-rados-rbd-clients;P1;runtime/source;deep;Chọn đọc sâu theo nhóm: implementation thuộc RADOS/RBD/client/class, snapshot, diff và object-map.;
1336;v16.2.5;v16.2.15;src/librbd/crypto/luks/FormatRequest.cc;;M;M;1;2;FALSE;100644;100644;be2452fd924c37118e080332e857b434ed93ef2a;9c10df61f60abcc32581c8592a1093722fb7a34a;10;10-rados-rbd-clients;P1;runtime/source;deep;Chọn đọc sâu theo nhóm: implementation thuộc RADOS/RBD/client/class, snapshot, diff và object-map.;
1337;v16.2.5;v16.2.15;src/librbd/crypto/luks/Header.cc;;M;M;2;2;FALSE;100644;100644;6d00074efcf80157b98bb28f25019f44dade1104;ee8c8b555240bc0859e98e253b215ddcf6f4eeb6;10;10-rados-rbd-clients;P1;runtime/source;deep;Chọn đọc sâu theo nhóm: implementation thuộc RADOS/RBD/client/class, snapshot, diff và object-map.;
1338;v16.2.5;v16.2.15;src/librbd/crypto/openssl/DataCryptor.cc;;M;M;8;3;FALSE;100644;100644;0c164b048f9cdad73202183fa1254053ae243338;aa9427a79b8c07e30211c5357d8d5aa152a843c4;10;10-rados-rbd-clients;P1;runtime/source;deep;Chọn đọc sâu theo nhóm: implementation thuộc RADOS/RBD/client/class, snapshot, diff và object-map.;
1339;v16.2.5;v16.2.15;src/librbd/crypto/openssl/DataCryptor.h;;M;M;1;0;FALSE;100644;100644;c9a177ef595b4099609cf819cd40f9aa07cfc294;af69568835ee7f25d54f300baafc2a81b748cb9a;10;10-rados-rbd-clients;P1;runtime/source;deep;Chọn đọc sâu theo nhóm: implementation thuộc RADOS/RBD/client/class, snapshot, diff và object-map.;
1340;v16.2.5;v16.2.15;src/librbd/deep_copy/ImageCopyRequest.cc;;M;M;21;29;FALSE;100644;100644;2338dfde9d63bea340b6d096b423f619c30fa47c;6688083402cb6c4e9d997d1de5180a0e51490105;10;10-rados-rbd-clients;P1;runtime/source;deep;Chọn đọc sâu theo nhóm: implementation thuộc RADOS/RBD/client/class, snapshot, diff và object-map.;
1341;v16.2.5;v16.2.15;src/librbd/deep_copy/ImageCopyRequest.h;;M;M;1;1;FALSE;100644;100644;9b7934dd35adb9ae98ee3f0b7beb2015d7b2bd66;cb8b83781a5c55908df397fe4beb1444bf8fd1bb;10;10-rados-rbd-clients;P1;runtime/source;deep;Chọn đọc sâu theo nhóm: implementation thuộc RADOS/RBD/client/class, snapshot, diff và object-map.;
1342;v16.2.5;v16.2.15;src/librbd/exclusive_lock/ImageDispatch.cc;;M;M;11;9;FALSE;100644;100644;cd7f450f2751532677076413ab612c8378464f55;5939c7a8196822a613026f14a2c64796037c11ce;10;10-rados-rbd-clients;P1;runtime/source;deep;Chọn đọc sâu theo nhóm: implementation thuộc RADOS/RBD/client/class, snapshot, diff và object-map.;
1343;v16.2.5;v16.2.15;src/librbd/exclusive_lock/ImageDispatch.h;;M;M;5;6;FALSE;100644;100644;77c101973efe3e5722194622702e33ace621f68f;c0d9d49f54c4f53c547f3d8ba96e689664fa9898;10;10-rados-rbd-clients;P1;runtime/source;deep;Chọn đọc sâu theo nhóm: implementation thuộc RADOS/RBD/client/class, snapshot, diff và object-map.;
1344;v16.2.5;v16.2.15;src/librbd/exclusive_lock/PreReleaseRequest.cc;;M;M;2;1;FALSE;100644;100644;3adc3b54a45b248bd65338186bf94f72e4086611;a9cd1248a7cbc31c0aab2de01403af19bd133cd3;10;10-rados-rbd-clients;P1;runtime/source;deep;Chọn đọc sâu theo nhóm: implementation thuộc RADOS/RBD/client/class, snapshot, diff và object-map.;
1345;v16.2.5;v16.2.15;src/librbd/image/CreateRequest.cc;;M;M;1;2;FALSE;100644;100644;3d7c905a2c020027490b55904918c9f4b18c970a;3fc1aa6136df20796e71d664cacba52491ca162d;10;10-rados-rbd-clients;P1;runtime/source;deep;Chọn đọc sâu theo nhóm: implementation thuộc RADOS/RBD/client/class, snapshot, diff và object-map.;
1346;v16.2.5;v16.2.15;src/librbd/image/OpenRequest.cc;;M;M;0;1;FALSE;100644;100644;d34dd9ec89793ffaea1b2976565a2d488b68211f;70008d712ca69b5cf8edb892aa8dceebb2001e2e;10;10-rados-rbd-clients;P1;runtime/source;deep;Chọn đọc sâu theo nhóm: implementation thuộc RADOS/RBD/client/class, snapshot, diff và object-map.;
1347;v16.2.5;v16.2.15;src/librbd/image/RefreshRequest.cc;;M;M;59;29;FALSE;100644;100644;9b7138815af550a666672076173af9aaf1aa1b65;24159c55bf2825dfa24f555b1493937b28ff8999;10;10-rados-rbd-clients;P1;runtime/source;deep;Chọn đọc sâu theo nhóm: implementation thuộc RADOS/RBD/client/class, snapshot, diff và object-map.;
1348;v16.2.5;v16.2.15;src/librbd/image/RefreshRequest.h;;M;M;31;27;FALSE;100644;100644;6970a9b45626cd8e62759335cc45add3372f8084;42f4b4669ef2c98b48694759851255ad3790fea8;10;10-rados-rbd-clients;P1;runtime/source;deep;Chọn đọc sâu theo nhóm: implementation thuộc RADOS/RBD/client/class, snapshot, diff và object-map.;
1349;v16.2.5;v16.2.15;src/librbd/image/RemoveRequest.h;;M;M;1;1;FALSE;100644;100644;79512c932ce2ab7006aab11a1932add8b0f3023b;b03f8fc7c21cb48c4d4bd4b4585c9120fa39fd79;10;10-rados-rbd-clients;P1;runtime/source;deep;Chọn đọc sâu theo nhóm: implementation thuộc RADOS/RBD/client/class, snapshot, diff và object-map.;
1350;v16.2.5;v16.2.15;src/librbd/image/ValidatePoolRequest.cc;;M;M;11;12;FALSE;100644;100644;9e685dc477c7551ee6efba1f6ada7633e5fbe8fd;6f2872e256291422f14eac639dd272f0da49429b;10;10-rados-rbd-clients;P1;runtime/source;deep;Chọn đọc sâu theo nhóm: implementation thuộc RADOS/RBD/client/class, snapshot, diff và object-map.;
1351;v16.2.5;v16.2.15;src/librbd/image/ValidatePoolRequest.h;;M;M;2;5;FALSE;100644;100644;859bf4e13e3ee23de354177e66506f23ea4cc896;74f38441749068723f0f1bc675858d993a3a1a2c;10;10-rados-rbd-clients;P1;runtime/source;deep;Chọn đọc sâu theo nhóm: implementation thuộc RADOS/RBD/client/class, snapshot, diff và object-map.;
1352;v16.2.5;v16.2.15;src/librbd/internal.cc;;M;M;16;1;FALSE;100644;100644;db780956b561911c3f5f584a2ef139287008c97c;f9ba5474b955196b1f9d4ba900891f88295b09a5;10;10-rados-rbd-clients;P1;runtime/source;deep;Chọn đọc sâu theo nhóm: implementation thuộc RADOS/RBD/client/class, snapshot, diff và object-map.;
1353;v16.2.5;v16.2.15;src/librbd/io/ImageDispatch.cc;;M;M;20;21;FALSE;100644;100644;cc8519abeeeb88193f1811f6a21157a93f1b331e;3286618a4f2435a68847041da1c9601dddd3098b;10;10-rados-rbd-clients;P1;runtime/source;deep;Chọn đọc sâu theo nhóm: implementation thuộc RADOS/RBD/client/class, snapshot, diff và object-map.;
1354;v16.2.5;v16.2.15;src/librbd/io/ImageDispatch.h;;M;M;8;9;FALSE;100644;100644;3d302e9a62a0465739b8e14fb506b7daa327a251;4a89c605450eeed4af2817ebeaf221011e0eb2b2;10;10-rados-rbd-clients;P1;runtime/source;deep;Chọn đọc sâu theo nhóm: implementation thuộc RADOS/RBD/client/class, snapshot, diff và object-map.;
1355;v16.2.5;v16.2.15;src/librbd/io/ImageDispatchInterface.h;;M;M;8;9;FALSE;100644;100644;64cea861286d9ede047fea7e566bc61f2d89af42;7e2ae739960065d762afd2b57021804ac25f78b3;10;10-rados-rbd-clients;P1;runtime/source;deep;Chọn đọc sâu theo nhóm: implementation thuộc RADOS/RBD/client/class, snapshot, diff và object-map.;
1356;v16.2.5;v16.2.15;src/librbd/io/ImageDispatchSpec.h;;M;M;12;13;FALSE;100644;100644;ee95f21be63f75cfce67eb529afcddf8501220b5;8771f5bc6eca4439c41da0f1b3ea9a5dbdde1431;10;10-rados-rbd-clients;P1;runtime/source;deep;Chọn đọc sâu theo nhóm: implementation thuộc RADOS/RBD/client/class, snapshot, diff và object-map.;
1357;v16.2.5;v16.2.15;src/librbd/io/ImageDispatcher.cc;;M;M;9;12;FALSE;100644;100644;7060f8328fb539587dbb90b6df2627544707ed10;17dea5bf157ee70540e466d3c8468cadba097f17;10;10-rados-rbd-clients;P1;runtime/source;deep;Chọn đọc sâu theo nhóm: implementation thuộc RADOS/RBD/client/class, snapshot, diff và object-map.;
1358;v16.2.5;v16.2.15;src/librbd/io/ImageRequest.cc;;M;M;57;65;FALSE;100644;100644;5f8d2f0da39bf750c61febc46c56338762aa869a;82b5254ec43e3ffaca8c619456c3d45dde5cc303;10;10-rados-rbd-clients;P1;runtime/source;deep;Chọn đọc sâu theo nhóm: implementation thuộc RADOS/RBD/client/class, snapshot, diff và object-map.;
1359;v16.2.5;v16.2.15;src/librbd/io/ImageRequest.h;;M;M;35;48;FALSE;100644;100644;2c05c3847f0d98fb7733e0082fb63472713c1eb9;bf0b9d72ff9214b847b2bef963e897dd77016c0a;10;10-rados-rbd-clients;P1;runtime/source;deep;Chọn đọc sâu theo nhóm: implementation thuộc RADOS/RBD/client/class, snapshot, diff và object-map.;
1360;v16.2.5;v16.2.15;src/librbd/io/ObjectRequest.cc;;M;M;8;7;FALSE;100644;100644;87c3cd7dd5289acb1f4368710eda768804f0007a;68ae5e27e4d6e022233a2781cacf5289a65ba974;10;10-rados-rbd-clients;P1;runtime/source;deep;Chọn đọc sâu theo nhóm: implementation thuộc RADOS/RBD/client/class, snapshot, diff và object-map.;
1361;v16.2.5;v16.2.15;src/librbd/io/QosImageDispatch.cc;;M;M;8;9;FALSE;100644;100644;9ca88ac1916aa0c625ffd6526818f29c0d33b2a6;2b8ec7bbd0a25755e19c404f2797723ffb1029d6;10;10-rados-rbd-clients;P1;runtime/source;deep;Chọn đọc sâu theo nhóm: implementation thuộc RADOS/RBD/client/class, snapshot, diff và object-map.;
1362;v16.2.5;v16.2.15;src/librbd/io/QosImageDispatch.h;;M;M;8;9;FALSE;100644;100644;baf16da02be0e9c73d5b9c8c95982cdbec323fc4;0ca6634cf15073f3cfe9ed605e996bd5413d48b2;10;10-rados-rbd-clients;P1;runtime/source;deep;Chọn đọc sâu theo nhóm: implementation thuộc RADOS/RBD/client/class, snapshot, diff và object-map.;
1363;v16.2.5;v16.2.15;src/librbd/io/QueueImageDispatch.cc;;M;M;7;8;FALSE;100644;100644;e80d39e44210e64994ae3a66b9c5877aa4e2b2a0;ea5ed63b4be5092c7360442a31b536737ca73909;10;10-rados-rbd-clients;P1;runtime/source;deep;Chọn đọc sâu theo nhóm: implementation thuộc RADOS/RBD/client/class, snapshot, diff và object-map.;
1364;v16.2.5;v16.2.15;src/librbd/io/QueueImageDispatch.h;;M;M;8;9;FALSE;100644;100644;60ee467502dad5e0fed87fe43e6e9b87409c6cf4;9a41927ba379b54582d0fd1500afd85f884f4cf1;10;10-rados-rbd-clients;P1;runtime/source;deep;Chọn đọc sâu theo nhóm: implementation thuộc RADOS/RBD/client/class, snapshot, diff và object-map.;
1365;v16.2.5;v16.2.15;src/librbd/io/RefreshImageDispatch.cc;;M;M;8;9;FALSE;100644;100644;5199f01d85d8f257cad62e86d9ce84103f856bdd;3141faf2526f6745c408964f48e57d31ed5ba2e2;10;10-rados-rbd-clients;P1;runtime/source;deep;Chọn đọc sâu theo nhóm: implementation thuộc RADOS/RBD/client/class, snapshot, diff và object-map.;
1366;v16.2.5;v16.2.15;src/librbd/io/RefreshImageDispatch.h;;M;M;8;9;FALSE;100644;100644;1bcb3c312cf7ae7997be8b10919bacea011d90d5;668dec4195a4dfc479491d080e8d557533e8767a;10;10-rados-rbd-clients;P1;runtime/source;deep;Chọn đọc sâu theo nhóm: implementation thuộc RADOS/RBD/client/class, snapshot, diff và object-map.;
1367;v16.2.5;v16.2.15;src/librbd/io/SimpleSchedulerObjectDispatch.cc;;M;M;2;1;FALSE;100644;100644;6b50c46ad528214ee20f4eb9c548b2437ad608b2;cd2ffb1975d183ad2f60aeb586d7209058227c59;10;10-rados-rbd-clients;P1;runtime/source;deep;Chọn đọc sâu theo nhóm: implementation thuộc RADOS/RBD/client/class, snapshot, diff và object-map.;
1368;v16.2.5;v16.2.15;src/librbd/io/TypeTraits.h;;M;M;1;1;FALSE;100644;100644;34703158a3e68abf20b298fd336bc2de1b3292cb;2f3a6b7efcf2959e6eaea41eab9a3f2e51b4c305;10;10-rados-rbd-clients;P1;runtime/source;deep;Chọn đọc sâu theo nhóm: implementation thuộc RADOS/RBD/client/class, snapshot, diff và object-map.;
1369;v16.2.5;v16.2.15;src/librbd/io/WriteBlockImageDispatch.cc;;M;M;8;9;FALSE;100644;100644;4439a15a797edd41978f45909fbc0878886d6037;57d181d20e30df99d015311fae805b6c10f38ede;10;10-rados-rbd-clients;P1;runtime/source;deep;Chọn đọc sâu theo nhóm: implementation thuộc RADOS/RBD/client/class, snapshot, diff và object-map.;
1370;v16.2.5;v16.2.15;src/librbd/io/WriteBlockImageDispatch.h;;M;M;8;9;FALSE;100644;100644;9d200fb975306c624696eda3f1f1f9ca95d70aa5;b1d0ddb0ed094c9ad2692c118233c95e64e7581e;10;10-rados-rbd-clients;P1;runtime/source;deep;Chọn đọc sâu theo nhóm: implementation thuộc RADOS/RBD/client/class, snapshot, diff và object-map.;
1371;v16.2.5;v16.2.15;src/librbd/journal/CreateRequest.h;;M;M;1;1;FALSE;100644;100644;8a4e40f88c442d37bdfae5653f87df37f8e987ba;6fab409c43021792ce49acc8e8753104853b5b35;10;10-rados-rbd-clients;P1;runtime/source;deep;Chọn đọc sâu theo nhóm: implementation thuộc RADOS/RBD/client/class, snapshot, diff và object-map.;
1372;v16.2.5;v16.2.15;src/librbd/journal/RemoveRequest.h;;M;M;1;1;FALSE;100644;100644;13dff87a08e7e548675eb2ad7781e6564d7ef2e7;14b1c4dc59e6db8c19d7bd3c9fd9ebb50eec2b86;10;10-rados-rbd-clients;P1;runtime/source;deep;Chọn đọc sâu theo nhóm: implementation thuộc RADOS/RBD/client/class, snapshot, diff và object-map.;
1373;v16.2.5;v16.2.15;src/librbd/journal/Replay.cc;;M;M;4;8;FALSE;100644;100644;db73edb610947e6f77258a5ccdeeacb65892ed23;93f3d6ca95ef97eb31fc37bd6715f17c8433529d;10;10-rados-rbd-clients;P1;runtime/source;deep;Chọn đọc sâu theo nhóm: implementation thuộc RADOS/RBD/client/class, snapshot, diff và object-map.;
1374;v16.2.5;v16.2.15;src/librbd/journal/ResetRequest.h;;M;M;1;1;FALSE;100644;100644;44f5ac8a6bd7e07545b565eec8b56f10217f33aa;f9331f6446490ff3884ba4decd45a3dfe74b983f;10;10-rados-rbd-clients;P1;runtime/source;deep;Chọn đọc sâu theo nhóm: implementation thuộc RADOS/RBD/client/class, snapshot, diff và object-map.;
1375;v16.2.5;v16.2.15;src/librbd/librbd.cc;;M;M;41;31;FALSE;100644;100644;f099143d24600ce33981a34eec54c338570442d0;eb2df58e7987bd637eaa5190d676a41d2c7c4ede;10;10-rados-rbd-clients;P1;runtime/source;deep;Chọn đọc sâu theo nhóm: implementation thuộc RADOS/RBD/client/class, snapshot, diff và object-map.;
1376;v16.2.5;v16.2.15;src/librbd/managed_lock/GetLockerRequest.cc;;M;M;5;5;FALSE;100644;100644;6b2c27342bff1a912639ee9ca0cae8db1bf21e61;ea898ab96fdecd75d50326f2cf5282ce3cb2187a;10;10-rados-rbd-clients;P1;runtime/source;deep;Chọn đọc sâu theo nhóm: implementation thuộc RADOS/RBD/client/class, snapshot, diff và object-map.;
1377;v16.2.5;v16.2.15;src/librbd/migration/ImageDispatch.cc;;M;M;5;6;FALSE;100644;100644;3aa2eeb0bcb0a9a7096b53cc985f1ec7069758cf;1ae143d78615a1c56603f2b5c76b3dcdbfb79b9c;10;10-rados-rbd-clients;P1;runtime/source;deep;Chọn đọc sâu theo nhóm: implementation thuộc RADOS/RBD/client/class, snapshot, diff và object-map.;
1378;v16.2.5;v16.2.15;src/librbd/migration/ImageDispatch.h;;M;M;5;6;FALSE;100644;100644;03bb3aa5213739060ff7dde38ea285a12f533384;cd96141c0cc749e13b5169d456953ea1a9963404;10;10-rados-rbd-clients;P1;runtime/source;deep;Chọn đọc sâu theo nhóm: implementation thuộc RADOS/RBD/client/class, snapshot, diff và object-map.;
1379;v16.2.5;v16.2.15;src/librbd/mirror/PromoteRequest.cc;;M;M;2;1;FALSE;100644;100644;b7ae9366e20e4f073fdea0f6ce3505c4705eced1;b119e4edcd95b3d761ea738743d173d66602b018;10;10-rados-rbd-clients;P1;runtime/source;deep;Chọn đọc sâu theo nhóm: implementation thuộc RADOS/RBD/client/class, snapshot, diff và object-map.;
1380;v16.2.5;v16.2.15;src/librbd/mirror/snapshot/CreatePrimaryRequest.cc;;M;M;54;50;FALSE;100644;100644;13f7894156ed16cc91513668cad470a9c0b384c9;7c88ea1ce0a6b1e3157d6e51eaa0db152f2b1b45;10;10-rados-rbd-clients;P1;runtime/source;deep;Chọn đọc sâu theo nhóm: implementation thuộc RADOS/RBD/client/class, snapshot, diff và object-map.;
1381;v16.2.5;v16.2.15;src/librbd/mirror/snapshot/PromoteRequest.h;;M;M;1;1;FALSE;100644;100644;9fdd5ed71a5d9c1d893c9d3f8dc9dc80e27b9a65;1d9a862a0afb3ef53390ab6f88f4b3d27d434743;10;10-rados-rbd-clients;P1;runtime/source;deep;Chọn đọc sâu theo nhóm: implementation thuộc RADOS/RBD/client/class, snapshot, diff và object-map.;
1382;v16.2.5;v16.2.15;src/librbd/mirror/snapshot/UnlinkPeerRequest.cc;;M;M;38;43;FALSE;100644;100644;6e1884249360690f5a6e8f7696471eed14eeaaff;4c5c50e6439748fe289c550e2d697f3de3daf671;10;10-rados-rbd-clients;P1;runtime/source;deep;Chọn đọc sâu theo nhóm: implementation thuộc RADOS/RBD/client/class, snapshot, diff và object-map.;
1383;v16.2.5;v16.2.15;src/librbd/mirror/snapshot/UnlinkPeerRequest.h;;M;M;10;7;FALSE;100644;100644;9ef47269d87609e51e3ab85d271c59b89e5f127a;192b40d6e5e676a6357e365695868f5b3fb386fc;10;10-rados-rbd-clients;P1;runtime/source;deep;Chọn đọc sâu theo nhóm: implementation thuộc RADOS/RBD/client/class, snapshot, diff và object-map.;
1384;v16.2.5;v16.2.15;src/librbd/object_map/DiffRequest.cc;;M;M;249;131;FALSE;100644;100644;a8331bc5afc47490be536917cebdac7f18c55832;488e355b912ce6718d8aeb6cc3c6a6c463a12c3a;10;10-rados-rbd-clients;P1;runtime/source;deep;Chọn đọc sâu theo nhóm: implementation thuộc RADOS/RBD/client/class, snapshot, diff và object-map.;
1385;v16.2.5;v16.2.15;src/librbd/object_map/DiffRequest.h;;M;M;16;13;FALSE;100644;100644;e83a1629e62339023c81090a9f7e3ec767d54cde;740f4e02a11742b279fb12c3a5eb5ed9041907fc;10;10-rados-rbd-clients;P1;runtime/source;deep;Chọn đọc sâu theo nhóm: implementation thuộc RADOS/RBD/client/class, snapshot, diff và object-map.;
1386;v16.2.5;v16.2.15;src/librbd/object_map/Types.h;;M;M;11;4;FALSE;100644;100644;0ce91bd96a1c140ecc0cf94f5e9c49bcb5984ce2;576ea0e4b6b70f774db57a5c46f0eb6b888db8aa;10;10-rados-rbd-clients;P1;runtime/source;deep;Chọn đọc sâu theo nhóm: implementation thuộc RADOS/RBD/client/class, snapshot, diff và object-map.;
1387;v16.2.5;v16.2.15;src/librbd/operation/SnapshotRemoveRequest.cc;;M;M;3;2;FALSE;100644;100644;b78be8a0af6bb4fb403d52a9139ea31d263d5ca3;a8bb8fa7996214971146c8059d44cf125d8888d1;10;10-rados-rbd-clients;P1;runtime/source;deep;Chọn đọc sâu theo nhóm: implementation thuộc RADOS/RBD/client/class, snapshot, diff và object-map.;
1388;v16.2.5;v16.2.15;src/librbd/plugin/Api.h;;M;M;1;2;FALSE;100644;100644;2d55c17c19fe06128bbdd1a46e57d62a42f61bef;04f77e5c3e76d6ff34e93c0ea9f298ccffd70cc8;10;10-rados-rbd-clients;P1;runtime/source;deep;Chọn đọc sâu theo nhóm: implementation thuộc RADOS/RBD/client/class, snapshot, diff và object-map.;
1389;v16.2.5;v16.2.15;src/log/Entry.h;;M;M;1;1;FALSE;100644;100644;536f1a9dc8a223956c3450545484794eb739b154;3677c8eb9518040644ae3b95ed253561e23fc78a;5;05-messaging-auth-common;P1;runtime/source;deep;Chọn đọc sâu theo nhóm: implementation thuộc messenger, messages, auth, encode/decode và common runtime.;
1390;v16.2.5;v16.2.15;src/log/Log.cc;;M;M;118;12;FALSE;100644;100644;28f1dbf21e328f91b6b0c2ec7389a561a7af9271;a6880161a3c88121cc3840989a73b391aea907af;5;05-messaging-auth-common;P1;runtime/source;deep;Chọn đọc sâu theo nhóm: implementation thuộc messenger, messages, auth, encode/decode và common runtime.;
1391;v16.2.5;v16.2.15;src/log/Log.h;;M;M;50;42;FALSE;100644;100644;5eeed410171bf93f1cc24b3de3cc2ea425a8e432;6ec8b55757c270400725e87e96d0b3067a6cc02c;5;05-messaging-auth-common;P1;runtime/source;deep;Chọn đọc sâu theo nhóm: implementation thuộc messenger, messages, auth, encode/decode và common runtime.;
1392;v16.2.5;v16.2.15;src/log/test.cc;;M;M;123;0;FALSE;100644;100644;a2169543b162f0af93be53531d63fd1c15e59a4d;5b1793e4bb5140610f752b17627fd3a718bab751;5;05-messaging-auth-common;P1;runtime/source;deep;Chọn đọc sâu theo nhóm: implementation thuộc messenger, messages, auth, encode/decode và common runtime.;
1393;v16.2.5;v16.2.15;src/mds/Beacon.cc;;M;M;31;4;FALSE;100644;100644;89654759187ace4338b4bfafc7a428a37e38eab9;ffd3056b697cf1c8c544433c320ca345ce0c88d4;11;11-cephfs-mds;P1;runtime/source;deep;Chọn đọc sâu theo nhóm: implementation thuộc CephFS/MDS/client, session, caps, volumes và NFS.;
1394;v16.2.5;v16.2.15;src/mds/CDentry.cc;;M;M;62;0;FALSE;100644;100644;7d8170f73167ab12c299e9ffa496b7bdcf1d9f55;6f57afc79919e20ed8866bf3af83bd1adf8ab8b6;11;11-cephfs-mds;P1;runtime/source;deep;Chọn đọc sâu theo nhóm: implementation thuộc CephFS/MDS/client, session, caps, volumes và NFS.;
1395;v16.2.5;v16.2.15;src/mds/CDentry.h;;M;M;7;0;FALSE;100644;100644;dff250bcac332f2309492a4fae84f43c36dac842;3312c051b0a30967c503a56e855014ccfcf46e8e;11;11-cephfs-mds;P1;runtime/source;deep;Chọn đọc sâu theo nhóm: implementation thuộc CephFS/MDS/client, session, caps, volumes và NFS.;
1396;v16.2.5;v16.2.15;src/mds/CDir.cc;;M;M;94;59;FALSE;100644;100644;ef3e6a0d0c27f395ecd6c9f752ab389de917130d;718b5aaece6daa7a85583a74fd0f62574cea31ae;11;11-cephfs-mds;P1;runtime/source;deep;Chọn đọc sâu theo nhóm: implementation thuộc CephFS/MDS/client, session, caps, volumes và NFS.;
1397;v16.2.5;v16.2.15;src/mds/CDir.h;;M;M;7;7;FALSE;100644;100644;a6793e6a8377dc67bd8f97200b75612dd0fd5064;7817ea398302fe20069ebe95b3e8daf7e9272a86;11;11-cephfs-mds;P1;runtime/source;deep;Chọn đọc sâu theo nhóm: implementation thuộc CephFS/MDS/client, session, caps, volumes và NFS.;
1398;v16.2.5;v16.2.15;src/mds/CInode.cc;;M;M;17;4;FALSE;100644;100644;4e47fdf7869aa26dd91f1dee0febbb9226b29f9b;05066dd711973b0f538a2c025b036e820aef14c9;11;11-cephfs-mds;P1;runtime/source;deep;Chọn đọc sâu theo nhóm: implementation thuộc CephFS/MDS/client, session, caps, volumes và NFS.;
1399;v16.2.5;v16.2.15;src/mds/CInode.h;;M;M;1;0;FALSE;100644;100644;fcf215c709bb25ca66866fcd43b97523d7f66fe3;0487d4a0762638c9f7f8e0b15271ab607018c94f;11;11-cephfs-mds;P1;runtime/source;deep;Chọn đọc sâu theo nhóm: implementation thuộc CephFS/MDS/client, session, caps, volumes và NFS.;
1400;v16.2.5;v16.2.15;src/mds/Capability.cc;;M;M;45;0;FALSE;100644;100644;b6258e466df38b6013edb1950b01ffcb4a95dff2;de2a16e1ab19870bdcb7dc9d4a94dcfae6cb4168;11;11-cephfs-mds;P1;runtime/source;deep;Chọn đọc sâu theo nhóm: implementation thuộc CephFS/MDS/client, session, caps, volumes và NFS.;
1401;v16.2.5;v16.2.15;src/mds/Capability.h;;M;M;1;28;FALSE;100644;100644;f7119f002e1381698343a029c2a8ede2b6b4cf7d;3fd6d2ce6d4f0d5924d839099098bd618da68dab;11;11-cephfs-mds;P1;runtime/source;deep;Chọn đọc sâu theo nhóm: implementation thuộc CephFS/MDS/client, session, caps, volumes và NFS.;
1402;v16.2.5;v16.2.15;src/mds/DamageTable.cc;;M;M;8;10;FALSE;100644;100644;150ad5764825712d592e0ac98220d121dfa57a0e;22802079d85d4879b64bfdf71d3cbc4167b9cf69;11;11-cephfs-mds;P1;runtime/source;deep;Chọn đọc sâu theo nhóm: implementation thuộc CephFS/MDS/client, session, caps, volumes và NFS.;
1403;v16.2.5;v16.2.15;src/mds/FSMap.cc;;M;M;89;52;FALSE;100644;100644;2a3c674e92465e50833f5b2eae8780879525ea46;d16ffd3f03f49b8cfcdeae61970a43b26c136a8c;11;11-cephfs-mds;P1;runtime/source;deep;Chọn đọc sâu theo nhóm: implementation thuộc CephFS/MDS/client, session, caps, volumes và NFS.;
1404;v16.2.5;v16.2.15;src/mds/FSMap.h;;M;M;54;27;FALSE;100644;100644;8a3a6b69cb4e2c316c3aabb76a81cb00df8db07f;f6c24e4d45eda94e4d8f15d54cbfe46250bae630;11;11-cephfs-mds;P1;runtime/source;deep;Chọn đọc sâu theo nhóm: implementation thuộc CephFS/MDS/client, session, caps, volumes và NFS.;
1405;v16.2.5;v16.2.15;src/mds/Locker.cc;;M;M;76;45;FALSE;100644;100644;e6b6e41c2a7a2b9d91b2d8203c3678accee2aad0;b40b1647d84d924178cbf777f92285da676bcc59;11;11-cephfs-mds;P1;runtime/source;deep;Chọn đọc sâu theo nhóm: implementation thuộc CephFS/MDS/client, session, caps, volumes và NFS.;
1406;v16.2.5;v16.2.15;src/mds/Locker.h;;M;M;4;2;FALSE;100644;100644;9cc0b80ef7b132ed062b380fbb7c8bc424f958e7;3aff8db0bf17b9045380a3d0fef6c500da78f031;11;11-cephfs-mds;P1;runtime/source;deep;Chọn đọc sâu theo nhóm: implementation thuộc CephFS/MDS/client, session, caps, volumes và NFS.;
1407;v16.2.5;v16.2.15;src/mds/MDBalancer.cc;;M;M;14;1;FALSE;100644;100644;90e67127cb05338aa53b14ae038e8d8534df4a22;383884c2ce47fd4f615c19c6ce0a69644335e92b;11;11-cephfs-mds;P1;runtime/source;deep;Chọn đọc sâu theo nhóm: implementation thuộc CephFS/MDS/client, session, caps, volumes và NFS.;
1408;v16.2.5;v16.2.15;src/mds/MDBalancer.h;;M;M;2;0;FALSE;100644;100644;d8834fce43c91a2ad86d2289099e6e3499d5ba3b;d9172e565e1084542e299085a32047202d2fed4b;11;11-cephfs-mds;P1;runtime/source;deep;Chọn đọc sâu theo nhóm: implementation thuộc CephFS/MDS/client, session, caps, volumes và NFS.;
1409;v16.2.5;v16.2.15;src/mds/MDCache.cc;;M;M;128;69;FALSE;100644;100644;b368dff83ebe0057c45dd8180808b7d7329d45ae;4da1fc8f0b38ff4b755576e5e28581da503b72ad;11;11-cephfs-mds;P1;runtime/source;deep;Chọn đọc sâu theo nhóm: implementation thuộc CephFS/MDS/client, session, caps, volumes và NFS.;
1410;v16.2.5;v16.2.15;src/mds/MDCache.h;;M;M;26;2;FALSE;100644;100644;1805c54e39602045b32e4872cd47a06cbbfa544b;9bfab20e8b722415535b1bce609467d836ef161d;11;11-cephfs-mds;P1;runtime/source;deep;Chọn đọc sâu theo nhóm: implementation thuộc CephFS/MDS/client, session, caps, volumes và NFS.;
1411;v16.2.5;v16.2.15;src/mds/MDLog.cc;;M;M;46;47;FALSE;100644;100644;1be70934fd2405ac89511463cb89e83390598310;25413ee5bbec4677a6b5f7135d158230afbdade6;11;11-cephfs-mds;P1;runtime/source;deep;Chọn đọc sâu theo nhóm: implementation thuộc CephFS/MDS/client, session, caps, volumes và NFS.;
1412;v16.2.5;v16.2.15;src/mds/MDLog.h;;M;M;7;4;FALSE;100644;100644;bb91c39e2cd717919b3d35b43a74b654058ac06d;dcc6e3f1b41d93024a0b57aaf7de5baec86a6641;11;11-cephfs-mds;P1;runtime/source;deep;Chọn đọc sâu theo nhóm: implementation thuộc CephFS/MDS/client, session, caps, volumes và NFS.;
1413;v16.2.5;v16.2.15;src/mds/MDSAuthCaps.cc;;M;M;8;10;FALSE;100644;100644;b78ebd6615b792f8ec9be0d99893e7d10f03df3c;d6bc6abe429bd98ed74196ebf64f7f7b66d23418;11;11-cephfs-mds;P1;runtime/source;deep;Chọn đọc sâu theo nhóm: implementation thuộc CephFS/MDS/client, session, caps, volumes và NFS.;
1414;v16.2.5;v16.2.15;src/mds/MDSAuthCaps.h;;M;M;2;4;FALSE;100644;100644;395c921fd5fe25f1dc0ab33afc51067d747892a2;5fcbb1f2fbbf0d12cc6cd328b9d4e8f091a5b2dc;11;11-cephfs-mds;P1;runtime/source;deep;Chọn đọc sâu theo nhóm: implementation thuộc CephFS/MDS/client, session, caps, volumes và NFS.;
1415;v16.2.5;v16.2.15;src/mds/MDSContext.cc;;M;M;1;0;FALSE;100644;100644;fcf6f764fe4c1cf2538a9f89b547f475eca953d6;210c836b1fca821d1ae972b7b6650983341e665e;11;11-cephfs-mds;P1;runtime/source;deep;Chọn đọc sâu theo nhóm: implementation thuộc CephFS/MDS/client, session, caps, volumes và NFS.;
1416;v16.2.5;v16.2.15;src/mds/MDSDaemon.cc;;M;M;8;4;FALSE;100644;100644;8b653c063f5dabce03a84cc6556328ed65358a5f;198c5f16452123e6a9e847a134af478aff5438b2;11;11-cephfs-mds;P1;runtime/source;deep;Chọn đọc sâu theo nhóm: implementation thuộc CephFS/MDS/client, session, caps, volumes và NFS.;
1417;v16.2.5;v16.2.15;src/mds/MDSDaemon.h;;M;M;4;3;FALSE;100644;100644;d92658934bd85227c525a75dafcd8d25f5871dca;35a9330f1b59145b39176139d8325568502e56cf;11;11-cephfs-mds;P1;runtime/source;deep;Chọn đọc sâu theo nhóm: implementation thuộc CephFS/MDS/client, session, caps, volumes và NFS.;
1418;v16.2.5;v16.2.15;src/mds/MDSMap.cc;;M;M;85;23;FALSE;100644;100644;d372786eed97bab64b624069a233ad64e4992554;f611d86a5ba640544d6c89f79d69a8ee6b7dfbc5;11;11-cephfs-mds;P1;runtime/source;deep;Chọn đọc sâu theo nhóm: implementation thuộc CephFS/MDS/client, session, caps, volumes và NFS.;
1419;v16.2.5;v16.2.15;src/mds/MDSMap.h;;M;M;35;20;FALSE;100644;100644;fde5e2c4279da69dc600ea15dac79a942bf788ce;3b2ad1bfd693007fb7f78d03c704617ebf24bfc8;11;11-cephfs-mds;P1;runtime/source;deep;Chọn đọc sâu theo nhóm: implementation thuộc CephFS/MDS/client, session, caps, volumes và NFS.;
1420;v16.2.5;v16.2.15;src/mds/MDSMetaRequest.h;;A;A;33;0;FALSE;0;100644;0;ad4720410686943fa882608c7eadc2335fd85c0d;11;11-cephfs-mds;P1;runtime/source;deep;Chọn đọc sâu theo nhóm: implementation thuộc CephFS/MDS/client, session, caps, volumes và NFS.;
1421;v16.2.5;v16.2.15;src/mds/MDSPerfMetricTypes.h;;M;M;107;11;FALSE;100644;100644;de69a4277b4aa958f40239df893f6444f1f12c24;78b838c892d92f4166528cf73fe6149b374782c5;11;11-cephfs-mds;P1;runtime/source;deep;Chọn đọc sâu theo nhóm: implementation thuộc CephFS/MDS/client, session, caps, volumes và NFS.;
1422;v16.2.5;v16.2.15;src/mds/MDSRank.cc;;M;M;138;30;FALSE;100644;100644;f085e266979c0ed25abce20050606fa9a4e3bdf4;4f2e13b90be7ff09dd5a65c872c54ac72c88b507;11;11-cephfs-mds;P1;runtime/source;deep;Chọn đọc sâu theo nhóm: implementation thuộc CephFS/MDS/client, session, caps, volumes và NFS.;
1423;v16.2.5;v16.2.15;src/mds/MDSRank.h;;M;M;41;12;FALSE;100644;100644;7ec785c14ffccddaed7c1e7a0a974408d0ca6e4b;31effdaae3bd68c74485afe45dc21aef9f7a8542;11;11-cephfs-mds;P1;runtime/source;deep;Chọn đọc sâu theo nhóm: implementation thuộc CephFS/MDS/client, session, caps, volumes và NFS.;
1424;v16.2.5;v16.2.15;src/mds/MDSTableClient.h;;M;M;4;0;FALSE;100644;100644;2952ec4069d20d72c285926d5796e04e553315bb;0bc88aaf29fed5d2ccc476a0211b088c9f795de1;11;11-cephfs-mds;P1;runtime/source;deep;Chọn đọc sâu theo nhóm: implementation thuộc CephFS/MDS/client, session, caps, volumes và NFS.;
1425;v16.2.5;v16.2.15;src/mds/Mantle.cc;;M;M;5;0;FALSE;100644;100644;653d47d6665edcac205a162ff1ca973938f2d2ea;e9033bbd94c1478ce7eb4eae82ab20c36e242632;11;11-cephfs-mds;P1;runtime/source;deep;Chọn đọc sâu theo nhóm: implementation thuộc CephFS/MDS/client, session, caps, volumes và NFS.;
1426;v16.2.5;v16.2.15;src/mds/MetricAggregator.cc;;M;M;48;0;FALSE;100644;100644;8d98db5fd49d09586ff06d1bf730c851bdc14e96;6487084fb639cde750ce7e22e643056bf630ebd1;11;11-cephfs-mds;P1;runtime/source;deep;Chọn đọc sâu theo nhóm: implementation thuộc CephFS/MDS/client, session, caps, volumes và NFS.;
1427;v16.2.5;v16.2.15;src/mds/MetricsHandler.cc;;M;M;62;11;FALSE;100644;100644;f003c5459576b01cefb87af3d99b0cec2cc8db57;b28b06b7ad294cbe0225b1d47ac3ea2d47c1dad4;11;11-cephfs-mds;P1;runtime/source;deep;Chọn đọc sâu theo nhóm: implementation thuộc CephFS/MDS/client, session, caps, volumes và NFS.;
1428;v16.2.5;v16.2.15;src/mds/MetricsHandler.h;;M;M;2;0;FALSE;100644;100644;65bcf488b5f064fb7c958155e43fef28700c0538;0b75b0248607703bdb92d0e5bf17e9b352436525;11;11-cephfs-mds;P1;runtime/source;deep;Chọn đọc sâu theo nhóm: implementation thuộc CephFS/MDS/client, session, caps, volumes và NFS.;
1429;v16.2.5;v16.2.15;src/mds/Migrator.cc;;M;M;0;2;FALSE;100644;100644;13bd2652aab2a947e0d1c5c00bb9095c97b0ee17;af4ac061f691aad3b7d759a5fad43ad3e0ffab7b;11;11-cephfs-mds;P1;runtime/source;deep;Chọn đọc sâu theo nhóm: implementation thuộc CephFS/MDS/client, session, caps, volumes và NFS.;
1430;v16.2.5;v16.2.15;src/mds/Mutation.h;;M;M;7;0;FALSE;100644;100644;6d4073aafb3e1e1a444116d6ba2446a18f94f6f9;16b0700e151bad63eccd1228b38797b8ebb176cf;11;11-cephfs-mds;P1;runtime/source;deep;Chọn đọc sâu theo nhóm: implementation thuộc CephFS/MDS/client, session, caps, volumes và NFS.;
1431;v16.2.5;v16.2.15;src/mds/OpenFileTable.cc;;M;M;13;5;FALSE;100644;100644;d3b0a33bbb56762f57a1dea65d5e668f761ee9d3;687ddc3e95d47fbbdbe8723c05343cdd06f0dabf;11;11-cephfs-mds;P1;runtime/source;deep;Chọn đọc sâu theo nhóm: implementation thuộc CephFS/MDS/client, session, caps, volumes và NFS.;
1432;v16.2.5;v16.2.15;src/mds/OpenFileTable.h;;M;M;0;1;FALSE;100644;100644;058055575e4854508dd20f3642cec837de78251c;bfe7e098fed16aa0080b8c9729b55edfe581d633;11;11-cephfs-mds;P1;runtime/source;deep;Chọn đọc sâu theo nhóm: implementation thuộc CephFS/MDS/client, session, caps, volumes và NFS.;
1433;v16.2.5;v16.2.15;src/mds/PurgeQueue.cc;;M;M;7;8;FALSE;100644;100644;977be2c118c51e450ce12769d691ac6f551714ce;dfa5764c01d036b7d977ae9dbd55df8d85299090;11;11-cephfs-mds;P1;runtime/source;deep;Chọn đọc sâu theo nhóm: implementation thuộc CephFS/MDS/client, session, caps, volumes và NFS.;
1434;v16.2.5;v16.2.15;src/mds/ScrubHeader.h;;M;M;4;2;FALSE;100644;100644;eb79090b0073c2f691725d5c3bd9c588b7f57a70;a5d35f61ce4281a63a9f87c37bae20e6f255ad2a;11;11-cephfs-mds;P1;runtime/source;deep;Chọn đọc sâu theo nhóm: implementation thuộc CephFS/MDS/client, session, caps, volumes và NFS.;
1435;v16.2.5;v16.2.15;src/mds/ScrubStack.cc;;M;M;66;6;FALSE;100644;100644;84441fcf6620350c1fef7329e7dd79d672ffba62;9df6443aea0356ad2a06804164e7921d1c4d4b8d;11;11-cephfs-mds;P1;runtime/source;deep;Chọn đọc sâu theo nhóm: implementation thuộc CephFS/MDS/client, session, caps, volumes và NFS.;
1436;v16.2.5;v16.2.15;src/mds/ScrubStack.h;;M;M;2;0;FALSE;100644;100644;62a4a529944d21ee8c1de0b290f8757138c07da6;756ebd9cb0e95975be54e6996a13984a5bc715b2;11;11-cephfs-mds;P1;runtime/source;deep;Chọn đọc sâu theo nhóm: implementation thuộc CephFS/MDS/client, session, caps, volumes và NFS.;
1437;v16.2.5;v16.2.15;src/mds/Server.cc;;M;M;691;159;FALSE;100644;100644;37aaef04a30ae8cff1323da8bd6298a0f088e507;dbb0067020d4e386ed2b4495662ad689a63f2926;11;11-cephfs-mds;P1;runtime/source;deep;Chọn đọc sâu theo nhóm: implementation thuộc CephFS/MDS/client, session, caps, volumes và NFS.;
1438;v16.2.5;v16.2.15;src/mds/Server.h;;M;M;56;4;FALSE;100644;100644;7297fd56b62313a8907844df9dd39b1253ddfa54;a3da04cae9834c59355029670efe1e44df30e9d0;11;11-cephfs-mds;P1;runtime/source;deep;Chọn đọc sâu theo nhóm: implementation thuộc CephFS/MDS/client, session, caps, volumes và NFS.;
1439;v16.2.5;v16.2.15;src/mds/SessionMap.cc;;M;M;67;15;FALSE;100644;100644;b96fc37d60784f6843ad6a5f31ce50a350d550d1;76678c624aab1d78a2ae8faf86be7ad5c738f4d8;11;11-cephfs-mds;P1;runtime/source;deep;Chọn đọc sâu theo nhóm: implementation thuộc CephFS/MDS/client, session, caps, volumes và NFS.;
1440;v16.2.5;v16.2.15;src/mds/SessionMap.h;;M;M;12;1;FALSE;100644;100644;e59f7f26484501083d98d76ea31e5415c75feb25;360dd66a27bb5c24dc3696822d01381450cbf1c8;11;11-cephfs-mds;P1;runtime/source;deep;Chọn đọc sâu theo nhóm: implementation thuộc CephFS/MDS/client, session, caps, volumes và NFS.;
1441;v16.2.5;v16.2.15;src/mds/SimpleLock.h;;M;M;4;2;FALSE;100644;100644;5c625b6af06f2819b80bbd2df7984f038f1c3d34;2a7a5fc806e7476f294cf1b6fb1caa929e605ceb;11;11-cephfs-mds;P1;runtime/source;deep;Chọn đọc sâu theo nhóm: implementation thuộc CephFS/MDS/client, session, caps, volumes và NFS.;
1442;v16.2.5;v16.2.15;src/mds/SnapClient.h;;M;M;1;0;FALSE;100644;100644;e259f7924932d0beab636dd75e4b6f4ced5287a6;b3d5ca3cb86b47f47f1d7626759c9f6de099ef78;11;11-cephfs-mds;P1;runtime/source;deep;Chọn đọc sâu theo nhóm: implementation thuộc CephFS/MDS/client, session, caps, volumes và NFS.;
1443;v16.2.5;v16.2.15;src/mds/SnapRealm.cc;;M;M;3;1;FALSE;100644;100644;09ddd9181edb65ebea9d8ac18e4d6571d7f0c376;a93da3e98b778529ba3acd382150edfd8095582e;11;11-cephfs-mds;P1;runtime/source;deep;Chọn đọc sâu theo nhóm: implementation thuộc CephFS/MDS/client, session, caps, volumes và NFS.;
1444;v16.2.5;v16.2.15;src/mds/StrayManager.cc;;M;M;33;5;FALSE;100644;100644;9bf1a83d3a6e6d025f7f42d500201db4ddf4237f;98764e243bd5d53d8ddd5d901db87d2d91ed3113;11;11-cephfs-mds;P1;runtime/source;deep;Chọn đọc sâu theo nhóm: implementation thuộc CephFS/MDS/client, session, caps, volumes và NFS.;
1445;v16.2.5;v16.2.15;src/mds/StrayManager.h;;M;M;16;1;FALSE;100644;100644;86b6941a513138918e86a389a366405233ef1d7f;874fbbb9a8dcd449375780ac5bbc4d2fddf7a3b4;11;11-cephfs-mds;P1;runtime/source;deep;Chọn đọc sâu theo nhóm: implementation thuộc CephFS/MDS/client, session, caps, volumes và NFS.;
1446;v16.2.5;v16.2.15;src/mds/cephfs_features.cc;;M;M;3;0;FALSE;100644;100644;deec59a286045f0bd8f2a7cffff11aadc6f83a42;e1e108325eb0fd7160055272b3609ce8e1653d3e;11;11-cephfs-mds;P1;runtime/source;deep;Chọn đọc sâu theo nhóm: implementation thuộc CephFS/MDS/client, session, caps, volumes và NFS.;
1447;v16.2.5;v16.2.15;src/mds/cephfs_features.h;;M;M;28;14;FALSE;100644;100644;3ab0f5344bd0778f3379a52acc08e1ddb126fd13;d2553101eb9baf977b66c95f3aba243d452c1893;11;11-cephfs-mds;P1;runtime/source;deep;Chọn đọc sâu theo nhóm: implementation thuộc CephFS/MDS/client, session, caps, volumes và NFS.;
1448;v16.2.5;v16.2.15;src/mds/events/EMetaBlob.h;;M;M;8;5;FALSE;100644;100644;d555627a3c638419a672263337683b30e4844407;357dab970579d91b03334ade15e2a080bd6ec502;11;11-cephfs-mds;P1;runtime/source;deep;Chọn đọc sâu theo nhóm: implementation thuộc CephFS/MDS/client, session, caps, volumes và NFS.;
1449;v16.2.5;v16.2.15;src/mds/journal.cc;;M;M;63;38;FALSE;100644;100644;ae64a4232a4940ca29fbd5646a9acb4b34b95570;d769dd0ca1a549eba10089cb40ae025b8c25065b;11;11-cephfs-mds;P1;runtime/source;deep;Chọn đọc sâu theo nhóm: implementation thuộc CephFS/MDS/client, session, caps, volumes và NFS.;
1450;v16.2.5;v16.2.15;src/mds/locks.c;;M;M;1;1;FALSE;100644;100644;dbe3ab8eb00abf9843c8038ab8f66494c621901d;f6ff8b9824a187143d7c50120fd6d578eeb7807e;11;11-cephfs-mds;P1;runtime/source;deep;Chọn đọc sâu theo nhóm: implementation thuộc CephFS/MDS/client, session, caps, volumes và NFS.;
1451;v16.2.5;v16.2.15;src/mds/mdstypes.cc;;M;M;9;4;FALSE;100644;100644;9d46c8d867924da8688659441b196794473eda1c;1588c1acf9eddcfd95346161f1742d8284b40653;11;11-cephfs-mds;P1;runtime/source;deep;Chọn đọc sâu theo nhóm: implementation thuộc CephFS/MDS/client, session, caps, volumes và NFS.;
1452;v16.2.5;v16.2.15;src/messages/MClientCaps.h;;M;M;3;1;FALSE;100644;100644;afde190bf3322dd6ce7717b7b8132f36018655fe;d1a4817bec103f75b5b4313018b468215465322f;5;05-messaging-auth-common;P1;runtime/source;deep;Chọn đọc sâu theo nhóm: implementation thuộc messenger, messages, auth, encode/decode và common runtime.;
1453;v16.2.5;v16.2.15;src/messages/MClientReply.h;;M;M;3;3;FALSE;100644;100644;bd58e0883ab0d0475205ecee6d66942afeead577;8becee96b983c3443710cb516c64e12c31809060;5;05-messaging-auth-common;P1;runtime/source;deep;Chọn đọc sâu theo nhóm: implementation thuộc messenger, messages, auth, encode/decode và common runtime.;
1454;v16.2.5;v16.2.15;src/messages/MClientRequest.h;;M;M;29;10;FALSE;100644;100644;c51f1149e0cd96f93a1c8e5e9471a1d64361ad88;396e67f1e0fa7f9892bcae1ec6db35bde3b717aa;5;05-messaging-auth-common;P1;runtime/source;deep;Chọn đọc sâu theo nhóm: implementation thuộc messenger, messages, auth, encode/decode và common runtime.;
1455;v16.2.5;v16.2.15;src/messages/MClientSession.h;;M;M;10;3;FALSE;100644;100644;19dc30f256a1445e114d744fc2799cd98643b5ca;f6927a49c6cc4458f81f47284dbdedf9c91b8bab;5;05-messaging-auth-common;P0;runtime/source;deep;Chọn đọc sâu trước: implementation thuộc messenger, messages, auth, encode/decode và common runtime.;
1456;v16.2.5;v16.2.15;src/messages/MMDSBeacon.h;;M;M;6;0;FALSE;100644;100644;068cc02e1037f0e38bff9cc9d3a43f733493813c;1a60a129c1b175b383f184390bd04bd226d14892;5;05-messaging-auth-common;P1;runtime/source;deep;Chọn đọc sâu theo nhóm: implementation thuộc messenger, messages, auth, encode/decode và common runtime.;
1457;v16.2.5;v16.2.15;src/messages/MMgrBeacon.h;;M;M;35;6;FALSE;100644;100644;5b6ca3b60be04108249de6a9a9dfbea702d15a74;d635b9984750a4a34caf0d26f9f45d45ee6f7150;5;05-messaging-auth-common;P1;runtime/source;deep;Chọn đọc sâu theo nhóm: implementation thuộc messenger, messages, auth, encode/decode và common runtime.;
1458;v16.2.5;v16.2.15;src/messages/MMgrUpdate.h;;A;A;84;0;FALSE;0;100644;0;5e1f27b5fa8a08dc54717b4fd5d0af17d318ca4f;5;05-messaging-auth-common;P1;runtime/source;deep;Chọn đọc sâu theo nhóm: implementation thuộc messenger, messages, auth, encode/decode và common runtime.;
1459;v16.2.5;v16.2.15;src/messages/MOSDMap.h;;M;M;26;14;FALSE;100644;100644;4a57011c44ff97bc530e8cf177563009442e35d3;c9dd6991f85c50d86d2aeeac24b62e585fcf1ace;5;05-messaging-auth-common;P1;runtime/source;deep;Chọn đọc sâu theo nhóm: implementation thuộc messenger, messages, auth, encode/decode và common runtime.;
1460;v16.2.5;v16.2.15;src/messages/MOSDMarkMeDown.h;;M;M;12;1;FALSE;100644;100644;2ff0e1cd809ea1cb7b47a4d328c53150eaa18f7e;44d57395fc9e2aaa0cbacbe6bfc7389fd206ea7b;5;05-messaging-auth-common;P1;runtime/source;deep;Chọn đọc sâu theo nhóm: implementation thuộc messenger, messages, auth, encode/decode và common runtime.;
1461;v16.2.5;v16.2.15;src/messages/MOSDRepScrub.h;;M;M;1;1;FALSE;100644;100644;5b9eaae18545a6bb0f019865e6e1fb7e362da135;ededcdca8c9490c3882db7eefcb863b24d1155f3;5;05-messaging-auth-common;P1;runtime/source;deep;Chọn đọc sâu theo nhóm: implementation thuộc messenger, messages, auth, encode/decode và common runtime.;
1462;v16.2.5;v16.2.15;src/mgr/ActivePyModule.h;;M;M;15;2;FALSE;100644;100644;1cbf6d18ac2f4e1d9feec69102e7031ba61fb820;cd0ddc953cadb201ec050dc7c0c0cc4c643e5a68;7;07-mgr-modules-monitoring;P1;runtime/source;deep;Chọn đọc sâu theo nhóm: implementation thuộc MGR, dashboard, module, metrics, alerts và monitoring.;
1463;v16.2.5;v16.2.15;src/mgr/ActivePyModules.cc;;M;M;194;76;FALSE;100644;100644;2e3897ad707056e827bcba91b7b8ad7c07744a25;a2c5f464f264c16832de9ac4838054ab6e265dad;7;07-mgr-modules-monitoring;P1;runtime/source;deep;Chọn đọc sâu theo nhóm: implementation thuộc MGR, dashboard, module, metrics, alerts và monitoring.;
1464;v16.2.5;v16.2.15;src/mgr/ActivePyModules.h;;M;M;13;0;FALSE;100644;100644;f4feec4307a92c10a1ae3e28e75e32f5dfc1641c;61837d157f29a826457d5a7fceb1d2062aef89c8;7;07-mgr-modules-monitoring;P1;runtime/source;deep;Chọn đọc sâu theo nhóm: implementation thuộc MGR, dashboard, module, metrics, alerts và monitoring.;
1465;v16.2.5;v16.2.15;src/mgr/BaseMgrModule.cc;;M;M;33;16;FALSE;100644;100644;da8785eaa97d3f00e380ddd661f607158b318bd7;1b1f418a2b504dd87cf6647688b108f1756dbe7f;7;07-mgr-modules-monitoring;P1;runtime/source;deep;Chọn đọc sâu theo nhóm: implementation thuộc MGR, dashboard, module, metrics, alerts và monitoring.;
1466;v16.2.5;v16.2.15;src/mgr/CMakeLists.txt;;M;M;2;0;FALSE;100644;100644;f2187407a88a83456f17e54b34485edcee96573b;8e152e060eae09faefa75a51bd19dad84c9eea0c;7;07-mgr-modules-monitoring;P1;build/package;deep;Đọc sâu khi ảnh hưởng build, package, quyền hoặc service: MGR, dashboard, module, metrics, alerts và monitoring.;
1467;v16.2.5;v16.2.15;src/mgr/DaemonHealthMetric.h;;M;M;7;1;FALSE;100644;100644;ad3ea29efd46b14916fb961759a50744a184e3e6;ce0dad2c87e317ee43e374a682ae57e325f2555e;7;07-mgr-modules-monitoring;P1;runtime/source;deep;Chọn đọc sâu theo nhóm: implementation thuộc MGR, dashboard, module, metrics, alerts và monitoring.;
1468;v16.2.5;v16.2.15;src/mgr/DaemonServer.cc;;M;M;109;17;FALSE;100644;100644;48816578ccb52959e3264e74f42c9c98f9f167ce;5f52bad07d1918f6f70c716382b1291e2d7958f4;7;07-mgr-modules-monitoring;P1;runtime/source;deep;Chọn đọc sâu theo nhóm: implementation thuộc MGR, dashboard, module, metrics, alerts và monitoring.;
1469;v16.2.5;v16.2.15;src/mgr/DaemonServer.h;;M;M;5;1;FALSE;100644;100644;3adcf6ccaf93b8d50af5cd15202b115492e4340a;c647bf95e68ee317a352cd5b700f7db4233c8b6d;7;07-mgr-modules-monitoring;P1;runtime/source;deep;Chọn đọc sâu theo nhóm: implementation thuộc MGR, dashboard, module, metrics, alerts và monitoring.;
1470;v16.2.5;v16.2.15;src/mgr/Gil.h;;M;M;1;1;FALSE;100644;100644;ffade120fd37d44a3769602d307b913af209613b;72675a50388cca05d8f4b833f1015202eaa328de;7;07-mgr-modules-monitoring;P1;runtime/source;deep;Chọn đọc sâu theo nhóm: implementation thuộc MGR, dashboard, module, metrics, alerts và monitoring.;
1471;v16.2.5;v16.2.15;src/mgr/MDSPerfMetricCollector.cc;;M;M;8;0;FALSE;100644;100644;74404a89d515538519e895a322718be30843fd77;62298aba36a01b00d859327ad05c8332240f56ec;7;07-mgr-modules-monitoring;P1;runtime/source;deep;Chọn đọc sâu theo nhóm: implementation thuộc MGR, dashboard, module, metrics, alerts và monitoring.;
1472;v16.2.5;v16.2.15;src/mgr/MDSPerfMetricCollector.h;;M;M;2;0;FALSE;100644;100644;c6b379ec5b78bf6a1ecfc993f11ff5d2a01a9b28;c72bce09103554482bd505f2de246008bec9b6f9;7;07-mgr-modules-monitoring;P1;runtime/source;deep;Chọn đọc sâu theo nhóm: implementation thuộc MGR, dashboard, module, metrics, alerts và monitoring.;
1473;v16.2.5;v16.2.15;src/mgr/MDSPerfMetricTypes.cc;;M;M;40;0;FALSE;100644;100644;bbba88a76bb509d3f101d5bc3b04a889c8edf33a;a16003774a494b324dd7993438aa1d8defbad96d;7;07-mgr-modules-monitoring;P1;runtime/source;deep;Chọn đọc sâu theo nhóm: implementation thuộc MGR, dashboard, module, metrics, alerts và monitoring.;
1474;v16.2.5;v16.2.15;src/mgr/MDSPerfMetricTypes.h;;M;M;17;0;FALSE;100644;100644;41b183b05e297e9c4a1f468a320cb03dc2d2b9d2;aa35b8cab0fc2037390df6e3f4de9cb312ceca80;7;07-mgr-modules-monitoring;P1;runtime/source;deep;Chọn đọc sâu theo nhóm: implementation thuộc MGR, dashboard, module, metrics, alerts và monitoring.;
1475;v16.2.5;v16.2.15;src/mgr/MetricCollector.cc;;M;M;6;0;FALSE;100644;100644;7da0dae7fe47429d58992334d3bbc5fd2709e251;c31dcf0b90c6d042555f49f3be38e22f75d4d107;7;07-mgr-modules-monitoring;P1;runtime/source;deep;Chọn đọc sâu theo nhóm: implementation thuộc MGR, dashboard, module, metrics, alerts và monitoring.;
1476;v16.2.5;v16.2.15;src/mgr/MetricCollector.h;;M;M;5;1;FALSE;100644;100644;19a3eed9b0aba5b4053f2c7017580329b17b262e;91fa78781954218ac85449eb0541626bf5f67ca8;7;07-mgr-modules-monitoring;P1;runtime/source;deep;Chọn đọc sâu theo nhóm: implementation thuộc MGR, dashboard, module, metrics, alerts và monitoring.;
1477;v16.2.5;v16.2.15;src/mgr/Mgr.cc;;M;M;16;13;FALSE;100644;100644;4b2cdf7c53685b506356802a06f1a2dcc4b95e12;45bf6624ab7845dd5c9f406dbce7bd67c7e4108d;7;07-mgr-modules-monitoring;P1;runtime/source;deep;Chọn đọc sâu theo nhóm: implementation thuộc MGR, dashboard, module, metrics, alerts và monitoring.;
1478;v16.2.5;v16.2.15;src/mgr/MgrClient.cc;;M;M;43;0;FALSE;100644;100644;4ac88dd99d4627073c46137026071f7910e7edc8;6230b3387172fe259a103df9947a9acadcad9be5;7;07-mgr-modules-monitoring;P1;runtime/source;deep;Chọn đọc sâu theo nhóm: implementation thuộc MGR, dashboard, module, metrics, alerts và monitoring.;
1479;v16.2.5;v16.2.15;src/mgr/MgrClient.h;;M;M;6;0;FALSE;100644;100644;6bd2b26e11a37c4cc272585807fe9f7b34e0c62c;1668d8da0fbc29fc64894e21b0fa5aefc58ca27b;7;07-mgr-modules-monitoring;P1;runtime/source;deep;Chọn đọc sâu theo nhóm: implementation thuộc MGR, dashboard, module, metrics, alerts và monitoring.;
1480;v16.2.5;v16.2.15;src/mgr/MgrStandby.cc;;M;M;6;3;FALSE;100644;100644;2ea331441dc7656dad0b2dcdb2c21491f5c89bfa;2821bf4cfa22e4915788c4ecdca4feb0948d603d;7;07-mgr-modules-monitoring;P1;runtime/source;deep;Chọn đọc sâu theo nhóm: implementation thuộc MGR, dashboard, module, metrics, alerts và monitoring.;
1481;v16.2.5;v16.2.15;src/mgr/PyFormatter.cc;;M;M;13;0;FALSE;100644;100644;48f1cca2903176c681676925179e073209f4c5dd;8e58f6e9a84ab99aa55592a7d3fe473af1aa3868;7;07-mgr-modules-monitoring;P1;runtime/source;deep;Chọn đọc sâu theo nhóm: implementation thuộc MGR, dashboard, module, metrics, alerts và monitoring.;
1482;v16.2.5;v16.2.15;src/mgr/PyFormatter.h;;M;M;18;0;FALSE;100644;100644;cd609eebeca92db1ae8721c055372b68825cfc96;5e4c0a679ac34ce427ffff31319aff7d21d3cc34;7;07-mgr-modules-monitoring;P1;runtime/source;deep;Chọn đọc sâu theo nhóm: implementation thuộc MGR, dashboard, module, metrics, alerts và monitoring.;
1483;v16.2.5;v16.2.15;src/mgr/PyModule.cc;;M;M;35;0;FALSE;100644;100644;afbff01ae6ebc27d2cd505e022aefc084929a108;19d02332d2d518e8c36b022086f2bb6d32530d4c;7;07-mgr-modules-monitoring;P1;runtime/source;deep;Chọn đọc sâu theo nhóm: implementation thuộc MGR, dashboard, module, metrics, alerts và monitoring.;
1484;v16.2.5;v16.2.15;src/mgr/PyModule.h;;M;M;7;0;FALSE;100644;100644;6df3ee5860f4c380abb5f8dddc07735bcf3bd5cf;fe2e16238ef1c201c30f082823f448a62f24692e;7;07-mgr-modules-monitoring;P1;runtime/source;deep;Chọn đọc sâu theo nhóm: implementation thuộc MGR, dashboard, module, metrics, alerts và monitoring.;
1485;v16.2.5;v16.2.15;src/mgr/PyModuleRegistry.h;;M;M;19;6;FALSE;100644;100644;ad48af9dafea64d5df4ecc530b48b9754b7e5e5e;7e7797697d8c8f7b6e891c10ac6266a4d498ea9b;7;07-mgr-modules-monitoring;P1;runtime/source;deep;Chọn đọc sâu theo nhóm: implementation thuộc MGR, dashboard, module, metrics, alerts và monitoring.;
1486;v16.2.5;v16.2.15;src/mgr/TTLCache.cc;;A;A;100;0;FALSE;0;100644;0;05fe95987095c97c691fa47b825788337cb577b7;7;07-mgr-modules-monitoring;P1;runtime/source;deep;Chọn đọc sâu theo nhóm: implementation thuộc MGR, dashboard, module, metrics, alerts và monitoring.;
1487;v16.2.5;v16.2.15;src/mgr/TTLCache.h;;A;A;124;0;FALSE;0;100644;0;a6d5ddf2e2d0359911dce5794fb253d87753e693;7;07-mgr-modules-monitoring;P1;runtime/source;deep;Chọn đọc sâu theo nhóm: implementation thuộc MGR, dashboard, module, metrics, alerts và monitoring.;
1488;v16.2.5;v16.2.15;src/mgr/mgr_perf_counters.cc;;A;A;28;0;FALSE;0;100644;0;1b5585f9ec9489af96dc7edaf113e775aa14d2a8;7;07-mgr-modules-monitoring;P1;runtime/source;deep;Chọn đọc sâu theo nhóm: implementation thuộc MGR, dashboard, module, metrics, alerts và monitoring.;
1489;v16.2.5;v16.2.15;src/mgr/mgr_perf_counters.h;;A;A;20;0;FALSE;0;100644;0;d695d905fe96ca1f4bc45c2c9fb95780397b5532;7;07-mgr-modules-monitoring;P1;runtime/source;deep;Chọn đọc sâu theo nhóm: implementation thuộc MGR, dashboard, module, metrics, alerts và monitoring.;
1490;v16.2.5;v16.2.15;src/mon/AuthMonitor.cc;;M;M;28;16;FALSE;100644;100644;1ffa80a0d053ff51939b9794f7a681372b3784e1;571e0698a016843b4494772aa906bb1b527cc451;4;04-mon-osdmap-crush;P0;runtime/source;deep;Chọn đọc sâu trước: implementation thuộc MON/quorum, OSDMap, CRUSH, placement và pool flags.;
1491;v16.2.5;v16.2.15;src/mon/AuthMonitor.h;;M;M;0;2;FALSE;100644;100644;048fc0c08ef4d3ec9015bfce0cab890c51752bdd;4312b56071f4b7503ddee6468c58a9a616efbdf7;4;04-mon-osdmap-crush;P0;runtime/source;deep;Chọn đọc sâu trước: implementation thuộc MON/quorum, OSDMap, CRUSH, placement và pool flags.;
1492;v16.2.5;v16.2.15;src/mon/CMakeLists.txt;;M;M;9;2;FALSE;100644;100644;088fa6a0cdd603b40bb3aed15952aa6ad34f3bae;7b237c01c2f84511ffb71b9ac5a47979054c092a;4;04-mon-osdmap-crush;P1;build/package;deep;Đọc sâu khi ảnh hưởng build, package, quyền hoặc service: MON/quorum, OSDMap, CRUSH, placement và pool flags.;
1493;v16.2.5;v16.2.15;src/mon/ConfigMap.cc;;M;M;2;2;FALSE;100644;100644;763b8ce9b1731250210bfcab7eb98ae17ff5ed74;7a639947bdef393230577f1a0ad0001902e27630;4;04-mon-osdmap-crush;P0;runtime/source;deep;Chọn đọc sâu trước: implementation thuộc MON/quorum, OSDMap, CRUSH, placement và pool flags.;
1494;v16.2.5;v16.2.15;src/mon/ConfigMap.h;;M;M;2;0;FALSE;100644;100644;2ecdcc071336581873278acecacbfabcc926bc1f;11b46fc451e8e5ef63310d2e762daa410ee84538;4;04-mon-osdmap-crush;P0;runtime/source;deep;Chọn đọc sâu trước: implementation thuộc MON/quorum, OSDMap, CRUSH, placement và pool flags.;
1495;v16.2.5;v16.2.15;src/mon/ConfigMonitor.cc;;M;M;7;1;FALSE;100644;100644;7f0ee21e67155f723c6f28f479581c10897d636e;20411d5197f21693f6938331087cf831515bd055;4;04-mon-osdmap-crush;P0;runtime/source;deep;Chọn đọc sâu trước: implementation thuộc MON/quorum, OSDMap, CRUSH, placement và pool flags.;
1496;v16.2.5;v16.2.15;src/mon/ConnectionTracker.cc;;M;M;104;17;FALSE;100644;100644;4d7f5e458094eb083e1691153ed1605f0418c57b;272ad40c27461498d45dc7705cbb29231c7dc47e;4;04-mon-osdmap-crush;P0;runtime/source;deep;Chọn đọc sâu trước: implementation thuộc MON/quorum, OSDMap, CRUSH, placement và pool flags.;
1497;v16.2.5;v16.2.15;src/mon/ConnectionTracker.h;;M;M;19;12;FALSE;100644;100644;58e9889eb2b32a06cd1458b8ee8b3c036528e1bf;09506636d1e74efb8cc0aa656b533e23ce7c2ca0;4;04-mon-osdmap-crush;P0;runtime/source;deep;Chọn đọc sâu trước: implementation thuộc MON/quorum, OSDMap, CRUSH, placement và pool flags.;
1498;v16.2.5;v16.2.15;src/mon/ElectionLogic.cc;;M;M;26;4;FALSE;100644;100644;757c86165f5a1d375834791f7dd51077d056e3c5;e22a85bed56f8bddb17351d3f64356c1255f7b66;4;04-mon-osdmap-crush;P0;runtime/source;deep;Chọn đọc sâu trước: implementation thuộc MON/quorum, OSDMap, CRUSH, placement và pool flags.;
1499;v16.2.5;v16.2.15;src/mon/Elector.cc;;M;M;88;43;FALSE;100644;100644;79b227a9c653024231127fdb3d696b4a5775942f;671c08d85929b5ea37aabc98955814962b7a108e;4;04-mon-osdmap-crush;P0;runtime/source;deep;Chọn đọc sâu trước: implementation thuộc MON/quorum, OSDMap, CRUSH, placement và pool flags.;
1500;v16.2.5;v16.2.15;src/mon/Elector.h;;M;M;7;2;FALSE;100644;100644;d14dbb5c4ce9f1d76ab53d1967dc48d159aab65a;2a53c1fc4350e6a5571f709d09812f2eda0191de;4;04-mon-osdmap-crush;P0;runtime/source;deep;Chọn đọc sâu trước: implementation thuộc MON/quorum, OSDMap, CRUSH, placement và pool flags.;
1501;v16.2.5;v16.2.15;src/mon/FSCommands.cc;;M;M;159;28;FALSE;100644;100644;396ac3118b4ea59462dc0e187acdb848a8b91658;1c80c1c307bfcb37483eb396d07353ef00a56fae;4;04-mon-osdmap-crush;P0;runtime/source;deep;Chọn đọc sâu trước: implementation thuộc MON/quorum, OSDMap, CRUSH, placement và pool flags.;
1502;v16.2.5;v16.2.15;src/mon/FSCommands.h;;M;M;6;6;FALSE;100644;100644;726ff281a1bc583284ed2b3a0e5f7ab851db1ef4;4b59225f9545571b96599f69ad71aa97586cdf10;4;04-mon-osdmap-crush;P0;runtime/source;deep;Chọn đọc sâu trước: implementation thuộc MON/quorum, OSDMap, CRUSH, placement và pool flags.;
1503;v16.2.5;v16.2.15;src/mon/HealthMonitor.cc;;M;M;15;7;FALSE;100644;100644;ae92e8b77521bf8806f1a4d676baf343335536ad;60e35913a4c4a40f19cdc9a7b8dcad4294307e5a;4;04-mon-osdmap-crush;P0;runtime/source;deep;Chọn đọc sâu trước: implementation thuộc MON/quorum, OSDMap, CRUSH, placement và pool flags.;
1504;v16.2.5;v16.2.15;src/mon/MDSMonitor.cc;;M;M;204;141;FALSE;100644;100644;9b07ee1d1a020b12a12e63d0543c190e17c1c3dd;54b60f97c86b3e5c73fdefa0d64c9e38c12fcd86;4;04-mon-osdmap-crush;P0;runtime/source;deep;Chọn đọc sâu trước: implementation thuộc MON/quorum, OSDMap, CRUSH, placement và pool flags.;
1505;v16.2.5;v16.2.15;src/mon/MDSMonitor.h;;M;M;7;0;FALSE;100644;100644;d54434b4975e3fee999458ae0e7cd1f491deff82;c70814996fdc4e04cf4349b690a3894e8487a2c6;4;04-mon-osdmap-crush;P0;runtime/source;deep;Chọn đọc sâu trước: implementation thuộc MON/quorum, OSDMap, CRUSH, placement và pool flags.;
1506;v16.2.5;v16.2.15;src/mon/MgrMap.h;;M;M;47;9;FALSE;100644;100644;5342fc51fc3deda4e013fa88672e182e86064914;f37ed97fd16c7d33d4a929a292ed3bd9dd3330b7;4;04-mon-osdmap-crush;P0;runtime/source;deep;Chọn đọc sâu trước: implementation thuộc MON/quorum, OSDMap, CRUSH, placement và pool flags.;
1507;v16.2.5;v16.2.15;src/mon/MgrMonitor.cc;;M;M;51;13;FALSE;100644;100644;bf5e2ed31e8e4ea70f09fdba6d67b999abce8cc5;da869f79794157aa95fa75fa6dc8fafb5328821c;4;04-mon-osdmap-crush;P0;runtime/source;deep;Chọn đọc sâu trước: implementation thuộc MON/quorum, OSDMap, CRUSH, placement và pool flags.;
1508;v16.2.5;v16.2.15;src/mon/MgrMonitor.h;;M;M;7;1;FALSE;100644;100644;be75602abf9fabf008f4876ee0abbb15d386f203;79d4e50051d8049ba778b51a0b5522b49fe92c4b;4;04-mon-osdmap-crush;P0;runtime/source;deep;Chọn đọc sâu trước: implementation thuộc MON/quorum, OSDMap, CRUSH, placement và pool flags.;
1509;v16.2.5;v16.2.15;src/mon/MgrStatMonitor.cc;;M;M;2;3;FALSE;100644;100644;4996c9b38bf8054361bb013fd7c10c0ffc652d3d;9da4c50da084cb15edaaec042ddba7ae09d9aa6c;4;04-mon-osdmap-crush;P0;runtime/source;deep;Chọn đọc sâu trước: implementation thuộc MON/quorum, OSDMap, CRUSH, placement và pool flags.;
1510;v16.2.5;v16.2.15;src/mon/MonCap.cc;;M;M;3;0;FALSE;100644;100644;f96deacd8e51964769372026dcff1b1fcbc8f6d4;e1dc3723965916f5cd0d364ab9b35cf59723727d;4;04-mon-osdmap-crush;P0;runtime/source;deep;Chọn đọc sâu trước: implementation thuộc MON/quorum, OSDMap, CRUSH, placement và pool flags.;
1511;v16.2.5;v16.2.15;src/mon/MonClient.cc;;M;M;9;7;FALSE;100644;100644;0df0d7dbeab252a9692c7f2547816fea497bd655;7eb72086fbe26036a4e0c0bf92a0cea9099ca509;4;04-mon-osdmap-crush;P0;runtime/source;deep;Chọn đọc sâu trước: implementation thuộc MON/quorum, OSDMap, CRUSH, placement và pool flags.;
1512;v16.2.5;v16.2.15;src/mon/MonClient.h;;M;M;1;1;FALSE;100644;100644;c6ee6b8eb92fd3ced29ac01e0081eb0d81c59fef;6a7daa8143937e09c2e496d913be9113912fbad5;4;04-mon-osdmap-crush;P0;runtime/source;deep;Chọn đọc sâu trước: implementation thuộc MON/quorum, OSDMap, CRUSH, placement và pool flags.;
1513;v16.2.5;v16.2.15;src/mon/MonCommands.h;;M;M;37;12;FALSE;100644;100644;cf4a6913de039212497be7c15c65c7cc9717b52b;0f2100e665d84c408ba5de810f227ce0469e1303;4;04-mon-osdmap-crush;P0;runtime/source;deep;Chọn đọc sâu trước: implementation thuộc MON/quorum, OSDMap, CRUSH, placement và pool flags.;
1514;v16.2.5;v16.2.15;src/mon/MonMap.cc;;M;M;11;4;FALSE;100644;100644;8676443f247cad5ea306fe7208cb08f6d016bbbe;2d14578a675a7cc138b17fe5d35e234843f902c9;4;04-mon-osdmap-crush;P0;runtime/source;deep;Chọn đọc sâu trước: implementation thuộc MON/quorum, OSDMap, CRUSH, placement và pool flags.;
1515;v16.2.5;v16.2.15;src/mon/Monitor.cc;;M;M;116;29;FALSE;100644;100644;7848f9722b8e4423dacfe578c4e60c121efed178;58f436e9fce04d0994bb371e4ca88c261172c9e0;4;04-mon-osdmap-crush;P0;runtime/source;deep;Chọn đọc sâu trước: implementation thuộc MON/quorum, OSDMap, CRUSH, placement và pool flags.;
1516;v16.2.5;v16.2.15;src/mon/Monitor.h;;M;M;17;2;FALSE;100644;100644;ccdd5fe65d5718bb37bbfe16acc0e4ae188caa2c;e52fb974d5b62c4a2ec685fbe7d8dd40a485d70b;4;04-mon-osdmap-crush;P0;runtime/source;deep;Chọn đọc sâu trước: implementation thuộc MON/quorum, OSDMap, CRUSH, placement và pool flags.;
1517;v16.2.5;v16.2.15;src/mon/MonitorDBStore.h;;M;M;4;0;FALSE;100644;100644;515a047279781743cd638611875c9de5825bd16a;c33d35e486d4424d1bd3f057a1d0d4816aa59255;4;04-mon-osdmap-crush;P0;runtime/source;deep;Chọn đọc sâu trước: implementation thuộc MON/quorum, OSDMap, CRUSH, placement và pool flags.;
1518;v16.2.5;v16.2.15;src/mon/MonmapMonitor.cc;;M;M;91;7;FALSE;100644;100644;ec72f410d1fcf230384748abc1a367052a446799;91d9021c2f4f2e228c6a147e231fd76d77230c85;4;04-mon-osdmap-crush;P0;runtime/source;deep;Chọn đọc sâu trước: implementation thuộc MON/quorum, OSDMap, CRUSH, placement và pool flags.;
1519;v16.2.5;v16.2.15;src/mon/OSDMonitor.cc;;M;M;297;50;FALSE;100644;100644;4ccc3a4e503f55015ea4c8630a9c3d34b3046eaf;bd7aea6c707fac7063183ab115571ffea76a1357;4;04-mon-osdmap-crush;P0;runtime/source;deep;Chọn đọc sâu trước: implementation thuộc MON/quorum, OSDMap, CRUSH, placement và pool flags.;
1520;v16.2.5;v16.2.15;src/mon/OSDMonitor.h;;M;M;11;2;FALSE;100644;100644;7ea12590c76e0697ecb3aefba6d4458e489eb7d6;e7701a63970ea5bcf7189f1764d5b1f7e7f983ed;4;04-mon-osdmap-crush;P0;runtime/source;deep;Chọn đọc sâu trước: implementation thuộc MON/quorum, OSDMap, CRUSH, placement và pool flags.;
1521;v16.2.5;v16.2.15;src/mon/PGMap.cc;;M;M;38;14;FALSE;100644;100644;55f72d35476076733ebc1a2f2a2535373753a6e4;4158acc3a6da379b5c7ef6f96e7f9618e45423a9;4;04-mon-osdmap-crush;P0;runtime/source;deep;Chọn đọc sâu trước: implementation thuộc MON/quorum, OSDMap, CRUSH, placement và pool flags.;
1522;v16.2.5;v16.2.15;src/mon/PGMap.h;;M;M;1;0;FALSE;100644;100644;6488cc895c76f1791a41023d960723c273d40238;9bdabb046e78f6feaa6623e7964b6d5c1a156b97;4;04-mon-osdmap-crush;P0;runtime/source;deep;Chọn đọc sâu trước: implementation thuộc MON/quorum, OSDMap, CRUSH, placement và pool flags.;
1523;v16.2.5;v16.2.15;src/mon/PaxosService.cc;;M;M;12;9;FALSE;100644;100644;94caea425747493146c171eb1d8708ed6d45188c;cfe11cb5049e836bd9529938db4bf72ace2e90aa;4;04-mon-osdmap-crush;P0;runtime/source;deep;Chọn đọc sâu trước: implementation thuộc MON/quorum, OSDMap, CRUSH, placement và pool flags.;
1524;v16.2.5;v16.2.15;src/mon/PaxosService.h;;M;M;1;2;FALSE;100644;100644;93c5e7c81f93273be882459b6365659dfa6291ab;de3145b9bbabc7556653def411e10543c273bb4d;4;04-mon-osdmap-crush;P0;runtime/source;deep;Chọn đọc sâu trước: implementation thuộc MON/quorum, OSDMap, CRUSH, placement và pool flags.;
1525;v16.2.5;v16.2.15;src/mount.fuse.ceph;;M;M;5;2;FALSE;100755;100755;c61625a8c2f58bd2b02b8347ba17552f2eac2486;c18ff335118e1243e0530dd2fb2b11ebc09ee95b;11;11-cephfs-mds;P1;runtime/source;deep;Chọn đọc sâu theo nhóm: implementation thuộc CephFS/MDS/client, session, caps, volumes và NFS.;
1526;v16.2.5;v16.2.15;src/mount/conf.cc;;M;M;1;3;FALSE;100644;100644;104969eefbf39830c7c58f379b44cafd2ef71e10;05dc09c04804b35e9a59da4824f5a2ab1f453d33;15;15-upgrade-validation;P1;runtime/source;deep;Chọn đọc sâu theo nhóm: implementation thuộc QA/test/release note và validation liên thành phần.;
1527;v16.2.5;v16.2.15;src/mrun;;M;M;1;1;FALSE;100755;100755;3122342e1bc73621ffa1e6d21bc09fb8cd532f59;e2ab491b3fa1885ed448320f3e6d89b6a4a171e4;15;15-upgrade-validation;P1;runtime/source;deep;Chọn đọc sâu theo nhóm: implementation thuộc QA/test/release note và validation liên thành phần.;
1528;v16.2.5;v16.2.15;src/msg/CMakeLists.txt;;M;M;1;0;FALSE;100644;100644;e6d0b589b42997c4def507855fd23a0ecb10249b;9cca15c81555a89ebbb179d55182b2e96c3259ca;5;05-messaging-auth-common;P1;build/package;deep;Đọc sâu khi ảnh hưởng build, package, quyền hoặc service: messenger, messages, auth, encode/decode và common runtime.;
1529;v16.2.5;v16.2.15;src/msg/Dispatcher.h;;M;M;5;2;FALSE;100644;100644;5e025437b53570ad78844cb38e7e6c3c6bfeab74;885f1843b31c417c35f766fbecbb390f4ef0510c;5;05-messaging-auth-common;P1;runtime/source;deep;Chọn đọc sâu theo nhóm: implementation thuộc messenger, messages, auth, encode/decode và common runtime.;
1530;v16.2.5;v16.2.15;src/msg/Message.cc;;M;M;5;0;FALSE;100644;100644;6c57d355bdf49f95f90a2f624a3a705290c2cd6d;266eb7676786b85ea7481855fa6d8bd94c600a56;5;05-messaging-auth-common;P1;runtime/source;deep;Chọn đọc sâu theo nhóm: implementation thuộc messenger, messages, auth, encode/decode và common runtime.;
1531;v16.2.5;v16.2.15;src/msg/Message.h;;M;M;7;0;FALSE;100644;100644;8e1c4f967f05942855a6f34e9f1135a8470eb190;5ea78c22d9543f8108bc61d9ef75a64156f43def;5;05-messaging-auth-common;P1;runtime/source;deep;Chọn đọc sâu theo nhóm: implementation thuộc messenger, messages, auth, encode/decode và common runtime.;
1532;v16.2.5;v16.2.15;src/msg/MessageRef.h;;M;M;1;0;FALSE;100644;100644;2c11aced52b34f559503726120f1aec6cee1f5ee;6bed38311c1480b466fed38af3029b9cba8836a1;5;05-messaging-auth-common;P1;runtime/source;deep;Chọn đọc sâu theo nhóm: implementation thuộc messenger, messages, auth, encode/decode và common runtime.;
1533;v16.2.5;v16.2.15;src/msg/async/AsyncMessenger.cc;;M;M;6;7;FALSE;100644;100644;8e98ef49313ef9e3dd4d4fddb3463027d17d394c;a858f1766f7dfb4eeb8e73f0ca314087765f9c32;5;05-messaging-auth-common;P0;runtime/source;deep;Chọn đọc sâu trước: implementation thuộc messenger, messages, auth, encode/decode và common runtime.;
1534;v16.2.5;v16.2.15;src/msg/async/AsyncMessenger.h;;M;M;2;5;FALSE;100644;100644;625cb099c5a6f8f131082ee74734b5695ceb7558;f1333307dbf25b5fb5aa8eadd9760e0793795834;5;05-messaging-auth-common;P0;runtime/source;deep;Chọn đọc sâu trước: implementation thuộc messenger, messages, auth, encode/decode và common runtime.;
1535;v16.2.5;v16.2.15;src/msg/async/PosixStack.h;;M;M;2;3;FALSE;100644;100644;a7e2f249cafe54893bb71eab2a3d963d6ca0ae49;a4ff65b28f466e5d2ec65c4cc3e3cad445d65a02;5;05-messaging-auth-common;P1;runtime/source;deep;Chọn đọc sâu theo nhóm: implementation thuộc messenger, messages, auth, encode/decode và common runtime.;
1536;v16.2.5;v16.2.15;src/msg/async/ProtocolV1.cc;;M;M;3;3;FALSE;100644;100644;43363371bc35d05eb342a4113881ee9936e8dc07;1bc661a559b82ca6e293f01153d890fa07b93d7c;5;05-messaging-auth-common;P0;runtime/source;deep;Chọn đọc sâu trước: implementation thuộc messenger, messages, auth, encode/decode và common runtime.;
1537;v16.2.5;v16.2.15;src/msg/async/ProtocolV2.cc;;M;M;16;14;FALSE;100644;100644;c9b2d55e1d825c5f3116ae574c1b2d92a2c4cc0f;e51d84ec2fc2bcd1b2ee71b68a844f0426ec7a46;5;05-messaging-auth-common;P0;runtime/source;deep;Chọn đọc sâu trước: implementation thuộc messenger, messages, auth, encode/decode và common runtime.;
1538;v16.2.5;v16.2.15;src/msg/async/Stack.cc;;M;M;30;32;FALSE;100644;100644;37e15634d79c02f9724dad7dcf22a2914b540af0;55c25f60f5e45c1fd6e4a053620e7164b2e0694e;5;05-messaging-auth-common;P1;runtime/source;deep;Chọn đọc sâu theo nhóm: implementation thuộc messenger, messages, auth, encode/decode và common runtime.;
1539;v16.2.5;v16.2.15;src/msg/async/Stack.h;;M;M;3;4;FALSE;100644;100644;6a2188b5a9c7921a5d152cee5c9103afa54677f3;3ce87975bf5955dc32a38e45706c9bfbd164a54b;5;05-messaging-auth-common;P1;runtime/source;deep;Chọn đọc sâu theo nhóm: implementation thuộc messenger, messages, auth, encode/decode và common runtime.;
1540;v16.2.5;v16.2.15;src/msg/async/dpdk/DPDKStack.cc;;M;M;8;7;FALSE;100644;100644;9a73dac5db1420a86017c37038307f756baf95c0;2bfe45e9b44c31a285f644654492070a1c666a49;5;05-messaging-auth-common;P1;runtime/source;deep;Chọn đọc sâu theo nhóm: implementation thuộc messenger, messages, auth, encode/decode và common runtime.;
1541;v16.2.5;v16.2.15;src/msg/async/dpdk/DPDKStack.h;;M;M;3;4;FALSE;100644;100644;926adaffcbb7a87ca1850cd7464fb964602ca9b2;ad264a8495b80e00faca1e38cc458d9e3b05cc1a;5;05-messaging-auth-common;P1;runtime/source;deep;Chọn đọc sâu theo nhóm: implementation thuộc messenger, messages, auth, encode/decode và common runtime.;
1542;v16.2.5;v16.2.15;src/msg/async/rdma/RDMAStack.cc;;M;M;10;10;FALSE;100644;100644;49bafd0b4c3888630600ffe45871e26db311ee46;ef246a6e1a3ed8ee003565dd5bc1f7b8d7484065;5;05-messaging-auth-common;P1;runtime/source;deep;Chọn đọc sâu theo nhóm: implementation thuộc messenger, messages, auth, encode/decode và common runtime.;
1543;v16.2.5;v16.2.15;src/msg/async/rdma/RDMAStack.h;;M;M;2;4;FALSE;100644;100644;8389fee8c70fa23f87d807a7d535ecdc4ccbbde2;aa64ca57e6faebe69270db32d8473c4017309fb8;5;05-messaging-auth-common;P1;runtime/source;deep;Chọn đọc sâu theo nhóm: implementation thuộc messenger, messages, auth, encode/decode và common runtime.;
1544;v16.2.5;v16.2.15;src/msg/msg_types.cc;;M;M;13;0;FALSE;100644;100644;330cfba5bc35a997aad4129473ef90198b418c63;ba088e84f3204bdc6cb6eda2686b963253409a31;5;05-messaging-auth-common;P1;runtime/source;deep;Chọn đọc sâu theo nhóm: implementation thuộc messenger, messages, auth, encode/decode và common runtime.;
1545;v16.2.5;v16.2.15;src/msg/msg_types.h;;M;M;38;2;FALSE;100644;100644;77c9fcaab8fda6321ceee3602f00ce35c9960b3f;f1f0c5e5c13bdec33f3d0326325ce167f32ec76e;5;05-messaging-auth-common;P1;runtime/source;deep;Chọn đọc sâu theo nhóm: implementation thuộc messenger, messages, auth, encode/decode và common runtime.;
1546;v16.2.5;v16.2.15;src/mypy.ini;;M;M;16;0;FALSE;100755;100755;f50ca2ee7e3fc528c5b4aee3614989414ef73049;4f51b45bcc72ee15c6985aeb760ed7a79802e04a;15;15-upgrade-validation;P1;config/schema;deep;Đọc sâu option/default/schema và điều kiện có hiệu lực: QA/test/release note và validation liên thành phần.;
1547;v16.2.5;v16.2.15;src/neorados/CMakeLists.txt;;M;M;2;3;FALSE;100644;100644;50272374d2b5e0727a9fe053d3c313193e760374;5f61a0ba3d3330f3cb9cc79d1926b242527142e9;10;10-rados-rbd-clients;P1;build/package;deep;Đọc sâu khi ảnh hưởng build, package, quyền hoặc service: RADOS/RBD/client/class, snapshot, diff và object-map.;
1548;v16.2.5;v16.2.15;src/neorados/RADOS.cc;;M;M;25;8;FALSE;100644;100644;c3666820acb6c8126242fe2354360a0dcecc9263;927f995cce660ccafc3a53d30bf6824bd018b9b1;10;10-rados-rbd-clients;P1;runtime/source;deep;Chọn đọc sâu theo nhóm: implementation thuộc RADOS/RBD/client/class, snapshot, diff và object-map.;
1549;v16.2.5;v16.2.15;src/neorados/RADOSImpl.cc;;M;M;1;1;FALSE;100644;100644;bddd62c2f8ba16e6f1172fdcd7d20f35ca19eb03;6c9c210a85cde02f391758e5920ebcc97a11e7c7;10;10-rados-rbd-clients;P1;runtime/source;deep;Chọn đọc sâu theo nhóm: implementation thuộc RADOS/RBD/client/class, snapshot, diff và object-map.;
1550;v16.2.5;v16.2.15;src/neorados/cls/fifo.cc;;D;D;0;385;FALSE;100644;0;fa99275b25f96cbf3350830f35a72504b89070d1;0;10;10-rados-rbd-clients;P1;runtime/source;deep;Chọn đọc sâu theo nhóm: implementation thuộc RADOS/RBD/client/class, snapshot, diff và object-map.;
1551;v16.2.5;v16.2.15;src/neorados/cls/fifo.h;;D;D;0;1754;FALSE;100644;0;05865dccace3c4e5c92261ce2d36ad160db4d4e9;0;10;10-rados-rbd-clients;P1;runtime/source;deep;Chọn đọc sâu theo nhóm: implementation thuộc RADOS/RBD/client/class, snapshot, diff và object-map.;
1552;v16.2.5;v16.2.15;src/os/bluestore/Allocator.cc;;M;M;4;4;FALSE;100644;100644;91a001b5c9749ca07256d16457db2e03dddf1a7f;e132cd49442f5c5966f28c272d384ff64dbee769;2;02-bluestore-bluefs;P0;runtime/source;deep;Chọn đọc sâu trước: implementation thuộc BlueStore/BlueFS, object data, metadata, replay, fsck/repair.;
1553;v16.2.5;v16.2.15;src/os/bluestore/Allocator.h;;M;M;6;5;FALSE;100644;100644;177438025d73cbc8da4130e33aeac69e2b408d48;915e9db0ade8c35af2822e8ef4094bf9a99e8643;2;02-bluestore-bluefs;P0;runtime/source;deep;Chọn đọc sâu trước: implementation thuộc BlueStore/BlueFS, object data, metadata, replay, fsck/repair.;
1554;v16.2.5;v16.2.15;src/os/bluestore/AvlAllocator.cc;;M;M;99;60;FALSE;100644;100644;806545bf08f67dd9b62f7df5f6dcaced9d22c159;b0f539ac414d0840028b2a9cc2d78778cc7851bb;2;02-bluestore-bluefs;P0;runtime/source;deep;Chọn đọc sâu trước: implementation thuộc BlueStore/BlueFS, object data, metadata, replay, fsck/repair.;
1555;v16.2.5;v16.2.15;src/os/bluestore/AvlAllocator.h;;M;M;24;14;FALSE;100644;100644;426db78ad39eaa21921a7ddfc41d633050643fee;d1c1da257c4e033786ccd09d3661d025718ca0b0;2;02-bluestore-bluefs;P0;runtime/source;deep;Chọn đọc sâu trước: implementation thuộc BlueStore/BlueFS, object data, metadata, replay, fsck/repair.;
1556;v16.2.5;v16.2.15;src/os/bluestore/BitmapAllocator.cc;;M;M;20;23;FALSE;100644;100644;a744eb17bfea05b5b91eea715305d58cafbe8ec6;5a3967f5e625dc4ef996a0331188882edc0de692;2;02-bluestore-bluefs;P0;runtime/source;deep;Chọn đọc sâu trước: implementation thuộc BlueStore/BlueFS, object data, metadata, replay, fsck/repair.;
1557;v16.2.5;v16.2.15;src/os/bluestore/BitmapAllocator.h;;M;M;6;3;FALSE;100644;100644;5c768a4ac2fb1ede2d42c8175aa343df365b0268;90bcd956f11c868648e437eaf37404ad45bcf4d4;2;02-bluestore-bluefs;P0;runtime/source;deep;Chọn đọc sâu trước: implementation thuộc BlueStore/BlueFS, object data, metadata, replay, fsck/repair.;
1558;v16.2.5;v16.2.15;src/os/bluestore/BlueFS.cc;;M;M;1524;794;FALSE;100644;100644;6548ec792dd30ccbd05696e70a0f340f9a386d7e;94c0a30524acbdec860a39cbb90fdde093dc8499;2;02-bluestore-bluefs;P0;runtime/source;deep;Chọn đọc sâu trước: implementation thuộc BlueStore/BlueFS, object data, metadata, replay, fsck/repair.;
1559;v16.2.5;v16.2.15;src/os/bluestore/BlueFS.h;;M;M;150;110;FALSE;100644;100644;4b5b187b204b77ac0f5cbd55913b123d069567a7;e6d1a1fc31e353bd119fdb7924dbd7665ca094da;2;02-bluestore-bluefs;P0;runtime/source;deep;Chọn đọc sâu trước: implementation thuộc BlueStore/BlueFS, object data, metadata, replay, fsck/repair.;
1560;v16.2.5;v16.2.15;src/os/bluestore/BlueRocksEnv.cc;;M;M;3;6;FALSE;100644;100644;8c4f80c7ed10bfb46d761cb3778b6cfedd1e8f93;e34e50630f08bf7cc213b0e75139513e22da58c9;2;02-bluestore-bluefs;P0;runtime/source;deep;Chọn đọc sâu trước: implementation thuộc BlueStore/BlueFS, object data, metadata, replay, fsck/repair.;
1561;v16.2.5;v16.2.15;src/os/bluestore/BlueStore.cc;;M;M;944;479;FALSE;100644;100644;d95eb8c19a1275548b04fc7f21e817ce0651d353;0f9c170c610d1c722a53ccda5c760275bb611d6d;2;02-bluestore-bluefs;P0;runtime/source;deep;Chọn đọc sâu trước: implementation thuộc BlueStore/BlueFS, object data, metadata, replay, fsck/repair.;
1562;v16.2.5;v16.2.15;src/os/bluestore/BlueStore.h;;M;M;134;114;FALSE;100644;100644;9603f7151a6720df9d1644c77f8dad0da32511f8;e02c385c3d7df3a33f7b627b870706a14c675383;2;02-bluestore-bluefs;P0;runtime/source;deep;Chọn đọc sâu trước: implementation thuộc BlueStore/BlueFS, object data, metadata, replay, fsck/repair.;
1563;v16.2.5;v16.2.15;src/os/bluestore/HybridAllocator.cc;;M;M;5;3;FALSE;100644;100644;3a2da67379b592eda2b8312b741102ff8bf149c7;b78a99ffeba318a38e4822591e0c4dddb9e46fae;2;02-bluestore-bluefs;P0;runtime/source;deep;Chọn đọc sâu trước: implementation thuộc BlueStore/BlueFS, object data, metadata, replay, fsck/repair.;
1564;v16.2.5;v16.2.15;src/os/bluestore/HybridAllocator.h;;M;M;2;1;FALSE;100644;100644;92e8b9e80b18a380c0c24dca7995a87d02f64112;d60fc1a319c717bcaf2ce4288d022bdccf0890f2;2;02-bluestore-bluefs;P0;runtime/source;deep;Chọn đọc sâu trước: implementation thuộc BlueStore/BlueFS, object data, metadata, replay, fsck/repair.;
1565;v16.2.5;v16.2.15;src/os/bluestore/StupidAllocator.cc;;M;M;16;32;FALSE;100644;100644;bdebe10a5cb764a29526d95f24f32daaddb52afe;6671a90f9bcd3fffc71b2d55d82c39ce839dbd0d;2;02-bluestore-bluefs;P0;runtime/source;deep;Chọn đọc sâu trước: implementation thuộc BlueStore/BlueFS, object data, metadata, replay, fsck/repair.;
1566;v16.2.5;v16.2.15;src/os/bluestore/StupidAllocator.h;;M;M;3;8;FALSE;100644;100644;bd99a7c835fcddd9576f03d952a5047db36942e8;7a2423805eafbb643a654fa186c18afbf41a99ca;2;02-bluestore-bluefs;P0;runtime/source;deep;Chọn đọc sâu trước: implementation thuộc BlueStore/BlueFS, object data, metadata, replay, fsck/repair.;
1567;v16.2.5;v16.2.15;src/os/bluestore/ZonedAllocator.cc;;M;M;3;2;FALSE;100644;100644;0ea278c37dad866d1d490c46d3304a4562a3de60;71f0e6e8905b2af56857ab5b46c242c4c161b5a6;2;02-bluestore-bluefs;P0;runtime/source;deep;Chọn đọc sâu trước: implementation thuộc BlueStore/BlueFS, object data, metadata, replay, fsck/repair.;
1568;v16.2.5;v16.2.15;src/os/bluestore/ZonedAllocator.h;;M;M;2;2;FALSE;100644;100644;5bdf197a58d5d8ffd15861330efe719cc01528be;47cb46be7646b365c3e9244d6278f5a6633657ec;2;02-bluestore-bluefs;P0;runtime/source;deep;Chọn đọc sâu trước: implementation thuộc BlueStore/BlueFS, object data, metadata, replay, fsck/repair.;
1569;v16.2.5;v16.2.15;src/os/bluestore/bluefs_types.cc;;M;M;36;0;FALSE;100644;100644;4a2a8152c2d7b650bbfc0c1f66ce96f7cfab06f8;c8d2ede7bed92abfb7f561283e03e9e7f84d08da;2;02-bluestore-bluefs;P0;runtime/source;deep;Chọn đọc sâu trước: implementation thuộc BlueStore/BlueFS, object data, metadata, replay, fsck/repair.;
1570;v16.2.5;v16.2.15;src/os/bluestore/bluefs_types.h;;M;M;71;5;FALSE;100644;100644;e1cb0d8e4a958c9d662d149c5dbc26a56a7546c8;d5d8ee5a62826f979d8ad9d7106c15c45abc54a0;2;02-bluestore-bluefs;P0;runtime/source;deep;Chọn đọc sâu trước: implementation thuộc BlueStore/BlueFS, object data, metadata, replay, fsck/repair.;
1571;v16.2.5;v16.2.15;src/os/bluestore/bluestore_tool.cc;;M;M;99;14;FALSE;100644;100644;12293fdfd1b2c3bacdce6eb7cf98964850a24bd2;6c3fcd4fb0336914e16561e5d39f3ca9f0732a17;2;02-bluestore-bluefs;P0;runtime/source;deep;Chọn đọc sâu trước: implementation thuộc BlueStore/BlueFS, object data, metadata, replay, fsck/repair.;
1572;v16.2.5;v16.2.15;src/os/bluestore/bluestore_types.cc;;M;M;107;11;FALSE;100644;100644;b45e166541127c85c894e3f4c4704892610f7230;b62f6e2a3670b00ff7da37048685e0e9b364468f;2;02-bluestore-bluefs;P0;runtime/source;deep;Chọn đọc sâu trước: implementation thuộc BlueStore/BlueFS, object data, metadata, replay, fsck/repair.;
1573;v16.2.5;v16.2.15;src/os/bluestore/bluestore_types.h;;M;M;283;25;FALSE;100644;100644;9a10304e3e2db15e0583ef0a31b01c78e1b30753;b21531bfe5ed79e41fb76f2745a377006d8a9e18;2;02-bluestore-bluefs;P0;runtime/source;deep;Chọn đọc sâu trước: implementation thuộc BlueStore/BlueFS, object data, metadata, replay, fsck/repair.;
1574;v16.2.5;v16.2.15;src/os/bluestore/fastbmap_allocator_impl.cc;;M;M;4;14;FALSE;100644;100644;1b548eab71ddee27287b4b3c6872b5ad8292c306;4f735ba2efeebbe49c578d38cfa3d0cdc57f0dc0;2;02-bluestore-bluefs;P0;runtime/source;deep;Chọn đọc sâu trước: implementation thuộc BlueStore/BlueFS, object data, metadata, replay, fsck/repair.;
1575;v16.2.5;v16.2.15;src/os/bluestore/fastbmap_allocator_impl.h;;M;M;17;5;FALSE;100644;100644;52a1edee2f8a60f040417110fef26f26bdb2f86c;e44fc76d750023a5ad9e677f6890f7c11e36d373;2;02-bluestore-bluefs;P0;runtime/source;deep;Chọn đọc sâu trước: implementation thuộc BlueStore/BlueFS, object data, metadata, replay, fsck/repair.;
1576;v16.2.5;v16.2.15;src/os/memstore/MemStore.cc;;M;M;1;1;FALSE;100644;100644;dc29ab1b6fde88f6458c97003fc8cf73d60f93a6;bac863343f20b00be5532065d09e76dffcf43978;15;15-upgrade-validation;P1;runtime/source;deep;Chọn đọc sâu theo nhóm: implementation thuộc QA/test/release note và validation liên thành phần.;
1577;v16.2.5;v16.2.15;src/osd/CMakeLists.txt;;M;M;1;1;FALSE;100644;100644;0d0ca63b347b34259dcd9a366a31b7d9dd53ecbc;373456fc65d451107fc963a458597063d7881ed1;1;01-osd-pg-recovery;P1;build/package;deep;Đọc sâu khi ảnh hưởng build, package, quyền hoặc service: OSD, PG, peering, recovery/backfill, scrub, replication và EC.;
1578;v16.2.5;v16.2.15;src/osd/ECBackend.cc;;M;M;22;6;FALSE;100644;100644;70b6d734f4ba413a916c3feaa21e9264477e5c27;b13a99fbc9c575e8613e08213efbcdc5bbe469b8;1;01-osd-pg-recovery;P0;runtime/source;deep;Chọn đọc sâu trước: implementation thuộc OSD, PG, peering, recovery/backfill, scrub, replication và EC.;
1579;v16.2.5;v16.2.15;src/osd/ECBackend.h;;M;M;1;1;FALSE;100644;100644;c39de1bfeeb87b311da1d41d7607c9da75567d3b;45495376a2914fb07bb0d156deb46fa33a28ae63;1;01-osd-pg-recovery;P0;runtime/source;deep;Chọn đọc sâu trước: implementation thuộc OSD, PG, peering, recovery/backfill, scrub, replication và EC.;
1580;v16.2.5;v16.2.15;src/osd/OSD.cc;;M;M;509;183;FALSE;100644;100644;f580fb6f5645280c7357ade9585e2e64677f1340;d4d4ff0d517cc12b54a01f92b0a4f0d7f2068c5f;1;01-osd-pg-recovery;P0;runtime/source;deep;Chọn đọc sâu trước: implementation thuộc OSD, PG, peering, recovery/backfill, scrub, replication và EC.;
1581;v16.2.5;v16.2.15;src/osd/OSD.h;;M;M;45;8;FALSE;100644;100644;ed1fbcff1d4b9bcf41f3683a76e325b26962731b;2034ff6bed24fcaa9b5d8c09305f5861d1161308;1;01-osd-pg-recovery;P0;runtime/source;deep;Chọn đọc sâu trước: implementation thuộc OSD, PG, peering, recovery/backfill, scrub, replication và EC.;
1582;v16.2.5;v16.2.15;src/osd/OSDCap.cc;;M;M;5;1;FALSE;100644;100644;e7bf05827993a6369e02d5fb365668b646e6f513;7f58cc754c551010518f1fd9a92666cc6faa4297;1;01-osd-pg-recovery;P0;runtime/source;deep;Chọn đọc sâu trước: implementation thuộc OSD, PG, peering, recovery/backfill, scrub, replication và EC.;
1583;v16.2.5;v16.2.15;src/osd/OSDMap.cc;;M;M;227;17;FALSE;100644;100644;98b4c3e1821b8f6a48a341f33b5a7ca7b72a63f3;a263d4c10c6c060264048f84d13186490ebcd6df;4;04-mon-osdmap-crush;P0;runtime/source;deep;Chọn đọc sâu trước: implementation thuộc MON/quorum, OSDMap, CRUSH, placement và pool flags.;
1584;v16.2.5;v16.2.15;src/osd/OSDMap.h;;M;M;34;4;FALSE;100644;100644;711badddec066f7900d20606d92d06dbc67d7c79;fee74bfcbe95d7d541a34583bc3aa4f7bdf97a4c;4;04-mon-osdmap-crush;P0;runtime/source;deep;Chọn đọc sâu trước: implementation thuộc MON/quorum, OSDMap, CRUSH, placement và pool flags.;
1585;v16.2.5;v16.2.15;src/osd/OSDMapMapping.h;;M;M;5;4;FALSE;100644;100644;70258ff4e8d69652d2f6c6664f442a8f058e0f8f;3274d02e46349f4e5bc133a0acdc4387c697fa70;4;04-mon-osdmap-crush;P0;runtime/source;deep;Chọn đọc sâu trước: implementation thuộc MON/quorum, OSDMap, CRUSH, placement và pool flags.;
1586;v16.2.5;v16.2.15;src/osd/OpRequest.cc;;M;M;1;0;FALSE;100644;100644;0eb92c23a6a3e2642d1c033203cd8d6218e46821;e77ee2ca52ac7c0836142c9a297ac6245fa0d09c;1;01-osd-pg-recovery;P0;runtime/source;deep;Chọn đọc sâu trước: implementation thuộc OSD, PG, peering, recovery/backfill, scrub, replication và EC.;
1587;v16.2.5;v16.2.15;src/osd/OpRequest.h;;M;M;34;3;FALSE;100644;100644;0a03a85ac271c28e930a4d6f3c381d24b13d8f2a;7391e3b15eb9c345157d22b9dfb3d85b182839ac;1;01-osd-pg-recovery;P0;runtime/source;deep;Chọn đọc sâu trước: implementation thuộc OSD, PG, peering, recovery/backfill, scrub, replication và EC.;
1588;v16.2.5;v16.2.15;src/osd/PG.cc;;M;M;50;124;FALSE;100644;100644;2a582f3b5273fd1eff7d89d8ce0659bd8d03e17c;eb3b8b8f12d3d5569186ab91fa4418f3f4c8476e;1;01-osd-pg-recovery;P0;runtime/source;deep;Chọn đọc sâu trước: implementation thuộc OSD, PG, peering, recovery/backfill, scrub, replication và EC.;
1589;v16.2.5;v16.2.15;src/osd/PG.h;;M;M;119;22;FALSE;100644;100644;cad031c10861fb0f572051d6402ffa96f0a4cb76;baf5b5a57b54745a375d019b5823acf27dbc1a63;1;01-osd-pg-recovery;P0;runtime/source;deep;Chọn đọc sâu trước: implementation thuộc OSD, PG, peering, recovery/backfill, scrub, replication và EC.;
1590;v16.2.5;v16.2.15;src/osd/PGBackend.cc;;M;M;0;2;FALSE;100644;100644;b6357b12639a9054cef56cc2d38771cc45ecd22d;ef2eb538171601fb8569d6746ce34d2446c2d0e2;1;01-osd-pg-recovery;P0;runtime/source;deep;Chọn đọc sâu trước: implementation thuộc OSD, PG, peering, recovery/backfill, scrub, replication và EC.;
1591;v16.2.5;v16.2.15;src/osd/PGLog.cc;;M;M;75;17;FALSE;100644;100644;be3f7414d69242ebc21ab01c6adb1cfe2f1803d6;c881dbabe284925bab94548822744160e01e0e8c;1;01-osd-pg-recovery;P0;runtime/source;deep;Chọn đọc sâu trước: implementation thuộc OSD, PG, peering, recovery/backfill, scrub, replication và EC.;
1592;v16.2.5;v16.2.15;src/osd/PGLog.h;;M;M;25;7;FALSE;100644;100644;920b40dabc1a225df354e5168449602b9e5b6fd1;69ca1d20c740228cea8eafadc1429e3260dd2f47;1;01-osd-pg-recovery;P0;runtime/source;deep;Chọn đọc sâu trước: implementation thuộc OSD, PG, peering, recovery/backfill, scrub, replication và EC.;
1593;v16.2.5;v16.2.15;src/osd/PeeringState.cc;;M;M;39;11;FALSE;100644;100644;6274d2959ab5e5de98b51f7f2b744801b1346028;ab2e0f8cbc460b1f79bc3d4af934a3e695e4023f;1;01-osd-pg-recovery;P0;runtime/source;deep;Chọn đọc sâu trước: implementation thuộc OSD, PG, peering, recovery/backfill, scrub, replication và EC.;
1594;v16.2.5;v16.2.15;src/osd/PeeringState.h;;M;M;2;1;FALSE;100644;100644;2a000fb965a8659bf968f24ccc406dbf1ee948be;c28543a173a1e1b74027535bb2b2c4590c4bd8bd;1;01-osd-pg-recovery;P0;runtime/source;deep;Chọn đọc sâu trước: implementation thuộc OSD, PG, peering, recovery/backfill, scrub, replication và EC.;
1595;v16.2.5;v16.2.15;src/osd/PrimaryLogPG.cc;;M;M;72;22;FALSE;100644;100644;9fb22e0f9ee531e579a83f3331d5e4089c75cb4e;5af74e35695b737f5d3fc485679cade4055eb3be;1;01-osd-pg-recovery;P0;runtime/source;deep;Chọn đọc sâu trước: implementation thuộc OSD, PG, peering, recovery/backfill, scrub, replication và EC.;
1596;v16.2.5;v16.2.15;src/osd/PrimaryLogPG.h;;M;M;16;5;FALSE;100644;100644;1a8f8560870b2162029141a2428326b37f0b1795;f95c92fa0ff21b086273c42f6c16303a6c2b3ad5;1;01-osd-pg-recovery;P0;runtime/source;deep;Chọn đọc sâu trước: implementation thuộc OSD, PG, peering, recovery/backfill, scrub, replication và EC.;
1597;v16.2.5;v16.2.15;src/osd/PrimaryLogScrub.cc;;M;M;38;58;FALSE;100644;100644;39a16a3a3166fcf4c1e005dd1976ff14ea5cc0c1;8cf76dd1dad6e89a1502a7a6ce7a4e2c79dc217b;1;01-osd-pg-recovery;P0;runtime/source;deep;Chọn đọc sâu trước: implementation thuộc OSD, PG, peering, recovery/backfill, scrub, replication và EC.;
1598;v16.2.5;v16.2.15;src/osd/PrimaryLogScrub.h;;M;M;0;11;FALSE;100644;100644;d24fa09206555ce2f0c05640d568be65145c1ab7;78353d6dbb6ff4fa2ac646eca1ee74818d0da9b5;1;01-osd-pg-recovery;P0;runtime/source;deep;Chọn đọc sâu trước: implementation thuộc OSD, PG, peering, recovery/backfill, scrub, replication và EC.;
1599;v16.2.5;v16.2.15;src/osd/SnapMapper.cc;;M;M;38;6;FALSE;100644;100644;912c539b8bcf886dd4416264d2f937498918ce93;804213b1f264461d6830a7f0ed2681868dc3a579;1;01-osd-pg-recovery;P0;runtime/source;deep;Chọn đọc sâu trước: implementation thuộc OSD, PG, peering, recovery/backfill, scrub, replication và EC.;
1600;v16.2.5;v16.2.15;src/osd/SnapMapper.h;;M;M;5;0;FALSE;100644;100644;f8c2aff1b20f420826ac6b0e0593fd06f6444bfb;90b0c7c8d82e1b4c5141b8918e275f1ffa4a2e28;1;01-osd-pg-recovery;P0;runtime/source;deep;Chọn đọc sâu trước: implementation thuộc OSD, PG, peering, recovery/backfill, scrub, replication và EC.;
1601;v16.2.5;v16.2.15;src/osd/objclass.cc;;M;M;1;1;FALSE;100644;100644;6130ecce2256d2cb6db6c4f36e24cb48f863838a;274f5e063e62bf3c03fee7a82cbdc146905c4b9c;1;01-osd-pg-recovery;P0;runtime/source;deep;Chọn đọc sâu trước: implementation thuộc OSD, PG, peering, recovery/backfill, scrub, replication và EC.;
1602;v16.2.5;v16.2.15;src/osd/osd_op_util.cc;;M;M;18;1;FALSE;100644;100644;54c590ee2248ee9e842dd2b3ff770e37b14a75a4;4b75766aad4d26cabafdbbf10cb0baa25079cc49;1;01-osd-pg-recovery;P0;runtime/source;deep;Chọn đọc sâu trước: implementation thuộc OSD, PG, peering, recovery/backfill, scrub, replication và EC.;
1603;v16.2.5;v16.2.15;src/osd/osd_op_util.h;;M;M;2;0;FALSE;100644;100644;5fb568e4073643b2d2b61e61e1e246b80f44fba3;07df4e1910f99871ccd3aac8eb725bec416b4e24;1;01-osd-pg-recovery;P0;runtime/source;deep;Chọn đọc sâu trước: implementation thuộc OSD, PG, peering, recovery/backfill, scrub, replication và EC.;
1604;v16.2.5;v16.2.15;src/osd/osd_types.cc;;M;M;30;6;FALSE;100644;100644;2c5da52158fd80b71b4b2148290e9ca130d63e42;901e180465bf42fc7a69b3a7b821ef6bbe9fb386;1;01-osd-pg-recovery;P0;runtime/source;deep;Chọn đọc sâu trước: implementation thuộc OSD, PG, peering, recovery/backfill, scrub, replication và EC.;
1605;v16.2.5;v16.2.15;src/osd/osd_types.h;;M;M;18;2;FALSE;100644;100644;4a13ffd9719a0a07bf27cc67c47fc4fdfb2b6b5f;4345f8e634ccfc85c9707053e0ad9d95b177255a;1;01-osd-pg-recovery;P0;runtime/source;deep;Chọn đọc sâu trước: implementation thuộc OSD, PG, peering, recovery/backfill, scrub, replication và EC.;
1606;v16.2.5;v16.2.15;src/osd/pg_scrubber.cc;;M;M;419;170;FALSE;100644;100644;9a5dba5085f78168461d3ab6118b310de73eba69;20ab0a1aa09caefaf64e28e43c81659401e7a5be;1;01-osd-pg-recovery;P0;runtime/source;deep;Chọn đọc sâu trước: implementation thuộc OSD, PG, peering, recovery/backfill, scrub, replication và EC.;
1607;v16.2.5;v16.2.15;src/osd/pg_scrubber.h;;M;M;138;39;FALSE;100644;100644;bbbac38ca7565f2fe06e0cc76fa9468cbf1f813e;392a4a588026f6810fceb95702d8fb797ae1bcba;1;01-osd-pg-recovery;P0;runtime/source;deep;Chọn đọc sâu trước: implementation thuộc OSD, PG, peering, recovery/backfill, scrub, replication và EC.;
1608;v16.2.5;v16.2.15;src/osd/scheduler/OpScheduler.h;;M;M;7;0;FALSE;100644;100644;0c647c95114bd56df8b44651ff892f947040b1d1;6e2bb5abd829f1cec2e65f319ca62fce2f4620ab;1;01-osd-pg-recovery;P0;runtime/source;deep;Chọn đọc sâu trước: implementation thuộc OSD, PG, peering, recovery/backfill, scrub, replication và EC.;
1609;v16.2.5;v16.2.15;src/osd/scheduler/OpSchedulerItem.cc;;M;M;56;2;FALSE;100644;100644;a998757bbe8a958f611d7f658f667456e9da2be3;27db1dfa37be8ba1bdab5891a95dfd0f326f2cb9;1;01-osd-pg-recovery;P0;runtime/source;deep;Chọn đọc sâu trước: implementation thuộc OSD, PG, peering, recovery/backfill, scrub, replication và EC.;
1610;v16.2.5;v16.2.15;src/osd/scheduler/OpSchedulerItem.h;;M;M;68;5;FALSE;100644;100644;afa363e19e6895f7311819c5a2d305d3321b5499;7ba59838e94814b1c97bb3c785615efb59a2a478;1;01-osd-pg-recovery;P0;runtime/source;deep;Chọn đọc sâu trước: implementation thuộc OSD, PG, peering, recovery/backfill, scrub, replication và EC.;
1611;v16.2.5;v16.2.15;src/osd/scheduler/mClockScheduler.cc;;M;M;20;15;FALSE;100644;100644;470c943f4dfa2a19f19da410e77972e1f11766c3;f2f0ffc3dbd4635430f213ed1b12912fcfc2113e;1;01-osd-pg-recovery;P0;runtime/source;deep;Chọn đọc sâu trước: implementation thuộc OSD, PG, peering, recovery/backfill, scrub, replication và EC.;
1612;v16.2.5;v16.2.15;src/osd/scheduler/mClockScheduler.h;;M;M;3;0;FALSE;100644;100644;faee092f665d2bccf59dad4a9476e530c752d901;32f3851ec0558cf218c17e7b212811390b307070;1;01-osd-pg-recovery;P0;runtime/source;deep;Chọn đọc sâu trước: implementation thuộc OSD, PG, peering, recovery/backfill, scrub, replication và EC.;
1613;v16.2.5;v16.2.15;src/osd/scrub_machine.cc;;M;M;80;61;FALSE;100644;100644;2a2ee8732bda928de2464eec32d8e16154020928;60bfcce6a5e7f8dc9a67d85eda763d91f8bee047;1;01-osd-pg-recovery;P0;runtime/source;deep;Chọn đọc sâu trước: implementation thuộc OSD, PG, peering, recovery/backfill, scrub, replication và EC.;
1614;v16.2.5;v16.2.15;src/osd/scrub_machine.h;;M;M;61;31;FALSE;100644;100644;95035389e9ab69dba70b739b042ebca89e12597c;7f88a675a2b66217605ea5c3d615f6206e855ee4;1;01-osd-pg-recovery;P0;runtime/source;deep;Chọn đọc sâu trước: implementation thuộc OSD, PG, peering, recovery/backfill, scrub, replication và EC.;
1615;v16.2.5;v16.2.15;src/osd/scrub_machine_lstnr.h;;M;M;51;17;FALSE;100644;100644;2b96161215474759da1b398bae71797d0d6efe27;8d9622b9bde88e31b6051cfdf0839dd3a0c08620;1;01-osd-pg-recovery;P0;runtime/source;deep;Chọn đọc sâu trước: implementation thuộc OSD, PG, peering, recovery/backfill, scrub, replication và EC.;
1616;v16.2.5;v16.2.15;src/osd/scrubber_common.h;;M;M;40;7;FALSE;100644;100644;15a6cdf4dede485e14f395feff4d6bcfd8280820;65014b594d6cbf4c46815095e2c22f60230c87d2;1;01-osd-pg-recovery;P0;runtime/source;deep;Chọn đọc sâu trước: implementation thuộc OSD, PG, peering, recovery/backfill, scrub, replication và EC.;
1617;v16.2.5;v16.2.15;src/osdc/Journaler.cc;;M;M;32;9;FALSE;100644;100644;6e1cbd930ac2cf4500cc2f2dab8ce24e7095ba69;35641b17665b26ed43bd6738b15fd48d0cade2f1;10;10-rados-rbd-clients;P1;runtime/source;deep;Chọn đọc sâu theo nhóm: implementation thuộc RADOS/RBD/client/class, snapshot, diff và object-map.;
1618;v16.2.5;v16.2.15;src/osdc/Journaler.h;;M;M;4;1;FALSE;100644;100644;3e8f0f6650b8f01f79e275891f47a4b166b5f402;d41c1ede6788e67f8ccf8bf7a887424810807025;10;10-rados-rbd-clients;P1;runtime/source;deep;Chọn đọc sâu theo nhóm: implementation thuộc RADOS/RBD/client/class, snapshot, diff và object-map.;
1619;v16.2.5;v16.2.15;src/osdc/ObjectCacher.cc;;M;M;1;0;FALSE;100644;100644;7522c8258c83fe7dfa8bc9c160b69d0071826fa4;f2b6d9736749f0941556dfe76dca57d42f2c3e06;10;10-rados-rbd-clients;P1;runtime/source;deep;Chọn đọc sâu theo nhóm: implementation thuộc RADOS/RBD/client/class, snapshot, diff và object-map.;
1620;v16.2.5;v16.2.15;src/osdc/ObjectCacher.h;;M;M;7;0;FALSE;100644;100644;d5a77cd18aa19f6feee5b30694d485c12ea1d22b;2101692e14054311ae1b510139cfb19bfe09cad8;10;10-rados-rbd-clients;P1;runtime/source;deep;Chọn đọc sâu theo nhóm: implementation thuộc RADOS/RBD/client/class, snapshot, diff và object-map.;
1621;v16.2.5;v16.2.15;src/osdc/Objecter.cc;;M;M;19;5;FALSE;100644;100644;d935b73adb948a32d77d914f1c5b044416e441e9;a1df651f496850b43ad7e7a7428a39809e059233;10;10-rados-rbd-clients;P1;runtime/source;deep;Chọn đọc sâu theo nhóm: implementation thuộc RADOS/RBD/client/class, snapshot, diff và object-map.;
1622;v16.2.5;v16.2.15;src/osdc/Objecter.h;;M;M;1;5;FALSE;100644;100644;5af605913c06d1cbffa8e43791aa35a89534fdd4;163a3359de799f6b909c7e4ef1465cbc40ca062c;10;10-rados-rbd-clients;P1;runtime/source;deep;Chọn đọc sâu theo nhóm: implementation thuộc RADOS/RBD/client/class, snapshot, diff và object-map.;
1623;v16.2.5;v16.2.15;src/perfglue/cpu_profiler.cc;;M;M;2;2;FALSE;100644;100644;ea1be7e959596daa6321c98f527d0b621a08115c;81f2ccf8c9f664fa27ad3b250e3db8dff3c2fc20;5;05-messaging-auth-common;P1;runtime/source;deep;Chọn đọc sâu theo nhóm: implementation thuộc messenger, messages, auth, encode/decode và common runtime.;
1624;v16.2.5;v16.2.15;src/pybind/CMakeLists.txt;;M;M;9;1;FALSE;100644;100644;86fcc6becade7d3f2766bd0cf9b330b1882f7d5d;8b4cbf12cb67ae40cca6f992c57cb245ea6da7c2;13;13-build-packaging-submodules;P1;build/package;deep;Đọc sâu khi ảnh hưởng build, package, quyền hoặc service: build, packaging, systemd, dependency và submodule.;
1625;v16.2.5;v16.2.15;src/pybind/ceph_argparse.py;;M;M;21;3;FALSE;100644;100644;cc13a4001b6f1cd404a04e030f06e0b2592b524e;c544378c33cb619852a908a1069e5a8d1bf403ad;15;15-upgrade-validation;P1;runtime/source;deep;Chọn đọc sâu theo nhóm: implementation thuộc QA/test/release note và validation liên thành phần.;
1626;v16.2.5;v16.2.15;src/pybind/cephfs/cephfs.pyx;;M;M;19;11;FALSE;100644;100644;493b3a2c77636807881fd9f4cc9ff278d014b8af;9e183dc2caece533611d5f61223ccf140583aea4;11;11-cephfs-mds;P1;runtime/source;deep;Chọn đọc sâu theo nhóm: implementation thuộc CephFS/MDS/client, session, caps, volumes và NFS.;
1627;v16.2.5;v16.2.15;src/pybind/mgr/.pylintrc;;A;A;593;0;FALSE;0;100644;0;8cab074d9e0805e7acb740312391ebed40ab25a2;7;07-mgr-modules-monitoring;P1;runtime/source;deep;Chọn đọc sâu theo nhóm: implementation thuộc MGR, dashboard, module, metrics, alerts và monitoring.;
1628;v16.2.5;v16.2.15;src/pybind/mgr/CMakeLists.txt;;M;M;11;2;FALSE;100644;100644;679d0d9ae58ba3cf9f739cb344f89517f2706fa3;4b915219a365b2e9c36a3405bdd0009c7b657582;7;07-mgr-modules-monitoring;P1;build/package;deep;Đọc sâu khi ảnh hưởng build, package, quyền hoặc service: MGR, dashboard, module, metrics, alerts và monitoring.;
1629;v16.2.5;v16.2.15;src/pybind/mgr/alerts/module.py;;M;M;6;1;FALSE;100644;100644;e0b6cbcaa425ce1933f5927c03652e34a1901ddc;3d299f0d49ede701bea8439e179fe652f9ecc8d8;7;07-mgr-modules-monitoring;P1;runtime/source;deep;Chọn đọc sâu theo nhóm: implementation thuộc MGR, dashboard, module, metrics, alerts và monitoring.;
1630;v16.2.5;v16.2.15;src/pybind/mgr/balancer/module.py;;M;M;11;4;FALSE;100644;100644;d1f9710c35507284be3022aae999beb262559afa;100af9b5b478fc54e5d7d529b791a5beea8a1dfb;7;07-mgr-modules-monitoring;P1;runtime/source;deep;Chọn đọc sâu theo nhóm: implementation thuộc MGR, dashboard, module, metrics, alerts và monitoring.;
1631;v16.2.5;v16.2.15;src/pybind/mgr/ceph_module.pyi;;M;M;2;0;FALSE;100644;100644;4a5bac33f3e1b8869cfcb653961ac2a3c145fe72;2d8c8cbaba762cb0498432777650f7080773bfd7;7;07-mgr-modules-monitoring;P1;runtime/source;deep;Chọn đọc sâu theo nhóm: implementation thuộc MGR, dashboard, module, metrics, alerts và monitoring.;
1632;v16.2.5;v16.2.15;src/pybind/mgr/cephadm/configchecks.py;;M;M;1;9;FALSE;100644;100644;af80bd2619f15b0452c7d0daa4aeb48a4b77ec38;dc7a098277f77bb35ae1048531360b4f0a705c23;8;08-cephadm-orchestrator;P1;runtime/source;deep;Chọn đọc sâu theo nhóm: implementation thuộc cephadm/orchestrator, upgrade và daemon lifecycle.;
1633;v16.2.5;v16.2.15;src/pybind/mgr/cephadm/inventory.py;;M;M;99;65;FALSE;100644;100644;d0509b66124eea5118c764feb609f52fc1c4f271;8299383bda447b459b4439493ca196c7819096ea;8;08-cephadm-orchestrator;P1;runtime/source;deep;Chọn đọc sâu theo nhóm: implementation thuộc cephadm/orchestrator, upgrade và daemon lifecycle.;
1634;v16.2.5;v16.2.15;src/pybind/mgr/cephadm/migrations.py;;M;M;199;8;FALSE;100644;100644;cf30d15c28e7eeadb6a184bb2a426923beaced44;4a8c1b2f5bab09795a4fbfcd0bbd05c53c1b8b30;8;08-cephadm-orchestrator;P1;runtime/source;deep;Chọn đọc sâu theo nhóm: implementation thuộc cephadm/orchestrator, upgrade và daemon lifecycle.;
1635;v16.2.5;v16.2.15;src/pybind/mgr/cephadm/module.py;;M;M;556;99;FALSE;100644;100644;39a470c9dbae8dba7d801b5f126b9baf2b69c132;682ea210748671cd741aad8c0b557673d3eeab4a;8;08-cephadm-orchestrator;P1;runtime/source;deep;Chọn đọc sâu theo nhóm: implementation thuộc cephadm/orchestrator, upgrade và daemon lifecycle.;
1636;v16.2.5;v16.2.15;src/pybind/mgr/cephadm/offline_watcher.py;;A;A;70;0;FALSE;0;100644;0;006156fc736031e889d9e5ada91acf62fe716177;8;08-cephadm-orchestrator;P1;runtime/source;deep;Chọn đọc sâu theo nhóm: implementation thuộc cephadm/orchestrator, upgrade và daemon lifecycle.;
1637;v16.2.5;v16.2.15;src/pybind/mgr/cephadm/registry.py;;A;A;65;0;FALSE;0;100644;0;31e5fb23e807bc0453c43fd1efc8c0dfb7420a85;8;08-cephadm-orchestrator;P1;runtime/source;deep;Chọn đọc sâu theo nhóm: implementation thuộc cephadm/orchestrator, upgrade và daemon lifecycle.;
1638;v16.2.5;v16.2.15;src/pybind/mgr/cephadm/schedule.py;;M;M;49;21;FALSE;100644;100644;14d44fbfee24894b83f7ebefaac03677829aeb03;a727f50491f509718c11593f264ba2b5191cac07;8;08-cephadm-orchestrator;P1;runtime/source;deep;Chọn đọc sâu theo nhóm: implementation thuộc cephadm/orchestrator, upgrade và daemon lifecycle.;
1639;v16.2.5;v16.2.15;src/pybind/mgr/cephadm/serve.py;;M;M;518;327;FALSE;100644;100644;3a2128e4958045ca6e1b9b43a9e8edd6c848887e;5c491b23bb3736a333aa3bcb5f98fbc682f82cfe;8;08-cephadm-orchestrator;P1;runtime/source;deep;Chọn đọc sâu theo nhóm: implementation thuộc cephadm/orchestrator, upgrade và daemon lifecycle.;
1640;v16.2.5;v16.2.15;src/pybind/mgr/cephadm/services/cephadmservice.py;;M;M;88;32;FALSE;100644;100644;96e459c70a7e713029ae2a897b74871795ec0feb;a3f97b75e8e8fe2da8ff062958b76d3f6513052f;8;08-cephadm-orchestrator;P1;runtime/source;deep;Chọn đọc sâu theo nhóm: implementation thuộc cephadm/orchestrator, upgrade và daemon lifecycle.;
1641;v16.2.5;v16.2.15;src/pybind/mgr/cephadm/services/exporter.py;;M;M;2;2;FALSE;100644;100644;d6bef885bc2fea214da6a2697195bbbac42dbded;b9c7d85e6256aba59b2a15378d447ee80b59f80a;8;08-cephadm-orchestrator;P1;runtime/source;deep;Chọn đọc sâu theo nhóm: implementation thuộc cephadm/orchestrator, upgrade và daemon lifecycle.;
1642;v16.2.5;v16.2.15;src/pybind/mgr/cephadm/services/ingress.py;;M;M;95;28;FALSE;100644;100644;f78f558a2d8f8a309375456c9bce09a7147b0a20;93f2acc4429c1d96c22428e264a4d6bc8259d3e3;8;08-cephadm-orchestrator;P1;runtime/source;deep;Chọn đọc sâu theo nhóm: implementation thuộc cephadm/orchestrator, upgrade và daemon lifecycle.;
1643;v16.2.5;v16.2.15;src/pybind/mgr/cephadm/services/iscsi.py;;M;M;21;8;FALSE;100644;100644;c87307e1b73641e9bfeb57583176a618b98e82fb;61b157b444ca1a969ee7807cc63815711ca6ee07;8;08-cephadm-orchestrator;P1;runtime/source;deep;Chọn đọc sâu theo nhóm: implementation thuộc cephadm/orchestrator, upgrade và daemon lifecycle.;
1644;v16.2.5;v16.2.15;src/pybind/mgr/cephadm/services/monitoring.py;;M;M;215;50;FALSE;100644;100644;c32a1a1ee6bbd366d7b3217e481ea549b515e1a0;479ea30f17817c06a33e56c88905be4502a508f5;8;08-cephadm-orchestrator;P1;runtime/source;deep;Chọn đọc sâu theo nhóm: implementation thuộc cephadm/orchestrator, upgrade và daemon lifecycle.;
1645;v16.2.5;v16.2.15;src/pybind/mgr/cephadm/services/nfs.py;;M;M;20;26;FALSE;100644;100644;e6439110f94a1fc5eace1fd76ffdedc8343f3cfb;ee53283bd9c185aa135a3d06efdde6ba62316346;8;08-cephadm-orchestrator;P1;runtime/source;deep;Chọn đọc sâu theo nhóm: implementation thuộc cephadm/orchestrator, upgrade và daemon lifecycle.;
1646;v16.2.5;v16.2.15;src/pybind/mgr/cephadm/services/osd.py;;M;M;178;55;FALSE;100644;100644;3c30a413980210f4077ad35d47622fb2322b0f87;93ebb7c7667f7ec555d4600ed88613af01ca751a;8;08-cephadm-orchestrator;P1;runtime/source;deep;Chọn đọc sâu theo nhóm: implementation thuộc cephadm/orchestrator, upgrade và daemon lifecycle.;
1647;v16.2.5;v16.2.15;src/pybind/mgr/cephadm/templates/services/alertmanager/alertmanager.yml.j2;;M;M;22;1;FALSE;100644;100644;03c1479721b82b64327c8b409ed6ed7827638a24;4e394106f05a42a8fda2ebd65b3656625760bf22;8;08-cephadm-orchestrator;P1;runtime/source;deep;Chọn đọc sâu theo nhóm: implementation thuộc cephadm/orchestrator, upgrade và daemon lifecycle.;
1648;v16.2.5;v16.2.15;src/pybind/mgr/cephadm/templates/services/grafana/ceph-dashboard.yml.j2;;M;M;3;3;FALSE;100644;100644;8946cac0a09895c919636bd57179d0644c55cbca;170e6f246f6df6f40b37c705c2c1541913b5ef11;8;08-cephadm-orchestrator;P1;runtime/source;deep;Chọn đọc sâu theo nhóm: implementation thuộc cephadm/orchestrator, upgrade và daemon lifecycle.;
1649;v16.2.5;v16.2.15;src/pybind/mgr/cephadm/templates/services/grafana/grafana.ini.j2;;M;M;7;1;FALSE;100644;100644;3d6303f4466c00acb406eed95386750879f4c0f8;cf23802d71b78d014773c4112843612aebe33f0d;8;08-cephadm-orchestrator;P1;runtime/source;deep;Chọn đọc sâu theo nhóm: implementation thuộc cephadm/orchestrator, upgrade và daemon lifecycle.;
1650;v16.2.5;v16.2.15;src/pybind/mgr/cephadm/templates/services/ingress/haproxy.cfg.j2;;M;M;7;2;FALSE;100644;100644;137dc1157edf94e46a0ea16c8d4dd2e96e9cda3c;6d64c63634587a5e4f23cad2ac7b7979e5462838;8;08-cephadm-orchestrator;P1;runtime/source;deep;Chọn đọc sâu theo nhóm: implementation thuộc cephadm/orchestrator, upgrade và daemon lifecycle.;
1651;v16.2.5;v16.2.15;src/pybind/mgr/cephadm/templates/services/ingress/keepalived.conf.j2;;M;M;8;6;FALSE;100644;100644;2c4e326f6db1fd5adee72fe227fc6170aafaafc6;f560c9756654d0d51a025dc37d668ee7575023da;8;08-cephadm-orchestrator;P1;runtime/source;deep;Chọn đọc sâu theo nhóm: implementation thuộc cephadm/orchestrator, upgrade và daemon lifecycle.;
1652;v16.2.5;v16.2.15;src/pybind/mgr/cephadm/templates/services/iscsi/iscsi-gateway.cfg.j2;;M;M;1;1;FALSE;100644;100644;2bc13451d65d8a1f6abad4bbdc73de802cd13b3f;c2582ace7af350d8c9bb67e8dd74fa25be45c61d;8;08-cephadm-orchestrator;P1;runtime/source;deep;Chọn đọc sâu theo nhóm: implementation thuộc cephadm/orchestrator, upgrade và daemon lifecycle.;
1653;v16.2.5;v16.2.15;src/pybind/mgr/cephadm/templates/services/nfs/ganesha.conf.j2;;M;M;1;9;FALSE;100644;100644;aae3b671eaf7c0e52735666ef03eb9910597b45e;9d6e15f1c4f7111036384e269898f16501069732;8;08-cephadm-orchestrator;P1;runtime/source;deep;Chọn đọc sâu theo nhóm: implementation thuộc cephadm/orchestrator, upgrade và daemon lifecycle.;
1654;v16.2.5;v16.2.15;src/pybind/mgr/cephadm/tests/fixtures.py;;M;M;34;11;FALSE;100644;100644;11983737bcacf0fe2d48b15c781c51c4e7e7fb56;3e73cb59b085c111acad8b8e542c86a86053769e;8;08-cephadm-orchestrator;P2;test/QA;reference-only;Không đọc độc lập;
1655;v16.2.5;v16.2.15;src/pybind/mgr/cephadm/tests/test_cephadm.py;;M;M;806;138;FALSE;100644;100644;9848c0516c0f2005b38b86c45f39ed812a8ecfbc;b050aa6d018ec46eab77b596e3ec14c379b12e92;8;08-cephadm-orchestrator;P2;test/QA;reference-only;Không đọc độc lập;
1656;v16.2.5;v16.2.15;src/pybind/mgr/cephadm/tests/test_facts.py;;A;A;31;0;FALSE;0;100644;0;7838ee5d422edc81eaf64a031c841b38a09f474c;8;08-cephadm-orchestrator;P2;test/QA;reference-only;Không đọc độc lập;
1657;v16.2.5;v16.2.15;src/pybind/mgr/cephadm/tests/test_migration.py;;M;M;110;3;FALSE;100644;100644;168e44e749c2789b2c0819c8c3ad59312c97c48c;081b2447f5a1096bd3a32533e7798891a9c8c61c;8;08-cephadm-orchestrator;P2;test/QA;reference-only;Không đọc độc lập;
1658;v16.2.5;v16.2.15;src/pybind/mgr/cephadm/tests/test_osd_removal.py;;M;M;33;2;FALSE;100644;100644;cffdcaf03fbcbed85095218b8deca730f9476505;6685fcb2a6003d2ee105f0ed9f1b171ed89e3cbb;8;08-cephadm-orchestrator;P2;test/QA;reference-only;Không đọc độc lập;
1659;v16.2.5;v16.2.15;src/pybind/mgr/cephadm/tests/test_scheduling.py;;M;M;320;41;FALSE;100644;100644;9b4faf6b179cfd910ca3c48e3a98ae4ab1b4e9c5;14c51848a30ffccbf4d873b8b7993f872c81220d;8;08-cephadm-orchestrator;P2;test/QA;reference-only;Không đọc độc lập;
1660;v16.2.5;v16.2.15;src/pybind/mgr/cephadm/tests/test_services.py;;M;M;1108;2;FALSE;100644;100644;2c32dffd9738ab8a4e595c80b4fa7f9f62d32496;a979556c046deae9b4a23093cde5e663b4dae3ad;8;08-cephadm-orchestrator;P2;test/QA;reference-only;Không đọc độc lập;
1661;v16.2.5;v16.2.15;src/pybind/mgr/cephadm/tests/test_spec.py;;M;M;2;93;FALSE;100644;100644;d46cbfe7f17ff3c454a26a1d093f03476ddc646a;54aa0a7ab75eb31ae1d0cae90fd06b81b26ab07f;8;08-cephadm-orchestrator;P2;test/QA;reference-only;Không đọc độc lập;
1662;v16.2.5;v16.2.15;src/pybind/mgr/cephadm/tests/test_upgrade.py;;M;M;170;12;FALSE;100644;100644;df1cd3b563e796d5a0476729491afca22400c52f;88c441c96e951a96dac4eb6a481a5e04e2ca49fb;8;08-cephadm-orchestrator;P2;test/QA;reference-only;Không đọc độc lập;
1663;v16.2.5;v16.2.15;src/pybind/mgr/cephadm/upgrade.py;;M;M;633;276;FALSE;100644;100644;130db996625874e657a7c2ed73e876056d1775c1;ddca06cb21c1ed5cc79e4e71fad2ce30bb451d64;8;08-cephadm-orchestrator;P1;runtime/source;deep;Chọn đọc sâu theo nhóm: implementation thuộc cephadm/orchestrator, upgrade và daemon lifecycle.;
1664;v16.2.5;v16.2.15;src/pybind/mgr/cephadm/utils.py;;M;M;4;0;FALSE;100644;100644;be7ef49ba9f25ea98d545650023cdf443748f38b;25337c0ae2a56fca703b77e39e5d1239f39d589f;8;08-cephadm-orchestrator;P1;runtime/source;deep;Chọn đọc sâu theo nhóm: implementation thuộc cephadm/orchestrator, upgrade và daemon lifecycle.;
1665;v16.2.5;v16.2.15;src/pybind/mgr/cli_api/__init__.py;;A;A;10;0;FALSE;0;100644;0;a52284054d240057ee07e467979333842fcf5d5f;7;07-mgr-modules-monitoring;P1;runtime/source;deep;Chọn đọc sâu theo nhóm: implementation thuộc MGR, dashboard, module, metrics, alerts và monitoring.;
1666;v16.2.5;v16.2.15;src/pybind/mgr/cli_api/module.py;;A;A;120;0;FALSE;0;100755;0;79b042eb0e9d6e2d8d458af8abfbf5142a72a46c;7;07-mgr-modules-monitoring;P1;runtime/source;deep;Chọn đọc sâu theo nhóm: implementation thuộc MGR, dashboard, module, metrics, alerts và monitoring.;
1667;v16.2.5;v16.2.15;src/pybind/mgr/cli_api/tests/__init__.py;;A;A;0;0;FALSE;0;100644;0;e69de29bb2d1d6434b8b29ae775ad8c2e48c5391;7;07-mgr-modules-monitoring;P2;mechanical/zero-LOC;reference-only;Không đọc nội dung độc lập;
1668;v16.2.5;v16.2.15;src/pybind/mgr/cli_api/tests/test_cli_api.py;;A;A;40;0;FALSE;0;100644;0;ee42dc96a60a88e6799badd0de6c003f2cc93965;7;07-mgr-modules-monitoring;P2;test/QA;reference-only;Không đọc độc lập;
1669;v16.2.5;v16.2.15;src/pybind/mgr/dashboard/CMakeLists.txt;;M;M;5;2;FALSE;100644;100644;94c0a568277c8427c5ef9254d157b252503de3b3;0c8d46d65ee99499920bcbd61cdbc04868ff4518;7;07-mgr-modules-monitoring;P1;build/package;deep;Đọc sâu khi ảnh hưởng build, package, quyền hoặc service: MGR, dashboard, module, metrics, alerts và monitoring.;
1670;v16.2.5;v16.2.15;src/pybind/mgr/dashboard/__init__.py;;M;M;8;2;FALSE;100644;100644;34485327e3535bac9d49194c191d7f60362c7360;5156403e34e101560348e9b283dabf88d9997f4d;7;07-mgr-modules-monitoring;P1;runtime/source;deep;Chọn đọc sâu theo nhóm: implementation thuộc MGR, dashboard, module, metrics, alerts và monitoring.;
1671;v16.2.5;v16.2.15;src/pybind/mgr/dashboard/cherrypy_backports.py;;M;M;14;13;FALSE;100644;100644;4fc59ba0605a771de77e7d0eb267c323139fc7e3;26787200de19fa2a5fd08860278e3a5a3bbeebdc;7;07-mgr-modules-monitoring;P1;runtime/source;deep;Chọn đọc sâu theo nhóm: implementation thuộc MGR, dashboard, module, metrics, alerts và monitoring.;
1672;v16.2.5;v16.2.15;src/pybind/mgr/dashboard/ci/cephadm/bootstrap-cluster.sh;;M;M;28;12;FALSE;100755;100755;f0de590252a32dfbbe343d8cefb07ede58b496ce;fed0e25559fcfb148360db8d3c2a7c970b929910;7;07-mgr-modules-monitoring;P1;tool/script;conditional;Đọc theo điều kiện sử dụng;
1673;v16.2.5;v16.2.15;src/pybind/mgr/dashboard/ci/cephadm/ceph_cluster.yml;;M;M;16;11;FALSE;100755;100755;80273bbfe5ace5599fcdf54b541944b0e0faec01;a334fbad5f6eea66e580ae5f0e03672557bd80c0;7;07-mgr-modules-monitoring;P1;config/schema;deep;Đọc sâu option/default/schema và điều kiện có hiệu lực: MGR, dashboard, module, metrics, alerts và monitoring.;
1674;v16.2.5;v16.2.15;src/pybind/mgr/dashboard/ci/cephadm/run-cephadm-e2e-tests.sh;;M;M;29;60;FALSE;100755;100755;90bfa8d9ebb12cd2bb0447364b7c98fdf6931bb7;063b544f49148290cb80d45b44c86e094d509fcd;7;07-mgr-modules-monitoring;P1;tool/script;conditional;Đọc theo điều kiện sử dụng;
1675;v16.2.5;v16.2.15;src/pybind/mgr/dashboard/ci/cephadm/start-cluster.sh;;A;A;80;0;FALSE;0;100755;0;0d6e8a5dd53af5975b7911559cb6801d39310d8b;7;07-mgr-modules-monitoring;P1;tool/script;conditional;Đọc theo điều kiện sử dụng;
1676;v16.2.5;v16.2.15;src/pybind/mgr/dashboard/ci/check_grafana_dashboards.py;src/pybind/mgr/dashboard/ci/check_grafana_uids.py;R;R081;21;1;FALSE;100644;100644;250fb8bad480e621ab479a6c79f74a4b970f6bf5;d37337b404ed4c38f6463798c8d64bfb48b4d111;7;07-mgr-modules-monitoring;P1;runtime/source;deep;Chọn đọc sâu theo nhóm: implementation thuộc MGR, dashboard, module, metrics, alerts và monitoring.;rename 81%
1677;v16.2.5;v16.2.15;src/pybind/mgr/dashboard/constraints.txt;;M;M;7;8;FALSE;100644;100644;2b5c3f50e12501a74ac1f57c886c942f78f3616b;1b4595e1d0d78bb80780f9c472f13bff00955089;7;07-mgr-modules-monitoring;P1;runtime/source;deep;Chọn đọc sâu theo nhóm: implementation thuộc MGR, dashboard, module, metrics, alerts và monitoring.;
1678;v16.2.5;v16.2.15;src/pybind/mgr/dashboard/controllers/__init__.py;;M;M;35;1067;FALSE;100644;100644;7daf2301d351f3b07de90d01bf44495d42ef8166;7a5b090ee461e71d7b90ff890db5beaad610c088;7;07-mgr-modules-monitoring;P1;runtime/source;deep;Chọn đọc sâu theo nhóm: implementation thuộc MGR, dashboard, module, metrics, alerts và monitoring.;
1679;v16.2.5;v16.2.15;src/pybind/mgr/dashboard/controllers/_api_router.py;;A;A;13;0;FALSE;0;100644;0;dbd45ac0e674c1bf0750c7853ecca96fca3c507c;7;07-mgr-modules-monitoring;P1;runtime/source;deep;Chọn đọc sâu theo nhóm: implementation thuộc MGR, dashboard, module, metrics, alerts và monitoring.;
1680;v16.2.5;v16.2.15;src/pybind/mgr/dashboard/controllers/_auth.py;;A;A;18;0;FALSE;0;100644;0;0015a75e40b58e074a9a93ee33c90364c8792df1;7;07-mgr-modules-monitoring;P1;runtime/source;deep;Chọn đọc sâu theo nhóm: implementation thuộc MGR, dashboard, module, metrics, alerts và monitoring.;
1681;v16.2.5;v16.2.15;src/pybind/mgr/dashboard/controllers/_base_controller.py;;A;A;314;0;FALSE;0;100644;0;4fcc8442f1bc82dcd0cb3047ab1715c224eef58d;7;07-mgr-modules-monitoring;P1;runtime/source;deep;Chọn đọc sâu theo nhóm: implementation thuộc MGR, dashboard, module, metrics, alerts và monitoring.;
1682;v16.2.5;v16.2.15;src/pybind/mgr/dashboard/controllers/_docs.py;;A;A;128;0;FALSE;0;100644;0;5bd7a5a7a6ea5c6fd45173ea877347aed027596e;7;07-mgr-modules-monitoring;P1;runtime/source;deep;Chọn đọc sâu theo nhóm: implementation thuộc MGR, dashboard, module, metrics, alerts và monitoring.;
1683;v16.2.5;v16.2.15;src/pybind/mgr/dashboard/controllers/_endpoint.py;;A;A;82;0;FALSE;0;100644;0;fccab89c34979a9d02273d64598f1e208e0e6ecb;7;07-mgr-modules-monitoring;P1;runtime/source;deep;Chọn đọc sâu theo nhóm: implementation thuộc MGR, dashboard, module, metrics, alerts và monitoring.;
1684;v16.2.5;v16.2.15;src/pybind/mgr/dashboard/controllers/_helpers.py;;A;A;127;0;FALSE;0;100644;0;5ec49ee97e166b8f6cfbb79227c803e20441a929;7;07-mgr-modules-monitoring;P1;runtime/source;deep;Chọn đọc sâu theo nhóm: implementation thuộc MGR, dashboard, module, metrics, alerts và monitoring.;
1685;v16.2.5;v16.2.15;src/pybind/mgr/dashboard/controllers/_permissions.py;;A;A;60;0;FALSE;0;100644;0;eb190c9a9e07aed0367f7869380896aba2e357cd;7;07-mgr-modules-monitoring;P1;runtime/source;deep;Chọn đọc sâu theo nhóm: implementation thuộc MGR, dashboard, module, metrics, alerts và monitoring.;
1686;v16.2.5;v16.2.15;src/pybind/mgr/dashboard/controllers/_rest_controller.py;;A;A;249;0;FALSE;0;100644;0;03e124f9e4fb1dbec6f596bf41a5222bb126bb9d;7;07-mgr-modules-monitoring;P1;runtime/source;deep;Chọn đọc sâu theo nhóm: implementation thuộc MGR, dashboard, module, metrics, alerts và monitoring.;
1687;v16.2.5;v16.2.15;src/pybind/mgr/dashboard/controllers/_router.py;;A;A;69;0;FALSE;0;100644;0;ad67532e3154965c760f96d4b4f7f2067bd288df;7;07-mgr-modules-monitoring;P1;runtime/source;deep;Chọn đọc sâu theo nhóm: implementation thuộc MGR, dashboard, module, metrics, alerts và monitoring.;
1688;v16.2.5;v16.2.15;src/pybind/mgr/dashboard/controllers/_task.py;;A;A;79;0;FALSE;0;100644;0;33399e8e0f6edf7dd4f34bd9235d039f19ffbaca;7;07-mgr-modules-monitoring;P1;runtime/source;deep;Chọn đọc sâu theo nhóm: implementation thuộc MGR, dashboard, module, metrics, alerts và monitoring.;
1689;v16.2.5;v16.2.15;src/pybind/mgr/dashboard/controllers/_ui_router.py;;A;A;13;0;FALSE;0;100644;0;7454afaeb574007a292a67c675047a326123868f;7;07-mgr-modules-monitoring;P1;runtime/source;deep;Chọn đọc sâu theo nhóm: implementation thuộc MGR, dashboard, module, metrics, alerts và monitoring.;
1690;v16.2.5;v16.2.15;src/pybind/mgr/dashboard/controllers/_version.py;;A;A;75;0;FALSE;0;100644;0;3e7331c88ac78cc9cb2873c1c572ba76d581b3a5;7;07-mgr-modules-monitoring;P1;runtime/source;deep;Chọn đọc sâu theo nhóm: implementation thuộc MGR, dashboard, module, metrics, alerts và monitoring.;
1691;v16.2.5;v16.2.15;src/pybind/mgr/dashboard/controllers/auth.py;;M;M;5;4;FALSE;100644;100644;2e45b7c92e1840c23392c5dd37d22c9ff1350f8f;2d1290efb88caf06525d743cedcd44c6773d8852;7;07-mgr-modules-monitoring;P1;runtime/source;deep;Chọn đọc sâu theo nhóm: implementation thuộc MGR, dashboard, module, metrics, alerts và monitoring.;
1692;v16.2.5;v16.2.15;src/pybind/mgr/dashboard/controllers/cephfs.py;;M;M;22;8;FALSE;100644;100644;0a196913c2fe7415e4d15d18ae082fb096d5a464;11b0f6a7b820aa32e30752e3d325500105e6698c;7;07-mgr-modules-monitoring;P1;runtime/source;deep;Chọn đọc sâu theo nhóm: implementation thuộc MGR, dashboard, module, metrics, alerts và monitoring.;
1693;v16.2.5;v16.2.15;src/pybind/mgr/dashboard/controllers/cluster.py;;A;A;21;0;FALSE;0;100644;0;d8170e672e9929fc7a80b381f352cc603cf4eb56;7;07-mgr-modules-monitoring;P1;runtime/source;deep;Chọn đọc sâu theo nhóm: implementation thuộc MGR, dashboard, module, metrics, alerts và monitoring.;
1694;v16.2.5;v16.2.15;src/pybind/mgr/dashboard/controllers/cluster_configuration.py;;M;M;3;3;FALSE;100644;100644;8b0829b8402646fc36a80982ac2f789f192679b8;1cfd06059e6051bddde714e3dd0b0c9191fe139f;7;07-mgr-modules-monitoring;P1;runtime/source;deep;Chọn đọc sâu theo nhóm: implementation thuộc MGR, dashboard, module, metrics, alerts và monitoring.;
1695;v16.2.5;v16.2.15;src/pybind/mgr/dashboard/controllers/crush_rule.py;;M;M;6;6;FALSE;100644;100644;73485ac2df1d11e0d11246166d14338714d3162d;0310ab1c3d985c97f712353f97a3b5086fe97c36;7;07-mgr-modules-monitoring;P1;runtime/source;deep;Chọn đọc sâu theo nhóm: implementation thuộc MGR, dashboard, module, metrics, alerts và monitoring.;
1696;v16.2.5;v16.2.15;src/pybind/mgr/dashboard/controllers/daemon.py;;A;A;33;0;FALSE;0;100644;0;eeea5a326255541fc08d071b51d15834265d836f;7;07-mgr-modules-monitoring;P1;runtime/source;deep;Chọn đọc sâu theo nhóm: implementation thuộc MGR, dashboard, module, metrics, alerts và monitoring.;
1697;v16.2.5;v16.2.15;src/pybind/mgr/dashboard/controllers/docs.py;;M;M;23;83;FALSE;100644;100644;331f2479a69b1d34c0e884c7108c8a04b0bcfb13;ecbe45979c03a18e34979e4187da8dd506ab4a05;7;07-mgr-modules-monitoring;P1;runtime/source;deep;Chọn đọc sâu theo nhóm: implementation thuộc MGR, dashboard, module, metrics, alerts và monitoring.;
1698;v16.2.5;v16.2.15;src/pybind/mgr/dashboard/controllers/erasure_code_profile.py;;M;M;5;6;FALSE;100644;100644;4b8264ef0bd5c7e78c7f378eb114384b9939c84a;c5fb449d61e256eeb93bd46d93b770e2c8f01406;7;07-mgr-modules-monitoring;P1;runtime/source;deep;Chọn đọc sâu theo nhóm: implementation thuộc MGR, dashboard, module, metrics, alerts và monitoring.;
1699;v16.2.5;v16.2.15;src/pybind/mgr/dashboard/controllers/frontend_logging.py;;M;M;2;2;FALSE;100644;100644;421e36c02e744cb5a1c74b85691f539e94bba7f4;77372c6556b2bbec09711f83dd640c472a31bea9;7;07-mgr-modules-monitoring;P1;runtime/source;deep;Chọn đọc sâu theo nhóm: implementation thuộc MGR, dashboard, module, metrics, alerts và monitoring.;
1700;v16.2.5;v16.2.15;src/pybind/mgr/dashboard/controllers/grafana.py;;M;M;8;13;FALSE;100644;100644;94fe53d0f9774ef65838a364b6e00b6dbb61cf76;1f222a6635e54ef030b0642279b12d0eca1df37e;7;07-mgr-modules-monitoring;P1;runtime/source;deep;Chọn đọc sâu theo nhóm: implementation thuộc MGR, dashboard, module, metrics, alerts và monitoring.;
1701;v16.2.5;v16.2.15;src/pybind/mgr/dashboard/controllers/health.py;;M;M;5;5;FALSE;100644;100644;0ae0a5bf08b17d875dc6bece78ed819fbf488a9b;304402d35a7de16038eca63083db3a4cdc7ea2d1;7;07-mgr-modules-monitoring;P1;runtime/source;deep;Chọn đọc sâu theo nhóm: implementation thuộc MGR, dashboard, module, metrics, alerts và monitoring.;
1702;v16.2.5;v16.2.15;src/pybind/mgr/dashboard/controllers/home.py;;M;M;12;5;FALSE;100644;100644;793b241dd75597ce63a9e0224b9c041af5a94a59;403d4de70e62d24ef8d85c6b342bb3e853e92ca5;7;07-mgr-modules-monitoring;P1;runtime/source;deep;Chọn đọc sâu theo nhóm: implementation thuộc MGR, dashboard, module, metrics, alerts và monitoring.;
1703;v16.2.5;v16.2.15;src/pybind/mgr/dashboard/controllers/host.py;;M;M;55;25;FALSE;100644;100644;a13b1eb20f6a3754c141c5c8eb56a10344331729;22dca02c47a07b0f7784f2f0780dc64b6ac46989;7;07-mgr-modules-monitoring;P1;runtime/source;deep;Chọn đọc sâu theo nhóm: implementation thuộc MGR, dashboard, module, metrics, alerts và monitoring.;
1704;v16.2.5;v16.2.15;src/pybind/mgr/dashboard/controllers/iscsi.py;;M;M;7;8;FALSE;100644;100644;687daa91966f7e1db9894cc62c34d061a3f5adaf;9135f5abc8f44a802133c713a40ed394ebe4409c;7;07-mgr-modules-monitoring;P1;runtime/source;deep;Chọn đọc sâu theo nhóm: implementation thuộc MGR, dashboard, module, metrics, alerts và monitoring.;
1705;v16.2.5;v16.2.15;src/pybind/mgr/dashboard/controllers/logs.py;;M;M;4;4;FALSE;100644;100644;97995110746f347433200f8b1cb2aeda4bb68f03;cc217ce0d0bbf19a36ef10d34acd8d21295a812f;7;07-mgr-modules-monitoring;P1;runtime/source;deep;Chọn đọc sâu theo nhóm: implementation thuộc MGR, dashboard, module, metrics, alerts và monitoring.;
1706;v16.2.5;v16.2.15;src/pybind/mgr/dashboard/controllers/mgr_modules.py;;M;M;3;3;FALSE;100644;100644;b614612d0b72dd056662d575f8cd477ac237f3d7;50a4c71e8eccd8502f66c78154771e7891424c23;7;07-mgr-modules-monitoring;P1;runtime/source;deep;Chọn đọc sâu theo nhóm: implementation thuộc MGR, dashboard, module, metrics, alerts và monitoring.;
1707;v16.2.5;v16.2.15;src/pybind/mgr/dashboard/controllers/monitor.py;;M;M;3;3;FALSE;100644;100644;b61fcd4f393e26e45039e107f1395fc50caf01f1;c880859d2470648a2bf4c9c25e108e674a8238ac;7;07-mgr-modules-monitoring;P1;runtime/source;deep;Chọn đọc sâu theo nhóm: implementation thuộc MGR, dashboard, module, metrics, alerts và monitoring.;
1708;v16.2.5;v16.2.15;src/pybind/mgr/dashboard/controllers/nfs.py;;A;A;280;0;FALSE;0;100644;0;c5ab05de75ec60d51aa1236527960f32ba777849;7;07-mgr-modules-monitoring;P1;runtime/source;deep;Chọn đọc sâu theo nhóm: implementation thuộc MGR, dashboard, module, metrics, alerts và monitoring.;
1709;v16.2.5;v16.2.15;src/pybind/mgr/dashboard/controllers/nfsganesha.py;;D;D;0;320;FALSE;100644;0;91d079234e4608b3c9dc7b6a550471ed7812e29d;0;7;07-mgr-modules-monitoring;P1;runtime/source;deep;Chọn đọc sâu theo nhóm: implementation thuộc MGR, dashboard, module, metrics, alerts và monitoring.;
1710;v16.2.5;v16.2.15;src/pybind/mgr/dashboard/controllers/orchestrator.py;;M;M;3;3;FALSE;100644;100644;085870a0f4aac7bbbda82e87dc3d71e6c530bf18;fe0794da59edcbce88b3e175c10285c5fd550df3;7;07-mgr-modules-monitoring;P1;runtime/source;deep;Chọn đọc sâu theo nhóm: implementation thuộc MGR, dashboard, module, metrics, alerts và monitoring.;
1711;v16.2.5;v16.2.15;src/pybind/mgr/dashboard/controllers/osd.py;;M;M;148;9;FALSE;100644;100644;1c6b2d26aeba11494cba796ec668492f809b94b9;16c94dea0ab8d66c5aa56f7b6957da75715b95b5;7;07-mgr-modules-monitoring;P1;runtime/source;deep;Chọn đọc sâu theo nhóm: implementation thuộc MGR, dashboard, module, metrics, alerts và monitoring.;
1712;v16.2.5;v16.2.15;src/pybind/mgr/dashboard/controllers/perf_counters.py;;M;M;23;83;FALSE;100644;100644;fca8e294ef51b44a184e217d2f8ecb06a01b2f62;7c272c6a801b5c3f6bb347bcaf86165e98545b1c;7;07-mgr-modules-monitoring;P1;runtime/source;deep;Chọn đọc sâu theo nhóm: implementation thuộc MGR, dashboard, module, metrics, alerts và monitoring.;
1713;v16.2.5;v16.2.15;src/pybind/mgr/dashboard/controllers/pool.py;;M;M;14;7;FALSE;100644;100644;32ec6c198f8799476cefca9ff9331f7dcb2e90cb;8e8a87b98c914e9fc05d4c4832b22d8459dadd7b;7;07-mgr-modules-monitoring;P1;runtime/source;deep;Chọn đọc sâu theo nhóm: implementation thuộc MGR, dashboard, module, metrics, alerts và monitoring.;
1714;v16.2.5;v16.2.15;src/pybind/mgr/dashboard/controllers/prometheus.py;;M;M;25;8;FALSE;100644;100644;a06778f9a595a2ab0c9ce8546b5299d00d43c31a;862e59cbda6de13fde2571a59bf130c81bc33c41;7;07-mgr-modules-monitoring;P1;runtime/source;deep;Chọn đọc sâu theo nhóm: implementation thuộc MGR, dashboard, module, metrics, alerts và monitoring.;
1715;v16.2.5;v16.2.15;src/pybind/mgr/dashboard/controllers/rbd.py;;M;M;115;36;FALSE;100644;100644;57fe06a00a65a5538ea63dcddd72f07646384992;210531d341c7911cb62dc75fdfc24192b4a82f34;7;07-mgr-modules-monitoring;P1;runtime/source;deep;Chọn đọc sâu theo nhóm: implementation thuộc MGR, dashboard, module, metrics, alerts và monitoring.;
1716;v16.2.5;v16.2.15;src/pybind/mgr/dashboard/controllers/rbd_mirroring.py;;M;M;96;27;FALSE;100644;100644;0c41d71375cfbec591f6484c385ac9b555145fab;c0d3f1f5d2376d1596fdc67fe6a66443780b4b71;7;07-mgr-modules-monitoring;P1;runtime/source;deep;Chọn đọc sâu theo nhóm: implementation thuộc MGR, dashboard, module, metrics, alerts và monitoring.;
1717;v16.2.5;v16.2.15;src/pybind/mgr/dashboard/controllers/rgw.py;;M;M;24;16;FALSE;100644;100644;12a65613dd164d7cceca42e521deb10a3691c4f2;d8b750100bc1756ee1d1b206e2a1fc4fa24d46e0;7;07-mgr-modules-monitoring;P1;runtime/source;deep;Chọn đọc sâu theo nhóm: implementation thuộc MGR, dashboard, module, metrics, alerts và monitoring.;
1718;v16.2.5;v16.2.15;src/pybind/mgr/dashboard/controllers/role.py;;M;M;4;5;FALSE;100644;100644;32404237c4a7c17bf3dafdc5632df53f7de3f7b3;197c037647387b7663d08ed2e79a1bf7ad13e44c;7;07-mgr-modules-monitoring;P1;runtime/source;deep;Chọn đọc sâu theo nhóm: implementation thuộc MGR, dashboard, module, metrics, alerts và monitoring.;
1719;v16.2.5;v16.2.15;src/pybind/mgr/dashboard/controllers/saml2.py;;M;M;6;3;FALSE;100644;100644;fb8278068b1a61a43bca095180cbb5e84b5ebe31;76b8e8498aa972ecae74df15068056a333ff0b71;7;07-mgr-modules-monitoring;P1;runtime/source;deep;Chọn đọc sâu theo nhóm: implementation thuộc MGR, dashboard, module, metrics, alerts và monitoring.;
1720;v16.2.5;v16.2.15;src/pybind/mgr/dashboard/controllers/service.py;;M;M;22;11;FALSE;100644;100644;b3c3ab94798bf4c4788ec29cb68057c7823fb74b;afe684302b160d4ce962595b8fb241c9635800b4;7;07-mgr-modules-monitoring;P1;runtime/source;deep;Chọn đọc sâu theo nhóm: implementation thuộc MGR, dashboard, module, metrics, alerts và monitoring.;
1721;v16.2.5;v16.2.15;src/pybind/mgr/dashboard/controllers/settings.py;;M;M;4;4;FALSE;100644;100644;7d9ca9fb316a60e279347c94d49f4bfbe8c6e2a4;5df9ab1c90fdedac1b928c6f54395c9f452da73c;7;07-mgr-modules-monitoring;P1;runtime/source;deep;Chọn đọc sâu theo nhóm: implementation thuộc MGR, dashboard, module, metrics, alerts và monitoring.;
1722;v16.2.5;v16.2.15;src/pybind/mgr/dashboard/controllers/summary.py;;M;M;3;3;FALSE;100644;100644;4e240b9770bd022be848b35919f89aaf1c7202e5;25e4669965323f93396efb7382b7baf765b91c86;7;07-mgr-modules-monitoring;P1;runtime/source;deep;Chọn đọc sâu theo nhóm: implementation thuộc MGR, dashboard, module, metrics, alerts và monitoring.;
1723;v16.2.5;v16.2.15;src/pybind/mgr/dashboard/controllers/task.py;;M;M;3;3;FALSE;100644;100644;16c5017822e308c4adb40de4c365b159c0036863;14e763b752aa84df665a456d0bca8a20393c95ec;7;07-mgr-modules-monitoring;P1;runtime/source;deep;Chọn đọc sâu theo nhóm: implementation thuộc MGR, dashboard, module, metrics, alerts và monitoring.;
1724;v16.2.5;v16.2.15;src/pybind/mgr/dashboard/controllers/telemetry.py;;M;M;3;3;FALSE;100644;100644;9e3d3e1cbb06c283812c5002ebe8df0053b1a661;b1f714bc38e0ad5915add11ed01ab29448324e2f;7;07-mgr-modules-monitoring;P1;runtime/source;deep;Chọn đọc sâu theo nhóm: implementation thuộc MGR, dashboard, module, metrics, alerts và monitoring.;
1725;v16.2.5;v16.2.15;src/pybind/mgr/dashboard/controllers/user.py;;M;M;8;8;FALSE;100644;100644;8d340fedccb4a3fd9861c0d021546873741c3daf;53df8eab90b1f645054acf6b1a1dcd6682f632ae;7;07-mgr-modules-monitoring;P1;runtime/source;deep;Chọn đọc sâu theo nhóm: implementation thuộc MGR, dashboard, module, metrics, alerts và monitoring.;
1726;v16.2.5;v16.2.15;src/pybind/mgr/dashboard/frontend/.gherkin-lintrc;;A;A;33;0;FALSE;0;100644;0;706b93bea248bf95009bec2890d7f78ca789af20;7;07-mgr-modules-monitoring;P1;runtime/source;deep;Chọn đọc sâu theo nhóm: implementation thuộc MGR, dashboard, module, metrics, alerts và monitoring.;
1727;v16.2.5;v16.2.15;src/pybind/mgr/dashboard/frontend/.npmrc;;A;A;2;0;FALSE;0;100644;0;ce9882e34e111cb943e80b0f3113a4b0ba9654c7;7;07-mgr-modules-monitoring;P1;runtime/source;deep;Chọn đọc sâu theo nhóm: implementation thuộc MGR, dashboard, module, metrics, alerts và monitoring.;
1728;v16.2.5;v16.2.15;src/pybind/mgr/dashboard/frontend/angular.json;;M;M;11;4;FALSE;100644;100644;5b1ec7ebdcd67c13a19ee22382c0501877ec0323;b49c00b8cb791de6448de9ab9e5112e1198bd927;7;07-mgr-modules-monitoring;P1;runtime/source;deep;Chọn đọc sâu theo nhóm: implementation thuộc MGR, dashboard, module, metrics, alerts và monitoring.;
1729;v16.2.5;v16.2.15;src/pybind/mgr/dashboard/frontend/applitools.config.js;;A;A;21;0;FALSE;0;100644;0;2bf52651ec2c9fc7ff6a4baaa8f796744d864c9a;7;07-mgr-modules-monitoring;P1;runtime/source;deep;Chọn đọc sâu theo nhóm: implementation thuộc MGR, dashboard, module, metrics, alerts và monitoring.;
1730;v16.2.5;v16.2.15;src/pybind/mgr/dashboard/frontend/cypress/fixtures/block-rbd-status.json;;A;A;1;0;FALSE;0;100644;0;1d6f30b9a90216af644bae54eda8473159696d0e;7;07-mgr-modules-monitoring;P2;test/fixture-data;reference-only;Không đọc dữ liệu độc lập;
1731;v16.2.5;v16.2.15;src/pybind/mgr/dashboard/frontend/cypress/integration/block/images.e2e-spec.ts;;M;M;2;2;FALSE;100644;100644;cf8832bb9bbc07ac98d10d67821facf87847d350;5c89359db790e64ba0c22dd4099ec782feb5a328;7;07-mgr-modules-monitoring;P1;runtime/source;deep;Chọn đọc sâu theo nhóm: implementation thuộc MGR, dashboard, module, metrics, alerts và monitoring.;
1732;v16.2.5;v16.2.15;src/pybind/mgr/dashboard/frontend/cypress/integration/block/mirroring.e2e-spec.ts;;M;M;4;4;FALSE;100644;100644;ddee817e18ef1232baf21395347679455d739d63;dfba73b27409d98f34065c1c1212eb0621a6c894;7;07-mgr-modules-monitoring;P1;runtime/source;deep;Chọn đọc sâu theo nhóm: implementation thuộc MGR, dashboard, module, metrics, alerts và monitoring.;
1733;v16.2.5;v16.2.15;src/pybind/mgr/dashboard/frontend/cypress/integration/cluster/configuration.e2e-spec.ts;;M;M;21;5;FALSE;100644;100644;f9bc8d43f5d453bf0322478ec0a7aa9907023f2b;d022d59cfa9a2ea85e8f1396bd92eaca42c54292;7;07-mgr-modules-monitoring;P1;runtime/source;deep;Chọn đọc sâu theo nhóm: implementation thuộc MGR, dashboard, module, metrics, alerts và monitoring.;
1734;v16.2.5;v16.2.15;src/pybind/mgr/dashboard/frontend/cypress/integration/cluster/configuration.po.ts;;M;M;2;2;FALSE;100644;100644;f309120c60d6c9d87bbe6dea4725c70b39a34a4d;0133dc31f9030eb8b4247e2bbca50e8b9a3d9334;7;07-mgr-modules-monitoring;P1;runtime/source;deep;Chọn đọc sâu theo nhóm: implementation thuộc MGR, dashboard, module, metrics, alerts và monitoring.;
1735;v16.2.5;v16.2.15;src/pybind/mgr/dashboard/frontend/cypress/integration/cluster/create-cluster.po.ts;;A;A;56;0;FALSE;0;100644;0;300eddbcc3de8c676cd937ac31e7c9a01746e98b;7;07-mgr-modules-monitoring;P1;runtime/source;deep;Chọn đọc sâu theo nhóm: implementation thuộc MGR, dashboard, module, metrics, alerts và monitoring.;
1736;v16.2.5;v16.2.15;src/pybind/mgr/dashboard/frontend/cypress/integration/cluster/hosts.e2e-spec.ts;;M;M;0;4;FALSE;100644;100644;c1935a7838319940027b7b919e36cbc2db5979f1;e4f9936c3e36f962222f8df1b0995e1ffe07f724;7;07-mgr-modules-monitoring;P1;runtime/source;deep;Chọn đọc sâu theo nhóm: implementation thuộc MGR, dashboard, module, metrics, alerts và monitoring.;
1737;v16.2.5;v16.2.15;src/pybind/mgr/dashboard/frontend/cypress/integration/cluster/hosts.po.ts;;M;M;59;46;FALSE;100644;100644;6752fe9e7870cb511c98f8ff9ff073137ceeeb6e;0c5da93316c46bed897c15779bd0ba1107e39243;7;07-mgr-modules-monitoring;P1;runtime/source;deep;Chọn đọc sâu theo nhóm: implementation thuộc MGR, dashboard, module, metrics, alerts và monitoring.;
1738;v16.2.5;v16.2.15;src/pybind/mgr/dashboard/frontend/cypress/integration/cluster/inventory.po.ts;;M;M;1;1;FALSE;100644;100644;ee8e43f7ef7c1296f47b244d5d5986937f13eaf8;5a9abdc036c915d2cd651f2e7adf127c3abb25a4;7;07-mgr-modules-monitoring;P1;runtime/source;deep;Chọn đọc sâu theo nhóm: implementation thuộc MGR, dashboard, module, metrics, alerts và monitoring.;
1739;v16.2.5;v16.2.15;src/pybind/mgr/dashboard/frontend/cypress/integration/cluster/logs.e2e-spec.ts;;M;M;1;1;FALSE;100644;100644;731275e26d1c15a2d3812423b7218be19a962fac;9868b89aedbc5489298b34355d7a092078a44a06;7;07-mgr-modules-monitoring;P1;runtime/source;deep;Chọn đọc sâu theo nhóm: implementation thuộc MGR, dashboard, module, metrics, alerts và monitoring.;
1740;v16.2.5;v16.2.15;src/pybind/mgr/dashboard/frontend/cypress/integration/cluster/mgr-modules.e2e-spec.ts;;M;M;0;5;FALSE;100644;100644;82c6878969935e787186961d320a55c4545a6536;50656feceb76b0f9ffe5567fc8a374b946c4da49;7;07-mgr-modules-monitoring;P1;runtime/source;deep;Chọn đọc sâu theo nhóm: implementation thuộc MGR, dashboard, module, metrics, alerts và monitoring.;
1741;v16.2.5;v16.2.15;src/pybind/mgr/dashboard/frontend/cypress/integration/cluster/mgr-modules.po.ts;;M;M;11;7;FALSE;100644;100644;8faaff09afae5df1eb91c6e528254bf114c6a98b;04d2eee46142f4b4e857a154d87ddb450bed5d52;7;07-mgr-modules-monitoring;P1;runtime/source;deep;Chọn đọc sâu theo nhóm: implementation thuộc MGR, dashboard, module, metrics, alerts và monitoring.;
1742;v16.2.5;v16.2.15;src/pybind/mgr/dashboard/frontend/cypress/integration/cluster/osds.po.ts;;M;M;18;9;FALSE;100644;100644;263dfd89ec1606b724ac1725bce7e526b6d821a0;cd812f474fb89ae9d55a3275d5181954e79f7725;7;07-mgr-modules-monitoring;P1;runtime/source;deep;Chọn đọc sâu theo nhóm: implementation thuộc MGR, dashboard, module, metrics, alerts và monitoring.;
1743;v16.2.5;v16.2.15;src/pybind/mgr/dashboard/frontend/cypress/integration/cluster/services.po.ts;;M;M;137;21;FALSE;100644;100644;55763285e290efadc111765b477a08b1a293a52a;b3918572f3df6ee7281ce7a5ee0a4a1b66f12e5f;7;07-mgr-modules-monitoring;P1;runtime/source;deep;Chọn đọc sâu theo nhóm: implementation thuộc MGR, dashboard, module, metrics, alerts và monitoring.;
1744;v16.2.5;v16.2.15;src/pybind/mgr/dashboard/frontend/cypress/integration/common/01-global.feature.po.ts;;A;A;188;0;FALSE;0;100644;0;575d4013b9376267427107c7fcad3417ee448310;7;07-mgr-modules-monitoring;P1;runtime/source;deep;Chọn đọc sâu theo nhóm: implementation thuộc MGR, dashboard, module, metrics, alerts và monitoring.;
1745;v16.2.5;v16.2.15;src/pybind/mgr/dashboard/frontend/cypress/integration/common/create-cluster/create-cluster.feature.po.ts;;A;A;12;0;FALSE;0;100644;0;d18c348554691aac3c2e854b9a240a305023f9b6;7;07-mgr-modules-monitoring;P1;runtime/source;deep;Chọn đọc sâu theo nhóm: implementation thuộc MGR, dashboard, module, metrics, alerts và monitoring.;
1746;v16.2.5;v16.2.15;src/pybind/mgr/dashboard/frontend/cypress/integration/common/grafana.feature.po.ts;;A;A;86;0;FALSE;0;100644;0;7366f8babb3f60eda8f63cc72045e14c05ddbec4;7;07-mgr-modules-monitoring;P1;runtime/source;deep;Chọn đọc sâu theo nhóm: implementation thuộc MGR, dashboard, module, metrics, alerts và monitoring.;
1747;v16.2.5;v16.2.15;src/pybind/mgr/dashboard/frontend/cypress/integration/common/urls.po.ts;;A;A;44;0;FALSE;0;100644;0;28635508571504e32b9da870a70040bdff8f1029;7;07-mgr-modules-monitoring;P1;runtime/source;deep;Chọn đọc sâu theo nhóm: implementation thuộc MGR, dashboard, module, metrics, alerts và monitoring.;
1748;v16.2.5;v16.2.15;src/pybind/mgr/dashboard/frontend/cypress/integration/orchestrator/01-hosts-force-maintenance.e2e-spec.ts;;D;D;0;39;FALSE;100644;0;ac00e2f2903e71f55ca991e17cc49ec8e85eab40;0;7;07-mgr-modules-monitoring;P1;runtime/source;deep;Chọn đọc sâu theo nhóm: implementation thuộc MGR, dashboard, module, metrics, alerts và monitoring.;
1749;v16.2.5;v16.2.15;src/pybind/mgr/dashboard/frontend/cypress/integration/orchestrator/01-hosts.e2e-spec.ts;;M;M;13;10;FALSE;100644;100644;46bb1fea89e11817b771ab328be236e8c0fe23ae;aca36ade192198a7faef4396c5f47d5b4103da50;7;07-mgr-modules-monitoring;P1;runtime/source;deep;Chọn đọc sâu theo nhóm: implementation thuộc MGR, dashboard, module, metrics, alerts và monitoring.;
1750;v16.2.5;v16.2.15;src/pybind/mgr/dashboard/frontend/cypress/integration/orchestrator/02-hosts-inventory.e2e-spec.ts;;D;D;0;26;FALSE;100644;0;2b9ca548d543573e8a82d48c96760b851cf70220;0;7;07-mgr-modules-monitoring;P1;runtime/source;deep;Chọn đọc sâu theo nhóm: implementation thuộc MGR, dashboard, module, metrics, alerts và monitoring.;
1751;v16.2.5;v16.2.15;src/pybind/mgr/dashboard/frontend/cypress/integration/orchestrator/03-inventory.e2e-spec.ts;;M;M;2;2;FALSE;100644;100644;596653ab5564789b04420f4e7407da59a99c6f24;a64e3bc8c020fca69f36cdd57890beee5d85ffb6;7;07-mgr-modules-monitoring;P1;runtime/source;deep;Chọn đọc sâu theo nhóm: implementation thuộc MGR, dashboard, module, metrics, alerts và monitoring.;
1752;v16.2.5;v16.2.15;src/pybind/mgr/dashboard/frontend/cypress/integration/orchestrator/05-services.e2e-spec.ts;;M;M;10;3;FALSE;100644;100644;dec84d73562d8a423094b66979de97607c86a29b;fb5e6ac8923aae825fae4f71c27f587255881224;7;07-mgr-modules-monitoring;P1;runtime/source;deep;Chọn đọc sâu theo nhóm: implementation thuộc MGR, dashboard, module, metrics, alerts và monitoring.;
1753;v16.2.5;v16.2.15;src/pybind/mgr/dashboard/frontend/cypress/integration/orchestrator/grafana/grafana.feature;;A;A;63;0;FALSE;0;100644;0;62476ad25a4bf1f34e4f27e352dee7c78e06cb73;7;07-mgr-modules-monitoring;P1;runtime/source;deep;Chọn đọc sâu theo nhóm: implementation thuộc MGR, dashboard, module, metrics, alerts và monitoring.;
1754;v16.2.5;v16.2.15;src/pybind/mgr/dashboard/frontend/cypress/integration/orchestrator/workflow/01-create-cluster-welcome.feature;;A;A;26;0;FALSE;0;100644;0;6ba2fc4fc54c06210c42b8d781ec408b4ee1abba;7;07-mgr-modules-monitoring;P1;runtime/source;deep;Chọn đọc sâu theo nhóm: implementation thuộc MGR, dashboard, module, metrics, alerts và monitoring.;
1755;v16.2.5;v16.2.15;src/pybind/mgr/dashboard/frontend/cypress/integration/orchestrator/workflow/01-hosts.e2e-spec.ts;;D;D;0;57;FALSE;100644;0;b1c8ad0bbc0150d3297be3c5a2b3f121d6f9cd2b;0;7;07-mgr-modules-monitoring;P1;runtime/source;deep;Chọn đọc sâu theo nhóm: implementation thuộc MGR, dashboard, module, metrics, alerts và monitoring.;
1756;v16.2.5;v16.2.15;src/pybind/mgr/dashboard/frontend/cypress/integration/orchestrator/workflow/02-create-cluster-add-host.feature;;A;A;74;0;FALSE;0;100644;0;93c10833d4ee5f619cced846089910f5b6f149bf;7;07-mgr-modules-monitoring;P1;runtime/source;deep;Chọn đọc sâu theo nhóm: implementation thuộc MGR, dashboard, module, metrics, alerts và monitoring.;
1757;v16.2.5;v16.2.15;src/pybind/mgr/dashboard/frontend/cypress/integration/orchestrator/workflow/03-create-cluster-create-services.e2e-spec.ts;;A;A;47;0;FALSE;0;100644;0;7668cafcf928c23babd75fed2e97c577bacbad87;7;07-mgr-modules-monitoring;P1;runtime/source;deep;Chọn đọc sâu theo nhóm: implementation thuộc MGR, dashboard, module, metrics, alerts và monitoring.;
1758;v16.2.5;v16.2.15;src/pybind/mgr/dashboard/frontend/cypress/integration/orchestrator/workflow/04-create-cluster-create-osds.e2e-spec.ts;;A;A;41;0;FALSE;0;100644;0;a82be985548569b3445b09fb20211c3942756cf0;7;07-mgr-modules-monitoring;P1;runtime/source;deep;Chọn đọc sâu theo nhóm: implementation thuộc MGR, dashboard, module, metrics, alerts và monitoring.;
1759;v16.2.5;v16.2.15;src/pybind/mgr/dashboard/frontend/cypress/integration/orchestrator/workflow/05-create-cluster-review.e2e-spec.ts;;A;A;67;0;FALSE;0;100644;0;f93ad7a975bb9afae1fafecdf8064b849d96ea4c;7;07-mgr-modules-monitoring;P1;runtime/source;deep;Chọn đọc sâu theo nhóm: implementation thuộc MGR, dashboard, module, metrics, alerts và monitoring.;
1760;v16.2.5;v16.2.15;src/pybind/mgr/dashboard/frontend/cypress/integration/orchestrator/workflow/06-cluster-check.e2e-spec.ts;;A;A;104;0;FALSE;0;100644;0;a3f757f55e3f96ca6e11f2738c1254e7bc65206a;7;07-mgr-modules-monitoring;P1;runtime/source;deep;Chọn đọc sâu theo nhóm: implementation thuộc MGR, dashboard, module, metrics, alerts và monitoring.;
1761;v16.2.5;v16.2.15;src/pybind/mgr/dashboard/frontend/cypress/integration/orchestrator/workflow/07-osds.e2e-spec.ts;;A;A;24;0;FALSE;0;100644;0;a0a1dd03214b4e55a185eecf34f876d32367c97b;7;07-mgr-modules-monitoring;P1;runtime/source;deep;Chọn đọc sâu theo nhóm: implementation thuộc MGR, dashboard, module, metrics, alerts và monitoring.;
1762;v16.2.5;v16.2.15;src/pybind/mgr/dashboard/frontend/cypress/integration/orchestrator/workflow/08-hosts.e2e-spec.ts;;A;A;49;0;FALSE;0;100644;0;374ecdb0cb6ee8d827d92ff037098cbdcef383cd;7;07-mgr-modules-monitoring;P1;runtime/source;deep;Chọn đọc sâu theo nhóm: implementation thuộc MGR, dashboard, module, metrics, alerts và monitoring.;
1763;v16.2.5;v16.2.15;src/pybind/mgr/dashboard/frontend/cypress/integration/orchestrator/workflow/09-services.e2e-spec.ts;;A;A;114;0;FALSE;0;100644;0;ed9ffb9890a1e83de84872d8f847e2841cd296e8;7;07-mgr-modules-monitoring;P1;runtime/source;deep;Chọn đọc sâu theo nhóm: implementation thuộc MGR, dashboard, module, metrics, alerts và monitoring.;
1764;v16.2.5;v16.2.15;src/pybind/mgr/dashboard/frontend/cypress/integration/orchestrator/workflow/10-nfs-exports.e2e-spec.ts;;A;A;83;0;FALSE;0;100644;0;f4b5499f08b27eea6518537ff6426aa36b4eeeb2;7;07-mgr-modules-monitoring;P1;runtime/source;deep;Chọn đọc sâu theo nhóm: implementation thuộc MGR, dashboard, module, metrics, alerts và monitoring.;
1765;v16.2.5;v16.2.15;src/pybind/mgr/dashboard/frontend/cypress/integration/orchestrator/workflow/nfs/nfs-export.po.ts;;A;A;52;0;FALSE;0;100644;0;c700ef0581dd761c89754e1a2c5a660a13c2081b;7;07-mgr-modules-monitoring;P1;runtime/source;deep;Chọn đọc sâu theo nhóm: implementation thuộc MGR, dashboard, module, metrics, alerts và monitoring.;
1766;v16.2.5;v16.2.15;src/pybind/mgr/dashboard/frontend/cypress/integration/page-helper.po.ts;;M;M;45;15;FALSE;100644;100644;7b099fd98acf21fd73daa9f7c285f4b8a12407b1;4531a70bb7fedfdbc8ea20efcfa313993c0c79b1;7;07-mgr-modules-monitoring;P1;runtime/source;deep;Chọn đọc sâu theo nhóm: implementation thuộc MGR, dashboard, module, metrics, alerts và monitoring.;
1767;v16.2.5;v16.2.15;src/pybind/mgr/dashboard/frontend/cypress/integration/pools/pools.e2e-spec.ts;;M;M;4;4;FALSE;100644;100644;e5a28bfd4e20c24c3dc8dec3f15497db4fac18d3;b4c3c75ac5b853d5165870be8601701a51aac468;7;07-mgr-modules-monitoring;P1;runtime/source;deep;Chọn đọc sâu theo nhóm: implementation thuộc MGR, dashboard, module, metrics, alerts và monitoring.;
1768;v16.2.5;v16.2.15;src/pybind/mgr/dashboard/frontend/cypress/integration/pools/pools.po.ts;;M;M;0;6;FALSE;100644;100644;ccf858b41206d9bdcf233ad3a05fe567b6628209;98cee470eda993bdde355243cbf78e527aa757ae;7;07-mgr-modules-monitoring;P1;runtime/source;deep;Chọn đọc sâu theo nhóm: implementation thuộc MGR, dashboard, module, metrics, alerts và monitoring.;
1769;v16.2.5;v16.2.15;src/pybind/mgr/dashboard/frontend/cypress/integration/rgw/buckets.e2e-spec.ts;;M;M;7;20;FALSE;100644;100644;75ff8c7c277b1f32299f0c6c20633ebda05c3820;e5ffdeee93fe688e8d963793279536eee78ca186;7;07-mgr-modules-monitoring;P1;runtime/source;deep;Chọn đọc sâu theo nhóm: implementation thuộc MGR, dashboard, module, metrics, alerts và monitoring.;
1770;v16.2.5;v16.2.15;src/pybind/mgr/dashboard/frontend/cypress/integration/rgw/buckets.po.ts;;M;M;4;2;FALSE;100644;100644;a17e73e80d0e9f46d994a35bc844ba35116ea8c2;4804753d167348b275cda402cd2aa265db4519a5;7;07-mgr-modules-monitoring;P1;runtime/source;deep;Chọn đọc sâu theo nhóm: implementation thuộc MGR, dashboard, module, metrics, alerts và monitoring.;
1771;v16.2.5;v16.2.15;src/pybind/mgr/dashboard/frontend/cypress/integration/rgw/users.po.ts;;M;M;1;1;FALSE;100644;100644;7ded71f59a92953553c16959a9255127c689b63d;a4266f989e0833bfee93021067fa5cb2ffd8cd3a;7;07-mgr-modules-monitoring;P1;runtime/source;deep;Chọn đọc sâu theo nhóm: implementation thuộc MGR, dashboard, module, metrics, alerts và monitoring.;
1772;v16.2.5;v16.2.15;src/pybind/mgr/dashboard/frontend/cypress/integration/ui/api-docs.e2e-spec.ts;;A;A;15;0;FALSE;0;100644;0;52994859e249551e240d04cb4c2558a0cd64cc89;7;07-mgr-modules-monitoring;P1;runtime/source;deep;Chọn đọc sâu theo nhóm: implementation thuộc MGR, dashboard, module, metrics, alerts và monitoring.;
1773;v16.2.5;v16.2.15;src/pybind/mgr/dashboard/frontend/cypress/integration/ui/api-docs.po.ts;;A;A;5;0;FALSE;0;100644;0;c7a8d222d2c35c58a83eb4004794931b593ed126;7;07-mgr-modules-monitoring;P1;runtime/source;deep;Chọn đọc sâu theo nhóm: implementation thuộc MGR, dashboard, module, metrics, alerts và monitoring.;
1774;v16.2.5;v16.2.15;src/pybind/mgr/dashboard/frontend/cypress/integration/ui/navigation.e2e-spec.ts;;M;M;2;2;FALSE;100644;100644;71bfa4b9f2452627f36885ed9644fd8b2c073e4d;fee2d2db967adcdc2a638fa19a91efc48fcba894;7;07-mgr-modules-monitoring;P1;runtime/source;deep;Chọn đọc sâu theo nhóm: implementation thuộc MGR, dashboard, module, metrics, alerts và monitoring.;
1775;v16.2.5;v16.2.15;src/pybind/mgr/dashboard/frontend/cypress/integration/ui/navigation.po.ts;;M;M;8;8;FALSE;100644;100644;999ac4ab93c18c3f8bf9e29805221ad36d204665;a7ecf3af0e8d5946bfa942edb1320d5cf8ece78e;7;07-mgr-modules-monitoring;P1;runtime/source;deep;Chọn đọc sâu theo nhóm: implementation thuộc MGR, dashboard, module, metrics, alerts và monitoring.;
1776;v16.2.5;v16.2.15;src/pybind/mgr/dashboard/frontend/cypress/integration/visualTests/dashboard.vrt-spec.ts;;A;A;22;0;FALSE;0;100644;0;b83d16d3d86ce69c04b7b6a3e10c1b4c9e1940ff;7;07-mgr-modules-monitoring;P1;runtime/source;deep;Chọn đọc sâu theo nhóm: implementation thuộc MGR, dashboard, module, metrics, alerts và monitoring.;
1777;v16.2.5;v16.2.15;src/pybind/mgr/dashboard/frontend/cypress/integration/visualTests/login.vrt-spec.ts;;A;A;19;0;FALSE;0;100644;0;ea74f1d0f748adfdddb5fe994f97ca8e69d32a62;7;07-mgr-modules-monitoring;P1;runtime/source;deep;Chọn đọc sâu theo nhóm: implementation thuộc MGR, dashboard, module, metrics, alerts và monitoring.;
1778;v16.2.5;v16.2.15;src/pybind/mgr/dashboard/frontend/cypress/plugins/index.js;;M;M;18;0;FALSE;100644;100644;0f9934c9897bdf056a02b01347d0e1bb9967cc2e;d9294002ba4010eaebd41e33e0141657b1d35861;7;07-mgr-modules-monitoring;P1;runtime/source;deep;Chọn đọc sâu theo nhóm: implementation thuộc MGR, dashboard, module, metrics, alerts và monitoring.;
1779;v16.2.5;v16.2.15;src/pybind/mgr/dashboard/frontend/cypress/support/commands.ts;;M;M;17;5;FALSE;100644;100644;60fa7a746c043cba2f39e5f45040e09865c576a6;6ff17f9d6978e11f35787a657e2c02ad6222ca59;7;07-mgr-modules-monitoring;P1;runtime/source;deep;Chọn đọc sâu theo nhóm: implementation thuộc MGR, dashboard, module, metrics, alerts và monitoring.;
1780;v16.2.5;v16.2.15;src/pybind/mgr/dashboard/frontend/cypress/support/eyes-index.d.ts;;A;A;1;0;FALSE;0;100644;0;59fc1eca4febd19d4f254b4402f73f95476a5855;7;07-mgr-modules-monitoring;P1;runtime/source;deep;Chọn đọc sâu theo nhóm: implementation thuộc MGR, dashboard, module, metrics, alerts và monitoring.;
1781;v16.2.5;v16.2.15;src/pybind/mgr/dashboard/frontend/cypress/support/index.ts;;M;M;13;0;FALSE;100644;100644;750acb7eafc86499e0f1d29e30462e612da5837b;8fb8a7dcd066c1abe65613350f3cce3b4e54d16c;7;07-mgr-modules-monitoring;P1;runtime/source;deep;Chọn đọc sâu theo nhóm: implementation thuộc MGR, dashboard, module, metrics, alerts và monitoring.;
1782;v16.2.5;v16.2.15;src/pybind/mgr/dashboard/frontend/cypress/tsconfig.json;;M;M;2;1;FALSE;100644;100644;f46471f2c044450a03aed36c6875bb7371411785;90f899b57f639d643df7ae0d2eaf67b77ddf4c70;7;07-mgr-modules-monitoring;P1;runtime/source;deep;Chọn đọc sâu theo nhóm: implementation thuộc MGR, dashboard, module, metrics, alerts và monitoring.;
1783;v16.2.5;v16.2.15;src/pybind/mgr/dashboard/frontend/i18n.config.json;;M;M;1;1;FALSE;100644;100644;a7390c5f81601dee63eb5ba8cd24165d080e9f7b;f5ba06d47dd12eef785a9d44d8eb9f1b77c2d261;7;07-mgr-modules-monitoring;P1;runtime/source;deep;Chọn đọc sâu theo nhóm: implementation thuộc MGR, dashboard, module, metrics, alerts và monitoring.;
1784;v16.2.5;v16.2.15;src/pybind/mgr/dashboard/frontend/package-lock.json;;M;M;17227;13132;FALSE;100644;100644;de2e31f278e23e5bc2368ab480412bc66ac74a1c;f84e0560e271ec0825912a4fc21d56bdbfc985d8;7;07-mgr-modules-monitoring;P2;generated/lock/data;reference-only;Không đọc hunk sinh tự động;
1785;v16.2.5;v16.2.15;src/pybind/mgr/dashboard/frontend/package.json;;M;M;43;35;FALSE;100644;100644;67832c4cdd9b42f2f56b87f766b0a7506c265e1b;722baa8dc58f34cd26702cf1e5a85c22e551be5d;7;07-mgr-modules-monitoring;P1;runtime/source;deep;Chọn đọc sâu theo nhóm: implementation thuộc MGR, dashboard, module, metrics, alerts và monitoring.;
1786;v16.2.5;v16.2.15;src/pybind/mgr/dashboard/frontend/proxy.conf.json.sample;;M;M;5;0;FALSE;100644;100644;6a71a26bbaf6d71ba43bdc4b81d04a9367158b07;ad2ef806975f960fee027ca5e27ac962a40fa933;7;07-mgr-modules-monitoring;P1;runtime/source;deep;Chọn đọc sâu theo nhóm: implementation thuộc MGR, dashboard, module, metrics, alerts và monitoring.;
1787;v16.2.5;v16.2.15;src/pybind/mgr/dashboard/frontend/src/app/app-routing.module.ts;;M;M;34;12;FALSE;100644;100644;0af3d7f27b3c351812f3db71b5922fc7a68a956d;4a490728b7cb41980d47e4ebe8e36b77c9996b88;7;07-mgr-modules-monitoring;P1;runtime/source;deep;Chọn đọc sâu theo nhóm: implementation thuộc MGR, dashboard, module, metrics, alerts và monitoring.;
1788;v16.2.5;v16.2.15;src/pybind/mgr/dashboard/frontend/src/app/ceph/block/block.module.ts;;M;M;33;4;FALSE;100644;100644;472fe37f19fa60fe67f552d94eb7fa4ff2140471;8a13f1c6925cbb83c367ed6551a412fd272d0c73;7;07-mgr-modules-monitoring;P1;runtime/source;deep;Chọn đọc sâu theo nhóm: implementation thuộc MGR, dashboard, module, metrics, alerts và monitoring.;
1789;v16.2.5;v16.2.15;src/pybind/mgr/dashboard/frontend/src/app/ceph/block/iscsi-setting/iscsi-setting.component.html;;M;M;1;1;FALSE;100644;100644;f3a1d5dc2f57cb0287b6d641a59fed8cf6220980;b19941ae0d58ec520152cf97590292dff058a6f5;7;07-mgr-modules-monitoring;P1;runtime/source;deep;Chọn đọc sâu theo nhóm: implementation thuộc MGR, dashboard, module, metrics, alerts và monitoring.;
1790;v16.2.5;v16.2.15;src/pybind/mgr/dashboard/frontend/src/app/ceph/block/iscsi-setting/iscsi-setting.component.ts;;M;M;2;2;FALSE;100644;100644;f27ea2ce7c4b9381fb042c63f5a57491eef18db3;fbbd28b202b95447431f7c8f81ca7ae692c5a572;7;07-mgr-modules-monitoring;P1;runtime/source;deep;Chọn đọc sâu theo nhóm: implementation thuộc MGR, dashboard, module, metrics, alerts và monitoring.;
1791;v16.2.5;v16.2.15;src/pybind/mgr/dashboard/frontend/src/app/ceph/block/iscsi-target-form/iscsi-target-form.component.html;;M;M;3;3;FALSE;100644;100644;2fc58ac5719e4fd107d72cea40550342a5b1d82d;852866a86db2c4fa0961ae7321081e2cfc5fb6e4;7;07-mgr-modules-monitoring;P1;runtime/source;deep;Chọn đọc sâu theo nhóm: implementation thuộc MGR, dashboard, module, metrics, alerts và monitoring.;
1792;v16.2.5;v16.2.15;src/pybind/mgr/dashboard/frontend/src/app/ceph/block/iscsi-target-form/iscsi-target-form.component.spec.ts;;M;M;2;3;FALSE;100644;100644;10475872a2e53d0895130ff0d5ecb9fc08553063;e993468c80d891368bd938e29637e1ae099d1b63;7;07-mgr-modules-monitoring;P1;runtime/source;deep;Chọn đọc sâu theo nhóm: implementation thuộc MGR, dashboard, module, metrics, alerts và monitoring.;
1793;v16.2.5;v16.2.15;src/pybind/mgr/dashboard/frontend/src/app/ceph/block/iscsi-target-form/iscsi-target-form.component.ts;;M;M;6;1;FALSE;100644;100644;d84647e91dd62e0083046f2938ce5e1fc807296b;6704b41e6480bba162a4365f829da95d3b3e5a72;7;07-mgr-modules-monitoring;P1;runtime/source;deep;Chọn đọc sâu theo nhóm: implementation thuộc MGR, dashboard, module, metrics, alerts và monitoring.;
1794;v16.2.5;v16.2.15;src/pybind/mgr/dashboard/frontend/src/app/ceph/block/iscsi-target-image-settings-modal/iscsi-target-image-settings-modal.component.html;;M;M;1;1;FALSE;100644;100644;3c34a2b85f28d1d07e1c6e5235d94049319c9998;2452b0bc5721cda153ff4dc43d2a3bfc4c4e4623;7;07-mgr-modules-monitoring;P1;runtime/source;deep;Chọn đọc sâu theo nhóm: implementation thuộc MGR, dashboard, module, metrics, alerts và monitoring.;
1795;v16.2.5;v16.2.15;src/pybind/mgr/dashboard/frontend/src/app/ceph/block/iscsi-target-list/iscsi-target-list.component.html;;M;M;3;0;FALSE;100644;100644;0103c11249a1bf2aa5daa7c622a35d42adfd3c51;f6ac54538e10479985987bb0cb8200adc83416a3;7;07-mgr-modules-monitoring;P1;runtime/source;deep;Chọn đọc sâu theo nhóm: implementation thuộc MGR, dashboard, module, metrics, alerts và monitoring.;
1796;v16.2.5;v16.2.15;src/pybind/mgr/dashboard/frontend/src/app/ceph/block/iscsi-target-list/iscsi-target-list.component.spec.ts;;M;M;7;0;FALSE;100644;100644;4459f2519e61c241745bf015870a4474ca33a082;51998cf0b9e1cb5ab185b29be3db1fc6c0ae8fd0;7;07-mgr-modules-monitoring;P1;runtime/source;deep;Chọn đọc sâu theo nhóm: implementation thuộc MGR, dashboard, module, metrics, alerts và monitoring.;
1797;v16.2.5;v16.2.15;src/pybind/mgr/dashboard/frontend/src/app/ceph/block/iscsi-target-list/iscsi-target-list.component.ts;;M;M;27;21;FALSE;100644;100644;96b76d6b749e573a1f57ad5da43e3298b5e072b4;d0eed6a72c77ed11cf3f77badafdac443056bbb8;7;07-mgr-modules-monitoring;P1;runtime/source;deep;Chọn đọc sâu theo nhóm: implementation thuộc MGR, dashboard, module, metrics, alerts và monitoring.;
1798;v16.2.5;v16.2.15;src/pybind/mgr/dashboard/frontend/src/app/ceph/block/mirroring/bootstrap-import-modal/bootstrap-import-modal.component.html;;M;M;1;1;FALSE;100644;100644;3770ef099a6b69d29ffb27be440a1aff67009f58;23372d3837c837eeb3454d452576d4316851354d;7;07-mgr-modules-monitoring;P1;runtime/source;deep;Chọn đọc sâu theo nhóm: implementation thuộc MGR, dashboard, module, metrics, alerts và monitoring.;
1799;v16.2.5;v16.2.15;src/pybind/mgr/dashboard/frontend/src/app/ceph/block/mirroring/edit-site-name-modal/edit-site-name-modal.component.html;;D;D;0;39;FALSE;100644;0;f0c91976802bec4b2ac5f9c0262b0e21434bd103;0;7;07-mgr-modules-monitoring;P1;runtime/source;deep;Chọn đọc sâu theo nhóm: implementation thuộc MGR, dashboard, module, metrics, alerts và monitoring.;
1800;v16.2.5;v16.2.15;src/pybind/mgr/dashboard/frontend/src/app/ceph/block/mirroring/edit-site-name-modal/edit-site-name-modal.component.spec.ts;;D;D;0;73;FALSE;100644;0;193e4f044b3fd17a61a555f53cde8ff6671ad2c1;0;7;07-mgr-modules-monitoring;P1;runtime/source;deep;Chọn đọc sâu theo nhóm: implementation thuộc MGR, dashboard, module, metrics, alerts và monitoring.;
1801;v16.2.5;v16.2.15;src/pybind/mgr/dashboard/frontend/src/app/ceph/block/mirroring/edit-site-name-modal/edit-site-name-modal.component.ts;;D;D;0;58;FALSE;100644;0;aa43bd0e8db75721f25883d9c4cb6421544fcfa3;0;7;07-mgr-modules-monitoring;P1;runtime/source;deep;Chọn đọc sâu theo nhóm: implementation thuộc MGR, dashboard, module, metrics, alerts và monitoring.;
1802;v16.2.5;v16.2.15;src/pybind/mgr/dashboard/frontend/src/app/ceph/block/mirroring/image-list/image-list.component.html;;M;M;13;11;FALSE;100644;100644;25f1442f887598e7e7a0dc44399071cdcd41af32;b54cb68522be9839b39cf88ea8228de8cd48295b;7;07-mgr-modules-monitoring;P1;runtime/source;deep;Chọn đọc sâu theo nhóm: implementation thuộc MGR, dashboard, module, metrics, alerts và monitoring.;
1803;v16.2.5;v16.2.15;src/pybind/mgr/dashboard/frontend/src/app/ceph/block/mirroring/image-list/image-list.component.ts;;M;M;13;11;FALSE;100644;100644;015031ebeebf30b6214f4da94f39983736a9e64d;babd46542e533c2f24169724e73d767b4321df70;7;07-mgr-modules-monitoring;P1;runtime/source;deep;Chọn đọc sâu theo nhóm: implementation thuộc MGR, dashboard, module, metrics, alerts và monitoring.;
1804;v16.2.5;v16.2.15;src/pybind/mgr/dashboard/frontend/src/app/ceph/block/mirroring/mirroring.module.ts;;M;M;3;4;FALSE;100644;100644;0edea02494ca765b6209b8013958a5c4f34c7ad2;3bb39245740bfd1a710718cf35a3f246c6785dac;7;07-mgr-modules-monitoring;P1;runtime/source;deep;Chọn đọc sâu theo nhóm: implementation thuộc MGR, dashboard, module, metrics, alerts và monitoring.;
1805;v16.2.5;v16.2.15;src/pybind/mgr/dashboard/frontend/src/app/ceph/block/mirroring/overview/overview.component.html;;M;M;38;6;FALSE;100644;100644;7bd0bf017b370f2b710452290a5dd5b156c73c87;9cdfab939cc2aa529b97a0efd4fe1d744c91f0fa;7;07-mgr-modules-monitoring;P1;runtime/source;deep;Chọn đọc sâu theo nhóm: implementation thuộc MGR, dashboard, module, metrics, alerts và monitoring.;
1806;v16.2.5;v16.2.15;src/pybind/mgr/dashboard/frontend/src/app/ceph/block/mirroring/overview/overview.component.spec.ts;;M;M;30;0;FALSE;100644;100644;a3c83a75d967be922e0e857a5c3b315d5e496d0e;d771c2f70034a15e7bc09fb7d193f96f047c6f0a;7;07-mgr-modules-monitoring;P1;runtime/source;deep;Chọn đọc sâu theo nhóm: implementation thuộc MGR, dashboard, module, metrics, alerts và monitoring.;
1807;v16.2.5;v16.2.15;src/pybind/mgr/dashboard/frontend/src/app/ceph/block/mirroring/overview/overview.component.ts;;M;M;37;17;FALSE;100644;100644;c919e03cdbb82680370a4ab4a603a1f19e4641f4;3ee1fa81334285d4ee56b38533e4bf9662bf5d9e;7;07-mgr-modules-monitoring;P1;runtime/source;deep;Chọn đọc sâu theo nhóm: implementation thuộc MGR, dashboard, module, metrics, alerts và monitoring.;
1808;v16.2.5;v16.2.15;src/pybind/mgr/dashboard/frontend/src/app/ceph/block/mirroring/pool-edit-mode-modal/pool-edit-mode-modal.component.html;;M;M;3;2;FALSE;100644;100644;2e88059ba0c64544b9d2186a2d709ee877d94239;00fe92b32b734ecf507ab2c0080f0b2e169ba577;7;07-mgr-modules-monitoring;P1;runtime/source;deep;Chọn đọc sâu theo nhóm: implementation thuộc MGR, dashboard, module, metrics, alerts và monitoring.;
1809;v16.2.5;v16.2.15;src/pybind/mgr/dashboard/frontend/src/app/ceph/block/mirroring/pool-edit-mode-modal/pool-edit-mode-modal.component.spec.ts;;M;M;12;5;FALSE;100644;100644;a22a60d5e736c0fb631ce975d4d0226c53d08bcc;11ba12334f38cd082c3e868585fc05159b0c40f0;7;07-mgr-modules-monitoring;P1;runtime/source;deep;Chọn đọc sâu theo nhóm: implementation thuộc MGR, dashboard, module, metrics, alerts và monitoring.;
1810;v16.2.5;v16.2.15;src/pybind/mgr/dashboard/frontend/src/app/ceph/block/mirroring/pool-edit-mode-modal/pool-edit-mode-modal.component.ts;;M;M;9;2;FALSE;100644;100644;137e787174d7a0e545382746cf5fbf9cf182afcc;ef30c888c8ba6207be4ff0a0ec9f2756d3d477fc;7;07-mgr-modules-monitoring;P1;runtime/source;deep;Chọn đọc sâu theo nhóm: implementation thuộc MGR, dashboard, module, metrics, alerts và monitoring.;
1811;v16.2.5;v16.2.15;src/pybind/mgr/dashboard/frontend/src/app/ceph/block/mirroring/pool-list/pool-list.component.html;;M;M;11;0;FALSE;100644;100644;b6081b8e03d634e371f564e887ca6162019f74ce;f5581af35efddc1eb6465b6580dd8e4b2398aa32;7;07-mgr-modules-monitoring;P1;runtime/source;deep;Chọn đọc sâu theo nhóm: implementation thuộc MGR, dashboard, module, metrics, alerts và monitoring.;
1812;v16.2.5;v16.2.15;src/pybind/mgr/dashboard/frontend/src/app/ceph/block/mirroring/pool-list/pool-list.component.ts;;M;M;25;8;FALSE;100644;100644;29b435900df6f22ed3f0085cf38ef6daaac080e1;61f812177561ca364c801923c5796c6f9b3ab842;7;07-mgr-modules-monitoring;P1;runtime/source;deep;Chọn đọc sâu theo nhóm: implementation thuộc MGR, dashboard, module, metrics, alerts và monitoring.;
1813;v16.2.5;v16.2.15;src/pybind/mgr/dashboard/frontend/src/app/ceph/block/rbd-details/rbd-details.component.html;;M;M;1;0;FALSE;100644;100644;7503863e0fb2c256165b2b0ee793e83b6ad62792;ab9454cbc15ebb5b0efabf262d8d81ffb2c8c8d6;7;07-mgr-modules-monitoring;P1;runtime/source;deep;Chọn đọc sâu theo nhóm: implementation thuộc MGR, dashboard, module, metrics, alerts và monitoring.;
1814;v16.2.5;v16.2.15;src/pybind/mgr/dashboard/frontend/src/app/ceph/block/rbd-form/rbd-form-edit-request.model.ts;;M;M;7;0;FALSE;100644;100644;9187b024d9d017fcb742452ad66c23ed609cd745;2eede58521f1e892ddb30f607aab7e947095ebcd;7;07-mgr-modules-monitoring;P1;runtime/source;deep;Chọn đọc sâu theo nhóm: implementation thuộc MGR, dashboard, module, metrics, alerts và monitoring.;
1815;v16.2.5;v16.2.15;src/pybind/mgr/dashboard/frontend/src/app/ceph/block/rbd-form/rbd-form.component.html;;M;M;67;10;FALSE;100644;100644;6a12cb64f166b88a56d79d94e619b3f704f28843;38f20476207908f961593bc7a98fe47b2250c934;7;07-mgr-modules-monitoring;P1;runtime/source;deep;Chọn đọc sâu theo nhóm: implementation thuộc MGR, dashboard, module, metrics, alerts và monitoring.;
1816;v16.2.5;v16.2.15;src/pybind/mgr/dashboard/frontend/src/app/ceph/block/rbd-form/rbd-form.component.spec.ts;;M;M;55;26;FALSE;100644;100644;8c00c7460ab6a5fc2bccfcbca58cfebcbdc6cec9;7f7815c00ac922591efbd291714f9878ee3cd4a4;7;07-mgr-modules-monitoring;P1;runtime/source;deep;Chọn đọc sâu theo nhóm: implementation thuộc MGR, dashboard, module, metrics, alerts và monitoring.;
1817;v16.2.5;v16.2.15;src/pybind/mgr/dashboard/frontend/src/app/ceph/block/rbd-form/rbd-form.component.ts;;M;M;102;12;FALSE;100644;100644;1dc1df0dd3aba8da08c4025e85018572d3cd0df2;f6c6af57947a8aa7572914372579a582300b4dd3;7;07-mgr-modules-monitoring;P1;runtime/source;deep;Chọn đọc sâu theo nhóm: implementation thuộc MGR, dashboard, module, metrics, alerts và monitoring.;
1818;v16.2.5;v16.2.15;src/pybind/mgr/dashboard/frontend/src/app/ceph/block/rbd-form/rbd-form.model.ts;;M;M;6;0;FALSE;100644;100644;36c7b5ea86950b41ee1a766fc7668b27fa59d23a;262d79c95baec30e3398582c40f83700577cadf9;7;07-mgr-modules-monitoring;P1;runtime/source;deep;Chọn đọc sâu theo nhóm: implementation thuộc MGR, dashboard, module, metrics, alerts và monitoring.;
1819;v16.2.5;v16.2.15;src/pybind/mgr/dashboard/frontend/src/app/ceph/block/rbd-list/rbd-list.component.html;;M;M;54;2;FALSE;100644;100644;875814d57bc68f8daffe0e926b75f7e8d68b5107;63f376962a065f9f1fe1b7f26fdbe3ad2550f754;7;07-mgr-modules-monitoring;P1;runtime/source;deep;Chọn đọc sâu theo nhóm: implementation thuộc MGR, dashboard, module, metrics, alerts và monitoring.;
1820;v16.2.5;v16.2.15;src/pybind/mgr/dashboard/frontend/src/app/ceph/block/rbd-list/rbd-list.component.spec.ts;;M;M;93;12;FALSE;100644;100644;ed898a2fcf2f84a4fd6008b3d87721a942d9c6a0;fa7a772f02239654f975a54bbb6330c6dc8a5bce;7;07-mgr-modules-monitoring;P1;runtime/source;deep;Chọn đọc sâu theo nhóm: implementation thuộc MGR, dashboard, module, metrics, alerts và monitoring.;
1821;v16.2.5;v16.2.15;src/pybind/mgr/dashboard/frontend/src/app/ceph/block/rbd-list/rbd-list.component.ts;;M;M;213;30;FALSE;100644;100644;8bc297da62fd09d9394a427ff3e3b248ce100c3d;bfef485bf25db2795841006b0fcd80edde3c7345;7;07-mgr-modules-monitoring;P1;runtime/source;deep;Chọn đọc sâu theo nhóm: implementation thuộc MGR, dashboard, module, metrics, alerts và monitoring.;
1822;v16.2.5;v16.2.15;src/pybind/mgr/dashboard/frontend/src/app/ceph/block/rbd-namespace-form/rbd-namespace-form-modal.component.html;;M;M;1;1;FALSE;100644;100644;debbf8643a3c2ebbae73f10efe6e20ade84ef719;9d76cba095fe1ab068fdee146b44693053649443;7;07-mgr-modules-monitoring;P1;runtime/source;deep;Chọn đọc sâu theo nhóm: implementation thuộc MGR, dashboard, module, metrics, alerts và monitoring.;
1823;v16.2.5;v16.2.15;src/pybind/mgr/dashboard/frontend/src/app/ceph/block/rbd-snapshot-form/rbd-snapshot-form-modal.component.html;;M;M;22;3;FALSE;100644;100644;3b15b0aae69ec519f93526fa9ae0b0ff212dea35;fb246a44451b10849378586cb82c5f17114db0fe;7;07-mgr-modules-monitoring;P1;runtime/source;deep;Chọn đọc sâu theo nhóm: implementation thuộc MGR, dashboard, module, metrics, alerts và monitoring.;
1824;v16.2.5;v16.2.15;src/pybind/mgr/dashboard/frontend/src/app/ceph/block/rbd-snapshot-form/rbd-snapshot-form-modal.component.ts;;M;M;16;3;FALSE;100644;100644;83296866c1af7a48be7da44969422493c719873f;9fc5179e23b54932aba32aa85a1baac23c545b1b;7;07-mgr-modules-monitoring;P1;runtime/source;deep;Chọn đọc sâu theo nhóm: implementation thuộc MGR, dashboard, module, metrics, alerts và monitoring.;
1825;v16.2.5;v16.2.15;src/pybind/mgr/dashboard/frontend/src/app/ceph/block/rbd-snapshot-list/rbd-snapshot-actions.model.ts;;M;M;27;7;FALSE;100644;100644;01ea8cbdcdb049326b62212c05ad2194ae5c31b7;cc0d61f91aa0720d63e933059b108cbe92390628;7;07-mgr-modules-monitoring;P1;runtime/source;deep;Chọn đọc sâu theo nhóm: implementation thuộc MGR, dashboard, module, metrics, alerts và monitoring.;
1826;v16.2.5;v16.2.15;src/pybind/mgr/dashboard/frontend/src/app/ceph/block/rbd-snapshot-list/rbd-snapshot-list.component.ts;;M;M;6;1;FALSE;100644;100644;6a8be5b134a25b45d391047255c2b2ac159bf62f;df66b0e8842ae01dd96e61d657e635cbbc8626c4;7;07-mgr-modules-monitoring;P1;runtime/source;deep;Chọn đọc sâu theo nhóm: implementation thuộc MGR, dashboard, module, metrics, alerts và monitoring.;
1827;v16.2.5;v16.2.15;src/pybind/mgr/dashboard/frontend/src/app/ceph/block/rbd-trash-purge-modal/rbd-trash-purge-modal.component.html;;M;M;1;1;FALSE;100644;100644;6acbbb08622e5f27b51a2f629c3631739d85cadf;7c761f8f48e0f2cbbafdaf0d708ece96cb0ecb9e;7;07-mgr-modules-monitoring;P1;runtime/source;deep;Chọn đọc sâu theo nhóm: implementation thuộc MGR, dashboard, module, metrics, alerts và monitoring.;
1828;v16.2.5;v16.2.15;src/pybind/mgr/dashboard/frontend/src/app/ceph/cephfs/cephfs-directories/cephfs-directories.component.spec.ts;;M;M;34;0;FALSE;100644;100644;c8f6c22a14b9a093ae846e1de101d99732cbf883;3a43ac5c77dc2e2b7dcc29df9410fb8caf552570;7;07-mgr-modules-monitoring;P1;runtime/source;deep;Chọn đọc sâu theo nhóm: implementation thuộc MGR, dashboard, module, metrics, alerts và monitoring.;
1829;v16.2.5;v16.2.15;src/pybind/mgr/dashboard/frontend/src/app/ceph/cephfs/cephfs-directories/cephfs-directories.component.ts;;M;M;32;8;FALSE;100644;100644;498f63e8e8cb9cadd3ac559e215353a12e7d0f5e;4ae8a159a0559111fa49c1f3164772733f58cfcd;7;07-mgr-modules-monitoring;P1;runtime/source;deep;Chọn đọc sâu theo nhóm: implementation thuộc MGR, dashboard, module, metrics, alerts và monitoring.;
1830;v16.2.5;v16.2.15;src/pybind/mgr/dashboard/frontend/src/app/ceph/cluster/cluster.module.ts;;M;M;8;3;FALSE;100644;100644;cc58c38b8dc9c8cdaf6cf0081913a727465bed69;610bb79baebc781eea8a1f2e4f78a40b04ea007d;7;07-mgr-modules-monitoring;P1;runtime/source;deep;Chọn đọc sâu theo nhóm: implementation thuộc MGR, dashboard, module, metrics, alerts và monitoring.;
1831;v16.2.5;v16.2.15;src/pybind/mgr/dashboard/frontend/src/app/ceph/cluster/configuration/configuration-form/configuration-form.component.html;;M;M;1;1;FALSE;100644;100644;27225e5b0e04387b3da1c1e50dcc43d632671b2d;72c71794257f008100d7b8399d8979ce7f239432;7;07-mgr-modules-monitoring;P1;runtime/source;deep;Chọn đọc sâu theo nhóm: implementation thuộc MGR, dashboard, module, metrics, alerts và monitoring.;
1832;v16.2.5;v16.2.15;src/pybind/mgr/dashboard/frontend/src/app/ceph/cluster/create-cluster/create-cluster-review.component.html;;A;A;52;0;FALSE;0;100644;0;750fef894fb9508756adb17bdd58e8236956f97e;7;07-mgr-modules-monitoring;P1;runtime/source;deep;Chọn đọc sâu theo nhóm: implementation thuộc MGR, dashboard, module, metrics, alerts và monitoring.;
1833;v16.2.5;v16.2.15;src/pybind/mgr/dashboard/frontend/src/app/ceph/cluster/create-cluster/create-cluster-review.component.scss;;A;A;5;0;FALSE;0;100644;0;beecca09671623526c4f815482e7e0f5de251827;7;07-mgr-modules-monitoring;P1;runtime/source;deep;Chọn đọc sâu theo nhóm: implementation thuộc MGR, dashboard, module, metrics, alerts và monitoring.;
1834;v16.2.5;v16.2.15;src/pybind/mgr/dashboard/frontend/src/app/ceph/cluster/create-cluster/create-cluster-review.component.spec.ts;;A;A;29;0;FALSE;0;100644;0;94d3dd9d69d10b63a4c7c48dd0e3eb3cbae726d5;7;07-mgr-modules-monitoring;P1;runtime/source;deep;Chọn đọc sâu theo nhóm: implementation thuộc MGR, dashboard, module, metrics, alerts và monitoring.;
1835;v16.2.5;v16.2.15;src/pybind/mgr/dashboard/frontend/src/app/ceph/cluster/create-cluster/create-cluster-review.component.ts;;A;A;72;0;FALSE;0;100644;0;4490b4e441c9942188ef417a13b755c36a0f661c;7;07-mgr-modules-monitoring;P1;runtime/source;deep;Chọn đọc sâu theo nhóm: implementation thuộc MGR, dashboard, module, metrics, alerts và monitoring.;
1836;v16.2.5;v16.2.15;src/pybind/mgr/dashboard/frontend/src/app/ceph/cluster/create-cluster/create-cluster.component.html;;A;A;103;0;FALSE;0;100644;0;379d07d2c526ba360e335dafd5f2528861915fcc;7;07-mgr-modules-monitoring;P1;runtime/source;deep;Chọn đọc sâu theo nhóm: implementation thuộc MGR, dashboard, module, metrics, alerts và monitoring.;
1837;v16.2.5;v16.2.15;src/pybind/mgr/dashboard/frontend/src/app/ceph/cluster/create-cluster/create-cluster.component.scss;;A;A;22;0;FALSE;0;100644;0;313f3193bfbabe24f1b02b38c75fbf866f70dc45;7;07-mgr-modules-monitoring;P1;runtime/source;deep;Chọn đọc sâu theo nhóm: implementation thuộc MGR, dashboard, module, metrics, alerts và monitoring.;
1838;v16.2.5;v16.2.15;src/pybind/mgr/dashboard/frontend/src/app/ceph/cluster/create-cluster/create-cluster.component.spec.ts;;A;A;178;0;FALSE;0;100644;0;ca3435536067b50c06456f115bd3c0cc0e6da96f;7;07-mgr-modules-monitoring;P1;runtime/source;deep;Chọn đọc sâu theo nhóm: implementation thuộc MGR, dashboard, module, metrics, alerts và monitoring.;
1839;v16.2.5;v16.2.15;src/pybind/mgr/dashboard/frontend/src/app/ceph/cluster/create-cluster/create-cluster.component.ts;;A;A;246;0;FALSE;0;100644;0;dc455ca0629aa6a8813449c540cd6bd03b50db34;7;07-mgr-modules-monitoring;P1;runtime/source;deep;Chọn đọc sâu theo nhóm: implementation thuộc MGR, dashboard, module, metrics, alerts và monitoring.;
1840;v16.2.5;v16.2.15;src/pybind/mgr/dashboard/frontend/src/app/ceph/cluster/hosts/host-details/host-details.component.html;;M;M;3;2;FALSE;100644;100644;55966e9ed20995ee91bcd654b7f719bb3492d63c;a138768c351f4328a71b396ebf63996b0d4cf976;7;07-mgr-modules-monitoring;P1;runtime/source;deep;Chọn đọc sâu theo nhóm: implementation thuộc MGR, dashboard, module, metrics, alerts và monitoring.;
1841;v16.2.5;v16.2.15;src/pybind/mgr/dashboard/frontend/src/app/ceph/cluster/hosts/host-details/host-details.component.spec.ts;;M;M;1;1;FALSE;100644;100644;09e29e289804c4b6dd7bdf79608c3bcadad2c956;8d632cc2bd3fa867d1f0984f2035d7c3d8830c4a;7;07-mgr-modules-monitoring;P1;runtime/source;deep;Chọn đọc sâu theo nhóm: implementation thuộc MGR, dashboard, module, metrics, alerts và monitoring.;
1842;v16.2.5;v16.2.15;src/pybind/mgr/dashboard/frontend/src/app/ceph/cluster/hosts/host-form/host-form.component.html;;M;M;95;78;FALSE;100644;100644;2296d7ddae847db80191672d4a83d11315fa6fce;af09b9a4fefa6e68115fb829f0f86d27a9dcbe5a;7;07-mgr-modules-monitoring;P1;runtime/source;deep;Chọn đọc sâu theo nhóm: implementation thuộc MGR, dashboard, module, metrics, alerts và monitoring.;
1843;v16.2.5;v16.2.15;src/pybind/mgr/dashboard/frontend/src/app/ceph/cluster/hosts/host-form/host-form.component.spec.ts;;M;M;93;1;FALSE;100644;100644;dbb834ea8c82cc7fa37ef6b0ac829638e09386db;ed85d96cb1baba33e1ebf5bd546c214df46c24e4;7;07-mgr-modules-monitoring;P1;runtime/source;deep;Chọn đọc sâu theo nhóm: implementation thuộc MGR, dashboard, module, metrics, alerts và monitoring.;
1844;v16.2.5;v16.2.15;src/pybind/mgr/dashboard/frontend/src/app/ceph/cluster/hosts/host-form/host-form.component.ts;;M;M;98;20;FALSE;100644;100644;b90312ff855f2f305904961cea58fc9139ffdae4;9031ca5f78ad08c992d6c2684dad18b8dc179b54;7;07-mgr-modules-monitoring;P1;runtime/source;deep;Chọn đọc sâu theo nhóm: implementation thuộc MGR, dashboard, module, metrics, alerts và monitoring.;
1845;v16.2.5;v16.2.15;src/pybind/mgr/dashboard/frontend/src/app/ceph/cluster/hosts/hosts.component.html;;M;M;21;12;FALSE;100644;100644;f31adf9e5c0e79bc21bb172c3ce629c23f9f105a;b41ecfa8663302264a2a0246701838930040d36f;7;07-mgr-modules-monitoring;P1;runtime/source;deep;Chọn đọc sâu theo nhóm: implementation thuộc MGR, dashboard, module, metrics, alerts và monitoring.;
1846;v16.2.5;v16.2.15;src/pybind/mgr/dashboard/frontend/src/app/ceph/cluster/hosts/hosts.component.spec.ts;;M;M;168;32;FALSE;100644;100644;c92188ed054114173bd6733ec855d6cdea4fce55;5fce54fbb155343d74c0358eb512bd7e02faabb2;7;07-mgr-modules-monitoring;P1;runtime/source;deep;Chọn đọc sâu theo nhóm: implementation thuộc MGR, dashboard, module, metrics, alerts và monitoring.;
1847;v16.2.5;v16.2.15;src/pybind/mgr/dashboard/frontend/src/app/ceph/cluster/hosts/hosts.component.ts;;M;M;243;64;FALSE;100644;100644;e4f042699eb39d396b45d6dbbbc3c8e2766b09f3;85c84833245b5d09f838f83b8b982f5df1c7d498;7;07-mgr-modules-monitoring;P1;runtime/source;deep;Chọn đọc sâu theo nhóm: implementation thuộc MGR, dashboard, module, metrics, alerts và monitoring.;
1848;v16.2.5;v16.2.15;src/pybind/mgr/dashboard/frontend/src/app/ceph/cluster/inventory/inventory-devices/inventory-devices.component.html;;M;M;1;1;FALSE;100644;100644;244bd8162cf4d597eb99884f2bb9fb56ae07677b;54cee708d263407cc9e365d33e444f558a089781;7;07-mgr-modules-monitoring;P1;runtime/source;deep;Chọn đọc sâu theo nhóm: implementation thuộc MGR, dashboard, module, metrics, alerts và monitoring.;
1849;v16.2.5;v16.2.15;src/pybind/mgr/dashboard/frontend/src/app/ceph/cluster/inventory/inventory-devices/inventory-devices.component.spec.ts;;M;M;12;0;FALSE;100644;100644;5fce0381cd2a5c51c2d3b3ae2c9458a80d79aa0f;29a3ece96d8ae6c695283f5ea3610ef9d368ede9;7;07-mgr-modules-monitoring;P1;runtime/source;deep;Chọn đọc sâu theo nhóm: implementation thuộc MGR, dashboard, module, metrics, alerts và monitoring.;
1850;v16.2.5;v16.2.15;src/pybind/mgr/dashboard/frontend/src/app/ceph/cluster/inventory/inventory-devices/inventory-devices.component.ts;;M;M;29;0;FALSE;100644;100644;fa778d5b4f29bbb49e0c5195cb728df0c2fbdb40;0ef0449c48126dfd762e57b02b3b3ca5970ef278;7;07-mgr-modules-monitoring;P1;runtime/source;deep;Chọn đọc sâu theo nhóm: implementation thuộc MGR, dashboard, module, metrics, alerts và monitoring.;
1851;v16.2.5;v16.2.15;src/pybind/mgr/dashboard/frontend/src/app/ceph/cluster/inventory/inventory.component.spec.ts;;M;M;3;4;FALSE;100644;100644;da24403dee1e11895eb81de93385a1c6e8eaf0c8;dd60f7959fd9d1eac78772a5812ecd044302dcc0;7;07-mgr-modules-monitoring;P1;runtime/source;deep;Chọn đọc sâu theo nhóm: implementation thuộc MGR, dashboard, module, metrics, alerts và monitoring.;
1852;v16.2.5;v16.2.15;src/pybind/mgr/dashboard/frontend/src/app/ceph/cluster/logs/logs.component.html;;M;M;5;3;FALSE;100644;100644;ec56d3f25dcaa90f458aaedbcc5b4bccec5aef56;dd55a678fb19614aaa5fae3d75eace193ce3d774;7;07-mgr-modules-monitoring;P1;runtime/source;deep;Chọn đọc sâu theo nhóm: implementation thuộc MGR, dashboard, module, metrics, alerts và monitoring.;
1853;v16.2.5;v16.2.15;src/pybind/mgr/dashboard/frontend/src/app/ceph/cluster/logs/logs.component.ts;;M;M;1;2;FALSE;100644;100644;04375b1ef7c9606141f7b7fc966549ead13c9c28;420da495891425d34954fdf15fd215c22903978e;7;07-mgr-modules-monitoring;P1;runtime/source;deep;Chọn đọc sâu theo nhóm: implementation thuộc MGR, dashboard, module, metrics, alerts và monitoring.;
1854;v16.2.5;v16.2.15;src/pybind/mgr/dashboard/frontend/src/app/ceph/cluster/mgr-modules/mgr-module-form/mgr-module-form.component.html;;M;M;1;1;FALSE;100644;100644;89cb7b4d7ee02fe9c3ceef35f8b60ac5bbe12775;b952ce8d8a7c3bf31dad04639fa36596dc977dd5;7;07-mgr-modules-monitoring;P1;runtime/source;deep;Chọn đọc sâu theo nhóm: implementation thuộc MGR, dashboard, module, metrics, alerts và monitoring.;
1855;v16.2.5;v16.2.15;src/pybind/mgr/dashboard/frontend/src/app/ceph/cluster/mgr-modules/mgr-module-form/mgr-module-form.component.spec.ts;;M;M;2;18;FALSE;100644;100644;40fa8b964361af38e9ca6f13e602768289f720d4;f8c139bc9ce617adbaed683d22f419700defd786;7;07-mgr-modules-monitoring;P1;runtime/source;deep;Chọn đọc sâu theo nhóm: implementation thuộc MGR, dashboard, module, metrics, alerts và monitoring.;
1856;v16.2.5;v16.2.15;src/pybind/mgr/dashboard/frontend/src/app/ceph/cluster/mgr-modules/mgr-module-form/mgr-module-form.component.ts;;M;M;0;7;FALSE;100644;100644;c40af28031e4fe8afb8f50a366d3609c1b11b2a9;ef44df970e17801e03c426b5c65b634c782034e7;7;07-mgr-modules-monitoring;P1;runtime/source;deep;Chọn đọc sâu theo nhóm: implementation thuộc MGR, dashboard, module, metrics, alerts và monitoring.;
1857;v16.2.5;v16.2.15;src/pybind/mgr/dashboard/frontend/src/app/ceph/cluster/osd/osd-creation-preview-modal/osd-creation-preview-modal.component.ts;;M;M;3;2;FALSE;100644;100644;979dcc3411fb55ed59b1e2f75107fb4cd3e167ee;3e1b0f067c47aae60ceeecb207bac3fe670de3fe;7;07-mgr-modules-monitoring;P1;runtime/source;deep;Chọn đọc sâu theo nhóm: implementation thuộc MGR, dashboard, module, metrics, alerts và monitoring.;
1858;v16.2.5;v16.2.15;src/pybind/mgr/dashboard/frontend/src/app/ceph/cluster/osd/osd-details/osd-details.component.html;;M;M;3;1;FALSE;100644;100644;bd85e2255689ba1291f3afaabb36d229b8b01289;8761453a9d5931d8278541f4916226fb140ee4a2;7;07-mgr-modules-monitoring;P1;runtime/source;deep;Chọn đọc sâu theo nhóm: implementation thuộc MGR, dashboard, module, metrics, alerts và monitoring.;
1859;v16.2.5;v16.2.15;src/pybind/mgr/dashboard/frontend/src/app/ceph/cluster/osd/osd-devices-selection-groups/osd-devices-selection-groups.component.html;;M;M;1;1;FALSE;100644;100644;bfbf3dcf143b426318cc5535e9d56b763b5ffe5e;8b1f59eac371c922d991abbe2cac964936dff1f9;7;07-mgr-modules-monitoring;P1;runtime/source;deep;Chọn đọc sâu theo nhóm: implementation thuộc MGR, dashboard, module, metrics, alerts và monitoring.;
1860;v16.2.5;v16.2.15;src/pybind/mgr/dashboard/frontend/src/app/ceph/cluster/osd/osd-devices-selection-groups/osd-devices-selection-groups.component.spec.ts;;M;M;5;1;FALSE;100644;100644;0d9250000616cfc69c9c50946170b8bcbc7517d4;dea6746cf95125511231bcc1f3722b3f078f08eb;7;07-mgr-modules-monitoring;P1;runtime/source;deep;Chọn đọc sâu theo nhóm: implementation thuộc MGR, dashboard, module, metrics, alerts và monitoring.;
1861;v16.2.5;v16.2.15;src/pybind/mgr/dashboard/frontend/src/app/ceph/cluster/osd/osd-devices-selection-groups/osd-devices-selection-groups.component.ts;;M;M;41;6;FALSE;100644;100644;bbeb8b0f0cee3891db3ec9504f60bb19a191a1cc;6c5cf52f6f53dc282db7f364a4033432f3b62372;7;07-mgr-modules-monitoring;P1;runtime/source;deep;Chọn đọc sâu theo nhóm: implementation thuộc MGR, dashboard, module, metrics, alerts và monitoring.;
1862;v16.2.5;v16.2.15;src/pybind/mgr/dashboard/frontend/src/app/ceph/cluster/osd/osd-devices-selection-modal/osd-devices-selection-modal.component.html;;M;M;2;0;FALSE;100644;100644;30effc21b53e2baa84ec6dd6ed2309a2ed80b69d;2a4344944c46c7983a4efcfe0c3d6bd00858f6f8;7;07-mgr-modules-monitoring;P1;runtime/source;deep;Chọn đọc sâu theo nhóm: implementation thuộc MGR, dashboard, module, metrics, alerts và monitoring.;
1863;v16.2.5;v16.2.15;src/pybind/mgr/dashboard/frontend/src/app/ceph/cluster/osd/osd-devices-selection-modal/osd-devices-selection-modal.component.ts;;M;M;14;2;FALSE;100644;100644;fe77a4fe4d8a04d3305d47f110b214891150dcf8;f3ed46227bc226e0c90251958bb826764c1332fa;7;07-mgr-modules-monitoring;P1;runtime/source;deep;Chọn đọc sâu theo nhóm: implementation thuộc MGR, dashboard, module, metrics, alerts và monitoring.;
1864;v16.2.5;v16.2.15;src/pybind/mgr/dashboard/frontend/src/app/ceph/cluster/osd/osd-flags-indiv-modal/osd-flags-indiv-modal.component.spec.ts;;M;M;3;1;FALSE;100644;100644;e85223c80e39ce950830871a5f9f6eddeb036f6f;93c9e9adcbbf0484aeed02dfb40905a5eb7bf6e1;7;07-mgr-modules-monitoring;P1;runtime/source;deep;Chọn đọc sâu theo nhóm: implementation thuộc MGR, dashboard, module, metrics, alerts và monitoring.;
1865;v16.2.5;v16.2.15;src/pybind/mgr/dashboard/frontend/src/app/ceph/cluster/osd/osd-form/osd-form.component.html;;M;M;191;110;FALSE;100644;100644;0f1a5de6dee88d291c0743e2194b7a14012f64a6;12279246a99eedecf2220bc2e08517f59cda80d9;7;07-mgr-modules-monitoring;P1;runtime/source;deep;Chọn đọc sâu theo nhóm: implementation thuộc MGR, dashboard, module, metrics, alerts và monitoring.;
1866;v16.2.5;v16.2.15;src/pybind/mgr/dashboard/frontend/src/app/ceph/cluster/osd/osd-form/osd-form.component.spec.ts;;M;M;86;2;FALSE;100644;100644;2044b084c7aac81ea02ec1a82828278c74a2c3f7;725fc953fbb6c6d1cbe25f048cd37b9cdb2242a1;7;07-mgr-modules-monitoring;P1;runtime/source;deep;Chọn đọc sâu theo nhóm: implementation thuộc MGR, dashboard, module, metrics, alerts và monitoring.;
1867;v16.2.5;v16.2.15;src/pybind/mgr/dashboard/frontend/src/app/ceph/cluster/osd/osd-form/osd-form.component.ts;;M;M;91;21;FALSE;100644;100644;7b6c44742a75684c5eaabc7252341bfe64bf68ce;e2085548f0f51e8afe844a3c0b610c0345e0c827;7;07-mgr-modules-monitoring;P1;runtime/source;deep;Chọn đọc sâu theo nhóm: implementation thuộc MGR, dashboard, module, metrics, alerts và monitoring.;
1868;v16.2.5;v16.2.15;src/pybind/mgr/dashboard/frontend/src/app/ceph/cluster/osd/osd-list/osd-list.component.html;;M;M;44;5;FALSE;100644;100644;9f4f3e2152cf4067322cb6e23ebe89a68a25b2f6;c1c1894d744ab62dc7cd022c469a281681eec87c;7;07-mgr-modules-monitoring;P1;runtime/source;deep;Chọn đọc sâu theo nhóm: implementation thuộc MGR, dashboard, module, metrics, alerts và monitoring.;
1869;v16.2.5;v16.2.15;src/pybind/mgr/dashboard/frontend/src/app/ceph/cluster/osd/osd-list/osd-list.component.ts;;M;M;13;0;FALSE;100644;100644;45dc840655ddd727c3bd12f4e85389114e56a2aa;ec8268d8b040550cdd8e5182a7faa6ec560e5098;7;07-mgr-modules-monitoring;P1;runtime/source;deep;Chọn đọc sâu theo nhóm: implementation thuộc MGR, dashboard, module, metrics, alerts và monitoring.;
1870;v16.2.5;v16.2.15;src/pybind/mgr/dashboard/frontend/src/app/ceph/cluster/osd/osd-pg-scrub-modal/osd-pg-scrub-modal.component.html;;M;M;1;1;FALSE;100644;100644;841f41b575a6d9c2ddb581b8d234c7d44a579cc3;fa263672246a803cc4e834f2f2e5ffb96df75476;7;07-mgr-modules-monitoring;P1;runtime/source;deep;Chọn đọc sâu theo nhóm: implementation thuộc MGR, dashboard, module, metrics, alerts và monitoring.;
1871;v16.2.5;v16.2.15;src/pybind/mgr/dashboard/frontend/src/app/ceph/cluster/osd/osd-recv-speed-modal/osd-recv-speed-modal.component.html;;M;M;1;1;FALSE;100755;100755;6544872726ea2c0f765fd627077507c80b41600a;eb54c82f50d3d16ae97a6fcb7c7ae9ff50c3abbe;7;07-mgr-modules-monitoring;P1;runtime/source;deep;Chọn đọc sâu theo nhóm: implementation thuộc MGR, dashboard, module, metrics, alerts và monitoring.;
1872;v16.2.5;v16.2.15;src/pybind/mgr/dashboard/frontend/src/app/ceph/cluster/osd/osd-reweight-modal/osd-reweight-modal.component.ts;;M;M;1;5;FALSE;100644;100644;d101079776e0dd8bd34230ab9004de4454e12b82;acbdb2d8ff5f357486d186a26f9e28679b6ec891;7;07-mgr-modules-monitoring;P1;runtime/source;deep;Chọn đọc sâu theo nhóm: implementation thuộc MGR, dashboard, module, metrics, alerts và monitoring.;
1873;v16.2.5;v16.2.15;src/pybind/mgr/dashboard/frontend/src/app/ceph/cluster/prometheus/rules-list/rules-list.component.html;;M;M;3;2;FALSE;100644;100644;0066784a86409b49fa0cc617c5717ce9b7ed6e9e;4ae7e8a31b33d37306dbd9b7ca66b4183db55904;7;07-mgr-modules-monitoring;P1;runtime/source;deep;Chọn đọc sâu theo nhóm: implementation thuộc MGR, dashboard, module, metrics, alerts và monitoring.;
1874;v16.2.5;v16.2.15;src/pybind/mgr/dashboard/frontend/src/app/ceph/cluster/prometheus/silence-form/silence-form.component.html;;M;M;1;3;FALSE;100644;100644;ce8928f7f0266e5c7700b8dd4f3ea5ab9d3312d9;02f04a06a4bcdd9ad8a497000862ad312b7ae9de;7;07-mgr-modules-monitoring;P1;runtime/source;deep;Chọn đọc sâu theo nhóm: implementation thuộc MGR, dashboard, module, metrics, alerts và monitoring.;
1875;v16.2.5;v16.2.15;src/pybind/mgr/dashboard/frontend/src/app/ceph/cluster/prometheus/silence-form/silence-form.component.spec.ts;;M;M;12;10;FALSE;100644;100644;136375cbbbe38784b793ec7c9f75a1c0bffed944;41898315019c9e8dafe960dc0e2ebb15a4f5f6b6;7;07-mgr-modules-monitoring;P1;runtime/source;deep;Chọn đọc sâu theo nhóm: implementation thuộc MGR, dashboard, module, metrics, alerts và monitoring.;
1876;v16.2.5;v16.2.15;src/pybind/mgr/dashboard/frontend/src/app/ceph/cluster/prometheus/silence-form/silence-form.component.ts;;M;M;10;4;FALSE;100644;100644;b3bc1401082a66487b29197b583f35551cb29b7c;b698e4958eddacbdfb10716da42ad8c2b2b47be3;7;07-mgr-modules-monitoring;P1;runtime/source;deep;Chọn đọc sâu theo nhóm: implementation thuộc MGR, dashboard, module, metrics, alerts và monitoring.;
1877;v16.2.5;v16.2.15;src/pybind/mgr/dashboard/frontend/src/app/ceph/cluster/services/service-daemon-list/service-daemon-list.component.html;;M;M;49;26;FALSE;100644;100644;5a8116d5a288ac3ed3701c8af682999e6bf1896f;fc076a185a03f12d39dafd29b1029272b6c20396;7;07-mgr-modules-monitoring;P1;runtime/source;deep;Chọn đọc sâu theo nhóm: implementation thuộc MGR, dashboard, module, metrics, alerts và monitoring.;
1878;v16.2.5;v16.2.15;src/pybind/mgr/dashboard/frontend/src/app/ceph/cluster/services/service-daemon-list/service-daemon-list.component.scss;;M;M;3;2;FALSE;100644;100644;c9a361d329614441f463d194f5fd046e5843e262;a0d91c704479b436d2f914bc096d26497da08beb;7;07-mgr-modules-monitoring;P1;runtime/source;deep;Chọn đọc sâu theo nhóm: implementation thuộc MGR, dashboard, module, metrics, alerts và monitoring.;
1879;v16.2.5;v16.2.15;src/pybind/mgr/dashboard/frontend/src/app/ceph/cluster/services/service-daemon-list/service-daemon-list.component.spec.ts;;M;M;108;5;FALSE;100644;100644;e9b49ce80ea02d8498483d51af1aa689ae55a398;31739a7c2988f26875bfd381d3ed99b787dfc730;7;07-mgr-modules-monitoring;P1;runtime/source;deep;Chọn đọc sâu theo nhóm: implementation thuộc MGR, dashboard, module, metrics, alerts và monitoring.;
1880;v16.2.5;v16.2.15;src/pybind/mgr/dashboard/frontend/src/app/ceph/cluster/services/service-daemon-list/service-daemon-list.component.ts;;M;M;138;36;FALSE;100644;100644;1a17fdb61ccddd2d07187f528a5cc7f952029239;d1c2f9cc3f11d153fcccce0883d9d2c66990fa68;7;07-mgr-modules-monitoring;P1;runtime/source;deep;Chọn đọc sâu theo nhóm: implementation thuộc MGR, dashboard, module, metrics, alerts và monitoring.;
1881;v16.2.5;v16.2.15;src/pybind/mgr/dashboard/frontend/src/app/ceph/cluster/services/service-details/service-details.component.spec.ts;;M;M;3;1;FALSE;100644;100644;6be3b2689526f06e6c54352e27775dfa8f4d2d3f;109ef039fbab03ddc4a72783598f815f95eaffd7;7;07-mgr-modules-monitoring;P1;runtime/source;deep;Chọn đọc sâu theo nhóm: implementation thuộc MGR, dashboard, module, metrics, alerts và monitoring.;
1882;v16.2.5;v16.2.15;src/pybind/mgr/dashboard/frontend/src/app/ceph/cluster/services/service-form/service-form.component.html;;M;M;302;93;FALSE;100644;100644;aed6da3f964d4a45a60763f6bb8e0e5a3e4a9f0f;34f90d33dc9f21da8cf8dfb30389ddbc9d82bcf1;7;07-mgr-modules-monitoring;P1;runtime/source;deep;Chọn đọc sâu theo nhóm: implementation thuộc MGR, dashboard, module, metrics, alerts và monitoring.;
1883;v16.2.5;v16.2.15;src/pybind/mgr/dashboard/frontend/src/app/ceph/cluster/services/service-form/service-form.component.spec.ts;;M;M;209;42;FALSE;100644;100644;e9e64b71cfe66ae91924506518db61e85fe895d4;a4cb436a64b2ba805b5bd1d24483e825ca9a23fb;7;07-mgr-modules-monitoring;P1;runtime/source;deep;Chọn đọc sâu theo nhóm: implementation thuộc MGR, dashboard, module, metrics, alerts và monitoring.;
1884;v16.2.5;v16.2.15;src/pybind/mgr/dashboard/frontend/src/app/ceph/cluster/services/service-form/service-form.component.ts;;M;M;373;74;FALSE;100644;100644;c51e1c6ac3f0b6e6d01e6b43c94450869bda2d41;baedbfcac8fc5b19cdd05b6b51e79b33fc17c454;7;07-mgr-modules-monitoring;P1;runtime/source;deep;Chọn đọc sâu theo nhóm: implementation thuộc MGR, dashboard, module, metrics, alerts và monitoring.;
1885;v16.2.5;v16.2.15;src/pybind/mgr/dashboard/frontend/src/app/ceph/cluster/services/services.component.html;;M;M;2;1;FALSE;100644;100644;f6f66ee51485f337197a1fffa136b93db2fb7946;36ab431fc96b32b73b5bbfb0688a3781a9096e14;7;07-mgr-modules-monitoring;P1;runtime/source;deep;Chọn đọc sâu theo nhóm: implementation thuộc MGR, dashboard, module, metrics, alerts và monitoring.;
1886;v16.2.5;v16.2.15;src/pybind/mgr/dashboard/frontend/src/app/ceph/cluster/services/services.component.ts;;M;M;66;3;FALSE;100644;100644;7cba81ee49eab486c95e88cbbdb70609058c48db;318a54a6ee4589f892f65c327617a4b1e6f897cd;7;07-mgr-modules-monitoring;P1;runtime/source;deep;Chọn đọc sâu theo nhóm: implementation thuộc MGR, dashboard, module, metrics, alerts và monitoring.;
1887;v16.2.5;v16.2.15;src/pybind/mgr/dashboard/frontend/src/app/ceph/cluster/telemetry/telemetry.component.html;;M;M;19;2;FALSE;100644;100644;69690668392f9891818dc49792431082692a4294;1348714694273cd8d0900ec5a726860bf480f7d3;7;07-mgr-modules-monitoring;P1;runtime/source;deep;Chọn đọc sâu theo nhóm: implementation thuộc MGR, dashboard, module, metrics, alerts và monitoring.;
1888;v16.2.5;v16.2.15;src/pybind/mgr/dashboard/frontend/src/app/ceph/cluster/telemetry/telemetry.component.spec.ts;;M;M;42;15;FALSE;100644;100644;34f93dfaafdf5e5da83c2645b652524cdebf98f0;2488816494abc41cb4e29681d06598c041837529;7;07-mgr-modules-monitoring;P1;runtime/source;deep;Chọn đọc sâu theo nhóm: implementation thuộc MGR, dashboard, module, metrics, alerts và monitoring.;
1889;v16.2.5;v16.2.15;src/pybind/mgr/dashboard/frontend/src/app/ceph/cluster/telemetry/telemetry.component.ts;;M;M;87;46;FALSE;100644;100644;8edb7b6a927d700989040dfb0060f4d954cfa768;c2f4523dc7583d1f936a498c8ba1ed9815bf0ce1;7;07-mgr-modules-monitoring;P1;runtime/source;deep;Chọn đọc sâu theo nhóm: implementation thuộc MGR, dashboard, module, metrics, alerts và monitoring.;
1890;v16.2.5;v16.2.15;src/pybind/mgr/dashboard/frontend/src/app/ceph/dashboard/health/health.component.scss;;M;M;1;1;FALSE;100644;100644;8b45a05a2afab5c0a4223ab4b1c19ec4c86650d1;1294f5922db523756d6137ff25f73e4dfade659f;7;07-mgr-modules-monitoring;P1;runtime/source;deep;Chọn đọc sâu theo nhóm: implementation thuộc MGR, dashboard, module, metrics, alerts và monitoring.;
1891;v16.2.5;v16.2.15;src/pybind/mgr/dashboard/frontend/src/app/ceph/dashboard/health/health.component.spec.ts;;M;M;3;2;FALSE;100644;100644;8f671f791132b5811d994bda629708000e88ca60;cedcd06b6975ce07862bc040a47e8fb45156a357;7;07-mgr-modules-monitoring;P1;runtime/source;deep;Chọn đọc sâu theo nhóm: implementation thuộc MGR, dashboard, module, metrics, alerts và monitoring.;
1892;v16.2.5;v16.2.15;src/pybind/mgr/dashboard/frontend/src/app/ceph/dashboard/health/health.component.ts;;M;M;25;1;FALSE;100644;100644;d90e17e1f07d3a8837622b9f72121a4e79c4fde6;4d1dac769a4b3a2e12ab995e48b28e7c29c2960f;7;07-mgr-modules-monitoring;P1;runtime/source;deep;Chọn đọc sâu theo nhóm: implementation thuộc MGR, dashboard, module, metrics, alerts và monitoring.;
1893;v16.2.5;v16.2.15;src/pybind/mgr/dashboard/frontend/src/app/ceph/dashboard/osd-summary.pipe.spec.ts;;M;M;33;17;FALSE;100644;100644;f42a55dd4270b243312476e282b5c1224304c0b2;22f5eeff3853b4b00dc6d239b1c2b9875d413e46;7;07-mgr-modules-monitoring;P1;runtime/source;deep;Chọn đọc sâu theo nhóm: implementation thuộc MGR, dashboard, module, metrics, alerts và monitoring.;
1894;v16.2.5;v16.2.15;src/pybind/mgr/dashboard/frontend/src/app/ceph/dashboard/osd-summary.pipe.ts;;M;M;32;0;FALSE;100644;100644;26714ff2ae6bb6957f175321aedd4656b4c66eac;46d2eda6bb79b4b805224f74ca1eef75f34e03c9;7;07-mgr-modules-monitoring;P1;runtime/source;deep;Chọn đọc sâu theo nhóm: implementation thuộc MGR, dashboard, module, metrics, alerts và monitoring.;
1895;v16.2.5;v16.2.15;src/pybind/mgr/dashboard/frontend/src/app/ceph/nfs/models/nfs.fsal.ts;;A;A;5;0;FALSE;0;100644;0;f204ac6d8b6b5f8caa32cd9d95a7aacf7984f0ce;7;07-mgr-modules-monitoring;P1;runtime/source;deep;Chọn đọc sâu theo nhóm: implementation thuộc MGR, dashboard, module, metrics, alerts và monitoring.;
1896;v16.2.5;v16.2.15;src/pybind/mgr/dashboard/frontend/src/app/ceph/nfs/nfs-cluster-type.enum.ts;;D;D;0;4;FALSE;100644;0;7a775e5ab2dbdd50fcd2e0d9f14b3550640aeb5b;0;7;07-mgr-modules-monitoring;P1;runtime/source;deep;Chọn đọc sâu theo nhóm: implementation thuộc MGR, dashboard, module, metrics, alerts và monitoring.;
1897;v16.2.5;v16.2.15;src/pybind/mgr/dashboard/frontend/src/app/ceph/nfs/nfs-details/nfs-details.component.spec.ts;;M;M;6;13;FALSE;100644;100644;3abae2ee88e999e82faf3ad1e4ceac5b93b1d894;fcf5305393cba5a345a07bab57369e11bafb3d48;7;07-mgr-modules-monitoring;P1;runtime/source;deep;Chọn đọc sâu theo nhóm: implementation thuộc MGR, dashboard, module, metrics, alerts và monitoring.;
1898;v16.2.5;v16.2.15;src/pybind/mgr/dashboard/frontend/src/app/ceph/nfs/nfs-details/nfs-details.component.ts;;M;M;1;2;FALSE;100644;100644;25a42416f7e36e68212f23fdf7a556ffead99371;5a84bd52e9da96f90da70cd8f48484edea83840f;7;07-mgr-modules-monitoring;P1;runtime/source;deep;Chọn đọc sâu theo nhóm: implementation thuộc MGR, dashboard, module, metrics, alerts và monitoring.;
1899;v16.2.5;v16.2.15;src/pybind/mgr/dashboard/frontend/src/app/ceph/nfs/nfs-form-client/nfs-form-client.component.html;;M;M;13;9;FALSE;100644;100644;4f84f8e03b75ee86ae1905a4f18fdb9bb301354c;117ad371d4eedb3cf9875515ce654140804e0e5a;7;07-mgr-modules-monitoring;P1;runtime/source;deep;Chọn đọc sâu theo nhóm: implementation thuộc MGR, dashboard, module, metrics, alerts và monitoring.;
1900;v16.2.5;v16.2.15;src/pybind/mgr/dashboard/frontend/src/app/ceph/nfs/nfs-form-client/nfs-form-client.component.ts;;M;M;12;9;FALSE;100644;100644;8423f177567952303c4f9979174d73d8492393ea;15e7d7d5ccebbd56512f1dc524c59548ef35845f;7;07-mgr-modules-monitoring;P1;runtime/source;deep;Chọn đọc sâu theo nhóm: implementation thuộc MGR, dashboard, module, metrics, alerts và monitoring.;
1901;v16.2.5;v16.2.15;src/pybind/mgr/dashboard/frontend/src/app/ceph/nfs/nfs-form/nfs-form.component.html;;M;M;83;198;FALSE;100644;100644;3da1e5820f70e8aa651d2cfe3aa07f444ee27fb3;7313ea69b2ecd96d1e1d3adaca92ca6188176a78;7;07-mgr-modules-monitoring;P1;runtime/source;deep;Chọn đọc sâu theo nhóm: implementation thuộc MGR, dashboard, module, metrics, alerts và monitoring.;
1902;v16.2.5;v16.2.15;src/pybind/mgr/dashboard/frontend/src/app/ceph/nfs/nfs-form/nfs-form.component.scss;;M;M;8;0;FALSE;100644;100644;cebcc8877a217ba752a01478da5bfe4d296ed08c;4d892a120fc64f735d4ba921574256f677c9f8c6;7;07-mgr-modules-monitoring;P1;runtime/source;deep;Chọn đọc sâu theo nhóm: implementation thuộc MGR, dashboard, module, metrics, alerts và monitoring.;
1903;v16.2.5;v16.2.15;src/pybind/mgr/dashboard/frontend/src/app/ceph/nfs/nfs-form/nfs-form.component.spec.ts;;M;M;87;100;FALSE;100644;100644;e567abfb562b69cea1be27e0608d46da8ef91f56;62efec423d36aac61f13cf28988ce0e64ccbbcdc;7;07-mgr-modules-monitoring;P1;runtime/source;deep;Chọn đọc sâu theo nhóm: implementation thuộc MGR, dashboard, module, metrics, alerts và monitoring.;
1904;v16.2.5;v16.2.15;src/pybind/mgr/dashboard/frontend/src/app/ceph/nfs/nfs-form/nfs-form.component.ts;;M;M;159;240;FALSE;100644;100644;3e23b9878b95d82c9bdc3feb6efe9e679d97aae2;595b3b7fe7c39514b898047650fc1f65fcbefa00;7;07-mgr-modules-monitoring;P1;runtime/source;deep;Chọn đọc sâu theo nhóm: implementation thuộc MGR, dashboard, module, metrics, alerts và monitoring.;
1905;v16.2.5;v16.2.15;src/pybind/mgr/dashboard/frontend/src/app/ceph/nfs/nfs-list/nfs-list.component.spec.ts;;M;M;0;4;FALSE;100644;100644;d02a05c23d82a8d7fe5f86ede12d609bcacd7ed2;5e43cdd658cb45d71a598751fc454bceecb61fea;7;07-mgr-modules-monitoring;P1;runtime/source;deep;Chọn đọc sâu theo nhóm: implementation thuộc MGR, dashboard, module, metrics, alerts và monitoring.;
1906;v16.2.5;v16.2.15;src/pybind/mgr/dashboard/frontend/src/app/ceph/nfs/nfs-list/nfs-list.component.ts;;M;M;8;31;FALSE;100644;100644;70ff67eaf8c78b6cf1e365bfc3d0d5e476aa6b3b;d5d0c2639300c322820a59b3c539c97942828aa2;7;07-mgr-modules-monitoring;P1;runtime/source;deep;Chọn đọc sâu theo nhóm: implementation thuộc MGR, dashboard, module, metrics, alerts và monitoring.;
1907;v16.2.5;v16.2.15;src/pybind/mgr/dashboard/frontend/src/app/ceph/pool/crush-rule-form-modal/crush-rule-form-modal.component.html;;M;M;4;4;FALSE;100644;100644;7bf328df4eb720c3bdbda6c58e5310cfd8593f1b;e5906dc4b3e04403b88b6e6ecc82e243b4582132;7;07-mgr-modules-monitoring;P1;runtime/source;deep;Chọn đọc sâu theo nhóm: implementation thuộc MGR, dashboard, module, metrics, alerts và monitoring.;
1908;v16.2.5;v16.2.15;src/pybind/mgr/dashboard/frontend/src/app/ceph/pool/erasure-code-profile-form/erasure-code-profile-form-modal.component.html;;M;M;18;13;FALSE;100644;100644;92cecabc91581a3b4c7792c3230919e2b1e6f621;b4b9cd1939099adbfe97fd12e83c28ce47790057;7;07-mgr-modules-monitoring;P1;runtime/source;deep;Chọn đọc sâu theo nhóm: implementation thuộc MGR, dashboard, module, metrics, alerts và monitoring.;
1909;v16.2.5;v16.2.15;src/pybind/mgr/dashboard/frontend/src/app/ceph/pool/erasure-code-profile-form/erasure-code-profile-form-modal.component.ts;;M;M;2;9;FALSE;100644;100644;c0e5e59be29d47228a6c9eadb3243b8ca4700817;01f7dcb1ee94636bd2f994db5a1af792abbb925a;7;07-mgr-modules-monitoring;P1;runtime/source;deep;Chọn đọc sâu theo nhóm: implementation thuộc MGR, dashboard, module, metrics, alerts và monitoring.;
1910;v16.2.5;v16.2.15;src/pybind/mgr/dashboard/frontend/src/app/ceph/pool/pool-form/pool-form.component.html;;M;M;6;6;FALSE;100644;100644;f62a7283feb8f2d7a26402f8c375ab705957aa68;07a26f9eb2b406c79b0fb9989e4a6afec077ccb6;7;07-mgr-modules-monitoring;P1;runtime/source;deep;Chọn đọc sâu theo nhóm: implementation thuộc MGR, dashboard, module, metrics, alerts và monitoring.;
1911;v16.2.5;v16.2.15;src/pybind/mgr/dashboard/frontend/src/app/ceph/pool/pool-form/pool-form.component.ts;;M;M;3;4;FALSE;100644;100644;a3cec3854857101d630c58cbde99302b1c86f6df;4778562cb2c1d1872d3bda0c8246ff566da0f517;7;07-mgr-modules-monitoring;P1;runtime/source;deep;Chọn đọc sâu theo nhóm: implementation thuộc MGR, dashboard, module, metrics, alerts và monitoring.;
1912;v16.2.5;v16.2.15;src/pybind/mgr/dashboard/frontend/src/app/ceph/rgw/models/rgw-daemon.ts;;M;M;2;0;FALSE;100644;100644;25544a5ed2700c013681c479095225cba0c6bee6;445f2a5acc85ffec12fd63afca7177485ce7b8dd;7;07-mgr-modules-monitoring;P1;runtime/source;deep;Chọn đọc sâu theo nhóm: implementation thuộc MGR, dashboard, module, metrics, alerts và monitoring.;
1913;v16.2.5;v16.2.15;src/pybind/mgr/dashboard/frontend/src/app/ceph/rgw/rgw-bucket-form/rgw-bucket-form.component.html;;M;M;7;7;FALSE;100644;100644;be46e01524ea7cf23cffab6fb68d5d9e282753a8;bad80a7f358874f69357e14812bb03b29c78bd85;7;07-mgr-modules-monitoring;P1;runtime/source;deep;Chọn đọc sâu theo nhóm: implementation thuộc MGR, dashboard, module, metrics, alerts và monitoring.;
1914;v16.2.5;v16.2.15;src/pybind/mgr/dashboard/frontend/src/app/ceph/rgw/rgw-bucket-form/rgw-bucket-form.component.spec.ts;;M;M;4;84;FALSE;100644;100644;a2d8854adc873feea0cfdf03d753b3d84dff6381;704d7918465df24c8b9c4fbb928a625c72ffaca8;7;07-mgr-modules-monitoring;P1;runtime/source;deep;Chọn đọc sâu theo nhóm: implementation thuộc MGR, dashboard, module, metrics, alerts và monitoring.;
1915;v16.2.5;v16.2.15;src/pybind/mgr/dashboard/frontend/src/app/ceph/rgw/rgw-bucket-form/rgw-bucket-form.component.ts;;M;M;9;106;FALSE;100644;100644;80ff2c8538a5a24ed8ab1295f80a4e9ce05bfb41;1d5aede396eae52b8fd6ec2d22738b670550ccea;7;07-mgr-modules-monitoring;P1;runtime/source;deep;Chọn đọc sâu theo nhóm: implementation thuộc MGR, dashboard, module, metrics, alerts và monitoring.;
1916;v16.2.5;v16.2.15;src/pybind/mgr/dashboard/frontend/src/app/ceph/rgw/rgw-bucket-list/rgw-bucket-list.component.spec.ts;;M;M;1;1;FALSE;100644;100644;94dc9f070a15be6d45994899197913328a4ba423;ff070579317652ed649c2135c3c271d631ca70f6;7;07-mgr-modules-monitoring;P1;runtime/source;deep;Chọn đọc sâu theo nhóm: implementation thuộc MGR, dashboard, module, metrics, alerts và monitoring.;
1917;v16.2.5;v16.2.15;src/pybind/mgr/dashboard/frontend/src/app/ceph/rgw/rgw-bucket-list/rgw-bucket-list.component.ts;;M;M;5;22;FALSE;100644;100644;0355e4808a3ca7c50586767ba115df3abe28bf23;479da864a44a6d4e8c049be00f7efa92a3b7f262;7;07-mgr-modules-monitoring;P1;runtime/source;deep;Chọn đọc sâu theo nhóm: implementation thuộc MGR, dashboard, module, metrics, alerts và monitoring.;
1918;v16.2.5;v16.2.15;src/pybind/mgr/dashboard/frontend/src/app/ceph/rgw/rgw-daemon-details/rgw-daemon-details.component.html;;M;M;1;1;FALSE;100644;100644;873200d71b9f64c4d0227993c81133a58dc96b26;e53eaa8f73d3d6c5801f52429bc52e4cc78a4148;7;07-mgr-modules-monitoring;P1;runtime/source;deep;Chọn đọc sâu theo nhóm: implementation thuộc MGR, dashboard, module, metrics, alerts và monitoring.;
1919;v16.2.5;v16.2.15;src/pybind/mgr/dashboard/frontend/src/app/ceph/rgw/rgw-daemon-details/rgw-daemon-details.component.spec.ts;;M;M;12;0;FALSE;100644;100644;e9bebbe9aac955e61d5a5d91d64aca7a24b0e80e;40ea5a04328be18c873e967e77d8462eaf099ff2;7;07-mgr-modules-monitoring;P1;runtime/source;deep;Chọn đọc sâu theo nhóm: implementation thuộc MGR, dashboard, module, metrics, alerts và monitoring.;
1920;v16.2.5;v16.2.15;src/pybind/mgr/dashboard/frontend/src/app/ceph/rgw/rgw-daemon-details/rgw-daemon-details.component.ts;;M;M;4;2;FALSE;100644;100644;06f6c19768fe26ed979a9358712017aea10e5007;38a309e0ace3a4d08f740c1aa1edccc407e208d9;7;07-mgr-modules-monitoring;P1;runtime/source;deep;Chọn đọc sâu theo nhóm: implementation thuộc MGR, dashboard, module, metrics, alerts và monitoring.;
1921;v16.2.5;v16.2.15;src/pybind/mgr/dashboard/frontend/src/app/ceph/rgw/rgw-daemon-list/rgw-daemon-list.component.spec.ts;;M;M;30;1;FALSE;100644;100644;4278b0c0d3a59c7b59c5f616db7d8debc62a50f8;ecf0bedf961d0d5fb5942e91bcd453daffd93554;7;07-mgr-modules-monitoring;P1;runtime/source;deep;Chọn đọc sâu theo nhóm: implementation thuộc MGR, dashboard, module, metrics, alerts và monitoring.;
1922;v16.2.5;v16.2.15;src/pybind/mgr/dashboard/frontend/src/app/ceph/rgw/rgw-daemon-list/rgw-daemon-list.component.ts;;M;M;16;13;FALSE;100644;100644;cb8ce571335d44203285a5dace19af7efd1a557d;c620843fb8acd85dabd90f6bbb4d49217a3770e3;7;07-mgr-modules-monitoring;P1;runtime/source;deep;Chọn đọc sâu theo nhóm: implementation thuộc MGR, dashboard, module, metrics, alerts và monitoring.;
1923;v16.2.5;v16.2.15;src/pybind/mgr/dashboard/frontend/src/app/ceph/rgw/rgw-user-capability-modal/rgw-user-capability-modal.component.html;;M;M;3;3;FALSE;100644;100644;24cf4ab5f548837b68610758f7f7ae11d1cef826;8276e01e7c4bf30af6c67cc12d385e7665556fcb;7;07-mgr-modules-monitoring;P1;runtime/source;deep;Chọn đọc sâu theo nhóm: implementation thuộc MGR, dashboard, module, metrics, alerts và monitoring.;
1924;v16.2.5;v16.2.15;src/pybind/mgr/dashboard/frontend/src/app/ceph/rgw/rgw-user-details/rgw-user-details.component.html;;M;M;5;0;FALSE;100644;100644;ebd648d021acb46202b43c7ef6f30f54d1eaea61;2283f4c546f053982c7def5fbd5d9937c9abc555;7;07-mgr-modules-monitoring;P1;runtime/source;deep;Chọn đọc sâu theo nhóm: implementation thuộc MGR, dashboard, module, metrics, alerts và monitoring.;
1925;v16.2.5;v16.2.15;src/pybind/mgr/dashboard/frontend/src/app/ceph/rgw/rgw-user-details/rgw-user-details.component.spec.ts;;M;M;20;0;FALSE;100644;100644;126fdf44ff26468b1a7a8d258ccdb63615b010a2;62519cdf478c975e4e88d5b970c418fce53a6235;7;07-mgr-modules-monitoring;P1;runtime/source;deep;Chọn đọc sâu theo nhóm: implementation thuộc MGR, dashboard, module, metrics, alerts và monitoring.;
1926;v16.2.5;v16.2.15;src/pybind/mgr/dashboard/frontend/src/app/ceph/rgw/rgw-user-form/rgw-user-form.component.html;;M;M;9;4;FALSE;100644;100644;c0c619b3ec4e760b330d4abfe61d6d05f42c0fa5;6c00f37d42d8387a4c8932a94fa7c25fb0479ed5;7;07-mgr-modules-monitoring;P1;runtime/source;deep;Chọn đọc sâu theo nhóm: implementation thuộc MGR, dashboard, module, metrics, alerts và monitoring.;
1927;v16.2.5;v16.2.15;src/pybind/mgr/dashboard/frontend/src/app/ceph/rgw/rgw-user-form/rgw-user-form.component.ts;;M;M;2;8;FALSE;100644;100644;899ed0298941581886107117311c8782cb0e3710;9d4e1ce601b7fb83399a423c9dbbe333fcc53de7;7;07-mgr-modules-monitoring;P1;runtime/source;deep;Chọn đọc sâu theo nhóm: implementation thuộc MGR, dashboard, module, metrics, alerts và monitoring.;
1928;v16.2.5;v16.2.15;src/pybind/mgr/dashboard/frontend/src/app/ceph/rgw/rgw-user-list/rgw-user-list.component.spec.ts;;M;M;1;1;FALSE;100644;100644;379957d88ec73d521126932cdb7aecf4552fb6b5;2f886ccf5d4a42cfa5f740e9496de884d859451c;7;07-mgr-modules-monitoring;P1;runtime/source;deep;Chọn đọc sâu theo nhóm: implementation thuộc MGR, dashboard, module, metrics, alerts và monitoring.;
1929;v16.2.5;v16.2.15;src/pybind/mgr/dashboard/frontend/src/app/ceph/rgw/rgw-user-list/rgw-user-list.component.ts;;M;M;4;22;FALSE;100644;100644;e7f47298ecffb14d58a6139d1fee904b7356b0c6;34cccb9409d6bcc595c55c03e497061ef9574957;7;07-mgr-modules-monitoring;P1;runtime/source;deep;Chọn đọc sâu theo nhóm: implementation thuộc MGR, dashboard, module, metrics, alerts và monitoring.;
1930;v16.2.5;v16.2.15;src/pybind/mgr/dashboard/frontend/src/app/ceph/rgw/rgw-user-s3-key-modal/rgw-user-s3-key-modal.component.html;;M;M;2;2;FALSE;100644;100644;a68534286c17cd75d79f78478824347c67c2d4ec;6ec8978af966a6d4d4852b4dd477a98cb7b08592;7;07-mgr-modules-monitoring;P1;runtime/source;deep;Chọn đọc sâu theo nhóm: implementation thuộc MGR, dashboard, module, metrics, alerts và monitoring.;
1931;v16.2.5;v16.2.15;src/pybind/mgr/dashboard/frontend/src/app/ceph/rgw/rgw-user-subuser-modal/rgw-user-subuser-modal.component.html;;M;M;2;2;FALSE;100644;100644;cbe5ae3976dd829d99d8a39e17552b25053b6be1;4fb03f019c6c990ec950a078f33652ed7bd46cbe;7;07-mgr-modules-monitoring;P1;runtime/source;deep;Chọn đọc sâu theo nhóm: implementation thuộc MGR, dashboard, module, metrics, alerts và monitoring.;
1932;v16.2.5;v16.2.15;src/pybind/mgr/dashboard/frontend/src/app/ceph/rgw/rgw-user-swift-key-modal/rgw-user-swift-key-modal.component.html;;M;M;2;3;FALSE;100644;100644;200a6c544a6fbb4ba4401a41da1ccb75ccd9fc3a;00f3cf0f249dc2e6586616ad17031a00e252bc4c;7;07-mgr-modules-monitoring;P1;runtime/source;deep;Chọn đọc sâu theo nhóm: implementation thuộc MGR, dashboard, module, metrics, alerts và monitoring.;
1933;v16.2.5;v16.2.15;src/pybind/mgr/dashboard/frontend/src/app/ceph/shared/device-list/device-list.component.html;;M;M;30;1;FALSE;100644;100644;66c18df61b316c0cd9b0ba0627ea732916f68ed2;bee1495931c99287f61f4723a8d613c90235f247;7;07-mgr-modules-monitoring;P1;runtime/source;deep;Chọn đọc sâu theo nhóm: implementation thuộc MGR, dashboard, module, metrics, alerts và monitoring.;
1934;v16.2.5;v16.2.15;src/pybind/mgr/dashboard/frontend/src/app/ceph/shared/device-list/device-list.component.ts;;M;M;9;4;FALSE;100644;100644;5503d1319eb597f728155583743b595930177d25;509b869d7153c162c3ec1695acb7c02e88823b36;7;07-mgr-modules-monitoring;P1;runtime/source;deep;Chọn đọc sâu theo nhóm: implementation thuộc MGR, dashboard, module, metrics, alerts và monitoring.;
1935;v16.2.5;v16.2.15;src/pybind/mgr/dashboard/frontend/src/app/ceph/shared/pg-category.service.spec.ts;;M;M;1;0;FALSE;100644;100644;302c3e202c6f32378d147d9a48a81db0b88816d3;2b3e2975c4f87bd5f13da936830de47df1009893;7;07-mgr-modules-monitoring;P1;runtime/source;deep;Chọn đọc sâu theo nhóm: implementation thuộc MGR, dashboard, module, metrics, alerts và monitoring.;
1936;v16.2.5;v16.2.15;src/pybind/mgr/dashboard/frontend/src/app/ceph/shared/pg-category.service.ts;;M;M;1;1;FALSE;100644;100644;d9c90e8b24e9066425ee0cc1c41351ba0dd13973;ae178ded2769d31692f3c6ef537f55223905287f;7;07-mgr-modules-monitoring;P1;runtime/source;deep;Chọn đọc sâu theo nhóm: implementation thuộc MGR, dashboard, module, metrics, alerts và monitoring.;
1937;v16.2.5;v16.2.15;src/pybind/mgr/dashboard/frontend/src/app/ceph/shared/smart-list/fixtures/smart_data_version_1_0_ata_response.json;src/pybind/mgr/dashboard/frontend/src/app/ceph/shared/smart-list/fixtures/smart_data_version_1_0_hdd_response.json;R;R100;0;0;FALSE;100644;100644;514c2966c04f7f92617ea85d9a0763cb092009ad;514c2966c04f7f92617ea85d9a0763cb092009ad;7;07-mgr-modules-monitoring;P2;mechanical/zero-LOC;reference-only;Không đọc nội dung độc lập;
1938;v16.2.5;v16.2.15;src/pybind/mgr/dashboard/frontend/src/app/ceph/shared/smart-list/fixtures/smart_data_version_1_0_scsi_response.json;;A;A;208;0;FALSE;0;100644;0;dfbe580c79f805990d96aa46ae558489110c7bca;7;07-mgr-modules-monitoring;P2;test/fixture-data;reference-only;Không đọc dữ liệu độc lập;
1939;v16.2.5;v16.2.15;src/pybind/mgr/dashboard/frontend/src/app/ceph/shared/smart-list/smart-list.component.html;;M;M;5;1;FALSE;100644;100644;063d0c29af81d71a9fef8943147ea54e43c17cdb;805d7558e3df7eed48fa9b1d2e631ea513180280;7;07-mgr-modules-monitoring;P1;runtime/source;deep;Chọn đọc sâu theo nhóm: implementation thuộc MGR, dashboard, module, metrics, alerts và monitoring.;
1940;v16.2.5;v16.2.15;src/pybind/mgr/dashboard/frontend/src/app/ceph/shared/smart-list/smart-list.component.spec.ts;;M;M;33;7;FALSE;100644;100644;2827d67ec87f819ba30d9ac396ffae04c6cf66e6;54c436ca6f3284c6bfdffebfca3023db9fe1a6d1;7;07-mgr-modules-monitoring;P1;runtime/source;deep;Chọn đọc sâu theo nhóm: implementation thuộc MGR, dashboard, module, metrics, alerts và monitoring.;
1941;v16.2.5;v16.2.15;src/pybind/mgr/dashboard/frontend/src/app/ceph/shared/smart-list/smart-list.component.ts;;M;M;49;8;FALSE;100644;100644;298e22b86d02fb75aa304535ec4e6ca575cf5397;abfdcfe5be57fe3785ae92f5ea2739955c7231e8;7;07-mgr-modules-monitoring;P1;runtime/source;deep;Chọn đọc sâu theo nhóm: implementation thuộc MGR, dashboard, module, metrics, alerts và monitoring.;
1942;v16.2.5;v16.2.15;src/pybind/mgr/dashboard/frontend/src/app/core/auth/login/login.component.spec.ts;;M;M;26;0;FALSE;100644;100644;15a7275739f36d08c088bd0ba1238bbf6182b8f2;fc02e9bdeeefbad495ddd56826f61b5b30f99f29;7;07-mgr-modules-monitoring;P1;runtime/source;deep;Chọn đọc sâu theo nhóm: implementation thuộc MGR, dashboard, module, metrics, alerts và monitoring.;
1943;v16.2.5;v16.2.15;src/pybind/mgr/dashboard/frontend/src/app/core/auth/login/login.component.ts;;M;M;7;1;FALSE;100644;100644;868ba66a002489cbd1e7ab3f48cfb2e8e46c7861;a98548f94c766086934804eb8618ddc91a42ec22;7;07-mgr-modules-monitoring;P1;runtime/source;deep;Chọn đọc sâu theo nhóm: implementation thuộc MGR, dashboard, module, metrics, alerts và monitoring.;
1944;v16.2.5;v16.2.15;src/pybind/mgr/dashboard/frontend/src/app/core/auth/role-form/role-form.component.html;;M;M;1;1;FALSE;100644;100644;ce395236545ecd163942dbc184112bfe73b69262;08904c1c2b3366fed37bf5c6c06fe3290af31d8c;7;07-mgr-modules-monitoring;P1;runtime/source;deep;Chọn đọc sâu theo nhóm: implementation thuộc MGR, dashboard, module, metrics, alerts và monitoring.;
1945;v16.2.5;v16.2.15;src/pybind/mgr/dashboard/frontend/src/app/core/auth/user-form/user-form.component.html;;M;M;1;1;FALSE;100644;100644;098b15e97af1ad27eb527e6cdf28d7dadcc5d77f;df97face81a3f215f2f02669375975ef2ab6668f;7;07-mgr-modules-monitoring;P1;runtime/source;deep;Chọn đọc sâu theo nhóm: implementation thuộc MGR, dashboard, module, metrics, alerts và monitoring.;
1946;v16.2.5;v16.2.15;src/pybind/mgr/dashboard/frontend/src/app/core/auth/user-password-form/user-password-form.component.html;;M;M;1;1;FALSE;100644;100644;64a679a32ba1b04f1d13de18a0262060f8433d13;83eb409446e0c11f6a8b8fce58cd5556f74580b7;7;07-mgr-modules-monitoring;P1;runtime/source;deep;Chọn đọc sâu theo nhóm: implementation thuộc MGR, dashboard, module, metrics, alerts và monitoring.;
1947;v16.2.5;v16.2.15;src/pybind/mgr/dashboard/frontend/src/app/core/context/context.component.ts;;M;M;1;1;FALSE;100644;100644;3aea56868082f655cee409daf128d857df5e5581;8de611307a71fc35538b09b1eb21b695cddfa5b4;7;07-mgr-modules-monitoring;P1;runtime/source;deep;Chọn đọc sâu theo nhóm: implementation thuộc MGR, dashboard, module, metrics, alerts và monitoring.;
1948;v16.2.5;v16.2.15;src/pybind/mgr/dashboard/frontend/src/app/core/error/error.component.html;;M;M;56;29;FALSE;100644;100644;93438532e74034050ff17a7db8bbc0c95152b47f;164c181dab4bb76ad865ad9ed1c2dea5746a23bf;7;07-mgr-modules-monitoring;P1;runtime/source;deep;Chọn đọc sâu theo nhóm: implementation thuộc MGR, dashboard, module, metrics, alerts và monitoring.;
1949;v16.2.5;v16.2.15;src/pybind/mgr/dashboard/frontend/src/app/core/error/error.component.scss;;M;M;0;29;FALSE;100644;100644;618202da8bd23456f14a0f59a2c0199e79bcf665;feb4e0f95829a2b54d3742d9c3e6f581c8ab882f;7;07-mgr-modules-monitoring;P1;runtime/source;deep;Chọn đọc sâu theo nhóm: implementation thuộc MGR, dashboard, module, metrics, alerts và monitoring.;
1950;v16.2.5;v16.2.15;src/pybind/mgr/dashboard/frontend/src/app/core/error/error.component.spec.ts;;M;M;3;1;FALSE;100644;100644;3e9b24ebf8e611cc560f7e679922ac4ea2ec9056;5763d4d975fb6dd3ea2e85c496fdf1d765c3ddc4;7;07-mgr-modules-monitoring;P1;runtime/source;deep;Chọn đọc sâu theo nhóm: implementation thuộc MGR, dashboard, module, metrics, alerts và monitoring.;
1951;v16.2.5;v16.2.15;src/pybind/mgr/dashboard/frontend/src/app/core/error/error.component.ts;;M;M;40;3;FALSE;100644;100644;1f2cf57c5088780a25fcf11c4bcc8cb69ac2e855;d26bc6db43b764ee518383e4cfb866cd80814afa;7;07-mgr-modules-monitoring;P1;runtime/source;deep;Chọn đọc sâu theo nhóm: implementation thuộc MGR, dashboard, module, metrics, alerts và monitoring.;
1952;v16.2.5;v16.2.15;src/pybind/mgr/dashboard/frontend/src/app/core/layouts/login-layout/login-layout.component.html;;M;M;5;4;FALSE;100644;100644;81f1d56cfe3d84c2e635e6f2da3ba64f11fd9f4a;1222fcc2ad5c3f9e0f5d6c2cb3b0bc52002f963c;7;07-mgr-modules-monitoring;P1;runtime/source;deep;Chọn đọc sâu theo nhóm: implementation thuộc MGR, dashboard, module, metrics, alerts và monitoring.;
1953;v16.2.5;v16.2.15;src/pybind/mgr/dashboard/frontend/src/app/core/layouts/login-layout/login-layout.component.scss;;M;M;17;1;FALSE;100644;100644;f55ae8d0c5139c82fe0aae6dd1104af25a65f65d;d5c9f73ec52f828d5952ba12caf40fa34417721b;7;07-mgr-modules-monitoring;P1;runtime/source;deep;Chọn đọc sâu theo nhóm: implementation thuộc MGR, dashboard, module, metrics, alerts và monitoring.;
1954;v16.2.5;v16.2.15;src/pybind/mgr/dashboard/frontend/src/app/core/layouts/workbench-layout/workbench-layout.component.scss;;M;M;1;0;FALSE;100644;100644;dfc7912d8156ddea4df6f09ca3393af84973a1dc;7ec90d43ec9e313e8b1e8942a72ea84ec6bc968e;7;07-mgr-modules-monitoring;P1;runtime/source;deep;Chọn đọc sâu theo nhóm: implementation thuộc MGR, dashboard, module, metrics, alerts và monitoring.;
1955;v16.2.5;v16.2.15;src/pybind/mgr/dashboard/frontend/src/app/core/navigation/api-docs/api-docs.component.html;;A;A;3;0;FALSE;0;100644;0;2dd0ff424c0f498beda7de4bd102985f3f32da02;7;07-mgr-modules-monitoring;P1;runtime/source;deep;Chọn đọc sâu theo nhóm: implementation thuộc MGR, dashboard, module, metrics, alerts và monitoring.;
1956;v16.2.5;v16.2.15;src/pybind/mgr/dashboard/frontend/src/app/core/navigation/api-docs/api-docs.component.scss;;A;A;7;0;FALSE;0;100644;0;88928648859b0d84964b072f7e0889b2135c9482;7;07-mgr-modules-monitoring;P1;runtime/source;deep;Chọn đọc sâu theo nhóm: implementation thuộc MGR, dashboard, module, metrics, alerts và monitoring.;
1957;v16.2.5;v16.2.15;src/pybind/mgr/dashboard/frontend/src/app/core/navigation/api-docs/api-docs.component.ts;;A;A;18;0;FALSE;0;100644;0;7d9ea86ebe81ccaeecdae19ff218fecbaf06f9b0;7;07-mgr-modules-monitoring;P1;runtime/source;deep;Chọn đọc sâu theo nhóm: implementation thuộc MGR, dashboard, module, metrics, alerts và monitoring.;
1958;v16.2.5;v16.2.15;src/pybind/mgr/dashboard/frontend/src/app/core/navigation/dashboard-help/dashboard-help.component.html;;M;M;1;1;FALSE;100644;100644;766645fa7e72880ade27dd6261899c0649a04d28;274ec71df78b13619396d66bed0e186429008f4c;7;07-mgr-modules-monitoring;P1;runtime/source;deep;Chọn đọc sâu theo nhóm: implementation thuộc MGR, dashboard, module, metrics, alerts và monitoring.;
1959;v16.2.5;v16.2.15;src/pybind/mgr/dashboard/frontend/src/app/core/navigation/navigation.module.ts;;M;M;2;0;FALSE;100644;100644;f189ad41b857d42a91ad1de27af42dedbc6ff104;c8d2a9d9caba638c4ea13236efa326d53693c795;7;07-mgr-modules-monitoring;P1;runtime/source;deep;Chọn đọc sâu theo nhóm: implementation thuộc MGR, dashboard, module, metrics, alerts và monitoring.;
1960;v16.2.5;v16.2.15;src/pybind/mgr/dashboard/frontend/src/app/core/navigation/navigation/navigation.component.html;;M;M;255;251;FALSE;100644;100644;4d0c64b9032ab50d5796a1de288b1a9085066fca;bdb35a610d973036def487cee01a53bbfc5acf63;7;07-mgr-modules-monitoring;P1;runtime/source;deep;Chọn đọc sâu theo nhóm: implementation thuộc MGR, dashboard, module, metrics, alerts và monitoring.;
1961;v16.2.5;v16.2.15;src/pybind/mgr/dashboard/frontend/src/app/core/navigation/navigation/navigation.component.scss;;M;M;15;32;FALSE;100644;100644;f559abbf2b95be9605caad0778ed08601b6181b4;f0ce4cd92def728178da00db72fbf50746a70cb5;7;07-mgr-modules-monitoring;P1;runtime/source;deep;Chọn đọc sâu theo nhóm: implementation thuộc MGR, dashboard, module, metrics, alerts và monitoring.;
1962;v16.2.5;v16.2.15;src/pybind/mgr/dashboard/frontend/src/app/core/navigation/navigation/navigation.component.spec.ts;;M;M;2;1;FALSE;100644;100644;afac730c73a16fa8a6ca3a810fca9aaf3b4ddb08;241910f2b4152294400b4504358e9e08ef538f81;7;07-mgr-modules-monitoring;P1;runtime/source;deep;Chọn đọc sâu theo nhóm: implementation thuộc MGR, dashboard, module, metrics, alerts và monitoring.;
1963;v16.2.5;v16.2.15;src/pybind/mgr/dashboard/frontend/src/app/core/navigation/navigation/navigation.component.ts;;M;M;9;1;FALSE;100644;100644;c135def6f4c8a169525a3b388df79dc890685daa;512feecef9d659e0777ecf36021a6501d927c800;7;07-mgr-modules-monitoring;P1;runtime/source;deep;Chọn đọc sâu theo nhóm: implementation thuộc MGR, dashboard, module, metrics, alerts và monitoring.;
1964;v16.2.5;v16.2.15;src/pybind/mgr/dashboard/frontend/src/app/shared/api/api-client.spec.ts;;A;A;11;0;FALSE;0;100644;0;0d521a889482931c8a631b36d22e5a26bbf41747;7;07-mgr-modules-monitoring;P1;runtime/source;deep;Chọn đọc sâu theo nhóm: implementation thuộc MGR, dashboard, module, metrics, alerts và monitoring.;
1965;v16.2.5;v16.2.15;src/pybind/mgr/dashboard/frontend/src/app/shared/api/api-client.ts;;A;A;5;0;FALSE;0;100644;0;06583eb100087edf7f13776ccf14ed4981a4e613;7;07-mgr-modules-monitoring;P1;runtime/source;deep;Chọn đọc sâu theo nhóm: implementation thuộc MGR, dashboard, module, metrics, alerts và monitoring.;
1966;v16.2.5;v16.2.15;src/pybind/mgr/dashboard/frontend/src/app/shared/api/ceph-service.service.ts;;M;M;14;0;FALSE;100644;100644;07bd4deb9cb1f06f1d4e38eb834e56d2212fe713;c62dfea7c0155b71fcae79c5d4a424d62f4e4e8a;7;07-mgr-modules-monitoring;P1;runtime/source;deep;Chọn đọc sâu theo nhóm: implementation thuộc MGR, dashboard, module, metrics, alerts và monitoring.;
1967;v16.2.5;v16.2.15;src/pybind/mgr/dashboard/frontend/src/app/shared/api/cluster.service.spec.ts;;A;A;42;0;FALSE;0;100644;0;758f670eec66bd827cb8134fb00eab88a5dd1901;7;07-mgr-modules-monitoring;P1;runtime/source;deep;Chọn đọc sâu theo nhóm: implementation thuộc MGR, dashboard, module, metrics, alerts và monitoring.;
1968;v16.2.5;v16.2.15;src/pybind/mgr/dashboard/frontend/src/app/shared/api/cluster.service.ts;;A;A;27;0;FALSE;0;100644;0;6b435d6ffed1dc15a7c5a4de19e9a2d650a7acfe;7;07-mgr-modules-monitoring;P1;runtime/source;deep;Chọn đọc sâu theo nhóm: implementation thuộc MGR, dashboard, module, metrics, alerts và monitoring.;
1969;v16.2.5;v16.2.15;src/pybind/mgr/dashboard/frontend/src/app/shared/api/custom-login-banner.service.spec.ts;;A;A;35;0;FALSE;0;100644;0;d1db441c710cab08099baaa88e62ab343fbc872e;7;07-mgr-modules-monitoring;P1;runtime/source;deep;Chọn đọc sâu theo nhóm: implementation thuộc MGR, dashboard, module, metrics, alerts và monitoring.;
1970;v16.2.5;v16.2.15;src/pybind/mgr/dashboard/frontend/src/app/shared/api/custom-login-banner.service.ts;;A;A;15;0;FALSE;0;100644;0;7c499eb13707b7106b2dd6f5efed175cc5d63109;7;07-mgr-modules-monitoring;P1;runtime/source;deep;Chọn đọc sâu theo nhóm: implementation thuộc MGR, dashboard, module, metrics, alerts và monitoring.;
1971;v16.2.5;v16.2.15;src/pybind/mgr/dashboard/frontend/src/app/shared/api/daemon.service.spec.ts;;A;A;39;0;FALSE;0;100644;0;787e5db7c93ab45c3d3b06adc250f970a73f530b;7;07-mgr-modules-monitoring;P1;runtime/source;deep;Chọn đọc sâu theo nhóm: implementation thuộc MGR, dashboard, module, metrics, alerts và monitoring.;
1972;v16.2.5;v16.2.15;src/pybind/mgr/dashboard/frontend/src/app/shared/api/daemon.service.ts;;A;A;28;0;FALSE;0;100644;0;a66ed7edb1983d1a144eeab89d6dd4aea4825f8b;7;07-mgr-modules-monitoring;P1;runtime/source;deep;Chọn đọc sâu theo nhóm: implementation thuộc MGR, dashboard, module, metrics, alerts và monitoring.;
1973;v16.2.5;v16.2.15;src/pybind/mgr/dashboard/frontend/src/app/shared/api/host.service.spec.ts;;M;M;18;4;FALSE;100644;100644;8a7de5e25d6341b3da26067126c49cb0114ad4af;e4b6476f2c08b49379d9db292542fba40b680e98;7;07-mgr-modules-monitoring;P1;runtime/source;deep;Chọn đọc sâu theo nhóm: implementation thuộc MGR, dashboard, module, metrics, alerts và monitoring.;
1974;v16.2.5;v16.2.15;src/pybind/mgr/dashboard/frontend/src/app/shared/api/host.service.ts;;M;M;22;9;FALSE;100644;100644;7f8956baa263d1919219e475b87088d05b408384;d13f415275aa32f76ce858f6dc9d1d04e5ffb8b1;7;07-mgr-modules-monitoring;P1;runtime/source;deep;Chọn đọc sâu theo nhóm: implementation thuộc MGR, dashboard, module, metrics, alerts và monitoring.;
1975;v16.2.5;v16.2.15;src/pybind/mgr/dashboard/frontend/src/app/shared/api/motd.service.spec.ts;;A;A;34;0;FALSE;0;100644;0;e186e8423ec86df9816825beb1402a2d5bb0f761;7;07-mgr-modules-monitoring;P1;runtime/source;deep;Chọn đọc sâu theo nhóm: implementation thuộc MGR, dashboard, module, metrics, alerts và monitoring.;
1976;v16.2.5;v16.2.15;src/pybind/mgr/dashboard/frontend/src/app/shared/api/motd.service.ts;;A;A;25;0;FALSE;0;100644;0;dd17b2e04efd39e98245a20cbdae707035fa39db;7;07-mgr-modules-monitoring;P1;runtime/source;deep;Chọn đọc sâu theo nhóm: implementation thuộc MGR, dashboard, module, metrics, alerts và monitoring.;
1977;v16.2.5;v16.2.15;src/pybind/mgr/dashboard/frontend/src/app/shared/api/nfs.service.spec.ts;;M;M;10;26;FALSE;100644;100644;07f5a1890fbd38bce42a2bfc419fd78d995d14ee;139fa490bfd82ef1684ce9fcc5eab6a69503120a;7;07-mgr-modules-monitoring;P1;runtime/source;deep;Chọn đọc sâu theo nhóm: implementation thuộc MGR, dashboard, module, metrics, alerts và monitoring.;
1978;v16.2.5;v16.2.15;src/pybind/mgr/dashboard/frontend/src/app/shared/api/nfs.service.ts;;M;M;43;41;FALSE;100644;100644;997faab9344e4b49347eb6cd472814ab381dfb73;9b4e4a0a288d06927e53b7e7e9027e37f5e22814;7;07-mgr-modules-monitoring;P1;runtime/source;deep;Chọn đọc sâu theo nhóm: implementation thuộc MGR, dashboard, module, metrics, alerts và monitoring.;
1979;v16.2.5;v16.2.15;src/pybind/mgr/dashboard/frontend/src/app/shared/api/orchestrator.service.spec.ts;;M;M;2;2;FALSE;100644;100644;f4c7e4390ca180eadd585fb9dd7a0cb8b1565612;c49cb8b0d81733e6b1b9f599169f0c5b2a512c92;7;07-mgr-modules-monitoring;P1;runtime/source;deep;Chọn đọc sâu theo nhóm: implementation thuộc MGR, dashboard, module, metrics, alerts và monitoring.;
1980;v16.2.5;v16.2.15;src/pybind/mgr/dashboard/frontend/src/app/shared/api/orchestrator.service.ts;;M;M;1;1;FALSE;100644;100644;20117158215128ad023c3b90008907aba8a4522a;a6e33e8342acbec2b249d0ec518f2f6143078089;7;07-mgr-modules-monitoring;P1;runtime/source;deep;Chọn đọc sâu theo nhóm: implementation thuộc MGR, dashboard, module, metrics, alerts và monitoring.;
1981;v16.2.5;v16.2.15;src/pybind/mgr/dashboard/frontend/src/app/shared/api/osd.service.spec.ts;;M;M;9;2;FALSE;100644;100644;135bbaf39bc3b643b49113939ba4c9c021ada119;d1f9997791ae0605fed6d746ab6bb38c79ac00a0;7;07-mgr-modules-monitoring;P1;runtime/source;deep;Chọn đọc sâu theo nhóm: implementation thuộc MGR, dashboard, module, metrics, alerts và monitoring.;
1982;v16.2.5;v16.2.15;src/pybind/mgr/dashboard/frontend/src/app/shared/api/osd.service.ts;;M;M;23;3;FALSE;100644;100644;9bff8083936e1fd2d6f07d89a05fa6e9a939a16f;34461bf6314930ba2b98b9e43ae3c02320055675;7;07-mgr-modules-monitoring;P1;runtime/source;deep;Chọn đọc sâu theo nhóm: implementation thuộc MGR, dashboard, module, metrics, alerts và monitoring.;
1983;v16.2.5;v16.2.15;src/pybind/mgr/dashboard/frontend/src/app/shared/api/rbd.model.ts;;M;M;1;0;FALSE;100644;100644;af646d8ac61d3cf8bc725192139de50543f348ad;d14b2bc40654fd148892ca2bd414be99319335e0;7;07-mgr-modules-monitoring;P1;runtime/source;deep;Chọn đọc sâu theo nhóm: implementation thuộc MGR, dashboard, module, metrics, alerts và monitoring.;
1984;v16.2.5;v16.2.15;src/pybind/mgr/dashboard/frontend/src/app/shared/api/rbd.service.spec.ts;;M;M;10;4;FALSE;100644;100644;a66d861e46432839e0cd43ab2237e0ad7ba27f29;5bafc9e63d37119da657b6a40fc67b05b182d8c6;7;07-mgr-modules-monitoring;P1;runtime/source;deep;Chọn đọc sâu theo nhóm: implementation thuộc MGR, dashboard, module, metrics, alerts và monitoring.;
1985;v16.2.5;v16.2.15;src/pybind/mgr/dashboard/frontend/src/app/shared/api/rbd.service.ts;;M;M;33;18;FALSE;100644;100644;5482f093122869cd38e672062a3d7f2cc2470a24;0ffa8fcff1c8eb31a8e37f8d3524f3430a599fc3;7;07-mgr-modules-monitoring;P1;runtime/source;deep;Chọn đọc sâu theo nhóm: implementation thuộc MGR, dashboard, module, metrics, alerts và monitoring.;
1986;v16.2.5;v16.2.15;src/pybind/mgr/dashboard/frontend/src/app/shared/api/rgw-bucket.service.spec.ts;;M;M;9;1;FALSE;100644;100644;6e3fbf660ca2f740f59e2023c59c1aa9b4853073;b22b67e349123c244dc7ad0f24c2f7c8c9fe4001;7;07-mgr-modules-monitoring;P1;runtime/source;deep;Chọn đọc sâu theo nhóm: implementation thuộc MGR, dashboard, module, metrics, alerts và monitoring.;
1987;v16.2.5;v16.2.15;src/pybind/mgr/dashboard/frontend/src/app/shared/api/rgw-bucket.service.ts;;M;M;14;5;FALSE;100644;100644;47126f186d19c4b8bf61198f9543ff589d8e6adc;fc88bfa7181649658c4c04005d7dd12ef750f7a7;7;07-mgr-modules-monitoring;P1;runtime/source;deep;Chọn đọc sâu theo nhóm: implementation thuộc MGR, dashboard, module, metrics, alerts và monitoring.;
1988;v16.2.5;v16.2.15;src/pybind/mgr/dashboard/frontend/src/app/shared/api/rgw-daemon.service.spec.ts;;M;M;13;2;FALSE;100644;100644;6f96c6ab51a593754d0f116d1c08e3aad6dc5272;d669ddefcb3fbd11ce689e7d7c9ad1e2f8d3f076;7;07-mgr-modules-monitoring;P1;runtime/source;deep;Chọn đọc sâu theo nhóm: implementation thuộc MGR, dashboard, module, metrics, alerts và monitoring.;
1989;v16.2.5;v16.2.15;src/pybind/mgr/dashboard/frontend/src/app/shared/api/rgw-daemon.service.ts;;M;M;11;10;FALSE;100644;100644;bc81dacf47e0c9174055c2c3f615e4fd8f249db4;5c513c7f1fa1c894790c8007bf35488d4d8a6fa8;7;07-mgr-modules-monitoring;P1;runtime/source;deep;Chọn đọc sâu theo nhóm: implementation thuộc MGR, dashboard, module, metrics, alerts và monitoring.;
1990;v16.2.5;v16.2.15;src/pybind/mgr/dashboard/frontend/src/app/shared/api/rgw-site.service.ts;;M;M;14;0;FALSE;100644;100644;545179dcf1abe44f7ccc7d8ebc90fb237e89226e;49589c83f4e071a23a75a77a621713435585ef6b;7;07-mgr-modules-monitoring;P1;runtime/source;deep;Chọn đọc sâu theo nhóm: implementation thuộc MGR, dashboard, module, metrics, alerts và monitoring.;
1991;v16.2.5;v16.2.15;src/pybind/mgr/dashboard/frontend/src/app/shared/classes/cd-helper.class.ts;;M;M;4;0;FALSE;100644;100644;5c872b42fd83a98fb1cc6038f9b3998b4df180fb;25057312536ac11acb3faba7a1e22f8b2ca6e8a7;7;07-mgr-modules-monitoring;P1;runtime/source;deep;Chọn đọc sâu theo nhóm: implementation thuộc MGR, dashboard, module, metrics, alerts và monitoring.;
1992;v16.2.5;v16.2.15;src/pybind/mgr/dashboard/frontend/src/app/shared/classes/list-with-details.class.ts;;M;M;22;0;FALSE;100644;100644;585742622417eb910d2ffcf2e977fb30636eb3d3;2eaeeb35eecf85f6f31b7e7805e671ffdd59dfe1;7;07-mgr-modules-monitoring;P1;runtime/source;deep;Chọn đọc sâu theo nhóm: implementation thuộc MGR, dashboard, module, metrics, alerts và monitoring.;
1993;v16.2.5;v16.2.15;src/pybind/mgr/dashboard/frontend/src/app/shared/components/alert-panel/alert-panel.component.html;;M;M;2;1;FALSE;100644;100644;17b4f1863d53d09bf2050e6d8e18a92085430ad6;be8096427a6c442eccb793b05a8f4c913816ec35;7;07-mgr-modules-monitoring;P1;runtime/source;deep;Chọn đọc sâu theo nhóm: implementation thuộc MGR, dashboard, module, metrics, alerts và monitoring.;
1994;v16.2.5;v16.2.15;src/pybind/mgr/dashboard/frontend/src/app/shared/components/alert-panel/alert-panel.component.scss;;M;M;4;0;FALSE;100644;100644;2c4726a0e7409ca60005ecd0d22cdb1e213ad1e4;6b89d6d3e38a46b51b4504337d97050d01d120b7;7;07-mgr-modules-monitoring;P1;runtime/source;deep;Chọn đọc sâu theo nhóm: implementation thuộc MGR, dashboard, module, metrics, alerts và monitoring.;
1995;v16.2.5;v16.2.15;src/pybind/mgr/dashboard/frontend/src/app/shared/components/alert-panel/alert-panel.component.ts;;M;M;20;2;FALSE;100644;100644;9d72928557874ea8c766e013b47ec0d8a36b9c1d;51088840e3334f82f895553c935152abeb1bbf74;7;07-mgr-modules-monitoring;P1;runtime/source;deep;Chọn đọc sâu theo nhóm: implementation thuộc MGR, dashboard, module, metrics, alerts và monitoring.;
1996;v16.2.5;v16.2.15;src/pybind/mgr/dashboard/frontend/src/app/shared/components/cd-label/cd-label.component.html;;A;A;11;0;FALSE;0;100644;0;41cfae743f2f64c21febd40832664b8b470ed7df;7;07-mgr-modules-monitoring;P1;runtime/source;deep;Chọn đọc sâu theo nhóm: implementation thuộc MGR, dashboard, module, metrics, alerts và monitoring.;
1997;v16.2.5;v16.2.15;src/pybind/mgr/dashboard/frontend/src/app/shared/components/cd-label/cd-label.component.scss;;A;A;0;0;FALSE;0;100644;0;e69de29bb2d1d6434b8b29ae775ad8c2e48c5391;7;07-mgr-modules-monitoring;P2;mechanical/zero-LOC;reference-only;Không đọc nội dung độc lập;
1998;v16.2.5;v16.2.15;src/pybind/mgr/dashboard/frontend/src/app/shared/components/cd-label/cd-label.component.spec.ts;;A;A;25;0;FALSE;0;100644;0;61472cde4c8e5e1303735f5645089ce2f7d008e4;7;07-mgr-modules-monitoring;P1;runtime/source;deep;Chọn đọc sâu theo nhóm: implementation thuộc MGR, dashboard, module, metrics, alerts và monitoring.;
1999;v16.2.5;v16.2.15;src/pybind/mgr/dashboard/frontend/src/app/shared/components/cd-label/cd-label.component.ts;;A;A;11;0;FALSE;0;100644;0;ae0471bf6f7938edd75b0b91b7844b8e4220beb2;7;07-mgr-modules-monitoring;P1;runtime/source;deep;Chọn đọc sâu theo nhóm: implementation thuộc MGR, dashboard, module, metrics, alerts và monitoring.;
2000;v16.2.5;v16.2.15;src/pybind/mgr/dashboard/frontend/src/app/shared/components/cd-label/color-class-from-text.pipe.ts;;A;A;28;0;FALSE;0;100644;0;628d7431966b119469b865a5c293aa4599a823e8;7;07-mgr-modules-monitoring;P1;runtime/source;deep;Chọn đọc sâu theo nhóm: implementation thuộc MGR, dashboard, module, metrics, alerts và monitoring.;
2001;v16.2.5;v16.2.15;src/pybind/mgr/dashboard/frontend/src/app/shared/components/components.module.ts;;M;M;16;2;FALSE;100644;100644;bccbc645bab1bf0d23e4557f9cec58ad25802593;5350e2bd50b00b0ddc5299ada572c2a00600a7be;7;07-mgr-modules-monitoring;P1;runtime/source;deep;Chọn đọc sâu theo nhóm: implementation thuộc MGR, dashboard, module, metrics, alerts và monitoring.;
2002;v16.2.5;v16.2.15;src/pybind/mgr/dashboard/frontend/src/app/shared/components/custom-login-banner/custom-login-banner.component.html;;A;A;2;0;FALSE;0;100644;0;7bb087c3f079ea1af36379da3094c434717ae3d7;7;07-mgr-modules-monitoring;P1;runtime/source;deep;Chọn đọc sâu theo nhóm: implementation thuộc MGR, dashboard, module, metrics, alerts và monitoring.;
2003;v16.2.5;v16.2.15;src/pybind/mgr/dashboard/frontend/src/app/shared/components/custom-login-banner/custom-login-banner.component.scss;;A;A;5;0;FALSE;0;100644;0;4721f6531403ebe88e2ac733bdff9b9218294f6b;7;07-mgr-modules-monitoring;P1;runtime/source;deep;Chọn đọc sâu theo nhóm: implementation thuộc MGR, dashboard, module, metrics, alerts và monitoring.;
2004;v16.2.5;v16.2.15;src/pybind/mgr/dashboard/frontend/src/app/shared/components/custom-login-banner/custom-login-banner.component.spec.ts;;A;A;25;0;FALSE;0;100644;0;6005cbd0bae6e7eab59449c2a9c8bd0f9f66162d;7;07-mgr-modules-monitoring;P1;runtime/source;deep;Chọn đọc sâu theo nhóm: implementation thuộc MGR, dashboard, module, metrics, alerts và monitoring.;
2005;v16.2.5;v16.2.15;src/pybind/mgr/dashboard/frontend/src/app/shared/components/custom-login-banner/custom-login-banner.component.ts;;A;A;20;0;FALSE;0;100644;0;ad0d5468854695baca7d584a7f7051a5a8150346;7;07-mgr-modules-monitoring;P1;runtime/source;deep;Chọn đọc sâu theo nhóm: implementation thuộc MGR, dashboard, module, metrics, alerts và monitoring.;
2006;v16.2.5;v16.2.15;src/pybind/mgr/dashboard/frontend/src/app/shared/components/form-button-panel/form-button-panel.component.html;;M;M;1;0;FALSE;100644;100644;bef4bb8a748639ef9fa6273467f39e3fd8bc6bc8;476ed96096c122f717a1bc6289c61c57ce3d031d;7;07-mgr-modules-monitoring;P1;runtime/source;deep;Chọn đọc sâu theo nhóm: implementation thuộc MGR, dashboard, module, metrics, alerts và monitoring.;
2007;v16.2.5;v16.2.15;src/pybind/mgr/dashboard/frontend/src/app/shared/components/form-modal/form-modal.component.html;;M;M;1;1;FALSE;100755;100755;061747f113010803c26a4d87d73ce8aa43baa491;47fca49c7e8ade7e0a57656005b83a93448619f4;7;07-mgr-modules-monitoring;P1;runtime/source;deep;Chọn đọc sâu theo nhóm: implementation thuộc MGR, dashboard, module, metrics, alerts và monitoring.;
2008;v16.2.5;v16.2.15;src/pybind/mgr/dashboard/frontend/src/app/shared/components/grafana/grafana.component.html;;M;M;21;0;FALSE;100644;100644;755b57c7045fffe03118879a408db0c54de67abb;8ad98b27f47e7bf11b0e394503dfd7ddf7109efc;7;07-mgr-modules-monitoring;P1;runtime/source;deep;Chọn đọc sâu theo nhóm: implementation thuộc MGR, dashboard, module, metrics, alerts và monitoring.;
2009;v16.2.5;v16.2.15;src/pybind/mgr/dashboard/frontend/src/app/shared/components/grafana/grafana.component.ts;;M;M;1;0;FALSE;100644;100644;a687959b747f8532a7b03a69e8a642000a21655e;2815160abde2c9663a66d15401aded8cc7115b7b;7;07-mgr-modules-monitoring;P1;runtime/source;deep;Chọn đọc sâu theo nhóm: implementation thuộc MGR, dashboard, module, metrics, alerts và monitoring.;
2010;v16.2.5;v16.2.15;src/pybind/mgr/dashboard/frontend/src/app/shared/components/language-selector/language-selector.component.html;;M;M;1;0;FALSE;100644;100644;e5cfe95a6369fe545c4ba3a58734f847f376419a;2ecbbd7cce6df14bd1aa1b16d11d1aa5a9b278f7;7;07-mgr-modules-monitoring;P1;runtime/source;deep;Chọn đọc sâu theo nhóm: implementation thuộc MGR, dashboard, module, metrics, alerts và monitoring.;
2011;v16.2.5;v16.2.15;src/pybind/mgr/dashboard/frontend/src/app/shared/components/modal/modal.component.html;;M;M;18;12;FALSE;100644;100644;5cbd4f58c52fa4515e72ce129db817d96abc5e48;657e0d6053f89fbc5b2bf94dccb26a0746b4cb4d;7;07-mgr-modules-monitoring;P1;runtime/source;deep;Chọn đọc sâu theo nhóm: implementation thuộc MGR, dashboard, module, metrics, alerts và monitoring.;
2012;v16.2.5;v16.2.15;src/pybind/mgr/dashboard/frontend/src/app/shared/components/modal/modal.component.spec.ts;;M;M;14;1;FALSE;100644;100644;d3ee1ca2abd19feb7f58f5ef52dff2a2b9f61352;cf08bef10090d7713f8740131dd256a7711b64e0;7;07-mgr-modules-monitoring;P1;runtime/source;deep;Chọn đọc sâu theo nhóm: implementation thuộc MGR, dashboard, module, metrics, alerts và monitoring.;
2013;v16.2.5;v16.2.15;src/pybind/mgr/dashboard/frontend/src/app/shared/components/modal/modal.component.ts;;M;M;8;1;FALSE;100644;100644;730da6d62527b811a1056cdd79fc8351506d212a;25e06e62af188470e62f81ccc5f2e99ea924e21d;7;07-mgr-modules-monitoring;P1;runtime/source;deep;Chọn đọc sâu theo nhóm: implementation thuộc MGR, dashboard, module, metrics, alerts và monitoring.;
2014;v16.2.5;v16.2.15;src/pybind/mgr/dashboard/frontend/src/app/shared/components/motd/motd.component.html;;A;A;8;0;FALSE;0;100644;0;2fbe5d7f87d3ca918f650716d76944c28e8a739a;7;07-mgr-modules-monitoring;P1;runtime/source;deep;Chọn đọc sâu theo nhóm: implementation thuộc MGR, dashboard, module, metrics, alerts và monitoring.;
2015;v16.2.5;v16.2.15;src/pybind/mgr/dashboard/frontend/src/app/shared/components/motd/motd.component.scss;;A;A;0;0;FALSE;0;100644;0;e69de29bb2d1d6434b8b29ae775ad8c2e48c5391;7;07-mgr-modules-monitoring;P2;mechanical/zero-LOC;reference-only;Không đọc nội dung độc lập;
2016;v16.2.5;v16.2.15;src/pybind/mgr/dashboard/frontend/src/app/shared/components/motd/motd.component.spec.ts;;A;A;26;0;FALSE;0;100644;0;826a8a5d058d8ad9eaced39185240484af26d2e4;7;07-mgr-modules-monitoring;P1;runtime/source;deep;Chọn đọc sâu theo nhóm: implementation thuộc MGR, dashboard, module, metrics, alerts và monitoring.;
2017;v16.2.5;v16.2.15;src/pybind/mgr/dashboard/frontend/src/app/shared/components/motd/motd.component.ts;;A;A;33;0;FALSE;0;100644;0;297ef2764624daf43077fa88f66b01e8d840bd3d;7;07-mgr-modules-monitoring;P1;runtime/source;deep;Chọn đọc sâu theo nhóm: implementation thuộc MGR, dashboard, module, metrics, alerts và monitoring.;
2018;v16.2.5;v16.2.15;src/pybind/mgr/dashboard/frontend/src/app/shared/components/pwd-expiration-notification/pwd-expiration-notification.component.html;;M;M;8;5;FALSE;100644;100644;4214fa71411725ce536292f45c88b64f0ef8c2f6;b1bc5150ab2ee6b02e6315998205cbfd6a6803ce;7;07-mgr-modules-monitoring;P1;runtime/source;deep;Chọn đọc sâu theo nhóm: implementation thuộc MGR, dashboard, module, metrics, alerts và monitoring.;
2019;v16.2.5;v16.2.15;src/pybind/mgr/dashboard/frontend/src/app/shared/components/pwd-expiration-notification/pwd-expiration-notification.component.scss;;M;M;1;1;FALSE;100644;100644;96dbaa6573c9fcd1985c49c1740235b18617c556;dc5cdeb84365f45d55f7c48b1497377c0cfdd2ea;7;07-mgr-modules-monitoring;P1;runtime/source;deep;Chọn đọc sâu theo nhóm: implementation thuộc MGR, dashboard, module, metrics, alerts và monitoring.;
2020;v16.2.5;v16.2.15;src/pybind/mgr/dashboard/frontend/src/app/shared/components/pwd-expiration-notification/pwd-expiration-notification.component.spec.ts;;M;M;2;1;FALSE;100644;100644;3cdfbd730dcc8ec293b406bd9b0300ffdb8372e1;597f5bab32761d235612af2ebf849421f150c4ba;7;07-mgr-modules-monitoring;P1;runtime/source;deep;Chọn đọc sâu theo nhóm: implementation thuộc MGR, dashboard, module, metrics, alerts và monitoring.;
2021;v16.2.5;v16.2.15;src/pybind/mgr/dashboard/frontend/src/app/shared/components/pwd-expiration-notification/pwd-expiration-notification.component.ts;;M;M;1;1;FALSE;100644;100644;a894637ef68f767fc66c8a24af48b1984cf0ac18;3dd8b545514961a27533c985e3411d22acb3f970;7;07-mgr-modules-monitoring;P1;runtime/source;deep;Chọn đọc sâu theo nhóm: implementation thuộc MGR, dashboard, module, metrics, alerts và monitoring.;
2022;v16.2.5;v16.2.15;src/pybind/mgr/dashboard/frontend/src/app/shared/components/refresh-selector/refresh-selector.component.html;;M;M;1;1;FALSE;100644;100644;c4a5c38d672a0b09f91ba8d4358b718401deee6c;d33fc9af806bad6ecfc09acee83a2f3a33e9ed0a;7;07-mgr-modules-monitoring;P1;runtime/source;deep;Chọn đọc sâu theo nhóm: implementation thuộc MGR, dashboard, module, metrics, alerts và monitoring.;
2023;v16.2.5;v16.2.15;src/pybind/mgr/dashboard/frontend/src/app/shared/components/select/select.component.html;;M;M;1;0;FALSE;100644;100644;190944311bed978827b41cf838c9e9d6143dfc84;1533b94395eb457a3c112e1335642487585d1202;7;07-mgr-modules-monitoring;P1;runtime/source;deep;Chọn đọc sâu theo nhóm: implementation thuộc MGR, dashboard, module, metrics, alerts và monitoring.;
2024;v16.2.5;v16.2.15;src/pybind/mgr/dashboard/frontend/src/app/shared/components/submit-button/submit-button.component.html;;M;M;2;1;FALSE;100644;100644;77d6c5440a57c5955ed0c884eef16a9554d56f2e;af557a293cb308b08ff6398c61fb8286737752f2;7;07-mgr-modules-monitoring;P1;runtime/source;deep;Chọn đọc sâu theo nhóm: implementation thuộc MGR, dashboard, module, metrics, alerts và monitoring.;
2025;v16.2.5;v16.2.15;src/pybind/mgr/dashboard/frontend/src/app/shared/components/submit-button/submit-button.component.ts;;M;M;3;0;FALSE;100644;100644;6cd273bcf4e3535e3ddb439e685082d2cd28233b;3309f47ed18e6c2a02c4df07e786e10d5c368580;7;07-mgr-modules-monitoring;P1;runtime/source;deep;Chọn đọc sâu theo nhóm: implementation thuộc MGR, dashboard, module, metrics, alerts và monitoring.;
2026;v16.2.5;v16.2.15;src/pybind/mgr/dashboard/frontend/src/app/shared/components/telemetry-notification/telemetry-notification.component.html;;M;M;8;5;FALSE;100644;100644;481ae18dc782af3ab189041cd147165f2e4a000c;9af7958370a79d6f167dc362b1720b8f7bcd06f0;7;07-mgr-modules-monitoring;P1;runtime/source;deep;Chọn đọc sâu theo nhóm: implementation thuộc MGR, dashboard, module, metrics, alerts và monitoring.;
2027;v16.2.5;v16.2.15;src/pybind/mgr/dashboard/frontend/src/app/shared/components/telemetry-notification/telemetry-notification.component.scss;;M;M;1;1;FALSE;100644;100644;569f1e0c4a4a98eacd95954641b8f21197738a3d;cf8aa33d3bae4112a0515daa2e349b37f764a7b8;7;07-mgr-modules-monitoring;P1;runtime/source;deep;Chọn đọc sâu theo nhóm: implementation thuộc MGR, dashboard, module, metrics, alerts và monitoring.;
2028;v16.2.5;v16.2.15;src/pybind/mgr/dashboard/frontend/src/app/shared/components/telemetry-notification/telemetry-notification.component.spec.ts;;M;M;3;2;FALSE;100644;100644;e40d38a11057084cff17ec7f9f37f273a8c7298f;e946e79d87e6bde8789dfcba1059b864382a199d;7;07-mgr-modules-monitoring;P1;runtime/source;deep;Chọn đọc sâu theo nhóm: implementation thuộc MGR, dashboard, module, metrics, alerts và monitoring.;
2029;v16.2.5;v16.2.15;src/pybind/mgr/dashboard/frontend/src/app/shared/components/telemetry-notification/telemetry-notification.component.ts;;M;M;2;1;FALSE;100644;100644;852189020031bd5566361e4e3fdd69fcbb9dfd55;33174ce11d2c61263aeb9ab74f955f1e81f3899c;7;07-mgr-modules-monitoring;P1;runtime/source;deep;Chọn đọc sâu theo nhóm: implementation thuộc MGR, dashboard, module, metrics, alerts và monitoring.;
2030;v16.2.5;v16.2.15;src/pybind/mgr/dashboard/frontend/src/app/shared/components/usage-bar/usage-bar.component.html;;M;M;2;1;FALSE;100644;100644;0ecf79f1cdf9a1c87fa452e1f0211a35f3c8936c;0602a4e59c8220a34efd6be3e43b08340d03d7b2;7;07-mgr-modules-monitoring;P1;runtime/source;deep;Chọn đọc sâu theo nhóm: implementation thuộc MGR, dashboard, module, metrics, alerts và monitoring.;
2031;v16.2.5;v16.2.15;src/pybind/mgr/dashboard/frontend/src/app/shared/components/usage-bar/usage-bar.component.scss;;M;M;8;0;FALSE;100644;100644;ef97d15d14da9804b98290df2711517ca586e8b5;e9d6d24984db1af9ece937bddd0d72dd9a7411a0;7;07-mgr-modules-monitoring;P1;runtime/source;deep;Chọn đọc sâu theo nhóm: implementation thuộc MGR, dashboard, module, metrics, alerts và monitoring.;
2032;v16.2.5;v16.2.15;src/pybind/mgr/dashboard/frontend/src/app/shared/components/usage-bar/usage-bar.component.ts;;M;M;21;3;FALSE;100644;100644;fb0dbd9a978504fb6b8f469c97863a56cdf5e146;203f2c9e05d962b5fe7d8243ac24bc35e9d68f8f;7;07-mgr-modules-monitoring;P1;runtime/source;deep;Chọn đọc sâu theo nhóm: implementation thuộc MGR, dashboard, module, metrics, alerts và monitoring.;
2033;v16.2.5;v16.2.15;src/pybind/mgr/dashboard/frontend/src/app/shared/components/wizard/wizard.component.html;;A;A;19;0;FALSE;0;100644;0;25aa3e1df855e63b581952bada82332790582973;7;07-mgr-modules-monitoring;P1;runtime/source;deep;Chọn đọc sâu theo nhóm: implementation thuộc MGR, dashboard, module, metrics, alerts và monitoring.;
2034;v16.2.5;v16.2.15;src/pybind/mgr/dashboard/frontend/src/app/shared/components/wizard/wizard.component.scss;;A;A;34;0;FALSE;0;100644;0;071b02e4a9d946cbc3780ae1b71a300a54be0c5d;7;07-mgr-modules-monitoring;P1;runtime/source;deep;Chọn đọc sâu theo nhóm: implementation thuộc MGR, dashboard, module, metrics, alerts và monitoring.;
2035;v16.2.5;v16.2.15;src/pybind/mgr/dashboard/frontend/src/app/shared/components/wizard/wizard.component.spec.ts;;A;A;25;0;FALSE;0;100644;0;b42578fb7119303ece93d616cd2b468cacd89653;7;07-mgr-modules-monitoring;P1;runtime/source;deep;Chọn đọc sâu theo nhóm: implementation thuộc MGR, dashboard, module, metrics, alerts và monitoring.;
2036;v16.2.5;v16.2.15;src/pybind/mgr/dashboard/frontend/src/app/shared/components/wizard/wizard.component.ts;;A;A;39;0;FALSE;0;100644;0;d46aa480e7918165d865a3cb8791903973c1c01e;7;07-mgr-modules-monitoring;P1;runtime/source;deep;Chọn đọc sâu theo nhóm: implementation thuộc MGR, dashboard, module, metrics, alerts và monitoring.;
2037;v16.2.5;v16.2.15;src/pybind/mgr/dashboard/frontend/src/app/shared/constants/app.constants.ts;;M;M;44;2;FALSE;100644;100644;05d6b5c53a9ada733670502178c1c865389cd0fb;4248be8f59c20121fec34d7f3f341f9f6754e113;7;07-mgr-modules-monitoring;P1;runtime/source;deep;Chọn đọc sâu theo nhóm: implementation thuộc MGR, dashboard, module, metrics, alerts và monitoring.;
2038;v16.2.5;v16.2.15;src/pybind/mgr/dashboard/frontend/src/app/shared/datatable/table-actions/table-actions.component.html;;M;M;4;2;FALSE;100644;100644;b60c9b1ddb42df8f3fa97b9bbf2e63f93dc47d67;905aaa96b69be5721fad0edc874f2ce4ab198bbb;7;07-mgr-modules-monitoring;P1;runtime/source;deep;Chọn đọc sâu theo nhóm: implementation thuộc MGR, dashboard, module, metrics, alerts và monitoring.;
2039;v16.2.5;v16.2.15;src/pybind/mgr/dashboard/frontend/src/app/shared/datatable/table-actions/table-actions.component.scss;;M;M;4;0;FALSE;100644;100644;11419cee61b43856dc4d7bd5f10c2ed6e4bf1a4e;f996de72794e9d4cfdee4ad819e16eb4cc8762c8;7;07-mgr-modules-monitoring;P1;runtime/source;deep;Chọn đọc sâu theo nhóm: implementation thuộc MGR, dashboard, module, metrics, alerts và monitoring.;
2040;v16.2.5;v16.2.15;src/pybind/mgr/dashboard/frontend/src/app/shared/datatable/table/table.component.html;;M;M;22;8;FALSE;100644;100644;71ba156cf3f607cb108325d0a1565a4b015a2e9c;6212c95c8a02cdc295cdc6143d8a9cb58fdd6c34;7;07-mgr-modules-monitoring;P1;runtime/source;deep;Chọn đọc sâu theo nhóm: implementation thuộc MGR, dashboard, module, metrics, alerts và monitoring.;
2041;v16.2.5;v16.2.15;src/pybind/mgr/dashboard/frontend/src/app/shared/datatable/table/table.component.scss;;M;M;7;0;FALSE;100644;100644;bde26288494da24a4fc41519bb2fb0f566dfd56c;57b8e48de9cd6de1def089c19786806b4efbb257;7;07-mgr-modules-monitoring;P1;runtime/source;deep;Chọn đọc sâu theo nhóm: implementation thuộc MGR, dashboard, module, metrics, alerts và monitoring.;
2042;v16.2.5;v16.2.15;src/pybind/mgr/dashboard/frontend/src/app/shared/datatable/table/table.component.spec.ts;;M;M;9;0;FALSE;100644;100644;a2a329ab645646a4c7a32a5dfbcab66a1a1bb97a;98ed0bf63a164652309f770e289fc3e22344a2f1;7;07-mgr-modules-monitoring;P1;runtime/source;deep;Chọn đọc sâu theo nhóm: implementation thuộc MGR, dashboard, module, metrics, alerts và monitoring.;
2043;v16.2.5;v16.2.15;src/pybind/mgr/dashboard/frontend/src/app/shared/datatable/table/table.component.ts;;M;M;102;30;FALSE;100644;100644;7ec2eca915cc5dc0597f38bc0814fde59bba1f70;873b0de0bdd622c33d48724c33f85fa233b6eae1;7;07-mgr-modules-monitoring;P1;runtime/source;deep;Chọn đọc sâu theo nhóm: implementation thuộc MGR, dashboard, module, metrics, alerts và monitoring.;
2044;v16.2.5;v16.2.15;src/pybind/mgr/dashboard/frontend/src/app/shared/directives/stateful-tab.directive.spec.ts;;M;M;2;2;FALSE;100644;100644;bbac89aa4466ee8b71de316a342e7c6a4cef9708;5cebefbc98a76f7fd4eaae5556afaeda3e06afed;7;07-mgr-modules-monitoring;P1;runtime/source;deep;Chọn đọc sâu theo nhóm: implementation thuộc MGR, dashboard, module, metrics, alerts và monitoring.;
2045;v16.2.5;v16.2.15;src/pybind/mgr/dashboard/frontend/src/app/shared/enum/icons.enum.ts;;M;M;2;0;FALSE;100644;100644;2478ecd128987a3109d223502a5d7761c1379721;6b65f04e8cb2f47af1489ba22dc7d5177fa4d966;7;07-mgr-modules-monitoring;P1;runtime/source;deep;Chọn đọc sâu theo nhóm: implementation thuộc MGR, dashboard, module, metrics, alerts và monitoring.;
2046;v16.2.5;v16.2.15;src/pybind/mgr/dashboard/frontend/src/app/shared/forms/cd-form-builder.ts;;M;M;2;2;FALSE;100644;100644;307407a2fc58398358f36f418ef9831865d3d1a9;9741b1e6377b82b471ab5081a30feced20284b9b;7;07-mgr-modules-monitoring;P1;runtime/source;deep;Chọn đọc sâu theo nhóm: implementation thuộc MGR, dashboard, module, metrics, alerts và monitoring.;
2047;v16.2.5;v16.2.15;src/pybind/mgr/dashboard/frontend/src/app/shared/forms/cd-validators.spec.ts;;M;M;150;2;FALSE;100644;100644;557a179cc5aff63629d7f08a544a814e16648279;5cf90fdea5cb3b68af08cda544bc2391c686e749;7;07-mgr-modules-monitoring;P1;runtime/source;deep;Chọn đọc sâu theo nhóm: implementation thuộc MGR, dashboard, module, metrics, alerts và monitoring.;
2048;v16.2.5;v16.2.15;src/pybind/mgr/dashboard/frontend/src/app/shared/forms/cd-validators.ts;;M;M;126;2;FALSE;100644;100644;b72b8f18bdcf5c62054bd3680cce37099093d550;22371a50f71ecd0b85b65dd54842443c54a5ee65;7;07-mgr-modules-monitoring;P1;runtime/source;deep;Chọn đọc sâu theo nhóm: implementation thuộc MGR, dashboard, module, metrics, alerts và monitoring.;
2049;v16.2.5;v16.2.15;src/pybind/mgr/dashboard/frontend/src/app/shared/models/cd-table-fetch-data-context.ts;;M;M;27;0;FALSE;100644;100644;b7c6e672d7d71adaf42d291d679f5c20c1001efa;7937d82e6f3e62cf2d04e7eb872b12c9bed09a4d;7;07-mgr-modules-monitoring;P1;runtime/source;deep;Chọn đọc sâu theo nhóm: implementation thuộc MGR, dashboard, module, metrics, alerts và monitoring.;
2050;v16.2.5;v16.2.15;src/pybind/mgr/dashboard/frontend/src/app/shared/models/cd-table-paging.ts;;A;A;20;0;FALSE;0;100644;0;3693b527d24f7c6965534ff787b34be7b3ec1dce;7;07-mgr-modules-monitoring;P1;runtime/source;deep;Chọn đọc sâu theo nhóm: implementation thuộc MGR, dashboard, module, metrics, alerts và monitoring.;
2051;v16.2.5;v16.2.15;src/pybind/mgr/dashboard/frontend/src/app/shared/models/cd-user-config.ts;;M;M;2;0;FALSE;100644;100644;2e1a9e1970a47b1d6d774b76bd5782a535c3a277;edd1af784872e400dbdb735733d71a5f5a66fba8;7;07-mgr-modules-monitoring;P1;runtime/source;deep;Chọn đọc sâu theo nhóm: implementation thuộc MGR, dashboard, module, metrics, alerts và monitoring.;
2052;v16.2.5;v16.2.15;src/pybind/mgr/dashboard/frontend/src/app/shared/models/devices.ts;;M;M;1;0;FALSE;100644;100644;90817c89f9d06f519017fbda93320fdf669257fe;69ab3f5f3ca14427ca258e7080372b29a3bc9200;7;07-mgr-modules-monitoring;P1;runtime/source;deep;Chọn đọc sâu theo nhóm: implementation thuộc MGR, dashboard, module, metrics, alerts và monitoring.;
2053;v16.2.5;v16.2.15;src/pybind/mgr/dashboard/frontend/src/app/shared/models/inventory-device-type.model.ts;;A;A;9;0;FALSE;0;100644;0;2155c2d874b45cfd5a9c56e90269dc72463c996e;7;07-mgr-modules-monitoring;P1;runtime/source;deep;Chọn đọc sâu theo nhóm: implementation thuộc MGR, dashboard, module, metrics, alerts và monitoring.;
2054;v16.2.5;v16.2.15;src/pybind/mgr/dashboard/frontend/src/app/shared/models/orchestrator.enum.ts;;M;M;5;2;FALSE;100644;100644;8c740f4e01756fd1b02c887ffb85d3c902086880;22101caaa458e65b269053b5942cb025d2cfe42e;7;07-mgr-modules-monitoring;P1;runtime/source;deep;Chọn đọc sâu theo nhóm: implementation thuộc MGR, dashboard, module, metrics, alerts và monitoring.;
2055;v16.2.5;v16.2.15;src/pybind/mgr/dashboard/frontend/src/app/shared/models/osd-deployment-options.ts;;A;A;24;0;FALSE;0;100644;0;cae869efe17eab77185454927d880e29b16e3cf0;7;07-mgr-modules-monitoring;P1;runtime/source;deep;Chọn đọc sâu theo nhóm: implementation thuộc MGR, dashboard, module, metrics, alerts và monitoring.;
2056;v16.2.5;v16.2.15;src/pybind/mgr/dashboard/frontend/src/app/shared/models/osd-settings.ts;;A;A;4;0;FALSE;0;100644;0;b7bc10fc02e05a32770ed6cda0faf9a57a29e8d6;7;07-mgr-modules-monitoring;P1;runtime/source;deep;Chọn đọc sâu theo nhóm: implementation thuộc MGR, dashboard, module, metrics, alerts và monitoring.;
2057;v16.2.5;v16.2.15;src/pybind/mgr/dashboard/frontend/src/app/shared/models/service.interface.ts;;M;M;30;0;FALSE;100644;100644;151e0bd2987cfdaf74f497fbab412223acacf0d4;f271c364c2673aa625a9bef2d35e0f6f50a3922e;7;07-mgr-modules-monitoring;P1;runtime/source;deep;Chọn đọc sâu theo nhóm: implementation thuộc MGR, dashboard, module, metrics, alerts và monitoring.;
2058;v16.2.5;v16.2.15;src/pybind/mgr/dashboard/frontend/src/app/shared/models/smart.ts;;M;M;24;2;FALSE;100644;100644;2f7f82c4b2ae9140e9021c7516c277f50e8f0f86;f553652bcd9a8bde2ac9bf3d8d5e517b7877f9d1;7;07-mgr-modules-monitoring;P1;runtime/source;deep;Chọn đọc sâu theo nhóm: implementation thuộc MGR, dashboard, module, metrics, alerts và monitoring.;
2059;v16.2.5;v16.2.15;src/pybind/mgr/dashboard/frontend/src/app/shared/models/wizard-steps.ts;;A;A;4;0;FALSE;0;100644;0;177feb486d1a1d0f0b076e0cbb053dc8088a0f59;7;07-mgr-modules-monitoring;P1;runtime/source;deep;Chọn đọc sâu theo nhóm: implementation thuộc MGR, dashboard, module, metrics, alerts và monitoring.;
2060;v16.2.5;v16.2.15;src/pybind/mgr/dashboard/frontend/src/app/shared/pipes/ceph-release-name.pipe.spec.ts;;M;M;2;2;FALSE;100644;100644;7b7c5e05318ee4ead90f0b39de8099895e250a92;3e1f1f7ca2deea0fd3634d944b757e90df7cd7f4;7;07-mgr-modules-monitoring;P1;runtime/source;deep;Chọn đọc sâu theo nhóm: implementation thuộc MGR, dashboard, module, metrics, alerts và monitoring.;
2061;v16.2.5;v16.2.15;src/pybind/mgr/dashboard/frontend/src/app/shared/pipes/ceph-release-name.pipe.ts;;M;M;2;2;FALSE;100644;100644;c7c1e1d7423db5b7e9ef34e6e81d9384bb204747;c63c794a9188b2bf2b7678cb3face3a8be30051d;7;07-mgr-modules-monitoring;P1;runtime/source;deep;Chọn đọc sâu theo nhóm: implementation thuộc MGR, dashboard, module, metrics, alerts và monitoring.;
2062;v16.2.5;v16.2.15;src/pybind/mgr/dashboard/frontend/src/app/shared/pipes/pipes.module.ts;;M;M;10;3;FALSE;100755;100755;3deb535929d3c5509bdb15039e2ac22174f60dba;508a29e9801f32abc2468f6a585c18d65ddebdbc;7;07-mgr-modules-monitoring;P1;runtime/source;deep;Chọn đọc sâu theo nhóm: implementation thuộc MGR, dashboard, module, metrics, alerts và monitoring.;
2063;v16.2.5;v16.2.15;src/pybind/mgr/dashboard/frontend/src/app/shared/pipes/sanitize-html.pipe.spec.ts;;A;A;26;0;FALSE;0;100644;0;719f32ee55013becb33e704e5f5d50a6cc31b7ab;7;07-mgr-modules-monitoring;P1;runtime/source;deep;Chọn đọc sâu theo nhóm: implementation thuộc MGR, dashboard, module, metrics, alerts và monitoring.;
2064;v16.2.5;v16.2.15;src/pybind/mgr/dashboard/frontend/src/app/shared/pipes/sanitize-html.pipe.ts;;A;A;13;0;FALSE;0;100644;0;f6a8b0c9e8c6b74e079d2c65c365481343c7faff;7;07-mgr-modules-monitoring;P1;runtime/source;deep;Chọn đọc sâu theo nhóm: implementation thuộc MGR, dashboard, module, metrics, alerts và monitoring.;
2065;v16.2.5;v16.2.15;src/pybind/mgr/dashboard/frontend/src/app/shared/pipes/search-highlight.pipe.spec.ts;;A;A;41;0;FALSE;0;100644;0;73f8e55ede2bacfd38656fb9b67e18412a5db456;7;07-mgr-modules-monitoring;P1;runtime/source;deep;Chọn đọc sâu theo nhóm: implementation thuộc MGR, dashboard, module, metrics, alerts và monitoring.;
2066;v16.2.5;v16.2.15;src/pybind/mgr/dashboard/frontend/src/app/shared/pipes/search-highlight.pipe.ts;;A;A;26;0;FALSE;0;100644;0;c00cc46c6d9b9d8cee0b72356740015cace18a1c;7;07-mgr-modules-monitoring;P1;runtime/source;deep;Chọn đọc sâu theo nhóm: implementation thuộc MGR, dashboard, module, metrics, alerts và monitoring.;
2067;v16.2.5;v16.2.15;src/pybind/mgr/dashboard/frontend/src/app/shared/rxjs/operators/page-visibilty.operator.ts;;A;A;20;0;FALSE;0;100644;0;22644dcf20afaca0a0f9b03b9314052ba49568df;7;07-mgr-modules-monitoring;P1;runtime/source;deep;Chọn đọc sâu theo nhóm: implementation thuộc MGR, dashboard, module, metrics, alerts và monitoring.;
2068;v16.2.5;v16.2.15;src/pybind/mgr/dashboard/frontend/src/app/shared/services/api-interceptor.service.ts;;M;M;2;2;FALSE;100644;100644;cf7ddd342e0ea3b024a31332e8acdee0bd01ab4c;fb7a9f73395f00ca5b381cac6b5f6bdd2202082f;7;07-mgr-modules-monitoring;P1;runtime/source;deep;Chọn đọc sâu theo nhóm: implementation thuộc MGR, dashboard, module, metrics, alerts và monitoring.;
2069;v16.2.5;v16.2.15;src/pybind/mgr/dashboard/frontend/src/app/shared/services/cd-table-server-side.service.spec.ts;;A;A;16;0;FALSE;0;100644;0;dbe7bb4526e7b80e2e5a2da01161eb14eda94627;7;07-mgr-modules-monitoring;P1;runtime/source;deep;Chọn đọc sâu theo nhóm: implementation thuộc MGR, dashboard, module, metrics, alerts và monitoring.;
2070;v16.2.5;v16.2.15;src/pybind/mgr/dashboard/frontend/src/app/shared/services/cd-table-server-side.service.ts;;A;A;14;0;FALSE;0;100644;0;56bf807a6c5f7d763c5c86fc008ab268d7283f9e;7;07-mgr-modules-monitoring;P1;runtime/source;deep;Chọn đọc sâu theo nhóm: implementation thuộc MGR, dashboard, module, metrics, alerts và monitoring.;
2071;v16.2.5;v16.2.15;src/pybind/mgr/dashboard/frontend/src/app/shared/services/module-status-guard.service.spec.ts;;M;M;27;4;FALSE;100644;100644;0948fc878a9e0eb77bed08c016ba60d06e2bcc29;532aa6c6594b0e587417cd33c59b048efff5ab0f;7;07-mgr-modules-monitoring;P1;runtime/source;deep;Chọn đọc sâu theo nhóm: implementation thuộc MGR, dashboard, module, metrics, alerts và monitoring.;
2072;v16.2.5;v16.2.15;src/pybind/mgr/dashboard/frontend/src/app/shared/services/module-status-guard.service.ts;;M;M;30;7;FALSE;100644;100644;171f34adfe6b48e09f6ba6aeceeabb08032509e3;df6f4854e1967d45090387c48ffdd0fb65521016;7;07-mgr-modules-monitoring;P1;runtime/source;deep;Chọn đọc sâu theo nhóm: implementation thuộc MGR, dashboard, module, metrics, alerts và monitoring.;
2073;v16.2.5;v16.2.15;src/pybind/mgr/dashboard/frontend/src/app/shared/services/motd-notification.service.spec.ts;;A;A;117;0;FALSE;0;100644;0;267e6aa57c15b44d410d3014b944b04b58c92d80;7;07-mgr-modules-monitoring;P1;runtime/source;deep;Chọn đọc sâu theo nhóm: implementation thuộc MGR, dashboard, module, metrics, alerts và monitoring.;
2074;v16.2.5;v16.2.15;src/pybind/mgr/dashboard/frontend/src/app/shared/services/motd-notification.service.ts;;A;A;84;0;FALSE;0;100644;0;d2ee89f9cd168b7890d4e5faaafff117679a51e3;7;07-mgr-modules-monitoring;P1;runtime/source;deep;Chọn đọc sâu theo nhóm: implementation thuộc MGR, dashboard, module, metrics, alerts và monitoring.;
2075;v16.2.5;v16.2.15;src/pybind/mgr/dashboard/frontend/src/app/shared/services/prometheus-alert.service.spec.ts;;M;M;10;4;FALSE;100644;100644;d16d0c85d88ae88e6eca70a515ccc02a23d4e6ca;aa3160b304cca1a875f35c3a128e922a46d8b19d;7;07-mgr-modules-monitoring;P1;runtime/source;deep;Chọn đọc sâu theo nhóm: implementation thuộc MGR, dashboard, module, metrics, alerts và monitoring.;
2076;v16.2.5;v16.2.15;src/pybind/mgr/dashboard/frontend/src/app/shared/services/prometheus-alert.service.ts;;M;M;4;1;FALSE;100644;100644;6acd244617e1843223cb4debc6e0bbda90f7dfe1;6223808fb0122e3bd5cd3a3a62c1580a138fd8d0;7;07-mgr-modules-monitoring;P1;runtime/source;deep;Chọn đọc sâu theo nhóm: implementation thuộc MGR, dashboard, module, metrics, alerts và monitoring.;
2077;v16.2.5;v16.2.15;src/pybind/mgr/dashboard/frontend/src/app/shared/services/task-list.service.ts;;M;M;6;6;FALSE;100644;100644;bfc4573c00ad49c7fcf6d0a89440a4b226b7befb;32145475336381da43d95d7549941e9405ee5961;7;07-mgr-modules-monitoring;P1;runtime/source;deep;Chọn đọc sâu theo nhóm: implementation thuộc MGR, dashboard, module, metrics, alerts và monitoring.;
2078;v16.2.5;v16.2.15;src/pybind/mgr/dashboard/frontend/src/app/shared/services/task-message.service.ts;;M;M;5;4;FALSE;100644;100644;c39bb0c26b6951601ae470cbba5e3d05709a37c6;5adabe2115370d9c65ab4232a7325e0c343bc594;7;07-mgr-modules-monitoring;P1;runtime/source;deep;Chọn đọc sâu theo nhóm: implementation thuộc MGR, dashboard, module, metrics, alerts và monitoring.;
2079;v16.2.5;v16.2.15;src/pybind/mgr/dashboard/frontend/src/app/shared/services/timer.service.ts;;M;M;3;1;FALSE;100644;100644;2ae2f4cdf5ebc2624266852796aa340229836127;716b710968f339963a4fb69ba063cb2c1a6d8dc8;7;07-mgr-modules-monitoring;P1;runtime/source;deep;Chọn đọc sâu theo nhóm: implementation thuộc MGR, dashboard, module, metrics, alerts và monitoring.;
2080;v16.2.5;v16.2.15;src/pybind/mgr/dashboard/frontend/src/app/shared/services/wizard-steps.service.spec.ts;;A;A;16;0;FALSE;0;100644;0;47c2149756703b7ac0110cae0987f059be31bb70;7;07-mgr-modules-monitoring;P1;runtime/source;deep;Chọn đọc sâu theo nhóm: implementation thuộc MGR, dashboard, module, metrics, alerts và monitoring.;
2081;v16.2.5;v16.2.15;src/pybind/mgr/dashboard/frontend/src/app/shared/services/wizard-steps.service.ts;;A;A;58;0;FALSE;0;100644;0;e0fb2be944de02195147569f7e4ffa6478dcd4d7;7;07-mgr-modules-monitoring;P1;runtime/source;deep;Chọn đọc sâu theo nhóm: implementation thuộc MGR, dashboard, module, metrics, alerts và monitoring.;
2082;v16.2.5;v16.2.15;src/pybind/mgr/dashboard/frontend/src/locale/messages.cs.xlf;;M;M;12704;5135;FALSE;100644;100644;5725d2d937fe2b7ea639600ab88759063a720ba1;b391c54dfe1ac8c2aa92e761128ecd9e0bd3de3b;7;07-mgr-modules-monitoring;P2;generated/lock/data;reference-only;Không đọc hunk sinh tự động;
2083;v16.2.5;v16.2.15;src/pybind/mgr/dashboard/frontend/src/locale/messages.de-DE.xlf;;M;M;13432;5142;FALSE;100644;100644;d5ce75d9af2eb03dd32a4527c0e74dfa0d6c7f77;09c85f3baf0fce909e19a342d94bfceb427381ab;7;07-mgr-modules-monitoring;P2;generated/lock/data;reference-only;Không đọc hunk sinh tự động;
2084;v16.2.5;v16.2.15;src/pybind/mgr/dashboard/frontend/src/locale/messages.es-ES.xlf;;M;M;13439;5148;FALSE;100644;100644;75ff3a125f5a8059d1f925cbef70c76690981b4c;661596a2fcf5145a12bba872ace04822ebd70a97;7;07-mgr-modules-monitoring;P2;generated/lock/data;reference-only;Không đọc hunk sinh tự động;
2085;v16.2.5;v16.2.15;src/pybind/mgr/dashboard/frontend/src/locale/messages.fr-FR.xlf;;M;M;13442;5152;FALSE;100644;100644;d78fbaa2fde1d6c987be914f6f27954f61957565;5077d68c5727c1929ab5fcc610005afc0584278a;7;07-mgr-modules-monitoring;P2;generated/lock/data;reference-only;Không đọc hunk sinh tự động;
2086;v16.2.5;v16.2.15;src/pybind/mgr/dashboard/frontend/src/locale/messages.id-ID.xlf;;M;M;12627;5153;FALSE;100644;100644;57d7ad0e00b850d776cfd48b49650167b9c4e21e;4c258636dd106fd221bdb293dd1cb24ea1dfba5e;7;07-mgr-modules-monitoring;P2;generated/lock/data;reference-only;Không đọc hunk sinh tự động;
2087;v16.2.5;v16.2.15;src/pybind/mgr/dashboard/frontend/src/locale/messages.it-IT.xlf;;M;M;13432;5142;FALSE;100644;100644;c999ee830d40385f8737329c343bc21df40d642b;2ee6f532966afdcc8f0089efe8c8be4bec251d32;7;07-mgr-modules-monitoring;P2;generated/lock/data;reference-only;Không đọc hunk sinh tự động;
2088;v16.2.5;v16.2.15;src/pybind/mgr/dashboard/frontend/src/locale/messages.ja-JP.xlf;;M;M;13423;5136;FALSE;100644;100644;73ebb07529633078df3456148e2f23602a61cc22;35d75861b785ac4648ef679631eda19a0d9ae3b2;7;07-mgr-modules-monitoring;P2;generated/lock/data;reference-only;Không đọc hunk sinh tự động;
2089;v16.2.5;v16.2.15;src/pybind/mgr/dashboard/frontend/src/locale/messages.ko-KR.xlf;;M;M;13117;5151;FALSE;100644;100644;a806fdd5e95c7cf1d59576d573f3742ee0db196f;c0b16a85f408f3d036f53dafd3dbae7bceeb97cd;7;07-mgr-modules-monitoring;P2;generated/lock/data;reference-only;Không đọc hunk sinh tự động;
2090;v16.2.5;v16.2.15;src/pybind/mgr/dashboard/frontend/src/locale/messages.pl-PL.xlf;;M;M;12625;5154;FALSE;100644;100644;669c5ad8b6c6aa94bf8a96fc06bbc948c08536a6;ef890df784ddd03160236caecfeafd896f4941d3;7;07-mgr-modules-monitoring;P2;generated/lock/data;reference-only;Không đọc hunk sinh tự động;
2091;v16.2.5;v16.2.15;src/pybind/mgr/dashboard/frontend/src/locale/messages.pt-BR.xlf;;M;M;13430;5140;FALSE;100644;100644;407ace79fc2e072c54c8552a8ae24166fe8f47af;ca6309f42da1672600867e94bc082fb2ea2b87ee;7;07-mgr-modules-monitoring;P2;generated/lock/data;reference-only;Không đọc hunk sinh tự động;
2092;v16.2.5;v16.2.15;src/pybind/mgr/dashboard/frontend/src/locale/messages.zh-CN.xlf;;M;M;13433;5147;FALSE;100644;100644;346d1b4f10af2f69b916169ec76cef719574f6f7;ae98e3770256c0eede44e8024ada58ab7cadc367;7;07-mgr-modules-monitoring;P2;generated/lock/data;reference-only;Không đọc hunk sinh tự động;
2093;v16.2.5;v16.2.15;src/pybind/mgr/dashboard/frontend/src/locale/messages.zh-TW.xlf;;M;M;13440;5151;FALSE;100644;100644;18d59a6d0335c9c73c32804a19ff6659d1c2163c;7755d924d57ed8537db55939d45efc556f0cb706;7;07-mgr-modules-monitoring;P2;generated/lock/data;reference-only;Không đọc hunk sinh tự động;
2094;v16.2.5;v16.2.15;src/pybind/mgr/dashboard/frontend/src/styles.scss;;M;M;30;0;FALSE;100644;100644;099433d3148cc494089c1085700300078a2cfcf6;e27b012614715e338e234b8c1e9f5271800ad2d6;7;07-mgr-modules-monitoring;P1;runtime/source;deep;Chọn đọc sâu theo nhóm: implementation thuộc MGR, dashboard, module, metrics, alerts và monitoring.;
2095;v16.2.5;v16.2.15;src/pybind/mgr/dashboard/frontend/src/styles/bootstrap-extends.scss;;M;M;1;1;FALSE;100644;100644;9a90a2dbfee7d3b5a7c8b3b15dec0c0443f1c6cb;be304c9e4e30779cdb58ac51f3c624488e255612;7;07-mgr-modules-monitoring;P1;runtime/source;deep;Chọn đọc sâu theo nhóm: implementation thuộc MGR, dashboard, module, metrics, alerts và monitoring.;
2096;v16.2.5;v16.2.15;src/pybind/mgr/dashboard/frontend/src/styles/ceph-custom/_basics.scss;;M;M;45;1;FALSE;100644;100644;04f365e6daacd253073bda62c1a687573e6eb4b6;3ead6efa535125fdfb8baff968f239a7623206e6;7;07-mgr-modules-monitoring;P1;runtime/source;deep;Chọn đọc sâu theo nhóm: implementation thuộc MGR, dashboard, module, metrics, alerts và monitoring.;
2097;v16.2.5;v16.2.15;src/pybind/mgr/dashboard/frontend/src/styles/ceph-custom/_forms.scss;;M;M;15;0;FALSE;100644;100644;cca9bd5d5d9d84723aee92be7cec83590c7d8ddc;1d84895c0dd75027e1ca324f0e380283bc7c61c7;7;07-mgr-modules-monitoring;P1;runtime/source;deep;Chọn đọc sâu theo nhóm: implementation thuộc MGR, dashboard, module, metrics, alerts và monitoring.;
2098;v16.2.5;v16.2.15;src/pybind/mgr/dashboard/frontend/src/styles/defaults/_bootstrap-defaults.scss;;M;M;9;1;FALSE;100644;100644;1e203af7c8c4823f9a2a98da0f1c0e818c197d98;27547c36b04351e89e89441b7b03988237d7bc62;7;07-mgr-modules-monitoring;P1;runtime/source;deep;Chọn đọc sâu theo nhóm: implementation thuộc MGR, dashboard, module, metrics, alerts và monitoring.;
2099;v16.2.5;v16.2.15;src/pybind/mgr/dashboard/frontend/src/styles/defaults/_functions.scss;;M;M;3;1;FALSE;100644;100644;9e4f87eba12a27d6bddcdb000115cbba22fa4fa3;806882b7fadea774c5275a008a996a682b76926d;7;07-mgr-modules-monitoring;P1;runtime/source;deep;Chọn đọc sâu theo nhóm: implementation thuộc MGR, dashboard, module, metrics, alerts và monitoring.;
2100;v16.2.5;v16.2.15;src/pybind/mgr/dashboard/frontend/tsconfig.json;;M;M;2;1;FALSE;100644;100644;388a019acc8ef616930e9a26fba8e7b98e6f50d6;218cffda992c20915ac653e39c20dc30d5eee2ba;7;07-mgr-modules-monitoring;P1;runtime/source;deep;Chọn đọc sâu theo nhóm: implementation thuộc MGR, dashboard, module, metrics, alerts và monitoring.;
2101;v16.2.5;v16.2.15;src/pybind/mgr/dashboard/grafana.py;;M;M;1;1;FALSE;100644;100644;2ba28fbeb6f4c3ad94d4fd14c134db5bf3884097;2e34187bf3f5db28b409d1097d2765cddf6bb451;7;07-mgr-modules-monitoring;P1;runtime/source;deep;Chọn đọc sâu theo nhóm: implementation thuộc MGR, dashboard, module, metrics, alerts và monitoring.;
2102;v16.2.5;v16.2.15;src/pybind/mgr/dashboard/module.py;;M;M;154;21;FALSE;100644;100644;1e903dcbeafcd47a7eb525f404fd65cd2ba20ddf;2e594d65187db66eb46b9864e8326eebc1308a1b;7;07-mgr-modules-monitoring;P1;runtime/source;deep;Chọn đọc sâu theo nhóm: implementation thuộc MGR, dashboard, module, metrics, alerts và monitoring.;
2103;v16.2.5;v16.2.15;src/pybind/mgr/dashboard/openapi.yaml;;M;M;298;283;FALSE;100644;100644;921dadb0471d01011c3647591d0eb1d12aa587d3;38ebd0041d9fa76a8a635bccf03a0abcff591307;7;07-mgr-modules-monitoring;P1;config/schema;deep;Đọc sâu option/default/schema và điều kiện có hiệu lực: MGR, dashboard, module, metrics, alerts và monitoring.;
2104;v16.2.5;v16.2.15;src/pybind/mgr/dashboard/plugins/feature_toggles.py;;M;M;5;5;FALSE;100644;100644;ea50652346a4a678147d0c68f8b9d2f985f1deec;fc4619be3f9f8fd1ff3b99f0444a4a991bd0efa7;7;07-mgr-modules-monitoring;P1;runtime/source;deep;Chọn đọc sâu theo nhóm: implementation thuộc MGR, dashboard, module, metrics, alerts và monitoring.;
2105;v16.2.5;v16.2.15;src/pybind/mgr/dashboard/plugins/motd.py;;A;A;98;0;FALSE;0;100644;0;22d6a294a39444550191b427c3863467985644aa;7;07-mgr-modules-monitoring;P1;runtime/source;deep;Chọn đọc sâu theo nhóm: implementation thuộc MGR, dashboard, module, metrics, alerts và monitoring.;
2106;v16.2.5;v16.2.15;src/pybind/mgr/dashboard/requirements-lint.txt;;M;M;2;3;FALSE;100644;100644;917547b9095535a009c22289953611de9b4b8306;1b15f46817c2a695517217023ffa2d8d650489cf;7;07-mgr-modules-monitoring;P1;runtime/source;deep;Chọn đọc sâu theo nhóm: implementation thuộc MGR, dashboard, module, metrics, alerts và monitoring.;
2107;v16.2.5;v16.2.15;src/pybind/mgr/dashboard/requirements-test.txt;;M;M;1;2;FALSE;100644;100644;25b205ce883dd43bc37247bb4186a79f925886d7;625f5c358f1cb606e4cd377373c3557975acbbbd;7;07-mgr-modules-monitoring;P1;runtime/source;deep;Chọn đọc sâu theo nhóm: implementation thuộc MGR, dashboard, module, metrics, alerts và monitoring.;
2108;v16.2.5;v16.2.15;src/pybind/mgr/dashboard/requirements.txt;;M;M;2;1;FALSE;100644;100644;282a07573cdf543078802b1729d982f16d19d40d;84dee7efc9a2c723621704212caf13627fc0797a;7;07-mgr-modules-monitoring;P1;runtime/source;deep;Chọn đọc sâu theo nhóm: implementation thuộc MGR, dashboard, module, metrics, alerts và monitoring.;
2109;v16.2.5;v16.2.15;src/pybind/mgr/dashboard/rest_client.py;;M;M;10;6;FALSE;100644;100644;90cfd41ad77ebb925847b0fa998ba202bae1730b;f33c13432ff4722850fe69508188aa172a0b0ffd;7;07-mgr-modules-monitoring;P1;runtime/source;deep;Chọn đọc sâu theo nhóm: implementation thuộc MGR, dashboard, module, metrics, alerts và monitoring.;
2110;v16.2.5;v16.2.15;src/pybind/mgr/dashboard/run-backend-api-tests.sh;;M;M;6;4;FALSE;100755;100755;3c1d2e8b8b40c041922021c831632488448100b0;8a9f63a59fa73f0cc1bbec8089a0b5d949a8a6d7;7;07-mgr-modules-monitoring;P1;tool/script;conditional;Đọc theo điều kiện sử dụng;
2111;v16.2.5;v16.2.15;src/pybind/mgr/dashboard/run-frontend-e2e-tests.sh;;M;M;8;11;FALSE;100755;100755;c375d677812e4e48b8138f90533de8668ef06d61;400f861ee8cd8704a013da04a177471480e81a5e;7;07-mgr-modules-monitoring;P1;tool/script;conditional;Đọc theo điều kiện sử dụng;
2112;v16.2.5;v16.2.15;src/pybind/mgr/dashboard/run-frontend-unittests.sh;;M;M;3;9;FALSE;100755;100755;2cfb81fb5182b20b6673d211e8f3047236763abb;4f6f4d00732d395b1d2130799e933cb919091a06;7;07-mgr-modules-monitoring;P1;tool/script;conditional;Đọc theo điều kiện sử dụng;
2113;v16.2.5;v16.2.15;src/pybind/mgr/dashboard/services/access_control.py;;M;M;5;4;FALSE;100644;100644;175e3bebfa70a7ac7a60ee05c8cfb2d28a9cb628;27d849cc4456739a0668533f20d216c67c3a14a0;7;07-mgr-modules-monitoring;P1;runtime/source;deep;Chọn đọc sâu theo nhóm: implementation thuộc MGR, dashboard, module, metrics, alerts và monitoring.;
2114;v16.2.5;v16.2.15;src/pybind/mgr/dashboard/services/auth.py;;M;M;10;1;FALSE;100644;100644;55436afb6ad34f910520a806f12a66e204b38737;6c5153620aa203b043abcdd4a0da2d62ecedec76;7;07-mgr-modules-monitoring;P1;runtime/source;deep;Chọn đọc sâu theo nhóm: implementation thuộc MGR, dashboard, module, metrics, alerts và monitoring.;
2115;v16.2.5;v16.2.15;src/pybind/mgr/dashboard/services/ceph_service.py;;M;M;44;22;FALSE;100644;100644;4cf82f06696d87341b6694c06dafe70fbbbf6aa2;675d0425a602e832f0bad76c91d6a464c53121f1;7;07-mgr-modules-monitoring;P1;runtime/source;deep;Chọn đọc sâu theo nhóm: implementation thuộc MGR, dashboard, module, metrics, alerts và monitoring.;
2116;v16.2.5;v16.2.15;src/pybind/mgr/dashboard/services/cephx.py;;D;D;0;29;FALSE;100644;0;60303ad85fd68d835e7bb4337326264ac6b153cf;0;7;07-mgr-modules-monitoring;P1;runtime/source;deep;Chọn đọc sâu theo nhóm: implementation thuộc MGR, dashboard, module, metrics, alerts và monitoring.;
2117;v16.2.5;v16.2.15;src/pybind/mgr/dashboard/services/cluster.py;;A;A;35;0;FALSE;0;100644;0;a057f24381f78a406979c88de03651aa39fb473f;7;07-mgr-modules-monitoring;P1;runtime/source;deep;Chọn đọc sâu theo nhóm: implementation thuộc MGR, dashboard, module, metrics, alerts và monitoring.;
2118;v16.2.5;v16.2.15;src/pybind/mgr/dashboard/services/exception.py;;M;M;28;1;FALSE;100644;100644;feb084622bc0a5131a1d52f9e9ff0dead5a1f43c;02a827e1b16dd2aef10e0e6b7fc3119ec5a2bcd4;7;07-mgr-modules-monitoring;P1;runtime/source;deep;Chọn đọc sâu theo nhóm: implementation thuộc MGR, dashboard, module, metrics, alerts và monitoring.;
2119;v16.2.5;v16.2.15;src/pybind/mgr/dashboard/services/ganesha.py;;D;D;0;1129;FALSE;100644;0;9799f837a74f9b976a84362d42edc2a9f525e66c;0;7;07-mgr-modules-monitoring;P1;runtime/source;deep;Chọn đọc sâu theo nhóm: implementation thuộc MGR, dashboard, module, metrics, alerts và monitoring.;
2120;v16.2.5;v16.2.15;src/pybind/mgr/dashboard/services/iscsi_cli.py;;M;M;1;1;FALSE;100644;100644;93abbcd190a329b84498a7ec1b90d0d81cd51207;71e6c9f3d9a2f33a0ae287054ed3aae96fabd65b;7;07-mgr-modules-monitoring;P1;runtime/source;deep;Chọn đọc sâu theo nhóm: implementation thuộc MGR, dashboard, module, metrics, alerts và monitoring.;
2121;v16.2.5;v16.2.15;src/pybind/mgr/dashboard/services/iscsi_config.py;;M;M;1;1;FALSE;100644;100644;acc0c09362cee6dfeae858b658c494dc550ffb32;7cdd5cd02c62b3879b55a09f7358e0e565740db9;7;07-mgr-modules-monitoring;P1;runtime/source;deep;Chọn đọc sâu theo nhóm: implementation thuộc MGR, dashboard, module, metrics, alerts và monitoring.;
2122;v16.2.5;v16.2.15;src/pybind/mgr/dashboard/services/orchestrator.py;;M;M;25;4;FALSE;100644;100644;8891e8e3d3c6bcf46fcda63eec181e971ea820dd;3ca9a0f379f6bd380cdba465781b1cc68561b545;7;07-mgr-modules-monitoring;P1;runtime/source;deep;Chọn đọc sâu theo nhóm: implementation thuộc MGR, dashboard, module, metrics, alerts và monitoring.;
2123;v16.2.5;v16.2.15;src/pybind/mgr/dashboard/services/osd.py;;A;A;25;0;FALSE;0;100644;0;12db733cc987d424d2aea312d773ff2125867fe7;7;07-mgr-modules-monitoring;P1;runtime/source;deep;Chọn đọc sâu theo nhóm: implementation thuộc MGR, dashboard, module, metrics, alerts và monitoring.;
2124;v16.2.5;v16.2.15;src/pybind/mgr/dashboard/services/rbd.py;;M;M;224;56;FALSE;100644;100644;07fc2d783a487c36fabda1001d18786b95e9a29a;b2181344fdd352c3778e1b6c4269f1301e9856ad;7;07-mgr-modules-monitoring;P1;runtime/source;deep;Chọn đọc sâu theo nhóm: implementation thuộc MGR, dashboard, module, metrics, alerts và monitoring.;
2125;v16.2.5;v16.2.15;src/pybind/mgr/dashboard/services/rgw_client.py;;M;M;122;33;FALSE;100644;100644;25d1ed5ddac102d982b8b7b2a456248400e2477a;f6ee0df576111b9027b50b60330d0dabe6ba2ab5;7;07-mgr-modules-monitoring;P1;runtime/source;deep;Chọn đọc sâu theo nhóm: implementation thuộc MGR, dashboard, module, metrics, alerts và monitoring.;
2126;v16.2.5;v16.2.15;src/pybind/mgr/dashboard/services/tcmu_service.py;;M;M;1;0;FALSE;100644;100644;aceeaff3de042097a8f7fc10d6c477bcaf578ea9;1155c1d5c6f458c1fe26ec70131ec69f6d9c23b7;7;07-mgr-modules-monitoring;P1;runtime/source;deep;Chọn đọc sâu theo nhóm: implementation thuộc MGR, dashboard, module, metrics, alerts và monitoring.;
2127;v16.2.5;v16.2.15;src/pybind/mgr/dashboard/settings.py;;M;M;3;5;FALSE;100644;100644;6c1b90374fb72660ce5ee69160ca1616b52b8e74;c6a4c235c3354efbb86d73f4036d2a0cba798cd8;7;07-mgr-modules-monitoring;P1;runtime/source;deep;Chọn đọc sâu theo nhóm: implementation thuộc MGR, dashboard, module, metrics, alerts và monitoring.;
2128;v16.2.5;v16.2.15;src/pybind/mgr/dashboard/tests/__init__.py;;M;M;55;17;FALSE;100644;100644;46c6b8043cc8b7e0a8f0c9e362711a6582c26617;af264b3b16abce0f50cc1318d42c59ba2019378e;7;07-mgr-modules-monitoring;P2;test/QA;reference-only;Không đọc độc lập;
2129;v16.2.5;v16.2.15;src/pybind/mgr/dashboard/tests/test_access_control.py;;M;M;4;3;FALSE;100644;100644;41e7e637f72b2e2849205fbe3065aef574abdb9c;361f65e60dc015fcb12c0d6b6d257ed2a057a6c1;7;07-mgr-modules-monitoring;P2;test/QA;reference-only;Không đọc độc lập;
2130;v16.2.5;v16.2.15;src/pybind/mgr/dashboard/tests/test_api_auditing.py;;M;M;3;3;FALSE;100644;100644;b2e83379efc8de3da51b70af3ab58427a59fde23;854d76468c21fe17185968be01105568a27811eb;7;07-mgr-modules-monitoring;P2;test/QA;reference-only;Không đọc độc lập;
2131;v16.2.5;v16.2.15;src/pybind/mgr/dashboard/tests/test_auth.py;;M;M;46;0;FALSE;100644;100644;6f1d2a084ec461741c4bb270e5c70f8069d12b7a;d9755de98e45ad1f8af3528fcc0cc9d2c9bbb1ce;7;07-mgr-modules-monitoring;P2;test/QA;reference-only;Không đọc độc lập;
2132;v16.2.5;v16.2.15;src/pybind/mgr/dashboard/tests/test_ceph_service.py;;M;M;55;14;FALSE;100644;100644;9a8ca674c23634639192b8ab5e46a00d9eb3c172;440fc712112f64db6cfa2fdd05e19cf86f59590a;7;07-mgr-modules-monitoring;P2;test/QA;reference-only;Không đọc độc lập;
2133;v16.2.5;v16.2.15;src/pybind/mgr/dashboard/tests/test_cephfs.py;;M;M;1;1;FALSE;100644;100644;5c35cab329cd6e980b120c6973ef70d07972cb55;ae4253543841d122d0b69ea97f2eed5d2e5804a9;7;07-mgr-modules-monitoring;P2;test/QA;reference-only;Không đọc độc lập;
2134;v16.2.5;v16.2.15;src/pybind/mgr/dashboard/tests/test_controllers.py;;M;M;5;5;FALSE;100644;100644;bacef3677d787af894f69dee7730262fe5f14e1f;4b91b110391e15477eb8f4045ef9beb542338c9d;7;07-mgr-modules-monitoring;P2;test/QA;reference-only;Không đọc độc lập;
2135;v16.2.5;v16.2.15;src/pybind/mgr/dashboard/tests/test_daemon.py;;A;A;41;0;FALSE;0;100644;0;2008c8630f51dc3eb44873b34aa3f01637bd8ab4;7;07-mgr-modules-monitoring;P2;test/QA;reference-only;Không đọc độc lập;
2136;v16.2.5;v16.2.15;src/pybind/mgr/dashboard/tests/test_docs.py;;M;M;13;11;FALSE;100644;100644;072985e8bf89416420810376cd25419a2f867cdd;5291edb3bb77f6ef1ecebf351ea3503b091f5a52;7;07-mgr-modules-monitoring;P2;test/QA;reference-only;Không đọc độc lập;
2137;v16.2.5;v16.2.15;src/pybind/mgr/dashboard/tests/test_erasure_code_profile.py;;M;M;1;3;FALSE;100644;100644;8ff1490708ff0e0e4c01a41dd331670b1f369282;d1b032a514f30cdd33b773803d6b241495705214;7;07-mgr-modules-monitoring;P2;test/QA;reference-only;Không đọc độc lập;
2138;v16.2.5;v16.2.15;src/pybind/mgr/dashboard/tests/test_exceptions.py;;M;M;3;3;FALSE;100644;100644;bbf9090957204ea2e386b5c2513a9ad5fe50721f;2a9e840b8987b5f9cc5e8d9720bb4dd716c0e8cd;7;07-mgr-modules-monitoring;P2;test/QA;reference-only;Không đọc độc lập;
2139;v16.2.5;v16.2.15;src/pybind/mgr/dashboard/tests/test_feature_toggles.py;;M;M;3;3;FALSE;100644;100644;571b8c286c859893c2b058e894fa4016dd39fe8f;dcc41b25eb1023295931a16ee1a7b89f83629827;7;07-mgr-modules-monitoring;P2;test/QA;reference-only;Không đọc độc lập;
2140;v16.2.5;v16.2.15;src/pybind/mgr/dashboard/tests/test_ganesha.py;;D;D;0;1058;FALSE;100644;0;f9cc44aa2738bbafa6f3b8d8779611e6aac76466;0;7;07-mgr-modules-monitoring;P2;test/QA;reference-only;Không đọc độc lập;
2141;v16.2.5;v16.2.15;src/pybind/mgr/dashboard/tests/test_grafana.py;;M;M;9;3;FALSE;100644;100644;d9b15e8231e5b0006b9b91c0ce6b5b201ef22fda;b822020d8ac9aa51a38d1bbfb1ca1ee0c54e318e;7;07-mgr-modules-monitoring;P2;test/QA;reference-only;Không đọc độc lập;
2142;v16.2.5;v16.2.15;src/pybind/mgr/dashboard/tests/test_home.py;;M;M;8;1;FALSE;100644;100644;37e09b4b2af9e2fcbe2a203e695d688937ac3690;0b788626048df87c8f4a001370de49b17b1a70c7;7;07-mgr-modules-monitoring;P2;test/QA;reference-only;Không đọc độc lập;
2143;v16.2.5;v16.2.15;src/pybind/mgr/dashboard/tests/test_host.py;;M;M;139;58;FALSE;100644;100644;6d719a0fc92218052c64f36e9a1927ef5da95932;5c816f08a6fd9d90dca4b4b1bc08a2c438ed95bc;7;07-mgr-modules-monitoring;P2;test/QA;reference-only;Không đọc độc lập;
2144;v16.2.5;v16.2.15;src/pybind/mgr/dashboard/tests/test_iscsi.py;;M;M;2;8;FALSE;100644;100644;994a0b91a43662fa1daa1ac36750d9dd7579a32f;7728a496b9ebbf14cbf879f1e2b50a041042f8c9;7;07-mgr-modules-monitoring;P2;test/QA;reference-only;Không đọc độc lập;
2145;v16.2.5;v16.2.15;src/pybind/mgr/dashboard/tests/test_nfs.py;;A;A;240;0;FALSE;0;100644;0;5e71b6525c234cdb8e3d9be59b00ce7c9d6c1fe5;7;07-mgr-modules-monitoring;P2;test/QA;reference-only;Không đọc độc lập;
2146;v16.2.5;v16.2.15;src/pybind/mgr/dashboard/tests/test_orchestrator.py;;M;M;2;4;FALSE;100644;100644;d9ee85cf3053fd79891537eba7b1db852047d48e;53e32c85ae6eaa6753ef92cb45adfd77dc12dc0d;7;07-mgr-modules-monitoring;P2;test/QA;reference-only;Không đọc độc lập;
2147;v16.2.5;v16.2.15;src/pybind/mgr/dashboard/tests/test_osd.py;;M;M;120;5;FALSE;100644;100644;669dd63bbf8b64f941e6897e530c594e7c09dd18;5d1b0c6becbc7838982527d4d6944e5daaf9f629;7;07-mgr-modules-monitoring;P2;test/QA;reference-only;Không đọc độc lập;
2148;v16.2.5;v16.2.15;src/pybind/mgr/dashboard/tests/test_plugin_debug.py;;M;M;1;1;FALSE;100644;100644;cb4d1afc21844f53c1c80d081bdba5b3250779b7;572f82a416187df4476cb196b9e95f1b9638c910;7;07-mgr-modules-monitoring;P2;test/QA;reference-only;Không đọc độc lập;
2149;v16.2.5;v16.2.15;src/pybind/mgr/dashboard/tests/test_pool.py;;M;M;1;3;FALSE;100644;100644;d5cdb63e0e5c03e1be3745590d090085d03759a1;02e2b641ca470d5f1a253a90751553289bcba5d6;7;07-mgr-modules-monitoring;P2;test/QA;reference-only;Không đọc độc lập;
2150;v16.2.5;v16.2.15;src/pybind/mgr/dashboard/tests/test_prometheus.py;;M;M;1;3;FALSE;100644;100644;14b2dca9ba2521e2c8bbe5b52c36fb518b300423;cd2fb3e8dd3994ce6a5430b7c70b90d959a18018;7;07-mgr-modules-monitoring;P2;test/QA;reference-only;Không đọc độc lập;
2151;v16.2.5;v16.2.15;src/pybind/mgr/dashboard/tests/test_rbd_mirroring.py;;M;M;26;15;FALSE;100644;100644;9f83bad83e1236ed0601d85cb488bf000ed89100;69e3f11e247962f46b5e024f92f9706ff564b45b;7;07-mgr-modules-monitoring;P2;test/QA;reference-only;Không đọc độc lập;
2152;v16.2.5;v16.2.15;src/pybind/mgr/dashboard/tests/test_rbd_service.py;;M;M;55;17;FALSE;100644;100644;20a96832124455cbc938c944055ef2f318d798d1;ad182530060f11fe638b46e3a3034ea4b252b8c0;7;07-mgr-modules-monitoring;P2;test/QA;reference-only;Không đọc độc lập;
2153;v16.2.5;v16.2.15;src/pybind/mgr/dashboard/tests/test_rest_tasks.py;;M;M;3;5;FALSE;100644;100644;b4abbdea36b97cde32509d8c8532acc597bf4586;b320298515ac5f426eb986a686e9d319761baf78;7;07-mgr-modules-monitoring;P2;test/QA;reference-only;Không đọc độc lập;
2154;v16.2.5;v16.2.15;src/pybind/mgr/dashboard/tests/test_rgw.py;;M;M;31;16;FALSE;100644;100644;bf56464c063e8485453d505bc0fc4faa2b306f0e;cea12ba4fb7499ec2d601c56c6103091e3828ca7;7;07-mgr-modules-monitoring;P2;test/QA;reference-only;Không đọc độc lập;
2155;v16.2.5;v16.2.15;src/pybind/mgr/dashboard/tests/test_rgw_client.py;;M;M;147;20;FALSE;100644;100644;b01076c8b19efe0ec06dbeb8a606ef48366e4427;4949ba36bf211cd54a4284482001cc6d66fa6b72;7;07-mgr-modules-monitoring;P2;test/QA;reference-only;Không đọc độc lập;
2156;v16.2.5;v16.2.15;src/pybind/mgr/dashboard/tests/test_settings.py;;M;M;2;5;FALSE;100644;100644;e92b580e3a6277d206ca72c349fb8d0dd3c2b058;e204b566ab50043b83e5c1209cd7d72dc83ddc71;7;07-mgr-modules-monitoring;P2;test/QA;reference-only;Không đọc độc lập;
2157;v16.2.5;v16.2.15;src/pybind/mgr/dashboard/tests/test_sso.py;;M;M;1;1;FALSE;100644;100644;ab565137a18f98759b7992f719b9689f3935baa1;5594738d173b4d6c08d6807da32bf8cd7441f32e;7;07-mgr-modules-monitoring;P2;test/QA;reference-only;Không đọc độc lập;
2158;v16.2.5;v16.2.15;src/pybind/mgr/dashboard/tests/test_tools.py;;M;M;23;16;FALSE;100644;100644;c9cd11bafc8333b457284f8827f00ba23e0aa00f;eaae3e2959e0c7374b3c38c8f9b3113c9dad0248;7;07-mgr-modules-monitoring;P2;test/QA;reference-only;Không đọc độc lập;
2159;v16.2.5;v16.2.15;src/pybind/mgr/dashboard/tests/test_versioning.py;;M;M;34;15;FALSE;100644;100644;666b388bf28844731b3f61c021b2f345be6d532f;0a77a299e98d53b1b5c8ffb9fe7e3d97db2d0623;7;07-mgr-modules-monitoring;P2;test/QA;reference-only;Không đọc độc lập;
2160;v16.2.5;v16.2.15;src/pybind/mgr/dashboard/tools.py;;M;M;11;36;FALSE;100644;100644;a6f14e82d00845a2a14b8ba27cde3c14b0a49003;1ae194219ec6d4ca2665b05d093b9e183ca64e09;7;07-mgr-modules-monitoring;P1;runtime/source;deep;Chọn đọc sâu theo nhóm: implementation thuộc MGR, dashboard, module, metrics, alerts và monitoring.;
2161;v16.2.5;v16.2.15;src/pybind/mgr/dashboard/tox.ini;;M;M;3;10;FALSE;100644;100644;1cda4c45acd012e0283279ee240d9135147331b4;1f5d28f66611061215c58730dcf1b083b1107f9d;7;07-mgr-modules-monitoring;P1;config/schema;deep;Đọc sâu option/default/schema và điều kiện có hiệu lực: MGR, dashboard, module, metrics, alerts và monitoring.;
2162;v16.2.5;v16.2.15;src/pybind/mgr/devicehealth/module.py;;M;M;10;8;FALSE;100644;100644;b40cba4f08c528e866441b5f509785d979776e8b;0f426e3a4bc6a5df2677532216e7abfba6c8b662;7;07-mgr-modules-monitoring;P1;runtime/source;deep;Chọn đọc sâu theo nhóm: implementation thuộc MGR, dashboard, module, metrics, alerts và monitoring.;
2163;v16.2.5;v16.2.15;src/pybind/mgr/influx/module.py;;M;M;5;1;FALSE;100644;100644;e54ca1f00244caa382c77272e2d63ed89fa68661;0f43ac0bb878ebea5a2012d7f66c398d7bc64fa5;7;07-mgr-modules-monitoring;P1;runtime/source;deep;Chọn đọc sâu theo nhóm: implementation thuộc MGR, dashboard, module, metrics, alerts và monitoring.;
2164;v16.2.5;v16.2.15;src/pybind/mgr/insights/module.py;;M;M;26;3;FALSE;100644;100644;3566ffb78a6b0b48a408554bacd6653f13ba94bf;12c88e73e1667d0b700d20d26a3d870dd0f76556;7;07-mgr-modules-monitoring;P1;runtime/source;deep;Chọn đọc sâu theo nhóm: implementation thuộc MGR, dashboard, module, metrics, alerts và monitoring.;
2165;v16.2.5;v16.2.15;src/pybind/mgr/iostat/module.py;;M;M;7;7;FALSE;100644;100644;5c18f5bf0a022bd63cae3f54df55203d63680b86;7a340ff4ae6e55bae935a941697f7f0175ddb440;7;07-mgr-modules-monitoring;P1;runtime/source;deep;Chọn đọc sâu theo nhóm: implementation thuộc MGR, dashboard, module, metrics, alerts và monitoring.;
2166;v16.2.5;v16.2.15;src/pybind/mgr/k8sevents/module.py;;M;M;6;5;FALSE;100644;100644;afdd5ae77b9a1ce17331703e81646bcc67771eb9;b3402920974e5ff8e30f3c504e7d3185b913fb01;7;07-mgr-modules-monitoring;P1;runtime/source;deep;Chọn đọc sâu theo nhóm: implementation thuộc MGR, dashboard, module, metrics, alerts và monitoring.;
2167;v16.2.5;v16.2.15;src/pybind/mgr/localpool/module.py;;M;M;3;2;FALSE;100644;100644;23ffeaa12de1f6aaabd5d693dea34b56f20d95e6;b8546601366b8eff0c9cc0e15d899a37e237e00e;7;07-mgr-modules-monitoring;P1;runtime/source;deep;Chọn đọc sâu theo nhóm: implementation thuộc MGR, dashboard, module, metrics, alerts và monitoring.;
2168;v16.2.5;v16.2.15;src/pybind/mgr/mds_autoscaler/module.py;;M;M;8;7;FALSE;100644;100644;01a9df2f4a89283d500fa1975b69dafdff2f801e;a6bbadfd57bbd3de8b7acb480d2b2cf500e0b5cb;7;07-mgr-modules-monitoring;P1;runtime/source;deep;Chọn đọc sâu theo nhóm: implementation thuộc MGR, dashboard, module, metrics, alerts và monitoring.;
2169;v16.2.5;v16.2.15;src/pybind/mgr/mgr_module.py;;M;M;207;29;FALSE;100644;100644;f44a776e186968fa9a87ef4b16a461de2151e8ef;d70e9113babc9811902ab7236635517439c93931;7;07-mgr-modules-monitoring;P1;runtime/source;deep;Chọn đọc sâu theo nhóm: implementation thuộc MGR, dashboard, module, metrics, alerts và monitoring.;
2170;v16.2.5;v16.2.15;src/pybind/mgr/mgr_util.py;;M;M;140;52;FALSE;100644;100644;29a6f631477ee39c88b11aa879cd8cd8ce5dbb62;d07e4ac0dae42906f2dddfa0444b738c73f857c9;7;07-mgr-modules-monitoring;P1;runtime/source;deep;Chọn đọc sâu theo nhóm: implementation thuộc MGR, dashboard, module, metrics, alerts và monitoring.;
2171;v16.2.5;v16.2.15;src/pybind/mgr/mirroring/fs/dir_map/policy.py;;M;M;6;1;FALSE;100644;100644;608a92bf541bfaf014901eeb27813d5a19929f83;aef90b55fe5f4afedfeb704754a691a599da077a;10;10-rados-rbd-clients;P1;runtime/source;deep;Chọn đọc sâu theo nhóm: implementation thuộc RADOS/RBD/client/class, snapshot, diff và object-map.;
2172;v16.2.5;v16.2.15;src/pybind/mgr/mirroring/fs/snapshot_mirror.py;;M;M;33;36;FALSE;100644;100644;583a8037b6118be078877922e7f0a87f96d349a1;6fa8d0c4c53382b635c27d1fff0516d2354dc1c5;10;10-rados-rbd-clients;P1;runtime/source;deep;Chọn đọc sâu theo nhóm: implementation thuộc RADOS/RBD/client/class, snapshot, diff và object-map.;
2173;v16.2.5;v16.2.15;src/pybind/mgr/mirroring/module.py;;M;M;5;5;FALSE;100644;100644;19b0f76edbac9bbfcb9f24548ca04ed1b0fc141c;4b4354ab2b9c4e0ede13153b2cac5d62f560137a;10;10-rados-rbd-clients;P1;runtime/source;deep;Chọn đọc sâu theo nhóm: implementation thuộc RADOS/RBD/client/class, snapshot, diff và object-map.;
2174;v16.2.5;v16.2.15;src/pybind/mgr/nfs/__init__.py;;M;M;6;0;FALSE;100644;100644;8f210ac9247ea49624b20582ca8206e56055fbcd;4e22577887e8b1ac39fbdc082f37153609ebaccd;11;11-cephfs-mds;P1;runtime/source;deep;Chọn đọc sâu theo nhóm: implementation thuộc CephFS/MDS/client, session, caps, volumes và NFS.;
2175;v16.2.5;v16.2.15;src/pybind/mgr/nfs/cluster.py;;M;M;103;95;FALSE;100644;100644;556bdd8c7b853017ee35a2298927e52f15bb5695;1d80544113243a58b6a721c9c7fbec764eda14b1;11;11-cephfs-mds;P1;runtime/source;deep;Chọn đọc sâu theo nhóm: implementation thuộc CephFS/MDS/client, session, caps, volumes và NFS.;
2176;v16.2.5;v16.2.15;src/pybind/mgr/nfs/exception.py;;M;M;9;8;FALSE;100644;100644;00a9ebe154cb4483790aba9cbc286a10f0c4bca7;6c6e3d9f35468578993fe119d439e8cb5df7ae0a;11;11-cephfs-mds;P1;runtime/source;deep;Chọn đọc sâu theo nhóm: implementation thuộc CephFS/MDS/client, session, caps, volumes và NFS.;
2177;v16.2.5;v16.2.15;src/pybind/mgr/nfs/export.py;;M;M;657;316;FALSE;100644;100644;d7f4f7b29f023178e377bfc2c86f78875274f7f0;6296acdd14f3e6baea7bfc3c394d40dd2f2a1d52;11;11-cephfs-mds;P1;runtime/source;deep;Chọn đọc sâu theo nhóm: implementation thuộc CephFS/MDS/client, session, caps, volumes và NFS.;
2178;v16.2.5;v16.2.15;src/pybind/mgr/nfs/export_utils.py;;M;M;342;126;FALSE;100644;100644;2cfe00f8220b221602158a96220af5d7eddc113a;a2e6ee97f4dd205116d79d2aac388a6a5bd0e3c9;11;11-cephfs-mds;P1;runtime/source;deep;Chọn đọc sâu theo nhóm: implementation thuộc CephFS/MDS/client, session, caps, volumes và NFS.;
2179;v16.2.5;v16.2.15;src/pybind/mgr/nfs/module.py;;M;M;110;45;FALSE;100644;100644;5bd1e9260e88140a7123dbe5199b1c827513efe4;340792e81b33b228a0dbecd600e9fc279b065c5e;11;11-cephfs-mds;P1;runtime/source;deep;Chọn đọc sâu theo nhóm: implementation thuộc CephFS/MDS/client, session, caps, volumes và NFS.;
2180;v16.2.5;v16.2.15;src/pybind/mgr/nfs/tests/__init__.py;;A;A;0;0;FALSE;0;100644;0;e69de29bb2d1d6434b8b29ae775ad8c2e48c5391;11;11-cephfs-mds;P2;mechanical/zero-LOC;reference-only;Không đọc nội dung độc lập;
2181;v16.2.5;v16.2.15;src/pybind/mgr/nfs/tests/test_nfs.py;;A;A;1147;0;FALSE;0;100644;0;a1caba5ea0f767269b81ca987cacefd1283167bc;11;11-cephfs-mds;P2;test/QA;reference-only;Không đọc độc lập;
2182;v16.2.5;v16.2.15;src/pybind/mgr/nfs/utils.py;;M;M;48;5;FALSE;100644;100644;f899e1ce91329a68f5d32e29f070d4f82356eb86;110aa3a94ed879f1887f818dc84ca20ff170f320;11;11-cephfs-mds;P1;runtime/source;deep;Chọn đọc sâu theo nhóm: implementation thuộc CephFS/MDS/client, session, caps, volumes và NFS.;
2183;v16.2.5;v16.2.15;src/pybind/mgr/orchestrator/__init__.py;;M;M;1;1;FALSE;100644;100644;d9837e0c08192cb3989f0568d66ceb1f38fbb284;c901284d3e712a8432aa925fbab4841d3bee3839;8;08-cephadm-orchestrator;P1;runtime/source;deep;Chọn đọc sâu theo nhóm: implementation thuộc cephadm/orchestrator, upgrade và daemon lifecycle.;
2184;v16.2.5;v16.2.15;src/pybind/mgr/orchestrator/_interface.py;;M;M;143;44;FALSE;100644;100644;773db30be8f80e982de4848456cceabcab1e54d4;db69459076820e5bd99c6cf32c721c6cd77bd2b4;8;08-cephadm-orchestrator;P1;runtime/source;deep;Chọn đọc sâu theo nhóm: implementation thuộc cephadm/orchestrator, upgrade và daemon lifecycle.;
2185;v16.2.5;v16.2.15;src/pybind/mgr/orchestrator/module.py;;M;M;235;127;FALSE;100644;100644;3e3c0b0946199a92b2a146e07165bf6611d43a06;40f259643a42649b0275c518ddb225ed83d41233;8;08-cephadm-orchestrator;P1;runtime/source;deep;Chọn đọc sâu theo nhóm: implementation thuộc cephadm/orchestrator, upgrade và daemon lifecycle.;
2186;v16.2.5;v16.2.15;src/pybind/mgr/orchestrator/tests/test_orchestrator.py;;M;M;41;5;FALSE;100644;100644;35f4b64b8782df4ca866d630f258bdd0585eddf6;7fe32e559be4a608741cde0bd3361e92b16a989c;8;08-cephadm-orchestrator;P2;test/QA;reference-only;Không đọc độc lập;
2187;v16.2.5;v16.2.15;src/pybind/mgr/pg_autoscaler/__init__.py;;M;M;5;0;FALSE;100644;100644;f0bffcdcd6293dac56d7c8760f11b5d86fc5bb35;2394d37e5692e8d96656d2d3b7f6a3c504954ac6;7;07-mgr-modules-monitoring;P1;runtime/source;deep;Chọn đọc sâu theo nhóm: implementation thuộc MGR, dashboard, module, metrics, alerts và monitoring.;
2188;v16.2.5;v16.2.15;src/pybind/mgr/pg_autoscaler/module.py;;M;M;383;126;FALSE;100644;100644;24a8e4a584c591aa4e2349df80127d3ef5a18812;191da430c8dcaa70521556e4ab65b6cf5822615d;7;07-mgr-modules-monitoring;P1;runtime/source;deep;Chọn đọc sâu theo nhóm: implementation thuộc MGR, dashboard, module, metrics, alerts và monitoring.;
2189;v16.2.5;v16.2.15;src/pybind/mgr/pg_autoscaler/tests/__init__.py;;A;A;0;0;FALSE;0;100644;0;e69de29bb2d1d6434b8b29ae775ad8c2e48c5391;7;07-mgr-modules-monitoring;P2;mechanical/zero-LOC;reference-only;Không đọc nội dung độc lập;
2190;v16.2.5;v16.2.15;src/pybind/mgr/pg_autoscaler/tests/test_cal_final_pg_target.py;;A;A;676;0;FALSE;0;100644;0;655025bbef877498fd69b2dfea8c10a6c40c14bc;7;07-mgr-modules-monitoring;P2;test/QA;reference-only;Không đọc độc lập;
2191;v16.2.5;v16.2.15;src/pybind/mgr/pg_autoscaler/tests/test_cal_ratio.py;src/pybind/mgr/pg_autoscaler/tests/test_autoscaler.py;R;R099;3;0;FALSE;100644;100644;122d95274d07154548a6126d115fb9979d538390;d966713605359ea6b27e99958105730278ed65d5;7;07-mgr-modules-monitoring;P2;test/QA;reference-only;Không đọc độc lập;
2192;v16.2.5;v16.2.15;src/pybind/mgr/pg_autoscaler/tests/test_overlapping_roots.py;;A;A;479;0;FALSE;0;100644;0;009019707ec84608acebe0118561c0bcc07f4d6d;7;07-mgr-modules-monitoring;P2;test/QA;reference-only;Không đọc độc lập;
2193;v16.2.5;v16.2.15;src/pybind/mgr/progress/module.py;;M;M;80;94;FALSE;100644;100644;812c16fdb0c446223bc87fb3145d432ea0f29b09;422aba962a1c0da4c63748f081dbe8e01b03d8e6;7;07-mgr-modules-monitoring;P1;runtime/source;deep;Chọn đọc sâu theo nhóm: implementation thuộc MGR, dashboard, module, metrics, alerts và monitoring.;
2194;v16.2.5;v16.2.15;src/pybind/mgr/progress/test_progress.py;;M;M;29;60;FALSE;100644;100644;2eab07fa39f4f5ecfe0a452f18b8328199129be6;47baa177e25b7b59cbb5b7da71ec4e9b297de6d0;7;07-mgr-modules-monitoring;P2;test/QA;reference-only;Không đọc độc lập;
2195;v16.2.5;v16.2.15;src/pybind/mgr/prometheus/module.py;;M;M;521;64;FALSE;100644;100644;a0379c1ee4502c7d7edfe115e898b86f6fc1758c;4bc9b719338d6316a5aff63fbaeb0f55feb0a8b9;7;07-mgr-modules-monitoring;P1;runtime/source;deep;Chọn đọc sâu theo nhóm: implementation thuộc MGR, dashboard, module, metrics, alerts và monitoring.;
2196;v16.2.5;v16.2.15;src/pybind/mgr/prometheus/test_module.py;;A;A;93;0;FALSE;0;100644;0;0647cb658c75de174a9ced594f5bd9ab5fd794a1;7;07-mgr-modules-monitoring;P2;test/QA;reference-only;Không đọc độc lập;
2197;v16.2.5;v16.2.15;src/pybind/mgr/rbd_support/mirror_snapshot_schedule.py;;M;M;79;194;FALSE;100644;100644;e5a14e46787769c7ab9be1c6299caa2bbc500aff;a8b56b165cb846710145ccdf19783ffc96d5a0c1;10;10-rados-rbd-clients;P1;runtime/source;deep;Chọn đọc sâu theo nhóm: implementation thuộc RADOS/RBD/client/class, snapshot, diff và object-map.;
2198;v16.2.5;v16.2.15;src/pybind/mgr/rbd_support/module.py;;M;M;56;1;FALSE;100644;100644;82bd06e6238d1035d65542e7571723e906b4ce48;79944a1d82c5ff5b972635b75dc61b35952f181d;10;10-rados-rbd-clients;P1;runtime/source;deep;Chọn đọc sâu theo nhóm: implementation thuộc RADOS/RBD/client/class, snapshot, diff và object-map.;
2199;v16.2.5;v16.2.15;src/pybind/mgr/rbd_support/perf.py;;M;M;25;11;FALSE;100644;100644;c5accf1140c5584221f6509305eabc5df47facc5;469309c60f1e997c3ea488e9ac556e33e19bdb1b;10;10-rados-rbd-clients;P1;runtime/source;deep;Chọn đọc sâu theo nhóm: implementation thuộc RADOS/RBD/client/class, snapshot, diff và object-map.;
2200;v16.2.5;v16.2.15;src/pybind/mgr/rbd_support/schedule.py;;M;M;19;12;FALSE;100644;100644;09e9a26a9ea79e45b81d0f50a48a05cd2fc83b30;d9ffb6f72316b49af1cfde3353267cb8cbc7d1aa;10;10-rados-rbd-clients;P1;runtime/source;deep;Chọn đọc sâu theo nhóm: implementation thuộc RADOS/RBD/client/class, snapshot, diff và object-map.;
2201;v16.2.5;v16.2.15;src/pybind/mgr/rbd_support/task.py;;M;M;29;13;FALSE;100644;100644;87d43eca15a6e97bd103d088df2a793614e6d18b;ca3005c0c14a33f11e21f2e63560ba2fe90fccfe;10;10-rados-rbd-clients;P1;runtime/source;deep;Chọn đọc sâu theo nhóm: implementation thuộc RADOS/RBD/client/class, snapshot, diff và object-map.;
2202;v16.2.5;v16.2.15;src/pybind/mgr/rbd_support/trash_purge_schedule.py;;M;M;74;44;FALSE;100644;100644;930607d4843073edd7209d876b52b8e021fff6b7;9b8e7b9e8c05941264bae88a3646c5b685804ed6;10;10-rados-rbd-clients;P1;runtime/source;deep;Chọn đọc sâu theo nhóm: implementation thuộc RADOS/RBD/client/class, snapshot, diff và object-map.;
2203;v16.2.5;v16.2.15;src/pybind/mgr/requirements.txt;;M;M;2;1;FALSE;100644;100644;88b9c1b855b9e1dca13ee0a348cba8360c43c6c7;252357952701d368c3ff60afc8968ba1cec50e1f;7;07-mgr-modules-monitoring;P1;runtime/source;deep;Chọn đọc sâu theo nhóm: implementation thuộc MGR, dashboard, module, metrics, alerts và monitoring.;
2204;v16.2.5;v16.2.15;src/pybind/mgr/restful/module.py;;M;M;9;8;FALSE;100644;100644;df34b160661bcd719939e746797ec776f125cd68;3eb98a71e6a2cd9d15e8686bc36a0b61b1f7057e;7;07-mgr-modules-monitoring;P1;runtime/source;deep;Chọn đọc sâu theo nhóm: implementation thuộc MGR, dashboard, module, metrics, alerts và monitoring.;
2205;v16.2.5;v16.2.15;src/pybind/mgr/rook/module.py;;M;M;41;30;FALSE;100644;100644;cd9f578a180475f9bf47c6b88047bb5c7e624b9b;70512567ab4c3fda067a7705946d65fca54552d3;8;08-cephadm-orchestrator;P1;runtime/source;deep;Chọn đọc sâu theo nhóm: implementation thuộc cephadm/orchestrator, upgrade và daemon lifecycle.;
2206;v16.2.5;v16.2.15;src/pybind/mgr/rook/rook_cluster.py;;M;M;73;55;FALSE;100644;100644;acf178c5522401e2a1e13d140f617bba99c342a1;323ac68888f4c9b6d324e6bfd70d4c2e7a5b8be2;8;08-cephadm-orchestrator;P1;runtime/source;deep;Chọn đọc sâu theo nhóm: implementation thuộc cephadm/orchestrator, upgrade và daemon lifecycle.;
2207;v16.2.5;v16.2.15;src/pybind/mgr/selftest/module.py;;M;M;16;4;FALSE;100644;100644;c459dc31de74aa67d537f8be35d3bacfabec1ba0;85fb033d61abe5ef0edf641ac1ef568279292edf;7;07-mgr-modules-monitoring;P1;runtime/source;deep;Chọn đọc sâu theo nhóm: implementation thuộc MGR, dashboard, module, metrics, alerts và monitoring.;
2208;v16.2.5;v16.2.15;src/pybind/mgr/snap_schedule/fs/schedule.py;;M;M;17;10;FALSE;100644;100644;233795fac835d3898e874b02677133454218a15d;1bb1861ca676ab7c682ec5ba8d6f689622a19ffb;11;11-cephfs-mds;P1;runtime/source;deep;Chọn đọc sâu theo nhóm: implementation thuộc CephFS/MDS/client, session, caps, volumes và NFS.;
2209;v16.2.5;v16.2.15;src/pybind/mgr/snap_schedule/fs/schedule_client.py;;M;M;226;103;FALSE;100644;100644;f02d94cc5b6fea97156c76f1adf5dcda0f88e390;39bde3c1faf9889205941835bcc87eb479fc175c;11;11-cephfs-mds;P1;runtime/source;deep;Chọn đọc sâu theo nhóm: implementation thuộc CephFS/MDS/client, session, caps, volumes và NFS.;
2210;v16.2.5;v16.2.15;src/pybind/mgr/snap_schedule/module.py;;M;M;66;44;FALSE;100644;100644;701c1551e4f5d24b67032ba0de4aeb7bad741eb9;94876506e7f4f6b6ae4c5a41e8924ec39964773e;11;11-cephfs-mds;P1;runtime/source;deep;Chọn đọc sâu theo nhóm: implementation thuộc CephFS/MDS/client, session, caps, volumes và NFS.;
2211;v16.2.5;v16.2.15;src/pybind/mgr/snap_schedule/tests/fs/test_schedule_client.py;;M;M;18;1;FALSE;100644;100644;4ebed8d03b8f8bc458f39db94f975b396d077164;177e8cd9f3ba4807a31b5d47c120c9ea920d5b1b;11;11-cephfs-mds;P2;test/QA;reference-only;Không đọc độc lập;
2212;v16.2.5;v16.2.15;src/pybind/mgr/stats/fs/perf_stats.py;;M;M;190;77;FALSE;100644;100644;23b08cb44e8d414316ca83e1fb9b98299e4a3f22;596b3bc08d1a8137eb68aecd1c1818137860086c;7;07-mgr-modules-monitoring;P1;runtime/source;deep;Chọn đọc sâu theo nhóm: implementation thuộc MGR, dashboard, module, metrics, alerts và monitoring.;
2213;v16.2.5;v16.2.15;src/pybind/mgr/stats/module.py;;M;M;7;4;FALSE;100644;100644;a4bc44630d637168eb8a6f6d94f926520bde7a43;fcc1bce97b5cf617b3d58b4e27904e64b766b3b6;7;07-mgr-modules-monitoring;P1;runtime/source;deep;Chọn đọc sâu theo nhóm: implementation thuộc MGR, dashboard, module, metrics, alerts và monitoring.;
2214;v16.2.5;v16.2.15;src/pybind/mgr/status/module.py;;M;M;2;2;FALSE;100644;100644;4cd8c2c714f0f3b7d31cc3d28dfb97fd6f8b0276;d83de859b0959c389bd69a71c188e47678744287;7;07-mgr-modules-monitoring;P1;runtime/source;deep;Chọn đọc sâu theo nhóm: implementation thuộc MGR, dashboard, module, metrics, alerts và monitoring.;
2215;v16.2.5;v16.2.15;src/pybind/mgr/telemetry/module.py;;M;M;10;6;FALSE;100644;100644;d4fb9930853f8ba90f05af72c8d5f432b69e87d3;953e5c5f79835ae9e6af429ef8640d7fad95fdd7;7;07-mgr-modules-monitoring;P1;runtime/source;deep;Chọn đọc sâu theo nhóm: implementation thuộc MGR, dashboard, module, metrics, alerts và monitoring.;
2216;v16.2.5;v16.2.15;src/pybind/mgr/test_orchestrator/dummy_data.json;;M;M;14;12;FALSE;100644;100644;2c2e6540edfeab7c2ab75ce27c0568803ff5396e;20ed950378dd03682e51a525a906dcb26978c265;8;08-cephadm-orchestrator;P1;runtime/source;deep;Chọn đọc sâu theo nhóm: implementation thuộc cephadm/orchestrator, upgrade và daemon lifecycle.;
2217;v16.2.5;v16.2.15;src/pybind/mgr/test_orchestrator/module.py;;M;M;2;2;FALSE;100644;100644;f5729e12242f6df4c849fd4ed547f7eb6b72f7d5;d89c23bf1593c679890c77bc7fac13338be72a29;8;08-cephadm-orchestrator;P1;runtime/source;deep;Chọn đọc sâu theo nhóm: implementation thuộc cephadm/orchestrator, upgrade và daemon lifecycle.;
2218;v16.2.5;v16.2.15;src/pybind/mgr/tests/__init__.py;;M;M;14;11;FALSE;100644;100644;66c1cbc87b698cdf6fd1122f0756fe7a0d262801;97606ed3e8df53a41cd150018b51fbbd5b6c25ec;7;07-mgr-modules-monitoring;P2;test/QA;reference-only;Không đọc độc lập;
2219;v16.2.5;v16.2.15;src/pybind/mgr/tests/test_mgr_util.py;;A;A;19;0;FALSE;0;100644;0;fb7732d5cc801243ae9b0e69a114846b3e8acdcc;7;07-mgr-modules-monitoring;P2;test/QA;reference-only;Không đọc độc lập;
2220;v16.2.5;v16.2.15;src/pybind/mgr/tests/test_tls.py;;M;M;2;1;FALSE;100644;100644;923d91917caf27c5d18871073b77811cc828ba98;fda463cd2f4d8f376b5bd5895cff6bdb952a6f1d;7;07-mgr-modules-monitoring;P2;test/QA;reference-only;Không đọc độc lập;
2221;v16.2.5;v16.2.15;src/pybind/mgr/tox.ini;;M;M;51;15;FALSE;100644;100644;4835fa1157a99a75a6a6b787ed8e0b226104ef89;c97992113d542156424e41adee0737e631c6c18a;7;07-mgr-modules-monitoring;P1;config/schema;deep;Đọc sâu option/default/schema và điều kiện có hiệu lực: MGR, dashboard, module, metrics, alerts và monitoring.;
2222;v16.2.5;v16.2.15;src/pybind/mgr/volumes/fs/async_cloner.py;;M;M;123;57;FALSE;100644;100644;28c0f385d32c8051c3f9d6452683c82f340592f8;95f7d64e1b36422995b5941032c9e4bf39656b18;11;11-cephfs-mds;P1;runtime/source;deep;Chọn đọc sâu theo nhóm: implementation thuộc CephFS/MDS/client, session, caps, volumes và NFS.;
2223;v16.2.5;v16.2.15;src/pybind/mgr/volumes/fs/async_job.py;;M;M;9;6;FALSE;100644;100644;6f7741fc99d8def00e7ea2cb7d03a0aa045f96f2;0006724e0be0e83e13dd4de64944b818c24fbd81;11;11-cephfs-mds;P1;runtime/source;deep;Chọn đọc sâu theo nhóm: implementation thuộc CephFS/MDS/client, session, caps, volumes và NFS.;
2224;v16.2.5;v16.2.15;src/pybind/mgr/volumes/fs/fs_util.py;;M;M;51;8;FALSE;100644;100644;65d929adac314a91805708e2a02f87fbbf219da3;96e7b9fae2ef8e8ab6f6fcd8d906e6b04c6eb5ea;11;11-cephfs-mds;P1;runtime/source;deep;Chọn đọc sâu theo nhóm: implementation thuộc CephFS/MDS/client, session, caps, volumes và NFS.;
2225;v16.2.5;v16.2.15;src/pybind/mgr/volumes/fs/operations/group.py;;M;M;141;30;FALSE;100644;100644;bcf1bc2fd73324ea8057dc2f51a5d9bdd61d1fc2;c91969278022b1ddf195f97b1e3e4bd85576e601;11;11-cephfs-mds;P1;runtime/source;deep;Chọn đọc sâu theo nhóm: implementation thuộc CephFS/MDS/client, session, caps, volumes và NFS.;
2226;v16.2.5;v16.2.15;src/pybind/mgr/volumes/fs/operations/template.py;;M;M;31;23;FALSE;100644;100644;35c5d0c190cdc83572abce59e06ed22bc2e7dc23;eb55bd7432519cc3f9d5e5bc3f87773bcd968ff8;11;11-cephfs-mds;P1;runtime/source;deep;Chọn đọc sâu theo nhóm: implementation thuộc CephFS/MDS/client, session, caps, volumes và NFS.;
2227;v16.2.5;v16.2.15;src/pybind/mgr/volumes/fs/operations/versions/__init__.py;;M;M;4;1;FALSE;100644;100644;3dcdd7c10ab1001af4929a2314bca860cd84bf31;544afa165f975c6d77d6c7d524986d7ebc6b2227;11;11-cephfs-mds;P1;runtime/source;deep;Chọn đọc sâu theo nhóm: implementation thuộc CephFS/MDS/client, session, caps, volumes và NFS.;
2228;v16.2.5;v16.2.15;src/pybind/mgr/volumes/fs/operations/versions/metadata_manager.py;;M;M;98;42;FALSE;100644;100644;1b6c432783783f9b378a1b9409c51551880ec60c;718735d91b131a323a40e0382da4396b543c52c0;11;11-cephfs-mds;P1;runtime/source;deep;Chọn đọc sâu theo nhóm: implementation thuộc CephFS/MDS/client, session, caps, volumes và NFS.;
2229;v16.2.5;v16.2.15;src/pybind/mgr/volumes/fs/operations/versions/subvolume_base.py;;M;M;121;6;FALSE;100644;100644;2840a9f2ea354553cdddffd3118bd5b2dbebbd08;72fc45a420ae780bdf6bfa8a779d5c16f16f2c90;11;11-cephfs-mds;P1;runtime/source;deep;Chọn đọc sâu theo nhóm: implementation thuộc CephFS/MDS/client, session, caps, volumes và NFS.;
2230;v16.2.5;v16.2.15;src/pybind/mgr/volumes/fs/operations/versions/subvolume_v1.py;;M;M;140;13;FALSE;100644;100644;34f151c454ff700600902344821f3871176b82ee;b5a10dd6c7f61b6647463fc8fd39739d6306f764;11;11-cephfs-mds;P1;runtime/source;deep;Chọn đọc sâu theo nhóm: implementation thuộc CephFS/MDS/client, session, caps, volumes và NFS.;
2231;v16.2.5;v16.2.15;src/pybind/mgr/volumes/fs/operations/versions/subvolume_v2.py;;M;M;31;7;FALSE;100644;100644;1dd6f3fe3aa82e6eb0d02ff45fd5c46d7845d368;03085d049713f2c24d1742455c51a805b9ce69fc;11;11-cephfs-mds;P1;runtime/source;deep;Chọn đọc sâu theo nhóm: implementation thuộc CephFS/MDS/client, session, caps, volumes và NFS.;
2232;v16.2.5;v16.2.15;src/pybind/mgr/volumes/fs/operations/volume.py;;M;M;36;4;FALSE;100644;100644;e809f264d791930cae44e996fe8eb2304882b8b1;c013596f10bc36b76332654740388d3531f12f33;11;11-cephfs-mds;P1;runtime/source;deep;Chọn đọc sâu theo nhóm: implementation thuộc CephFS/MDS/client, session, caps, volumes và NFS.;
2233;v16.2.5;v16.2.15;src/pybind/mgr/volumes/fs/purge_queue.py;;M;M;14;14;FALSE;100644;100644;7c902572e7aecbccbb97b9cd5dc006f82e080981;d67ef9af373f6fcaaf347c4ca5695ec42e78115b;11;11-cephfs-mds;P1;runtime/source;deep;Chọn đọc sâu theo nhóm: implementation thuộc CephFS/MDS/client, session, caps, volumes và NFS.;
2234;v16.2.5;v16.2.15;src/pybind/mgr/volumes/fs/vol_spec.py;;M;M;9;0;FALSE;100644;100644;e18ab06906279488a7879204aa707cb89faa7753;2a4ffd1b3aa2f4d11368a94127fb515eedf00196;11;11-cephfs-mds;P1;runtime/source;deep;Chọn đọc sâu theo nhóm: implementation thuộc CephFS/MDS/client, session, caps, volumes và NFS.;
2235;v16.2.5;v16.2.15;src/pybind/mgr/volumes/fs/volume.py;;M;M;313;22;FALSE;100644;100644;ececd16e39ecb7cee42b89ef2671901b6bd317f9;b7319c75301f547721332d4d2880687f86501525;11;11-cephfs-mds;P1;runtime/source;deep;Chọn đọc sâu theo nhóm: implementation thuộc CephFS/MDS/client, session, caps, volumes và NFS.;
2236;v16.2.5;v16.2.15;src/pybind/mgr/volumes/module.py;;M;M;223;5;FALSE;100644;100644;6a52206951a8d376f63fb86359a2d2e04274e6b4;1933a56c681b64c4ff38e9cb6223479d1f04fd7d;11;11-cephfs-mds;P1;runtime/source;deep;Chọn đọc sâu theo nhóm: implementation thuộc CephFS/MDS/client, session, caps, volumes và NFS.;
2237;v16.2.5;v16.2.15;src/pybind/rados/c_rados.pxd;;M;M;9;0;FALSE;100644;100644;97ee5d0b9063c5ce846a36bbd1a91900e689b2f8;51564c03c66273541074c4d3a1a4aa9198cd0480;10;10-rados-rbd-clients;P1;runtime/source;deep;Chọn đọc sâu theo nhóm: implementation thuộc RADOS/RBD/client/class, snapshot, diff và object-map.;
2238;v16.2.5;v16.2.15;src/pybind/rados/mock_rados.pxi;;M;M;11;0;FALSE;100644;100644;38053af8020e3efa384d3eaad16b6480d07c760e;4c1fe858b1a5fbc9fe0f97ac7db7bb7bf27a2775;10;10-rados-rbd-clients;P1;runtime/source;deep;Chọn đọc sâu theo nhóm: implementation thuộc RADOS/RBD/client/class, snapshot, diff và object-map.;
2239;v16.2.5;v16.2.15;src/pybind/rados/rados.pyx;;M;M;44;8;FALSE;100644;100644;0c300ca4047782b36826b390533f742572145671;9638a96eb98a08c031066c4f5959444a1b4b5922;10;10-rados-rbd-clients;P1;runtime/source;deep;Chọn đọc sâu theo nhóm: implementation thuộc RADOS/RBD/client/class, snapshot, diff và object-map.;
2240;v16.2.5;v16.2.15;src/pybind/rbd/rbd.pyx;;M;M;26;13;FALSE;100644;100644;82dd0b47fce383f103b61b56a0a117a3ffb902a5;e2a22ef183a44c8879efb50cbead53f6b1c737f4;10;10-rados-rbd-clients;P1;runtime/source;deep;Chọn đọc sâu theo nhóm: implementation thuộc RADOS/RBD/client/class, snapshot, diff và object-map.;
2241;v16.2.5;v16.2.15;src/python-common/ceph/deployment/drive_group.py;;M;M;92;71;FALSE;100644;100644;93d7aaef1779fab982622eacb3a7b18a03d1f0eb;6857a1dd420ff170ac62a60d726656a38d9dc3b6;8;08-cephadm-orchestrator;P1;runtime/source;deep;Chọn đọc sâu theo nhóm: implementation thuộc cephadm/orchestrator, upgrade và daemon lifecycle.;
2242;v16.2.5;v16.2.15;src/python-common/ceph/deployment/drive_selection/matchers.py;;M;M;11;7;FALSE;100644;100644;18775c424f1a4f2abeeb1fd43b55955ec569669c;f423c2f43eea86dd4025a4232fa065276d41cdd5;8;08-cephadm-orchestrator;P1;runtime/source;deep;Chọn đọc sâu theo nhóm: implementation thuộc cephadm/orchestrator, upgrade và daemon lifecycle.;
2243;v16.2.5;v16.2.15;src/python-common/ceph/deployment/drive_selection/selector.py;;M;M;50;10;FALSE;100644;100644;a54df3268a823cbd0076a0390028427d2d0acdee;1b3bfbb4ee3c5772bb61a9d6cd502b83b49d1e28;8;08-cephadm-orchestrator;P1;runtime/source;deep;Chọn đọc sâu theo nhóm: implementation thuộc cephadm/orchestrator, upgrade và daemon lifecycle.;
2244;v16.2.5;v16.2.15;src/python-common/ceph/deployment/hostspec.py;;M;M;17;4;FALSE;100644;100644;2476e155fdf12e87e986d7b715b07992f6d6a224;1bf686f97cf6b9e516db9568609f552f1fed3da6;8;08-cephadm-orchestrator;P1;runtime/source;deep;Chọn đọc sâu theo nhóm: implementation thuộc cephadm/orchestrator, upgrade và daemon lifecycle.;
2245;v16.2.5;v16.2.15;src/python-common/ceph/deployment/inventory.py;;M;M;48;6;FALSE;100644;100644;cfa20189400ef4e50a20f95746ffd92ad85559f4;b7e1cbc23576503c027cd70d0373840b86baba28;8;08-cephadm-orchestrator;P1;runtime/source;deep;Chọn đọc sâu theo nhóm: implementation thuộc cephadm/orchestrator, upgrade và daemon lifecycle.;
2246;v16.2.5;v16.2.15;src/python-common/ceph/deployment/service_spec.py;;M;M;553;141;FALSE;100644;100644;2a4c098c344bf776978b55c4870730874bf5db89;1c676e63963fa0cfbed36c43c2e01f078f84aceb;8;08-cephadm-orchestrator;P1;runtime/source;deep;Chọn đọc sâu theo nhóm: implementation thuộc cephadm/orchestrator, upgrade và daemon lifecycle.;
2247;v16.2.5;v16.2.15;src/python-common/ceph/deployment/translate.py;;M;M;53;19;FALSE;100644;100644;e5d59816626477877c132bbfce7ffb4a605bf4b2;2d373732c04f1fb44881901aa0e8aaae842c025e;8;08-cephadm-orchestrator;P1;runtime/source;deep;Chọn đọc sâu theo nhóm: implementation thuộc cephadm/orchestrator, upgrade và daemon lifecycle.;
2248;v16.2.5;v16.2.15;src/python-common/ceph/deployment/utils.py;;M;M;70;0;FALSE;100644;100644;075aa8fe72591d12a099eb673f755cd1687c57c6;6aad15b75b6baffe777b8a2ca65d905326197280;8;08-cephadm-orchestrator;P1;runtime/source;deep;Chọn đọc sâu theo nhóm: implementation thuộc cephadm/orchestrator, upgrade và daemon lifecycle.;
2249;v16.2.5;v16.2.15;src/python-common/ceph/tests/c-v-inventory.json;;M;M;3;1;FALSE;100644;100644;f9425ee735534a47d821f9325b13ecd11aa75ccd;c243455254c087f863c8b5a85f54b3378cdd66a8;15;15-upgrade-validation;P2;test/QA;reference-only;Không đọc độc lập;
2250;v16.2.5;v16.2.15;src/python-common/ceph/tests/test_disk_selector.py;;M;M;20;21;FALSE;100644;100644;ab72c431edd36b187533a6084957a484cc2167f0;b08236130e0666e89ef1da201daafa29218ff8fd;8;08-cephadm-orchestrator;P2;test/QA;reference-only;Không đọc độc lập;
2251;v16.2.5;v16.2.15;src/python-common/ceph/tests/test_drive_group.py;;M;M;131;39;FALSE;100644;100644;76d343edada1b54c1796bcede2d407d5d299faad;3549f7d657c9943fb86aaa6c0bd08e7dfcb72961;8;08-cephadm-orchestrator;P2;test/QA;reference-only;Không đọc độc lập;
2252;v16.2.5;v16.2.15;src/python-common/ceph/tests/test_inventory.py;;M;M;51;1;FALSE;100644;100644;69c1c306cf8015a6ad595a35a9495ae27d814aef;2d916fad2f8c263df7cc51b3c54f840c7dfe5724;8;08-cephadm-orchestrator;P2;test/QA;reference-only;Không đọc độc lập;
2253;v16.2.5;v16.2.15;src/python-common/ceph/tests/test_service_spec.py;;M;M;542;11;FALSE;100644;100644;a7591e6c04a4b0c668ab8c1a1765003c4f8d3bb6;28dc1680f0f0c8d4069955568f7178e22d122d7f;8;08-cephadm-orchestrator;P2;test/QA;reference-only;Không đọc độc lập;
2254;v16.2.5;v16.2.15;src/python-common/ceph/tests/test_utils.py;;M;M;39;1;FALSE;100644;100644;fff67e1702b10f1ca6aa16085f65dc96b62501b8;8a94ac400b513316a6e0a906e6002581083726af;8;08-cephadm-orchestrator;P2;test/QA;reference-only;Không đọc độc lập;
2255;v16.2.5;v16.2.15;src/python-common/ceph/utils.py;;M;M;55;0;FALSE;100644;100644;2a272fa3321ec455cd0dca935e55007f4438eb6a;643be06580b6194d3c03e3b660569598520bec0e;15;15-upgrade-validation;P1;runtime/source;deep;Chọn đọc sâu theo nhóm: implementation thuộc QA/test/release note và validation liên thành phần.;
2256;v16.2.5;v16.2.15;src/python-common/tox.ini;;M;M;1;1;FALSE;100644;100644;ce54d5a625f6b4e3f2927c0e9c9a71814f017954;5869b6ae27643dee38f76cc22eea64fcab525bee;13;13-build-packaging-submodules;P1;build/package;deep;Đọc sâu khi ảnh hưởng build, package, quyền hoặc service: build, packaging, systemd, dependency và submodule.;
2257;v16.2.5;v16.2.15;src/rbd_fuse/rbd-fuse.cc;;M;M;18;9;FALSE;100644;100644;6d6db311929c5899b40df42de9ae365b671dab5a;12e30ceb04c61d638eae810d6d219a8e34492172;10;10-rados-rbd-clients;P1;runtime/source;deep;Chọn đọc sâu theo nhóm: implementation thuộc RADOS/RBD/client/class, snapshot, diff và object-map.;
2258;v16.2.5;v16.2.15;src/rgw/CMakeLists.txt;;M;M;5;6;FALSE;100644;100644;9e977ff03512e15ec97f6bd676039f798c4c456f;3d4787f7087d85f42fd28aba435b7623958e80ac;12;12-rgw;P1;build/package;deep;Đọc sâu khi ảnh hưởng build, package, quyền hoặc service: RGW, S3, auth/policy, bucket/object và multisite.;
2259;v16.2.5;v16.2.15;src/rgw/cls_fifo_legacy.cc;;M;M;248;199;FALSE;100644;100644;80af90055255a98bf882cc3b4a8c613d878c6278;8e15091116c8efc2000a0ee6f18d0346ed677cfd;12;12-rgw;P1;runtime/source;deep;Chọn đọc sâu theo nhóm: implementation thuộc RGW, S3, auth/policy, bucket/object và multisite.;
2260;v16.2.5;v16.2.15;src/rgw/cls_fifo_legacy.h;;M;M;12;14;FALSE;100644;100644;93657ecd867b17257ea31bed7940a591b46051e1;172ee1e9fa8f6c7a000bfcc01a5cf7e2ca281492;12;12-rgw;P1;runtime/source;deep;Chọn đọc sâu theo nhóm: implementation thuộc RGW, S3, auth/policy, bucket/object và multisite.;
2261;v16.2.5;v16.2.15;src/rgw/jwt-cpp/jwt.h;;M;M;10;0;FALSE;100644;100644;3d843861d654faa49bbf200b3aaad2a7b7c7a251;b86fb57b032f677592b539810dd88333cb38435b;12;12-rgw;P1;runtime/source;deep;Chọn đọc sâu theo nhóm: implementation thuộc RGW, S3, auth/policy, bucket/object và multisite.;
2262;v16.2.5;v16.2.15;src/rgw/librgw.cc;;M;M;37;5;FALSE;100644;100644;e626b1ba4f58482c77aa231639a9b952b9da4489;4ed2a2b9985e19df957b31bae89578f8cfdb237c;12;12-rgw;P1;runtime/source;deep;Chọn đọc sâu theo nhóm: implementation thuộc RGW, S3, auth/policy, bucket/object và multisite.;
2263;v16.2.5;v16.2.15;src/rgw/rgw-orphan-list;;M;M;11;8;FALSE;100755;100755;72feddd6a3f856cbf72eb296638a07a2012dc5f9;989b50600fd8fba28e010c169909eaec4b655935;12;12-rgw;P1;runtime/source;deep;Chọn đọc sâu theo nhóm: implementation thuộc RGW, S3, auth/policy, bucket/object và multisite.;
2264;v16.2.5;v16.2.15;src/rgw/rgw_admin.cc;;M;M;162;89;FALSE;100644;100644;cc0c53ab78b31dc4ba4aec66deedbb9276587587;e8b63f51b1a603b950b09a1f775ad4e465eb3d52;12;12-rgw;P1;runtime/source;deep;Chọn đọc sâu theo nhóm: implementation thuộc RGW, S3, auth/policy, bucket/object và multisite.;
2265;v16.2.5;v16.2.15;src/rgw/rgw_aio.cc;;M;M;2;2;FALSE;100644;100644;56ef415e35036cef6c645e141bd56f8abe646859;1d5a021d3ee275292287224fd6092acdbc9259a4;12;12-rgw;P1;runtime/source;deep;Chọn đọc sâu theo nhóm: implementation thuộc RGW, S3, auth/policy, bucket/object và multisite.;
2266;v16.2.5;v16.2.15;src/rgw/rgw_aio_throttle.h;;M;M;2;2;FALSE;100644;100644;04e93aaa09e890265b402c0dde30e626e8a5c0d7;26a3578cabff552e8d0823a450b1c17cfb1d53ea;12;12-rgw;P1;runtime/source;deep;Chọn đọc sâu theo nhóm: implementation thuộc RGW, S3, auth/policy, bucket/object và multisite.;
2267;v16.2.5;v16.2.15;src/rgw/rgw_amqp.cc;;M;M;23;44;FALSE;100644;100644;7a1b9df50619bb4f218949a3266860486e1547fe;d549bf18418a207f6beabd1b1d72fb7a8d9c32e4;12;12-rgw;P1;runtime/source;deep;Chọn đọc sâu theo nhóm: implementation thuộc RGW, S3, auth/policy, bucket/object và multisite.;
2268;v16.2.5;v16.2.15;src/rgw/rgw_amqp.h;;M;M;0;3;FALSE;100644;100644;7a2316858ca4326df7c54e1edc32b26f1c428995;84d0650731c53139a032000b64911a25705faf24;12;12-rgw;P1;runtime/source;deep;Chọn đọc sâu theo nhóm: implementation thuộc RGW, S3, auth/policy, bucket/object và multisite.;
2269;v16.2.5;v16.2.15;src/rgw/rgw_asio_client.cc;;M;M;1;0;FALSE;100644;100644;ccafa3498b8effd7cd6431263dac89564d80418c;d74393633351bc4cfeec274aa8b1b012c9e7cca8;12;12-rgw;P1;runtime/source;deep;Chọn đọc sâu theo nhóm: implementation thuộc RGW, S3, auth/policy, bucket/object và multisite.;
2270;v16.2.5;v16.2.15;src/rgw/rgw_asio_client.h;;M;M;3;0;FALSE;100644;100644;a595b0351997ba452472c2bf7dd5f9ead1beebcf;8b03fe2e3da8856cefd1ecb587f4c991693088ec;12;12-rgw;P1;runtime/source;deep;Chọn đọc sâu theo nhóm: implementation thuộc RGW, S3, auth/policy, bucket/object và multisite.;
2271;v16.2.5;v16.2.15;src/rgw/rgw_asio_frontend.cc;;M;M;182;72;FALSE;100644;100644;b900e7dbc7793ceddf5a99041eda436c56541d6b;8bbd87755fd8d61daaa278dd58dc7ee49173e036;12;12-rgw;P1;runtime/source;deep;Chọn đọc sâu theo nhóm: implementation thuộc RGW, S3, auth/policy, bucket/object và multisite.;
2272;v16.2.5;v16.2.15;src/rgw/rgw_asio_frontend_timer.h;;A;A;66;0;FALSE;0;100644;0;bc58790d62986fada91578cb450068aa092162fb;12;12-rgw;P1;runtime/source;deep;Chọn đọc sâu theo nhóm: implementation thuộc RGW, S3, auth/policy, bucket/object và multisite.;
2273;v16.2.5;v16.2.15;src/rgw/rgw_auth.cc;;M;M;118;37;FALSE;100644;100644;9d0d3ea42b3347d5a6ab1b0f27fca00db1943d87;1a1f5b113ead381cc84d7f0eb5527b545a27eaa6;12;12-rgw;P1;runtime/source;deep;Chọn đọc sâu theo nhóm: implementation thuộc RGW, S3, auth/policy, bucket/object và multisite.;
2274;v16.2.5;v16.2.15;src/rgw/rgw_auth.h;;M;M;105;45;FALSE;100644;100644;c65f0b335b10565b358f6800f7fcaefa8bdc58e4;dab41256c69b25a83224ed098a6396174db24fd5;12;12-rgw;P1;runtime/source;deep;Chọn đọc sâu theo nhóm: implementation thuộc RGW, S3, auth/policy, bucket/object và multisite.;
2275;v16.2.5;v16.2.15;src/rgw/rgw_auth_filters.h;;M;M;4;0;FALSE;100644;100644;bea9665e4167d910868cf7859fd592780e69712e;1b59f3bb25a1bed099bc862a664add518429b11b;12;12-rgw;P1;runtime/source;deep;Chọn đọc sâu theo nhóm: implementation thuộc RGW, S3, auth/policy, bucket/object và multisite.;
2276;v16.2.5;v16.2.15;src/rgw/rgw_auth_keystone.cc;;M;M;51;26;FALSE;100644;100644;124b50793e4da3b7e63d1f9a8487c0155b5cbe67;fced30f7740b07b1d2de659d7750441e98661ab3;12;12-rgw;P1;runtime/source;deep;Chọn đọc sâu theo nhóm: implementation thuộc RGW, S3, auth/policy, bucket/object và multisite.;
2277;v16.2.5;v16.2.15;src/rgw/rgw_auth_keystone.h;;M;M;4;2;FALSE;100644;100644;4ad20442b96beb729e25c199461ef9821d2d2a55;e68da934e49bf71d7b9cdda8fdaba49c85ffa311;12;12-rgw;P1;runtime/source;deep;Chọn đọc sâu theo nhóm: implementation thuộc RGW, S3, auth/policy, bucket/object và multisite.;
2278;v16.2.5;v16.2.15;src/rgw/rgw_auth_s3.cc;;M;M;91;7;FALSE;100644;100644;6fa6e651e50cad95847e26e94cfeddf95ddfb5c6;f34c867f6ba189053242746a8b681c24e94bd3a9;12;12-rgw;P1;runtime/source;deep;Chọn đọc sâu theo nhóm: implementation thuộc RGW, S3, auth/policy, bucket/object và multisite.;
2279;v16.2.5;v16.2.15;src/rgw/rgw_auth_s3.h;;M;M;13;10;FALSE;100644;100644;4288bd2f0d4e040789f0fe28a660ce2e62b7e611;3064555f75219bb142c7e4ded4687ba3a32356c7;12;12-rgw;P1;runtime/source;deep;Chọn đọc sâu theo nhóm: implementation thuộc RGW, S3, auth/policy, bucket/object và multisite.;
2280;v16.2.5;v16.2.15;src/rgw/rgw_bucket.cc;;M;M;443;11;FALSE;100644;100644;7d836883fcacd148bc9649b32b4302ffecb1d75b;d104bf3c05dad231cc4859d845d3799b8b310d6c;12;12-rgw;P1;runtime/source;deep;Chọn đọc sâu theo nhóm: implementation thuộc RGW, S3, auth/policy, bucket/object và multisite.;
2281;v16.2.5;v16.2.15;src/rgw/rgw_bucket.h;;M;M;20;4;FALSE;100644;100644;7ab2dfc81bdcd9416f3618c18fb6632231429e98;09088e0d83ebf5c90595027b6153392dbaa3dd5a;12;12-rgw;P1;runtime/source;deep;Chọn đọc sâu theo nhóm: implementation thuộc RGW, S3, auth/policy, bucket/object và multisite.;
2282;v16.2.5;v16.2.15;src/rgw/rgw_cache.cc;;M;M;3;2;FALSE;100644;100644;e82c142eb024042ba06e742a3a408582910fe6a8;346b86193c99a6dc597d9802f5702e572fff9541;12;12-rgw;P1;runtime/source;deep;Chọn đọc sâu theo nhóm: implementation thuộc RGW, S3, auth/policy, bucket/object và multisite.;
2283;v16.2.5;v16.2.15;src/rgw/rgw_cache.h;;M;M;5;0;FALSE;100644;100644;852780cc6644664c941b34452b3ae0929e512ec3;c00d1a36c8f51c4a01a93bdf2c032a48a33f2c04;12;12-rgw;P1;runtime/source;deep;Chọn đọc sâu theo nhóm: implementation thuộc RGW, S3, auth/policy, bucket/object và multisite.;
2284;v16.2.5;v16.2.15;src/rgw/rgw_common.cc;;M;M;153;59;FALSE;100644;100644;57765bbfe922c14665c6d036ea6d879fcd1f8867;bc55ed8b41109c41d6a5395376eef8b5167582a2;12;12-rgw;P1;runtime/source;deep;Chọn đọc sâu theo nhóm: implementation thuộc RGW, S3, auth/policy, bucket/object và multisite.;
2285;v16.2.5;v16.2.15;src/rgw/rgw_common.h;;M;M;27;14;FALSE;100644;100644;7b20466775d2b209cbc11aed373a9c96cdab7989;20bc5e4e49f3810c2bae9832f6fd911ec157e374;12;12-rgw;P1;runtime/source;deep;Chọn đọc sâu theo nhóm: implementation thuộc RGW, S3, auth/policy, bucket/object và multisite.;
2286;v16.2.5;v16.2.15;src/rgw/rgw_coroutine.cc;;M;M;16;4;FALSE;100644;100644;98397655ee43528d9bc65890cb801950f656674a;4a2bb15861d87292cbc32ddf503681ddb3765a5f;12;12-rgw;P1;runtime/source;deep;Chọn đọc sâu theo nhóm: implementation thuộc RGW, S3, auth/policy, bucket/object và multisite.;
2287;v16.2.5;v16.2.15;src/rgw/rgw_cors.h;;M;M;13;0;FALSE;100644;100644;6679900953b6d9b376d829272fe32c2c88e0e572;af0ed3c7910d9ba406c14abf2d27177f34ccb356;12;12-rgw;P1;runtime/source;deep;Chọn đọc sâu theo nhóm: implementation thuộc RGW, S3, auth/policy, bucket/object và multisite.;
2288;v16.2.5;v16.2.15;src/rgw/rgw_cr_rados.cc;;M;M;8;2;FALSE;100644;100644;70975c22a4ee1166ec8beeba2e11358d26c90bb5;1174a3fc33b751329e8a1bf6800c86dd643e8629;12;12-rgw;P1;runtime/source;deep;Chọn đọc sâu theo nhóm: implementation thuộc RGW, S3, auth/policy, bucket/object và multisite.;
2289;v16.2.5;v16.2.15;src/rgw/rgw_cr_rados.h;;M;M;2;0;FALSE;100644;100644;87fa65b5514a17ff4824435ffaa6a53e16879113;c46c0394fefeb52f563a3c8c1aab89cdbe8e6c7a;12;12-rgw;P1;runtime/source;deep;Chọn đọc sâu theo nhóm: implementation thuộc RGW, S3, auth/policy, bucket/object và multisite.;
2290;v16.2.5;v16.2.15;src/rgw/rgw_crypt.cc;;M;M;7;5;FALSE;100644;100644;16d226edfefb947c64d196b7b5680eac04fcb5a2;08837d39ef2aa7387b35d75f2cec7df1da3c2c15;12;12-rgw;P1;runtime/source;deep;Chọn đọc sâu theo nhóm: implementation thuộc RGW, S3, auth/policy, bucket/object và multisite.;
2291;v16.2.5;v16.2.15;src/rgw/rgw_data_sync.cc;;M;M;6;18;FALSE;100644;100644;4f9dad49869be6e085194cdcd388de8559c70c51;c769d95a7aa6bf5aeee51600c8d19c86dc09657b;12;12-rgw;P1;runtime/source;deep;Chọn đọc sâu theo nhóm: implementation thuộc RGW, S3, auth/policy, bucket/object và multisite.;
2292;v16.2.5;v16.2.15;src/rgw/rgw_datalog.cc;;M;M;16;9;FALSE;100644;100644;64d13270ac0492234ef726ce8730ae7b755d35f0;545ec89370785225bc0c4d0a690603ecd08f8a2e;12;12-rgw;P1;runtime/source;deep;Chọn đọc sâu theo nhóm: implementation thuộc RGW, S3, auth/policy, bucket/object và multisite.;
2293;v16.2.5;v16.2.15;src/rgw/rgw_datalog.h;;M;M;3;3;FALSE;100644;100644;1ff714873367eb2e1359a11d49f2500e5dcbaa17;f609a02bf365c2d88fc7f2df6284516c357f997c;12;12-rgw;P1;runtime/source;deep;Chọn đọc sâu theo nhóm: implementation thuộc RGW, S3, auth/policy, bucket/object và multisite.;
2294;v16.2.5;v16.2.15;src/rgw/rgw_dencoder.cc;;M;M;19;1;FALSE;100644;100644;227d20e82c121137a621bfc4a1091ae1079ac786;10fc0eb303a26ead2d4f15c6b8c0f679f5170ec7;12;12-rgw;P1;runtime/source;deep;Chọn đọc sâu theo nhóm: implementation thuộc RGW, S3, auth/policy, bucket/object và multisite.;
2295;v16.2.5;v16.2.15;src/rgw/rgw_env.cc;;M;M;15;0;FALSE;100644;100644;4e714d097a2e33fa76da3bc02a16566103b76a3c;3e33ffc037fd631f8b69517cb8cc9904e1d4513b;12;12-rgw;P1;runtime/source;deep;Chọn đọc sâu theo nhóm: implementation thuộc RGW, S3, auth/policy, bucket/object và multisite.;
2296;v16.2.5;v16.2.15;src/rgw/rgw_etag_verifier.h;;M;M;8;2;FALSE;100644;100644;48007cf169984d614bc16c0befc8317b25281c38;563b1e8c78f8a0207b690d58a2a170c423393f80;12;12-rgw;P1;runtime/source;deep;Chọn đọc sâu theo nhóm: implementation thuộc RGW, S3, auth/policy, bucket/object và multisite.;
2297;v16.2.5;v16.2.15;src/rgw/rgw_file.cc;;M;M;61;11;FALSE;100644;100644;77e4db05e2b73e66c84d1866973d012513630a62;237b48163ee68ecc75c96079e455dfbb0f8c3f76;12;12-rgw;P1;runtime/source;deep;Chọn đọc sâu theo nhóm: implementation thuộc RGW, S3, auth/policy, bucket/object và multisite.;
2298;v16.2.5;v16.2.15;src/rgw/rgw_file.h;;M;M;66;46;FALSE;100644;100644;60845d9d896b5c984c719e4a39fae8104690890c;6d4b2689df390f5990a6c355170969c69a1c87dc;12;12-rgw;P1;runtime/source;deep;Chọn đọc sâu theo nhóm: implementation thuộc RGW, S3, auth/policy, bucket/object và multisite.;
2299;v16.2.5;v16.2.15;src/rgw/rgw_gc.cc;;M;M;51;1;FALSE;100644;100644;6e907c5dbf9744e219ecceee9badc9b1972624dd;5e2d6e1cb706017a0f3a9bea2ae61229d5128de1;12;12-rgw;P1;runtime/source;deep;Chọn đọc sâu theo nhóm: implementation thuộc RGW, S3, auth/policy, bucket/object và multisite.;
2300;v16.2.5;v16.2.15;src/rgw/rgw_gc.h;;M;M;2;1;FALSE;100644;100644;2345db85146edb23363c77b28d9211b42fcee4c9;13d9ba64ae4d09bd077ab1390177d405c0755ba2;12;12-rgw;P1;runtime/source;deep;Chọn đọc sâu theo nhóm: implementation thuộc RGW, S3, auth/policy, bucket/object và multisite.;
2301;v16.2.5;v16.2.15;src/rgw/rgw_http_client.cc;;M;M;16;1;FALSE;100644;100644;1ade7dfe8284b72c60435383f65250e1cfb42e56;01457a7c98ae9cce3e9360748d70143d6912af1d;12;12-rgw;P1;runtime/source;deep;Chọn đọc sâu theo nhóm: implementation thuộc RGW, S3, auth/policy, bucket/object và multisite.;
2302;v16.2.5;v16.2.15;src/rgw/rgw_http_client.h;;M;M;18;0;FALSE;100644;100644;840ff88fe97d91d97b0c211b1542c4c72253d0ef;79de60a179660cebaf90a00d55f88ed1a9eb4565;12;12-rgw;P1;runtime/source;deep;Chọn đọc sâu theo nhóm: implementation thuộc RGW, S3, auth/policy, bucket/object và multisite.;
2303;v16.2.5;v16.2.15;src/rgw/rgw_iam_policy.cc;;M;M;108;21;FALSE;100644;100644;2265334a76f427b6de1ef993b1ec11eff3733ba0;aa7124e14e804a8aa00a709e5492d09b4e1333fa;12;12-rgw;P1;runtime/source;deep;Chọn đọc sâu theo nhóm: implementation thuộc RGW, S3, auth/policy, bucket/object và multisite.;
2304;v16.2.5;v16.2.15;src/rgw/rgw_iam_policy.h;;M;M;67;12;FALSE;100644;100644;4f2c144f29f4b362fa80208787910338b448022c;eeda0a6452fb1ab2c839470eeaf558ff048db5d9;12;12-rgw;P1;runtime/source;deep;Chọn đọc sâu theo nhóm: implementation thuộc RGW, S3, auth/policy, bucket/object và multisite.;
2305;v16.2.5;v16.2.15;src/rgw/rgw_iam_policy_keywords.gperf;;M;M;6;0;FALSE;100644;100644;4f6f22a9b73a7ffd01a71b68da7ed31668ee9151;af73dd130749a0807b3e8d5ff0639db5137f1b5b;12;12-rgw;P1;runtime/source;deep;Chọn đọc sâu theo nhóm: implementation thuộc RGW, S3, auth/policy, bucket/object và multisite.;
2306;v16.2.5;v16.2.15;src/rgw/rgw_iam_policy_keywords.h;;M;M;3;0;FALSE;100644;100644;584a2580b6d672843beceb851eddf51007b4e0d5;1c94dfe17103956c95c0acd7c43880da0cc239f8;12;12-rgw;P1;runtime/source;deep;Chọn đọc sâu theo nhóm: implementation thuộc RGW, S3, auth/policy, bucket/object và multisite.;
2307;v16.2.5;v16.2.15;src/rgw/rgw_json_enc.cc;;M;M;8;5;FALSE;100644;100644;b3ceff68e757062a37b88944e53e728ebfa451f5;3b1a582436e6fd8f17ede27744bdee0577605dfe;12;12-rgw;P1;runtime/source;deep;Chọn đọc sâu theo nhóm: implementation thuộc RGW, S3, auth/policy, bucket/object và multisite.;
2308;v16.2.5;v16.2.15;src/rgw/rgw_keystone.cc;;M;M;2;0;FALSE;100644;100644;e9c14bd13a0a77ced5e7a177f3f1bc6d710b93da;fe37963691c4cf0cc550d924e3e11d523a89a7e9;12;12-rgw;P1;runtime/source;deep;Chọn đọc sâu theo nhóm: implementation thuộc RGW, S3, auth/policy, bucket/object và multisite.;
2309;v16.2.5;v16.2.15;src/rgw/rgw_kms.cc;;M;M;22;7;FALSE;100644;100644;8542d483d48270de4e39ec2247b56bb04f5e295b;2fced0d7e4ea9c79fca0060640363c6106d042c4;12;12-rgw;P1;runtime/source;deep;Chọn đọc sâu theo nhóm: implementation thuộc RGW, S3, auth/policy, bucket/object và multisite.;
2310;v16.2.5;v16.2.15;src/rgw/rgw_lc.cc;;M;M;41;16;FALSE;100644;100644;b2f5a96d76fa9c283e9f63c1a4bf01ab748ed917;4b6aaaa36bd884a38c9bee9191317fb67c0fd325;12;12-rgw;P1;runtime/source;deep;Chọn đọc sâu theo nhóm: implementation thuộc RGW, S3, auth/policy, bucket/object và multisite.;
2311;v16.2.5;v16.2.15;src/rgw/rgw_ldap.h;;M;M;1;3;FALSE;100644;100644;c37789acc591daeae834510a1ae70e274b9f7d7b;06986e5f59ac71ab87e18f46186a9fc2dc966663;12;12-rgw;P1;runtime/source;deep;Chọn đọc sâu theo nhóm: implementation thuộc RGW, S3, auth/policy, bucket/object và multisite.;
2312;v16.2.5;v16.2.15;src/rgw/rgw_lib.h;;M;M;2;2;FALSE;100644;100644;9f43593fc720c26d6e18d2689ec2cc079384a001;91c325255e496862416cb83d0e368394c625932e;12;12-rgw;P1;runtime/source;deep;Chọn đọc sâu theo nhóm: implementation thuộc RGW, S3, auth/policy, bucket/object và multisite.;
2313;v16.2.5;v16.2.15;src/rgw/rgw_log.cc;;M;M;245;53;FALSE;100644;100644;edfd0087b6df2a9752fa279405d4b5fcfb7571af;f0509586cbcee7013fa2105799cace50cbaf186e;12;12-rgw;P1;runtime/source;deep;Chọn đọc sâu theo nhóm: implementation thuộc RGW, S3, auth/policy, bucket/object và multisite.;
2314;v16.2.5;v16.2.15;src/rgw/rgw_log.h;;M;M;149;8;FALSE;100644;100644;1de5227939a114bd4de7d7f94b4b0159bce685d0;5e0805b01f78bfcf5d458b8acc3c01832094a075;12;12-rgw;P1;runtime/source;deep;Chọn đọc sâu theo nhóm: implementation thuộc RGW, S3, auth/policy, bucket/object và multisite.;
2315;v16.2.5;v16.2.15;src/rgw/rgw_log_backing.h;;M;M;3;9;FALSE;100644;100644;29b315b21642b9ca87b2a6d386974f8a3a550e22;599ea4bd1030b4d34e38ee75aa5df6fc86169378;12;12-rgw;P1;runtime/source;deep;Chọn đọc sâu theo nhóm: implementation thuộc RGW, S3, auth/policy, bucket/object và multisite.;
2316;v16.2.5;v16.2.15;src/rgw/rgw_lua_request.cc;;M;M;12;14;FALSE;100644;100644;ebf1edf7d58b206e4798dedee615da9baa60cd61;a770f0cf7df6027fc89910dd8d29b5b9c1c1f2d4;12;12-rgw;P1;runtime/source;deep;Chọn đọc sâu theo nhóm: implementation thuộc RGW, S3, auth/policy, bucket/object và multisite.;
2317;v16.2.5;v16.2.15;src/rgw/rgw_lua_request.h;;M;M;3;3;FALSE;100644;100644;5ace5bf157fc442c3d437cac6316c6a620c8c8a1;b017464280b369c6cb8efdd95270541b1d19e7e4;12;12-rgw;P1;runtime/source;deep;Chọn đọc sâu theo nhóm: implementation thuộc RGW, S3, auth/policy, bucket/object và multisite.;
2318;v16.2.5;v16.2.15;src/rgw/rgw_main.cc;;M;M;27;8;FALSE;100644;100644;8b0bbb663e90ae0640ada12f8232861bb1568ffc;f7a477954f2844285d5b03252245de8d857f7453;12;12-rgw;P1;runtime/source;deep;Chọn đọc sâu theo nhóm: implementation thuộc RGW, S3, auth/policy, bucket/object và multisite.;
2319;v16.2.5;v16.2.15;src/rgw/rgw_multi.cc;;M;M;29;19;FALSE;100644;100644;10bc6559f75d1256ff414559d5e52543734a949c;989d17a14d8fda5dc8cfdb357e9b71a87b4b4f1c;12;12-rgw;P1;runtime/source;deep;Chọn đọc sâu theo nhóm: implementation thuộc RGW, S3, auth/policy, bucket/object và multisite.;
2320;v16.2.5;v16.2.15;src/rgw/rgw_multi.h;;M;M;14;10;FALSE;100644;100644;c58901a9fb036dafb40dbc32996857137f2e7307;31069417e9169f1848c2a7571a9982e00c06ca6e;12;12-rgw;P1;runtime/source;deep;Chọn đọc sâu theo nhóm: implementation thuộc RGW, S3, auth/policy, bucket/object và multisite.;
2321;v16.2.5;v16.2.15;src/rgw/rgw_notify.cc;;M;M;66;43;FALSE;100644;100644;a4ad062005e70b607fab90f84cf25bf108be6e0b;1f859dc52ac75cfd59fe05f751af2339eeace463;12;12-rgw;P1;runtime/source;deep;Chọn đọc sâu theo nhóm: implementation thuộc RGW, S3, auth/policy, bucket/object và multisite.;
2322;v16.2.5;v16.2.15;src/rgw/rgw_notify.h;;M;M;4;2;FALSE;100644;100644;b7bfc28342ce6582167e9401367a64bd7b235fd8;9aee8fafe01ae411c25cf0bf55a451ebe45a7a48;12;12-rgw;P1;runtime/source;deep;Chọn đọc sâu theo nhóm: implementation thuộc RGW, S3, auth/policy, bucket/object và multisite.;
2323;v16.2.5;v16.2.15;src/rgw/rgw_notify_event_type.cc;;M;M;4;0;FALSE;100644;100644;10c77c2818455d3bdf82d2d8700533e9afdfb3a2;4af9a32f7e3b36eb6e26028a4c685781bcdc0482;12;12-rgw;P1;runtime/source;deep;Chọn đọc sâu theo nhóm: implementation thuộc RGW, S3, auth/policy, bucket/object và multisite.;
2324;v16.2.5;v16.2.15;src/rgw/rgw_notify_event_type.h;;M;M;2;0;FALSE;100644;100644;0d86bf3f3219f3c81fe37ab742c59bd1dd55bbf8;f255bfd744eb23971d1153d26dcc6efcba904fe8;12;12-rgw;P1;runtime/source;deep;Chọn đọc sâu theo nhóm: implementation thuộc RGW, S3, auth/policy, bucket/object và multisite.;
2325;v16.2.5;v16.2.15;src/rgw/rgw_obj_manifest.cc;;M;M;6;0;FALSE;100644;100644;87dbb9a942fbdbf82250e4cbacaa8ced7c3f1270;ca8c0bae75a4c51fbdf1f01f2cd21b6a51ea68b5;12;12-rgw;P1;runtime/source;deep;Chọn đọc sâu theo nhóm: implementation thuộc RGW, S3, auth/policy, bucket/object và multisite.;
2326;v16.2.5;v16.2.15;src/rgw/rgw_object_lock.cc;;M;M;1;1;FALSE;100644;100644;5c0119befaa10c2b17acc6abfb75bfea5f78bdce;83156cd7863c4e9ae290e95be78b5a141d673c81;12;12-rgw;P1;runtime/source;deep;Chọn đọc sâu theo nhóm: implementation thuộc RGW, S3, auth/policy, bucket/object và multisite.;
2327;v16.2.5;v16.2.15;src/rgw/rgw_op.cc;;M;M;1243;402;FALSE;100644;100644;352d54e89116e792d6242f45c10a421b785cc2df;f3660d30b181f3d0977f623471ed66e40b2fc945;12;12-rgw;P1;runtime/source;deep;Chọn đọc sâu theo nhóm: implementation thuộc RGW, S3, auth/policy, bucket/object và multisite.;
2328;v16.2.5;v16.2.15;src/rgw/rgw_op.h;;M;M;34;3;FALSE;100644;100644;db73d65cf542040c867d2d2ba0e92c514d3257ed;9ba59c8ffb17e240d8a5b7ca119f888688a03bb1;12;12-rgw;P1;runtime/source;deep;Chọn đọc sâu theo nhóm: implementation thuộc RGW, S3, auth/policy, bucket/object và multisite.;
2329;v16.2.5;v16.2.15;src/rgw/rgw_op_type.h;;M;M;3;0;FALSE;100644;100644;ff474f00728afff4e7a5f0ce23851c34e4b1fe13;979ee943c2eabb1be507bb224927355e9b3fe3ac;12;12-rgw;P1;runtime/source;deep;Chọn đọc sâu theo nhóm: implementation thuộc RGW, S3, auth/policy, bucket/object và multisite.;
2330;v16.2.5;v16.2.15;src/rgw/rgw_opa.cc;;M;M;16;5;FALSE;100644;100644;4e5770300267f5c95da203eea6416eefc0a0527a;6255afbbbce32c773e40bd0425f4d63402083285;12;12-rgw;P1;runtime/source;deep;Chọn đọc sâu theo nhóm: implementation thuộc RGW, S3, auth/policy, bucket/object và multisite.;
2331;v16.2.5;v16.2.15;src/rgw/rgw_process.cc;;M;M;4;4;FALSE;100644;100644;02c3acc43eebe2c8ba8caa6202709a7195e5882e;67d0a67f9ece101dfec24dcee53a2a6481277542;12;12-rgw;P1;runtime/source;deep;Chọn đọc sâu theo nhóm: implementation thuộc RGW, S3, auth/policy, bucket/object và multisite.;
2332;v16.2.5;v16.2.15;src/rgw/rgw_process.h;;M;M;3;3;FALSE;100644;100644;598da0b120dec5ba77ec8f48901c84a19c12c6e9;0da1646dc13891cb874a220a0c969dffca7049af;12;12-rgw;P1;runtime/source;deep;Chọn đọc sâu theo nhóm: implementation thuộc RGW, S3, auth/policy, bucket/object và multisite.;
2333;v16.2.5;v16.2.15;src/rgw/rgw_pubsub.cc;;M;M;26;2;FALSE;100644;100644;00d8ffdc8642e54e9223d6619ff11d48216840d1;8a6341e6e9868eda4aaff687517ad3c2cb7574cb;12;12-rgw;P1;runtime/source;deep;Chọn đọc sâu theo nhóm: implementation thuộc RGW, S3, auth/policy, bucket/object và multisite.;
2334;v16.2.5;v16.2.15;src/rgw/rgw_pubsub.h;;M;M;9;3;FALSE;100644;100644;b82384e64ec5448d05084cd34ccee2cd010b2dfc;096ff3ea6266f3193236857dafbafa917746b657;12;12-rgw;P1;runtime/source;deep;Chọn đọc sâu theo nhóm: implementation thuộc RGW, S3, auth/policy, bucket/object và multisite.;
2335;v16.2.5;v16.2.15;src/rgw/rgw_pubsub_push.cc;;M;M;1;0;FALSE;100644;100644;ca1b43b588d4d1cb70fc5296235ab02ca1744892;7aff6eb443b230f0123031f9a992884afa389872;12;12-rgw;P1;runtime/source;deep;Chọn đọc sâu theo nhóm: implementation thuộc RGW, S3, auth/policy, bucket/object và multisite.;
2336;v16.2.5;v16.2.15;src/rgw/rgw_putobj_processor.cc;;M;M;16;0;FALSE;100644;100644;acfe1c1641298b62ba99e6b088c1eecf482dfc03;e26f2949b6371c52a2b5b99ac0a257d7b485fe97;12;12-rgw;P1;runtime/source;deep;Chọn đọc sâu theo nhóm: implementation thuộc RGW, S3, auth/policy, bucket/object và multisite.;
2337;v16.2.5;v16.2.15;src/rgw/rgw_putobj_processor.h;;M;M;3;0;FALSE;100644;100644;f6308ddb7fb2a3323017d3a9c919d1dcee71e2e8;73fc0264b914c02ed80c880af5d9dc07f8453524;12;12-rgw;P1;runtime/source;deep;Chọn đọc sâu theo nhóm: implementation thuộc RGW, S3, auth/policy, bucket/object và multisite.;
2338;v16.2.5;v16.2.15;src/rgw/rgw_quota.cc;;M;M;6;47;FALSE;100644;100644;6d821d8998451a0243e242ac4b2fe1f93a40c9bb;35872284d12af9dd957b8a29efcd85ce110cdbe8;12;12-rgw;P1;runtime/source;deep;Chọn đọc sâu theo nhóm: implementation thuộc RGW, S3, auth/policy, bucket/object và multisite.;
2339;v16.2.5;v16.2.15;src/rgw/rgw_quota.h;;M;M;1;11;FALSE;100644;100644;a1e446db16a6c7ba81d7657f5316fc5e8823f702;b681a9193237b5daf05cbc8979a1fe3dc66055d8;12;12-rgw;P1;runtime/source;deep;Chọn đọc sâu theo nhóm: implementation thuộc RGW, S3, auth/policy, bucket/object và multisite.;
2340;v16.2.5;v16.2.15;src/rgw/rgw_rados.cc;;M;M;606;280;FALSE;100644;100644;67b89c9c9aa94a288afb50eb406379c34a7a3a9f;2885a4af02f946389d8f2fac2442f5032aba3339;12;12-rgw;P1;runtime/source;deep;Chọn đọc sâu theo nhóm: implementation thuộc RGW, S3, auth/policy, bucket/object và multisite.;
2341;v16.2.5;v16.2.15;src/rgw/rgw_rados.h;;M;M;53;9;FALSE;100644;100644;b971edb0386b6de0f4dcfae67c046aa8d447ff58;917d69afe9caa965697bc906076e1ab67e36465b;12;12-rgw;P1;runtime/source;deep;Chọn đọc sâu theo nhóm: implementation thuộc RGW, S3, auth/policy, bucket/object và multisite.;
2342;v16.2.5;v16.2.15;src/rgw/rgw_reshard.cc;;M;M;39;27;FALSE;100644;100644;cc78ac108fcb8fb2dd2186da5706f11f63e3e3f8;cbb233341ab876387556bc7483db361308c10807;12;12-rgw;P1;runtime/source;deep;Chọn đọc sâu theo nhóm: implementation thuộc RGW, S3, auth/policy, bucket/object và multisite.;
2343;v16.2.5;v16.2.15;src/rgw/rgw_rest_bucket.cc;;M;M;8;4;FALSE;100644;100644;7726da6ada8e3736e7dc5ca1fadd7230119a7cb0;ea61006ed26c90234a0df12ab577c346531a62f0;12;12-rgw;P1;runtime/source;deep;Chọn đọc sâu theo nhóm: implementation thuộc RGW, S3, auth/policy, bucket/object và multisite.;
2344;v16.2.5;v16.2.15;src/rgw/rgw_rest_client.cc;;M;M;1;1;FALSE;100644;100644;dc78e418bcc1d25b858854b24f291b796c475229;30680101559acd8bb8fab6f9f2cd9ab97eed606b;12;12-rgw;P1;runtime/source;deep;Chọn đọc sâu theo nhóm: implementation thuộc RGW, S3, auth/policy, bucket/object và multisite.;
2345;v16.2.5;v16.2.15;src/rgw/rgw_rest_iam.cc;;M;M;6;0;FALSE;100644;100644;fc050ae8bccfe7fca16c6c8554873bd884bec56e;ffd450f79db89b5ad960938ff62267cc1e2bf172;12;12-rgw;P1;runtime/source;deep;Chọn đọc sâu theo nhóm: implementation thuộc RGW, S3, auth/policy, bucket/object và multisite.;
2346;v16.2.5;v16.2.15;src/rgw/rgw_rest_pubsub.cc;;M;M;1;1;FALSE;100644;100644;272d98e62d05620459b5702f51bced6e5d32c396;ad3fbdaac383f00b6d65500ea5646cbc2f14c5b8;12;12-rgw;P1;runtime/source;deep;Chọn đọc sâu theo nhóm: implementation thuộc RGW, S3, auth/policy, bucket/object và multisite.;
2347;v16.2.5;v16.2.15;src/rgw/rgw_rest_role.cc;;M;M;190;10;FALSE;100644;100644;1e9cdf71b217d9dacd854035233358fe2c69b366;66c38aedfa5357115e8bd49206c6f91eed955e0c;12;12-rgw;P1;runtime/source;deep;Chọn đọc sâu theo nhóm: implementation thuộc RGW, S3, auth/policy, bucket/object và multisite.;
2348;v16.2.5;v16.2.15;src/rgw/rgw_rest_role.h;;M;M;33;0;FALSE;100644;100644;09f556b6cf6ee10083a1c0ec3e3dca63a85003e3;5467502a7bfdd42e204c924a555133111fe19172;12;12-rgw;P1;runtime/source;deep;Chọn đọc sâu theo nhóm: implementation thuộc RGW, S3, auth/policy, bucket/object và multisite.;
2349;v16.2.5;v16.2.15;src/rgw/rgw_rest_s3.cc;;M;M;116;79;FALSE;100644;100644;7910c461ea75dcd9650992f525ded19bb08766e3;5f838e33bb1c04a0cf8f5a65f79f6c247dba8d82;12;12-rgw;P1;runtime/source;deep;Chọn đọc sâu theo nhóm: implementation thuộc RGW, S3, auth/policy, bucket/object và multisite.;
2350;v16.2.5;v16.2.15;src/rgw/rgw_rest_s3.h;;M;M;3;2;FALSE;100644;100644;14b4e6b61ea78ba763795a1f90d6151c2f253550;c01d8f6b4576d048b7cd14d50d76af22ee17878c;12;12-rgw;P1;runtime/source;deep;Chọn đọc sâu theo nhóm: implementation thuộc RGW, S3, auth/policy, bucket/object và multisite.;
2351;v16.2.5;v16.2.15;src/rgw/rgw_rest_sts.cc;;M;M;200;45;FALSE;100644;100644;af1b96ce0d8e793a9ec3236100200d510b18b469;1daf6863f51563ab1e629a3d5ef7bb14fa8d2cc2;12;12-rgw;P1;runtime/source;deep;Chọn đọc sâu theo nhóm: implementation thuộc RGW, S3, auth/policy, bucket/object và multisite.;
2352;v16.2.5;v16.2.15;src/rgw/rgw_rest_sts.h;;M;M;20;7;FALSE;100644;100644;810ff242d734f53f757adf2e8a3fcb51ecdb6f84;6bcad31db6f9a7c4f4d8915206671efc383f41a7;12;12-rgw;P1;runtime/source;deep;Chọn đọc sâu theo nhóm: implementation thuộc RGW, S3, auth/policy, bucket/object và multisite.;
2353;v16.2.5;v16.2.15;src/rgw/rgw_rest_swift.cc;;M;M;16;5;FALSE;100644;100644;5ab5ab47709eabd8e427116c95bcbc3a688ff103;c98c3c10d2597d93a3e0b5ad5e2afa153151e1f2;12;12-rgw;P1;runtime/source;deep;Chọn đọc sâu theo nhóm: implementation thuộc RGW, S3, auth/policy, bucket/object và multisite.;
2354;v16.2.5;v16.2.15;src/rgw/rgw_rest_user.cc;;M;M;43;15;FALSE;100644;100644;1cdce91da70c5a801539e99419a633d5a9af44ac;16dd0cdb0f959e3ac4b7c71786885fdd6bc3ff6a;12;12-rgw;P1;runtime/source;deep;Chọn đọc sâu theo nhóm: implementation thuộc RGW, S3, auth/policy, bucket/object và multisite.;
2355;v16.2.5;v16.2.15;src/rgw/rgw_rest_user_policy.cc;;M;M;13;7;FALSE;100644;100644;dca93cf5c000976a90723aba8e91c715acf4c665;22b347984dd26710d22352642d9cd5855f75da54;12;12-rgw;P1;runtime/source;deep;Chọn đọc sâu theo nhóm: implementation thuộc RGW, S3, auth/policy, bucket/object và multisite.;
2356;v16.2.5;v16.2.15;src/rgw/rgw_role.cc;;M;M;64;1;FALSE;100644;100644;f69134174fe658846c84a2b52c0c6ea0799a4ebe;089cd190346e2aac6492d53d1a1c1f42501d1aee;12;12-rgw;P1;runtime/source;deep;Chọn đọc sâu theo nhóm: implementation thuộc RGW, S3, auth/policy, bucket/object và multisite.;
2357;v16.2.5;v16.2.15;src/rgw/rgw_role.h;;M;M;9;3;FALSE;100644;100644;91b4846d0060452478050282dcfc8eec3cef3f87;44ffa1c19bc3cdc36fb4d1a395921a50d3155425;12;12-rgw;P1;runtime/source;deep;Chọn đọc sâu theo nhóm: implementation thuộc RGW, S3, auth/policy, bucket/object và multisite.;
2358;v16.2.5;v16.2.15;src/rgw/rgw_sal.h;;M;M;11;3;FALSE;100644;100644;156bc8522688423c297479dc25f2613d378a70da;fcf015e0a5b40a5a24da121d897621edb5d0554a;12;12-rgw;P1;runtime/source;deep;Chọn đọc sâu theo nhóm: implementation thuộc RGW, S3, auth/policy, bucket/object và multisite.;
2359;v16.2.5;v16.2.15;src/rgw/rgw_sal_rados.cc;;M;M;19;13;FALSE;100644;100644;778bc9ba04917e27bb8de7922c8ae85fefdbaaaa;b300e080826dd21baf3e703633f387a6c453ad17;12;12-rgw;P1;runtime/source;deep;Chọn đọc sâu theo nhóm: implementation thuộc RGW, S3, auth/policy, bucket/object và multisite.;
2360;v16.2.5;v16.2.15;src/rgw/rgw_sal_rados.h;;M;M;4;4;FALSE;100644;100644;7ea8fb443da1f1333d7f7ead67a10392b448be1b;8000756370e4d1df7326417ac4c790cd0b049c50;12;12-rgw;P1;runtime/source;deep;Chọn đọc sâu theo nhóm: implementation thuộc RGW, S3, auth/policy, bucket/object và multisite.;
2361;v16.2.5;v16.2.15;src/rgw/rgw_string.h;;M;M;2;0;FALSE;100644;100644;257daa9c1fe6e7c11b85c522be67ad962db9ddbe;90e64f98a25874f27c7bd40169cfac3a1f5ebcf9;12;12-rgw;P1;runtime/source;deep;Chọn đọc sâu theo nhóm: implementation thuộc RGW, S3, auth/policy, bucket/object và multisite.;
2362;v16.2.5;v16.2.15;src/rgw/rgw_sts.cc;;M;M;12;30;FALSE;100644;100644;741c16d397c011d4fec55f90d4485d92cb0cc46b;22e067e0d77cc00a666506e8ba3f70c54b96b5a2;12;12-rgw;P1;runtime/source;deep;Chọn đọc sâu theo nhóm: implementation thuộc RGW, S3, auth/policy, bucket/object và multisite.;
2363;v16.2.5;v16.2.15;src/rgw/rgw_sts.h;;M;M;36;28;FALSE;100644;100644;14c783c1cde014c4cd4f0dfd84426c4f356eaa78;d0326404ee848edb2839862b6b1668eb7195d365;12;12-rgw;P1;runtime/source;deep;Chọn đọc sâu theo nhóm: implementation thuộc RGW, S3, auth/policy, bucket/object và multisite.;
2364;v16.2.5;v16.2.15;src/rgw/rgw_swift_auth.cc;;M;M;16;7;FALSE;100644;100644;da0a370b71ab7b6f231ff4654e49710c4be80889;539e900e941706bb00056e67d99a04f15f19fda1;12;12-rgw;P1;runtime/source;deep;Chọn đọc sâu theo nhóm: implementation thuộc RGW, S3, auth/policy, bucket/object và multisite.;
2365;v16.2.5;v16.2.15;src/rgw/rgw_swift_auth.h;;M;M;6;4;FALSE;100644;100644;ba319405bfd47f385b46934308db1934d74dd455;2aa89caf599c4c2ec0eaa53d43def557efc74062;12;12-rgw;P1;runtime/source;deep;Chọn đọc sâu theo nhóm: implementation thuộc RGW, S3, auth/policy, bucket/object và multisite.;
2366;v16.2.5;v16.2.15;src/rgw/rgw_sync.cc;;M;M;21;12;FALSE;100644;100644;ac15956c6da99806739152da66c57361313733d6;8eacd150fd06e4777538389a67b97bee87e88f2e;12;12-rgw;P1;runtime/source;deep;Chọn đọc sâu theo nhóm: implementation thuộc RGW, S3, auth/policy, bucket/object và multisite.;
2367;v16.2.5;v16.2.15;src/rgw/rgw_sync_checkpoint.cc;;M;M;2;2;FALSE;100644;100644;78fd802cfc469454f87d4404472be7f52a621594;b908bbb970cda313eb8940ec5bb310319bbe7539;12;12-rgw;P1;runtime/source;deep;Chọn đọc sâu theo nhóm: implementation thuộc RGW, S3, auth/policy, bucket/object và multisite.;
2368;v16.2.5;v16.2.15;src/rgw/rgw_sync_module_pubsub.cc;;M;M;1;1;FALSE;100644;100644;d241ec4b9e6ea9fd28e8affc303449d040acc566;662396ba4adb3455f66c57bf9de112fa3292ba30;12;12-rgw;P1;runtime/source;deep;Chọn đọc sâu theo nhóm: implementation thuộc RGW, S3, auth/policy, bucket/object và multisite.;
2369;v16.2.5;v16.2.15;src/rgw/rgw_sync_module_pubsub_rest.cc;;M;M;1;1;FALSE;100644;100644;9600a465dc88c43104b405d687a0a5fd47588b48;1aa46e4c05ddba4729a9163a45260f9570da952c;12;12-rgw;P1;runtime/source;deep;Chọn đọc sâu theo nhóm: implementation thuộc RGW, S3, auth/policy, bucket/object và multisite.;
2370;v16.2.5;v16.2.15;src/rgw/rgw_sync_policy.cc;;M;M;4;0;FALSE;100644;100644;6b5ecf414e0f9246fe052b7d6ed0b90f8ce067b5;df20c46a44ef0c25a23c8ca14e8a461226eb1d6f;12;12-rgw;P1;runtime/source;deep;Chọn đọc sâu theo nhóm: implementation thuộc RGW, S3, auth/policy, bucket/object và multisite.;
2371;v16.2.5;v16.2.15;src/rgw/rgw_tag.cc;;M;M;8;8;FALSE;100644;100644;f43a1824868562dc226eaf411cd031dcde1d8a31;b9ca88f04ac6c2da7a6b36eb50dde0c9c9654994;12;12-rgw;P1;runtime/source;deep;Chọn đọc sâu theo nhóm: implementation thuộc RGW, S3, auth/policy, bucket/object và multisite.;
2372;v16.2.5;v16.2.15;src/rgw/rgw_tag.h;;M;M;4;4;FALSE;100644;100644;e8531031dbf6fbabdb95a818123b96ca8fa6b32f;88a4e6652288a0a45c383df2ce7c9118c3a1d8f3;12;12-rgw;P1;runtime/source;deep;Chọn đọc sâu theo nhóm: implementation thuộc RGW, S3, auth/policy, bucket/object và multisite.;
2373;v16.2.5;v16.2.15;src/rgw/rgw_tag_s3.cc;;M;M;3;4;FALSE;100644;100644;b03607f73a7e68976e7ad6160e2f39cbc7ce0910;494e6b8744f00c26b3794b86603967bb704ba39c;12;12-rgw;P1;runtime/source;deep;Chọn đọc sâu theo nhóm: implementation thuộc RGW, S3, auth/policy, bucket/object và multisite.;
2374;v16.2.5;v16.2.15;src/rgw/rgw_tools.cc;;M;M;2;12;FALSE;100644;100644;4ed742ceffcbd8762dc2138fe665bed245e160a0;5a73d7e363b44162dcbf0d8543b7c77c65d4ece1;12;12-rgw;P1;runtime/source;deep;Chọn đọc sâu theo nhóm: implementation thuộc RGW, S3, auth/policy, bucket/object và multisite.;
2375;v16.2.5;v16.2.15;src/rgw/rgw_tools.h;;M;M;7;2;FALSE;100644;100644;c1da97c890892b827cbb7ab95711b7388842bc72;c945f1d9ab35c9631c4a2249a014a5cc2ee5b31d;12;12-rgw;P1;runtime/source;deep;Chọn đọc sâu theo nhóm: implementation thuộc RGW, S3, auth/policy, bucket/object và multisite.;
2376;v16.2.5;v16.2.15;src/rgw/rgw_trim_bilog.cc;;M;M;4;2;FALSE;100644;100644;1aa24517569cfb37f015829f1fb6ddacb63bc511;a825a093c94969520796b8c7bbf337de02f393d1;12;12-rgw;P1;runtime/source;deep;Chọn đọc sâu theo nhóm: implementation thuộc RGW, S3, auth/policy, bucket/object và multisite.;
2377;v16.2.5;v16.2.15;src/rgw/rgw_url.cc;;M;M;1;1;FALSE;100644;100644;58f7b5490538c36b26764047fdf606fe2a241c77;7fd4788d77c6d01500a3295d008fb1dc97914d60;12;12-rgw;P1;runtime/source;deep;Chọn đọc sâu theo nhóm: implementation thuộc RGW, S3, auth/policy, bucket/object và multisite.;
2378;v16.2.5;v16.2.15;src/rgw/rgw_user.cc;;M;M;63;63;FALSE;100644;100644;41228237e78c4daa6714590e285982c36b08ac46;2ac1f35356f86ad1ec752b80c5c8bb9775be18be;12;12-rgw;P1;runtime/source;deep;Chọn đọc sâu theo nhóm: implementation thuộc RGW, S3, auth/policy, bucket/object và multisite.;
2379;v16.2.5;v16.2.15;src/rgw/rgw_user.h;;M;M;2;0;FALSE;100644;100644;1f138dcd7820adb1904df124c0d5f6dbce0a6ecd;4628ce07a5021786f087c238c231acc7f055f2ed;12;12-rgw;P1;runtime/source;deep;Chọn đọc sâu theo nhóm: implementation thuộc RGW, S3, auth/policy, bucket/object và multisite.;
2380;v16.2.5;v16.2.15;src/rgw/rgw_web_idp.h;;M;M;2;0;FALSE;100644;100644;f4af38b08a0af2ae7827bf8121d9a0f502ae2e6d;089c4da665dc29cd89ea3219ccd388f86ddc3e97;12;12-rgw;P1;runtime/source;deep;Chọn đọc sâu theo nhóm: implementation thuộc RGW, S3, auth/policy, bucket/object và multisite.;
2381;v16.2.5;v16.2.15;src/rgw/rgw_website.cc;;M;M;3;1;FALSE;100644;100644;4369ac752dc2376de146001c4798f1b8fa14227f;ff58786c77d0fe79ed2383ba5752e54a84f13ddb;12;12-rgw;P1;runtime/source;deep;Chọn đọc sâu theo nhóm: implementation thuộc RGW, S3, auth/policy, bucket/object và multisite.;
2382;v16.2.5;v16.2.15;src/rgw/rgw_zone.cc;;M;M;2;0;FALSE;100644;100644;51bf3b3f8fc2a084a406526e920a187a51c320eb;80e7c75c199b310aa4dde1a3f292228afa90a6f2;12;12-rgw;P1;runtime/source;deep;Chọn đọc sâu theo nhóm: implementation thuộc RGW, S3, auth/policy, bucket/object và multisite.;
2383;v16.2.5;v16.2.15;src/rgw/services/svc_bucket_sobj.cc;;M;M;1;2;FALSE;100644;100644;13aeedf03d6eb980123d43d0a500d47b788175f1;5272a17d08d1e9ed849c8a586299e13e57fd4b67;12;12-rgw;P1;runtime/source;deep;Chọn đọc sâu theo nhóm: implementation thuộc RGW, S3, auth/policy, bucket/object và multisite.;
2384;v16.2.5;v16.2.15;src/rgw/services/svc_notify.cc;;M;M;109;94;FALSE;100644;100644;25ccfdbfba74b9dcafbf700ffe4ecb131dfbf4f9;41384fead57a8e13eb0ca92274d4fbc3bc6c5b7d;12;12-rgw;P1;runtime/source;deep;Chọn đọc sâu theo nhóm: implementation thuộc RGW, S3, auth/policy, bucket/object và multisite.;
2385;v16.2.5;v16.2.15;src/rgw/services/svc_notify.h;;M;M;6;5;FALSE;100644;100644;5b01d77b7bfc05c477fcfb5589ab3188a720bfc7;bb95beb27f22f7d84afa3d9284b78075950c2d60;12;12-rgw;P1;runtime/source;deep;Chọn đọc sâu theo nhóm: implementation thuộc RGW, S3, auth/policy, bucket/object và multisite.;
2386;v16.2.5;v16.2.15;src/rgw/services/svc_rados.cc;;M;M;7;0;FALSE;100644;100644;32a6b3a3e39ad2e74c4b841d001abc64562c13b3;5949917e9d3b09ad027ad1fb650f53d27584349f;12;12-rgw;P1;runtime/source;deep;Chọn đọc sâu theo nhóm: implementation thuộc RGW, S3, auth/policy, bucket/object và multisite.;
2387;v16.2.5;v16.2.15;src/rgw/services/svc_rados.h;;M;M;1;0;FALSE;100644;100644;d3fa393140b8d932071e3e4e42a394d5cfe40f5d;0a6e262ece49c432c46d734fc04056300d06d2f4;12;12-rgw;P1;runtime/source;deep;Chọn đọc sâu theo nhóm: implementation thuộc RGW, S3, auth/policy, bucket/object và multisite.;
2388;v16.2.5;v16.2.15;src/rgw/services/svc_sys_obj_cache.cc;;M;M;1;3;FALSE;100644;100644;68b90888121d0282f27f148e401c6cb30c597e2d;3358864a3851d186139ab70dd21845819366e06e;12;12-rgw;P1;runtime/source;deep;Chọn đọc sâu theo nhóm: implementation thuộc RGW, S3, auth/policy, bucket/object và multisite.;
2389;v16.2.5;v16.2.15;src/rgw/services/svc_user_rados.cc;;M;M;0;1;FALSE;100644;100644;eb30f3e663ee2cdc9c7db7d62e872f0cecd5c241;2d82234e4b25df869380e02c6d72798da1efe129;12;12-rgw;P1;runtime/source;deep;Chọn đọc sâu theo nhóm: implementation thuộc RGW, S3, auth/policy, bucket/object và multisite.;
2390;v16.2.5;v16.2.15;src/rgw/services/svc_zone.cc;;M;M;17;0;FALSE;100644;100644;f98be61af2c652af49c27ed3eda8a376b2a87c02;1e2feeabe6927d0c357e2a77e540b18333e3ca83;12;12-rgw;P1;runtime/source;deep;Chọn đọc sâu theo nhóm: implementation thuộc RGW, S3, auth/policy, bucket/object và multisite.;
2391;v16.2.5;v16.2.15;src/rgw/services/svc_zone.h;;M;M;1;0;FALSE;100644;100644;9f503df5e4146d9cd391f919de1f11c8509ba49c;bddc0e20467b0e2fe8993e45eae94ac37c144aa5;12;12-rgw;P1;runtime/source;deep;Chọn đọc sâu theo nhóm: implementation thuộc RGW, S3, auth/policy, bucket/object và multisite.;
2392;v16.2.5;v16.2.15;src/script/ceph-release-notes;;M;M;1;1;FALSE;100755;100755;244cb46c7ff1fffd84392cc24a790684e7605818;b4500137a0c7d1f033b1b156f2a3ccda139ccce7;15;15-upgrade-validation;P1;runtime/source;deep;Chọn đọc sâu theo nhóm: implementation thuộc QA/test/release note và validation liên thành phần.;
2393;v16.2.5;v16.2.15;src/script/cpatch;;M;M;1;1;FALSE;100755;100755;3372ef3a23f32a9965056c867715ed1b2e640317;3b1e6dd8912638569e582503e6075cb24290c9dc;15;15-upgrade-validation;P1;runtime/source;deep;Chọn đọc sâu theo nhóm: implementation thuộc QA/test/release note và validation liên thành phần.;
2394;v16.2.5;v16.2.15;src/script/run-make.sh;;M;M;9;1;FALSE;100755;100755;e5fc1a91b05c1320fa297b6f92b0df72f200c34d;f617de7bb23da797c9011f40628fbec298ff4c21;15;15-upgrade-validation;P1;tool/script;conditional;Đọc theo điều kiện sử dụng;
2395;v16.2.5;v16.2.15;src/script/run_tox.sh;;M;M;5;15;FALSE;100755;100755;2dab5f1d98730b894213209edce6a2390e2c30c7;9d45d8b9246ce41241aae48e047123fb7a5b8a5f;15;15-upgrade-validation;P1;tool/script;conditional;Đọc theo điều kiện sử dụng;
2396;v16.2.5;v16.2.15;src/script/set_up_stretch_mode.sh;;M;M;24;0;FALSE;100755;100755;a9cfd7daa3b34c273d6e1122d3e54c2281f5963a;a28f181e6c6fd7f0ddc7e7568c2882b767fe45f8;15;15-upgrade-validation;P1;tool/script;conditional;Đọc theo điều kiện sử dụng;
2397;v16.2.5;v16.2.15;src/test/CMakeLists.txt;;M;M;6;22;FALSE;100644;100644;3c7625d93eba5e9270b03e7139baec3a90052562;2b699f0f62fc868323330f03bad63e751c1f954d;13;13-build-packaging-submodules;P2;test/QA;reference-only;Không đọc độc lập;
2398;v16.2.5;v16.2.15;src/test/bufferlist.cc;;M;M;19;0;FALSE;100644;100644;74d23de0bc181a7e45faadd8a26c1416443b44be;a610b8eb2f1a4363c069cc5e8a9005d010da7936;5;05-messaging-auth-common;P2;test/QA;reference-only;Không đọc độc lập;
2399;v16.2.5;v16.2.15;src/test/cli-integration/rbd/rest_api_create.t;;M;M;7;21;FALSE;100644;100644;0006626cc81052db0b40d4d90790663e69e5b489;d0308eef38dc737aa2ac290a1e6a9041990d9574;15;15-upgrade-validation;P2;test/QA;reference-only;Không đọc độc lập;
2400;v16.2.5;v16.2.15;src/test/cli-integration/rbd/rest_api_delete.t;;M;M;4;12;FALSE;100644;100644;f8406447f1b90f9ba96dff8ba61efd6b411e5a03;0e66d25d92012a2a0c72dba5b8aa69180ad5555b;15;15-upgrade-validation;P2;test/QA;reference-only;Không đọc độc lập;
2401;v16.2.5;v16.2.15;src/test/cli-integration/rbd/snap-diff.t;;M;M;4;0;FALSE;100644;100644;1ca2fb04ddd96543150e929892e49b39a47df335;fa564891a4b9653eeb4ed7f82c5a6a4eadcfc97a;15;15-upgrade-validation;P2;test/QA;reference-only;Không đọc độc lập;
2402;v16.2.5;v16.2.15;src/test/cli-integration/rbd/unmap.t;;M;M;17;0;FALSE;100644;100644;06b8ee666c1ca2bea333a6bf376cbb6535a0f507;3fdac43d7c0377ed857fcd634f5917de98b6d7bb;15;15-upgrade-validation;P2;test/QA;reference-only;Không đọc độc lập;
2403;v16.2.5;v16.2.15;src/test/cli/radosgw-admin/help.t;;M;M;8;3;FALSE;100644;100644;c63c63cb55e2ca62f8080f889fd7d933aa3f8e9d;5c9fb6a2886633e8cd4bf697159acd9f5ca5f2fa;15;15-upgrade-validation;P2;test/QA;reference-only;Không đọc độc lập;
2404;v16.2.5;v16.2.15;src/test/cli/rbd/help.t;;M;M;108;27;FALSE;100644;100644;8b9390713b643cb868bc819e90f3d14664352bb4;bd8a1994903df336c8620fc757053137b0f6d9d4;15;15-upgrade-validation;P2;test/QA;reference-only;Không đọc độc lập;
2405;v16.2.5;v16.2.15;src/test/client/CMakeLists.txt;;M;M;1;0;FALSE;100644;100644;66d403c7e9e5361bd18485cf20d004ec011a533f;1937bdd0b55423d63adcaa39dfeea3f6e39fedbb;11;11-cephfs-mds;P2;test/QA;reference-only;Không đọc độc lập;
2406;v16.2.5;v16.2.15;src/test/client/TestClient.h;;M;M;68;3;FALSE;100644;100644;e1c0199b3105b70603eb502285e000db60ece143;bf3b274af603ebdfdd4d666f0fb7bcef155a4571;11;11-cephfs-mds;P2;test/QA;reference-only;Không đọc độc lập;
2407;v16.2.5;v16.2.15;src/test/client/ops.cc;;A;A;45;0;FALSE;0;100644;0;e6e25135e236498cb177422f38796c0dfd9fa5cd;11;11-cephfs-mds;P2;test/QA;reference-only;Không đọc độc lập;
2408;v16.2.5;v16.2.15;src/test/cls_cmpomap/test_cls_cmpomap.cc;;M;M;53;1;FALSE;100644;100644;c10939b96266fc1b0c119c613e7b7b8dab9a6b1f;c8abb5266ca2731290c2302c5190c3c4d4ace9d3;15;15-upgrade-validation;P2;test/QA;reference-only;Không đọc độc lập;
2409;v16.2.5;v16.2.15;src/test/cls_fifo/CMakeLists.txt;;D;D;0;34;FALSE;100644;0;3abf7634a2fe7a0718d2bf41594d8cae0f5e1e94;0;10;10-rados-rbd-clients;P2;test/QA;reference-only;Không đọc độc lập;
2410;v16.2.5;v16.2.15;src/test/cls_fifo/bench_cls_fifo.cc;;D;D;0;462;FALSE;100644;0;df390cd3171252d24baa86962d40f03f50a0f10b;0;10;10-rados-rbd-clients;P2;test/QA;reference-only;Không đọc độc lập;
2411;v16.2.5;v16.2.15;src/test/cls_fifo/test_cls_fifo.cc;;D;D;0;739;FALSE;100644;0;484248c0c81ca3178df8ae4c5e234ab9c0f305ff;0;10;10-rados-rbd-clients;P2;test/QA;reference-only;Không đọc độc lập;
2412;v16.2.5;v16.2.15;src/test/cls_rbd/test_cls_rbd.cc;;M;M;35;22;FALSE;100644;100644;d01e04704ff6424f9229f37de5134fb013244dcf;a7da3a1cdd68e2b985dad3260ec4479eaa046014;10;10-rados-rbd-clients;P2;test/QA;reference-only;Không đọc độc lập;
2413;v16.2.5;v16.2.15;src/test/cls_refcount/test_cls_refcount.cc;;M;M;380;0;FALSE;100644;100644;b481ca0f240b6003dd7b5d16531132969d4c9067;d2b8384113f699c113a5d563cbb2074197432694;15;15-upgrade-validation;P2;test/QA;reference-only;Không đọc độc lập;
2414;v16.2.5;v16.2.15;src/test/cls_rgw/test_cls_rgw.cc;;M;M;220;21;FALSE;100644;100644;3b340f7a3c4fd754ce5e1f257fd80f341c6b6f2b;a0c95fde0c69c2b7981fb3c2856255fdd22cc676;12;12-rgw;P2;test/QA;reference-only;Không đọc độc lập;
2415;v16.2.5;v16.2.15;src/test/cls_rgw_gc/test_cls_rgw_gc.cc;;M;M;2;0;FALSE;100644;100644;387083f27fc12aae03701137d1cdc8f989a474e7;26a1e11aedc0f68abae7bf24b6f8152281e96705;12;12-rgw;P2;test/QA;reference-only;Không đọc độc lập;
2416;v16.2.5;v16.2.15;src/test/common/CMakeLists.txt;;M;M;5;0;FALSE;100644;100644;e8db155f4ea7b05f1d54c331d2e7b1467657860b;83c8ec72afafc944fff113f67ae35073bd85a8e1;5;05-messaging-auth-common;P2;test/QA;reference-only;Không đọc độc lập;
2417;v16.2.5;v16.2.15;src/test/common/test_counter.cc;;M;M;1;1;FALSE;100644;100644;942d2a7e530c0cf8eea569a4260f7b47642d20ad;f9a7d6e6c6203b6e91519d43f614624fbddef2b4;5;05-messaging-auth-common;P2;test/QA;reference-only;Không đọc độc lập;
2418;v16.2.5;v16.2.15;src/test/common/test_fair_mutex.cc;;A;A;68;0;FALSE;0;100644;0;10ba835a2ddb4b9479e8a152bda258712231c057;5;05-messaging-auth-common;P2;test/QA;reference-only;Không đọc độc lập;
2419;v16.2.5;v16.2.15;src/test/common/test_intrusive_lru.cc;;M;M;0;1;FALSE;100644;100644;f242bdba16004a99aaeac5db417186927d7478e7;62fb1a0829296daa909da9c0de0e21fc6c7ab927;5;05-messaging-auth-common;P2;test/QA;reference-only;Không đọc độc lập;
2420;v16.2.5;v16.2.15;src/test/docker-test-helper.sh;;M;M;4;4;FALSE;100755;100755;ce7beb19f5ec96ce9df15eedbbd9318ab932ea3d;59c3b042f4f579b6fbb65fe25f4e1ea000a3bd87;15;15-upgrade-validation;P2;test/QA;reference-only;Không đọc độc lập;
2421;v16.2.5;v16.2.15;src/test/encoding.cc;;M;M;2;2;FALSE;100644;100644;6d252fae18b71d65e4698c70fcf697de8bdd480a;f18901cbd27d94795679d30cd40ffdee8b3fb116;5;05-messaging-auth-common;P2;test/QA;reference-only;Không đọc độc lập;
2422;v16.2.5;v16.2.15;src/test/encoding/check-generated.sh;;M;M;1;1;FALSE;100755;100755;d89952710f884c0d6ea1b25c394ded91a4f8c701;2569bc1a5969ffe7d402f5d3f6f4234801c4ed20;5;05-messaging-auth-common;P2;test/QA;reference-only;Không đọc độc lập;
2423;v16.2.5;v16.2.15;src/test/fio/CMakeLists.txt;;M;M;0;24;FALSE;100644;100644;5f2a51491ea642a2f78a18b43a0c2c741c8cd293;60731a0c5ed1246bc66bb85aa8b75a58699dd487;10;10-rados-rbd-clients;P2;test/QA;reference-only;Không đọc độc lập;
2424;v16.2.5;v16.2.15;src/test/fio/fio_ceph_messenger.cc;;M;M;1;1;FALSE;100644;100644;4a4cf4fb575125d88dba96815095d93e7f68500f;e5e170288ffe25c21b9eaa2bf86c861624038c4d;10;10-rados-rbd-clients;P2;test/QA;reference-only;Không đọc độc lập;
2425;v16.2.5;v16.2.15;src/test/fio/fio_librgw.cc;;M;M;1;1;FALSE;100644;100644;0def8aac7240b63c49924b32654c6cca464acd57;b088b68f96c5ceb1296edc59a0e7d2fc1e700a3f;10;10-rados-rbd-clients;P2;test/QA;reference-only;Không đọc độc lập;
2426;v16.2.5;v16.2.15;src/test/lazy-omap-stats/CMakeLists.txt;;M;M;1;1;FALSE;100644;100644;636d24c4e82d4b06cf456f25c851d3814c1fddb9;ca60dc390bbd545c3af2cd5f65e860554ed4094c;2;02-bluestore-bluefs;P2;test/QA;reference-only;Không đọc độc lập;
2427;v16.2.5;v16.2.15;src/test/lazy-omap-stats/lazy_omap_stats_test.cc;;M;M;100;47;FALSE;100644;100644;87084e941bd667a0cb963577647ce0b9b2ad8543;d0b8bd7343c724b248d6a60e2ef43dd6dde636bd;2;02-bluestore-bluefs;P2;test/QA;reference-only;Không đọc độc lập;
2428;v16.2.5;v16.2.15;src/test/lazy-omap-stats/lazy_omap_stats_test.h;;M;M;11;3;FALSE;100644;100644;020c72c7358adbfef2fee886917905cc2c9c0892;57cbe6e32698b9083a7bb067c09e1b0bf1035d4b;2;02-bluestore-bluefs;P2;test/QA;reference-only;Không đọc độc lập;
2429;v16.2.5;v16.2.15;src/test/libcephfs/CMakeLists.txt;;M;M;29;0;FALSE;100644;100644;4ede0ecaa954a6b6fe73ba7de859dba60e288de8;01ebe4dec5321de490324b90c8ef53f2912961d2;11;11-cephfs-mds;P2;test/QA;reference-only;Không đọc độc lập;
2430;v16.2.5;v16.2.15;src/test/libcephfs/acl.cc;;M;M;54;0;FALSE;100644;100644;a6c4a65963d92778645610b7d264a9bdde1885bb;2827a9b4b788b613d69b4444cc3161cb204a1255;11;11-cephfs-mds;P2;test/QA;reference-only;Không đọc độc lập;
2431;v16.2.5;v16.2.15;src/test/libcephfs/multiclient.cc;;M;M;83;1;FALSE;100644;100644;465bbd8f77246f0362d55b5a16ed8ba5b8fc37a4;570fdb11bb83411569b9c452f42cdfd79d5c3f88;11;11-cephfs-mds;P2;test/QA;reference-only;Không đọc độc lập;
2432;v16.2.5;v16.2.15;src/test/libcephfs/newops.cc;;A;A;86;0;FALSE;0;100644;0;9897cb8c6a0b687c2151d5c731f31b6db1f65f85;11;11-cephfs-mds;P2;test/QA;reference-only;Không đọc độc lập;
2433;v16.2.5;v16.2.15;src/test/libcephfs/suidsgid.cc;;A;A;331;0;FALSE;0;100644;0;d750613ebd814626636504183928fe65c49a55d3;11;11-cephfs-mds;P2;test/QA;reference-only;Không đọc độc lập;
2434;v16.2.5;v16.2.15;src/test/libcephfs/test.cc;;M;M;183;117;FALSE;100644;100644;1c28bb051b2e59ab6b0532e4ebc02ac16bb62296;7c9943cccb4c0d9f971b22d851baea0c69ed1ea1;11;11-cephfs-mds;P2;test/QA;reference-only;Không đọc độc lập;
2435;v16.2.5;v16.2.15;src/test/libcephfs/vxattr.cc;;A;A;381;0;FALSE;0;100644;0;4a67c55d51a1e589d53320412f528188eb0f4848;11;11-cephfs-mds;P2;test/QA;reference-only;Không đọc độc lập;
2436;v16.2.5;v16.2.15;src/test/librados/TestCase.cc;;M;M;9;4;FALSE;100644;100644;1066587b5ec91b2ff2f9e7563d267f55ea1a2416;45ab25b2eafa6926ac48e7288c236a7947bfe0d7;10;10-rados-rbd-clients;P2;test/QA;reference-only;Không đọc độc lập;
2437;v16.2.5;v16.2.15;src/test/librados/aio.cc;;M;M;35;2;FALSE;100644;100644;2ffff1c342db2be48d20f9a244b94d9dd5cc53f5;9e9ff26d93ef546337ee117049c37c531d718b90;10;10-rados-rbd-clients;P2;test/QA;reference-only;Không đọc độc lập;
2438;v16.2.5;v16.2.15;src/test/librados/aio_cxx.cc;;M;M;236;119;FALSE;100644;100644;84ea454e85ccfe82b3a1524fe501f2afb3f05606;c889677e67bdb6883922bc4c87dbf3f9e0d7768f;10;10-rados-rbd-clients;P2;test/QA;reference-only;Không đọc độc lập;
2439;v16.2.5;v16.2.15;src/test/librados/misc.cc;;M;M;24;18;FALSE;100644;100644;bffab46cbe1f60934db1f2e7d1973d5571e05256;9cf58543e7e31d731516f650fe8ff312fa6d8645;10;10-rados-rbd-clients;P2;test/QA;reference-only;Không đọc độc lập;
2440;v16.2.5;v16.2.15;src/test/librados/pool.cc;;M;M;34;0;FALSE;100644;100644;4b0a3cc0246a9b24a4a990b9b54d475178fe6c14;19a170ed27bf99b23816931120d39b8fa1f888c6;10;10-rados-rbd-clients;P2;test/QA;reference-only;Không đọc độc lập;
2441;v16.2.5;v16.2.15;src/test/librados/service.cc;;M;M;2;2;FALSE;100644;100644;39f9796f414df0873a9c2286ee3dc29475c19c19;223dc967b9af268271b997c2777faa32723c2d21;10;10-rados-rbd-clients;P2;test/QA;reference-only;Không đọc độc lập;
2442;v16.2.5;v16.2.15;src/test/librados/snapshots_cxx.cc;;M;M;53;7;FALSE;100644;100644;dee17ddb8d7a3d4abefab0957121bbef140ca5c4;2e74688643a6c09e0ffe328db98ebae841f9f674;10;10-rados-rbd-clients;P2;test/QA;reference-only;Không đọc độc lập;
2443;v16.2.5;v16.2.15;src/test/librados/test_shared.h;;M;M;1;1;FALSE;100644;100644;6f3747e7b41c13cd2154bb6ce90b63ca3411b9e0;3a18e916e2e4d4a8e42ae8bce52a57669f2a8cef;10;10-rados-rbd-clients;P2;test/QA;reference-only;Không đọc độc lập;
2444;v16.2.5;v16.2.15;src/test/librados/testcase_cxx.cc;;M;M;17;8;FALSE;100644;100644;b660014be1cb4ff12514b65e503f73f83dfe48c8;42235adbc1c5a9b49b7a65835ab03bd9b91bcb14;10;10-rados-rbd-clients;P2;test/QA;reference-only;Không đọc độc lập;
2445;v16.2.5;v16.2.15;src/test/librados/tier_cxx.cc;;M;M;137;47;FALSE;100644;100644;d3cd46a908980631896806dd372d9287f592b258;08ccb608213bd43694768df664f0d787c7b704e3;10;10-rados-rbd-clients;P2;test/QA;reference-only;Không đọc độc lập;
2446;v16.2.5;v16.2.15;src/test/librados/watch_notify.cc;;M;M;67;16;FALSE;100644;100644;e5ea22744a04395d799340141e361ea42788b8ab;2b0cc90ade25e8af4357f5d2611c3931e0bbcf11;10;10-rados-rbd-clients;P2;test/QA;reference-only;Không đọc độc lập;
2447;v16.2.5;v16.2.15;src/test/librados/watch_notify_cxx.cc;;M;M;38;2;FALSE;100644;100644;624f417dad19419a215170c6dcbf1d72aabab982;0a145addd1f42fe414a0753218e70a24ef6a1294;10;10-rados-rbd-clients;P2;test/QA;reference-only;Không đọc độc lập;
2448;v16.2.5;v16.2.15;src/test/librados_test_stub/LibradosTestStub.cc;;M;M;10;3;FALSE;100644;100644;c16cc436aa4a229f5fc6b76195e00be7d851768a;742ee8dd8c0a783ec7ecb5da130d961fe7be9fe3;10;10-rados-rbd-clients;P2;test/QA;reference-only;Không đọc độc lập;
2449;v16.2.5;v16.2.15;src/test/librados_test_stub/MockTestMemIoCtxImpl.h;;M;M;7;5;FALSE;100644;100644;7937e221ad7d49247ddff5030419ec7db8648247;aed431c11b9eba9708132d73acb736d2eabbca6b;10;10-rados-rbd-clients;P2;test/QA;reference-only;Không đọc độc lập;
2450;v16.2.5;v16.2.15;src/test/librados_test_stub/NeoradosTestStub.cc;;M;M;5;1;FALSE;100644;100644;03d729466b6e575bc75c007c41b1a37f7a686a1a;540d86cd8c09be0bcc5630acd8a15881dfd1a1ea;10;10-rados-rbd-clients;P2;test/QA;reference-only;Không đọc độc lập;
2451;v16.2.5;v16.2.15;src/test/librados_test_stub/TestIoCtxImpl.cc;;M;M;1;1;FALSE;100644;100644;73bc8d4a885364030b774dafc99c50ac9c06c003;5ec6b135341ef0d6562601eb05fa8a4f4cb2364b;10;10-rados-rbd-clients;P2;test/QA;reference-only;Không đọc độc lập;
2452;v16.2.5;v16.2.15;src/test/librados_test_stub/TestIoCtxImpl.h;;M;M;1;1;FALSE;100644;100644;3c6ff590da628a607b1c63d4ef56e005a476ac19;fdda17cfdf916ac854fe213d9683b937e5ac6fee;10;10-rados-rbd-clients;P2;test/QA;reference-only;Không đọc độc lập;
2453;v16.2.5;v16.2.15;src/test/librados_test_stub/TestMemCluster.cc;;M;M;6;3;FALSE;100644;100644;f829dd52c4ef421b6a295c6240ceb9e9d311b55a;f0995788b0f275c9d12db2913dedce4830ca271f;10;10-rados-rbd-clients;P2;test/QA;reference-only;Không đọc độc lập;
2454;v16.2.5;v16.2.15;src/test/librados_test_stub/TestWatchNotify.cc;;M;M;10;1;FALSE;100644;100644;3b18026bbf0fcfa17daa422a97c503d4cd31068c;e015efc5e3ea6e625c116d96cc925c022ff9a08e;10;10-rados-rbd-clients;P2;test/QA;reference-only;Không đọc độc lập;
2455;v16.2.5;v16.2.15;src/test/librbd/CMakeLists.txt;;M;M;2;1;FALSE;100644;100644;6d8371fd22f68d5fb042e121f8409a22db2dda73;6fdba5a6c058187bce0653da1c81094440123ce9;10;10-rados-rbd-clients;P2;test/QA;reference-only;Không đọc độc lập;
2456;v16.2.5;v16.2.15;src/test/librbd/cache/pwl/test_mock_ReplicatedWriteLog.cc;;M;M;13;34;FALSE;100644;100644;e01f1b585e45d511dde419b2608923ec399ad2ad;a37f5803897422d6f8d3fbb83feecde104df8443;10;10-rados-rbd-clients;P2;test/QA;reference-only;Không đọc độc lập;
2457;v16.2.5;v16.2.15;src/test/librbd/cache/pwl/test_mock_SSDWriteLog.cc;;M;M;13;34;FALSE;100644;100644;822aebb0cbcdc0d77c2ec986407625fa4ba8d903;72a44dcc9e1110bed21371a18a5e8b65dc009ff6;10;10-rados-rbd-clients;P2;test/QA;reference-only;Không đọc độc lập;
2458;v16.2.5;v16.2.15;src/test/librbd/cache/test_mock_ParentCacheObjectDispatch.cc;;M;M;2;2;FALSE;100644;100644;2b26282512728927a2a6476db0b949bbd1f23cb8;05e56f52066eb05657ccce03a694702547e9892e;10;10-rados-rbd-clients;P2;test/QA;reference-only;Không đọc độc lập;
2459;v16.2.5;v16.2.15;src/test/librbd/cache/test_mock_WriteAroundObjectDispatch.cc;;M;M;25;1;FALSE;100644;100644;52d2bd295069f7dcf96498369ab9b1e9a197ac14;abfd185e31db424ef1c5329e40a17be815c55293;10;10-rados-rbd-clients;P2;test/QA;reference-only;Không đọc độc lập;
2460;v16.2.5;v16.2.15;src/test/librbd/crypto/luks/test_mock_FormatRequest.cc;;M;M;5;0;FALSE;100644;100644;189c666debc5e0f90311873104311fa8b47f0eaa;d27c3fe12853d484a22655a9a736fdbb027fea60;10;10-rados-rbd-clients;P2;test/QA;reference-only;Không đọc độc lập;
2461;v16.2.5;v16.2.15;src/test/librbd/crypto/luks/test_mock_LoadRequest.cc;;M;M;1;0;FALSE;100644;100644;b67b5862fdd4cb5a078a8699585b14423c139a31;1a2300616abc21f68ca83b83ca64714f2c130f95;10;10-rados-rbd-clients;P2;test/QA;reference-only;Không đọc độc lập;
2462;v16.2.5;v16.2.15;src/test/librbd/crypto/openssl/test_DataCryptor.cc;;M;M;2;1;FALSE;100644;100644;69e2b450778eae8ca7420e7e08909f76c4841fca;a3ba4c883ead06a1d432d0117bcfe9a42a8ef731;10;10-rados-rbd-clients;P2;test/QA;reference-only;Không đọc độc lập;
2463;v16.2.5;v16.2.15;src/test/librbd/crypto/test_mock_BlockCrypto.cc;;M;M;26;11;FALSE;100644;100644;6d0a42172331a0f8b9ec2bf120d5b330dc96242a;07dc19437de33d2d17f0cb520e1fc5c9777aae3c;10;10-rados-rbd-clients;P2;test/QA;reference-only;Không đọc độc lập;
2464;v16.2.5;v16.2.15;src/test/librbd/crypto/test_mock_CryptoObjectDispatch.cc;;M;M;1;0;FALSE;100644;100644;f0160f1074a6eef2286b69ee78e5d30b7496200c;04b6b8962b012dbb04d9a2e59a768abab420f19d;10;10-rados-rbd-clients;P2;test/QA;reference-only;Không đọc độc lập;
2465;v16.2.5;v16.2.15;src/test/librbd/crypto/test_mock_LoadRequest.cc;;M;M;1;1;FALSE;100644;100644;ddf57d26de74ed909e6ebc581b4ac0a2b71cb128;f87d4eea2d40bdf78a15bd6b9692d4ecca536f70;10;10-rados-rbd-clients;P2;test/QA;reference-only;Không đọc độc lập;
2466;v16.2.5;v16.2.15;src/test/librbd/crypto/test_mock_ShutDownCryptoRequest.cc;;M;M;4;1;FALSE;100644;100644;4a98873d0aae5e551800c7f0adf05cff48108d69;7585ba2925af495c03ec5551045f98cc8b0f3b95;10;10-rados-rbd-clients;P2;test/QA;reference-only;Không đọc độc lập;
2467;v16.2.5;v16.2.15;src/test/librbd/deep_copy/test_mock_ImageCopyRequest.cc;;M;M;107;0;FALSE;100644;100644;4fac9ea41dc7408f1ffe31fe5cc04a14ae968ebc;caebd0b6342b5f97a60122b746ad2040d8c35fe1;10;10-rados-rbd-clients;P2;test/QA;reference-only;Không đọc độc lập;
2468;v16.2.5;v16.2.15;src/test/librbd/exclusive_lock/test_mock_PreReleaseRequest.cc;;M;M;6;1;FALSE;100644;100644;ceb45ca2e68b45c5b646c2419e2bb9b737deef03;466a3ab421e545de01afb8111eb2499b161429f0;10;10-rados-rbd-clients;P2;test/QA;reference-only;Không đọc độc lập;
2469;v16.2.5;v16.2.15;src/test/librbd/fsx.cc;;M;M;25;1;FALSE;100644;100644;b8be4708e2d01c9b1c8f9dfb46770c4a11c6ade4;94c454bf3c16e4ba6429dfc8cdb256bbda8e35f4;10;10-rados-rbd-clients;P2;test/QA;reference-only;Không đọc độc lập;
2470;v16.2.5;v16.2.15;src/test/librbd/image/test_mock_RefreshRequest.cc;;M;M;188;14;FALSE;100644;100644;96b8fe306737b5ae4dfe174c268d4c4c81c4cf5a;e60409615ecd0a6d61c9df5cf5e4c4046914cc2e;10;10-rados-rbd-clients;P2;test/QA;reference-only;Không đọc độc lập;
2471;v16.2.5;v16.2.15;src/test/librbd/image/test_mock_ValidatePoolRequest.cc;;M;M;8;16;FALSE;100644;100644;65460eab785da1d7653cd90ed99aaebeaa0f8324;f5204ac2049417a45f33484e04a9d010017beac3;10;10-rados-rbd-clients;P2;test/QA;reference-only;Không đọc độc lập;
2472;v16.2.5;v16.2.15;src/test/librbd/io/test_mock_ImageRequest.cc;;M;M;185;14;FALSE;100644;100644;d1390bcf85d85eeae893a75c75eb84cf270bf81a;c2d74364d3ad3e0358c1b677779a5ea460ed4adc;10;10-rados-rbd-clients;P2;test/QA;reference-only;Không đọc độc lập;
2473;v16.2.5;v16.2.15;src/test/librbd/io/test_mock_ObjectRequest.cc;;M;M;111;4;FALSE;100644;100644;c9fa33c43e1cff5024a91da5afa2ef8169fe7952;f1dd79e604f7d49371c323c9e89a051f8569a077;10;10-rados-rbd-clients;P2;test/QA;reference-only;Không đọc độc lập;
2474;v16.2.5;v16.2.15;src/test/librbd/journal/test_Entries.cc;;M;M;63;0;FALSE;100644;100644;d89c4f8e423d225e2415382e396551fa92a2b3ee;e7033a848f9d786f4fbd45ece7d5992af55aba45;10;10-rados-rbd-clients;P2;test/QA;reference-only;Không đọc độc lập;
2475;v16.2.5;v16.2.15;src/test/librbd/journal/test_Stress.cc;;A;A;121;0;FALSE;0;100644;0;d3df9147ae6aedeefa335352beb924dbb92f8035;10;10-rados-rbd-clients;P2;test/QA;reference-only;Không đọc độc lập;
2476;v16.2.5;v16.2.15;src/test/librbd/journal/test_mock_Replay.cc;;M;M;7;8;FALSE;100644;100644;b902e0f95924570ad03b1ef725837c673ac68d52;77d92db949b78710bf1c45ec329235ff83ad6bce;10;10-rados-rbd-clients;P2;test/QA;reference-only;Không đọc độc lập;
2477;v16.2.5;v16.2.15;src/test/librbd/managed_lock/test_mock_GetLockerRequest.cc;;M;M;44;0;FALSE;100644;100644;8cad1f09258c55422b78c690ca1d1bad02ad3692;4ee0cf0f90be0d30ca2a6ca23e6b376922e41fe0;10;10-rados-rbd-clients;P2;test/QA;reference-only;Không đọc độc lập;
2478;v16.2.5;v16.2.15;src/test/librbd/migration/test_mock_HttpClient.cc;;M;M;21;1;FALSE;100644;100644;7a47c4f72a1e09229874ab459183d57b4f8e95b6;f3888755c79e584b83574479e8ebbfbf634a24ec;10;10-rados-rbd-clients;P2;test/QA;reference-only;Không đọc độc lập;
2479;v16.2.5;v16.2.15;src/test/librbd/mirror/snapshot/test_mock_CreatePrimaryRequest.cc;;M;M;419;16;FALSE;100644;100644;9826bf9b0a410215e77115a7a00cde78a542b185;464bd971720991f2f530950665415bdb2a2cde8d;10;10-rados-rbd-clients;P2;test/QA;reference-only;Không đọc độc lập;
2480;v16.2.5;v16.2.15;src/test/librbd/mirror/snapshot/test_mock_UnlinkPeerRequest.cc;;M;M;126;10;FALSE;100644;100644;456b6ccdca11ece0d8340625e07ed722e144faac;920f5d0077e710130d7b406d82d872754c0aebaf;10;10-rados-rbd-clients;P2;test/QA;reference-only;Không đọc độc lập;
2481;v16.2.5;v16.2.15;src/test/librbd/mock/MockObjectMap.h;;M;M;10;2;FALSE;100644;100644;d72408403e8e91ed995ac5cb63cd3f9c692c4127;429e279ad800aae71c1bcc2c5746a4116a407682;10;10-rados-rbd-clients;P2;test/QA;reference-only;Không đọc độc lập;
2482;v16.2.5;v16.2.15;src/test/librbd/mock/io/MockImageDispatch.h;;M;M;8;9;FALSE;100644;100644;02dff3487b6a98fb1eea9d847680c3835d500718;f9552bebeffc22f30df47fb61f993050190f6bfc;10;10-rados-rbd-clients;P2;test/QA;reference-only;Không đọc độc lập;
2483;v16.2.5;v16.2.15;src/test/librbd/object_map/test_mock_DiffRequest.cc;;M;M;2060;269;FALSE;100644;100644;f90d488a555bbd4eaa0d558fdf1fafae8badca37;9b88f0d75ca9e87121168fbf7124c2a7890b0c97;10;10-rados-rbd-clients;P2;test/QA;reference-only;Không đọc độc lập;
2484;v16.2.5;v16.2.15;src/test/librbd/operation/test_mock_SnapshotRemoveRequest.cc;;M;M;52;4;FALSE;100644;100644;886ac768e74b2ad8223ff9c5cdd0e41effb2e260;d872a2112979ca6bea5a5a3b2b8bc29136a6784b;10;10-rados-rbd-clients;P2;test/QA;reference-only;Không đọc độc lập;
2485;v16.2.5;v16.2.15;src/test/librbd/test_internal.cc;;M;M;72;0;FALSE;100644;100644;4a793a021b6024356951bb1cc3d50186af78ccce;b57d0b074c34f5ac4308c70c01ffdf7dca169619;10;10-rados-rbd-clients;P2;test/QA;reference-only;Không đọc độc lập;
2486;v16.2.5;v16.2.15;src/test/librbd/test_librbd.cc;;M;M;758;61;FALSE;100644;100644;4dbd2e2442a8d979d0afcd21489af55e4e4fcb5c;6931e3fccfbc560377ddfa1ffae699de311d5ae6;10;10-rados-rbd-clients;P2;test/QA;reference-only;Không đọc độc lập;
2487;v16.2.5;v16.2.15;src/test/librbd/test_main.cc;;M;M;2;0;FALSE;100644;100644;2ff9f69dea97731bc760ef0e841a973c5297bc21;82b72b1ef7e85e424764faa89b8043e2ad9f958b;10;10-rados-rbd-clients;P2;test/QA;reference-only;Không đọc độc lập;
2488;v16.2.5;v16.2.15;src/test/librbd/test_mirroring.cc;;M;M;12;10;FALSE;100644;100644;4fe1d97b9ed32955338a8b65921db18f33f4beb0;e075c918a78a0a259fc05b70c74b685161fa72ba;10;10-rados-rbd-clients;P2;test/QA;reference-only;Không đọc độc lập;
2489;v16.2.5;v16.2.15;src/test/librbd/test_mock_Journal.cc;;M;M;1;1;FALSE;100644;100644;b57c66e8907cdfc43f003f46248cc5c3a814a4d0;e717bce1aa627393fd49d65e3b5b06390978eb2b;10;10-rados-rbd-clients;P2;test/QA;reference-only;Không đọc độc lập;
2490;v16.2.5;v16.2.15;src/test/librbd/test_mock_ManagedLock.cc;;M;M;28;1;FALSE;100644;100644;3e6b15f6112f68afd22aa7dc0b31d901a45c215a;202072997498baae67195c594e725db5ace5f05a;10;10-rados-rbd-clients;P2;test/QA;reference-only;Không đọc độc lập;
2491;v16.2.5;v16.2.15;src/test/librbd/test_notify.py;;M;M;7;5;FALSE;100755;100755;25c5b3f4e4b7c2bbddbd3939c8c93e682a30c5ff;4e929d74fa46585aaec58242aa95b79e05e0bae1;10;10-rados-rbd-clients;P2;test/QA;reference-only;Không đọc độc lập;
2492;v16.2.5;v16.2.15;src/test/librgw_file_nfsns.cc;;M;M;15;0;FALSE;100644;100644;b2a8fd27b06ed1fb9e9e3043746c0c13fd74357d;5483dce389a85f05a9fbddac455aef10987763b9;12;12-rgw;P2;test/QA;reference-only;Không đọc độc lập;
2493;v16.2.5;v16.2.15;src/test/mds/TestMDSAuthCaps.cc;;M;M;16;16;FALSE;100644;100644;3556a8591c1b80f84165a3fec5b0427cd30de810;d8c5da2d7d68059cf66120bd2b0a0cbd0dd058a1;11;11-cephfs-mds;P2;test/QA;reference-only;Không đọc độc lập;
2494;v16.2.5;v16.2.15;src/test/mgr/CMakeLists.txt;;M;M;6;1;FALSE;100644;100644;9e6950d799ee8d34d8af9e039988d6aa12c5070d;169243824815cc7bc0d85b02bfe7897136b9aaca;13;13-build-packaging-submodules;P2;test/QA;reference-only;Không đọc độc lập;
2495;v16.2.5;v16.2.15;src/test/mgr/test_ttlcache.cc;;A;A;70;0;FALSE;0;100644;0;a1ee0a8626f42a03b7766d8dade26de60df40db1;15;15-upgrade-validation;P2;test/QA;reference-only;Không đọc độc lập;
2496;v16.2.5;v16.2.15;src/test/mon/PGMap.cc;;M;M;4;2;FALSE;100644;100644;7280601fc3ac22e69e25cb207c0afebc7f469edd;7566651323fe12730a94625a5c64ee9d94d75b22;4;04-mon-osdmap-crush;P2;test/QA;reference-only;Không đọc độc lập;
2497;v16.2.5;v16.2.15;src/test/mon/test_election.cc;;M;M;9;5;FALSE;100644;100644;ca5415ff6a930a84aead5d1a7af8cca9b3f8037e;a232d7355f9f5f89c36769b71a1a26e6152b1255;4;04-mon-osdmap-crush;P2;test/QA;reference-only;Không đọc độc lập;
2498;v16.2.5;v16.2.15;src/test/mon/test_mon_workloadgen.cc;;M;M;4;2;FALSE;100644;100644;147ea8bcd04b0147ece4b940f6cc0e2fda36fd62;dcd2ee6e446bc453caf552d3d13c0ad985388243;4;04-mon-osdmap-crush;P2;test/QA;reference-only;Không đọc độc lập;
2499;v16.2.5;v16.2.15;src/test/msgr/perf_msgr_client.cc;;M;M;1;1;FALSE;100644;100644;0e5c5ab367f29353c95f4019da3319b3262b8fb5;32fa4002f5fe47a77de644c1a04b1c8c50a06c9d;5;05-messaging-auth-common;P2;test/QA;reference-only;Không đọc độc lập;
2500;v16.2.5;v16.2.15;src/test/msgr/perf_msgr_server.cc;;M;M;1;1;FALSE;100644;100644;f17f90f6d081a6c1c0086c2e4728a249509eefa2;67bb591a9031898d9e0e7e8247de2aed7fe037e2;5;05-messaging-auth-common;P2;test/QA;reference-only;Không đọc độc lập;
2501;v16.2.5;v16.2.15;src/test/msgr/test_msgr.cc;;M;M;3;3;FALSE;100644;100644;3ebe320be1191274eb6cb7de849204d479efbf82;8e4506a4ef08739ed0ca4725245358ebb28ab6ec;5;05-messaging-auth-common;P2;test/QA;reference-only;Không đọc độc lập;
2502;v16.2.5;v16.2.15;src/test/objectstore/Allocator_test.cc;;M;M;2;3;FALSE;100644;100644;0b417ae18640b969512c05c400ea7e42558bbbd8;b788eaa5fb7592d703f817acf4255e7cb10769cf;2;02-bluestore-bluefs;P2;test/QA;reference-only;Không đọc độc lập;
2503;v16.2.5;v16.2.15;src/test/objectstore/CMakeLists.txt;;M;M;7;0;FALSE;100644;100644;340855657c4fd78164c0a9327c4dc4b78b1d8f25;3294616b9b26fa7f191b1b4e3ab76a5f61cdd046;2;02-bluestore-bluefs;P2;test/QA;reference-only;Không đọc độc lập;
2504;v16.2.5;v16.2.15;src/test/objectstore/fastbmap_allocator_test.cc;;M;M;130;51;FALSE;100644;100644;c59531985050db1a03559df69ffd63e81db0a59b;710b3798f7a6d25ec97abebc9e44ecfa15d6df04;2;02-bluestore-bluefs;P2;test/QA;reference-only;Không đọc độc lập;
2505;v16.2.5;v16.2.15;src/test/objectstore/run_test_deferred.sh;;A;A;52;0;FALSE;0;100755;0;1be4d91048e40e7a25aede938990bec2f3443f8c;2;02-bluestore-bluefs;P2;test/QA;reference-only;Không đọc độc lập;
2506;v16.2.5;v16.2.15;src/test/objectstore/store_test.cc;;M;M;980;20;FALSE;100644;100644;6d7f46d8393b203d5ab3772883011bf85861cfaf;814db64e9edac55bf4088649ac1d0163da34edee;2;02-bluestore-bluefs;P2;test/QA;reference-only;Không đọc độc lập;
2507;v16.2.5;v16.2.15;src/test/objectstore/test_bluefs.cc;;M;M;456;2;FALSE;100644;100644;394a8e9862aa92606b928169f3c9c98b09db577e;92b97202bd942a06991b3d20dfa8a034b80d9dd4;2;02-bluestore-bluefs;P2;test/QA;reference-only;Không đọc độc lập;
2508;v16.2.5;v16.2.15;src/test/objectstore/test_bluestore_types.cc;;M;M;267;0;FALSE;100644;100644;a830915952affd102582c601fa87c604b7ba56b1;2eec810522fe6d3258d899ae17f40d75384770e8;2;02-bluestore-bluefs;P2;test/QA;reference-only;Không đọc độc lập;
2509;v16.2.5;v16.2.15;src/test/objectstore/test_deferred.cc;;A;A;147;0;FALSE;0;100644;0;f2fd6054f1d241fbd88ee8d2deedd8942e835815;2;02-bluestore-bluefs;P2;test/QA;reference-only;Không đọc độc lập;
2510;v16.2.5;v16.2.15;src/test/osd/TestOSDMap.cc;;M;M;363;2;FALSE;100644;100644;5a7b96dce0a603fb39f777eee5193075c683b36c;dabb1a1c0d7463eeb5ea09061f7c98746aa80f99;1;01-osd-pg-recovery;P2;test/QA;reference-only;Không đọc độc lập;
2511;v16.2.5;v16.2.15;src/test/osd/TestPGLog.cc;;M;M;4;4;FALSE;100644;100644;3c45d1212e459a6fcb111230dd15f7746eb70d79;ffc14b7389bee6b403832b39331bb7bc6c4886cd;1;01-osd-pg-recovery;P2;test/QA;reference-only;Không đọc độc lập;
2512;v16.2.5;v16.2.15;src/test/osd/osdcap.cc;;M;M;43;0;FALSE;100644;100644;f1b80faaea4642b864e8c28489e7397f9fc44bcd;0076c50dd003f69e84008b633cdb593438f5a077;1;01-osd-pg-recovery;P2;test/QA;reference-only;Không đọc độc lập;
2513;v16.2.5;v16.2.15;src/test/pybind/CMakeLists.txt;;M;M;2;2;FALSE;100644;100644;14f9b9f3a3e1b2729f4736416af153688ef79a5c;b2f0552a4ee1eb1f4fcdcad13de3b0d39a7fd11a;13;13-build-packaging-submodules;P2;test/QA;reference-only;Không đọc độc lập;
2514;v16.2.5;v16.2.15;src/test/pybind/test_ceph_argparse.py;;M;M;711;693;FALSE;100755;100755;70b7860f026155c918b581a16bbcee1987e7debf;369acb0968faec54bd5c05e8b1068a54ceb90a5d;15;15-upgrade-validation;P2;test/QA;reference-only;Không đọc độc lập;
2515;v16.2.5;v16.2.15;src/test/pybind/test_ceph_daemon.py;;M;M;9;5;FALSE;100755;100755;f3a229a8ceec461fb9f4bb848133d2744ee9b853;df8d4c0b09b91548069e7f0efdfcf53d5889a4c1;15;15-upgrade-validation;P2;test/QA;reference-only;Không đọc độc lập;
2516;v16.2.5;v16.2.15;src/test/pybind/test_rados.py;;M;M;54;2;FALSE;100644;100644;0996914905656d43a1991e81b42e8671289b40c8;195f6444957ae579aef4f73aca1aac609d797a9f;15;15-upgrade-validation;P2;test/QA;reference-only;Không đọc độc lập;
2517;v16.2.5;v16.2.15;src/test/pybind/test_rbd.py;;M;M;6;2;FALSE;100644;100644;75a19381199d38d342f66e07630700f87f867176;9752e9424a91e3676bf39da4ea5b3069c8aace3b;15;15-upgrade-validation;P2;test/QA;reference-only;Không đọc độc lập;
2518;v16.2.5;v16.2.15;src/test/rbd_mirror/image_deleter/test_mock_TrashMoveRequest.cc;;M;M;49;10;FALSE;100644;100644;c3702a9cc33bf2433667a27edbe7a55ab4854846;e1a52c87602c8d8a9444cf547071d7b79e4fe303;10;10-rados-rbd-clients;P2;test/QA;reference-only;Không đọc độc lập;
2519;v16.2.5;v16.2.15;src/test/rbd_mirror/image_replayer/journal/test_mock_PrepareReplayRequest.cc;;M;M;28;102;FALSE;100644;100644;9f75e69e609a60f193251905947f0747adcb15f5;4aa9516294d0635d4a25f55a3c1f1f7ccb8b785a;10;10-rados-rbd-clients;P2;test/QA;reference-only;Không đọc độc lập;
2520;v16.2.5;v16.2.15;src/test/rbd_mirror/image_replayer/snapshot/test_mock_Replayer.cc;;M;M;848;35;FALSE;100644;100644;5567312f2acfae657ca5e6e0a2b5713a81d617d6;4f92517dfb8bfc3217ffd1553a91cda560248f89;10;10-rados-rbd-clients;P2;test/QA;reference-only;Không đọc độc lập;
2521;v16.2.5;v16.2.15;src/test/rbd_mirror/image_replayer/test_mock_BootstrapRequest.cc;;M;M;179;1;FALSE;100644;100644;53a69a84eefafdf4cca5b377d06c9c777338f61d;d8d7ed2da5615c174682682adbfe4a5dd4a473fd;10;10-rados-rbd-clients;P2;test/QA;reference-only;Không đọc độc lập;
2522;v16.2.5;v16.2.15;src/test/rbd_mirror/image_replayer/test_mock_PrepareLocalImageRequest.cc;;M;M;100;0;FALSE;100644;100644;0b0a87e8de52d2b5980e18e4caddfe32f4523d7b;54c3b24efac963092f7df35396e58a94126a55d8;10;10-rados-rbd-clients;P2;test/QA;reference-only;Không đọc độc lập;
2523;v16.2.5;v16.2.15;src/test/rbd_mirror/image_replayer/test_mock_PrepareRemoteImageRequest.cc;;M;M;224;4;FALSE;100644;100644;e49b40821821a5190fdcadbf304dc091dd553c58;e5b473c0f07c7d0a046e9ea973c989d6c2b207cd;10;10-rados-rbd-clients;P2;test/QA;reference-only;Không đọc độc lập;
2524;v16.2.5;v16.2.15;src/test/rbd_mirror/test_ImageReplayer.cc;;M;M;1;1;FALSE;100644;100644;cb21fc7239619fd02b842d71c0d409df718fdd0c;76a6919d5adbb8b83556cb96579a7b7ed0f04599;10;10-rados-rbd-clients;P2;test/QA;reference-only;Không đọc độc lập;
2525;v16.2.5;v16.2.15;src/test/rbd_mirror/test_main.cc;;M;M;2;1;FALSE;100644;100644;e6c708c97db080324bf09ea437d5d01360bf74e2;ed6641e2ea3e08a72a933ce458854865f33cddd2;10;10-rados-rbd-clients;P2;test/QA;reference-only;Không đọc độc lập;
2526;v16.2.5;v16.2.15;src/test/rbd_mirror/test_mock_ImageReplayer.cc;;M;M;204;15;FALSE;100644;100644;20693e3223b7b35b3b69f8753d8af4a0bca69253;32a4f82b53b444e47fa62739cc0af557e3ac1e70;10;10-rados-rbd-clients;P2;test/QA;reference-only;Không đọc độc lập;
2527;v16.2.5;v16.2.15;src/test/rbd_mirror/test_mock_MirrorStatusUpdater.cc;;M;M;138;8;FALSE;100644;100644;057159ceb4b884bde21d2d0ca293b28e44df85fd;ef2af00f26140b30f97d04b4c29f7466ed39bb4c;10;10-rados-rbd-clients;P2;test/QA;reference-only;Không đọc độc lập;
2528;v16.2.5;v16.2.15;src/test/rgw/CMakeLists.txt;;M;M;0;2;FALSE;100644;100644;569cbb93a0e6934311a978b15fcdc14b62516b06;641fd69cd91cfbe3e0ac0cc5d072caf9bf770c76;12;12-rgw;P2;test/QA;reference-only;Không đọc độc lập;
2529;v16.2.5;v16.2.15;src/test/rgw/amqp_mock.cc;;M;M;9;0;FALSE;100644;100644;5f0b00e9f1e0f6264e3a04cc3e9297635a35f918;8674e5026f68ccfdaa61c77bcb2dc8c08899ed59;12;12-rgw;P2;test/QA;reference-only;Không đọc độc lập;
2530;v16.2.5;v16.2.15;src/test/rgw/amqp_url.c;;M;M;2;0;FALSE;100644;100644;071f43902aaefb90c4de07a0c30c49bce5fc8364;520e95c69d87adf1d9223f99805519f2667187a5;12;12-rgw;P2;test/QA;reference-only;Không đọc độc lập;
2531;v16.2.5;v16.2.15;src/test/rgw/rgw_multi/tests_ps.py;;D;D;0;4940;FALSE;100644;0;fd6e73e868adfe772f5e788bb3e40138081178d4;0;12;12-rgw;P2;test/QA;reference-only;Không đọc độc lập;
2532;v16.2.5;v16.2.15;src/test/rgw/rgw_multi/zone_ps.py;;D;D;0;433;FALSE;100644;0;9f55626d21181f796c150fc80f9ec0715df9d3c5;0;12;12-rgw;P2;test/QA;reference-only;Không đọc độc lập;
2533;v16.2.5;v16.2.15;src/test/rgw/test_cls_fifo_legacy.cc;;M;M;0;1;FALSE;100644;100644;02678c5221275a5c5925d840c6625c7ea2ed512f;42c6296432a38a2e96840cdc627d6b07e24e8288;12;12-rgw;P2;test/QA;reference-only;Không đọc độc lập;
2534;v16.2.5;v16.2.15;src/test/rgw/test_http_manager.cc;;M;M;34;4;FALSE;100644;100644;e27e1895a45c354158dc0cc194a83493dc145423;3988394848959116e5ec1ee3bfa29f09762a41f9;12;12-rgw;P2;test/QA;reference-only;Không đọc độc lập;
2535;v16.2.5;v16.2.15;src/test/rgw/test_multi.md;;M;M;0;3;FALSE;100644;100644;6acba7d7323b4e0f4c820ee0ccc2206021758bb0;f2c1285300ec15cb433882b401f09c45b06c8926;12;12-rgw;P2;test/QA;reference-only;Không đọc độc lập;
2536;v16.2.5;v16.2.15;src/test/rgw/test_multi.py;;M;M;3;23;FALSE;100644;100644;e32d00f0da31740cbeb584388c791ed4f803b5eb;1becc3a4b1736364421b12f7b51bd66c99dfc36d;12;12-rgw;P2;test/QA;reference-only;Không đọc độc lập;
2537;v16.2.5;v16.2.15;src/test/rgw/test_rgw_amqp.cc;;M;M;0;28;FALSE;100644;100644;421f757515bcf8829fe944a231a2af09973dd0d0;e4beb34d18459a1f105dc5aec7aaf05d817b0ed5;12;12-rgw;P2;test/QA;reference-only;Không đọc độc lập;
2538;v16.2.5;v16.2.15;src/test/rgw/test_rgw_dmclock_scheduler.cc;;M;M;11;11;FALSE;100644;100644;d13c4fca69e58e808085fba232d62a7309402d39;ca4aa02012d998bb0e82486e657745859cb2d3b1;12;12-rgw;P2;test/QA;reference-only;Không đọc độc lập;
2539;v16.2.5;v16.2.15;src/test/rgw/test_rgw_iam_policy.cc;;M;M;168;175;FALSE;100644;100644;0970540eb197f96c469afd31740beec17808a356;3c3c07870fa6a36b96c4638b419c420920bfe945;12;12-rgw;P2;test/QA;reference-only;Không đọc độc lập;
2540;v16.2.5;v16.2.15;src/test/rgw/test_rgw_lua.cc;;M;M;75;27;FALSE;100644;100644;7d7af6d786f3de2b1c54d92e2049cfa3acb7d5e0;b6bf0375a48a15518b89cf49b28987825067f707;12;12-rgw;P2;test/QA;reference-only;Không đọc độc lập;
2541;v16.2.5;v16.2.15;src/test/rgw/test_rgw_reshard_wait.cc;;M;M;3;3;FALSE;100644;100644;fa947c4f3c2c45afd377624c103d7250a6b051d9;1db8bad391a6723f3ce8a31d7074c6c724341902;12;12-rgw;P2;test/QA;reference-only;Không đọc độc lập;
2542;v16.2.5;v16.2.15;src/test/rgw/test_rgw_throttle.cc;;M;M;2;2;FALSE;100644;100644;109dd100619542d2609d1c6db0b20ec027a19080;12bc75edbc50cad0cd3fbbf27705c2b5104e40ac;12;12-rgw;P2;test/QA;reference-only;Không đọc độc lập;
2543;v16.2.5;v16.2.15;src/test/rgw/test_rgw_url.cc;;M;M;12;0;FALSE;100644;100644;d38457b815d2ea24ce7676d4e94dbf77389ad281;b61e1d5959210ec16dde06ec6b251e692114dc2a;12;12-rgw;P2;test/QA;reference-only;Không đọc độc lập;
2544;v16.2.5;v16.2.15;src/test/run-cli-tests;;M;M;1;6;FALSE;100755;100755;0e94751ceaaea785cf72d6d5ad8fc0fb5d9266ff;9572c68342f05f3cabda45bfde9403cc0e63dd3a;15;15-upgrade-validation;P2;test/QA;reference-only;Không đọc độc lập;
2545;v16.2.5;v16.2.15;src/test/run-rbd-valgrind-unit-tests.sh;;M;M;1;1;FALSE;100755;100755;da2f00d0cceb191b6461a05f100d731cf055651b;46340392323dda25f2ac24620a479efda09e6ec0;15;15-upgrade-validation;P2;test/QA;reference-only;Không đọc độc lập;
2546;v16.2.5;v16.2.15;src/test/system/systest_runnable.cc;;M;M;4;2;FALSE;100644;100644;f7342aa7ded00a5727b6e2ea6d9fd926b5524b63;40f94c4036fb102fa6868137fa25b82d86dc96ef;15;15-upgrade-validation;P2;test/QA;reference-only;Không đọc độc lập;
2547;v16.2.5;v16.2.15;src/test/test_ipaddr.cc;;M;M;56;50;FALSE;100644;100644;748ecf05eb8a279d4c347d16b20741e027a7b917;c94de964a8a964415d9343db1f5a545d5757a45a;5;05-messaging-auth-common;P2;test/QA;reference-only;Không đọc độc lập;
2548;v16.2.5;v16.2.15;src/test/test_snap_mapper.cc;;M;M;31;0;FALSE;100644;100644;50730080d8dc7387dc52755cef827f3c5c9c05af;77e31ec0eb730eae0c51593728fb48afceeedab8;15;15-upgrade-validation;P2;test/QA;reference-only;Không đọc độc lập;
2549;v16.2.5;v16.2.15;src/test/test_weighted_shuffle.cc;;M;M;52;0;FALSE;100644;100644;9f92cbdc09519308745c6d274de922df1ea98244;efc1cdeb7cb18e34558ba6193b17bd729809f3bb;15;15-upgrade-validation;P2;test/QA;reference-only;Không đọc độc lập;
2550;v16.2.5;v16.2.15;src/tools/CMakeLists.txt;;M;M;2;1;FALSE;100644;100644;1a92898c571e321b6b1f8056a81dee45c079e5ad;53314d13858c8db3292e5dcb4b8f2b5e03d6a447;13;13-build-packaging-submodules;P1;build/package;deep;Đọc sâu khi ảnh hưởng build, package, quyền hoặc service: build, packaging, systemd, dependency và submodule.;
2551;v16.2.5;v16.2.15;src/tools/ceph-dencoder/CMakeLists.txt;;M;M;58;27;FALSE;100644;100644;869904ebb407d80c300ad515e7f1a519bea13ae3;a92ac5e6997381e091cdb7fbcabaa0649a71fd28;13;13-build-packaging-submodules;P1;build/package;deep;Đọc sâu khi ảnh hưởng build, package, quyền hoặc service: build, packaging, systemd, dependency và submodule.;
2552;v16.2.5;v16.2.15;src/tools/ceph-dencoder/ceph_dencoder.cc;;M;M;70;35;FALSE;100644;100644;87091561b39a3370b645a26ed654b76b48157948;42060f860e394a36ba0e784755f36775d0977ed0;15;15-upgrade-validation;P1;tool/script;conditional;Đọc theo điều kiện sử dụng;
2553;v16.2.5;v16.2.15;src/tools/ceph-dencoder/common_types.cc;;M;M;7;2;FALSE;100644;100644;889a9e99e1cdcc20f68a13e396bc5fc91cdfe515;fa763c3bbd96b213c75b9ea4f21b796fa4850a04;15;15-upgrade-validation;P1;tool/script;conditional;Đọc theo điều kiện sử dụng;
2554;v16.2.5;v16.2.15;src/tools/ceph-dencoder/common_types.h;;M;M;3;0;FALSE;100644;100644;1445580c2e4f5d5e6eef46773c77eee200a1d96a;1eba16bb8e73050026254ea8ffc1dd1c84ac7110;15;15-upgrade-validation;P1;tool/script;conditional;Đọc theo điều kiện sử dụng;
2555;v16.2.5;v16.2.15;src/tools/ceph-dencoder/denc_plugin.h;;A;A;82;0;FALSE;0;100644;0;58690a4b9c7c497e5d6f8f1e855fb21b8f3d536b;15;15-upgrade-validation;P1;tool/script;conditional;Đọc theo điều kiện sử dụng;
2556;v16.2.5;v16.2.15;src/tools/ceph-dencoder/denc_registry.cc;;D;D;0;12;FALSE;100644;0;0db83af7f79bae58e31e231d42519ef6b96eca01;0;15;15-upgrade-validation;P1;tool/script;conditional;Đọc theo điều kiện sử dụng;
2557;v16.2.5;v16.2.15;src/tools/ceph-dencoder/denc_registry.h;;M;M;7;26;FALSE;100644;100644;74c7be97db7e674521c684bbd923e5e9b1394e27;dc1db36d3f221baf6f1ca89957e8a95a8a876b7f;15;15-upgrade-validation;P1;tool/script;conditional;Đọc theo điều kiện sử dụng;
2558;v16.2.5;v16.2.15;src/tools/ceph-dencoder/mds_types.cc;;M;M;7;2;FALSE;100644;100644;5bec4bb146cfc500d2723d97bdb4f521ec4db759;94280477a5b56bc5542f806edf65d797c7e9f3ea;15;15-upgrade-validation;P1;tool/script;conditional;Đọc theo điều kiện sử dụng;
2559;v16.2.5;v16.2.15;src/tools/ceph-dencoder/osd_types.cc;;M;M;7;2;FALSE;100644;100644;c0b82d4f36b73149e8b069c3699220d29cd64c0a;13a90685bc8545d08f6345bff0c858105dbd1ffd;15;15-upgrade-validation;P1;tool/script;conditional;Đọc theo điều kiện sử dụng;
2560;v16.2.5;v16.2.15;src/tools/ceph-dencoder/rbd_types.cc;;M;M;7;2;FALSE;100644;100644;6327d1904a19a476bc00f0c0f0cda02ff26fc7f8;e04efc30d52877e9996c768a347a645a87e7868d;15;15-upgrade-validation;P1;tool/script;conditional;Đọc theo điều kiện sử dụng;
2561;v16.2.5;v16.2.15;src/tools/ceph-dencoder/rbd_types.h;;M;M;1;1;FALSE;100644;100644;6fb84dea66ba121008101582643907650557daf6;0f004e54ace40ec45bb79dd0278cb418c35ee498;15;15-upgrade-validation;P1;tool/script;conditional;Đọc theo điều kiện sử dụng;
2562;v16.2.5;v16.2.15;src/tools/ceph-dencoder/rgw_types.cc;;M;M;7;2;FALSE;100644;100644;82dde00d24ee60f9f6a5b30cb32eb97d085dc5fa;79688b5343f5737a4852062f7fe87dd220e2cb3b;15;15-upgrade-validation;P1;tool/script;conditional;Đọc theo điều kiện sử dụng;
2563;v16.2.5;v16.2.15;src/tools/ceph_monstore_tool.cc;;M;M;33;4;FALSE;100644;100644;de26e8aedadb5d8e88910911a95fbc24485e794f;6614c9b88a5a0082173c90f017b5fb1a52866f6a;4;04-mon-osdmap-crush;P1;tool/script;conditional;Đọc theo điều kiện sử dụng;
2564;v16.2.5;v16.2.15;src/tools/ceph_objectstore_tool.cc;;M;M;295;16;FALSE;100644;100644;d9abe03af6edf452d689ced3ef636a5cc5fa38bc;311dc3d1ca74e4c2c43ca9d94b16f5ef7c059e4c;2;02-bluestore-bluefs;P1;tool/script;conditional;Đọc theo điều kiện sử dụng;
2565;v16.2.5;v16.2.15;src/tools/ceph_objectstore_tool.h;;M;M;1;1;FALSE;100644;100644;aafe886ba697058114c5f013563d1ac7d26dfaa0;82aa83e5d2c3d5ed38b34fc7f72564b08b0aa8e4;2;02-bluestore-bluefs;P1;tool/script;conditional;Đọc theo điều kiện sử dụng;
2566;v16.2.5;v16.2.15;src/tools/cephfs/CMakeLists.txt;;M;M;1;6;FALSE;100644;100644;7449e3704b002f95504b0818120a59444d35723c;5d40f8ffb17cb1bf4c5d2a9f2f52f316ed86331d;11;11-cephfs-mds;P1;build/package;deep;Đọc sâu khi ảnh hưởng build, package, quyền hoặc service: CephFS/MDS/client, session, caps, volumes và NFS.;
2567;v16.2.5;v16.2.15;src/tools/cephfs/DataScan.cc;;M;M;241;61;FALSE;100644;100644;649e96b15ad3fcdacdbb2ef9371c22d71d08d66f;35c171da075d25cee72c7365048d0dd9c342b6ad;11;11-cephfs-mds;P1;tool/script;conditional;Đọc theo điều kiện sử dụng;
2568;v16.2.5;v16.2.15;src/tools/cephfs/DataScan.h;;M;M;2;0;FALSE;100644;100644;5c87fe2bdec4a89a169209ba49445f8e3964d5be;a48b3f7dccef57bde428a64873865c163098591c;11;11-cephfs-mds;P1;tool/script;conditional;Đọc theo điều kiện sử dụng;
2569;v16.2.5;v16.2.15;src/tools/cephfs/JournalTool.cc;;M;M;1;1;FALSE;100644;100644;ec98609803a46a3998f44efae380440a2f9592aa;0836ee8b3d2c36491af18a102141f23772dc9ae4;11;11-cephfs-mds;P1;tool/script;conditional;Đọc theo điều kiện sử dụng;
2570;v16.2.5;v16.2.15;src/tools/cephfs/shell/CMakeLists.txt;;A;A;7;0;FALSE;0;100644;0;5a1f6ad8020e3e6d526c708158d638193a84974a;11;11-cephfs-mds;P1;build/package;deep;Đọc sâu khi ảnh hưởng build, package, quyền hoặc service: CephFS/MDS/client, session, caps, volumes và NFS.;
2571;v16.2.5;v16.2.15;src/tools/cephfs/shell/cephfs-shell;src/tools/cephfs/cephfs-shell;R;R097;35;38;FALSE;100755;100755;4c88cb8cd71ba8cf3dfece92d6a167eeff8721a0;51bd569e07d15ec1a31a7eee273603def99e7116;11;11-cephfs-mds;P1;tool/script;conditional;Đọc theo điều kiện sử dụng;
2572;v16.2.5;v16.2.15;src/tools/cephfs/shell/setup.py;src/tools/cephfs/setup.py;R;R100;0;0;FALSE;100644;100644;8cf7f28f7d54ecc0cd9f6dc81224084862da15bf;8cf7f28f7d54ecc0cd9f6dc81224084862da15bf;11;11-cephfs-mds;P2;mechanical/zero-LOC;reference-only;Không đọc nội dung độc lập;
2573;v16.2.5;v16.2.15;src/tools/cephfs/shell/tox.ini;src/tools/cephfs/tox.ini;R;R100;0;0;FALSE;100644;100644;c1cbff051369ab76f895d9f2c01089de700f9d8b;c1cbff051369ab76f895d9f2c01089de700f9d8b;11;11-cephfs-mds;P2;mechanical/zero-LOC;reference-only;Không đọc nội dung độc lập;
2574;v16.2.5;v16.2.15;src/tools/cephfs/top/CMakeLists.txt;;M;M;4;0;FALSE;100644;100644;49750c850af046ea07380df7d44c819b29368990;8f9df018775196040033b34a48e4425c0b97add7;11;11-cephfs-mds;P1;build/package;deep;Đọc sâu khi ảnh hưởng build, package, quyền hoặc service: CephFS/MDS/client, session, caps, volumes và NFS.;
2575;v16.2.5;v16.2.15;src/tools/cephfs/top/cephfs-top;;M;M;973;189;FALSE;100755;100755;55f9e633d38fbf8edda363dd7e68d547f57d4a5f;880ef56f521373377b65ebdab7d59d2c10975638;11;11-cephfs-mds;P1;tool/script;conditional;Đọc theo điều kiện sử dụng;
2576;v16.2.5;v16.2.15;src/tools/cephfs_mirror/ClusterWatcher.cc;;M;M;9;1;FALSE;100644;100644;a5d04717a97bf5c7cf1e7c77fb99f2f45f547680;b5f6f81d7f772eabae3297e8108e6cf869d532cc;11;11-cephfs-mds;P1;tool/script;conditional;Đọc theo điều kiện sử dụng;
2577;v16.2.5;v16.2.15;src/tools/cephfs_mirror/ClusterWatcher.h;;M;M;1;0;FALSE;100644;100644;e3bf6298b507cee9705e8cee5993801fbc14f898;a418898f555ef91a5798b410598501e06c0a43ea;11;11-cephfs-mds;P1;tool/script;conditional;Đọc theo điều kiện sử dụng;
2578;v16.2.5;v16.2.15;src/tools/cephfs_mirror/FSMirror.h;;M;M;24;0;FALSE;100644;100644;bae5a38e1b53cb93b70d546631e2be18f34d26f8;e469b2cc948a129bfdd624b483bc62cf686ebcbd;11;11-cephfs-mds;P1;tool/script;conditional;Đọc theo điều kiện sử dụng;
2579;v16.2.5;v16.2.15;src/tools/cephfs_mirror/InstanceWatcher.cc;;M;M;3;0;FALSE;100644;100644;9c357da318548138d7f80bf5323d80cd880b51fb;9320a90454aec5a34ae5766cc2aa9859e2941da4;11;11-cephfs-mds;P1;tool/script;conditional;Đọc theo điều kiện sử dụng;
2580;v16.2.5;v16.2.15;src/tools/cephfs_mirror/InstanceWatcher.h;;M;M;13;0;FALSE;100644;100644;06edf5da97a27a8e559503e783e970f9a03dff71;a27faa70465646a62adcc27d6704666be312ba99;11;11-cephfs-mds;P1;tool/script;conditional;Đọc theo điều kiện sử dụng;
2581;v16.2.5;v16.2.15;src/tools/cephfs_mirror/Mirror.cc;;M;M;21;32;FALSE;100644;100644;a4d7742df0f08c6ae0d4dcb3ac4ae896e07db3ad;edf903b921fb3a8d9fb2fcccb54d78effa385bcd;11;11-cephfs-mds;P1;tool/script;conditional;Đọc theo điều kiện sử dụng;
2582;v16.2.5;v16.2.15;src/tools/cephfs_mirror/Mirror.h;;M;M;16;3;FALSE;100644;100644;f0ffdd51625625dfb41be76110254a5f973d2573;2081b5b53050f0e08f098aa1cf6f18a2b4f9f191;11;11-cephfs-mds;P1;tool/script;conditional;Đọc theo điều kiện sử dụng;
2583;v16.2.5;v16.2.15;src/tools/cephfs_mirror/MirrorWatcher.cc;;M;M;3;0;FALSE;100644;100644;26b88d077e59809b8565eea6d29fe5f5b3906574;b3770d103ea3ef00371ee92de5b89a09d5802796;11;11-cephfs-mds;P1;tool/script;conditional;Đọc theo điều kiện sử dụng;
2584;v16.2.5;v16.2.15;src/tools/cephfs_mirror/MirrorWatcher.h;;M;M;13;0;FALSE;100644;100644;c4d4f452294d8459d4c53ad7b6ed97fb8f03e732;54e185b95b04eed14b3f0dbc2dd36a09b1c98859;11;11-cephfs-mds;P1;tool/script;conditional;Đọc theo điều kiện sử dụng;
2585;v16.2.5;v16.2.15;src/tools/cephfs_mirror/PeerReplayer.cc;;M;M;36;10;FALSE;100644;100644;6c2e6ee5b884ccb7092e72609cd870d3bc85e152;6ff1c057e3c6d9aeeb5925f1ea004d218054b607;11;11-cephfs-mds;P1;tool/script;conditional;Đọc theo điều kiện sử dụng;
2586;v16.2.5;v16.2.15;src/tools/cephfs_mirror/PeerReplayer.h;;M;M;3;10;FALSE;100644;100644;f32064278695427b4da09f119d7f027dea6b321c;10768f3761f35841a83808a695517e72511e1615;11;11-cephfs-mds;P1;tool/script;conditional;Đọc theo điều kiện sử dụng;
2587;v16.2.5;v16.2.15;src/tools/cephfs_mirror/ServiceDaemon.h;;M;M;1;2;FALSE;100644;100644;393c7d5cffd65674d06e96a0dac6a58fa23ff25d;83eee286d41eb687706d2780b22e4eb2eaec18ca;11;11-cephfs-mds;P1;tool/script;conditional;Đọc theo điều kiện sử dụng;
2588;v16.2.5;v16.2.15;src/tools/immutable_object_cache/ObjectCacheStore.cc;;M;M;2;2;FALSE;100644;100644;483687ffe5fc9af95fb2fb38d36d7a4abbccc924;1b1eef1e38360e196eba63475ed8341fba8d7e9b;10;10-rados-rbd-clients;P1;tool/script;conditional;Đọc theo điều kiện sử dụng;
2589;v16.2.5;v16.2.15;src/tools/immutable_object_cache/ObjectCacheStore.h;;M;M;1;0;FALSE;100644;100644;607921320aef4541f4f6c9565ab08ee501e15f11;51e5a77b855d01e1cf28ff95ab57f2799503d88b;10;10-rados-rbd-clients;P1;tool/script;conditional;Đọc theo điều kiện sử dụng;
2590;v16.2.5;v16.2.15;src/tools/kvstore_tool.cc;;M;M;1;1;FALSE;100644;100644;d26a195880ef3a93620f2a9f71591846e63ada3d;a9b472756642f380ca374a2d4e4bf7280924c5c9;3;03-rocksdb-block-device;P1;tool/script;conditional;Đọc theo điều kiện sử dụng;
2591;v16.2.5;v16.2.15;src/tools/osdmaptool.cc;;M;M;3;2;FALSE;100644;100644;9bbe40f4d169fbd297134df6d56813cdf6d79216;8d1a38f4b36ab928c62c6206f6c30bc7a289bbd5;4;04-mon-osdmap-crush;P1;tool/script;conditional;Đọc theo điều kiện sử dụng;
2592;v16.2.5;v16.2.15;src/tools/rados/rados.cc;;M;M;15;5;FALSE;100644;100644;7564fc7f0f2ad7bfc38253392412b95865fac55f;912d8c92d98c0d4489c471d01016a5a62bab0451;10;10-rados-rbd-clients;P1;tool/script;conditional;Đọc theo điều kiện sử dụng;
2593;v16.2.5;v16.2.15;src/tools/rbd/ArgumentTypes.h;;M;M;2;1;FALSE;100644;100644;57473f31c6564cb455f4c18e795bafabd23a0f35;39d374c64c3cd5e2ad86e2c4b3aecc851b7b7d64;10;10-rados-rbd-clients;P1;tool/script;conditional;Đọc theo điều kiện sử dụng;
2594;v16.2.5;v16.2.15;src/tools/rbd/CMakeLists.txt;;M;M;1;1;FALSE;100644;100644;6fe867af3611cca4c5721c4f5cdda067cc71464b;5a895354d536519e9890061154a785b0f62b68f6;10;10-rados-rbd-clients;P1;build/package;deep;Đọc sâu khi ảnh hưởng build, package, quyền hoặc service: RADOS/RBD/client/class, snapshot, diff và object-map.;
2595;v16.2.5;v16.2.15;src/tools/rbd/OptionPrinter.cc;;M;M;13;0;FALSE;100644;100644;5a5bf9504989cc77a33150aa4778e2c94c32a218;0fea6b691f1bd07aebd68b52197d4ec293691932;10;10-rados-rbd-clients;P1;tool/script;conditional;Đọc theo điều kiện sử dụng;
2596;v16.2.5;v16.2.15;src/tools/rbd/Schedule.cc;;M;M;12;4;FALSE;100644;100644;d7fcf1253deb6b95a05428777eb8e220892fc48f;15dda3aee7ef940941d2d89b9ee07d4d55824865;10;10-rados-rbd-clients;P1;tool/script;conditional;Đọc theo điều kiện sử dụng;
2597;v16.2.5;v16.2.15;src/tools/rbd/Schedule.h;;M;M;1;1;FALSE;100644;100644;90e78eb7f682c734cfd6d4ca0f17b2ebf058c931;bf0964bb1e51b6fd948cf4c730b769cabc176fe1;10;10-rados-rbd-clients;P1;tool/script;conditional;Đọc theo điều kiện sử dụng;
2598;v16.2.5;v16.2.15;src/tools/rbd/Shell.cc;;M;M;14;11;FALSE;100644;100644;b3d33e9c81f6f151c82d4e979c209b4304dd038f;05052ff98dd8b395bb6651ab6efbf3bdbfa51eb2;10;10-rados-rbd-clients;P1;tool/script;conditional;Đọc theo điều kiện sử dụng;
2599;v16.2.5;v16.2.15;src/tools/rbd/Utils.cc;;M;M;57;3;FALSE;100644;100644;27789df1d6eb01f48f62b3cac927ab1cceb88298;2d250fa6b99c18aa584d2627376a6424ad00d828;10;10-rados-rbd-clients;P1;tool/script;conditional;Đọc theo điều kiện sử dụng;
2600;v16.2.5;v16.2.15;src/tools/rbd/Utils.h;;M;M;9;2;FALSE;100644;100644;a3f9baac7d338423e31e11c975f0bfc5ad6448c7;bd00765f8ed7511600f31fde492f7e5dbbe80eac;10;10-rados-rbd-clients;P1;tool/script;conditional;Đọc theo điều kiện sử dụng;
2601;v16.2.5;v16.2.15;src/tools/rbd/action/Children.cc;;M;M;1;0;FALSE;100644;100644;f459e92b761c3a0e9b9456e3b9cdd2e28f38f356;58e861b6928bcf31f070a0a6133eb50bde649624;10;10-rados-rbd-clients;P1;tool/script;conditional;Đọc theo điều kiện sử dụng;
2602;v16.2.5;v16.2.15;src/tools/rbd/action/Device.cc;;M;M;71;2;FALSE;100644;100644;9ab906311628b223af8d145f3a2a22bbc4a36554;078f944cc6de127d19c4dba77332eb297b7f08d1;10;10-rados-rbd-clients;P1;tool/script;conditional;Đọc theo điều kiện sử dụng;
2603;v16.2.5;v16.2.15;src/tools/rbd/action/Diff.cc;;M;M;0;1;FALSE;100644;100644;3729469c50dad4f0bced6b3e1919ad2a0371ee96;838ef6cc5109cf1a1a4a30730a2382e503088171;10;10-rados-rbd-clients;P1;tool/script;conditional;Đọc theo điều kiện sử dụng;
2604;v16.2.5;v16.2.15;src/tools/rbd/action/Export.cc;;M;M;0;1;FALSE;100644;100644;5551c8ee881df96f08d37ed346c6625c6d99fb3c;f40c587cc537711a4168f13555c736d0a698fcfd;10;10-rados-rbd-clients;P1;tool/script;conditional;Đọc theo điều kiện sử dụng;
2605;v16.2.5;v16.2.15;src/tools/rbd/action/Ggate.cc;;M;M;34;55;FALSE;100644;100644;74cd57dd5a2d0fc7dd0c9eedc0f9972ae2101c28;11782d70ada88997794ff60b06011b9d1449acdd;10;10-rados-rbd-clients;P1;tool/script;conditional;Đọc theo điều kiện sử dụng;
2606;v16.2.5;v16.2.15;src/tools/rbd/action/Group.cc;;M;M;1;1;FALSE;100644;100644;e4d49bdac73c7da01f6773344ad66cf25f69e063;5c2232a6fc68f960cee6d0dd0a5e00e662e8b6e2;10;10-rados-rbd-clients;P1;tool/script;conditional;Đọc theo điều kiện sử dụng;
2607;v16.2.5;v16.2.15;src/tools/rbd/action/ImageCache.cc;;D;D;0;71;FALSE;100644;0;0edd2893125853061ed476c765cd9f832da63b98;0;10;10-rados-rbd-clients;P1;tool/script;conditional;Đọc theo điều kiện sử dụng;
2608;v16.2.5;v16.2.15;src/tools/rbd/action/Kernel.cc;;M;M;46;5;FALSE;100644;100644;3ed8e59037b0950042971587369030cb6ea1d6aa;02ceb77238b7fe125d1f720590b78f5f1eb30f6c;10;10-rados-rbd-clients;P1;tool/script;conditional;Đọc theo điều kiện sử dụng;
2609;v16.2.5;v16.2.15;src/tools/rbd/action/List.cc;;M;M;1;1;FALSE;100644;100644;b63f97aeb23bc1468a55cfc7aed2321b912a491d;e70835102b6c79da1a929b79ab7137ade2664548;10;10-rados-rbd-clients;P1;tool/script;conditional;Đọc theo điều kiện sử dụng;
2610;v16.2.5;v16.2.15;src/tools/rbd/action/Migration.cc;;M;M;2;0;FALSE;100644;100644;05b15f1869ccad0a147402484b3fdb5ebbce5d3e;1ce6201d96489c44ce1c9356c75512412fcbbfbd;10;10-rados-rbd-clients;P1;tool/script;conditional;Đọc theo điều kiện sử dụng;
2611;v16.2.5;v16.2.15;src/tools/rbd/action/MirrorImage.cc;;M;M;2;1;FALSE;100644;100644;ab037b296e3060ae89c8b22509a190b8008243ad;505d377f4807f694ba6bdc286f6b4a99d4652b5f;10;10-rados-rbd-clients;P1;tool/script;conditional;Đọc theo điều kiện sử dụng;
2612;v16.2.5;v16.2.15;src/tools/rbd/action/MirrorPool.cc;;M;M;11;11;FALSE;100644;100644;052df75f8d874538c9f32921c32aa54b66415877;b714c3babadec338b876aff722aac670d7080494;10;10-rados-rbd-clients;P1;tool/script;conditional;Đọc theo điều kiện sử dụng;
2613;v16.2.5;v16.2.15;src/tools/rbd/action/MirrorSnapshotSchedule.cc;;M;M;2;2;FALSE;100644;100644;af684944017d118d13e235874c154471443351ba;3f269c2ad8717b6d1df7a3fb1f5ead4dc00cb774;10;10-rados-rbd-clients;P1;tool/script;conditional;Đọc theo điều kiện sử dụng;
2614;v16.2.5;v16.2.15;src/tools/rbd/action/Namespace.cc;;M;M;3;3;FALSE;100644;100644;746ab40c2b26cdecc419edc127557606a1d5c2db;12d92bff86e892643f231ebd5a01b01b2a4ffba2;10;10-rados-rbd-clients;P1;tool/script;conditional;Đọc theo điều kiện sử dụng;
2615;v16.2.5;v16.2.15;src/tools/rbd/action/Nbd.cc;;M;M;124;55;FALSE;100644;100644;bb6ef982920d8dfbd405148d9e59c5444004ee87;061fdfa306a66c5df9f493079c18e02ce53a12db;10;10-rados-rbd-clients;P1;tool/script;conditional;Đọc theo điều kiện sử dụng;
2616;v16.2.5;v16.2.15;src/tools/rbd/action/Perf.cc;;M;M;12;4;FALSE;100644;100644;c38e02780650db6c43f23b937a3f541e7a528388;b39beac9148e4b3ada134dc42022933c493332fb;10;10-rados-rbd-clients;P1;tool/script;conditional;Đọc theo điều kiện sử dụng;
2617;v16.2.5;v16.2.15;src/tools/rbd/action/PersistentCache.cc;;A;A;122;0;FALSE;0;100644;0;949006b828fc498edfcc72cb8e3414549de65392;10;10-rados-rbd-clients;P1;tool/script;conditional;Đọc theo điều kiện sử dụng;
2618;v16.2.5;v16.2.15;src/tools/rbd/action/Pool.cc;;M;M;2;2;FALSE;100644;100644;f1718eb1e1325a74bf5686dedc4b99f8c93fb32a;2ad8e17ff8e2488c25ac8076114517c512fd1f36;10;10-rados-rbd-clients;P1;tool/script;conditional;Đọc theo điều kiện sử dụng;
2619;v16.2.5;v16.2.15;src/tools/rbd/action/Status.cc;;M;M;124;14;FALSE;100644;100644;b63c455dd7b054611f9d19912a6039131380958c;958a686c4167854d530d16c0985ed72b2a2a022f;10;10-rados-rbd-clients;P1;tool/script;conditional;Đọc theo điều kiện sử dụng;
2620;v16.2.5;v16.2.15;src/tools/rbd/action/Trash.cc;;M;M;2;4;FALSE;100644;100644;05cc724589b374c4a7595bc532b0d87d4c60e95d;6765fbb3eb4af90e7ce0316c3fa1d1ddc301b4e7;10;10-rados-rbd-clients;P1;tool/script;conditional;Đọc theo điều kiện sử dụng;
2621;v16.2.5;v16.2.15;src/tools/rbd/action/TrashPurgeSchedule.cc;;M;M;5;3;FALSE;100644;100644;f090754c4b9713e5e1d153d6426a5fdebfec78d6;5c133c29580492f557e5e4bda180b6b97cac85f9;10;10-rados-rbd-clients;P1;tool/script;conditional;Đọc theo điều kiện sử dụng;
2622;v16.2.5;v16.2.15;src/tools/rbd/action/Wnbd.cc;;M;M;45;67;FALSE;100644;100644;4e5b20b61b03c88992500f564dfc51832cee27f4;85d2c7057bfab6db4ce404206eb3372c5a7bcf6d;10;10-rados-rbd-clients;P1;tool/script;conditional;Đọc theo điều kiện sử dụng;
2623;v16.2.5;v16.2.15;src/tools/rbd_mirror/ImageDeleter.h;;M;M;1;1;FALSE;100644;100644;d9f4e14a7e2ccb7eedf0d5cf7a852e830eb31690;5fe79496bc998797c039262c86f7ad76801f5e82;10;10-rados-rbd-clients;P1;tool/script;conditional;Đọc theo điều kiện sử dụng;
2624;v16.2.5;v16.2.15;src/tools/rbd_mirror/ImageMap.cc;;M;M;1;1;FALSE;100644;100644;4493e073b98bc9a0827d369fa585b48184866a84;d352fcb2c14034b17e4e8466be607b4dd2b28d84;10;10-rados-rbd-clients;P1;tool/script;conditional;Đọc theo điều kiện sử dụng;
2625;v16.2.5;v16.2.15;src/tools/rbd_mirror/ImageReplayer.cc;;M;M;113;64;FALSE;100644;100644;f5cd65fe821ecde22b3988f714ec504b1159af9d;ccdcdf8cefd47a16c701bc9e3e13f4063f1b6e5e;10;10-rados-rbd-clients;P1;tool/script;conditional;Đọc theo điều kiện sử dụng;
2626;v16.2.5;v16.2.15;src/tools/rbd_mirror/ImageReplayer.h;;M;M;9;5;FALSE;100644;100644;47f221278706bd01283aa5e9ce00b195a621596d;432fdf225750c8ddd9461f3cd9908e1cff7db4db;10;10-rados-rbd-clients;P1;tool/script;conditional;Đọc theo điều kiện sử dụng;
2627;v16.2.5;v16.2.15;src/tools/rbd_mirror/InstanceReplayer.cc;;M;M;1;0;FALSE;100644;100644;7ef2a6ef6cffe71a90555412e476033b23bf8e70;e625bf36504298f574eb15f7f56a7323856d73ca;10;10-rados-rbd-clients;P1;tool/script;conditional;Đọc theo điều kiện sử dụng;
2628;v16.2.5;v16.2.15;src/tools/rbd_mirror/MirrorStatusUpdater.cc;;M;M;32;6;FALSE;100644;100644;0530db601f3bc2ca6ecb07432827f8c7144b464f;257cb1df27cf7a9e559d5f1192aa5f6d6de9cb2b;10;10-rados-rbd-clients;P1;tool/script;conditional;Đọc theo điều kiện sử dụng;
2629;v16.2.5;v16.2.15;src/tools/rbd_mirror/MirrorStatusUpdater.h;;M;M;4;1;FALSE;100644;100644;60ae68ce2c7cd30fb6f254b64f1d30199b091a5d;783b818fc56e84d2ee52f33d478b1371aaa2f1cf;10;10-rados-rbd-clients;P1;tool/script;conditional;Đọc theo điều kiện sử dụng;
2630;v16.2.5;v16.2.15;src/tools/rbd_mirror/PoolReplayer.cc;;M;M;1;1;FALSE;100644;100644;a240b11c45ca3a329e6568844f2fb2140f5a90b2;de0d60241e3fb7085cb3bda5bb80bd6fb2d7dd0b;10;10-rados-rbd-clients;P1;tool/script;conditional;Đọc theo điều kiện sử dụng;
2631;v16.2.5;v16.2.15;src/tools/rbd_mirror/RemotePoolPoller.cc;;M;M;2;2;FALSE;100644;100644;4f5994f1da6781a487465952cec2d140095b683b;8bfb35d4af1efeb1fd2e40235ca6fec0353a434e;10;10-rados-rbd-clients;P1;tool/script;conditional;Đọc theo điều kiện sử dụng;
2632;v16.2.5;v16.2.15;src/tools/rbd_mirror/Threads.h;;M;M;1;1;FALSE;100644;100644;91c923ab4a04e30860610756c2422ad23af9c236;35c0b0f1cfa3e86e7fbc319a1611989cede8d3f7;10;10-rados-rbd-clients;P1;tool/script;conditional;Đọc theo điều kiện sử dụng;
2633;v16.2.5;v16.2.15;src/tools/rbd_mirror/Types.cc;;M;M;1;1;FALSE;100644;100644;aa9bc7c3fe55f556d0e27563f79f49b7799514ca;cd71c73b1cc69e76db6755238a65e85a1f69b6e3;10;10-rados-rbd-clients;P1;tool/script;conditional;Đọc theo điều kiện sử dụng;
2634;v16.2.5;v16.2.15;src/tools/rbd_mirror/Types.h;;M;M;7;2;FALSE;100644;100644;c299aabe3145b4583d31350d143a7191d5e502ee;7b2a3b5cea5fa2a834e954409fb6365fafdf51ec;10;10-rados-rbd-clients;P1;tool/script;conditional;Đọc theo điều kiện sử dụng;
2635;v16.2.5;v16.2.15;src/tools/rbd_mirror/image_deleter/TrashMoveRequest.cc;;M;M;16;7;FALSE;100644;100644;7f718cb9c66e2f390feb4993093fca4f434a48f9;e53923ef38730650aaf88d1ff2192908c69b4c01;10;10-rados-rbd-clients;P1;tool/script;conditional;Đọc theo điều kiện sử dụng;
2636;v16.2.5;v16.2.15;src/tools/rbd_mirror/image_map/LoadRequest.cc;;M;M;77;1;FALSE;100644;100644;7387b476cc0ff284d138a40a3ef769be2a3d3653;46564a1607a2b1d944836bc2f421b85040f21a9c;10;10-rados-rbd-clients;P1;tool/script;conditional;Đọc theo điều kiện sử dụng;
2637;v16.2.5;v16.2.15;src/tools/rbd_mirror/image_map/LoadRequest.h;;M;M;13;0;FALSE;100644;100644;7657e1108a0687f55fb3b56f1a7e013fb1044992;9b1be96857aeb0c71758740632040cd405a1bb6a;10;10-rados-rbd-clients;P1;tool/script;conditional;Đọc theo điều kiện sử dụng;
2638;v16.2.5;v16.2.15;src/tools/rbd_mirror/image_map/Policy.cc;;M;M;1;0;FALSE;100644;100644;ccf188742a10705c74c8b4687ef8b74fb9663368;62fbd12dc0bc8df4f83396815932572dc79134c2;10;10-rados-rbd-clients;P1;tool/script;conditional;Đọc theo điều kiện sử dụng;
2639;v16.2.5;v16.2.15;src/tools/rbd_mirror/image_replayer/BootstrapRequest.cc;;M;M;25;13;FALSE;100644;100644;1671bb9f6a65bcfae76ec1a40984f0119451e552;bda5b5f9bd760c19a1938ff8d8bbf971205f7779;10;10-rados-rbd-clients;P1;tool/script;conditional;Đọc theo điều kiện sử dụng;
2640;v16.2.5;v16.2.15;src/tools/rbd_mirror/image_replayer/BootstrapRequest.h;;M;M;1;1;FALSE;100644;100644;3d17ae48bc2fd26fda5212c00bbcb1617e5592ef;f5bb8dd8a16cf181c34ec7cbdd2782f93bd39661;10;10-rados-rbd-clients;P1;tool/script;conditional;Đọc theo điều kiện sử dụng;
2641;v16.2.5;v16.2.15;src/tools/rbd_mirror/image_replayer/PrepareLocalImageRequest.cc;;M;M;29;3;FALSE;100644;100644;a64117425d93f5bedcc221303024d8a01078ac99;b1fef7254760a1178045d8c47229fe759f205015;10;10-rados-rbd-clients;P1;tool/script;conditional;Đọc theo điều kiện sử dụng;
2642;v16.2.5;v16.2.15;src/tools/rbd_mirror/image_replayer/PrepareLocalImageRequest.h;;M;M;7;0;FALSE;100644;100644;8285ca060b3e322e027f290dab0d70ecd7d5cfd9;6372169ff05507ade5c7e23391e76143dc47454c;10;10-rados-rbd-clients;P1;tool/script;conditional;Đọc theo điều kiện sử dụng;
2643;v16.2.5;v16.2.15;src/tools/rbd_mirror/image_replayer/PrepareRemoteImageRequest.cc;;M;M;10;25;FALSE;100644;100644;54a9dbf1650d532bb5b7a464d86e8d283780677a;45a44a300e88bf3beeb496212054e9080cab5dd0;10;10-rados-rbd-clients;P1;tool/script;conditional;Đọc theo điều kiện sử dụng;
2644;v16.2.5;v16.2.15;src/tools/rbd_mirror/image_replayer/PrepareRemoteImageRequest.h;;M;M;1;1;FALSE;100644;100644;0d0129d55826bb98ec44bb13699a298ef75cccf6;483cfc00195f93c0d00f3f7213732bbfab60891a;10;10-rados-rbd-clients;P1;tool/script;conditional;Đọc theo điều kiện sử dụng;
2645;v16.2.5;v16.2.15;src/tools/rbd_mirror/image_replayer/StateBuilder.cc;;M;M;20;5;FALSE;100644;100644;3cd03e51e5cab85e3a0bcbf9d2e5cd2d8df212be;55fb3509d19d20fa477e2abaaf3f5f05db2a889b;10;10-rados-rbd-clients;P1;tool/script;conditional;Đọc theo điều kiện sử dụng;
2646;v16.2.5;v16.2.15;src/tools/rbd_mirror/image_replayer/StateBuilder.h;;M;M;7;6;FALSE;100644;100644;d055c84e02068fcad5aca354314a9e1aacc4efd2;51cf8668c1eff3c612e007211a9520173672f49b;10;10-rados-rbd-clients;P1;tool/script;conditional;Đọc theo điều kiện sử dụng;
2647;v16.2.5;v16.2.15;src/tools/rbd_mirror/image_replayer/journal/PrepareReplayRequest.cc;;M;M;0;11;FALSE;100644;100644;69631f27587ede2a4a9264a323b0bcfa347a829e;c8a96a4ad364c7d1fa4607f091e480b61ce83ff6;10;10-rados-rbd-clients;P1;tool/script;conditional;Đọc theo điều kiện sử dụng;
2648;v16.2.5;v16.2.15;src/tools/rbd_mirror/image_replayer/journal/PrepareReplayRequest.h;;M;M;2;6;FALSE;100644;100644;4538c94a4ad94077365f177d2d70631c676983cb;2b6fb659be3434ae48c1f792e09ea61213d5d833;10;10-rados-rbd-clients;P1;tool/script;conditional;Đọc theo điều kiện sử dụng;
2649;v16.2.5;v16.2.15;src/tools/rbd_mirror/image_replayer/journal/Replayer.cc;;M;M;6;6;FALSE;100644;100644;a2d47f5505155156ef5a6b5776b1394cf0682adc;3ce9104d247bd48ace93d53eb18863fe714be039;10;10-rados-rbd-clients;P1;tool/script;conditional;Đọc theo điều kiện sử dụng;
2650;v16.2.5;v16.2.15;src/tools/rbd_mirror/image_replayer/journal/StateBuilder.cc;;M;M;4;5;FALSE;100644;100644;8d391580ed7c0b121a7453f399d0ecfc27a34bcc;5f1fb0e2f09fc073fbe7567ac06275d1387cd00e;10;10-rados-rbd-clients;P1;tool/script;conditional;Đọc theo điều kiện sử dụng;
2651;v16.2.5;v16.2.15;src/tools/rbd_mirror/image_replayer/journal/StateBuilder.h;;M;M;5;1;FALSE;100644;100644;1d4fa83cbb041b75ef4d7b1cd1f9391a93777db6;790d1390bec6a588e411d132061cca6f22c184a4;10;10-rados-rbd-clients;P1;tool/script;conditional;Đọc theo điều kiện sử dụng;
2652;v16.2.5;v16.2.15;src/tools/rbd_mirror/image_replayer/snapshot/PrepareReplayRequest.h;;M;M;2;6;FALSE;100644;100644;315080238f7dcabce9000da3e8a59800695c1ab0;4e9246acd6a99aa2302c0c410fdfe7f0485b4314;10;10-rados-rbd-clients;P1;tool/script;conditional;Đọc theo điều kiện sử dụng;
2653;v16.2.5;v16.2.15;src/tools/rbd_mirror/image_replayer/snapshot/Replayer.cc;;M;M;125;29;FALSE;100644;100644;bde5150847506236f662c251e5a82c0f546c71e7;b068eddb738e53c7d43ad8723fe005ea19c165e3;10;10-rados-rbd-clients;P1;tool/script;conditional;Đọc theo điều kiện sử dụng;
2654;v16.2.5;v16.2.15;src/tools/rbd_mirror/image_replayer/snapshot/Replayer.h;;M;M;14;0;FALSE;100644;100644;c2c28171f87dcb63d79480e8f5f5553d004bb891;17d45f6bc802d693f42835bd6a7a5745f02c7076;10;10-rados-rbd-clients;P1;tool/script;conditional;Đọc theo điều kiện sử dụng;
2655;v16.2.5;v16.2.15;src/tools/rbd_mirror/image_replayer/snapshot/StateBuilder.cc;;M;M;4;5;FALSE;100644;100644;2fb2534d642063f40546d4bb6b949e188fac95c4;ca3e6918babc8cf0f89e852ff4c598584402f9fe;10;10-rados-rbd-clients;P1;tool/script;conditional;Đọc theo điều kiện sử dụng;
2656;v16.2.5;v16.2.15;src/tools/rbd_mirror/image_replayer/snapshot/StateBuilder.h;;M;M;3;1;FALSE;100644;100644;ab326255fdb863fd6a0861fb9b33fe24d6cc1048;a4ab82982c103e34b0ee1c3d9156ec31c0c84c5d;10;10-rados-rbd-clients;P1;tool/script;conditional;Đọc theo điều kiện sử dụng;
2657;v16.2.5;v16.2.15;src/tools/rbd_mirror/main.cc;;M;M;33;14;FALSE;100644;100644;ab350a014cf8030e254f49543a3e76c35598aa99;74c97272e15908e579b29018147d6839a7d4ac81;10;10-rados-rbd-clients;P1;tool/script;conditional;Đọc theo điều kiện sử dụng;
2658;v16.2.5;v16.2.15;src/tools/rbd_nbd/nbd-netlink.h;;M;M;1;0;FALSE;100644;100644;c5d0ef7aa7d5c25cdf8b0bebe935f353a7231311;2d0b90964227a068a0950ae549c70b4128bd3c72;10;10-rados-rbd-clients;P1;tool/script;conditional;Đọc theo điều kiện sử dụng;
2659;v16.2.5;v16.2.15;src/tools/rbd_nbd/rbd-nbd.cc;;M;M;143;33;FALSE;100644;100644;044808830084c65100786133cabb73f590dd4b6a;55445cd0b2f60c9d2416d60bf1b0c70ccf630183;10;10-rados-rbd-clients;P1;tool/script;conditional;Đọc theo điều kiện sử dụng;
2660;v16.2.5;v16.2.15;src/tools/setup-virtualenv.sh;;M;M;8;3;FALSE;100755;100755;af945e2c5a46fba68beb2aca06aadebbf3fac297;34aee158a2302d3f595d749200a0d5126a008cc0;15;15-upgrade-validation;P1;tool/script;conditional;Đọc theo điều kiện sử dụng;
2661;v16.2.5;v16.2.15;src/tracing/CMakeLists.txt;;M;M;2;2;FALSE;100644;100644;62d17c17fe80c65ffc141673ab554b664f8d16a0;0044299a44bbac985232cb6da37386920dfdde23;5;05-messaging-auth-common;P1;build/package;deep;Đọc sâu khi ảnh hưởng build, package, quyền hoặc service: messenger, messages, auth, encode/decode và common runtime.;
2662;v16.2.5;v16.2.15;src/vstart.sh;;M;M;64;35;FALSE;100755;100755;ddb6b2b33e298fecfb23b3dd5e59089d596d493c;3e53cf0d618972c58298e88b2d0b5613a3234dc9;15;15-upgrade-validation;P1;tool/script;conditional;Đọc theo điều kiện sử dụng;
2663;v16.2.5;v16.2.15;sudoers.d/ceph-smartctl;sudoers.d/ceph-osd-smartctl;R;R060;1;1;FALSE;100644;100644;f53f6af9bc0b44d75f5dcce7b1f63ea409ce7bd4;2649cea2b32462d74f5dfb6ecf09a6cdd0089225;13;13-build-packaging-submodules;P1;build/package;deep;Đọc sâu khi ảnh hưởng build, package, quyền hoặc service: build, packaging, systemd, dependency và submodule.;rename 60%
2664;v16.2.5;v16.2.15;systemd/ceph-mon@.service.in;;M;M;4;1;FALSE;100644;100644;b7c92f278e345d0e14c501bb0f24c067d55881e3;2eba83c3cc9bcc5dcfeefd8bc2491a0b13574b58;13;13-build-packaging-submodules;P1;build/package;deep;Đọc sâu khi ảnh hưởng build, package, quyền hoặc service: build, packaging, systemd, dependency và submodule.;
2665;v16.2.5;v16.2.15;win32_deps_build.sh;;M;M;13;12;FALSE;100755;100755;7347043fe0735c65ea45d7550580c9813d96465c;71c5e54bef696ca47f8a3c8b9321f89aa598f163;13;13-build-packaging-submodules;P1;build/package;deep;Đọc sâu khi ảnh hưởng build, package, quyền hoặc service: build, packaging, systemd, dependency và submodule.;
