"index";"base_tag";"target_tag";"path";"old_path";"status";"status_detail";"additions";"deletions";"binary";"old_mode";"new_mode";"old_blob";"new_blob";"group";"owner_report";"priority";"file_type";"review_mode";"analysis_decision";"diff_note";"upgrade_disposition";"finding_id";"disposition_reason";"symbols";"commit_shas";"evidence_status"
"141";"v16.2.5";"v16.2.15";"doc/mgr/administrator.rst";"";"M";"M";"18";"1";"FALSE";"100644";"100644";"cfe84af14b93856fb01f829b5ccefb4c20b824d4";"62294580a337c5a0539ab8f6fde1cede48b95729";"7";"07-mgr-modules-monitoring";"P2";"documentation";"reference-only";"Không phân tích code sâu";"";"support";"MGR-002";"Tài liệu MGR module/cache hỗ trợ lifecycle và TTL-cache history; không phải runtime change độc lập.";"";"";"support-inspected"
"142";"v16.2.5";"v16.2.15";"doc/mgr/cli_api.rst";"";"A";"A";"39";"0";"FALSE";"0";"100644";"0";"81a99ae44ac184180a8fb57e018a719c90ceb7ee";"7";"07-mgr-modules-monitoring";"P2";"documentation";"reference-only";"Không phân tích code sâu";"";"trivial";"";"Tài liệu tham khảo hoặc biên tập; không tự tạo hành vi runtime mới.";"";"";"screened-endpoint+history"
"143";"v16.2.5";"v16.2.15";"doc/mgr/dashboard.rst";"";"M";"M";"450";"323";"FALSE";"100644";"100644";"32d02fd4a6bec61553e8ada9ee9166a87c89e5d6";"ca5dd7fb8bf348cd1786d62e41e605309e7d296b";"7";"07-mgr-modules-monitoring";"P2";"documentation";"reference-only";"Không phân tích code sâu";"";"support";"MGR-007";"Tài liệu Dashboard hỗ trợ TLS, standby redirect và service behavior.";"";"";"support-inspected"
"144";"v16.2.5";"v16.2.15";"doc/mgr/dashboard_plugins/debug.inc.rst";"";"M";"M";"21";"4";"FALSE";"100644";"100644";"e11137cd258df902c97f1b195aeb37b5f585346d";"883419cbf57c87458c95c3e91ee0cbb00232ffcd";"7";"07-mgr-modules-monitoring";"P2";"documentation";"reference-only";"Không phân tích code sâu";"";"trivial";"";"Tài liệu tham khảo hoặc biên tập; không tự tạo hành vi runtime mới.";"";"";"screened-endpoint+history"
"145";"v16.2.5";"v16.2.15";"doc/mgr/dashboard_plugins/feature_toggles.inc.rst";"";"M";"M";"14";"4";"FALSE";"100644";"100644";"5153e7092c80f1450cb8f75e8da6bca1d4c990a5";"7c96b0faaaf5b80a230c187cc5eefd2aa75bcd62";"7";"07-mgr-modules-monitoring";"P2";"documentation";"reference-only";"Không phân tích code sâu";"";"trivial";"";"Tài liệu tham khảo hoặc biên tập; không tự tạo hành vi runtime mới.";"";"";"screened-endpoint+history"
"146";"v16.2.5";"v16.2.15";"doc/mgr/dashboard_plugins/motd.inc.rst";"";"A";"A";"36";"0";"FALSE";"0";"100644";"0";"0f9cc199a9737dc09937c89009aae2ca84319632";"7";"07-mgr-modules-monitoring";"P2";"documentation";"reference-only";"Không phân tích code sâu";"";"trivial";"";"Tài liệu tham khảo hoặc biên tập; không tự tạo hành vi runtime mới.";"";"";"screened-endpoint+history"
"147";"v16.2.5";"v16.2.15";"doc/mgr/index.rst";"";"M";"M";"2";"0";"FALSE";"100644";"100644";"0b03acfb9385a156e37bd9f415dab0332cf91f8a";"66fa19f863944943efb5a9784815fdbbf341461e";"7";"07-mgr-modules-monitoring";"P2";"documentation";"reference-only";"Không phân tích code sâu";"";"trivial";"";"Tài liệu tham khảo hoặc biên tập; không tự tạo hành vi runtime mới.";"";"";"screened-endpoint+history"
"148";"v16.2.5";"v16.2.15";"doc/mgr/modules.rst";"";"M";"M";"1";"0";"FALSE";"100644";"100644";"8979b4e6a537a3d18d53849f867fa367d8d617b1";"9ac0d30f1afc89ef1f3f6ca1459588f376522d96";"7";"07-mgr-modules-monitoring";"P2";"documentation";"reference-only";"Không phân tích code sâu";"";"support";"MGR-002";"Tài liệu MGR module/cache hỗ trợ lifecycle và TTL-cache history; không phải runtime change độc lập.";"";"";"support-inspected"
"149";"v16.2.5";"v16.2.15";"doc/mgr/nfs.rst";"";"A";"A";"636";"0";"FALSE";"0";"100644";"0";"a79d994ddb3818cfdd9da628607e23b9c5179262";"7";"07-mgr-modules-monitoring";"P2";"documentation";"reference-only";"Không phân tích code sâu";"";"trivial";"";"Tài liệu tham khảo hoặc biên tập; không tự tạo hành vi runtime mới.";"";"";"screened-endpoint+history"
"150";"v16.2.5";"v16.2.15";"doc/mgr/orchestrator.rst";"";"M";"M";"89";"30";"FALSE";"100644";"100644";"ca35126bc2415441807c760947214d872c1e69cc";"24704e5e1b3061021a9e7fcf3d97b58d4d76be05";"7";"07-mgr-modules-monitoring";"P2";"documentation";"reference-only";"Không phân tích code sâu";"";"trivial";"";"Tài liệu tham khảo hoặc biên tập; không tự tạo hành vi runtime mới.";"";"";"screened-endpoint+history"
"151";"v16.2.5";"v16.2.15";"doc/mgr/orchestrator_modules.rst";"";"M";"M";"7";"0";"FALSE";"100644";"100644";"65e2e4981d1337c55531fa20788a31d52c08dac5";"a28b43059d210d1b1a4bd72acdf1c6f9b612102f";"7";"07-mgr-modules-monitoring";"P2";"documentation";"reference-only";"Không phân tích code sâu";"";"trivial";"";"Tài liệu tham khảo hoặc biên tập; không tự tạo hành vi runtime mới.";"";"";"screened-endpoint+history"
"152";"v16.2.5";"v16.2.15";"doc/mgr/prometheus.rst";"";"M";"M";"144";"33";"FALSE";"100644";"100644";"2c0fff5dcf7d87ed964943ae6db96b6b2c7c668e";"13b8ff5cc7716701f309d7d4efe412487e5cac59";"7";"07-mgr-modules-monitoring";"P2";"documentation";"reference-only";"Không phân tích code sâu";"";"support";"MGR-005,MGR-006";"Tài liệu Prometheus hỗ trợ standby/scrape contract; regression duplicate metadata vẫn được xác minh từ endpoint code.";"";"";"support-inspected"
"153";"v16.2.5";"v16.2.15";"doc/mgr/rook.rst";"";"M";"M";"5";"3";"FALSE";"100644";"100644";"483772e4911107bc2ba2dcc97f29a604e8edb34a";"1ae369623197baaa82458e33555bf8bdeb30f07d";"7";"07-mgr-modules-monitoring";"P2";"documentation";"reference-only";"Không phân tích code sâu";"";"trivial";"";"Tài liệu tham khảo hoặc biên tập; không tự tạo hành vi runtime mới.";"";"";"screened-endpoint+history"
"154";"v16.2.5";"v16.2.15";"doc/mgr/telemetry.rst";"";"M";"M";"21";"0";"FALSE";"100644";"100644";"6eaaa5c44923527dff8358faba139ead43ff6324";"a2479c3f3ac0b62dc6d89d5d91f3cb1ec2d1f170";"7";"07-mgr-modules-monitoring";"P2";"documentation";"reference-only";"Không phân tích code sâu";"";"trivial";"";"Tài liệu tham khảo hoặc biên tập; không tự tạo hành vi runtime mới.";"";"";"screened-endpoint+history"
"271";"v16.2.5";"v16.2.15";"monitoring/ceph-mixin/.gitignore";"";"A";"A";"1";"0";"FALSE";"0";"100644";"0";"22d0d82f8095e9c0ed572776afb47f9ca293ce00";"7";"07-mgr-modules-monitoring";"P1";"runtime/source";"deep";"Chọn đọc sâu theo nhóm: implementation thuộc MGR, dashboard, module, metrics, alerts và monitoring.";"";"support";"MGR-010";"ceph-mixin source/build/test/generated artifact hỗ trợ alert-rule migration và deployment validation.";"";"";"support-inspected"
"272";"v16.2.5";"v16.2.15";"monitoring/ceph-mixin/.pylintrc";"";"A";"A";"1";"0";"FALSE";"0";"120000";"0";"26d91e4cd8665eebdf90ca5a698c654c757bc558";"7";"07-mgr-modules-monitoring";"P1";"runtime/source";"deep";"Chọn đọc sâu theo nhóm: implementation thuộc MGR, dashboard, module, metrics, alerts và monitoring.";"";"support";"MGR-010";"ceph-mixin source/build/test/generated artifact hỗ trợ alert-rule migration và deployment validation.";"";"";"support-inspected"
"273";"v16.2.5";"v16.2.15";"monitoring/ceph-mixin/CMakeLists.txt";"";"A";"A";"58";"0";"FALSE";"0";"100644";"0";"411cfb970d0d1b80c06c966d61ec9b0fce3ef6e1";"7";"07-mgr-modules-monitoring";"P1";"build/package";"deep";"Đọc sâu khi ảnh hưởng build, package, quyền hoặc service: MGR, dashboard, module, metrics, alerts và monitoring.";"";"support";"MGR-010";"ceph-mixin source/build/test/generated artifact hỗ trợ alert-rule migration và deployment validation.";"";"";"support-inspected"
"274";"v16.2.5";"v16.2.15";"monitoring/ceph-mixin/Makefile";"";"A";"A";"24";"0";"FALSE";"0";"100644";"0";"0cb7aa5393c297298a7cba78e47ede5a37c4fabc";"7";"07-mgr-modules-monitoring";"P1";"build/package";"deep";"Đọc sâu khi ảnh hưởng build, package, quyền hoặc service: MGR, dashboard, module, metrics, alerts và monitoring.";"";"support";"MGR-010";"ceph-mixin source/build/test/generated artifact hỗ trợ alert-rule migration và deployment validation.";"";"";"support-inspected"
"275";"v16.2.5";"v16.2.15";"monitoring/ceph-mixin/README.md";"";"A";"A";"76";"0";"FALSE";"0";"100644";"0";"4772021939ef7736def6ebbf0be88d34204c0d59";"7";"07-mgr-modules-monitoring";"P2";"documentation";"reference-only";"Không phân tích code sâu";"";"support";"MGR-010";"ceph-mixin source/build/test/generated artifact hỗ trợ alert-rule migration và deployment validation.";"";"";"support-inspected"
"276";"v16.2.5";"v16.2.15";"monitoring/ceph-mixin/alerts.jsonnet";"";"A";"A";"1";"0";"FALSE";"0";"100644";"0";"43826eedd21d963aaa326fcd9df93fcdf87a4893";"7";"07-mgr-modules-monitoring";"P1";"monitoring";"conditional";"Đọc theo điều kiện vận hành";"";"conditional";"MGR-010";"Alert rule contract đổi 18 tên cũ sang 58 tên target; tác động khi package/cephadm thay file và Prometheus reload rules.";"alertname;prometheus_alerts";"";"verified-endpoint+packaging"
"277";"v16.2.5";"v16.2.15";"monitoring/ceph-mixin/alerts.libsonnet";"";"A";"A";"4";"0";"FALSE";"0";"100644";"0";"c2d39e2d33302080eeac151e388f7a487e609f68";"7";"07-mgr-modules-monitoring";"P1";"monitoring";"conditional";"Đọc theo điều kiện vận hành";"";"conditional";"MGR-010";"Alert rule contract đổi 18 tên cũ sang 58 tên target; tác động khi package/cephadm thay file và Prometheus reload rules.";"alertname;prometheus_alerts";"";"verified-endpoint+packaging"
"278";"v16.2.5";"v16.2.15";"monitoring/ceph-mixin/config.libsonnet";"";"A";"A";"11";"0";"FALSE";"0";"100644";"0";"7ee1210b043310cf23652ebc95191e43ac4b9252";"7";"07-mgr-modules-monitoring";"P1";"monitoring";"conditional";"Đọc theo điều kiện vận hành";"";"support";"MGR-010";"ceph-mixin source/build/test/generated artifact hỗ trợ alert-rule migration và deployment validation.";"";"";"support-inspected"
"279";"v16.2.5";"v16.2.15";"monitoring/ceph-mixin/dashboards.jsonnet";"";"A";"A";"6";"0";"FALSE";"0";"100644";"0";"9d913ed3f18c4be7f7ac8da35c6ebb0a09b52d49";"7";"07-mgr-modules-monitoring";"P1";"monitoring";"conditional";"Đọc theo điều kiện vận hành";"";"support";"MGR-006,MGR-010";"Dashboard source/generated JSON hỗ trợ metric/query contract và migration monitoring stack.";"";"";"support-inspected"
"280";"v16.2.5";"v16.2.15";"monitoring/ceph-mixin/dashboards.libsonnet";"";"A";"A";"10";"0";"FALSE";"0";"100644";"0";"5cae183294f98d15fa88c5e91cd0baa13c857116";"7";"07-mgr-modules-monitoring";"P1";"monitoring";"conditional";"Đọc theo điều kiện vận hành";"";"support";"MGR-006,MGR-010";"Dashboard source/generated JSON hỗ trợ metric/query contract và migration monitoring stack.";"";"";"support-inspected"
"281";"v16.2.5";"v16.2.15";"monitoring/ceph-mixin/dashboards/cephfs.libsonnet";"";"A";"A";"89";"0";"FALSE";"0";"100644";"0";"d12d9f4ddc10b3e9447df807bd8ad921057819d0";"7";"07-mgr-modules-monitoring";"P1";"monitoring";"conditional";"Đọc theo điều kiện vận hành";"";"support";"MGR-006,MGR-010";"Dashboard source/generated JSON hỗ trợ metric/query contract và migration monitoring stack.";"";"";"support-inspected"
"282";"v16.2.5";"v16.2.15";"monitoring/ceph-mixin/dashboards/host.libsonnet";"";"A";"A";"748";"0";"FALSE";"0";"100644";"0";"4fd35c3ede4d3594f1b80d304cdd05f1d1c0b7d0";"7";"07-mgr-modules-monitoring";"P1";"monitoring";"conditional";"Đọc theo điều kiện vận hành";"";"support";"MGR-006,MGR-010";"Dashboard source/generated JSON hỗ trợ metric/query contract và migration monitoring stack.";"";"";"support-inspected"
"283";"v16.2.5";"v16.2.15";"monitoring/ceph-mixin/dashboards/osd.libsonnet";"";"A";"A";"618";"0";"FALSE";"0";"100644";"0";"0015c7f398bd13e26c4b635e7b30de2c1e9fc705";"7";"07-mgr-modules-monitoring";"P1";"monitoring";"conditional";"Đọc theo điều kiện vận hành";"";"support";"MGR-006,MGR-010";"Dashboard source/generated JSON hỗ trợ metric/query contract và migration monitoring stack.";"";"";"support-inspected"
"284";"v16.2.5";"v16.2.15";"monitoring/ceph-mixin/dashboards/pool.libsonnet";"";"A";"A";"552";"0";"FALSE";"0";"100644";"0";"6444335d9cf554ae479cd07b3798a8b827b33e05";"7";"07-mgr-modules-monitoring";"P1";"monitoring";"conditional";"Đọc theo điều kiện vận hành";"";"support";"MGR-006,MGR-010";"Dashboard source/generated JSON hỗ trợ metric/query contract và migration monitoring stack.";"";"";"support-inspected"
"285";"v16.2.5";"v16.2.15";"monitoring/ceph-mixin/dashboards/rbd.libsonnet";"";"A";"A";"337";"0";"FALSE";"0";"100644";"0";"709d4e04f7e9e34524cf85eed325389fdfc812ae";"7";"07-mgr-modules-monitoring";"P1";"monitoring";"conditional";"Đọc theo điều kiện vận hành";"";"support";"MGR-006,MGR-010";"Dashboard source/generated JSON hỗ trợ metric/query contract và migration monitoring stack.";"";"";"support-inspected"
"286";"v16.2.5";"v16.2.15";"monitoring/ceph-mixin/dashboards/rgw.libsonnet";"";"A";"A";"872";"0";"FALSE";"0";"100644";"0";"49dcf915688440340d03feff79a091f9b810c480";"7";"07-mgr-modules-monitoring";"P1";"monitoring";"conditional";"Đọc theo điều kiện vận hành";"";"support";"MGR-006,MGR-010";"Dashboard source/generated JSON hỗ trợ metric/query contract và migration monitoring stack.";"";"";"support-inspected"
"287";"v16.2.5";"v16.2.15";"monitoring/ceph-mixin/dashboards/utils.libsonnet";"";"A";"A";"333";"0";"FALSE";"0";"100644";"0";"a7774c7ceed82c51aa80960bcdde5900d2f948eb";"7";"07-mgr-modules-monitoring";"P1";"monitoring";"conditional";"Đọc theo điều kiện vận hành";"";"support";"MGR-006,MGR-010";"Dashboard source/generated JSON hỗ trợ metric/query contract và migration monitoring stack.";"";"";"support-inspected"
"288";"v16.2.5";"v16.2.15";"monitoring/ceph-mixin/dashboards_out/.lint";"";"A";"A";"5";"0";"FALSE";"0";"100644";"0";"6352e858f28d01b2454b8d735ba5f587ffb2e63b";"7";"07-mgr-modules-monitoring";"P2";"generated/lock/data";"reference-only";"Không đọc hunk sinh tự động";"";"support";"MGR-006,MGR-010";"Dashboard source/generated JSON hỗ trợ metric/query contract và migration monitoring stack.";"";"";"support-inspected"
"289";"v16.2.5";"v16.2.15";"monitoring/ceph-mixin/dashboards_out/ceph-cluster.json";"monitoring/grafana/dashboards/ceph-cluster.json";"R";"R089";"220";"192";"FALSE";"100644";"100644";"447dbb29322e599664eac167ea6510bf719d0e53";"2cd151ae1ff89d465fc4e8f62cb6cb90707491da";"7";"07-mgr-modules-monitoring";"P2";"generated/lock/data";"reference-only";"Không đọc hunk sinh tự động";"";"support";"MGR-006,MGR-010";"Dashboard source/generated JSON hỗ trợ metric/query contract và migration monitoring stack.";"";"";"support-inspected"
"290";"v16.2.5";"v16.2.15";"monitoring/ceph-mixin/dashboards_out/cephfs-overview.json";"";"A";"A";"362";"0";"FALSE";"0";"100644";"0";"3e7aeef45785d42b4c8af9d34e5a635eaec12d6e";"7";"07-mgr-modules-monitoring";"P2";"generated/lock/data";"reference-only";"Không đọc hunk sinh tự động";"";"support";"MGR-006,MGR-010";"Dashboard source/generated JSON hỗ trợ metric/query contract và migration monitoring stack.";"";"";"support-inspected"
"291";"v16.2.5";"v16.2.15";"monitoring/ceph-mixin/dashboards_out/host-details.json";"";"A";"A";"1328";"0";"FALSE";"0";"100644";"0";"7a5ac25917a07b7a812454bea678fb0faf2c2816";"7";"07-mgr-modules-monitoring";"P2";"generated/lock/data";"reference-only";"Không đọc hunk sinh tự động";"";"support";"MGR-006,MGR-010";"Dashboard source/generated JSON hỗ trợ metric/query contract và migration monitoring stack.";"";"";"support-inspected"
"292";"v16.2.5";"v16.2.15";"monitoring/ceph-mixin/dashboards_out/hosts-overview.json";"";"A";"A";"894";"0";"FALSE";"0";"100644";"0";"f1cd4c49935b28de7a1c1ec596281c14bc9e80bc";"7";"07-mgr-modules-monitoring";"P2";"generated/lock/data";"reference-only";"Không đọc hunk sinh tự động";"";"support";"MGR-006,MGR-010";"Dashboard source/generated JSON hỗ trợ metric/query contract và migration monitoring stack.";"";"";"support-inspected"
"293";"v16.2.5";"v16.2.15";"monitoring/ceph-mixin/dashboards_out/osd-device-details.json";"";"A";"A";"871";"0";"FALSE";"0";"100644";"0";"811e6d57ef2ece8cc77b695efbfe4fdc56cc4d52";"7";"07-mgr-modules-monitoring";"P2";"generated/lock/data";"reference-only";"Không đọc hunk sinh tự động";"";"support";"MGR-006,MGR-010";"Dashboard source/generated JSON hỗ trợ metric/query contract và migration monitoring stack.";"";"";"support-inspected"
"294";"v16.2.5";"v16.2.15";"monitoring/ceph-mixin/dashboards_out/osds-overview.json";"";"A";"A";"1048";"0";"FALSE";"0";"100644";"0";"b34c6642263da46c6b5049b0f11b1fdde3c1cd91";"7";"07-mgr-modules-monitoring";"P2";"generated/lock/data";"reference-only";"Không đọc hunk sinh tự động";"";"support";"MGR-006,MGR-010";"Dashboard source/generated JSON hỗ trợ metric/query contract và migration monitoring stack.";"";"";"support-inspected"
"295";"v16.2.5";"v16.2.15";"monitoring/ceph-mixin/dashboards_out/pool-detail.json";"";"A";"A";"708";"0";"FALSE";"0";"100644";"0";"dc8b4152a494c5ba140202ca076d24bb488cb547";"7";"07-mgr-modules-monitoring";"P2";"generated/lock/data";"reference-only";"Không đọc hunk sinh tự động";"";"support";"MGR-006,MGR-010";"Dashboard source/generated JSON hỗ trợ metric/query contract và migration monitoring stack.";"";"";"support-inspected"
"296";"v16.2.5";"v16.2.15";"monitoring/ceph-mixin/dashboards_out/pool-overview.json";"";"A";"A";"1542";"0";"FALSE";"0";"100644";"0";"7f042aa5b0d8c422cebfe57ad0d88d0e99bfba2a";"7";"07-mgr-modules-monitoring";"P2";"generated/lock/data";"reference-only";"Không đọc hunk sinh tự động";"";"support";"MGR-006,MGR-010";"Dashboard source/generated JSON hỗ trợ metric/query contract và migration monitoring stack.";"";"";"support-inspected"
"297";"v16.2.5";"v16.2.15";"monitoring/ceph-mixin/dashboards_out/radosgw-detail.json";"";"A";"A";"542";"0";"FALSE";"0";"100644";"0";"4568f9a4d8543e9d8cab286e3598248d71fe8b75";"7";"07-mgr-modules-monitoring";"P2";"generated/lock/data";"reference-only";"Không đọc hunk sinh tự động";"";"support";"MGR-006,MGR-010";"Dashboard source/generated JSON hỗ trợ metric/query contract và migration monitoring stack.";"";"";"support-inspected"
"298";"v16.2.5";"v16.2.15";"monitoring/ceph-mixin/dashboards_out/radosgw-overview.json";"";"A";"A";"1266";"0";"FALSE";"0";"100644";"0";"a8256c1f5e1633bc84b1467af78ffe72436a65bb";"7";"07-mgr-modules-monitoring";"P2";"generated/lock/data";"reference-only";"Không đọc hunk sinh tự động";"";"support";"MGR-006,MGR-010";"Dashboard source/generated JSON hỗ trợ metric/query contract và migration monitoring stack.";"";"";"support-inspected"
"299";"v16.2.5";"v16.2.15";"monitoring/ceph-mixin/dashboards_out/radosgw-sync-overview.json";"";"A";"A";"504";"0";"FALSE";"0";"100644";"0";"e0c3037d50a31c6f1e4c6aa312e6f10e64aab501";"7";"07-mgr-modules-monitoring";"P2";"generated/lock/data";"reference-only";"Không đọc hunk sinh tự động";"";"support";"MGR-006,MGR-010";"Dashboard source/generated JSON hỗ trợ metric/query contract và migration monitoring stack.";"";"";"support-inspected"
"300";"v16.2.5";"v16.2.15";"monitoring/ceph-mixin/dashboards_out/rbd-details.json";"";"A";"A";"458";"0";"FALSE";"0";"100644";"0";"f64de312af52872229ac49cde74fee84a0737a84";"7";"07-mgr-modules-monitoring";"P2";"generated/lock/data";"reference-only";"Không đọc hunk sinh tự động";"";"support";"MGR-006,MGR-010";"Dashboard source/generated JSON hỗ trợ metric/query contract và migration monitoring stack.";"";"";"support-inspected"
"301";"v16.2.5";"v16.2.15";"monitoring/ceph-mixin/dashboards_out/rbd-overview.json";"";"A";"A";"737";"0";"FALSE";"0";"100644";"0";"86b354a6089c25fb6cd7f29430f15db6bf6b55c3";"7";"07-mgr-modules-monitoring";"P2";"generated/lock/data";"reference-only";"Không đọc hunk sinh tự động";"";"support";"MGR-006,MGR-010";"Dashboard source/generated JSON hỗ trợ metric/query contract và migration monitoring stack.";"";"";"support-inspected"
"302";"v16.2.5";"v16.2.15";"monitoring/ceph-mixin/jsonnet-bundler-build.sh";"";"A";"A";"8";"0";"FALSE";"0";"100755";"0";"d713cffb8bcc5eaeb0fe5589d9df82d2dea51cf3";"7";"07-mgr-modules-monitoring";"P1";"tool/script";"conditional";"Đọc theo điều kiện sử dụng";"";"support";"MGR-010";"ceph-mixin source/build/test/generated artifact hỗ trợ alert-rule migration và deployment validation.";"";"";"support-inspected"
"303";"v16.2.5";"v16.2.15";"monitoring/ceph-mixin/jsonnetfile.json";"";"A";"A";"15";"0";"FALSE";"0";"100644";"0";"93f3316ec38303b6fc0bfc998e34f81e1bd797d9";"7";"07-mgr-modules-monitoring";"P1";"monitoring";"conditional";"Đọc theo điều kiện vận hành";"";"support";"MGR-010";"ceph-mixin source/build/test/generated artifact hỗ trợ alert-rule migration và deployment validation.";"";"";"support-inspected"
"304";"v16.2.5";"v16.2.15";"monitoring/ceph-mixin/jsonnetfile.lock.json";"";"A";"A";"16";"0";"FALSE";"0";"100644";"0";"3c9d38d935ce69793a14c6dd8d69b7424464e3b0";"7";"07-mgr-modules-monitoring";"P1";"monitoring";"conditional";"Đọc theo điều kiện vận hành";"";"support";"MGR-010";"ceph-mixin source/build/test/generated artifact hỗ trợ alert-rule migration và deployment validation.";"";"";"support-inspected"
"305";"v16.2.5";"v16.2.15";"monitoring/ceph-mixin/lint-jsonnet.sh";"";"A";"A";"5";"0";"FALSE";"0";"100755";"0";"6f77162698246f643c7d2e0320a98f119ab27db7";"7";"07-mgr-modules-monitoring";"P1";"tool/script";"conditional";"Đọc theo điều kiện sử dụng";"";"support";"MGR-010";"ceph-mixin source/build/test/generated artifact hỗ trợ alert-rule migration và deployment validation.";"";"";"support-inspected"
"306";"v16.2.5";"v16.2.15";"monitoring/ceph-mixin/mixin.libsonnet";"";"A";"A";"3";"0";"FALSE";"0";"100644";"0";"3c983a300195b4ed93d21597cc9d52e27d66d6c4";"7";"07-mgr-modules-monitoring";"P1";"monitoring";"conditional";"Đọc theo điều kiện vận hành";"";"support";"MGR-010";"ceph-mixin source/build/test/generated artifact hỗ trợ alert-rule migration và deployment validation.";"";"";"support-inspected"
"307";"v16.2.5";"v16.2.15";"monitoring/ceph-mixin/prometheus_alerts.libsonnet";"";"A";"A";"729";"0";"FALSE";"0";"100644";"0";"7977e4035ecb7b9ff054a1d0a09faa570e6bb791";"7";"07-mgr-modules-monitoring";"P1";"monitoring";"conditional";"Đọc theo điều kiện vận hành";"";"conditional";"MGR-010";"Alert rule contract đổi 18 tên cũ sang 58 tên target; tác động khi package/cephadm thay file và Prometheus reload rules.";"alertname;prometheus_alerts";"";"verified-endpoint+packaging"
"308";"v16.2.5";"v16.2.15";"monitoring/ceph-mixin/prometheus_alerts.yml";"";"A";"A";"645";"0";"FALSE";"0";"100644";"0";"33a5c5059b89cebd56ef6cf0558816cb70f722b6";"7";"07-mgr-modules-monitoring";"P1";"config/schema";"deep";"Đọc sâu option/default/schema và điều kiện có hiệu lực: MGR, dashboard, module, metrics, alerts và monitoring.";"";"conditional";"MGR-010";"Alert rule contract đổi 18 tên cũ sang 58 tên target; tác động khi package/cephadm thay file và Prometheus reload rules.";"alertname;prometheus_alerts";"";"verified-endpoint+packaging"
"309";"v16.2.5";"v16.2.15";"monitoring/ceph-mixin/requirements-alerts.txt";"";"A";"A";"2";"0";"FALSE";"0";"100644";"0";"e518e69644e66dbba539384609036d770ed6561c";"7";"07-mgr-modules-monitoring";"P1";"runtime/source";"deep";"Chọn đọc sâu theo nhóm: implementation thuộc MGR, dashboard, module, metrics, alerts và monitoring.";"";"support";"MGR-010";"ceph-mixin source/build/test/generated artifact hỗ trợ alert-rule migration và deployment validation.";"";"";"support-inspected"
"310";"v16.2.5";"v16.2.15";"monitoring/ceph-mixin/requirements-grafonnet.txt";"";"A";"A";"1";"0";"FALSE";"0";"100644";"0";"9891d55905796968a0ee7466ba8dd01aa666e8de";"7";"07-mgr-modules-monitoring";"P1";"runtime/source";"deep";"Chọn đọc sâu theo nhóm: implementation thuộc MGR, dashboard, module, metrics, alerts và monitoring.";"";"support";"MGR-010";"ceph-mixin source/build/test/generated artifact hỗ trợ alert-rule migration và deployment validation.";"";"";"support-inspected"
"311";"v16.2.5";"v16.2.15";"monitoring/ceph-mixin/requirements-lint.txt";"";"A";"A";"18";"0";"FALSE";"0";"100644";"0";"f9a3c772f79ddf3673e9426736d095b4591b6063";"7";"07-mgr-modules-monitoring";"P1";"runtime/source";"deep";"Chọn đọc sâu theo nhóm: implementation thuộc MGR, dashboard, module, metrics, alerts và monitoring.";"";"support";"MGR-010";"ceph-mixin source/build/test/generated artifact hỗ trợ alert-rule migration và deployment validation.";"";"";"support-inspected"
"312";"v16.2.5";"v16.2.15";"monitoring/ceph-mixin/test-jsonnet.sh";"";"A";"A";"35";"0";"FALSE";"0";"100755";"0";"87c53389200005b87ddf448c079cb11e4e3b4824";"7";"07-mgr-modules-monitoring";"P2";"test/QA";"reference-only";"Không đọc độc lập";"";"support";"MGR-010";"ceph-mixin source/build/test/generated artifact hỗ trợ alert-rule migration và deployment validation.";"";"";"support-inspected"
"313";"v16.2.5";"v16.2.15";"monitoring/ceph-mixin/tests_alerts/README.md";"";"A";"A";"92";"0";"FALSE";"0";"100644";"0";"cf95fa6368d525ca9203575deb6017f35e28b902";"7";"07-mgr-modules-monitoring";"P2";"documentation";"reference-only";"Không phân tích code sâu";"";"support";"MGR-010";"ceph-mixin source/build/test/generated artifact hỗ trợ alert-rule migration và deployment validation.";"";"";"support-inspected"
"314";"v16.2.5";"v16.2.15";"monitoring/ceph-mixin/tests_alerts/__init__.py";"qa/suites/fs/thrash/workloads/overrides/+";"R";"R100";"0";"0";"FALSE";"100644";"100644";"e69de29bb2d1d6434b8b29ae775ad8c2e48c5391";"e69de29bb2d1d6434b8b29ae775ad8c2e48c5391";"7";"07-mgr-modules-monitoring";"P2";"mechanical/zero-LOC";"reference-only";"Không đọc nội dung độc lập";"";"support";"MGR-010";"ceph-mixin source/build/test/generated artifact hỗ trợ alert-rule migration và deployment validation.";"";"";"support-inspected"
"315";"v16.2.5";"v16.2.15";"monitoring/ceph-mixin/tests_alerts/settings.py";"";"A";"A";"11";"0";"FALSE";"0";"100644";"0";"d99dfdca6fbdf5d1ae7cd0dc6a0d5a72aed34c12";"7";"07-mgr-modules-monitoring";"P1";"runtime/source";"deep";"Chọn đọc sâu theo nhóm: implementation thuộc MGR, dashboard, module, metrics, alerts và monitoring.";"";"support";"MGR-010";"ceph-mixin source/build/test/generated artifact hỗ trợ alert-rule migration và deployment validation.";"";"";"support-inspected"
"316";"v16.2.5";"v16.2.15";"monitoring/ceph-mixin/tests_alerts/test_alerts.yml";"";"A";"A";"1857";"0";"FALSE";"0";"100644";"0";"d68b43badf2b42784096e825a965bd2440267700";"7";"07-mgr-modules-monitoring";"P2";"test/QA";"reference-only";"Không đọc độc lập";"";"support";"MGR-010";"ceph-mixin source/build/test/generated artifact hỗ trợ alert-rule migration và deployment validation.";"";"";"support-inspected"
"317";"v16.2.5";"v16.2.15";"monitoring/ceph-mixin/tests_alerts/test_syntax.py";"";"A";"A";"42";"0";"FALSE";"0";"100755";"0";"966d768bdcd07dff6e414e57a9fa9db3828f1f00";"7";"07-mgr-modules-monitoring";"P2";"test/QA";"reference-only";"Không đọc độc lập";"";"support";"MGR-010";"ceph-mixin source/build/test/generated artifact hỗ trợ alert-rule migration và deployment validation.";"";"";"support-inspected"
"318";"v16.2.5";"v16.2.15";"monitoring/ceph-mixin/tests_alerts/test_unittests.py";"";"A";"A";"19";"0";"FALSE";"0";"100644";"0";"4cfb2b6008f4c28cedcb472b61ec8d32a9f4f206";"7";"07-mgr-modules-monitoring";"P2";"test/QA";"reference-only";"Không đọc độc lập";"";"support";"MGR-010";"ceph-mixin source/build/test/generated artifact hỗ trợ alert-rule migration và deployment validation.";"";"";"support-inspected"
"319";"v16.2.5";"v16.2.15";"monitoring/ceph-mixin/tests_alerts/utils.py";"";"A";"A";"12";"0";"FALSE";"0";"100644";"0";"8429244472d1f600acd4623f0d754f5cb9497571";"7";"07-mgr-modules-monitoring";"P1";"runtime/source";"deep";"Chọn đọc sâu theo nhóm: implementation thuộc MGR, dashboard, module, metrics, alerts và monitoring.";"";"support";"MGR-010";"ceph-mixin source/build/test/generated artifact hỗ trợ alert-rule migration và deployment validation.";"";"";"support-inspected"
"320";"v16.2.5";"v16.2.15";"monitoring/ceph-mixin/tests_alerts/validate_rules.py";"";"A";"A";"571";"0";"FALSE";"0";"100755";"0";"c24ce5c59d55321b9f1452b6aa16f0e2b5560b09";"7";"07-mgr-modules-monitoring";"P1";"runtime/source";"deep";"Chọn đọc sâu theo nhóm: implementation thuộc MGR, dashboard, module, metrics, alerts và monitoring.";"";"support";"MGR-010";"ceph-mixin source/build/test/generated artifact hỗ trợ alert-rule migration và deployment validation.";"";"";"support-inspected"
"321";"v16.2.5";"v16.2.15";"monitoring/ceph-mixin/tests_dashboards/__init__.py";"";"A";"A";"189";"0";"FALSE";"0";"100644";"0";"45147e5c32490f6d10cdfe5674dc190f5399ebdd";"7";"07-mgr-modules-monitoring";"P1";"runtime/source";"deep";"Chọn đọc sâu theo nhóm: implementation thuộc MGR, dashboard, module, metrics, alerts và monitoring.";"";"support";"MGR-006,MGR-010";"Dashboard behavior tests và artifact cũ/mới hỗ trợ metric/query contract; không là runtime daemon finding riêng.";"";"";"support-inspected"
"322";"v16.2.5";"v16.2.15";"monitoring/ceph-mixin/tests_dashboards/features/__init__.py";"qa/suites/rbd/persistent-writeback-cache/%";"R";"R100";"0";"0";"FALSE";"100644";"100644";"e69de29bb2d1d6434b8b29ae775ad8c2e48c5391";"e69de29bb2d1d6434b8b29ae775ad8c2e48c5391";"7";"07-mgr-modules-monitoring";"P2";"mechanical/zero-LOC";"reference-only";"Không đọc nội dung độc lập";"";"support";"MGR-006,MGR-010";"Dashboard behavior tests và artifact cũ/mới hỗ trợ metric/query contract; không là runtime daemon finding riêng.";"";"";"support-inspected"
"323";"v16.2.5";"v16.2.15";"monitoring/ceph-mixin/tests_dashboards/features/ceph-cluster.feature";"";"A";"A";"54";"0";"FALSE";"0";"100644";"0";"1a446cd2c535c9f1cb62d7ae500169fb88b343b2";"7";"07-mgr-modules-monitoring";"P1";"runtime/source";"deep";"Chọn đọc sâu theo nhóm: implementation thuộc MGR, dashboard, module, metrics, alerts và monitoring.";"";"support";"MGR-006,MGR-010";"Dashboard behavior tests và artifact cũ/mới hỗ trợ metric/query contract; không là runtime daemon finding riêng.";"";"";"support-inspected"
"324";"v16.2.5";"v16.2.15";"monitoring/ceph-mixin/tests_dashboards/features/environment.py";"";"A";"A";"135";"0";"FALSE";"0";"100644";"0";"5dc76a09e41d0ce5dc0e2dfbef3e3741660833fc";"7";"07-mgr-modules-monitoring";"P1";"runtime/source";"deep";"Chọn đọc sâu theo nhóm: implementation thuộc MGR, dashboard, module, metrics, alerts và monitoring.";"";"support";"MGR-006,MGR-010";"Dashboard behavior tests và artifact cũ/mới hỗ trợ metric/query contract; không là runtime daemon finding riêng.";"";"";"support-inspected"
"325";"v16.2.5";"v16.2.15";"monitoring/ceph-mixin/tests_dashboards/features/host-details.feature";"";"A";"A";"131";"0";"FALSE";"0";"100644";"0";"51e3c5819bab9674f5be3cac1e86c79b97804e7c";"7";"07-mgr-modules-monitoring";"P1";"runtime/source";"deep";"Chọn đọc sâu theo nhóm: implementation thuộc MGR, dashboard, module, metrics, alerts và monitoring.";"";"support";"MGR-006,MGR-010";"Dashboard behavior tests và artifact cũ/mới hỗ trợ metric/query contract; không là runtime daemon finding riêng.";"";"";"support-inspected"
"326";"v16.2.5";"v16.2.15";"monitoring/ceph-mixin/tests_dashboards/features/hosts_overview.feature";"";"A";"A";"41";"0";"FALSE";"0";"100644";"0";"6c5eceaed3f6e1fb11d9f300b2e97198c07ea92e";"7";"07-mgr-modules-monitoring";"P1";"runtime/source";"deep";"Chọn đọc sâu theo nhóm: implementation thuộc MGR, dashboard, module, metrics, alerts và monitoring.";"";"support";"MGR-006,MGR-010";"Dashboard behavior tests và artifact cũ/mới hỗ trợ metric/query contract; không là runtime daemon finding riêng.";"";"";"support-inspected"
"327";"v16.2.5";"v16.2.15";"monitoring/ceph-mixin/tests_dashboards/features/osd-device-details.feature";"";"A";"A";"88";"0";"FALSE";"0";"100644";"0";"0d6ca8b17154270944eb2ad077a7db47dd6b1460";"7";"07-mgr-modules-monitoring";"P1";"runtime/source";"deep";"Chọn đọc sâu theo nhóm: implementation thuộc MGR, dashboard, module, metrics, alerts và monitoring.";"";"support";"MGR-006,MGR-010";"Dashboard behavior tests và artifact cũ/mới hỗ trợ metric/query contract; không là runtime daemon finding riêng.";"";"";"support-inspected"
"328";"v16.2.5";"v16.2.15";"monitoring/ceph-mixin/tests_dashboards/features/osds-overview.feature";"";"A";"A";"15";"0";"FALSE";"0";"100644";"0";"78d3064199686def3e844c9d02c0c245f246a569";"7";"07-mgr-modules-monitoring";"P1";"runtime/source";"deep";"Chọn đọc sâu theo nhóm: implementation thuộc MGR, dashboard, module, metrics, alerts và monitoring.";"";"support";"MGR-006,MGR-010";"Dashboard behavior tests và artifact cũ/mới hỗ trợ metric/query contract; không là runtime daemon finding riêng.";"";"";"support-inspected"
"329";"v16.2.5";"v16.2.15";"monitoring/ceph-mixin/tests_dashboards/features/radosgw-detail.feature";"";"A";"A";"139";"0";"FALSE";"0";"100644";"0";"e0016c5077d15997d6c69cbea1f644cac76b3c16";"7";"07-mgr-modules-monitoring";"P1";"runtime/source";"deep";"Chọn đọc sâu theo nhóm: implementation thuộc MGR, dashboard, module, metrics, alerts và monitoring.";"";"support";"MGR-006,MGR-010";"Dashboard behavior tests và artifact cũ/mới hỗ trợ metric/query contract; không là runtime daemon finding riêng.";"";"";"support-inspected"
"330";"v16.2.5";"v16.2.15";"monitoring/ceph-mixin/tests_dashboards/features/radosgw_overview.feature";"";"A";"A";"250";"0";"FALSE";"0";"100644";"0";"642e4397878287cd8a030cc44c1776b3a3009b26";"7";"07-mgr-modules-monitoring";"P1";"runtime/source";"deep";"Chọn đọc sâu theo nhóm: implementation thuộc MGR, dashboard, module, metrics, alerts và monitoring.";"";"support";"MGR-006,MGR-010";"Dashboard behavior tests và artifact cũ/mới hỗ trợ metric/query contract; không là runtime daemon finding riêng.";"";"";"support-inspected"
"331";"v16.2.5";"v16.2.15";"monitoring/ceph-mixin/tests_dashboards/features/self.feature";"";"A";"A";"68";"0";"FALSE";"0";"100644";"0";"2b44ce0dcecb1ae7869d15b2d7afeb66ac530aea";"7";"07-mgr-modules-monitoring";"P1";"runtime/source";"deep";"Chọn đọc sâu theo nhóm: implementation thuộc MGR, dashboard, module, metrics, alerts và monitoring.";"";"support";"MGR-006,MGR-010";"Dashboard behavior tests và artifact cũ/mới hỗ trợ metric/query contract; không là runtime daemon finding riêng.";"";"";"support-inspected"
"332";"v16.2.5";"v16.2.15";"monitoring/ceph-mixin/tests_dashboards/features/steps/__init__.py";"";"A";"A";"1";"0";"FALSE";"0";"100644";"0";"0b90f46f2c38f3b75a19f08c1cf4dfeca49c3a58";"7";"07-mgr-modules-monitoring";"P1";"runtime/source";"deep";"Chọn đọc sâu theo nhóm: implementation thuộc MGR, dashboard, module, metrics, alerts và monitoring.";"";"support";"MGR-006,MGR-010";"Dashboard behavior tests và artifact cũ/mới hỗ trợ metric/query contract; không là runtime daemon finding riêng.";"";"";"support-inspected"
"333";"v16.2.5";"v16.2.15";"monitoring/ceph-mixin/tests_dashboards/requirements.txt";"";"A";"A";"12";"0";"FALSE";"0";"100644";"0";"8ad130e5bbe615ef7aeb29eae7ef8678841452fe";"7";"07-mgr-modules-monitoring";"P1";"runtime/source";"deep";"Chọn đọc sâu theo nhóm: implementation thuộc MGR, dashboard, module, metrics, alerts và monitoring.";"";"support";"MGR-006,MGR-010";"Dashboard behavior tests và artifact cũ/mới hỗ trợ metric/query contract; không là runtime daemon finding riêng.";"";"";"support-inspected"
"334";"v16.2.5";"v16.2.15";"monitoring/ceph-mixin/tests_dashboards/util.py";"";"A";"A";"109";"0";"FALSE";"0";"100644";"0";"1fce6559dfb9c0e3f042be8c1e5933fdfc2ac157";"7";"07-mgr-modules-monitoring";"P1";"runtime/source";"deep";"Chọn đọc sâu theo nhóm: implementation thuộc MGR, dashboard, module, metrics, alerts và monitoring.";"";"support";"MGR-006,MGR-010";"Dashboard behavior tests và artifact cũ/mới hỗ trợ metric/query contract; không là runtime daemon finding riêng.";"";"";"support-inspected"
"335";"v16.2.5";"v16.2.15";"monitoring/ceph-mixin/tox.ini";"";"A";"A";"76";"0";"FALSE";"0";"100644";"0";"743f4bca63a5bfed0f3308d631fde21449bd2407";"7";"07-mgr-modules-monitoring";"P1";"config/schema";"deep";"Đọc sâu option/default/schema và điều kiện có hiệu lực: MGR, dashboard, module, metrics, alerts và monitoring.";"";"support";"MGR-006,MGR-010";"Dashboard behavior tests và artifact cũ/mới hỗ trợ metric/query contract; không là runtime daemon finding riêng.";"";"";"support-inspected"
"336";"v16.2.5";"v16.2.15";"monitoring/grafana/README.md";"";"D";"D";"0";"14";"FALSE";"100644";"0";"b4bf4ec3273d07dc8ae11df34d8fae43e1d773e0";"0";"7";"07-mgr-modules-monitoring";"P2";"documentation";"reference-only";"Không phân tích code sâu";"";"support";"MGR-006,MGR-010";"Dashboard behavior tests và artifact cũ/mới hỗ trợ metric/query contract; không là runtime daemon finding riêng.";"";"";"support-inspected"
"337";"v16.2.5";"v16.2.15";"monitoring/grafana/build/Makefile";"";"M";"M";"49";"62";"FALSE";"100755";"100755";"fd96a827ff4e81d0f09aeced502c7ef61115628a";"64f61999026c8406a41ca97be2c21450f683a91f";"7";"07-mgr-modules-monitoring";"P1";"build/package";"deep";"Đọc sâu khi ảnh hưởng build, package, quyền hoặc service: MGR, dashboard, module, metrics, alerts và monitoring.";"";"support";"MGR-006,MGR-010";"Dashboard behavior tests và artifact cũ/mới hỗ trợ metric/query contract; không là runtime daemon finding riêng.";"";"";"support-inspected"
"338";"v16.2.5";"v16.2.15";"monitoring/grafana/dashboards/CMakeLists.txt";"";"D";"D";"0";"8";"FALSE";"100644";"0";"41ca947a6dc8d150f007f82920eaf83712de3aea";"0";"7";"07-mgr-modules-monitoring";"P1";"build/package";"deep";"Đọc sâu khi ảnh hưởng build, package, quyền hoặc service: MGR, dashboard, module, metrics, alerts và monitoring.";"";"support";"MGR-006,MGR-010";"Dashboard behavior tests và artifact cũ/mới hỗ trợ metric/query contract; không là runtime daemon finding riêng.";"";"";"support-inspected"
"339";"v16.2.5";"v16.2.15";"monitoring/grafana/dashboards/README";"";"D";"D";"0";"28";"FALSE";"100644";"0";"3803cd7a0042267b382f2e406a75568efc036013";"0";"7";"07-mgr-modules-monitoring";"P2";"documentation";"reference-only";"Không phân tích code sâu";"";"support";"MGR-006,MGR-010";"Dashboard behavior tests và artifact cũ/mới hỗ trợ metric/query contract; không là runtime daemon finding riêng.";"";"";"support-inspected"
"340";"v16.2.5";"v16.2.15";"monitoring/grafana/dashboards/cephfs-overview.json";"";"D";"D";"0";"309";"FALSE";"100644";"0";"57922f55155a9f429ee5557d651d1fd1ee6cd5ad";"0";"7";"07-mgr-modules-monitoring";"P1";"monitoring";"conditional";"Đọc theo điều kiện vận hành";"";"support";"MGR-006,MGR-010";"Dashboard behavior tests và artifact cũ/mới hỗ trợ metric/query contract; không là runtime daemon finding riêng.";"";"";"support-inspected"
"341";"v16.2.5";"v16.2.15";"monitoring/grafana/dashboards/host-details.json";"";"D";"D";"0";"1215";"FALSE";"100644";"0";"237349dd36a1f42a9ddb10e4e5b837949c87d0b1";"0";"7";"07-mgr-modules-monitoring";"P1";"monitoring";"conditional";"Đọc theo điều kiện vận hành";"";"support";"MGR-006,MGR-010";"Dashboard behavior tests và artifact cũ/mới hỗ trợ metric/query contract; không là runtime daemon finding riêng.";"";"";"support-inspected"
"342";"v16.2.5";"v16.2.15";"monitoring/grafana/dashboards/hosts-overview.json";"";"D";"D";"0";"852";"FALSE";"100644";"0";"b179d5717d536c37c37a3d67f96cab130a05fbd9";"0";"7";"07-mgr-modules-monitoring";"P1";"monitoring";"conditional";"Đọc theo điều kiện vận hành";"";"support";"MGR-006,MGR-010";"Dashboard behavior tests và artifact cũ/mới hỗ trợ metric/query contract; không là runtime daemon finding riêng.";"";"";"support-inspected"
"343";"v16.2.5";"v16.2.15";"monitoring/grafana/dashboards/osd-device-details.json";"";"D";"D";"0";"800";"FALSE";"100644";"0";"deb6ed7d2b3a9b1cd9a7830a5bab49cbd28d45cb";"0";"7";"07-mgr-modules-monitoring";"P1";"monitoring";"conditional";"Đọc theo điều kiện vận hành";"";"support";"MGR-006,MGR-010";"Dashboard behavior tests và artifact cũ/mới hỗ trợ metric/query contract; không là runtime daemon finding riêng.";"";"";"support-inspected"
"344";"v16.2.5";"v16.2.15";"monitoring/grafana/dashboards/osds-overview.json";"";"D";"D";"0";"876";"FALSE";"100644";"0";"4b91df9ebce544456901a5f210e637d27db4adc9";"0";"7";"07-mgr-modules-monitoring";"P1";"monitoring";"conditional";"Đọc theo điều kiện vận hành";"";"support";"MGR-006,MGR-010";"Dashboard behavior tests và artifact cũ/mới hỗ trợ metric/query contract; không là runtime daemon finding riêng.";"";"";"support-inspected"
"345";"v16.2.5";"v16.2.15";"monitoring/grafana/dashboards/pool-detail.json";"";"D";"D";"0";"665";"FALSE";"100644";"0";"41554ed30683e210379dd978515084eec310eb53";"0";"7";"07-mgr-modules-monitoring";"P1";"monitoring";"conditional";"Đọc theo điều kiện vận hành";"";"support";"MGR-006,MGR-010";"Dashboard behavior tests và artifact cũ/mới hỗ trợ metric/query contract; không là runtime daemon finding riêng.";"";"";"support-inspected"
"346";"v16.2.5";"v16.2.15";"monitoring/grafana/dashboards/pool-overview.json";"";"D";"D";"0";"1564";"FALSE";"100644";"0";"cd699348b07fed820b7a326c08a1f2b466aa9206";"0";"7";"07-mgr-modules-monitoring";"P1";"monitoring";"conditional";"Đọc theo điều kiện vận hành";"";"support";"MGR-006,MGR-010";"Dashboard behavior tests và artifact cũ/mới hỗ trợ metric/query contract; không là runtime daemon finding riêng.";"";"";"support-inspected"
"347";"v16.2.5";"v16.2.15";"monitoring/grafana/dashboards/radosgw-detail.json";"";"D";"D";"0";"491";"FALSE";"100644";"0";"648abab89ce962844ac794d7b37d3bfc17b4bff4";"0";"7";"07-mgr-modules-monitoring";"P1";"monitoring";"conditional";"Đọc theo điều kiện vận hành";"";"support";"MGR-006,MGR-010";"Dashboard behavior tests và artifact cũ/mới hỗ trợ metric/query contract; không là runtime daemon finding riêng.";"";"";"support-inspected"
"348";"v16.2.5";"v16.2.15";"monitoring/grafana/dashboards/radosgw-overview.json";"";"D";"D";"0";"630";"FALSE";"100644";"0";"487d736b3d4e169cdab34d3b757d1196c6ff1d08";"0";"7";"07-mgr-modules-monitoring";"P1";"monitoring";"conditional";"Đọc theo điều kiện vận hành";"";"support";"MGR-006,MGR-010";"Dashboard behavior tests và artifact cũ/mới hỗ trợ metric/query contract; không là runtime daemon finding riêng.";"";"";"support-inspected"
"349";"v16.2.5";"v16.2.15";"monitoring/grafana/dashboards/radosgw-sync-overview.json";"";"D";"D";"0";"440";"FALSE";"100644";"0";"e9136d78e3b7cb18b4deaad4e0a9a8dc2f5b67a6";"0";"7";"07-mgr-modules-monitoring";"P1";"monitoring";"conditional";"Đọc theo điều kiện vận hành";"";"support";"MGR-006,MGR-010";"Dashboard behavior tests và artifact cũ/mới hỗ trợ metric/query contract; không là runtime daemon finding riêng.";"";"";"support-inspected"
"350";"v16.2.5";"v16.2.15";"monitoring/grafana/dashboards/rbd-details.json";"";"D";"D";"0";"409";"FALSE";"100644";"0";"68fffad1ed07524b8256631e19c1bf5de6af2623";"0";"7";"07-mgr-modules-monitoring";"P1";"monitoring";"conditional";"Đọc theo điều kiện vận hành";"";"support";"MGR-006,MGR-010";"Dashboard behavior tests và artifact cũ/mới hỗ trợ metric/query contract; không là runtime daemon finding riêng.";"";"";"support-inspected"
"351";"v16.2.5";"v16.2.15";"monitoring/grafana/dashboards/rbd-overview.json";"";"D";"D";"0";"685";"FALSE";"100644";"0";"eb15fbcb8ef4a5ed6fa876b606c345c7f5d2b4f1";"0";"7";"07-mgr-modules-monitoring";"P1";"monitoring";"conditional";"Đọc theo điều kiện vận hành";"";"support";"MGR-006,MGR-010";"Dashboard behavior tests và artifact cũ/mới hỗ trợ metric/query contract; không là runtime daemon finding riêng.";"";"";"support-inspected"
"352";"v16.2.5";"v16.2.15";"monitoring/prometheus/README.md";"";"D";"D";"0";"7";"FALSE";"100644";"0";"fde63a35fe2ee99234484b337dde44c40430870f";"0";"7";"07-mgr-modules-monitoring";"P2";"documentation";"reference-only";"Không phân tích code sâu";"";"support";"MGR-010";"ceph-mixin source/build/test/generated artifact hỗ trợ alert-rule migration và deployment validation.";"";"";"support-inspected"
"353";"v16.2.5";"v16.2.15";"monitoring/prometheus/alerts/ceph_default_alerts.yml";"";"D";"D";"0";"284";"FALSE";"100644";"0";"d4a0b8209e8aa5c21782008983d31da5b202b4b1";"0";"7";"07-mgr-modules-monitoring";"P1";"config/schema";"deep";"Đọc sâu option/default/schema và điều kiện có hiệu lực: MGR, dashboard, module, metrics, alerts và monitoring.";"";"conditional";"MGR-010";"Alert rule contract đổi 18 tên cũ sang 58 tên target; tác động khi package/cephadm thay file và Prometheus reload rules.";"alertname;prometheus_alerts";"";"verified-endpoint+packaging"
"354";"v16.2.5";"v16.2.15";"monitoring/prometheus/alerts/test_alerts.yml";"";"D";"D";"0";"783";"FALSE";"100644";"0";"8bc35aa2643aeb2277852aa525764feff184bb8e";"0";"7";"07-mgr-modules-monitoring";"P2";"test/QA";"reference-only";"Không đọc độc lập";"";"support";"MGR-010";"ceph-mixin source/build/test/generated artifact hỗ trợ alert-rule migration và deployment validation.";"";"";"support-inspected"
"355";"v16.2.5";"v16.2.15";"monitoring/snmp/CEPH-MIB.txt";"";"A";"A";"337";"0";"FALSE";"0";"100644";"0";"f54cb3610377a68f29f5310d704559dff80c851b";"7";"07-mgr-modules-monitoring";"P1";"runtime/source";"deep";"Chọn đọc sâu theo nhóm: implementation thuộc MGR, dashboard, module, metrics, alerts và monitoring.";"";"trivial";"";"Monitoring artifact đã được sàng lọc; không phải rule/dashboard migration hoặc signal contract được nâng thành finding.";"";"";"screened-endpoint+history"
"356";"v16.2.5";"v16.2.15";"monitoring/snmp/README.md";"";"A";"A";"54";"0";"FALSE";"0";"100644";"0";"1a5b609556df42a9ae0aaf42a0e1355a5c3cc3b8";"7";"07-mgr-modules-monitoring";"P2";"documentation";"reference-only";"Không phân tích code sâu";"";"trivial";"";"Monitoring artifact đã được sàng lọc; không phải rule/dashboard migration hoặc signal contract được nâng thành finding.";"";"";"screened-endpoint+history"
"384";"v16.2.5";"v16.2.15";"qa/mgr_ttl_cache/disable.yaml";"";"A";"A";"5";"0";"FALSE";"0";"100644";"0";"bbd78d53f2f85a520d550951be7fdc39378ac284";"7";"07-mgr-modules-monitoring";"P2";"test/QA";"reference-only";"Không đọc độc lập";"";"support";"MGR-002";"Cấu hình/test TTL cache hỗ trợ lịch sử regression/fix và xác nhận cache mặc định tắt.";"TTLCache;mgr_ttl_cache_expire_seconds";"a356bac1a8789fd3da2b071cb4cb801bc941244e,99de9e0215e4c7e860ab29f993606565a257e76d";"support-inspected"
"385";"v16.2.5";"v16.2.15";"qa/mgr_ttl_cache/enable.yaml";"";"A";"A";"5";"0";"FALSE";"0";"100644";"0";"2c1c0e0533ec2a296332387d96df58fe81fa2574";"7";"07-mgr-modules-monitoring";"P2";"test/QA";"reference-only";"Không đọc độc lập";"";"support";"MGR-002";"Cấu hình/test TTL cache hỗ trợ lịch sử regression/fix và xác nhận cache mặc định tắt.";"TTLCache;mgr_ttl_cache_expire_seconds";"a356bac1a8789fd3da2b071cb4cb801bc941244e,99de9e0215e4c7e860ab29f993606565a257e76d";"support-inspected"
"998";"v16.2.5";"v16.2.15";"qa/tasks/mgr/dashboard/__init__.py";"";"M";"M";"1";"1";"FALSE";"100644";"100644";"c066be5f49e36971c9488f03d3042a0bda257e97";"2b022e02495e6d0eac4bdb3ba16fa0d7c71cc5cd";"7";"07-mgr-modules-monitoring";"P2";"test/QA";"reference-only";"Không đọc độc lập";"";"support";"MGR-007";"Dashboard QA hỗ trợ API/request/settings paths dùng trong kiểm chứng TLS, redirect và version negotiation.";"";"";"support-inspected"
"999";"v16.2.5";"v16.2.15";"qa/tasks/mgr/dashboard/helper.py";"";"M";"M";"12";"11";"FALSE";"100644";"100644";"2b6bedc948a37cf8c4d831f97a3e1137bc317073";"2c6efa9015aaa175926a819146877a489eccbc24";"7";"07-mgr-modules-monitoring";"P2";"test/QA";"reference-only";"Không đọc độc lập";"";"support";"MGR-007";"Dashboard QA hỗ trợ API/request/settings paths dùng trong kiểm chứng TLS, redirect và version negotiation.";"";"";"support-inspected"
"1000";"v16.2.5";"v16.2.15";"qa/tasks/mgr/dashboard/test_api.py";"";"M";"M";"2";"2";"FALSE";"100644";"100644";"2fe1a78be54843aac167dd9f897cf1fbc4f55e63";"22f23569874d54eb4590616ddf0085b62709e1e1";"7";"07-mgr-modules-monitoring";"P2";"test/QA";"reference-only";"Không đọc độc lập";"";"support";"MGR-007";"Dashboard QA hỗ trợ API/request/settings paths dùng trong kiểm chứng TLS, redirect và version negotiation.";"";"";"support-inspected"
"1001";"v16.2.5";"v16.2.15";"qa/tasks/mgr/dashboard/test_auth.py";"";"M";"M";"22";"20";"FALSE";"100644";"100644";"8fc7cd1992e6dce79511411b91d1b6f9fafb479f";"a2266229bef7fd0055d89320c1b9aae14057b291";"7";"07-mgr-modules-monitoring";"P2";"test/QA";"reference-only";"Không đọc độc lập";"";"trivial";"";"Test thay đổi nhưng không chứng minh một tác động upgrade độc lập ngoài các finding được ánh xạ.";"";"";"screened-endpoint+history"
"1002";"v16.2.5";"v16.2.15";"qa/tasks/mgr/dashboard/test_cluster.py";"";"A";"A";"23";"0";"FALSE";"0";"100644";"0";"14f8542796c5556becea086389ff38cca67528d9";"7";"07-mgr-modules-monitoring";"P2";"test/QA";"reference-only";"Không đọc độc lập";"";"trivial";"";"Test thay đổi nhưng không chứng minh một tác động upgrade độc lập ngoài các finding được ánh xạ.";"";"";"screened-endpoint+history"
"1003";"v16.2.5";"v16.2.15";"qa/tasks/mgr/dashboard/test_ganesha.py";"";"D";"D";"0";"208";"FALSE";"100644";"0";"6868e0cb324954ff07625a6821454fe99f3fe313";"0";"7";"07-mgr-modules-monitoring";"P2";"test/QA";"reference-only";"Không đọc độc lập";"";"trivial";"";"Test thay đổi nhưng không chứng minh một tác động upgrade độc lập ngoài các finding được ánh xạ.";"";"";"screened-endpoint+history"
"1004";"v16.2.5";"v16.2.15";"qa/tasks/mgr/dashboard/test_health.py";"";"M";"M";"1";"0";"FALSE";"100644";"100644";"7efd7b80db40debd29cd8165b48717c3b0375d54";"693b7b65cdf02584f24603da39f46bd408b9c22e";"7";"07-mgr-modules-monitoring";"P2";"test/QA";"reference-only";"Không đọc độc lập";"";"trivial";"";"Test thay đổi nhưng không chứng minh một tác động upgrade độc lập ngoài các finding được ánh xạ.";"";"";"screened-endpoint+history"
"1005";"v16.2.5";"v16.2.15";"qa/tasks/mgr/dashboard/test_host.py";"";"M";"M";"7";"7";"FALSE";"100644";"100644";"124fff8d1544f9d5b672af75b6115d09f2f3658c";"78d784473f3caa79ac8f5d3d023a4544e0a64b83";"7";"07-mgr-modules-monitoring";"P2";"test/QA";"reference-only";"Không đọc độc lập";"";"trivial";"";"Test thay đổi nhưng không chứng minh một tác động upgrade độc lập ngoài các finding được ánh xạ.";"";"";"screened-endpoint+history"
"1006";"v16.2.5";"v16.2.15";"qa/tasks/mgr/dashboard/test_motd.py";"";"A";"A";"37";"0";"FALSE";"0";"100644";"0";"2edbf36ba6a65e494b37b582cb11a20964f6301b";"7";"07-mgr-modules-monitoring";"P2";"test/QA";"reference-only";"Không đọc độc lập";"";"trivial";"";"Test thay đổi nhưng không chứng minh một tác động upgrade độc lập ngoài các finding được ánh xạ.";"";"";"screened-endpoint+history"
"1007";"v16.2.5";"v16.2.15";"qa/tasks/mgr/dashboard/test_orchestrator.py";"";"M";"M";"1";"1";"FALSE";"100644";"100644";"8395853e3d67387060c50175099e261ce8de4791";"2a804c4c2b83f38f13f82b59d09b17ec5d4af67b";"7";"07-mgr-modules-monitoring";"P2";"test/QA";"reference-only";"Không đọc độc lập";"";"trivial";"";"Test thay đổi nhưng không chứng minh một tác động upgrade độc lập ngoài các finding được ánh xạ.";"";"";"screened-endpoint+history"
"1008";"v16.2.5";"v16.2.15";"qa/tasks/mgr/dashboard/test_pool.py";"";"M";"M";"14";"15";"FALSE";"100644";"100644";"cbf920b91897ba87601dd5621999ab2833b44cb7";"055ba2b005ab269dc2fee2f4af4a72aab85e4b1d";"7";"07-mgr-modules-monitoring";"P2";"test/QA";"reference-only";"Không đọc độc lập";"";"trivial";"";"Test thay đổi nhưng không chứng minh một tác động upgrade độc lập ngoài các finding được ánh xạ.";"";"";"screened-endpoint+history"
"1009";"v16.2.5";"v16.2.15";"qa/tasks/mgr/dashboard/test_rbd.py";"";"M";"M";"23";"19";"FALSE";"100644";"100644";"b8df472a69254ddeef99466e819d98b5227ab934";"633a5151cfddc90b7e202d7e39377b29628c4567";"7";"07-mgr-modules-monitoring";"P2";"test/QA";"reference-only";"Không đọc độc lập";"";"trivial";"";"Test thay đổi nhưng không chứng minh một tác động upgrade độc lập ngoài các finding được ánh xạ.";"";"";"screened-endpoint+history"
"1010";"v16.2.5";"v16.2.15";"qa/tasks/mgr/dashboard/test_requests.py";"";"M";"M";"3";"3";"FALSE";"100644";"100644";"93b175bfda0ea635248d1a3f921fdc2dc7144684";"0d7fb75adc8edfbcc34ec3029b93e26614d8c27a";"7";"07-mgr-modules-monitoring";"P2";"test/QA";"reference-only";"Không đọc độc lập";"";"support";"MGR-007";"Dashboard QA hỗ trợ API/request/settings paths dùng trong kiểm chứng TLS, redirect và version negotiation.";"";"";"support-inspected"
"1011";"v16.2.5";"v16.2.15";"qa/tasks/mgr/dashboard/test_rgw.py";"";"M";"M";"20";"24";"FALSE";"100644";"100644";"f545c748329062b0b88ae3b68a68116aa31a4b06";"53577a87a9617d5b914acd4b47b25d90ee7b7542";"7";"07-mgr-modules-monitoring";"P2";"test/QA";"reference-only";"Không đọc độc lập";"";"trivial";"";"Test thay đổi nhưng không chứng minh một tác động upgrade độc lập ngoài các finding được ánh xạ.";"";"";"screened-endpoint+history"
"1012";"v16.2.5";"v16.2.15";"qa/tasks/mgr/dashboard/test_settings.py";"";"M";"M";"6";"6";"FALSE";"100644";"100644";"46750292e1c9447d002a9989f9731b42ff924d23";"d6ad1e762e38e7d2b8a99f2747b406a6ae7fc4fc";"7";"07-mgr-modules-monitoring";"P2";"test/QA";"reference-only";"Không đọc độc lập";"";"support";"MGR-007";"Dashboard QA hỗ trợ API/request/settings paths dùng trong kiểm chứng TLS, redirect và version negotiation.";"";"";"support-inspected"
"1013";"v16.2.5";"v16.2.15";"qa/tasks/mgr/dashboard/test_user.py";"";"M";"M";"3";"0";"FALSE";"100644";"100644";"73ead662d6bec778ddc0c15aa19edeb429bcf5f7";"3a6464f5a5b7f7eeed890bf1cc8987da8b7a3be8";"7";"07-mgr-modules-monitoring";"P2";"test/QA";"reference-only";"Không đọc độc lập";"";"trivial";"";"Test thay đổi nhưng không chứng minh một tác động upgrade độc lập ngoài các finding được ánh xạ.";"";"";"screened-endpoint+history"
"1014";"v16.2.5";"v16.2.15";"qa/tasks/mgr/mgr_test_case.py";"";"M";"M";"5";"1";"FALSE";"100644";"100644";"f5392d3ba38a33ac25e7aa68dc77f835036ac25f";"a650070f335348d35d27a526eaa2c998742c685a";"7";"07-mgr-modules-monitoring";"P2";"test/QA";"reference-only";"Không đọc độc lập";"";"trivial";"";"Test thay đổi nhưng không chứng minh một tác động upgrade độc lập ngoài các finding được ánh xạ.";"";"";"screened-endpoint+history"
"1015";"v16.2.5";"v16.2.15";"qa/tasks/mgr/test_cache.py";"";"A";"A";"83";"0";"FALSE";"0";"100644";"0";"71131cbc6afa6e6d57dcca780f9c366491ad3b6e";"7";"07-mgr-modules-monitoring";"P2";"test/QA";"reference-only";"Không đọc độc lập";"";"support";"MGR-002";"Cấu hình/test TTL cache hỗ trợ lịch sử regression/fix và xác nhận cache mặc định tắt.";"TTLCache;mgr_ttl_cache_expire_seconds";"a356bac1a8789fd3da2b071cb4cb801bc941244e,99de9e0215e4c7e860ab29f993606565a257e76d";"support-inspected"
"1016";"v16.2.5";"v16.2.15";"qa/tasks/mgr/test_insights.py";"";"M";"M";"0";"11";"FALSE";"100644";"100644";"9f952152c695d292207cca8225b0715bfa33eeeb";"aa2548881d367e2282716b4c0ff6d0960060cec7";"7";"07-mgr-modules-monitoring";"P2";"test/QA";"reference-only";"Không đọc độc lập";"";"support";"MGR-003";"Test insights hỗ trợ built-in module notification declaration; không bao phủ third-party modules.";"";"";"support-inspected"
"1017";"v16.2.5";"v16.2.15";"qa/tasks/mgr/test_module_selftest.py";"";"M";"M";"6";"4";"FALSE";"100644";"100644";"8abfe51abe8ff36940ca6f5ca0fafadcf8df4850";"b054642dbd48e8e7ead6d01ac73d021de98aafe4";"7";"07-mgr-modules-monitoring";"P2";"test/QA";"reference-only";"Không đọc độc lập";"";"trivial";"";"Test thay đổi nhưng không chứng minh một tác động upgrade độc lập ngoài các finding được ánh xạ.";"";"";"screened-endpoint+history"
"1018";"v16.2.5";"v16.2.15";"qa/tasks/mgr/test_orchestrator_cli.py";"";"M";"M";"1";"2";"FALSE";"100644";"100644";"49be3d8ab0a907bf167f35eb0777a2d9e7673ad3";"3fccef9a618151647edc2ae3ea8798b9e2da8c71";"7";"07-mgr-modules-monitoring";"P2";"test/QA";"reference-only";"Không đọc độc lập";"";"trivial";"";"Test thay đổi nhưng không chứng minh một tác động upgrade độc lập ngoài các finding được ánh xạ.";"";"";"screened-endpoint+history"
"1019";"v16.2.5";"v16.2.15";"qa/tasks/mgr/test_progress.py";"";"M";"M";"66";"86";"FALSE";"100644";"100644";"69e91875313b654906aaf45fcc2a81a83b7bd87f";"082653f625294c5620dcd27b421d4ffaddd51745";"7";"07-mgr-modules-monitoring";"P2";"test/QA";"reference-only";"Không đọc độc lập";"";"support";"MGR-009";"Test progress hỗ trợ event lifecycle; chưa thay thế runtime recovery/large-PG validation.";"";"";"support-inspected"
"1060";"v16.2.5";"v16.2.15";"qa/workunits/mgr/test_per_module_finisher.sh";"";"A";"A";"37";"0";"FALSE";"0";"100755";"0";"09937bc02da9a559328f9f0e1aa79debb5ae4ca4";"7";"07-mgr-modules-monitoring";"P2";"test/QA";"reference-only";"Không đọc độc lập";"";"support";"MGR-002";"Workunit trực tiếp kiểm tra mỗi active module có finisher riêng.";"test_per_module_finisher";"2e8adcd7c8322d33a6eb45f3696c3c390f0d633b";"support-inspected"
"1462";"v16.2.5";"v16.2.15";"src/mgr/ActivePyModule.h";"";"M";"M";"15";"2";"FALSE";"100644";"100644";"1cbf6d18ac2f4e1d9feec69102e7031ba61fb820";"cd0ddc953cadb201ec050dc7c0c0cc4c643e5a68";"7";"07-mgr-modules-monitoring";"P1";"runtime/source";"deep";"Chọn đọc sâu theo nhóm: implementation thuộc MGR, dashboard, module, metrics, alerts và monitoring.";"";"material";"MGR-002";"Mỗi active Python module sở hữu finisher riêng, tách command/notify khỏi queue dùng chung.";"ActivePyModule::finisher";"39c5772e667b272f66ceff8e46151167a9dc5b39";"verified-endpoint+history"
"1463";"v16.2.5";"v16.2.15";"src/mgr/ActivePyModules.cc";"";"M";"M";"194";"76";"FALSE";"100644";"100644";"2e3897ad707056e827bcba91b7b8ad7c07744a25";"a2c5f464f264c16832de9ac4838054ab6e265dad";"7";"07-mgr-modules-monitoring";"P1";"runtime/source";"deep";"Chọn đọc sâu theo nhóm: implementation thuộc MGR, dashboard, module, metrics, alerts và monitoring.";"";"mixed";"MGR-002,MGR-003,MGR-006,MGR-008";"File chứa lifecycle/finisher, notification gating, per-service version dump và CephFS metric routing; các hunk phụ còn lại chỉ support.";"ActivePyModules::notify;ActivePyModules::dump_server;ActivePyModules::handle_command";"39c5772e667b272f66ceff8e46151167a9dc5b39,7a8d07117e146d5123fb47ebb20a23c4a34bae89,f4e16fd0b89c,402c8cda8038";"verified-endpoint+history"
"1464";"v16.2.5";"v16.2.15";"src/mgr/ActivePyModules.h";"";"M";"M";"13";"0";"FALSE";"100644";"100644";"f4feec4307a92c10a1ae3e28e75e32f5dfc1641c";"61837d157f29a826457d5a7fceb1d2062aef89c8";"7";"07-mgr-modules-monitoring";"P1";"runtime/source";"deep";"Chọn đọc sâu theo nhóm: implementation thuộc MGR, dashboard, module, metrics, alerts và monitoring.";"";"mixed";"MGR-002,MGR-003";"Khai báo lifecycle/notification mới hỗ trợ per-module finisher và event subscription.";"ActivePyModules;notify_all";"39c5772e667b272f66ceff8e46151167a9dc5b39,7a8d07117e146d5123fb47ebb20a23c4a34bae89";"verified-endpoint+history"
"1465";"v16.2.5";"v16.2.15";"src/mgr/BaseMgrModule.cc";"";"M";"M";"33";"16";"FALSE";"100644";"100644";"da8785eaa97d3f00e380ddd661f607158b318bd7";"1b1f418a2b504dd87cf6647688b108f1756dbe7f";"7";"07-mgr-modules-monitoring";"P1";"runtime/source";"deep";"Chọn đọc sâu theo nhóm: implementation thuộc MGR, dashboard, module, metrics, alerts và monitoring.";"";"material";"MGR-002,MGR-008";"Base module execution/cache/perf plumbing thay đổi lifecycle và dữ liệu metric MGR.";"BaseMgrModule";"39c5772e667b272f66ceff8e46151167a9dc5b39,a356bac1a8789fd3da2b071cb4cb801bc941244e,99de9e0215e4c7e860ab29f993606565a257e76d";"verified-endpoint+history"
"1466";"v16.2.5";"v16.2.15";"src/mgr/CMakeLists.txt";"";"M";"M";"2";"0";"FALSE";"100644";"100644";"f2187407a88a83456f17e54b34485edcee96573b";"8e152e060eae09faefa75a51bd19dad84c9eea0c";"7";"07-mgr-modules-monitoring";"P1";"build/package";"deep";"Đọc sâu khi ảnh hưởng build, package, quyền hoặc service: MGR, dashboard, module, metrics, alerts và monitoring.";"";"support";"MGR-002";"Build/GIL/formatter/cache/perf-counter support cho lifecycle MGR; không tạo activation edge độc lập.";"Gil;PyFormatter;TTLCache;MgrPerfCounters";"";"support-inspected"
"1467";"v16.2.5";"v16.2.15";"src/mgr/DaemonHealthMetric.h";"";"M";"M";"7";"1";"FALSE";"100644";"100644";"ad3ea29efd46b14916fb961759a50744a184e3e6";"ce0dad2c87e317ee43e374a682ae57e325f2555e";"7";"07-mgr-modules-monitoring";"P1";"runtime/source";"deep";"Chọn đọc sâu theo nhóm: implementation thuộc MGR, dashboard, module, metrics, alerts và monitoring.";"";"support";"MGR-006";"Daemon health metric type hỗ trợ Prometheus health/slow-op signal contract.";"DaemonHealthMetric";"";"support-inspected"
"1468";"v16.2.5";"v16.2.15";"src/mgr/DaemonServer.cc";"";"M";"M";"109";"17";"FALSE";"100644";"100644";"48816578ccb52959e3264e74f42c9c98f9f167ce";"5f52bad07d1918f6f70c716382b1291e2d7958f4";"7";"07-mgr-modules-monitoring";"P1";"runtime/source";"deep";"Chọn đọc sâu theo nhóm: implementation thuộc MGR, dashboard, module, metrics, alerts và monitoring.";"";"mixed";"MGR-001,MGR-002,MGR-004,MGR-008";"File chứa race/deadlock/failover hardening, per-module command routing, PG change limiter và CephFS metric paths.";"DaemonServer::handle_report;DaemonServer::got_service_map;DaemonServer::ms_handle_accept;DaemonServer::handle_command";"d569f22d36b9ec48002e4a7d77cdd810a6dcfae8,355131defb8245ee360502ee08ff5b52479fc95c,52609db711934dddd6f5357dcc8a662721c543fb,34000975471cb6a4a4f4397fa796454271caede2,b5edb374605c02a670d8c627bc9b5bb2b66ca340";"verified-endpoint+history"
"1469";"v16.2.5";"v16.2.15";"src/mgr/DaemonServer.h";"";"M";"M";"5";"1";"FALSE";"100644";"100644";"3adcf6ccaf93b8d50af5cd15202b115492e4340a";"c647bf95e68ee317a352cd5b700f7db4233c8b6d";"7";"07-mgr-modules-monitoring";"P1";"runtime/source";"deep";"Chọn đọc sâu theo nhóm: implementation thuộc MGR, dashboard, module, metrics, alerts và monitoring.";"";"mixed";"MGR-001,MGR-008";"DaemonServer state/locking và metric collector declarations hỗ trợ activation/failover behavior.";"DaemonServer;MetadataUpdate";"d569f22d36b9ec48002e4a7d77cdd810a6dcfae8,34000975471cb6a4a4f4397fa796454271caede2";"verified-endpoint+history"
"1470";"v16.2.5";"v16.2.15";"src/mgr/Gil.h";"";"M";"M";"1";"1";"FALSE";"100644";"100644";"ffade120fd37d44a3769602d307b913af209613b";"72675a50388cca05d8f4b833f1015202eaa328de";"7";"07-mgr-modules-monitoring";"P1";"runtime/source";"deep";"Chọn đọc sâu theo nhóm: implementation thuộc MGR, dashboard, module, metrics, alerts và monitoring.";"";"support";"MGR-002";"Build/GIL/formatter/cache/perf-counter support cho lifecycle MGR; không tạo activation edge độc lập.";"Gil;PyFormatter;TTLCache;MgrPerfCounters";"";"support-inspected"
"1471";"v16.2.5";"v16.2.15";"src/mgr/MDSPerfMetricCollector.cc";"";"M";"M";"8";"0";"FALSE";"100644";"100644";"74404a89d515538519e895a322718be30843fd77";"62298aba36a01b00d859327ad05c8332240f56ec";"7";"07-mgr-modules-monitoring";"P1";"runtime/source";"deep";"Chọn đọc sâu theo nhóm: implementation thuộc MGR, dashboard, module, metrics, alerts và monitoring.";"";"conditional";"MGR-008";"CephFS perf metric collection/schema đổi; chỉ kích hoạt khi dùng stats/cephfs-top hoặc consumer tương tự.";"MDSPerfMetricCollector;MetricCollector;MDSPerfMetricTypes";"402c8cda8038,166fb10544e0db1f683ea58c6137c3e76e5b8385,eaba9c4e6f7ae079e9c1dfd16404115a4f874993,322723,649258,02c4b4608286e8fd19d050772b132667229aa9db,3c5fe2d1e398";"verified-endpoint+history"
"1472";"v16.2.5";"v16.2.15";"src/mgr/MDSPerfMetricCollector.h";"";"M";"M";"2";"0";"FALSE";"100644";"100644";"c6b379ec5b78bf6a1ecfc993f11ff5d2a01a9b28";"c72bce09103554482bd505f2de246008bec9b6f9";"7";"07-mgr-modules-monitoring";"P1";"runtime/source";"deep";"Chọn đọc sâu theo nhóm: implementation thuộc MGR, dashboard, module, metrics, alerts và monitoring.";"";"conditional";"MGR-008";"CephFS perf metric collection/schema đổi; chỉ kích hoạt khi dùng stats/cephfs-top hoặc consumer tương tự.";"MDSPerfMetricCollector;MetricCollector;MDSPerfMetricTypes";"402c8cda8038,166fb10544e0db1f683ea58c6137c3e76e5b8385,eaba9c4e6f7ae079e9c1dfd16404115a4f874993,322723,649258,02c4b4608286e8fd19d050772b132667229aa9db,3c5fe2d1e398";"verified-endpoint+history"
"1473";"v16.2.5";"v16.2.15";"src/mgr/MDSPerfMetricTypes.cc";"";"M";"M";"40";"0";"FALSE";"100644";"100644";"bbba88a76bb509d3f101d5bc3b04a889c8edf33a";"a16003774a494b324dd7993438aa1d8defbad96d";"7";"07-mgr-modules-monitoring";"P1";"runtime/source";"deep";"Chọn đọc sâu theo nhóm: implementation thuộc MGR, dashboard, module, metrics, alerts và monitoring.";"";"conditional";"MGR-008";"CephFS perf metric collection/schema đổi; chỉ kích hoạt khi dùng stats/cephfs-top hoặc consumer tương tự.";"MDSPerfMetricCollector;MetricCollector;MDSPerfMetricTypes";"402c8cda8038,166fb10544e0db1f683ea58c6137c3e76e5b8385,eaba9c4e6f7ae079e9c1dfd16404115a4f874993,322723,649258,02c4b4608286e8fd19d050772b132667229aa9db,3c5fe2d1e398";"verified-endpoint+history"
"1474";"v16.2.5";"v16.2.15";"src/mgr/MDSPerfMetricTypes.h";"";"M";"M";"17";"0";"FALSE";"100644";"100644";"41b183b05e297e9c4a1f468a320cb03dc2d2b9d2";"aa35b8cab0fc2037390df6e3f4de9cb312ceca80";"7";"07-mgr-modules-monitoring";"P1";"runtime/source";"deep";"Chọn đọc sâu theo nhóm: implementation thuộc MGR, dashboard, module, metrics, alerts và monitoring.";"";"conditional";"MGR-008";"CephFS perf metric collection/schema đổi; chỉ kích hoạt khi dùng stats/cephfs-top hoặc consumer tương tự.";"MDSPerfMetricCollector;MetricCollector;MDSPerfMetricTypes";"402c8cda8038,166fb10544e0db1f683ea58c6137c3e76e5b8385,eaba9c4e6f7ae079e9c1dfd16404115a4f874993,322723,649258,02c4b4608286e8fd19d050772b132667229aa9db,3c5fe2d1e398";"verified-endpoint+history"
"1475";"v16.2.5";"v16.2.15";"src/mgr/MetricCollector.cc";"";"M";"M";"6";"0";"FALSE";"100644";"100644";"7da0dae7fe47429d58992334d3bbc5fd2709e251";"c31dcf0b90c6d042555f49f3be38e22f75d4d107";"7";"07-mgr-modules-monitoring";"P1";"runtime/source";"deep";"Chọn đọc sâu theo nhóm: implementation thuộc MGR, dashboard, module, metrics, alerts và monitoring.";"";"conditional";"MGR-008";"CephFS perf metric collection/schema đổi; chỉ kích hoạt khi dùng stats/cephfs-top hoặc consumer tương tự.";"MDSPerfMetricCollector;MetricCollector;MDSPerfMetricTypes";"402c8cda8038,166fb10544e0db1f683ea58c6137c3e76e5b8385,eaba9c4e6f7ae079e9c1dfd16404115a4f874993,322723,649258,02c4b4608286e8fd19d050772b132667229aa9db,3c5fe2d1e398";"verified-endpoint+history"
"1476";"v16.2.5";"v16.2.15";"src/mgr/MetricCollector.h";"";"M";"M";"5";"1";"FALSE";"100644";"100644";"19a3eed9b0aba5b4053f2c7017580329b17b262e";"91fa78781954218ac85449eb0541626bf5f67ca8";"7";"07-mgr-modules-monitoring";"P1";"runtime/source";"deep";"Chọn đọc sâu theo nhóm: implementation thuộc MGR, dashboard, module, metrics, alerts và monitoring.";"";"conditional";"MGR-008";"CephFS perf metric collection/schema đổi; chỉ kích hoạt khi dùng stats/cephfs-top hoặc consumer tương tự.";"MDSPerfMetricCollector;MetricCollector;MDSPerfMetricTypes";"402c8cda8038,166fb10544e0db1f683ea58c6137c3e76e5b8385,eaba9c4e6f7ae079e9c1dfd16404115a4f874993,322723,649258,02c4b4608286e8fd19d050772b132667229aa9db,3c5fe2d1e398";"verified-endpoint+history"
"1477";"v16.2.5";"v16.2.15";"src/mgr/Mgr.cc";"";"M";"M";"16";"13";"FALSE";"100644";"100644";"4b2cdf7c53685b506356802a06f1a2dcc4b95e12";"45bf6624ab7845dd5c9f406dbce7bd67c7e4108d";"7";"07-mgr-modules-monitoring";"P1";"runtime/source";"deep";"Chọn đọc sâu theo nhóm: implementation thuộc MGR, dashboard, module, metrics, alerts và monitoring.";"";"mixed";"MGR-001,MGR-006";"MGR activation, messenger policy/throttle và service-map/version state ảnh hưởng failover và mixed-version observability.";"Mgr::init;Mgr::handle_mgr_map";"ebcd948155a3b0c806cda4eadd04ce5c9f1860e4,8af250cf2f3d2b66c3e76f139dc1754edb6be6a5";"verified-endpoint+history"
"1478";"v16.2.5";"v16.2.15";"src/mgr/MgrClient.cc";"";"M";"M";"43";"0";"FALSE";"100644";"100644";"4ac88dd99d4627073c46137026071f7910e7edc8";"6230b3387172fe259a103df9947a9acadcad9be5";"7";"07-mgr-modules-monitoring";"P1";"runtime/source";"deep";"Chọn đọc sâu theo nhóm: implementation thuộc MGR, dashboard, module, metrics, alerts và monitoring.";"";"support";"MSG-009";"MgrClient thay đổi hỗ trợ message-edge đã phân tích ở report 05; không lặp finding trong report 07.";"MgrClient;MMgrUpdate";"";"cross-report-verified"
"1479";"v16.2.5";"v16.2.15";"src/mgr/MgrClient.h";"";"M";"M";"6";"0";"FALSE";"100644";"100644";"6bd2b26e11a37c4cc272585807fe9f7b34e0c62c";"1668d8da0fbc29fc64894e21b0fa5aefc58ca27b";"7";"07-mgr-modules-monitoring";"P1";"runtime/source";"deep";"Chọn đọc sâu theo nhóm: implementation thuộc MGR, dashboard, module, metrics, alerts và monitoring.";"";"support";"MSG-009";"MgrClient thay đổi hỗ trợ message-edge đã phân tích ở report 05; không lặp finding trong report 07.";"MgrClient;MMgrUpdate";"";"cross-report-verified"
"1480";"v16.2.5";"v16.2.15";"src/mgr/MgrStandby.cc";"";"M";"M";"6";"3";"FALSE";"100644";"100644";"2ea331441dc7656dad0b2dcdb2c21491f5c89bfa";"2821bf4cfa22e4915788c4ecdca4feb0948d603d";"7";"07-mgr-modules-monitoring";"P1";"runtime/source";"deep";"Chọn đọc sâu theo nhóm: implementation thuộc MGR, dashboard, module, metrics, alerts và monitoring.";"";"conditional";"MGR-006,MGR-007";"Standby behavior và discoverability quyết định endpoint/redirect khi active MGR đổi trong rolling phase.";"MgrStandby";"24e843a075a,305648,badc70bb11fc";"verified-endpoint+history"
"1481";"v16.2.5";"v16.2.15";"src/mgr/PyFormatter.cc";"";"M";"M";"13";"0";"FALSE";"100644";"100644";"48f1cca2903176c681676925179e073209f4c5dd";"8e58f6e9a84ab99aa55592a7d3fe473af1aa3868";"7";"07-mgr-modules-monitoring";"P1";"runtime/source";"deep";"Chọn đọc sâu theo nhóm: implementation thuộc MGR, dashboard, module, metrics, alerts và monitoring.";"";"support";"MGR-002";"Build/GIL/formatter/cache/perf-counter support cho lifecycle MGR; không tạo activation edge độc lập.";"Gil;PyFormatter;TTLCache;MgrPerfCounters";"";"support-inspected"
"1482";"v16.2.5";"v16.2.15";"src/mgr/PyFormatter.h";"";"M";"M";"18";"0";"FALSE";"100644";"100644";"cd609eebeca92db1ae8721c055372b68825cfc96";"5e4c0a679ac34ce427ffff31319aff7d21d3cc34";"7";"07-mgr-modules-monitoring";"P1";"runtime/source";"deep";"Chọn đọc sâu theo nhóm: implementation thuộc MGR, dashboard, module, metrics, alerts và monitoring.";"";"support";"MGR-002";"Build/GIL/formatter/cache/perf-counter support cho lifecycle MGR; không tạo activation edge độc lập.";"Gil;PyFormatter;TTLCache;MgrPerfCounters";"";"support-inspected"
"1483";"v16.2.5";"v16.2.15";"src/mgr/PyModule.cc";"";"M";"M";"35";"0";"FALSE";"100644";"100644";"afbff01ae6ebc27d2cd505e022aefc084929a108";"19d02332d2d518e8c36b022086f2bb6d32530d4c";"7";"07-mgr-modules-monitoring";"P1";"runtime/source";"deep";"Chọn đọc sâu theo nhóm: implementation thuộc MGR, dashboard, module, metrics, alerts và monitoring.";"";"conditional";"MGR-003";"Python bridge thêm NotifyType/NOTIFY_TYPES; external module thiếu declaration có thể không còn nhận event.";"PyModule::load;NotifyType;NOTIFY_TYPES";"900c502a996a13b00634e3753fb964bbbab3c01b,7a8d07117e146d5123fb47ebb20a23c4a34bae89";"verified-endpoint+history"
"1484";"v16.2.5";"v16.2.15";"src/mgr/PyModule.h";"";"M";"M";"7";"0";"FALSE";"100644";"100644";"6df3ee5860f4c380abb5f8dddc07735bcf3bd5cf";"fe2e16238ef1c201c30f082823f448a62f24692e";"7";"07-mgr-modules-monitoring";"P1";"runtime/source";"deep";"Chọn đọc sâu theo nhóm: implementation thuộc MGR, dashboard, module, metrics, alerts và monitoring.";"";"conditional";"MGR-003";"Python bridge thêm NotifyType/NOTIFY_TYPES; external module thiếu declaration có thể không còn nhận event.";"PyModule::load;NotifyType;NOTIFY_TYPES";"900c502a996a13b00634e3753fb964bbbab3c01b,7a8d07117e146d5123fb47ebb20a23c4a34bae89";"verified-endpoint+history"
"1485";"v16.2.5";"v16.2.15";"src/mgr/PyModuleRegistry.h";"";"M";"M";"19";"6";"FALSE";"100644";"100644";"ad48af9dafea64d5df4ecc530b48b9754b7e5e5e";"7e7797697d8c8f7b6e891c10ac6266a4d498ea9b";"7";"07-mgr-modules-monitoring";"P1";"runtime/source";"deep";"Chọn đọc sâu theo nhóm: implementation thuộc MGR, dashboard, module, metrics, alerts và monitoring.";"";"mixed";"MGR-002,MGR-003";"Registry chứa lifecycle/finisher và notification subscription state; hunk phụ chỉ support.";"PyModuleRegistry;ActivePyModule";"39c5772e667b272f66ceff8e46151167a9dc5b39,900c502a996a13b00634e3753fb964bbbab3c01b";"verified-endpoint+history"
"1486";"v16.2.5";"v16.2.15";"src/mgr/TTLCache.cc";"";"A";"A";"100";"0";"FALSE";"0";"100644";"0";"05fe95987095c97c691fa47b825788337cb577b7";"7";"07-mgr-modules-monitoring";"P1";"runtime/source";"deep";"Chọn đọc sâu theo nhóm: implementation thuộc MGR, dashboard, module, metrics, alerts và monitoring.";"";"support";"MGR-002";"Build/GIL/formatter/cache/perf-counter support cho lifecycle MGR; không tạo activation edge độc lập.";"Gil;PyFormatter;TTLCache;MgrPerfCounters";"";"support-inspected"
"1487";"v16.2.5";"v16.2.15";"src/mgr/TTLCache.h";"";"A";"A";"124";"0";"FALSE";"0";"100644";"0";"a6d5ddf2e2d0359911dce5794fb253d87753e693";"7";"07-mgr-modules-monitoring";"P1";"runtime/source";"deep";"Chọn đọc sâu theo nhóm: implementation thuộc MGR, dashboard, module, metrics, alerts và monitoring.";"";"support";"MGR-002";"Build/GIL/formatter/cache/perf-counter support cho lifecycle MGR; không tạo activation edge độc lập.";"Gil;PyFormatter;TTLCache;MgrPerfCounters";"";"support-inspected"
"1488";"v16.2.5";"v16.2.15";"src/mgr/mgr_perf_counters.cc";"";"A";"A";"28";"0";"FALSE";"0";"100644";"0";"1b5585f9ec9489af96dc7edaf113e775aa14d2a8";"7";"07-mgr-modules-monitoring";"P1";"runtime/source";"deep";"Chọn đọc sâu theo nhóm: implementation thuộc MGR, dashboard, module, metrics, alerts và monitoring.";"";"support";"MGR-002";"Build/GIL/formatter/cache/perf-counter support cho lifecycle MGR; không tạo activation edge độc lập.";"Gil;PyFormatter;TTLCache;MgrPerfCounters";"";"support-inspected"
"1489";"v16.2.5";"v16.2.15";"src/mgr/mgr_perf_counters.h";"";"A";"A";"20";"0";"FALSE";"0";"100644";"0";"d695d905fe96ca1f4bc45c2c9fb95780397b5532";"7";"07-mgr-modules-monitoring";"P1";"runtime/source";"deep";"Chọn đọc sâu theo nhóm: implementation thuộc MGR, dashboard, module, metrics, alerts và monitoring.";"";"support";"MGR-002";"Build/GIL/formatter/cache/perf-counter support cho lifecycle MGR; không tạo activation edge độc lập.";"Gil;PyFormatter;TTLCache;MgrPerfCounters";"";"support-inspected"
"1627";"v16.2.5";"v16.2.15";"src/pybind/mgr/.pylintrc";"";"A";"A";"593";"0";"FALSE";"0";"100644";"0";"8cab074d9e0805e7acb740312391ebed40ab25a2";"7";"07-mgr-modules-monitoring";"P1";"runtime/source";"deep";"Chọn đọc sâu theo nhóm: implementation thuộc MGR, dashboard, module, metrics, alerts và monitoring.";"";"trivial";"";"Đã sàng lọc net diff và lịch sử; thay đổi không tạo chuỗi tác động rolling/restart/compatibility đủ mạnh ngoài các finding được nâng cấp.";"";"";"screened-endpoint+history"
"1628";"v16.2.5";"v16.2.15";"src/pybind/mgr/CMakeLists.txt";"";"M";"M";"11";"2";"FALSE";"100644";"100644";"679d0d9ae58ba3cf9f739cb344f89517f2706fa3";"4b915219a365b2e9c36a3405bdd0009c7b657582";"7";"07-mgr-modules-monitoring";"P1";"build/package";"deep";"Đọc sâu khi ảnh hưởng build, package, quyền hoặc service: MGR, dashboard, module, metrics, alerts và monitoring.";"";"trivial";"";"Đã sàng lọc net diff và lịch sử; thay đổi không tạo chuỗi tác động rolling/restart/compatibility đủ mạnh ngoài các finding được nâng cấp.";"";"";"screened-endpoint+history"
"1629";"v16.2.5";"v16.2.15";"src/pybind/mgr/alerts/module.py";"";"M";"M";"6";"1";"FALSE";"100644";"100644";"e0b6cbcaa425ce1933f5927c03652e34a1901ddc";"3d299f0d49ede701bea8439e179fe652f9ecc8d8";"7";"07-mgr-modules-monitoring";"P1";"runtime/source";"deep";"Chọn đọc sâu theo nhóm: implementation thuộc MGR, dashboard, module, metrics, alerts và monitoring.";"";"trivial";"";"Đã sàng lọc net diff và lịch sử; thay đổi không tạo chuỗi tác động rolling/restart/compatibility đủ mạnh ngoài các finding được nâng cấp.";"";"";"screened-endpoint+history"
"1630";"v16.2.5";"v16.2.15";"src/pybind/mgr/balancer/module.py";"";"M";"M";"11";"4";"FALSE";"100644";"100644";"d1f9710c35507284be3022aae999beb262559afa";"100af9b5b478fc54e5d7d529b791a5beea8a1dfb";"7";"07-mgr-modules-monitoring";"P1";"runtime/source";"deep";"Chọn đọc sâu theo nhóm: implementation thuộc MGR, dashboard, module, metrics, alerts và monitoring.";"";"trivial";"";"Đã sàng lọc net diff và lịch sử; thay đổi không tạo chuỗi tác động rolling/restart/compatibility đủ mạnh ngoài các finding được nâng cấp.";"";"";"screened-endpoint+history"
"1631";"v16.2.5";"v16.2.15";"src/pybind/mgr/ceph_module.pyi";"";"M";"M";"2";"0";"FALSE";"100644";"100644";"4a5bac33f3e1b8869cfcb653961ac2a3c145fe72";"2d8c8cbaba762cb0498432777650f7080773bfd7";"7";"07-mgr-modules-monitoring";"P1";"runtime/source";"deep";"Chọn đọc sâu theo nhóm: implementation thuộc MGR, dashboard, module, metrics, alerts và monitoring.";"";"support";"MGR-008";"Python typing surface hỗ trợ CephFS perf-stat schema; runtime behavior nằm ở collector/stats module.";"";"";"support-inspected"
"1665";"v16.2.5";"v16.2.15";"src/pybind/mgr/cli_api/__init__.py";"";"A";"A";"10";"0";"FALSE";"0";"100644";"0";"a52284054d240057ee07e467979333842fcf5d5f";"7";"07-mgr-modules-monitoring";"P1";"runtime/source";"deep";"Chọn đọc sâu theo nhóm: implementation thuộc MGR, dashboard, module, metrics, alerts và monitoring.";"";"trivial";"";"Đã sàng lọc net diff và lịch sử; thay đổi không tạo chuỗi tác động rolling/restart/compatibility đủ mạnh ngoài các finding được nâng cấp.";"";"";"screened-endpoint+history"
"1666";"v16.2.5";"v16.2.15";"src/pybind/mgr/cli_api/module.py";"";"A";"A";"120";"0";"FALSE";"0";"100755";"0";"79b042eb0e9d6e2d8d458af8abfbf5142a72a46c";"7";"07-mgr-modules-monitoring";"P1";"runtime/source";"deep";"Chọn đọc sâu theo nhóm: implementation thuộc MGR, dashboard, module, metrics, alerts và monitoring.";"";"trivial";"";"Đã sàng lọc net diff và lịch sử; thay đổi không tạo chuỗi tác động rolling/restart/compatibility đủ mạnh ngoài các finding được nâng cấp.";"";"";"screened-endpoint+history"
"1667";"v16.2.5";"v16.2.15";"src/pybind/mgr/cli_api/tests/__init__.py";"";"A";"A";"0";"0";"FALSE";"0";"100644";"0";"e69de29bb2d1d6434b8b29ae775ad8c2e48c5391";"7";"07-mgr-modules-monitoring";"P2";"mechanical/zero-LOC";"reference-only";"Không đọc nội dung độc lập";"";"trivial";"";"Đã sàng lọc net diff và lịch sử; thay đổi không tạo chuỗi tác động rolling/restart/compatibility đủ mạnh ngoài các finding được nâng cấp.";"";"";"screened-endpoint+history"
"1668";"v16.2.5";"v16.2.15";"src/pybind/mgr/cli_api/tests/test_cli_api.py";"";"A";"A";"40";"0";"FALSE";"0";"100644";"0";"ee42dc96a60a88e6799badd0de6c003f2cc93965";"7";"07-mgr-modules-monitoring";"P2";"test/QA";"reference-only";"Không đọc độc lập";"";"trivial";"";"Test thay đổi nhưng không chứng minh một tác động upgrade độc lập ngoài các finding được ánh xạ.";"";"";"screened-endpoint+history"
"1669";"v16.2.5";"v16.2.15";"src/pybind/mgr/dashboard/CMakeLists.txt";"";"M";"M";"5";"2";"FALSE";"100644";"100644";"94c0a568277c8427c5ef9254d157b252503de3b3";"0c8d46d65ee99499920bcbd61cdbc04868ff4518";"7";"07-mgr-modules-monitoring";"P1";"build/package";"deep";"Đọc sâu khi ảnh hưởng build, package, quyền hoặc service: MGR, dashboard, module, metrics, alerts và monitoring.";"";"trivial";"";"Dashboard feature/refactor/test churn đã được sàng lọc; không làm thay đổi kế hoạch nâng cấp ngoài TLS, failover và API compatibility được ánh xạ.";"";"";"screened-endpoint+history"
"1670";"v16.2.5";"v16.2.15";"src/pybind/mgr/dashboard/__init__.py";"";"M";"M";"8";"2";"FALSE";"100644";"100644";"34485327e3535bac9d49194c191d7f60362c7360";"5156403e34e101560348e9b283dabf88d9997f4d";"7";"07-mgr-modules-monitoring";"P1";"runtime/source";"deep";"Chọn đọc sâu theo nhóm: implementation thuộc MGR, dashboard, module, metrics, alerts và monitoring.";"";"trivial";"";"Dashboard feature/refactor/test churn đã được sàng lọc; không làm thay đổi kế hoạch nâng cấp ngoài TLS, failover và API compatibility được ánh xạ.";"";"";"screened-endpoint+history"
"1671";"v16.2.5";"v16.2.15";"src/pybind/mgr/dashboard/cherrypy_backports.py";"";"M";"M";"14";"13";"FALSE";"100644";"100644";"4fc59ba0605a771de77e7d0eb267c323139fc7e3";"26787200de19fa2a5fd08860278e3a5a3bbeebdc";"7";"07-mgr-modules-monitoring";"P1";"runtime/source";"deep";"Chọn đọc sâu theo nhóm: implementation thuộc MGR, dashboard, module, metrics, alerts và monitoring.";"";"trivial";"";"Dashboard feature/refactor/test churn đã được sàng lọc; không làm thay đổi kế hoạch nâng cấp ngoài TLS, failover và API compatibility được ánh xạ.";"";"";"screened-endpoint+history"
"1672";"v16.2.5";"v16.2.15";"src/pybind/mgr/dashboard/ci/cephadm/bootstrap-cluster.sh";"";"M";"M";"28";"12";"FALSE";"100755";"100755";"f0de590252a32dfbbe343d8cefb07ede58b496ce";"fed0e25559fcfb148360db8d3c2a7c970b929910";"7";"07-mgr-modules-monitoring";"P1";"tool/script";"conditional";"Đọc theo điều kiện sử dụng";"";"trivial";"";"Dashboard feature/refactor/test churn đã được sàng lọc; không làm thay đổi kế hoạch nâng cấp ngoài TLS, failover và API compatibility được ánh xạ.";"";"";"screened-endpoint+history"
"1673";"v16.2.5";"v16.2.15";"src/pybind/mgr/dashboard/ci/cephadm/ceph_cluster.yml";"";"M";"M";"16";"11";"FALSE";"100755";"100755";"80273bbfe5ace5599fcdf54b541944b0e0faec01";"a334fbad5f6eea66e580ae5f0e03672557bd80c0";"7";"07-mgr-modules-monitoring";"P1";"config/schema";"deep";"Đọc sâu option/default/schema và điều kiện có hiệu lực: MGR, dashboard, module, metrics, alerts và monitoring.";"";"trivial";"";"Dashboard feature/refactor/test churn đã được sàng lọc; không làm thay đổi kế hoạch nâng cấp ngoài TLS, failover và API compatibility được ánh xạ.";"";"";"screened-endpoint+history"
"1674";"v16.2.5";"v16.2.15";"src/pybind/mgr/dashboard/ci/cephadm/run-cephadm-e2e-tests.sh";"";"M";"M";"29";"60";"FALSE";"100755";"100755";"90bfa8d9ebb12cd2bb0447364b7c98fdf6931bb7";"063b544f49148290cb80d45b44c86e094d509fcd";"7";"07-mgr-modules-monitoring";"P1";"tool/script";"conditional";"Đọc theo điều kiện sử dụng";"";"trivial";"";"Dashboard feature/refactor/test churn đã được sàng lọc; không làm thay đổi kế hoạch nâng cấp ngoài TLS, failover và API compatibility được ánh xạ.";"";"";"screened-endpoint+history"
"1675";"v16.2.5";"v16.2.15";"src/pybind/mgr/dashboard/ci/cephadm/start-cluster.sh";"";"A";"A";"80";"0";"FALSE";"0";"100755";"0";"0d6e8a5dd53af5975b7911559cb6801d39310d8b";"7";"07-mgr-modules-monitoring";"P1";"tool/script";"conditional";"Đọc theo điều kiện sử dụng";"";"trivial";"";"Dashboard feature/refactor/test churn đã được sàng lọc; không làm thay đổi kế hoạch nâng cấp ngoài TLS, failover và API compatibility được ánh xạ.";"";"";"screened-endpoint+history"
"1676";"v16.2.5";"v16.2.15";"src/pybind/mgr/dashboard/ci/check_grafana_dashboards.py";"src/pybind/mgr/dashboard/ci/check_grafana_uids.py";"R";"R081";"21";"1";"FALSE";"100644";"100644";"250fb8bad480e621ab479a6c79f74a4b970f6bf5";"d37337b404ed4c38f6463798c8d64bfb48b4d111";"7";"07-mgr-modules-monitoring";"P1";"runtime/source";"deep";"Chọn đọc sâu theo nhóm: implementation thuộc MGR, dashboard, module, metrics, alerts và monitoring.";"rename 81%";"trivial";"";"Dashboard feature/refactor/test churn đã được sàng lọc; không làm thay đổi kế hoạch nâng cấp ngoài TLS, failover và API compatibility được ánh xạ.";"";"";"screened-endpoint+history"
"1677";"v16.2.5";"v16.2.15";"src/pybind/mgr/dashboard/constraints.txt";"";"M";"M";"7";"8";"FALSE";"100644";"100644";"2b5c3f50e12501a74ac1f57c886c942f78f3616b";"1b4595e1d0d78bb80780f9c472f13bff00955089";"7";"07-mgr-modules-monitoring";"P1";"runtime/source";"deep";"Chọn đọc sâu theo nhóm: implementation thuộc MGR, dashboard, module, metrics, alerts và monitoring.";"";"trivial";"";"Dashboard feature/refactor/test churn đã được sàng lọc; không làm thay đổi kế hoạch nâng cấp ngoài TLS, failover và API compatibility được ánh xạ.";"";"";"screened-endpoint+history"
"1678";"v16.2.5";"v16.2.15";"src/pybind/mgr/dashboard/controllers/__init__.py";"";"M";"M";"35";"1067";"FALSE";"100644";"100644";"7daf2301d351f3b07de90d01bf44495d42ef8166";"7a5b090ee461e71d7b90ff890db5beaad610c088";"7";"07-mgr-modules-monitoring";"P1";"runtime/source";"deep";"Chọn đọc sâu theo nhóm: implementation thuộc MGR, dashboard, module, metrics, alerts và monitoring.";"";"support";"MGR-007";"Controller split/decorators implement versioned Dashboard API; backward-compatible minor version behavior is support, not a separate upgrade risk.";"APIVersion;APIRouter;RESTController";"c3152,1eb908";"support-inspected"
"1679";"v16.2.5";"v16.2.15";"src/pybind/mgr/dashboard/controllers/_api_router.py";"";"A";"A";"13";"0";"FALSE";"0";"100644";"0";"dbd45ac0e674c1bf0750c7853ecca96fca3c507c";"7";"07-mgr-modules-monitoring";"P1";"runtime/source";"deep";"Chọn đọc sâu theo nhóm: implementation thuộc MGR, dashboard, module, metrics, alerts và monitoring.";"";"support";"MGR-007";"Controller split/decorators implement versioned Dashboard API; backward-compatible minor version behavior is support, not a separate upgrade risk.";"APIVersion;APIRouter;RESTController";"c3152,1eb908";"support-inspected"
"1680";"v16.2.5";"v16.2.15";"src/pybind/mgr/dashboard/controllers/_auth.py";"";"A";"A";"18";"0";"FALSE";"0";"100644";"0";"0015a75e40b58e074a9a93ee33c90364c8792df1";"7";"07-mgr-modules-monitoring";"P1";"runtime/source";"deep";"Chọn đọc sâu theo nhóm: implementation thuộc MGR, dashboard, module, metrics, alerts và monitoring.";"";"support";"MGR-007";"Controller split/decorators implement versioned Dashboard API; backward-compatible minor version behavior is support, not a separate upgrade risk.";"APIVersion;APIRouter;RESTController";"c3152,1eb908";"support-inspected"
"1681";"v16.2.5";"v16.2.15";"src/pybind/mgr/dashboard/controllers/_base_controller.py";"";"A";"A";"314";"0";"FALSE";"0";"100644";"0";"4fcc8442f1bc82dcd0cb3047ab1715c224eef58d";"7";"07-mgr-modules-monitoring";"P1";"runtime/source";"deep";"Chọn đọc sâu theo nhóm: implementation thuộc MGR, dashboard, module, metrics, alerts và monitoring.";"";"support";"MGR-007";"Controller split/decorators implement versioned Dashboard API; backward-compatible minor version behavior is support, not a separate upgrade risk.";"APIVersion;APIRouter;RESTController";"c3152,1eb908";"support-inspected"
"1682";"v16.2.5";"v16.2.15";"src/pybind/mgr/dashboard/controllers/_docs.py";"";"A";"A";"128";"0";"FALSE";"0";"100644";"0";"5bd7a5a7a6ea5c6fd45173ea877347aed027596e";"7";"07-mgr-modules-monitoring";"P1";"runtime/source";"deep";"Chọn đọc sâu theo nhóm: implementation thuộc MGR, dashboard, module, metrics, alerts và monitoring.";"";"support";"MGR-007";"Controller split/decorators implement versioned Dashboard API; backward-compatible minor version behavior is support, not a separate upgrade risk.";"APIVersion;APIRouter;RESTController";"c3152,1eb908";"support-inspected"
"1683";"v16.2.5";"v16.2.15";"src/pybind/mgr/dashboard/controllers/_endpoint.py";"";"A";"A";"82";"0";"FALSE";"0";"100644";"0";"fccab89c34979a9d02273d64598f1e208e0e6ecb";"7";"07-mgr-modules-monitoring";"P1";"runtime/source";"deep";"Chọn đọc sâu theo nhóm: implementation thuộc MGR, dashboard, module, metrics, alerts và monitoring.";"";"support";"MGR-007";"Controller split/decorators implement versioned Dashboard API; backward-compatible minor version behavior is support, not a separate upgrade risk.";"APIVersion;APIRouter;RESTController";"c3152,1eb908";"support-inspected"
"1684";"v16.2.5";"v16.2.15";"src/pybind/mgr/dashboard/controllers/_helpers.py";"";"A";"A";"127";"0";"FALSE";"0";"100644";"0";"5ec49ee97e166b8f6cfbb79227c803e20441a929";"7";"07-mgr-modules-monitoring";"P1";"runtime/source";"deep";"Chọn đọc sâu theo nhóm: implementation thuộc MGR, dashboard, module, metrics, alerts và monitoring.";"";"support";"MGR-007";"Controller split/decorators implement versioned Dashboard API; backward-compatible minor version behavior is support, not a separate upgrade risk.";"APIVersion;APIRouter;RESTController";"c3152,1eb908";"support-inspected"
"1685";"v16.2.5";"v16.2.15";"src/pybind/mgr/dashboard/controllers/_permissions.py";"";"A";"A";"60";"0";"FALSE";"0";"100644";"0";"eb190c9a9e07aed0367f7869380896aba2e357cd";"7";"07-mgr-modules-monitoring";"P1";"runtime/source";"deep";"Chọn đọc sâu theo nhóm: implementation thuộc MGR, dashboard, module, metrics, alerts và monitoring.";"";"support";"MGR-007";"Controller split/decorators implement versioned Dashboard API; backward-compatible minor version behavior is support, not a separate upgrade risk.";"APIVersion;APIRouter;RESTController";"c3152,1eb908";"support-inspected"
"1686";"v16.2.5";"v16.2.15";"src/pybind/mgr/dashboard/controllers/_rest_controller.py";"";"A";"A";"249";"0";"FALSE";"0";"100644";"0";"03e124f9e4fb1dbec6f596bf41a5222bb126bb9d";"7";"07-mgr-modules-monitoring";"P1";"runtime/source";"deep";"Chọn đọc sâu theo nhóm: implementation thuộc MGR, dashboard, module, metrics, alerts và monitoring.";"";"support";"MGR-007";"Controller split/decorators implement versioned Dashboard API; backward-compatible minor version behavior is support, not a separate upgrade risk.";"APIVersion;APIRouter;RESTController";"c3152,1eb908";"support-inspected"
"1687";"v16.2.5";"v16.2.15";"src/pybind/mgr/dashboard/controllers/_router.py";"";"A";"A";"69";"0";"FALSE";"0";"100644";"0";"ad67532e3154965c760f96d4b4f7f2067bd288df";"7";"07-mgr-modules-monitoring";"P1";"runtime/source";"deep";"Chọn đọc sâu theo nhóm: implementation thuộc MGR, dashboard, module, metrics, alerts và monitoring.";"";"support";"MGR-007";"Controller split/decorators implement versioned Dashboard API; backward-compatible minor version behavior is support, not a separate upgrade risk.";"APIVersion;APIRouter;RESTController";"c3152,1eb908";"support-inspected"
"1688";"v16.2.5";"v16.2.15";"src/pybind/mgr/dashboard/controllers/_task.py";"";"A";"A";"79";"0";"FALSE";"0";"100644";"0";"33399e8e0f6edf7dd4f34bd9235d039f19ffbaca";"7";"07-mgr-modules-monitoring";"P1";"runtime/source";"deep";"Chọn đọc sâu theo nhóm: implementation thuộc MGR, dashboard, module, metrics, alerts và monitoring.";"";"support";"MGR-007";"Controller split/decorators implement versioned Dashboard API; backward-compatible minor version behavior is support, not a separate upgrade risk.";"APIVersion;APIRouter;RESTController";"c3152,1eb908";"support-inspected"
"1689";"v16.2.5";"v16.2.15";"src/pybind/mgr/dashboard/controllers/_ui_router.py";"";"A";"A";"13";"0";"FALSE";"0";"100644";"0";"7454afaeb574007a292a67c675047a326123868f";"7";"07-mgr-modules-monitoring";"P1";"runtime/source";"deep";"Chọn đọc sâu theo nhóm: implementation thuộc MGR, dashboard, module, metrics, alerts và monitoring.";"";"support";"MGR-007";"Controller split/decorators implement versioned Dashboard API; backward-compatible minor version behavior is support, not a separate upgrade risk.";"APIVersion;APIRouter;RESTController";"c3152,1eb908";"support-inspected"
"1690";"v16.2.5";"v16.2.15";"src/pybind/mgr/dashboard/controllers/_version.py";"";"A";"A";"75";"0";"FALSE";"0";"100644";"0";"3e7331c88ac78cc9cb2873c1c572ba76d581b3a5";"7";"07-mgr-modules-monitoring";"P1";"runtime/source";"deep";"Chọn đọc sâu theo nhóm: implementation thuộc MGR, dashboard, module, metrics, alerts và monitoring.";"";"support";"MGR-007";"Controller split/decorators implement versioned Dashboard API; backward-compatible minor version behavior is support, not a separate upgrade risk.";"APIVersion;APIRouter;RESTController";"c3152,1eb908";"support-inspected"
"1691";"v16.2.5";"v16.2.15";"src/pybind/mgr/dashboard/controllers/auth.py";"";"M";"M";"5";"4";"FALSE";"100644";"100644";"2e45b7c92e1840c23392c5dd37d22c9ff1350f8f";"2d1290efb88caf06525d743cedcd44c6773d8852";"7";"07-mgr-modules-monitoring";"P1";"runtime/source";"deep";"Chọn đọc sâu theo nhóm: implementation thuộc MGR, dashboard, module, metrics, alerts và monitoring.";"";"support";"MGR-007";"Controller split/decorators implement versioned Dashboard API; backward-compatible minor version behavior is support, not a separate upgrade risk.";"APIVersion;APIRouter;RESTController";"c3152,1eb908";"support-inspected"
"1692";"v16.2.5";"v16.2.15";"src/pybind/mgr/dashboard/controllers/cephfs.py";"";"M";"M";"22";"8";"FALSE";"100644";"100644";"0a196913c2fe7415e4d15d18ae082fb096d5a464";"11b0f6a7b820aa32e30752e3d325500105e6698c";"7";"07-mgr-modules-monitoring";"P1";"runtime/source";"deep";"Chọn đọc sâu theo nhóm: implementation thuộc MGR, dashboard, module, metrics, alerts và monitoring.";"";"support";"MGR-007";"Controller split/decorators implement versioned Dashboard API; backward-compatible minor version behavior is support, not a separate upgrade risk.";"APIVersion;APIRouter;RESTController";"c3152,1eb908";"support-inspected"
"1693";"v16.2.5";"v16.2.15";"src/pybind/mgr/dashboard/controllers/cluster.py";"";"A";"A";"21";"0";"FALSE";"0";"100644";"0";"d8170e672e9929fc7a80b381f352cc603cf4eb56";"7";"07-mgr-modules-monitoring";"P1";"runtime/source";"deep";"Chọn đọc sâu theo nhóm: implementation thuộc MGR, dashboard, module, metrics, alerts và monitoring.";"";"support";"MGR-007";"Controller split/decorators implement versioned Dashboard API; backward-compatible minor version behavior is support, not a separate upgrade risk.";"APIVersion;APIRouter;RESTController";"c3152,1eb908";"support-inspected"
"1694";"v16.2.5";"v16.2.15";"src/pybind/mgr/dashboard/controllers/cluster_configuration.py";"";"M";"M";"3";"3";"FALSE";"100644";"100644";"8b0829b8402646fc36a80982ac2f789f192679b8";"1cfd06059e6051bddde714e3dd0b0c9191fe139f";"7";"07-mgr-modules-monitoring";"P1";"runtime/source";"deep";"Chọn đọc sâu theo nhóm: implementation thuộc MGR, dashboard, module, metrics, alerts và monitoring.";"";"support";"MGR-007";"Controller split/decorators implement versioned Dashboard API; backward-compatible minor version behavior is support, not a separate upgrade risk.";"APIVersion;APIRouter;RESTController";"c3152,1eb908";"support-inspected"
"1695";"v16.2.5";"v16.2.15";"src/pybind/mgr/dashboard/controllers/crush_rule.py";"";"M";"M";"6";"6";"FALSE";"100644";"100644";"73485ac2df1d11e0d11246166d14338714d3162d";"0310ab1c3d985c97f712353f97a3b5086fe97c36";"7";"07-mgr-modules-monitoring";"P1";"runtime/source";"deep";"Chọn đọc sâu theo nhóm: implementation thuộc MGR, dashboard, module, metrics, alerts và monitoring.";"";"support";"MGR-007";"Controller split/decorators implement versioned Dashboard API; backward-compatible minor version behavior is support, not a separate upgrade risk.";"APIVersion;APIRouter;RESTController";"c3152,1eb908";"support-inspected"
"1696";"v16.2.5";"v16.2.15";"src/pybind/mgr/dashboard/controllers/daemon.py";"";"A";"A";"33";"0";"FALSE";"0";"100644";"0";"eeea5a326255541fc08d071b51d15834265d836f";"7";"07-mgr-modules-monitoring";"P1";"runtime/source";"deep";"Chọn đọc sâu theo nhóm: implementation thuộc MGR, dashboard, module, metrics, alerts và monitoring.";"";"support";"MGR-007";"Controller split/decorators implement versioned Dashboard API; backward-compatible minor version behavior is support, not a separate upgrade risk.";"APIVersion;APIRouter;RESTController";"c3152,1eb908";"support-inspected"
"1697";"v16.2.5";"v16.2.15";"src/pybind/mgr/dashboard/controllers/docs.py";"";"M";"M";"23";"83";"FALSE";"100644";"100644";"331f2479a69b1d34c0e884c7108c8a04b0bcfb13";"ecbe45979c03a18e34979e4187da8dd506ab4a05";"7";"07-mgr-modules-monitoring";"P1";"runtime/source";"deep";"Chọn đọc sâu theo nhóm: implementation thuộc MGR, dashboard, module, metrics, alerts và monitoring.";"";"support";"MGR-007";"Controller split/decorators implement versioned Dashboard API; backward-compatible minor version behavior is support, not a separate upgrade risk.";"APIVersion;APIRouter;RESTController";"c3152,1eb908";"support-inspected"
"1698";"v16.2.5";"v16.2.15";"src/pybind/mgr/dashboard/controllers/erasure_code_profile.py";"";"M";"M";"5";"6";"FALSE";"100644";"100644";"4b8264ef0bd5c7e78c7f378eb114384b9939c84a";"c5fb449d61e256eeb93bd46d93b770e2c8f01406";"7";"07-mgr-modules-monitoring";"P1";"runtime/source";"deep";"Chọn đọc sâu theo nhóm: implementation thuộc MGR, dashboard, module, metrics, alerts và monitoring.";"";"support";"MGR-007";"Controller split/decorators implement versioned Dashboard API; backward-compatible minor version behavior is support, not a separate upgrade risk.";"APIVersion;APIRouter;RESTController";"c3152,1eb908";"support-inspected"
"1699";"v16.2.5";"v16.2.15";"src/pybind/mgr/dashboard/controllers/frontend_logging.py";"";"M";"M";"2";"2";"FALSE";"100644";"100644";"421e36c02e744cb5a1c74b85691f539e94bba7f4";"77372c6556b2bbec09711f83dd640c472a31bea9";"7";"07-mgr-modules-monitoring";"P1";"runtime/source";"deep";"Chọn đọc sâu theo nhóm: implementation thuộc MGR, dashboard, module, metrics, alerts và monitoring.";"";"support";"MGR-007";"Controller split/decorators implement versioned Dashboard API; backward-compatible minor version behavior is support, not a separate upgrade risk.";"APIVersion;APIRouter;RESTController";"c3152,1eb908";"support-inspected"
"1700";"v16.2.5";"v16.2.15";"src/pybind/mgr/dashboard/controllers/grafana.py";"";"M";"M";"8";"13";"FALSE";"100644";"100644";"94fe53d0f9774ef65838a364b6e00b6dbb61cf76";"1f222a6635e54ef030b0642279b12d0eca1df37e";"7";"07-mgr-modules-monitoring";"P1";"runtime/source";"deep";"Chọn đọc sâu theo nhóm: implementation thuộc MGR, dashboard, module, metrics, alerts và monitoring.";"";"support";"MGR-007";"Controller split/decorators implement versioned Dashboard API; backward-compatible minor version behavior is support, not a separate upgrade risk.";"APIVersion;APIRouter;RESTController";"c3152,1eb908";"support-inspected"
"1701";"v16.2.5";"v16.2.15";"src/pybind/mgr/dashboard/controllers/health.py";"";"M";"M";"5";"5";"FALSE";"100644";"100644";"0ae0a5bf08b17d875dc6bece78ed819fbf488a9b";"304402d35a7de16038eca63083db3a4cdc7ea2d1";"7";"07-mgr-modules-monitoring";"P1";"runtime/source";"deep";"Chọn đọc sâu theo nhóm: implementation thuộc MGR, dashboard, module, metrics, alerts và monitoring.";"";"support";"MGR-007";"Controller split/decorators implement versioned Dashboard API; backward-compatible minor version behavior is support, not a separate upgrade risk.";"APIVersion;APIRouter;RESTController";"c3152,1eb908";"support-inspected"
"1702";"v16.2.5";"v16.2.15";"src/pybind/mgr/dashboard/controllers/home.py";"";"M";"M";"12";"5";"FALSE";"100644";"100644";"793b241dd75597ce63a9e0224b9c041af5a94a59";"403d4de70e62d24ef8d85c6b342bb3e853e92ca5";"7";"07-mgr-modules-monitoring";"P1";"runtime/source";"deep";"Chọn đọc sâu theo nhóm: implementation thuộc MGR, dashboard, module, metrics, alerts và monitoring.";"";"support";"MGR-007";"Controller split/decorators implement versioned Dashboard API; backward-compatible minor version behavior is support, not a separate upgrade risk.";"APIVersion;APIRouter;RESTController";"c3152,1eb908";"support-inspected"
"1703";"v16.2.5";"v16.2.15";"src/pybind/mgr/dashboard/controllers/host.py";"";"M";"M";"55";"25";"FALSE";"100644";"100644";"a13b1eb20f6a3754c141c5c8eb56a10344331729";"22dca02c47a07b0f7784f2f0780dc64b6ac46989";"7";"07-mgr-modules-monitoring";"P1";"runtime/source";"deep";"Chọn đọc sâu theo nhóm: implementation thuộc MGR, dashboard, module, metrics, alerts và monitoring.";"";"support";"MGR-007";"Controller split/decorators implement versioned Dashboard API; backward-compatible minor version behavior is support, not a separate upgrade risk.";"APIVersion;APIRouter;RESTController";"c3152,1eb908";"support-inspected"
"1704";"v16.2.5";"v16.2.15";"src/pybind/mgr/dashboard/controllers/iscsi.py";"";"M";"M";"7";"8";"FALSE";"100644";"100644";"687daa91966f7e1db9894cc62c34d061a3f5adaf";"9135f5abc8f44a802133c713a40ed394ebe4409c";"7";"07-mgr-modules-monitoring";"P1";"runtime/source";"deep";"Chọn đọc sâu theo nhóm: implementation thuộc MGR, dashboard, module, metrics, alerts và monitoring.";"";"support";"MGR-007";"Controller split/decorators implement versioned Dashboard API; backward-compatible minor version behavior is support, not a separate upgrade risk.";"APIVersion;APIRouter;RESTController";"c3152,1eb908";"support-inspected"
"1705";"v16.2.5";"v16.2.15";"src/pybind/mgr/dashboard/controllers/logs.py";"";"M";"M";"4";"4";"FALSE";"100644";"100644";"97995110746f347433200f8b1cb2aeda4bb68f03";"cc217ce0d0bbf19a36ef10d34acd8d21295a812f";"7";"07-mgr-modules-monitoring";"P1";"runtime/source";"deep";"Chọn đọc sâu theo nhóm: implementation thuộc MGR, dashboard, module, metrics, alerts và monitoring.";"";"support";"MGR-007";"Controller split/decorators implement versioned Dashboard API; backward-compatible minor version behavior is support, not a separate upgrade risk.";"APIVersion;APIRouter;RESTController";"c3152,1eb908";"support-inspected"
"1706";"v16.2.5";"v16.2.15";"src/pybind/mgr/dashboard/controllers/mgr_modules.py";"";"M";"M";"3";"3";"FALSE";"100644";"100644";"b614612d0b72dd056662d575f8cd477ac237f3d7";"50a4c71e8eccd8502f66c78154771e7891424c23";"7";"07-mgr-modules-monitoring";"P1";"runtime/source";"deep";"Chọn đọc sâu theo nhóm: implementation thuộc MGR, dashboard, module, metrics, alerts và monitoring.";"";"support";"MGR-007";"Controller split/decorators implement versioned Dashboard API; backward-compatible minor version behavior is support, not a separate upgrade risk.";"APIVersion;APIRouter;RESTController";"c3152,1eb908";"support-inspected"
"1707";"v16.2.5";"v16.2.15";"src/pybind/mgr/dashboard/controllers/monitor.py";"";"M";"M";"3";"3";"FALSE";"100644";"100644";"b61fcd4f393e26e45039e107f1395fc50caf01f1";"c880859d2470648a2bf4c9c25e108e674a8238ac";"7";"07-mgr-modules-monitoring";"P1";"runtime/source";"deep";"Chọn đọc sâu theo nhóm: implementation thuộc MGR, dashboard, module, metrics, alerts và monitoring.";"";"support";"MGR-007";"Controller split/decorators implement versioned Dashboard API; backward-compatible minor version behavior is support, not a separate upgrade risk.";"APIVersion;APIRouter;RESTController";"c3152,1eb908";"support-inspected"
"1708";"v16.2.5";"v16.2.15";"src/pybind/mgr/dashboard/controllers/nfs.py";"";"A";"A";"280";"0";"FALSE";"0";"100644";"0";"c5ab05de75ec60d51aa1236527960f32ba777849";"7";"07-mgr-modules-monitoring";"P1";"runtime/source";"deep";"Chọn đọc sâu theo nhóm: implementation thuộc MGR, dashboard, module, metrics, alerts và monitoring.";"";"support";"MGR-007";"Controller split/decorators implement versioned Dashboard API; backward-compatible minor version behavior is support, not a separate upgrade risk.";"APIVersion;APIRouter;RESTController";"c3152,1eb908";"support-inspected"
"1709";"v16.2.5";"v16.2.15";"src/pybind/mgr/dashboard/controllers/nfsganesha.py";"";"D";"D";"0";"320";"FALSE";"100644";"0";"91d079234e4608b3c9dc7b6a550471ed7812e29d";"0";"7";"07-mgr-modules-monitoring";"P1";"runtime/source";"deep";"Chọn đọc sâu theo nhóm: implementation thuộc MGR, dashboard, module, metrics, alerts và monitoring.";"";"support";"MGR-007";"Controller split/decorators implement versioned Dashboard API; backward-compatible minor version behavior is support, not a separate upgrade risk.";"APIVersion;APIRouter;RESTController";"c3152,1eb908";"support-inspected"
"1710";"v16.2.5";"v16.2.15";"src/pybind/mgr/dashboard/controllers/orchestrator.py";"";"M";"M";"3";"3";"FALSE";"100644";"100644";"085870a0f4aac7bbbda82e87dc3d71e6c530bf18";"fe0794da59edcbce88b3e175c10285c5fd550df3";"7";"07-mgr-modules-monitoring";"P1";"runtime/source";"deep";"Chọn đọc sâu theo nhóm: implementation thuộc MGR, dashboard, module, metrics, alerts và monitoring.";"";"support";"MGR-007";"Controller split/decorators implement versioned Dashboard API; backward-compatible minor version behavior is support, not a separate upgrade risk.";"APIVersion;APIRouter;RESTController";"c3152,1eb908";"support-inspected"
"1711";"v16.2.5";"v16.2.15";"src/pybind/mgr/dashboard/controllers/osd.py";"";"M";"M";"148";"9";"FALSE";"100644";"100644";"1c6b2d26aeba11494cba796ec668492f809b94b9";"16c94dea0ab8d66c5aa56f7b6957da75715b95b5";"7";"07-mgr-modules-monitoring";"P1";"runtime/source";"deep";"Chọn đọc sâu theo nhóm: implementation thuộc MGR, dashboard, module, metrics, alerts và monitoring.";"";"support";"MGR-007";"Controller split/decorators implement versioned Dashboard API; backward-compatible minor version behavior is support, not a separate upgrade risk.";"APIVersion;APIRouter;RESTController";"c3152,1eb908";"support-inspected"
"1712";"v16.2.5";"v16.2.15";"src/pybind/mgr/dashboard/controllers/perf_counters.py";"";"M";"M";"23";"83";"FALSE";"100644";"100644";"fca8e294ef51b44a184e217d2f8ecb06a01b2f62";"7c272c6a801b5c3f6bb347bcaf86165e98545b1c";"7";"07-mgr-modules-monitoring";"P1";"runtime/source";"deep";"Chọn đọc sâu theo nhóm: implementation thuộc MGR, dashboard, module, metrics, alerts và monitoring.";"";"support";"MGR-007";"Controller split/decorators implement versioned Dashboard API; backward-compatible minor version behavior is support, not a separate upgrade risk.";"APIVersion;APIRouter;RESTController";"c3152,1eb908";"support-inspected"
"1713";"v16.2.5";"v16.2.15";"src/pybind/mgr/dashboard/controllers/pool.py";"";"M";"M";"14";"7";"FALSE";"100644";"100644";"32ec6c198f8799476cefca9ff9331f7dcb2e90cb";"8e8a87b98c914e9fc05d4c4832b22d8459dadd7b";"7";"07-mgr-modules-monitoring";"P1";"runtime/source";"deep";"Chọn đọc sâu theo nhóm: implementation thuộc MGR, dashboard, module, metrics, alerts và monitoring.";"";"support";"MGR-007";"Controller split/decorators implement versioned Dashboard API; backward-compatible minor version behavior is support, not a separate upgrade risk.";"APIVersion;APIRouter;RESTController";"c3152,1eb908";"support-inspected"
"1714";"v16.2.5";"v16.2.15";"src/pybind/mgr/dashboard/controllers/prometheus.py";"";"M";"M";"25";"8";"FALSE";"100644";"100644";"a06778f9a595a2ab0c9ce8546b5299d00d43c31a";"862e59cbda6de13fde2571a59bf130c81bc33c41";"7";"07-mgr-modules-monitoring";"P1";"runtime/source";"deep";"Chọn đọc sâu theo nhóm: implementation thuộc MGR, dashboard, module, metrics, alerts và monitoring.";"";"support";"MGR-007";"Controller split/decorators implement versioned Dashboard API; backward-compatible minor version behavior is support, not a separate upgrade risk.";"APIVersion;APIRouter;RESTController";"c3152,1eb908";"support-inspected"
"1715";"v16.2.5";"v16.2.15";"src/pybind/mgr/dashboard/controllers/rbd.py";"";"M";"M";"115";"36";"FALSE";"100644";"100644";"57fe06a00a65a5538ea63dcddd72f07646384992";"210531d341c7911cb62dc75fdfc24192b4a82f34";"7";"07-mgr-modules-monitoring";"P1";"runtime/source";"deep";"Chọn đọc sâu theo nhóm: implementation thuộc MGR, dashboard, module, metrics, alerts và monitoring.";"";"support";"MGR-007";"Controller split/decorators implement versioned Dashboard API; backward-compatible minor version behavior is support, not a separate upgrade risk.";"APIVersion;APIRouter;RESTController";"c3152,1eb908";"support-inspected"
"1716";"v16.2.5";"v16.2.15";"src/pybind/mgr/dashboard/controllers/rbd_mirroring.py";"";"M";"M";"96";"27";"FALSE";"100644";"100644";"0c41d71375cfbec591f6484c385ac9b555145fab";"c0d3f1f5d2376d1596fdc67fe6a66443780b4b71";"7";"07-mgr-modules-monitoring";"P1";"runtime/source";"deep";"Chọn đọc sâu theo nhóm: implementation thuộc MGR, dashboard, module, metrics, alerts và monitoring.";"";"support";"MGR-007";"Controller split/decorators implement versioned Dashboard API; backward-compatible minor version behavior is support, not a separate upgrade risk.";"APIVersion;APIRouter;RESTController";"c3152,1eb908";"support-inspected"
"1717";"v16.2.5";"v16.2.15";"src/pybind/mgr/dashboard/controllers/rgw.py";"";"M";"M";"24";"16";"FALSE";"100644";"100644";"12a65613dd164d7cceca42e521deb10a3691c4f2";"d8b750100bc1756ee1d1b206e2a1fc4fa24d46e0";"7";"07-mgr-modules-monitoring";"P1";"runtime/source";"deep";"Chọn đọc sâu theo nhóm: implementation thuộc MGR, dashboard, module, metrics, alerts và monitoring.";"";"support";"MGR-007";"Controller split/decorators implement versioned Dashboard API; backward-compatible minor version behavior is support, not a separate upgrade risk.";"APIVersion;APIRouter;RESTController";"c3152,1eb908";"support-inspected"
"1718";"v16.2.5";"v16.2.15";"src/pybind/mgr/dashboard/controllers/role.py";"";"M";"M";"4";"5";"FALSE";"100644";"100644";"32404237c4a7c17bf3dafdc5632df53f7de3f7b3";"197c037647387b7663d08ed2e79a1bf7ad13e44c";"7";"07-mgr-modules-monitoring";"P1";"runtime/source";"deep";"Chọn đọc sâu theo nhóm: implementation thuộc MGR, dashboard, module, metrics, alerts và monitoring.";"";"support";"MGR-007";"Controller split/decorators implement versioned Dashboard API; backward-compatible minor version behavior is support, not a separate upgrade risk.";"APIVersion;APIRouter;RESTController";"c3152,1eb908";"support-inspected"
"1719";"v16.2.5";"v16.2.15";"src/pybind/mgr/dashboard/controllers/saml2.py";"";"M";"M";"6";"3";"FALSE";"100644";"100644";"fb8278068b1a61a43bca095180cbb5e84b5ebe31";"76b8e8498aa972ecae74df15068056a333ff0b71";"7";"07-mgr-modules-monitoring";"P1";"runtime/source";"deep";"Chọn đọc sâu theo nhóm: implementation thuộc MGR, dashboard, module, metrics, alerts và monitoring.";"";"support";"MGR-007";"Controller split/decorators implement versioned Dashboard API; backward-compatible minor version behavior is support, not a separate upgrade risk.";"APIVersion;APIRouter;RESTController";"c3152,1eb908";"support-inspected"
"1720";"v16.2.5";"v16.2.15";"src/pybind/mgr/dashboard/controllers/service.py";"";"M";"M";"22";"11";"FALSE";"100644";"100644";"b3c3ab94798bf4c4788ec29cb68057c7823fb74b";"afe684302b160d4ce962595b8fb241c9635800b4";"7";"07-mgr-modules-monitoring";"P1";"runtime/source";"deep";"Chọn đọc sâu theo nhóm: implementation thuộc MGR, dashboard, module, metrics, alerts và monitoring.";"";"support";"MGR-007";"Controller split/decorators implement versioned Dashboard API; backward-compatible minor version behavior is support, not a separate upgrade risk.";"APIVersion;APIRouter;RESTController";"c3152,1eb908";"support-inspected"
"1721";"v16.2.5";"v16.2.15";"src/pybind/mgr/dashboard/controllers/settings.py";"";"M";"M";"4";"4";"FALSE";"100644";"100644";"7d9ca9fb316a60e279347c94d49f4bfbe8c6e2a4";"5df9ab1c90fdedac1b928c6f54395c9f452da73c";"7";"07-mgr-modules-monitoring";"P1";"runtime/source";"deep";"Chọn đọc sâu theo nhóm: implementation thuộc MGR, dashboard, module, metrics, alerts và monitoring.";"";"support";"MGR-007";"Controller split/decorators implement versioned Dashboard API; backward-compatible minor version behavior is support, not a separate upgrade risk.";"APIVersion;APIRouter;RESTController";"c3152,1eb908";"support-inspected"
"1722";"v16.2.5";"v16.2.15";"src/pybind/mgr/dashboard/controllers/summary.py";"";"M";"M";"3";"3";"FALSE";"100644";"100644";"4e240b9770bd022be848b35919f89aaf1c7202e5";"25e4669965323f93396efb7382b7baf765b91c86";"7";"07-mgr-modules-monitoring";"P1";"runtime/source";"deep";"Chọn đọc sâu theo nhóm: implementation thuộc MGR, dashboard, module, metrics, alerts và monitoring.";"";"support";"MGR-007";"Controller split/decorators implement versioned Dashboard API; backward-compatible minor version behavior is support, not a separate upgrade risk.";"APIVersion;APIRouter;RESTController";"c3152,1eb908";"support-inspected"
"1723";"v16.2.5";"v16.2.15";"src/pybind/mgr/dashboard/controllers/task.py";"";"M";"M";"3";"3";"FALSE";"100644";"100644";"16c5017822e308c4adb40de4c365b159c0036863";"14e763b752aa84df665a456d0bca8a20393c95ec";"7";"07-mgr-modules-monitoring";"P1";"runtime/source";"deep";"Chọn đọc sâu theo nhóm: implementation thuộc MGR, dashboard, module, metrics, alerts và monitoring.";"";"support";"MGR-007";"Controller split/decorators implement versioned Dashboard API; backward-compatible minor version behavior is support, not a separate upgrade risk.";"APIVersion;APIRouter;RESTController";"c3152,1eb908";"support-inspected"
"1724";"v16.2.5";"v16.2.15";"src/pybind/mgr/dashboard/controllers/telemetry.py";"";"M";"M";"3";"3";"FALSE";"100644";"100644";"9e3d3e1cbb06c283812c5002ebe8df0053b1a661";"b1f714bc38e0ad5915add11ed01ab29448324e2f";"7";"07-mgr-modules-monitoring";"P1";"runtime/source";"deep";"Chọn đọc sâu theo nhóm: implementation thuộc MGR, dashboard, module, metrics, alerts và monitoring.";"";"support";"MGR-007";"Controller split/decorators implement versioned Dashboard API; backward-compatible minor version behavior is support, not a separate upgrade risk.";"APIVersion;APIRouter;RESTController";"c3152,1eb908";"support-inspected"
"1725";"v16.2.5";"v16.2.15";"src/pybind/mgr/dashboard/controllers/user.py";"";"M";"M";"8";"8";"FALSE";"100644";"100644";"8d340fedccb4a3fd9861c0d021546873741c3daf";"53df8eab90b1f645054acf6b1a1dcd6682f632ae";"7";"07-mgr-modules-monitoring";"P1";"runtime/source";"deep";"Chọn đọc sâu theo nhóm: implementation thuộc MGR, dashboard, module, metrics, alerts và monitoring.";"";"support";"MGR-007";"Controller split/decorators implement versioned Dashboard API; backward-compatible minor version behavior is support, not a separate upgrade risk.";"APIVersion;APIRouter;RESTController";"c3152,1eb908";"support-inspected"
"1726";"v16.2.5";"v16.2.15";"src/pybind/mgr/dashboard/frontend/.gherkin-lintrc";"";"A";"A";"33";"0";"FALSE";"0";"100644";"0";"706b93bea248bf95009bec2890d7f78ca789af20";"7";"07-mgr-modules-monitoring";"P1";"runtime/source";"deep";"Chọn đọc sâu theo nhóm: implementation thuộc MGR, dashboard, module, metrics, alerts và monitoring.";"";"trivial";"";"Frontend, translation, fixture hoặc dependency churn đã được sàng lọc; không có causal chain runtime riêng ngoài các đường API/monitoring được ánh xạ.";"";"";"screened-endpoint+history"
"1727";"v16.2.5";"v16.2.15";"src/pybind/mgr/dashboard/frontend/.npmrc";"";"A";"A";"2";"0";"FALSE";"0";"100644";"0";"ce9882e34e111cb943e80b0f3113a4b0ba9654c7";"7";"07-mgr-modules-monitoring";"P1";"runtime/source";"deep";"Chọn đọc sâu theo nhóm: implementation thuộc MGR, dashboard, module, metrics, alerts và monitoring.";"";"trivial";"";"Frontend, translation, fixture hoặc dependency churn đã được sàng lọc; không có causal chain runtime riêng ngoài các đường API/monitoring được ánh xạ.";"";"";"screened-endpoint+history"
"1728";"v16.2.5";"v16.2.15";"src/pybind/mgr/dashboard/frontend/angular.json";"";"M";"M";"11";"4";"FALSE";"100644";"100644";"5b1ec7ebdcd67c13a19ee22382c0501877ec0323";"b49c00b8cb791de6448de9ab9e5112e1198bd927";"7";"07-mgr-modules-monitoring";"P1";"runtime/source";"deep";"Chọn đọc sâu theo nhóm: implementation thuộc MGR, dashboard, module, metrics, alerts và monitoring.";"";"trivial";"";"Frontend, translation, fixture hoặc dependency churn đã được sàng lọc; không có causal chain runtime riêng ngoài các đường API/monitoring được ánh xạ.";"";"";"screened-endpoint+history"
"1729";"v16.2.5";"v16.2.15";"src/pybind/mgr/dashboard/frontend/applitools.config.js";"";"A";"A";"21";"0";"FALSE";"0";"100644";"0";"2bf52651ec2c9fc7ff6a4baaa8f796744d864c9a";"7";"07-mgr-modules-monitoring";"P1";"runtime/source";"deep";"Chọn đọc sâu theo nhóm: implementation thuộc MGR, dashboard, module, metrics, alerts và monitoring.";"";"trivial";"";"Frontend, translation, fixture hoặc dependency churn đã được sàng lọc; không có causal chain runtime riêng ngoài các đường API/monitoring được ánh xạ.";"";"";"screened-endpoint+history"
"1730";"v16.2.5";"v16.2.15";"src/pybind/mgr/dashboard/frontend/cypress/fixtures/block-rbd-status.json";"";"A";"A";"1";"0";"FALSE";"0";"100644";"0";"1d6f30b9a90216af644bae54eda8473159696d0e";"7";"07-mgr-modules-monitoring";"P2";"test/fixture-data";"reference-only";"Không đọc dữ liệu độc lập";"";"trivial";"";"Frontend, translation, fixture hoặc dependency churn đã được sàng lọc; không có causal chain runtime riêng ngoài các đường API/monitoring được ánh xạ.";"";"";"screened-endpoint+history"
"1731";"v16.2.5";"v16.2.15";"src/pybind/mgr/dashboard/frontend/cypress/integration/block/images.e2e-spec.ts";"";"M";"M";"2";"2";"FALSE";"100644";"100644";"cf8832bb9bbc07ac98d10d67821facf87847d350";"5c89359db790e64ba0c22dd4099ec782feb5a328";"7";"07-mgr-modules-monitoring";"P1";"runtime/source";"deep";"Chọn đọc sâu theo nhóm: implementation thuộc MGR, dashboard, module, metrics, alerts và monitoring.";"";"trivial";"";"Frontend, translation, fixture hoặc dependency churn đã được sàng lọc; không có causal chain runtime riêng ngoài các đường API/monitoring được ánh xạ.";"";"";"screened-endpoint+history"
"1732";"v16.2.5";"v16.2.15";"src/pybind/mgr/dashboard/frontend/cypress/integration/block/mirroring.e2e-spec.ts";"";"M";"M";"4";"4";"FALSE";"100644";"100644";"ddee817e18ef1232baf21395347679455d739d63";"dfba73b27409d98f34065c1c1212eb0621a6c894";"7";"07-mgr-modules-monitoring";"P1";"runtime/source";"deep";"Chọn đọc sâu theo nhóm: implementation thuộc MGR, dashboard, module, metrics, alerts và monitoring.";"";"trivial";"";"Frontend, translation, fixture hoặc dependency churn đã được sàng lọc; không có causal chain runtime riêng ngoài các đường API/monitoring được ánh xạ.";"";"";"screened-endpoint+history"
"1733";"v16.2.5";"v16.2.15";"src/pybind/mgr/dashboard/frontend/cypress/integration/cluster/configuration.e2e-spec.ts";"";"M";"M";"21";"5";"FALSE";"100644";"100644";"f9bc8d43f5d453bf0322478ec0a7aa9907023f2b";"d022d59cfa9a2ea85e8f1396bd92eaca42c54292";"7";"07-mgr-modules-monitoring";"P1";"runtime/source";"deep";"Chọn đọc sâu theo nhóm: implementation thuộc MGR, dashboard, module, metrics, alerts và monitoring.";"";"trivial";"";"Frontend, translation, fixture hoặc dependency churn đã được sàng lọc; không có causal chain runtime riêng ngoài các đường API/monitoring được ánh xạ.";"";"";"screened-endpoint+history"
"1734";"v16.2.5";"v16.2.15";"src/pybind/mgr/dashboard/frontend/cypress/integration/cluster/configuration.po.ts";"";"M";"M";"2";"2";"FALSE";"100644";"100644";"f309120c60d6c9d87bbe6dea4725c70b39a34a4d";"0133dc31f9030eb8b4247e2bbca50e8b9a3d9334";"7";"07-mgr-modules-monitoring";"P1";"runtime/source";"deep";"Chọn đọc sâu theo nhóm: implementation thuộc MGR, dashboard, module, metrics, alerts và monitoring.";"";"trivial";"";"Frontend, translation, fixture hoặc dependency churn đã được sàng lọc; không có causal chain runtime riêng ngoài các đường API/monitoring được ánh xạ.";"";"";"screened-endpoint+history"
"1735";"v16.2.5";"v16.2.15";"src/pybind/mgr/dashboard/frontend/cypress/integration/cluster/create-cluster.po.ts";"";"A";"A";"56";"0";"FALSE";"0";"100644";"0";"300eddbcc3de8c676cd937ac31e7c9a01746e98b";"7";"07-mgr-modules-monitoring";"P1";"runtime/source";"deep";"Chọn đọc sâu theo nhóm: implementation thuộc MGR, dashboard, module, metrics, alerts và monitoring.";"";"trivial";"";"Frontend, translation, fixture hoặc dependency churn đã được sàng lọc; không có causal chain runtime riêng ngoài các đường API/monitoring được ánh xạ.";"";"";"screened-endpoint+history"
"1736";"v16.2.5";"v16.2.15";"src/pybind/mgr/dashboard/frontend/cypress/integration/cluster/hosts.e2e-spec.ts";"";"M";"M";"0";"4";"FALSE";"100644";"100644";"c1935a7838319940027b7b919e36cbc2db5979f1";"e4f9936c3e36f962222f8df1b0995e1ffe07f724";"7";"07-mgr-modules-monitoring";"P1";"runtime/source";"deep";"Chọn đọc sâu theo nhóm: implementation thuộc MGR, dashboard, module, metrics, alerts và monitoring.";"";"trivial";"";"Frontend, translation, fixture hoặc dependency churn đã được sàng lọc; không có causal chain runtime riêng ngoài các đường API/monitoring được ánh xạ.";"";"";"screened-endpoint+history"
"1737";"v16.2.5";"v16.2.15";"src/pybind/mgr/dashboard/frontend/cypress/integration/cluster/hosts.po.ts";"";"M";"M";"59";"46";"FALSE";"100644";"100644";"6752fe9e7870cb511c98f8ff9ff073137ceeeb6e";"0c5da93316c46bed897c15779bd0ba1107e39243";"7";"07-mgr-modules-monitoring";"P1";"runtime/source";"deep";"Chọn đọc sâu theo nhóm: implementation thuộc MGR, dashboard, module, metrics, alerts và monitoring.";"";"trivial";"";"Frontend, translation, fixture hoặc dependency churn đã được sàng lọc; không có causal chain runtime riêng ngoài các đường API/monitoring được ánh xạ.";"";"";"screened-endpoint+history"
"1738";"v16.2.5";"v16.2.15";"src/pybind/mgr/dashboard/frontend/cypress/integration/cluster/inventory.po.ts";"";"M";"M";"1";"1";"FALSE";"100644";"100644";"ee8e43f7ef7c1296f47b244d5d5986937f13eaf8";"5a9abdc036c915d2cd651f2e7adf127c3abb25a4";"7";"07-mgr-modules-monitoring";"P1";"runtime/source";"deep";"Chọn đọc sâu theo nhóm: implementation thuộc MGR, dashboard, module, metrics, alerts và monitoring.";"";"trivial";"";"Frontend, translation, fixture hoặc dependency churn đã được sàng lọc; không có causal chain runtime riêng ngoài các đường API/monitoring được ánh xạ.";"";"";"screened-endpoint+history"
"1739";"v16.2.5";"v16.2.15";"src/pybind/mgr/dashboard/frontend/cypress/integration/cluster/logs.e2e-spec.ts";"";"M";"M";"1";"1";"FALSE";"100644";"100644";"731275e26d1c15a2d3812423b7218be19a962fac";"9868b89aedbc5489298b34355d7a092078a44a06";"7";"07-mgr-modules-monitoring";"P1";"runtime/source";"deep";"Chọn đọc sâu theo nhóm: implementation thuộc MGR, dashboard, module, metrics, alerts và monitoring.";"";"trivial";"";"Frontend, translation, fixture hoặc dependency churn đã được sàng lọc; không có causal chain runtime riêng ngoài các đường API/monitoring được ánh xạ.";"";"";"screened-endpoint+history"
"1740";"v16.2.5";"v16.2.15";"src/pybind/mgr/dashboard/frontend/cypress/integration/cluster/mgr-modules.e2e-spec.ts";"";"M";"M";"0";"5";"FALSE";"100644";"100644";"82c6878969935e787186961d320a55c4545a6536";"50656feceb76b0f9ffe5567fc8a374b946c4da49";"7";"07-mgr-modules-monitoring";"P1";"runtime/source";"deep";"Chọn đọc sâu theo nhóm: implementation thuộc MGR, dashboard, module, metrics, alerts và monitoring.";"";"trivial";"";"Frontend, translation, fixture hoặc dependency churn đã được sàng lọc; không có causal chain runtime riêng ngoài các đường API/monitoring được ánh xạ.";"";"";"screened-endpoint+history"
"1741";"v16.2.5";"v16.2.15";"src/pybind/mgr/dashboard/frontend/cypress/integration/cluster/mgr-modules.po.ts";"";"M";"M";"11";"7";"FALSE";"100644";"100644";"8faaff09afae5df1eb91c6e528254bf114c6a98b";"04d2eee46142f4b4e857a154d87ddb450bed5d52";"7";"07-mgr-modules-monitoring";"P1";"runtime/source";"deep";"Chọn đọc sâu theo nhóm: implementation thuộc MGR, dashboard, module, metrics, alerts và monitoring.";"";"trivial";"";"Frontend, translation, fixture hoặc dependency churn đã được sàng lọc; không có causal chain runtime riêng ngoài các đường API/monitoring được ánh xạ.";"";"";"screened-endpoint+history"
"1742";"v16.2.5";"v16.2.15";"src/pybind/mgr/dashboard/frontend/cypress/integration/cluster/osds.po.ts";"";"M";"M";"18";"9";"FALSE";"100644";"100644";"263dfd89ec1606b724ac1725bce7e526b6d821a0";"cd812f474fb89ae9d55a3275d5181954e79f7725";"7";"07-mgr-modules-monitoring";"P1";"runtime/source";"deep";"Chọn đọc sâu theo nhóm: implementation thuộc MGR, dashboard, module, metrics, alerts và monitoring.";"";"trivial";"";"Frontend, translation, fixture hoặc dependency churn đã được sàng lọc; không có causal chain runtime riêng ngoài các đường API/monitoring được ánh xạ.";"";"";"screened-endpoint+history"
"1743";"v16.2.5";"v16.2.15";"src/pybind/mgr/dashboard/frontend/cypress/integration/cluster/services.po.ts";"";"M";"M";"137";"21";"FALSE";"100644";"100644";"55763285e290efadc111765b477a08b1a293a52a";"b3918572f3df6ee7281ce7a5ee0a4a1b66f12e5f";"7";"07-mgr-modules-monitoring";"P1";"runtime/source";"deep";"Chọn đọc sâu theo nhóm: implementation thuộc MGR, dashboard, module, metrics, alerts và monitoring.";"";"trivial";"";"Frontend, translation, fixture hoặc dependency churn đã được sàng lọc; không có causal chain runtime riêng ngoài các đường API/monitoring được ánh xạ.";"";"";"screened-endpoint+history"
"1744";"v16.2.5";"v16.2.15";"src/pybind/mgr/dashboard/frontend/cypress/integration/common/01-global.feature.po.ts";"";"A";"A";"188";"0";"FALSE";"0";"100644";"0";"575d4013b9376267427107c7fcad3417ee448310";"7";"07-mgr-modules-monitoring";"P1";"runtime/source";"deep";"Chọn đọc sâu theo nhóm: implementation thuộc MGR, dashboard, module, metrics, alerts và monitoring.";"";"trivial";"";"Frontend, translation, fixture hoặc dependency churn đã được sàng lọc; không có causal chain runtime riêng ngoài các đường API/monitoring được ánh xạ.";"";"";"screened-endpoint+history"
"1745";"v16.2.5";"v16.2.15";"src/pybind/mgr/dashboard/frontend/cypress/integration/common/create-cluster/create-cluster.feature.po.ts";"";"A";"A";"12";"0";"FALSE";"0";"100644";"0";"d18c348554691aac3c2e854b9a240a305023f9b6";"7";"07-mgr-modules-monitoring";"P1";"runtime/source";"deep";"Chọn đọc sâu theo nhóm: implementation thuộc MGR, dashboard, module, metrics, alerts và monitoring.";"";"trivial";"";"Frontend, translation, fixture hoặc dependency churn đã được sàng lọc; không có causal chain runtime riêng ngoài các đường API/monitoring được ánh xạ.";"";"";"screened-endpoint+history"
"1746";"v16.2.5";"v16.2.15";"src/pybind/mgr/dashboard/frontend/cypress/integration/common/grafana.feature.po.ts";"";"A";"A";"86";"0";"FALSE";"0";"100644";"0";"7366f8babb3f60eda8f63cc72045e14c05ddbec4";"7";"07-mgr-modules-monitoring";"P1";"runtime/source";"deep";"Chọn đọc sâu theo nhóm: implementation thuộc MGR, dashboard, module, metrics, alerts và monitoring.";"";"trivial";"";"Frontend, translation, fixture hoặc dependency churn đã được sàng lọc; không có causal chain runtime riêng ngoài các đường API/monitoring được ánh xạ.";"";"";"screened-endpoint+history"
"1747";"v16.2.5";"v16.2.15";"src/pybind/mgr/dashboard/frontend/cypress/integration/common/urls.po.ts";"";"A";"A";"44";"0";"FALSE";"0";"100644";"0";"28635508571504e32b9da870a70040bdff8f1029";"7";"07-mgr-modules-monitoring";"P1";"runtime/source";"deep";"Chọn đọc sâu theo nhóm: implementation thuộc MGR, dashboard, module, metrics, alerts và monitoring.";"";"trivial";"";"Frontend, translation, fixture hoặc dependency churn đã được sàng lọc; không có causal chain runtime riêng ngoài các đường API/monitoring được ánh xạ.";"";"";"screened-endpoint+history"
"1748";"v16.2.5";"v16.2.15";"src/pybind/mgr/dashboard/frontend/cypress/integration/orchestrator/01-hosts-force-maintenance.e2e-spec.ts";"";"D";"D";"0";"39";"FALSE";"100644";"0";"ac00e2f2903e71f55ca991e17cc49ec8e85eab40";"0";"7";"07-mgr-modules-monitoring";"P1";"runtime/source";"deep";"Chọn đọc sâu theo nhóm: implementation thuộc MGR, dashboard, module, metrics, alerts và monitoring.";"";"trivial";"";"Frontend, translation, fixture hoặc dependency churn đã được sàng lọc; không có causal chain runtime riêng ngoài các đường API/monitoring được ánh xạ.";"";"";"screened-endpoint+history"
"1749";"v16.2.5";"v16.2.15";"src/pybind/mgr/dashboard/frontend/cypress/integration/orchestrator/01-hosts.e2e-spec.ts";"";"M";"M";"13";"10";"FALSE";"100644";"100644";"46bb1fea89e11817b771ab328be236e8c0fe23ae";"aca36ade192198a7faef4396c5f47d5b4103da50";"7";"07-mgr-modules-monitoring";"P1";"runtime/source";"deep";"Chọn đọc sâu theo nhóm: implementation thuộc MGR, dashboard, module, metrics, alerts và monitoring.";"";"trivial";"";"Frontend, translation, fixture hoặc dependency churn đã được sàng lọc; không có causal chain runtime riêng ngoài các đường API/monitoring được ánh xạ.";"";"";"screened-endpoint+history"
"1750";"v16.2.5";"v16.2.15";"src/pybind/mgr/dashboard/frontend/cypress/integration/orchestrator/02-hosts-inventory.e2e-spec.ts";"";"D";"D";"0";"26";"FALSE";"100644";"0";"2b9ca548d543573e8a82d48c96760b851cf70220";"0";"7";"07-mgr-modules-monitoring";"P1";"runtime/source";"deep";"Chọn đọc sâu theo nhóm: implementation thuộc MGR, dashboard, module, metrics, alerts và monitoring.";"";"trivial";"";"Frontend, translation, fixture hoặc dependency churn đã được sàng lọc; không có causal chain runtime riêng ngoài các đường API/monitoring được ánh xạ.";"";"";"screened-endpoint+history"
"1751";"v16.2.5";"v16.2.15";"src/pybind/mgr/dashboard/frontend/cypress/integration/orchestrator/03-inventory.e2e-spec.ts";"";"M";"M";"2";"2";"FALSE";"100644";"100644";"596653ab5564789b04420f4e7407da59a99c6f24";"a64e3bc8c020fca69f36cdd57890beee5d85ffb6";"7";"07-mgr-modules-monitoring";"P1";"runtime/source";"deep";"Chọn đọc sâu theo nhóm: implementation thuộc MGR, dashboard, module, metrics, alerts và monitoring.";"";"trivial";"";"Frontend, translation, fixture hoặc dependency churn đã được sàng lọc; không có causal chain runtime riêng ngoài các đường API/monitoring được ánh xạ.";"";"";"screened-endpoint+history"
"1752";"v16.2.5";"v16.2.15";"src/pybind/mgr/dashboard/frontend/cypress/integration/orchestrator/05-services.e2e-spec.ts";"";"M";"M";"10";"3";"FALSE";"100644";"100644";"dec84d73562d8a423094b66979de97607c86a29b";"fb5e6ac8923aae825fae4f71c27f587255881224";"7";"07-mgr-modules-monitoring";"P1";"runtime/source";"deep";"Chọn đọc sâu theo nhóm: implementation thuộc MGR, dashboard, module, metrics, alerts và monitoring.";"";"trivial";"";"Frontend, translation, fixture hoặc dependency churn đã được sàng lọc; không có causal chain runtime riêng ngoài các đường API/monitoring được ánh xạ.";"";"";"screened-endpoint+history"
"1753";"v16.2.5";"v16.2.15";"src/pybind/mgr/dashboard/frontend/cypress/integration/orchestrator/grafana/grafana.feature";"";"A";"A";"63";"0";"FALSE";"0";"100644";"0";"62476ad25a4bf1f34e4f27e352dee7c78e06cb73";"7";"07-mgr-modules-monitoring";"P1";"runtime/source";"deep";"Chọn đọc sâu theo nhóm: implementation thuộc MGR, dashboard, module, metrics, alerts và monitoring.";"";"trivial";"";"Frontend, translation, fixture hoặc dependency churn đã được sàng lọc; không có causal chain runtime riêng ngoài các đường API/monitoring được ánh xạ.";"";"";"screened-endpoint+history"
"1754";"v16.2.5";"v16.2.15";"src/pybind/mgr/dashboard/frontend/cypress/integration/orchestrator/workflow/01-create-cluster-welcome.feature";"";"A";"A";"26";"0";"FALSE";"0";"100644";"0";"6ba2fc4fc54c06210c42b8d781ec408b4ee1abba";"7";"07-mgr-modules-monitoring";"P1";"runtime/source";"deep";"Chọn đọc sâu theo nhóm: implementation thuộc MGR, dashboard, module, metrics, alerts và monitoring.";"";"trivial";"";"Frontend, translation, fixture hoặc dependency churn đã được sàng lọc; không có causal chain runtime riêng ngoài các đường API/monitoring được ánh xạ.";"";"";"screened-endpoint+history"
"1755";"v16.2.5";"v16.2.15";"src/pybind/mgr/dashboard/frontend/cypress/integration/orchestrator/workflow/01-hosts.e2e-spec.ts";"";"D";"D";"0";"57";"FALSE";"100644";"0";"b1c8ad0bbc0150d3297be3c5a2b3f121d6f9cd2b";"0";"7";"07-mgr-modules-monitoring";"P1";"runtime/source";"deep";"Chọn đọc sâu theo nhóm: implementation thuộc MGR, dashboard, module, metrics, alerts và monitoring.";"";"trivial";"";"Frontend, translation, fixture hoặc dependency churn đã được sàng lọc; không có causal chain runtime riêng ngoài các đường API/monitoring được ánh xạ.";"";"";"screened-endpoint+history"
"1756";"v16.2.5";"v16.2.15";"src/pybind/mgr/dashboard/frontend/cypress/integration/orchestrator/workflow/02-create-cluster-add-host.feature";"";"A";"A";"74";"0";"FALSE";"0";"100644";"0";"93c10833d4ee5f619cced846089910f5b6f149bf";"7";"07-mgr-modules-monitoring";"P1";"runtime/source";"deep";"Chọn đọc sâu theo nhóm: implementation thuộc MGR, dashboard, module, metrics, alerts và monitoring.";"";"trivial";"";"Frontend, translation, fixture hoặc dependency churn đã được sàng lọc; không có causal chain runtime riêng ngoài các đường API/monitoring được ánh xạ.";"";"";"screened-endpoint+history"
"1757";"v16.2.5";"v16.2.15";"src/pybind/mgr/dashboard/frontend/cypress/integration/orchestrator/workflow/03-create-cluster-create-services.e2e-spec.ts";"";"A";"A";"47";"0";"FALSE";"0";"100644";"0";"7668cafcf928c23babd75fed2e97c577bacbad87";"7";"07-mgr-modules-monitoring";"P1";"runtime/source";"deep";"Chọn đọc sâu theo nhóm: implementation thuộc MGR, dashboard, module, metrics, alerts và monitoring.";"";"trivial";"";"Frontend, translation, fixture hoặc dependency churn đã được sàng lọc; không có causal chain runtime riêng ngoài các đường API/monitoring được ánh xạ.";"";"";"screened-endpoint+history"
"1758";"v16.2.5";"v16.2.15";"src/pybind/mgr/dashboard/frontend/cypress/integration/orchestrator/workflow/04-create-cluster-create-osds.e2e-spec.ts";"";"A";"A";"41";"0";"FALSE";"0";"100644";"0";"a82be985548569b3445b09fb20211c3942756cf0";"7";"07-mgr-modules-monitoring";"P1";"runtime/source";"deep";"Chọn đọc sâu theo nhóm: implementation thuộc MGR, dashboard, module, metrics, alerts và monitoring.";"";"trivial";"";"Frontend, translation, fixture hoặc dependency churn đã được sàng lọc; không có causal chain runtime riêng ngoài các đường API/monitoring được ánh xạ.";"";"";"screened-endpoint+history"
"1759";"v16.2.5";"v16.2.15";"src/pybind/mgr/dashboard/frontend/cypress/integration/orchestrator/workflow/05-create-cluster-review.e2e-spec.ts";"";"A";"A";"67";"0";"FALSE";"0";"100644";"0";"f93ad7a975bb9afae1fafecdf8064b849d96ea4c";"7";"07-mgr-modules-monitoring";"P1";"runtime/source";"deep";"Chọn đọc sâu theo nhóm: implementation thuộc MGR, dashboard, module, metrics, alerts và monitoring.";"";"trivial";"";"Frontend, translation, fixture hoặc dependency churn đã được sàng lọc; không có causal chain runtime riêng ngoài các đường API/monitoring được ánh xạ.";"";"";"screened-endpoint+history"
"1760";"v16.2.5";"v16.2.15";"src/pybind/mgr/dashboard/frontend/cypress/integration/orchestrator/workflow/06-cluster-check.e2e-spec.ts";"";"A";"A";"104";"0";"FALSE";"0";"100644";"0";"a3f757f55e3f96ca6e11f2738c1254e7bc65206a";"7";"07-mgr-modules-monitoring";"P1";"runtime/source";"deep";"Chọn đọc sâu theo nhóm: implementation thuộc MGR, dashboard, module, metrics, alerts và monitoring.";"";"trivial";"";"Frontend, translation, fixture hoặc dependency churn đã được sàng lọc; không có causal chain runtime riêng ngoài các đường API/monitoring được ánh xạ.";"";"";"screened-endpoint+history"
"1761";"v16.2.5";"v16.2.15";"src/pybind/mgr/dashboard/frontend/cypress/integration/orchestrator/workflow/07-osds.e2e-spec.ts";"";"A";"A";"24";"0";"FALSE";"0";"100644";"0";"a0a1dd03214b4e55a185eecf34f876d32367c97b";"7";"07-mgr-modules-monitoring";"P1";"runtime/source";"deep";"Chọn đọc sâu theo nhóm: implementation thuộc MGR, dashboard, module, metrics, alerts và monitoring.";"";"trivial";"";"Frontend, translation, fixture hoặc dependency churn đã được sàng lọc; không có causal chain runtime riêng ngoài các đường API/monitoring được ánh xạ.";"";"";"screened-endpoint+history"
"1762";"v16.2.5";"v16.2.15";"src/pybind/mgr/dashboard/frontend/cypress/integration/orchestrator/workflow/08-hosts.e2e-spec.ts";"";"A";"A";"49";"0";"FALSE";"0";"100644";"0";"374ecdb0cb6ee8d827d92ff037098cbdcef383cd";"7";"07-mgr-modules-monitoring";"P1";"runtime/source";"deep";"Chọn đọc sâu theo nhóm: implementation thuộc MGR, dashboard, module, metrics, alerts và monitoring.";"";"trivial";"";"Frontend, translation, fixture hoặc dependency churn đã được sàng lọc; không có causal chain runtime riêng ngoài các đường API/monitoring được ánh xạ.";"";"";"screened-endpoint+history"
"1763";"v16.2.5";"v16.2.15";"src/pybind/mgr/dashboard/frontend/cypress/integration/orchestrator/workflow/09-services.e2e-spec.ts";"";"A";"A";"114";"0";"FALSE";"0";"100644";"0";"ed9ffb9890a1e83de84872d8f847e2841cd296e8";"7";"07-mgr-modules-monitoring";"P1";"runtime/source";"deep";"Chọn đọc sâu theo nhóm: implementation thuộc MGR, dashboard, module, metrics, alerts và monitoring.";"";"trivial";"";"Frontend, translation, fixture hoặc dependency churn đã được sàng lọc; không có causal chain runtime riêng ngoài các đường API/monitoring được ánh xạ.";"";"";"screened-endpoint+history"
"1764";"v16.2.5";"v16.2.15";"src/pybind/mgr/dashboard/frontend/cypress/integration/orchestrator/workflow/10-nfs-exports.e2e-spec.ts";"";"A";"A";"83";"0";"FALSE";"0";"100644";"0";"f4b5499f08b27eea6518537ff6426aa36b4eeeb2";"7";"07-mgr-modules-monitoring";"P1";"runtime/source";"deep";"Chọn đọc sâu theo nhóm: implementation thuộc MGR, dashboard, module, metrics, alerts và monitoring.";"";"trivial";"";"Frontend, translation, fixture hoặc dependency churn đã được sàng lọc; không có causal chain runtime riêng ngoài các đường API/monitoring được ánh xạ.";"";"";"screened-endpoint+history"
"1765";"v16.2.5";"v16.2.15";"src/pybind/mgr/dashboard/frontend/cypress/integration/orchestrator/workflow/nfs/nfs-export.po.ts";"";"A";"A";"52";"0";"FALSE";"0";"100644";"0";"c700ef0581dd761c89754e1a2c5a660a13c2081b";"7";"07-mgr-modules-monitoring";"P1";"runtime/source";"deep";"Chọn đọc sâu theo nhóm: implementation thuộc MGR, dashboard, module, metrics, alerts và monitoring.";"";"trivial";"";"Frontend, translation, fixture hoặc dependency churn đã được sàng lọc; không có causal chain runtime riêng ngoài các đường API/monitoring được ánh xạ.";"";"";"screened-endpoint+history"
"1766";"v16.2.5";"v16.2.15";"src/pybind/mgr/dashboard/frontend/cypress/integration/page-helper.po.ts";"";"M";"M";"45";"15";"FALSE";"100644";"100644";"7b099fd98acf21fd73daa9f7c285f4b8a12407b1";"4531a70bb7fedfdbc8ea20efcfa313993c0c79b1";"7";"07-mgr-modules-monitoring";"P1";"runtime/source";"deep";"Chọn đọc sâu theo nhóm: implementation thuộc MGR, dashboard, module, metrics, alerts và monitoring.";"";"trivial";"";"Frontend, translation, fixture hoặc dependency churn đã được sàng lọc; không có causal chain runtime riêng ngoài các đường API/monitoring được ánh xạ.";"";"";"screened-endpoint+history"
"1767";"v16.2.5";"v16.2.15";"src/pybind/mgr/dashboard/frontend/cypress/integration/pools/pools.e2e-spec.ts";"";"M";"M";"4";"4";"FALSE";"100644";"100644";"e5a28bfd4e20c24c3dc8dec3f15497db4fac18d3";"b4c3c75ac5b853d5165870be8601701a51aac468";"7";"07-mgr-modules-monitoring";"P1";"runtime/source";"deep";"Chọn đọc sâu theo nhóm: implementation thuộc MGR, dashboard, module, metrics, alerts và monitoring.";"";"trivial";"";"Frontend, translation, fixture hoặc dependency churn đã được sàng lọc; không có causal chain runtime riêng ngoài các đường API/monitoring được ánh xạ.";"";"";"screened-endpoint+history"
"1768";"v16.2.5";"v16.2.15";"src/pybind/mgr/dashboard/frontend/cypress/integration/pools/pools.po.ts";"";"M";"M";"0";"6";"FALSE";"100644";"100644";"ccf858b41206d9bdcf233ad3a05fe567b6628209";"98cee470eda993bdde355243cbf78e527aa757ae";"7";"07-mgr-modules-monitoring";"P1";"runtime/source";"deep";"Chọn đọc sâu theo nhóm: implementation thuộc MGR, dashboard, module, metrics, alerts và monitoring.";"";"trivial";"";"Frontend, translation, fixture hoặc dependency churn đã được sàng lọc; không có causal chain runtime riêng ngoài các đường API/monitoring được ánh xạ.";"";"";"screened-endpoint+history"
"1769";"v16.2.5";"v16.2.15";"src/pybind/mgr/dashboard/frontend/cypress/integration/rgw/buckets.e2e-spec.ts";"";"M";"M";"7";"20";"FALSE";"100644";"100644";"75ff8c7c277b1f32299f0c6c20633ebda05c3820";"e5ffdeee93fe688e8d963793279536eee78ca186";"7";"07-mgr-modules-monitoring";"P1";"runtime/source";"deep";"Chọn đọc sâu theo nhóm: implementation thuộc MGR, dashboard, module, metrics, alerts và monitoring.";"";"trivial";"";"Frontend, translation, fixture hoặc dependency churn đã được sàng lọc; không có causal chain runtime riêng ngoài các đường API/monitoring được ánh xạ.";"";"";"screened-endpoint+history"
"1770";"v16.2.5";"v16.2.15";"src/pybind/mgr/dashboard/frontend/cypress/integration/rgw/buckets.po.ts";"";"M";"M";"4";"2";"FALSE";"100644";"100644";"a17e73e80d0e9f46d994a35bc844ba35116ea8c2";"4804753d167348b275cda402cd2aa265db4519a5";"7";"07-mgr-modules-monitoring";"P1";"runtime/source";"deep";"Chọn đọc sâu theo nhóm: implementation thuộc MGR, dashboard, module, metrics, alerts và monitoring.";"";"trivial";"";"Frontend, translation, fixture hoặc dependency churn đã được sàng lọc; không có causal chain runtime riêng ngoài các đường API/monitoring được ánh xạ.";"";"";"screened-endpoint+history"
"1771";"v16.2.5";"v16.2.15";"src/pybind/mgr/dashboard/frontend/cypress/integration/rgw/users.po.ts";"";"M";"M";"1";"1";"FALSE";"100644";"100644";"7ded71f59a92953553c16959a9255127c689b63d";"a4266f989e0833bfee93021067fa5cb2ffd8cd3a";"7";"07-mgr-modules-monitoring";"P1";"runtime/source";"deep";"Chọn đọc sâu theo nhóm: implementation thuộc MGR, dashboard, module, metrics, alerts và monitoring.";"";"trivial";"";"Frontend, translation, fixture hoặc dependency churn đã được sàng lọc; không có causal chain runtime riêng ngoài các đường API/monitoring được ánh xạ.";"";"";"screened-endpoint+history"
"1772";"v16.2.5";"v16.2.15";"src/pybind/mgr/dashboard/frontend/cypress/integration/ui/api-docs.e2e-spec.ts";"";"A";"A";"15";"0";"FALSE";"0";"100644";"0";"52994859e249551e240d04cb4c2558a0cd64cc89";"7";"07-mgr-modules-monitoring";"P1";"runtime/source";"deep";"Chọn đọc sâu theo nhóm: implementation thuộc MGR, dashboard, module, metrics, alerts và monitoring.";"";"trivial";"";"Frontend, translation, fixture hoặc dependency churn đã được sàng lọc; không có causal chain runtime riêng ngoài các đường API/monitoring được ánh xạ.";"";"";"screened-endpoint+history"
"1773";"v16.2.5";"v16.2.15";"src/pybind/mgr/dashboard/frontend/cypress/integration/ui/api-docs.po.ts";"";"A";"A";"5";"0";"FALSE";"0";"100644";"0";"c7a8d222d2c35c58a83eb4004794931b593ed126";"7";"07-mgr-modules-monitoring";"P1";"runtime/source";"deep";"Chọn đọc sâu theo nhóm: implementation thuộc MGR, dashboard, module, metrics, alerts và monitoring.";"";"trivial";"";"Frontend, translation, fixture hoặc dependency churn đã được sàng lọc; không có causal chain runtime riêng ngoài các đường API/monitoring được ánh xạ.";"";"";"screened-endpoint+history"
"1774";"v16.2.5";"v16.2.15";"src/pybind/mgr/dashboard/frontend/cypress/integration/ui/navigation.e2e-spec.ts";"";"M";"M";"2";"2";"FALSE";"100644";"100644";"71bfa4b9f2452627f36885ed9644fd8b2c073e4d";"fee2d2db967adcdc2a638fa19a91efc48fcba894";"7";"07-mgr-modules-monitoring";"P1";"runtime/source";"deep";"Chọn đọc sâu theo nhóm: implementation thuộc MGR, dashboard, module, metrics, alerts và monitoring.";"";"trivial";"";"Frontend, translation, fixture hoặc dependency churn đã được sàng lọc; không có causal chain runtime riêng ngoài các đường API/monitoring được ánh xạ.";"";"";"screened-endpoint+history"
"1775";"v16.2.5";"v16.2.15";"src/pybind/mgr/dashboard/frontend/cypress/integration/ui/navigation.po.ts";"";"M";"M";"8";"8";"FALSE";"100644";"100644";"999ac4ab93c18c3f8bf9e29805221ad36d204665";"a7ecf3af0e8d5946bfa942edb1320d5cf8ece78e";"7";"07-mgr-modules-monitoring";"P1";"runtime/source";"deep";"Chọn đọc sâu theo nhóm: implementation thuộc MGR, dashboard, module, metrics, alerts và monitoring.";"";"trivial";"";"Frontend, translation, fixture hoặc dependency churn đã được sàng lọc; không có causal chain runtime riêng ngoài các đường API/monitoring được ánh xạ.";"";"";"screened-endpoint+history"
"1776";"v16.2.5";"v16.2.15";"src/pybind/mgr/dashboard/frontend/cypress/integration/visualTests/dashboard.vrt-spec.ts";"";"A";"A";"22";"0";"FALSE";"0";"100644";"0";"b83d16d3d86ce69c04b7b6a3e10c1b4c9e1940ff";"7";"07-mgr-modules-monitoring";"P1";"runtime/source";"deep";"Chọn đọc sâu theo nhóm: implementation thuộc MGR, dashboard, module, metrics, alerts và monitoring.";"";"trivial";"";"Frontend, translation, fixture hoặc dependency churn đã được sàng lọc; không có causal chain runtime riêng ngoài các đường API/monitoring được ánh xạ.";"";"";"screened-endpoint+history"
"1777";"v16.2.5";"v16.2.15";"src/pybind/mgr/dashboard/frontend/cypress/integration/visualTests/login.vrt-spec.ts";"";"A";"A";"19";"0";"FALSE";"0";"100644";"0";"ea74f1d0f748adfdddb5fe994f97ca8e69d32a62";"7";"07-mgr-modules-monitoring";"P1";"runtime/source";"deep";"Chọn đọc sâu theo nhóm: implementation thuộc MGR, dashboard, module, metrics, alerts và monitoring.";"";"trivial";"";"Frontend, translation, fixture hoặc dependency churn đã được sàng lọc; không có causal chain runtime riêng ngoài các đường API/monitoring được ánh xạ.";"";"";"screened-endpoint+history"
"1778";"v16.2.5";"v16.2.15";"src/pybind/mgr/dashboard/frontend/cypress/plugins/index.js";"";"M";"M";"18";"0";"FALSE";"100644";"100644";"0f9934c9897bdf056a02b01347d0e1bb9967cc2e";"d9294002ba4010eaebd41e33e0141657b1d35861";"7";"07-mgr-modules-monitoring";"P1";"runtime/source";"deep";"Chọn đọc sâu theo nhóm: implementation thuộc MGR, dashboard, module, metrics, alerts và monitoring.";"";"trivial";"";"Frontend, translation, fixture hoặc dependency churn đã được sàng lọc; không có causal chain runtime riêng ngoài các đường API/monitoring được ánh xạ.";"";"";"screened-endpoint+history"
"1779";"v16.2.5";"v16.2.15";"src/pybind/mgr/dashboard/frontend/cypress/support/commands.ts";"";"M";"M";"17";"5";"FALSE";"100644";"100644";"60fa7a746c043cba2f39e5f45040e09865c576a6";"6ff17f9d6978e11f35787a657e2c02ad6222ca59";"7";"07-mgr-modules-monitoring";"P1";"runtime/source";"deep";"Chọn đọc sâu theo nhóm: implementation thuộc MGR, dashboard, module, metrics, alerts và monitoring.";"";"trivial";"";"Frontend, translation, fixture hoặc dependency churn đã được sàng lọc; không có causal chain runtime riêng ngoài các đường API/monitoring được ánh xạ.";"";"";"screened-endpoint+history"
"1780";"v16.2.5";"v16.2.15";"src/pybind/mgr/dashboard/frontend/cypress/support/eyes-index.d.ts";"";"A";"A";"1";"0";"FALSE";"0";"100644";"0";"59fc1eca4febd19d4f254b4402f73f95476a5855";"7";"07-mgr-modules-monitoring";"P1";"runtime/source";"deep";"Chọn đọc sâu theo nhóm: implementation thuộc MGR, dashboard, module, metrics, alerts và monitoring.";"";"trivial";"";"Frontend, translation, fixture hoặc dependency churn đã được sàng lọc; không có causal chain runtime riêng ngoài các đường API/monitoring được ánh xạ.";"";"";"screened-endpoint+history"
"1781";"v16.2.5";"v16.2.15";"src/pybind/mgr/dashboard/frontend/cypress/support/index.ts";"";"M";"M";"13";"0";"FALSE";"100644";"100644";"750acb7eafc86499e0f1d29e30462e612da5837b";"8fb8a7dcd066c1abe65613350f3cce3b4e54d16c";"7";"07-mgr-modules-monitoring";"P1";"runtime/source";"deep";"Chọn đọc sâu theo nhóm: implementation thuộc MGR, dashboard, module, metrics, alerts và monitoring.";"";"trivial";"";"Frontend, translation, fixture hoặc dependency churn đã được sàng lọc; không có causal chain runtime riêng ngoài các đường API/monitoring được ánh xạ.";"";"";"screened-endpoint+history"
"1782";"v16.2.5";"v16.2.15";"src/pybind/mgr/dashboard/frontend/cypress/tsconfig.json";"";"M";"M";"2";"1";"FALSE";"100644";"100644";"f46471f2c044450a03aed36c6875bb7371411785";"90f899b57f639d643df7ae0d2eaf67b77ddf4c70";"7";"07-mgr-modules-monitoring";"P1";"runtime/source";"deep";"Chọn đọc sâu theo nhóm: implementation thuộc MGR, dashboard, module, metrics, alerts và monitoring.";"";"trivial";"";"Frontend, translation, fixture hoặc dependency churn đã được sàng lọc; không có causal chain runtime riêng ngoài các đường API/monitoring được ánh xạ.";"";"";"screened-endpoint+history"
"1783";"v16.2.5";"v16.2.15";"src/pybind/mgr/dashboard/frontend/i18n.config.json";"";"M";"M";"1";"1";"FALSE";"100644";"100644";"a7390c5f81601dee63eb5ba8cd24165d080e9f7b";"f5ba06d47dd12eef785a9d44d8eb9f1b77c2d261";"7";"07-mgr-modules-monitoring";"P1";"runtime/source";"deep";"Chọn đọc sâu theo nhóm: implementation thuộc MGR, dashboard, module, metrics, alerts và monitoring.";"";"trivial";"";"Frontend, translation, fixture hoặc dependency churn đã được sàng lọc; không có causal chain runtime riêng ngoài các đường API/monitoring được ánh xạ.";"";"";"screened-endpoint+history"
"1784";"v16.2.5";"v16.2.15";"src/pybind/mgr/dashboard/frontend/package-lock.json";"";"M";"M";"17227";"13132";"FALSE";"100644";"100644";"de2e31f278e23e5bc2368ab480412bc66ac74a1c";"f84e0560e271ec0825912a4fc21d56bdbfc985d8";"7";"07-mgr-modules-monitoring";"P2";"generated/lock/data";"reference-only";"Không đọc hunk sinh tự động";"";"trivial";"";"Frontend, translation, fixture hoặc dependency churn đã được sàng lọc; không có causal chain runtime riêng ngoài các đường API/monitoring được ánh xạ.";"";"";"screened-endpoint+history"
"1785";"v16.2.5";"v16.2.15";"src/pybind/mgr/dashboard/frontend/package.json";"";"M";"M";"43";"35";"FALSE";"100644";"100644";"67832c4cdd9b42f2f56b87f766b0a7506c265e1b";"722baa8dc58f34cd26702cf1e5a85c22e551be5d";"7";"07-mgr-modules-monitoring";"P1";"runtime/source";"deep";"Chọn đọc sâu theo nhóm: implementation thuộc MGR, dashboard, module, metrics, alerts và monitoring.";"";"trivial";"";"Frontend, translation, fixture hoặc dependency churn đã được sàng lọc; không có causal chain runtime riêng ngoài các đường API/monitoring được ánh xạ.";"";"";"screened-endpoint+history"
"1786";"v16.2.5";"v16.2.15";"src/pybind/mgr/dashboard/frontend/proxy.conf.json.sample";"";"M";"M";"5";"0";"FALSE";"100644";"100644";"6a71a26bbaf6d71ba43bdc4b81d04a9367158b07";"ad2ef806975f960fee027ca5e27ac962a40fa933";"7";"07-mgr-modules-monitoring";"P1";"runtime/source";"deep";"Chọn đọc sâu theo nhóm: implementation thuộc MGR, dashboard, module, metrics, alerts và monitoring.";"";"trivial";"";"Frontend, translation, fixture hoặc dependency churn đã được sàng lọc; không có causal chain runtime riêng ngoài các đường API/monitoring được ánh xạ.";"";"";"screened-endpoint+history"
"1787";"v16.2.5";"v16.2.15";"src/pybind/mgr/dashboard/frontend/src/app/app-routing.module.ts";"";"M";"M";"34";"12";"FALSE";"100644";"100644";"0af3d7f27b3c351812f3db71b5922fc7a68a956d";"4a490728b7cb41980d47e4ebe8e36b77c9996b88";"7";"07-mgr-modules-monitoring";"P1";"runtime/source";"deep";"Chọn đọc sâu theo nhóm: implementation thuộc MGR, dashboard, module, metrics, alerts và monitoring.";"";"trivial";"";"Frontend, translation, fixture hoặc dependency churn đã được sàng lọc; không có causal chain runtime riêng ngoài các đường API/monitoring được ánh xạ.";"";"";"screened-endpoint+history"
"1788";"v16.2.5";"v16.2.15";"src/pybind/mgr/dashboard/frontend/src/app/ceph/block/block.module.ts";"";"M";"M";"33";"4";"FALSE";"100644";"100644";"472fe37f19fa60fe67f552d94eb7fa4ff2140471";"8a13f1c6925cbb83c367ed6551a412fd272d0c73";"7";"07-mgr-modules-monitoring";"P1";"runtime/source";"deep";"Chọn đọc sâu theo nhóm: implementation thuộc MGR, dashboard, module, metrics, alerts và monitoring.";"";"trivial";"";"Frontend, translation, fixture hoặc dependency churn đã được sàng lọc; không có causal chain runtime riêng ngoài các đường API/monitoring được ánh xạ.";"";"";"screened-endpoint+history"
"1789";"v16.2.5";"v16.2.15";"src/pybind/mgr/dashboard/frontend/src/app/ceph/block/iscsi-setting/iscsi-setting.component.html";"";"M";"M";"1";"1";"FALSE";"100644";"100644";"f3a1d5dc2f57cb0287b6d641a59fed8cf6220980";"b19941ae0d58ec520152cf97590292dff058a6f5";"7";"07-mgr-modules-monitoring";"P1";"runtime/source";"deep";"Chọn đọc sâu theo nhóm: implementation thuộc MGR, dashboard, module, metrics, alerts và monitoring.";"";"trivial";"";"Frontend, translation, fixture hoặc dependency churn đã được sàng lọc; không có causal chain runtime riêng ngoài các đường API/monitoring được ánh xạ.";"";"";"screened-endpoint+history"
"1790";"v16.2.5";"v16.2.15";"src/pybind/mgr/dashboard/frontend/src/app/ceph/block/iscsi-setting/iscsi-setting.component.ts";"";"M";"M";"2";"2";"FALSE";"100644";"100644";"f27ea2ce7c4b9381fb042c63f5a57491eef18db3";"fbbd28b202b95447431f7c8f81ca7ae692c5a572";"7";"07-mgr-modules-monitoring";"P1";"runtime/source";"deep";"Chọn đọc sâu theo nhóm: implementation thuộc MGR, dashboard, module, metrics, alerts và monitoring.";"";"trivial";"";"Frontend, translation, fixture hoặc dependency churn đã được sàng lọc; không có causal chain runtime riêng ngoài các đường API/monitoring được ánh xạ.";"";"";"screened-endpoint+history"
"1791";"v16.2.5";"v16.2.15";"src/pybind/mgr/dashboard/frontend/src/app/ceph/block/iscsi-target-form/iscsi-target-form.component.html";"";"M";"M";"3";"3";"FALSE";"100644";"100644";"2fc58ac5719e4fd107d72cea40550342a5b1d82d";"852866a86db2c4fa0961ae7321081e2cfc5fb6e4";"7";"07-mgr-modules-monitoring";"P1";"runtime/source";"deep";"Chọn đọc sâu theo nhóm: implementation thuộc MGR, dashboard, module, metrics, alerts và monitoring.";"";"trivial";"";"Frontend, translation, fixture hoặc dependency churn đã được sàng lọc; không có causal chain runtime riêng ngoài các đường API/monitoring được ánh xạ.";"";"";"screened-endpoint+history"
"1792";"v16.2.5";"v16.2.15";"src/pybind/mgr/dashboard/frontend/src/app/ceph/block/iscsi-target-form/iscsi-target-form.component.spec.ts";"";"M";"M";"2";"3";"FALSE";"100644";"100644";"10475872a2e53d0895130ff0d5ecb9fc08553063";"e993468c80d891368bd938e29637e1ae099d1b63";"7";"07-mgr-modules-monitoring";"P1";"runtime/source";"deep";"Chọn đọc sâu theo nhóm: implementation thuộc MGR, dashboard, module, metrics, alerts và monitoring.";"";"trivial";"";"Frontend, translation, fixture hoặc dependency churn đã được sàng lọc; không có causal chain runtime riêng ngoài các đường API/monitoring được ánh xạ.";"";"";"screened-endpoint+history"
"1793";"v16.2.5";"v16.2.15";"src/pybind/mgr/dashboard/frontend/src/app/ceph/block/iscsi-target-form/iscsi-target-form.component.ts";"";"M";"M";"6";"1";"FALSE";"100644";"100644";"d84647e91dd62e0083046f2938ce5e1fc807296b";"6704b41e6480bba162a4365f829da95d3b3e5a72";"7";"07-mgr-modules-monitoring";"P1";"runtime/source";"deep";"Chọn đọc sâu theo nhóm: implementation thuộc MGR, dashboard, module, metrics, alerts và monitoring.";"";"trivial";"";"Frontend, translation, fixture hoặc dependency churn đã được sàng lọc; không có causal chain runtime riêng ngoài các đường API/monitoring được ánh xạ.";"";"";"screened-endpoint+history"
"1794";"v16.2.5";"v16.2.15";"src/pybind/mgr/dashboard/frontend/src/app/ceph/block/iscsi-target-image-settings-modal/iscsi-target-image-settings-modal.component.html";"";"M";"M";"1";"1";"FALSE";"100644";"100644";"3c34a2b85f28d1d07e1c6e5235d94049319c9998";"2452b0bc5721cda153ff4dc43d2a3bfc4c4e4623";"7";"07-mgr-modules-monitoring";"P1";"runtime/source";"deep";"Chọn đọc sâu theo nhóm: implementation thuộc MGR, dashboard, module, metrics, alerts và monitoring.";"";"trivial";"";"Frontend, translation, fixture hoặc dependency churn đã được sàng lọc; không có causal chain runtime riêng ngoài các đường API/monitoring được ánh xạ.";"";"";"screened-endpoint+history"
"1795";"v16.2.5";"v16.2.15";"src/pybind/mgr/dashboard/frontend/src/app/ceph/block/iscsi-target-list/iscsi-target-list.component.html";"";"M";"M";"3";"0";"FALSE";"100644";"100644";"0103c11249a1bf2aa5daa7c622a35d42adfd3c51";"f6ac54538e10479985987bb0cb8200adc83416a3";"7";"07-mgr-modules-monitoring";"P1";"runtime/source";"deep";"Chọn đọc sâu theo nhóm: implementation thuộc MGR, dashboard, module, metrics, alerts và monitoring.";"";"trivial";"";"Frontend, translation, fixture hoặc dependency churn đã được sàng lọc; không có causal chain runtime riêng ngoài các đường API/monitoring được ánh xạ.";"";"";"screened-endpoint+history"
"1796";"v16.2.5";"v16.2.15";"src/pybind/mgr/dashboard/frontend/src/app/ceph/block/iscsi-target-list/iscsi-target-list.component.spec.ts";"";"M";"M";"7";"0";"FALSE";"100644";"100644";"4459f2519e61c241745bf015870a4474ca33a082";"51998cf0b9e1cb5ab185b29be3db1fc6c0ae8fd0";"7";"07-mgr-modules-monitoring";"P1";"runtime/source";"deep";"Chọn đọc sâu theo nhóm: implementation thuộc MGR, dashboard, module, metrics, alerts và monitoring.";"";"trivial";"";"Frontend, translation, fixture hoặc dependency churn đã được sàng lọc; không có causal chain runtime riêng ngoài các đường API/monitoring được ánh xạ.";"";"";"screened-endpoint+history"
"1797";"v16.2.5";"v16.2.15";"src/pybind/mgr/dashboard/frontend/src/app/ceph/block/iscsi-target-list/iscsi-target-list.component.ts";"";"M";"M";"27";"21";"FALSE";"100644";"100644";"96b76d6b749e573a1f57ad5da43e3298b5e072b4";"d0eed6a72c77ed11cf3f77badafdac443056bbb8";"7";"07-mgr-modules-monitoring";"P1";"runtime/source";"deep";"Chọn đọc sâu theo nhóm: implementation thuộc MGR, dashboard, module, metrics, alerts và monitoring.";"";"trivial";"";"Frontend, translation, fixture hoặc dependency churn đã được sàng lọc; không có causal chain runtime riêng ngoài các đường API/monitoring được ánh xạ.";"";"";"screened-endpoint+history"
"1798";"v16.2.5";"v16.2.15";"src/pybind/mgr/dashboard/frontend/src/app/ceph/block/mirroring/bootstrap-import-modal/bootstrap-import-modal.component.html";"";"M";"M";"1";"1";"FALSE";"100644";"100644";"3770ef099a6b69d29ffb27be440a1aff67009f58";"23372d3837c837eeb3454d452576d4316851354d";"7";"07-mgr-modules-monitoring";"P1";"runtime/source";"deep";"Chọn đọc sâu theo nhóm: implementation thuộc MGR, dashboard, module, metrics, alerts và monitoring.";"";"trivial";"";"Frontend, translation, fixture hoặc dependency churn đã được sàng lọc; không có causal chain runtime riêng ngoài các đường API/monitoring được ánh xạ.";"";"";"screened-endpoint+history"
"1799";"v16.2.5";"v16.2.15";"src/pybind/mgr/dashboard/frontend/src/app/ceph/block/mirroring/edit-site-name-modal/edit-site-name-modal.component.html";"";"D";"D";"0";"39";"FALSE";"100644";"0";"f0c91976802bec4b2ac5f9c0262b0e21434bd103";"0";"7";"07-mgr-modules-monitoring";"P1";"runtime/source";"deep";"Chọn đọc sâu theo nhóm: implementation thuộc MGR, dashboard, module, metrics, alerts và monitoring.";"";"trivial";"";"Frontend, translation, fixture hoặc dependency churn đã được sàng lọc; không có causal chain runtime riêng ngoài các đường API/monitoring được ánh xạ.";"";"";"screened-endpoint+history"
"1800";"v16.2.5";"v16.2.15";"src/pybind/mgr/dashboard/frontend/src/app/ceph/block/mirroring/edit-site-name-modal/edit-site-name-modal.component.spec.ts";"";"D";"D";"0";"73";"FALSE";"100644";"0";"193e4f044b3fd17a61a555f53cde8ff6671ad2c1";"0";"7";"07-mgr-modules-monitoring";"P1";"runtime/source";"deep";"Chọn đọc sâu theo nhóm: implementation thuộc MGR, dashboard, module, metrics, alerts và monitoring.";"";"trivial";"";"Frontend, translation, fixture hoặc dependency churn đã được sàng lọc; không có causal chain runtime riêng ngoài các đường API/monitoring được ánh xạ.";"";"";"screened-endpoint+history"
"1801";"v16.2.5";"v16.2.15";"src/pybind/mgr/dashboard/frontend/src/app/ceph/block/mirroring/edit-site-name-modal/edit-site-name-modal.component.ts";"";"D";"D";"0";"58";"FALSE";"100644";"0";"aa43bd0e8db75721f25883d9c4cb6421544fcfa3";"0";"7";"07-mgr-modules-monitoring";"P1";"runtime/source";"deep";"Chọn đọc sâu theo nhóm: implementation thuộc MGR, dashboard, module, metrics, alerts và monitoring.";"";"trivial";"";"Frontend, translation, fixture hoặc dependency churn đã được sàng lọc; không có causal chain runtime riêng ngoài các đường API/monitoring được ánh xạ.";"";"";"screened-endpoint+history"
"1802";"v16.2.5";"v16.2.15";"src/pybind/mgr/dashboard/frontend/src/app/ceph/block/mirroring/image-list/image-list.component.html";"";"M";"M";"13";"11";"FALSE";"100644";"100644";"25f1442f887598e7e7a0dc44399071cdcd41af32";"b54cb68522be9839b39cf88ea8228de8cd48295b";"7";"07-mgr-modules-monitoring";"P1";"runtime/source";"deep";"Chọn đọc sâu theo nhóm: implementation thuộc MGR, dashboard, module, metrics, alerts và monitoring.";"";"trivial";"";"Frontend, translation, fixture hoặc dependency churn đã được sàng lọc; không có causal chain runtime riêng ngoài các đường API/monitoring được ánh xạ.";"";"";"screened-endpoint+history"
"1803";"v16.2.5";"v16.2.15";"src/pybind/mgr/dashboard/frontend/src/app/ceph/block/mirroring/image-list/image-list.component.ts";"";"M";"M";"13";"11";"FALSE";"100644";"100644";"015031ebeebf30b6214f4da94f39983736a9e64d";"babd46542e533c2f24169724e73d767b4321df70";"7";"07-mgr-modules-monitoring";"P1";"runtime/source";"deep";"Chọn đọc sâu theo nhóm: implementation thuộc MGR, dashboard, module, metrics, alerts và monitoring.";"";"trivial";"";"Frontend, translation, fixture hoặc dependency churn đã được sàng lọc; không có causal chain runtime riêng ngoài các đường API/monitoring được ánh xạ.";"";"";"screened-endpoint+history"
"1804";"v16.2.5";"v16.2.15";"src/pybind/mgr/dashboard/frontend/src/app/ceph/block/mirroring/mirroring.module.ts";"";"M";"M";"3";"4";"FALSE";"100644";"100644";"0edea02494ca765b6209b8013958a5c4f34c7ad2";"3bb39245740bfd1a710718cf35a3f246c6785dac";"7";"07-mgr-modules-monitoring";"P1";"runtime/source";"deep";"Chọn đọc sâu theo nhóm: implementation thuộc MGR, dashboard, module, metrics, alerts và monitoring.";"";"trivial";"";"Frontend, translation, fixture hoặc dependency churn đã được sàng lọc; không có causal chain runtime riêng ngoài các đường API/monitoring được ánh xạ.";"";"";"screened-endpoint+history"
"1805";"v16.2.5";"v16.2.15";"src/pybind/mgr/dashboard/frontend/src/app/ceph/block/mirroring/overview/overview.component.html";"";"M";"M";"38";"6";"FALSE";"100644";"100644";"7bd0bf017b370f2b710452290a5dd5b156c73c87";"9cdfab939cc2aa529b97a0efd4fe1d744c91f0fa";"7";"07-mgr-modules-monitoring";"P1";"runtime/source";"deep";"Chọn đọc sâu theo nhóm: implementation thuộc MGR, dashboard, module, metrics, alerts và monitoring.";"";"trivial";"";"Frontend, translation, fixture hoặc dependency churn đã được sàng lọc; không có causal chain runtime riêng ngoài các đường API/monitoring được ánh xạ.";"";"";"screened-endpoint+history"
"1806";"v16.2.5";"v16.2.15";"src/pybind/mgr/dashboard/frontend/src/app/ceph/block/mirroring/overview/overview.component.spec.ts";"";"M";"M";"30";"0";"FALSE";"100644";"100644";"a3c83a75d967be922e0e857a5c3b315d5e496d0e";"d771c2f70034a15e7bc09fb7d193f96f047c6f0a";"7";"07-mgr-modules-monitoring";"P1";"runtime/source";"deep";"Chọn đọc sâu theo nhóm: implementation thuộc MGR, dashboard, module, metrics, alerts và monitoring.";"";"trivial";"";"Frontend, translation, fixture hoặc dependency churn đã được sàng lọc; không có causal chain runtime riêng ngoài các đường API/monitoring được ánh xạ.";"";"";"screened-endpoint+history"
"1807";"v16.2.5";"v16.2.15";"src/pybind/mgr/dashboard/frontend/src/app/ceph/block/mirroring/overview/overview.component.ts";"";"M";"M";"37";"17";"FALSE";"100644";"100644";"c919e03cdbb82680370a4ab4a603a1f19e4641f4";"3ee1fa81334285d4ee56b38533e4bf9662bf5d9e";"7";"07-mgr-modules-monitoring";"P1";"runtime/source";"deep";"Chọn đọc sâu theo nhóm: implementation thuộc MGR, dashboard, module, metrics, alerts và monitoring.";"";"trivial";"";"Frontend, translation, fixture hoặc dependency churn đã được sàng lọc; không có causal chain runtime riêng ngoài các đường API/monitoring được ánh xạ.";"";"";"screened-endpoint+history"
"1808";"v16.2.5";"v16.2.15";"src/pybind/mgr/dashboard/frontend/src/app/ceph/block/mirroring/pool-edit-mode-modal/pool-edit-mode-modal.component.html";"";"M";"M";"3";"2";"FALSE";"100644";"100644";"2e88059ba0c64544b9d2186a2d709ee877d94239";"00fe92b32b734ecf507ab2c0080f0b2e169ba577";"7";"07-mgr-modules-monitoring";"P1";"runtime/source";"deep";"Chọn đọc sâu theo nhóm: implementation thuộc MGR, dashboard, module, metrics, alerts và monitoring.";"";"trivial";"";"Frontend, translation, fixture hoặc dependency churn đã được sàng lọc; không có causal chain runtime riêng ngoài các đường API/monitoring được ánh xạ.";"";"";"screened-endpoint+history"
"1809";"v16.2.5";"v16.2.15";"src/pybind/mgr/dashboard/frontend/src/app/ceph/block/mirroring/pool-edit-mode-modal/pool-edit-mode-modal.component.spec.ts";"";"M";"M";"12";"5";"FALSE";"100644";"100644";"a22a60d5e736c0fb631ce975d4d0226c53d08bcc";"11ba12334f38cd082c3e868585fc05159b0c40f0";"7";"07-mgr-modules-monitoring";"P1";"runtime/source";"deep";"Chọn đọc sâu theo nhóm: implementation thuộc MGR, dashboard, module, metrics, alerts và monitoring.";"";"trivial";"";"Frontend, translation, fixture hoặc dependency churn đã được sàng lọc; không có causal chain runtime riêng ngoài các đường API/monitoring được ánh xạ.";"";"";"screened-endpoint+history"
"1810";"v16.2.5";"v16.2.15";"src/pybind/mgr/dashboard/frontend/src/app/ceph/block/mirroring/pool-edit-mode-modal/pool-edit-mode-modal.component.ts";"";"M";"M";"9";"2";"FALSE";"100644";"100644";"137e787174d7a0e545382746cf5fbf9cf182afcc";"ef30c888c8ba6207be4ff0a0ec9f2756d3d477fc";"7";"07-mgr-modules-monitoring";"P1";"runtime/source";"deep";"Chọn đọc sâu theo nhóm: implementation thuộc MGR, dashboard, module, metrics, alerts và monitoring.";"";"trivial";"";"Frontend, translation, fixture hoặc dependency churn đã được sàng lọc; không có causal chain runtime riêng ngoài các đường API/monitoring được ánh xạ.";"";"";"screened-endpoint+history"
"1811";"v16.2.5";"v16.2.15";"src/pybind/mgr/dashboard/frontend/src/app/ceph/block/mirroring/pool-list/pool-list.component.html";"";"M";"M";"11";"0";"FALSE";"100644";"100644";"b6081b8e03d634e371f564e887ca6162019f74ce";"f5581af35efddc1eb6465b6580dd8e4b2398aa32";"7";"07-mgr-modules-monitoring";"P1";"runtime/source";"deep";"Chọn đọc sâu theo nhóm: implementation thuộc MGR, dashboard, module, metrics, alerts và monitoring.";"";"trivial";"";"Frontend, translation, fixture hoặc dependency churn đã được sàng lọc; không có causal chain runtime riêng ngoài các đường API/monitoring được ánh xạ.";"";"";"screened-endpoint+history"
"1812";"v16.2.5";"v16.2.15";"src/pybind/mgr/dashboard/frontend/src/app/ceph/block/mirroring/pool-list/pool-list.component.ts";"";"M";"M";"25";"8";"FALSE";"100644";"100644";"29b435900df6f22ed3f0085cf38ef6daaac080e1";"61f812177561ca364c801923c5796c6f9b3ab842";"7";"07-mgr-modules-monitoring";"P1";"runtime/source";"deep";"Chọn đọc sâu theo nhóm: implementation thuộc MGR, dashboard, module, metrics, alerts và monitoring.";"";"trivial";"";"Frontend, translation, fixture hoặc dependency churn đã được sàng lọc; không có causal chain runtime riêng ngoài các đường API/monitoring được ánh xạ.";"";"";"screened-endpoint+history"
"1813";"v16.2.5";"v16.2.15";"src/pybind/mgr/dashboard/frontend/src/app/ceph/block/rbd-details/rbd-details.component.html";"";"M";"M";"1";"0";"FALSE";"100644";"100644";"7503863e0fb2c256165b2b0ee793e83b6ad62792";"ab9454cbc15ebb5b0efabf262d8d81ffb2c8c8d6";"7";"07-mgr-modules-monitoring";"P1";"runtime/source";"deep";"Chọn đọc sâu theo nhóm: implementation thuộc MGR, dashboard, module, metrics, alerts và monitoring.";"";"trivial";"";"Frontend, translation, fixture hoặc dependency churn đã được sàng lọc; không có causal chain runtime riêng ngoài các đường API/monitoring được ánh xạ.";"";"";"screened-endpoint+history"
"1814";"v16.2.5";"v16.2.15";"src/pybind/mgr/dashboard/frontend/src/app/ceph/block/rbd-form/rbd-form-edit-request.model.ts";"";"M";"M";"7";"0";"FALSE";"100644";"100644";"9187b024d9d017fcb742452ad66c23ed609cd745";"2eede58521f1e892ddb30f607aab7e947095ebcd";"7";"07-mgr-modules-monitoring";"P1";"runtime/source";"deep";"Chọn đọc sâu theo nhóm: implementation thuộc MGR, dashboard, module, metrics, alerts và monitoring.";"";"trivial";"";"Frontend, translation, fixture hoặc dependency churn đã được sàng lọc; không có causal chain runtime riêng ngoài các đường API/monitoring được ánh xạ.";"";"";"screened-endpoint+history"
"1815";"v16.2.5";"v16.2.15";"src/pybind/mgr/dashboard/frontend/src/app/ceph/block/rbd-form/rbd-form.component.html";"";"M";"M";"67";"10";"FALSE";"100644";"100644";"6a12cb64f166b88a56d79d94e619b3f704f28843";"38f20476207908f961593bc7a98fe47b2250c934";"7";"07-mgr-modules-monitoring";"P1";"runtime/source";"deep";"Chọn đọc sâu theo nhóm: implementation thuộc MGR, dashboard, module, metrics, alerts và monitoring.";"";"trivial";"";"Frontend, translation, fixture hoặc dependency churn đã được sàng lọc; không có causal chain runtime riêng ngoài các đường API/monitoring được ánh xạ.";"";"";"screened-endpoint+history"
"1816";"v16.2.5";"v16.2.15";"src/pybind/mgr/dashboard/frontend/src/app/ceph/block/rbd-form/rbd-form.component.spec.ts";"";"M";"M";"55";"26";"FALSE";"100644";"100644";"8c00c7460ab6a5fc2bccfcbca58cfebcbdc6cec9";"7f7815c00ac922591efbd291714f9878ee3cd4a4";"7";"07-mgr-modules-monitoring";"P1";"runtime/source";"deep";"Chọn đọc sâu theo nhóm: implementation thuộc MGR, dashboard, module, metrics, alerts và monitoring.";"";"trivial";"";"Frontend, translation, fixture hoặc dependency churn đã được sàng lọc; không có causal chain runtime riêng ngoài các đường API/monitoring được ánh xạ.";"";"";"screened-endpoint+history"
"1817";"v16.2.5";"v16.2.15";"src/pybind/mgr/dashboard/frontend/src/app/ceph/block/rbd-form/rbd-form.component.ts";"";"M";"M";"102";"12";"FALSE";"100644";"100644";"1dc1df0dd3aba8da08c4025e85018572d3cd0df2";"f6c6af57947a8aa7572914372579a582300b4dd3";"7";"07-mgr-modules-monitoring";"P1";"runtime/source";"deep";"Chọn đọc sâu theo nhóm: implementation thuộc MGR, dashboard, module, metrics, alerts và monitoring.";"";"trivial";"";"Frontend, translation, fixture hoặc dependency churn đã được sàng lọc; không có causal chain runtime riêng ngoài các đường API/monitoring được ánh xạ.";"";"";"screened-endpoint+history"
"1818";"v16.2.5";"v16.2.15";"src/pybind/mgr/dashboard/frontend/src/app/ceph/block/rbd-form/rbd-form.model.ts";"";"M";"M";"6";"0";"FALSE";"100644";"100644";"36c7b5ea86950b41ee1a766fc7668b27fa59d23a";"262d79c95baec30e3398582c40f83700577cadf9";"7";"07-mgr-modules-monitoring";"P1";"runtime/source";"deep";"Chọn đọc sâu theo nhóm: implementation thuộc MGR, dashboard, module, metrics, alerts và monitoring.";"";"trivial";"";"Frontend, translation, fixture hoặc dependency churn đã được sàng lọc; không có causal chain runtime riêng ngoài các đường API/monitoring được ánh xạ.";"";"";"screened-endpoint+history"
"1819";"v16.2.5";"v16.2.15";"src/pybind/mgr/dashboard/frontend/src/app/ceph/block/rbd-list/rbd-list.component.html";"";"M";"M";"54";"2";"FALSE";"100644";"100644";"875814d57bc68f8daffe0e926b75f7e8d68b5107";"63f376962a065f9f1fe1b7f26fdbe3ad2550f754";"7";"07-mgr-modules-monitoring";"P1";"runtime/source";"deep";"Chọn đọc sâu theo nhóm: implementation thuộc MGR, dashboard, module, metrics, alerts và monitoring.";"";"trivial";"";"Frontend, translation, fixture hoặc dependency churn đã được sàng lọc; không có causal chain runtime riêng ngoài các đường API/monitoring được ánh xạ.";"";"";"screened-endpoint+history"
"1820";"v16.2.5";"v16.2.15";"src/pybind/mgr/dashboard/frontend/src/app/ceph/block/rbd-list/rbd-list.component.spec.ts";"";"M";"M";"93";"12";"FALSE";"100644";"100644";"ed898a2fcf2f84a4fd6008b3d87721a942d9c6a0";"fa7a772f02239654f975a54bbb6330c6dc8a5bce";"7";"07-mgr-modules-monitoring";"P1";"runtime/source";"deep";"Chọn đọc sâu theo nhóm: implementation thuộc MGR, dashboard, module, metrics, alerts và monitoring.";"";"trivial";"";"Frontend, translation, fixture hoặc dependency churn đã được sàng lọc; không có causal chain runtime riêng ngoài các đường API/monitoring được ánh xạ.";"";"";"screened-endpoint+history"
"1821";"v16.2.5";"v16.2.15";"src/pybind/mgr/dashboard/frontend/src/app/ceph/block/rbd-list/rbd-list.component.ts";"";"M";"M";"213";"30";"FALSE";"100644";"100644";"8bc297da62fd09d9394a427ff3e3b248ce100c3d";"bfef485bf25db2795841006b0fcd80edde3c7345";"7";"07-mgr-modules-monitoring";"P1";"runtime/source";"deep";"Chọn đọc sâu theo nhóm: implementation thuộc MGR, dashboard, module, metrics, alerts và monitoring.";"";"trivial";"";"Frontend, translation, fixture hoặc dependency churn đã được sàng lọc; không có causal chain runtime riêng ngoài các đường API/monitoring được ánh xạ.";"";"";"screened-endpoint+history"
"1822";"v16.2.5";"v16.2.15";"src/pybind/mgr/dashboard/frontend/src/app/ceph/block/rbd-namespace-form/rbd-namespace-form-modal.component.html";"";"M";"M";"1";"1";"FALSE";"100644";"100644";"debbf8643a3c2ebbae73f10efe6e20ade84ef719";"9d76cba095fe1ab068fdee146b44693053649443";"7";"07-mgr-modules-monitoring";"P1";"runtime/source";"deep";"Chọn đọc sâu theo nhóm: implementation thuộc MGR, dashboard, module, metrics, alerts và monitoring.";"";"trivial";"";"Frontend, translation, fixture hoặc dependency churn đã được sàng lọc; không có causal chain runtime riêng ngoài các đường API/monitoring được ánh xạ.";"";"";"screened-endpoint+history"
"1823";"v16.2.5";"v16.2.15";"src/pybind/mgr/dashboard/frontend/src/app/ceph/block/rbd-snapshot-form/rbd-snapshot-form-modal.component.html";"";"M";"M";"22";"3";"FALSE";"100644";"100644";"3b15b0aae69ec519f93526fa9ae0b0ff212dea35";"fb246a44451b10849378586cb82c5f17114db0fe";"7";"07-mgr-modules-monitoring";"P1";"runtime/source";"deep";"Chọn đọc sâu theo nhóm: implementation thuộc MGR, dashboard, module, metrics, alerts và monitoring.";"";"trivial";"";"Frontend, translation, fixture hoặc dependency churn đã được sàng lọc; không có causal chain runtime riêng ngoài các đường API/monitoring được ánh xạ.";"";"";"screened-endpoint+history"
"1824";"v16.2.5";"v16.2.15";"src/pybind/mgr/dashboard/frontend/src/app/ceph/block/rbd-snapshot-form/rbd-snapshot-form-modal.component.ts";"";"M";"M";"16";"3";"FALSE";"100644";"100644";"83296866c1af7a48be7da44969422493c719873f";"9fc5179e23b54932aba32aa85a1baac23c545b1b";"7";"07-mgr-modules-monitoring";"P1";"runtime/source";"deep";"Chọn đọc sâu theo nhóm: implementation thuộc MGR, dashboard, module, metrics, alerts và monitoring.";"";"trivial";"";"Frontend, translation, fixture hoặc dependency churn đã được sàng lọc; không có causal chain runtime riêng ngoài các đường API/monitoring được ánh xạ.";"";"";"screened-endpoint+history"
"1825";"v16.2.5";"v16.2.15";"src/pybind/mgr/dashboard/frontend/src/app/ceph/block/rbd-snapshot-list/rbd-snapshot-actions.model.ts";"";"M";"M";"27";"7";"FALSE";"100644";"100644";"01ea8cbdcdb049326b62212c05ad2194ae5c31b7";"cc0d61f91aa0720d63e933059b108cbe92390628";"7";"07-mgr-modules-monitoring";"P1";"runtime/source";"deep";"Chọn đọc sâu theo nhóm: implementation thuộc MGR, dashboard, module, metrics, alerts và monitoring.";"";"trivial";"";"Frontend, translation, fixture hoặc dependency churn đã được sàng lọc; không có causal chain runtime riêng ngoài các đường API/monitoring được ánh xạ.";"";"";"screened-endpoint+history"
"1826";"v16.2.5";"v16.2.15";"src/pybind/mgr/dashboard/frontend/src/app/ceph/block/rbd-snapshot-list/rbd-snapshot-list.component.ts";"";"M";"M";"6";"1";"FALSE";"100644";"100644";"6a8be5b134a25b45d391047255c2b2ac159bf62f";"df66b0e8842ae01dd96e61d657e635cbbc8626c4";"7";"07-mgr-modules-monitoring";"P1";"runtime/source";"deep";"Chọn đọc sâu theo nhóm: implementation thuộc MGR, dashboard, module, metrics, alerts và monitoring.";"";"trivial";"";"Frontend, translation, fixture hoặc dependency churn đã được sàng lọc; không có causal chain runtime riêng ngoài các đường API/monitoring được ánh xạ.";"";"";"screened-endpoint+history"
"1827";"v16.2.5";"v16.2.15";"src/pybind/mgr/dashboard/frontend/src/app/ceph/block/rbd-trash-purge-modal/rbd-trash-purge-modal.component.html";"";"M";"M";"1";"1";"FALSE";"100644";"100644";"6acbbb08622e5f27b51a2f629c3631739d85cadf";"7c761f8f48e0f2cbbafdaf0d708ece96cb0ecb9e";"7";"07-mgr-modules-monitoring";"P1";"runtime/source";"deep";"Chọn đọc sâu theo nhóm: implementation thuộc MGR, dashboard, module, metrics, alerts và monitoring.";"";"trivial";"";"Frontend, translation, fixture hoặc dependency churn đã được sàng lọc; không có causal chain runtime riêng ngoài các đường API/monitoring được ánh xạ.";"";"";"screened-endpoint+history"
"1828";"v16.2.5";"v16.2.15";"src/pybind/mgr/dashboard/frontend/src/app/ceph/cephfs/cephfs-directories/cephfs-directories.component.spec.ts";"";"M";"M";"34";"0";"FALSE";"100644";"100644";"c8f6c22a14b9a093ae846e1de101d99732cbf883";"3a43ac5c77dc2e2b7dcc29df9410fb8caf552570";"7";"07-mgr-modules-monitoring";"P1";"runtime/source";"deep";"Chọn đọc sâu theo nhóm: implementation thuộc MGR, dashboard, module, metrics, alerts và monitoring.";"";"trivial";"";"Frontend, translation, fixture hoặc dependency churn đã được sàng lọc; không có causal chain runtime riêng ngoài các đường API/monitoring được ánh xạ.";"";"";"screened-endpoint+history"
"1829";"v16.2.5";"v16.2.15";"src/pybind/mgr/dashboard/frontend/src/app/ceph/cephfs/cephfs-directories/cephfs-directories.component.ts";"";"M";"M";"32";"8";"FALSE";"100644";"100644";"498f63e8e8cb9cadd3ac559e215353a12e7d0f5e";"4ae8a159a0559111fa49c1f3164772733f58cfcd";"7";"07-mgr-modules-monitoring";"P1";"runtime/source";"deep";"Chọn đọc sâu theo nhóm: implementation thuộc MGR, dashboard, module, metrics, alerts và monitoring.";"";"trivial";"";"Frontend, translation, fixture hoặc dependency churn đã được sàng lọc; không có causal chain runtime riêng ngoài các đường API/monitoring được ánh xạ.";"";"";"screened-endpoint+history"
"1830";"v16.2.5";"v16.2.15";"src/pybind/mgr/dashboard/frontend/src/app/ceph/cluster/cluster.module.ts";"";"M";"M";"8";"3";"FALSE";"100644";"100644";"cc58c38b8dc9c8cdaf6cf0081913a727465bed69";"610bb79baebc781eea8a1f2e4f78a40b04ea007d";"7";"07-mgr-modules-monitoring";"P1";"runtime/source";"deep";"Chọn đọc sâu theo nhóm: implementation thuộc MGR, dashboard, module, metrics, alerts và monitoring.";"";"trivial";"";"Frontend, translation, fixture hoặc dependency churn đã được sàng lọc; không có causal chain runtime riêng ngoài các đường API/monitoring được ánh xạ.";"";"";"screened-endpoint+history"
"1831";"v16.2.5";"v16.2.15";"src/pybind/mgr/dashboard/frontend/src/app/ceph/cluster/configuration/configuration-form/configuration-form.component.html";"";"M";"M";"1";"1";"FALSE";"100644";"100644";"27225e5b0e04387b3da1c1e50dcc43d632671b2d";"72c71794257f008100d7b8399d8979ce7f239432";"7";"07-mgr-modules-monitoring";"P1";"runtime/source";"deep";"Chọn đọc sâu theo nhóm: implementation thuộc MGR, dashboard, module, metrics, alerts và monitoring.";"";"trivial";"";"Frontend, translation, fixture hoặc dependency churn đã được sàng lọc; không có causal chain runtime riêng ngoài các đường API/monitoring được ánh xạ.";"";"";"screened-endpoint+history"
"1832";"v16.2.5";"v16.2.15";"src/pybind/mgr/dashboard/frontend/src/app/ceph/cluster/create-cluster/create-cluster-review.component.html";"";"A";"A";"52";"0";"FALSE";"0";"100644";"0";"750fef894fb9508756adb17bdd58e8236956f97e";"7";"07-mgr-modules-monitoring";"P1";"runtime/source";"deep";"Chọn đọc sâu theo nhóm: implementation thuộc MGR, dashboard, module, metrics, alerts và monitoring.";"";"trivial";"";"Frontend, translation, fixture hoặc dependency churn đã được sàng lọc; không có causal chain runtime riêng ngoài các đường API/monitoring được ánh xạ.";"";"";"screened-endpoint+history"
"1833";"v16.2.5";"v16.2.15";"src/pybind/mgr/dashboard/frontend/src/app/ceph/cluster/create-cluster/create-cluster-review.component.scss";"";"A";"A";"5";"0";"FALSE";"0";"100644";"0";"beecca09671623526c4f815482e7e0f5de251827";"7";"07-mgr-modules-monitoring";"P1";"runtime/source";"deep";"Chọn đọc sâu theo nhóm: implementation thuộc MGR, dashboard, module, metrics, alerts và monitoring.";"";"trivial";"";"Frontend, translation, fixture hoặc dependency churn đã được sàng lọc; không có causal chain runtime riêng ngoài các đường API/monitoring được ánh xạ.";"";"";"screened-endpoint+history"
"1834";"v16.2.5";"v16.2.15";"src/pybind/mgr/dashboard/frontend/src/app/ceph/cluster/create-cluster/create-cluster-review.component.spec.ts";"";"A";"A";"29";"0";"FALSE";"0";"100644";"0";"94d3dd9d69d10b63a4c7c48dd0e3eb3cbae726d5";"7";"07-mgr-modules-monitoring";"P1";"runtime/source";"deep";"Chọn đọc sâu theo nhóm: implementation thuộc MGR, dashboard, module, metrics, alerts và monitoring.";"";"trivial";"";"Frontend, translation, fixture hoặc dependency churn đã được sàng lọc; không có causal chain runtime riêng ngoài các đường API/monitoring được ánh xạ.";"";"";"screened-endpoint+history"
"1835";"v16.2.5";"v16.2.15";"src/pybind/mgr/dashboard/frontend/src/app/ceph/cluster/create-cluster/create-cluster-review.component.ts";"";"A";"A";"72";"0";"FALSE";"0";"100644";"0";"4490b4e441c9942188ef417a13b755c36a0f661c";"7";"07-mgr-modules-monitoring";"P1";"runtime/source";"deep";"Chọn đọc sâu theo nhóm: implementation thuộc MGR, dashboard, module, metrics, alerts và monitoring.";"";"trivial";"";"Frontend, translation, fixture hoặc dependency churn đã được sàng lọc; không có causal chain runtime riêng ngoài các đường API/monitoring được ánh xạ.";"";"";"screened-endpoint+history"
"1836";"v16.2.5";"v16.2.15";"src/pybind/mgr/dashboard/frontend/src/app/ceph/cluster/create-cluster/create-cluster.component.html";"";"A";"A";"103";"0";"FALSE";"0";"100644";"0";"379d07d2c526ba360e335dafd5f2528861915fcc";"7";"07-mgr-modules-monitoring";"P1";"runtime/source";"deep";"Chọn đọc sâu theo nhóm: implementation thuộc MGR, dashboard, module, metrics, alerts và monitoring.";"";"trivial";"";"Frontend, translation, fixture hoặc dependency churn đã được sàng lọc; không có causal chain runtime riêng ngoài các đường API/monitoring được ánh xạ.";"";"";"screened-endpoint+history"
"1837";"v16.2.5";"v16.2.15";"src/pybind/mgr/dashboard/frontend/src/app/ceph/cluster/create-cluster/create-cluster.component.scss";"";"A";"A";"22";"0";"FALSE";"0";"100644";"0";"313f3193bfbabe24f1b02b38c75fbf866f70dc45";"7";"07-mgr-modules-monitoring";"P1";"runtime/source";"deep";"Chọn đọc sâu theo nhóm: implementation thuộc MGR, dashboard, module, metrics, alerts và monitoring.";"";"trivial";"";"Frontend, translation, fixture hoặc dependency churn đã được sàng lọc; không có causal chain runtime riêng ngoài các đường API/monitoring được ánh xạ.";"";"";"screened-endpoint+history"
"1838";"v16.2.5";"v16.2.15";"src/pybind/mgr/dashboard/frontend/src/app/ceph/cluster/create-cluster/create-cluster.component.spec.ts";"";"A";"A";"178";"0";"FALSE";"0";"100644";"0";"ca3435536067b50c06456f115bd3c0cc0e6da96f";"7";"07-mgr-modules-monitoring";"P1";"runtime/source";"deep";"Chọn đọc sâu theo nhóm: implementation thuộc MGR, dashboard, module, metrics, alerts và monitoring.";"";"trivial";"";"Frontend, translation, fixture hoặc dependency churn đã được sàng lọc; không có causal chain runtime riêng ngoài các đường API/monitoring được ánh xạ.";"";"";"screened-endpoint+history"
"1839";"v16.2.5";"v16.2.15";"src/pybind/mgr/dashboard/frontend/src/app/ceph/cluster/create-cluster/create-cluster.component.ts";"";"A";"A";"246";"0";"FALSE";"0";"100644";"0";"dc455ca0629aa6a8813449c540cd6bd03b50db34";"7";"07-mgr-modules-monitoring";"P1";"runtime/source";"deep";"Chọn đọc sâu theo nhóm: implementation thuộc MGR, dashboard, module, metrics, alerts và monitoring.";"";"trivial";"";"Frontend, translation, fixture hoặc dependency churn đã được sàng lọc; không có causal chain runtime riêng ngoài các đường API/monitoring được ánh xạ.";"";"";"screened-endpoint+history"
"1840";"v16.2.5";"v16.2.15";"src/pybind/mgr/dashboard/frontend/src/app/ceph/cluster/hosts/host-details/host-details.component.html";"";"M";"M";"3";"2";"FALSE";"100644";"100644";"55966e9ed20995ee91bcd654b7f719bb3492d63c";"a138768c351f4328a71b396ebf63996b0d4cf976";"7";"07-mgr-modules-monitoring";"P1";"runtime/source";"deep";"Chọn đọc sâu theo nhóm: implementation thuộc MGR, dashboard, module, metrics, alerts và monitoring.";"";"trivial";"";"Frontend, translation, fixture hoặc dependency churn đã được sàng lọc; không có causal chain runtime riêng ngoài các đường API/monitoring được ánh xạ.";"";"";"screened-endpoint+history"
"1841";"v16.2.5";"v16.2.15";"src/pybind/mgr/dashboard/frontend/src/app/ceph/cluster/hosts/host-details/host-details.component.spec.ts";"";"M";"M";"1";"1";"FALSE";"100644";"100644";"09e29e289804c4b6dd7bdf79608c3bcadad2c956";"8d632cc2bd3fa867d1f0984f2035d7c3d8830c4a";"7";"07-mgr-modules-monitoring";"P1";"runtime/source";"deep";"Chọn đọc sâu theo nhóm: implementation thuộc MGR, dashboard, module, metrics, alerts và monitoring.";"";"trivial";"";"Frontend, translation, fixture hoặc dependency churn đã được sàng lọc; không có causal chain runtime riêng ngoài các đường API/monitoring được ánh xạ.";"";"";"screened-endpoint+history"
"1842";"v16.2.5";"v16.2.15";"src/pybind/mgr/dashboard/frontend/src/app/ceph/cluster/hosts/host-form/host-form.component.html";"";"M";"M";"95";"78";"FALSE";"100644";"100644";"2296d7ddae847db80191672d4a83d11315fa6fce";"af09b9a4fefa6e68115fb829f0f86d27a9dcbe5a";"7";"07-mgr-modules-monitoring";"P1";"runtime/source";"deep";"Chọn đọc sâu theo nhóm: implementation thuộc MGR, dashboard, module, metrics, alerts và monitoring.";"";"trivial";"";"Frontend, translation, fixture hoặc dependency churn đã được sàng lọc; không có causal chain runtime riêng ngoài các đường API/monitoring được ánh xạ.";"";"";"screened-endpoint+history"
"1843";"v16.2.5";"v16.2.15";"src/pybind/mgr/dashboard/frontend/src/app/ceph/cluster/hosts/host-form/host-form.component.spec.ts";"";"M";"M";"93";"1";"FALSE";"100644";"100644";"dbb834ea8c82cc7fa37ef6b0ac829638e09386db";"ed85d96cb1baba33e1ebf5bd546c214df46c24e4";"7";"07-mgr-modules-monitoring";"P1";"runtime/source";"deep";"Chọn đọc sâu theo nhóm: implementation thuộc MGR, dashboard, module, metrics, alerts và monitoring.";"";"trivial";"";"Frontend, translation, fixture hoặc dependency churn đã được sàng lọc; không có causal chain runtime riêng ngoài các đường API/monitoring được ánh xạ.";"";"";"screened-endpoint+history"
"1844";"v16.2.5";"v16.2.15";"src/pybind/mgr/dashboard/frontend/src/app/ceph/cluster/hosts/host-form/host-form.component.ts";"";"M";"M";"98";"20";"FALSE";"100644";"100644";"b90312ff855f2f305904961cea58fc9139ffdae4";"9031ca5f78ad08c992d6c2684dad18b8dc179b54";"7";"07-mgr-modules-monitoring";"P1";"runtime/source";"deep";"Chọn đọc sâu theo nhóm: implementation thuộc MGR, dashboard, module, metrics, alerts và monitoring.";"";"trivial";"";"Frontend, translation, fixture hoặc dependency churn đã được sàng lọc; không có causal chain runtime riêng ngoài các đường API/monitoring được ánh xạ.";"";"";"screened-endpoint+history"
"1845";"v16.2.5";"v16.2.15";"src/pybind/mgr/dashboard/frontend/src/app/ceph/cluster/hosts/hosts.component.html";"";"M";"M";"21";"12";"FALSE";"100644";"100644";"f31adf9e5c0e79bc21bb172c3ce629c23f9f105a";"b41ecfa8663302264a2a0246701838930040d36f";"7";"07-mgr-modules-monitoring";"P1";"runtime/source";"deep";"Chọn đọc sâu theo nhóm: implementation thuộc MGR, dashboard, module, metrics, alerts và monitoring.";"";"trivial";"";"Frontend, translation, fixture hoặc dependency churn đã được sàng lọc; không có causal chain runtime riêng ngoài các đường API/monitoring được ánh xạ.";"";"";"screened-endpoint+history"
"1846";"v16.2.5";"v16.2.15";"src/pybind/mgr/dashboard/frontend/src/app/ceph/cluster/hosts/hosts.component.spec.ts";"";"M";"M";"168";"32";"FALSE";"100644";"100644";"c92188ed054114173bd6733ec855d6cdea4fce55";"5fce54fbb155343d74c0358eb512bd7e02faabb2";"7";"07-mgr-modules-monitoring";"P1";"runtime/source";"deep";"Chọn đọc sâu theo nhóm: implementation thuộc MGR, dashboard, module, metrics, alerts và monitoring.";"";"trivial";"";"Frontend, translation, fixture hoặc dependency churn đã được sàng lọc; không có causal chain runtime riêng ngoài các đường API/monitoring được ánh xạ.";"";"";"screened-endpoint+history"
"1847";"v16.2.5";"v16.2.15";"src/pybind/mgr/dashboard/frontend/src/app/ceph/cluster/hosts/hosts.component.ts";"";"M";"M";"243";"64";"FALSE";"100644";"100644";"e4f042699eb39d396b45d6dbbbc3c8e2766b09f3";"85c84833245b5d09f838f83b8b982f5df1c7d498";"7";"07-mgr-modules-monitoring";"P1";"runtime/source";"deep";"Chọn đọc sâu theo nhóm: implementation thuộc MGR, dashboard, module, metrics, alerts và monitoring.";"";"trivial";"";"Frontend, translation, fixture hoặc dependency churn đã được sàng lọc; không có causal chain runtime riêng ngoài các đường API/monitoring được ánh xạ.";"";"";"screened-endpoint+history"
"1848";"v16.2.5";"v16.2.15";"src/pybind/mgr/dashboard/frontend/src/app/ceph/cluster/inventory/inventory-devices/inventory-devices.component.html";"";"M";"M";"1";"1";"FALSE";"100644";"100644";"244bd8162cf4d597eb99884f2bb9fb56ae07677b";"54cee708d263407cc9e365d33e444f558a089781";"7";"07-mgr-modules-monitoring";"P1";"runtime/source";"deep";"Chọn đọc sâu theo nhóm: implementation thuộc MGR, dashboard, module, metrics, alerts và monitoring.";"";"trivial";"";"Frontend, translation, fixture hoặc dependency churn đã được sàng lọc; không có causal chain runtime riêng ngoài các đường API/monitoring được ánh xạ.";"";"";"screened-endpoint+history"
"1849";"v16.2.5";"v16.2.15";"src/pybind/mgr/dashboard/frontend/src/app/ceph/cluster/inventory/inventory-devices/inventory-devices.component.spec.ts";"";"M";"M";"12";"0";"FALSE";"100644";"100644";"5fce0381cd2a5c51c2d3b3ae2c9458a80d79aa0f";"29a3ece96d8ae6c695283f5ea3610ef9d368ede9";"7";"07-mgr-modules-monitoring";"P1";"runtime/source";"deep";"Chọn đọc sâu theo nhóm: implementation thuộc MGR, dashboard, module, metrics, alerts và monitoring.";"";"trivial";"";"Frontend, translation, fixture hoặc dependency churn đã được sàng lọc; không có causal chain runtime riêng ngoài các đường API/monitoring được ánh xạ.";"";"";"screened-endpoint+history"
"1850";"v16.2.5";"v16.2.15";"src/pybind/mgr/dashboard/frontend/src/app/ceph/cluster/inventory/inventory-devices/inventory-devices.component.ts";"";"M";"M";"29";"0";"FALSE";"100644";"100644";"fa778d5b4f29bbb49e0c5195cb728df0c2fbdb40";"0ef0449c48126dfd762e57b02b3b3ca5970ef278";"7";"07-mgr-modules-monitoring";"P1";"runtime/source";"deep";"Chọn đọc sâu theo nhóm: implementation thuộc MGR, dashboard, module, metrics, alerts và monitoring.";"";"trivial";"";"Frontend, translation, fixture hoặc dependency churn đã được sàng lọc; không có causal chain runtime riêng ngoài các đường API/monitoring được ánh xạ.";"";"";"screened-endpoint+history"
"1851";"v16.2.5";"v16.2.15";"src/pybind/mgr/dashboard/frontend/src/app/ceph/cluster/inventory/inventory.component.spec.ts";"";"M";"M";"3";"4";"FALSE";"100644";"100644";"da24403dee1e11895eb81de93385a1c6e8eaf0c8";"dd60f7959fd9d1eac78772a5812ecd044302dcc0";"7";"07-mgr-modules-monitoring";"P1";"runtime/source";"deep";"Chọn đọc sâu theo nhóm: implementation thuộc MGR, dashboard, module, metrics, alerts và monitoring.";"";"trivial";"";"Frontend, translation, fixture hoặc dependency churn đã được sàng lọc; không có causal chain runtime riêng ngoài các đường API/monitoring được ánh xạ.";"";"";"screened-endpoint+history"
"1852";"v16.2.5";"v16.2.15";"src/pybind/mgr/dashboard/frontend/src/app/ceph/cluster/logs/logs.component.html";"";"M";"M";"5";"3";"FALSE";"100644";"100644";"ec56d3f25dcaa90f458aaedbcc5b4bccec5aef56";"dd55a678fb19614aaa5fae3d75eace193ce3d774";"7";"07-mgr-modules-monitoring";"P1";"runtime/source";"deep";"Chọn đọc sâu theo nhóm: implementation thuộc MGR, dashboard, module, metrics, alerts và monitoring.";"";"trivial";"";"Frontend, translation, fixture hoặc dependency churn đã được sàng lọc; không có causal chain runtime riêng ngoài các đường API/monitoring được ánh xạ.";"";"";"screened-endpoint+history"
"1853";"v16.2.5";"v16.2.15";"src/pybind/mgr/dashboard/frontend/src/app/ceph/cluster/logs/logs.component.ts";"";"M";"M";"1";"2";"FALSE";"100644";"100644";"04375b1ef7c9606141f7b7fc966549ead13c9c28";"420da495891425d34954fdf15fd215c22903978e";"7";"07-mgr-modules-monitoring";"P1";"runtime/source";"deep";"Chọn đọc sâu theo nhóm: implementation thuộc MGR, dashboard, module, metrics, alerts và monitoring.";"";"trivial";"";"Frontend, translation, fixture hoặc dependency churn đã được sàng lọc; không có causal chain runtime riêng ngoài các đường API/monitoring được ánh xạ.";"";"";"screened-endpoint+history"
"1854";"v16.2.5";"v16.2.15";"src/pybind/mgr/dashboard/frontend/src/app/ceph/cluster/mgr-modules/mgr-module-form/mgr-module-form.component.html";"";"M";"M";"1";"1";"FALSE";"100644";"100644";"89cb7b4d7ee02fe9c3ceef35f8b60ac5bbe12775";"b952ce8d8a7c3bf31dad04639fa36596dc977dd5";"7";"07-mgr-modules-monitoring";"P1";"runtime/source";"deep";"Chọn đọc sâu theo nhóm: implementation thuộc MGR, dashboard, module, metrics, alerts và monitoring.";"";"trivial";"";"Frontend, translation, fixture hoặc dependency churn đã được sàng lọc; không có causal chain runtime riêng ngoài các đường API/monitoring được ánh xạ.";"";"";"screened-endpoint+history"
"1855";"v16.2.5";"v16.2.15";"src/pybind/mgr/dashboard/frontend/src/app/ceph/cluster/mgr-modules/mgr-module-form/mgr-module-form.component.spec.ts";"";"M";"M";"2";"18";"FALSE";"100644";"100644";"40fa8b964361af38e9ca6f13e602768289f720d4";"f8c139bc9ce617adbaed683d22f419700defd786";"7";"07-mgr-modules-monitoring";"P1";"runtime/source";"deep";"Chọn đọc sâu theo nhóm: implementation thuộc MGR, dashboard, module, metrics, alerts và monitoring.";"";"trivial";"";"Frontend, translation, fixture hoặc dependency churn đã được sàng lọc; không có causal chain runtime riêng ngoài các đường API/monitoring được ánh xạ.";"";"";"screened-endpoint+history"
"1856";"v16.2.5";"v16.2.15";"src/pybind/mgr/dashboard/frontend/src/app/ceph/cluster/mgr-modules/mgr-module-form/mgr-module-form.component.ts";"";"M";"M";"0";"7";"FALSE";"100644";"100644";"c40af28031e4fe8afb8f50a366d3609c1b11b2a9";"ef44df970e17801e03c426b5c65b634c782034e7";"7";"07-mgr-modules-monitoring";"P1";"runtime/source";"deep";"Chọn đọc sâu theo nhóm: implementation thuộc MGR, dashboard, module, metrics, alerts và monitoring.";"";"trivial";"";"Frontend, translation, fixture hoặc dependency churn đã được sàng lọc; không có causal chain runtime riêng ngoài các đường API/monitoring được ánh xạ.";"";"";"screened-endpoint+history"
"1857";"v16.2.5";"v16.2.15";"src/pybind/mgr/dashboard/frontend/src/app/ceph/cluster/osd/osd-creation-preview-modal/osd-creation-preview-modal.component.ts";"";"M";"M";"3";"2";"FALSE";"100644";"100644";"979dcc3411fb55ed59b1e2f75107fb4cd3e167ee";"3e1b0f067c47aae60ceeecb207bac3fe670de3fe";"7";"07-mgr-modules-monitoring";"P1";"runtime/source";"deep";"Chọn đọc sâu theo nhóm: implementation thuộc MGR, dashboard, module, metrics, alerts và monitoring.";"";"trivial";"";"Frontend, translation, fixture hoặc dependency churn đã được sàng lọc; không có causal chain runtime riêng ngoài các đường API/monitoring được ánh xạ.";"";"";"screened-endpoint+history"
"1858";"v16.2.5";"v16.2.15";"src/pybind/mgr/dashboard/frontend/src/app/ceph/cluster/osd/osd-details/osd-details.component.html";"";"M";"M";"3";"1";"FALSE";"100644";"100644";"bd85e2255689ba1291f3afaabb36d229b8b01289";"8761453a9d5931d8278541f4916226fb140ee4a2";"7";"07-mgr-modules-monitoring";"P1";"runtime/source";"deep";"Chọn đọc sâu theo nhóm: implementation thuộc MGR, dashboard, module, metrics, alerts và monitoring.";"";"trivial";"";"Frontend, translation, fixture hoặc dependency churn đã được sàng lọc; không có causal chain runtime riêng ngoài các đường API/monitoring được ánh xạ.";"";"";"screened-endpoint+history"
"1859";"v16.2.5";"v16.2.15";"src/pybind/mgr/dashboard/frontend/src/app/ceph/cluster/osd/osd-devices-selection-groups/osd-devices-selection-groups.component.html";"";"M";"M";"1";"1";"FALSE";"100644";"100644";"bfbf3dcf143b426318cc5535e9d56b763b5ffe5e";"8b1f59eac371c922d991abbe2cac964936dff1f9";"7";"07-mgr-modules-monitoring";"P1";"runtime/source";"deep";"Chọn đọc sâu theo nhóm: implementation thuộc MGR, dashboard, module, metrics, alerts và monitoring.";"";"trivial";"";"Frontend, translation, fixture hoặc dependency churn đã được sàng lọc; không có causal chain runtime riêng ngoài các đường API/monitoring được ánh xạ.";"";"";"screened-endpoint+history"
"1860";"v16.2.5";"v16.2.15";"src/pybind/mgr/dashboard/frontend/src/app/ceph/cluster/osd/osd-devices-selection-groups/osd-devices-selection-groups.component.spec.ts";"";"M";"M";"5";"1";"FALSE";"100644";"100644";"0d9250000616cfc69c9c50946170b8bcbc7517d4";"dea6746cf95125511231bcc1f3722b3f078f08eb";"7";"07-mgr-modules-monitoring";"P1";"runtime/source";"deep";"Chọn đọc sâu theo nhóm: implementation thuộc MGR, dashboard, module, metrics, alerts và monitoring.";"";"trivial";"";"Frontend, translation, fixture hoặc dependency churn đã được sàng lọc; không có causal chain runtime riêng ngoài các đường API/monitoring được ánh xạ.";"";"";"screened-endpoint+history"
"1861";"v16.2.5";"v16.2.15";"src/pybind/mgr/dashboard/frontend/src/app/ceph/cluster/osd/osd-devices-selection-groups/osd-devices-selection-groups.component.ts";"";"M";"M";"41";"6";"FALSE";"100644";"100644";"bbeb8b0f0cee3891db3ec9504f60bb19a191a1cc";"6c5cf52f6f53dc282db7f364a4033432f3b62372";"7";"07-mgr-modules-monitoring";"P1";"runtime/source";"deep";"Chọn đọc sâu theo nhóm: implementation thuộc MGR, dashboard, module, metrics, alerts và monitoring.";"";"trivial";"";"Frontend, translation, fixture hoặc dependency churn đã được sàng lọc; không có causal chain runtime riêng ngoài các đường API/monitoring được ánh xạ.";"";"";"screened-endpoint+history"
"1862";"v16.2.5";"v16.2.15";"src/pybind/mgr/dashboard/frontend/src/app/ceph/cluster/osd/osd-devices-selection-modal/osd-devices-selection-modal.component.html";"";"M";"M";"2";"0";"FALSE";"100644";"100644";"30effc21b53e2baa84ec6dd6ed2309a2ed80b69d";"2a4344944c46c7983a4efcfe0c3d6bd00858f6f8";"7";"07-mgr-modules-monitoring";"P1";"runtime/source";"deep";"Chọn đọc sâu theo nhóm: implementation thuộc MGR, dashboard, module, metrics, alerts và monitoring.";"";"trivial";"";"Frontend, translation, fixture hoặc dependency churn đã được sàng lọc; không có causal chain runtime riêng ngoài các đường API/monitoring được ánh xạ.";"";"";"screened-endpoint+history"
"1863";"v16.2.5";"v16.2.15";"src/pybind/mgr/dashboard/frontend/src/app/ceph/cluster/osd/osd-devices-selection-modal/osd-devices-selection-modal.component.ts";"";"M";"M";"14";"2";"FALSE";"100644";"100644";"fe77a4fe4d8a04d3305d47f110b214891150dcf8";"f3ed46227bc226e0c90251958bb826764c1332fa";"7";"07-mgr-modules-monitoring";"P1";"runtime/source";"deep";"Chọn đọc sâu theo nhóm: implementation thuộc MGR, dashboard, module, metrics, alerts và monitoring.";"";"trivial";"";"Frontend, translation, fixture hoặc dependency churn đã được sàng lọc; không có causal chain runtime riêng ngoài các đường API/monitoring được ánh xạ.";"";"";"screened-endpoint+history"
"1864";"v16.2.5";"v16.2.15";"src/pybind/mgr/dashboard/frontend/src/app/ceph/cluster/osd/osd-flags-indiv-modal/osd-flags-indiv-modal.component.spec.ts";"";"M";"M";"3";"1";"FALSE";"100644";"100644";"e85223c80e39ce950830871a5f9f6eddeb036f6f";"93c9e9adcbbf0484aeed02dfb40905a5eb7bf6e1";"7";"07-mgr-modules-monitoring";"P1";"runtime/source";"deep";"Chọn đọc sâu theo nhóm: implementation thuộc MGR, dashboard, module, metrics, alerts và monitoring.";"";"trivial";"";"Frontend, translation, fixture hoặc dependency churn đã được sàng lọc; không có causal chain runtime riêng ngoài các đường API/monitoring được ánh xạ.";"";"";"screened-endpoint+history"
"1865";"v16.2.5";"v16.2.15";"src/pybind/mgr/dashboard/frontend/src/app/ceph/cluster/osd/osd-form/osd-form.component.html";"";"M";"M";"191";"110";"FALSE";"100644";"100644";"0f1a5de6dee88d291c0743e2194b7a14012f64a6";"12279246a99eedecf2220bc2e08517f59cda80d9";"7";"07-mgr-modules-monitoring";"P1";"runtime/source";"deep";"Chọn đọc sâu theo nhóm: implementation thuộc MGR, dashboard, module, metrics, alerts và monitoring.";"";"trivial";"";"Frontend, translation, fixture hoặc dependency churn đã được sàng lọc; không có causal chain runtime riêng ngoài các đường API/monitoring được ánh xạ.";"";"";"screened-endpoint+history"
"1866";"v16.2.5";"v16.2.15";"src/pybind/mgr/dashboard/frontend/src/app/ceph/cluster/osd/osd-form/osd-form.component.spec.ts";"";"M";"M";"86";"2";"FALSE";"100644";"100644";"2044b084c7aac81ea02ec1a82828278c74a2c3f7";"725fc953fbb6c6d1cbe25f048cd37b9cdb2242a1";"7";"07-mgr-modules-monitoring";"P1";"runtime/source";"deep";"Chọn đọc sâu theo nhóm: implementation thuộc MGR, dashboard, module, metrics, alerts và monitoring.";"";"trivial";"";"Frontend, translation, fixture hoặc dependency churn đã được sàng lọc; không có causal chain runtime riêng ngoài các đường API/monitoring được ánh xạ.";"";"";"screened-endpoint+history"
"1867";"v16.2.5";"v16.2.15";"src/pybind/mgr/dashboard/frontend/src/app/ceph/cluster/osd/osd-form/osd-form.component.ts";"";"M";"M";"91";"21";"FALSE";"100644";"100644";"7b6c44742a75684c5eaabc7252341bfe64bf68ce";"e2085548f0f51e8afe844a3c0b610c0345e0c827";"7";"07-mgr-modules-monitoring";"P1";"runtime/source";"deep";"Chọn đọc sâu theo nhóm: implementation thuộc MGR, dashboard, module, metrics, alerts và monitoring.";"";"trivial";"";"Frontend, translation, fixture hoặc dependency churn đã được sàng lọc; không có causal chain runtime riêng ngoài các đường API/monitoring được ánh xạ.";"";"";"screened-endpoint+history"
"1868";"v16.2.5";"v16.2.15";"src/pybind/mgr/dashboard/frontend/src/app/ceph/cluster/osd/osd-list/osd-list.component.html";"";"M";"M";"44";"5";"FALSE";"100644";"100644";"9f4f3e2152cf4067322cb6e23ebe89a68a25b2f6";"c1c1894d744ab62dc7cd022c469a281681eec87c";"7";"07-mgr-modules-monitoring";"P1";"runtime/source";"deep";"Chọn đọc sâu theo nhóm: implementation thuộc MGR, dashboard, module, metrics, alerts và monitoring.";"";"trivial";"";"Frontend, translation, fixture hoặc dependency churn đã được sàng lọc; không có causal chain runtime riêng ngoài các đường API/monitoring được ánh xạ.";"";"";"screened-endpoint+history"
"1869";"v16.2.5";"v16.2.15";"src/pybind/mgr/dashboard/frontend/src/app/ceph/cluster/osd/osd-list/osd-list.component.ts";"";"M";"M";"13";"0";"FALSE";"100644";"100644";"45dc840655ddd727c3bd12f4e85389114e56a2aa";"ec8268d8b040550cdd8e5182a7faa6ec560e5098";"7";"07-mgr-modules-monitoring";"P1";"runtime/source";"deep";"Chọn đọc sâu theo nhóm: implementation thuộc MGR, dashboard, module, metrics, alerts và monitoring.";"";"trivial";"";"Frontend, translation, fixture hoặc dependency churn đã được sàng lọc; không có causal chain runtime riêng ngoài các đường API/monitoring được ánh xạ.";"";"";"screened-endpoint+history"
"1870";"v16.2.5";"v16.2.15";"src/pybind/mgr/dashboard/frontend/src/app/ceph/cluster/osd/osd-pg-scrub-modal/osd-pg-scrub-modal.component.html";"";"M";"M";"1";"1";"FALSE";"100644";"100644";"841f41b575a6d9c2ddb581b8d234c7d44a579cc3";"fa263672246a803cc4e834f2f2e5ffb96df75476";"7";"07-mgr-modules-monitoring";"P1";"runtime/source";"deep";"Chọn đọc sâu theo nhóm: implementation thuộc MGR, dashboard, module, metrics, alerts và monitoring.";"";"trivial";"";"Frontend, translation, fixture hoặc dependency churn đã được sàng lọc; không có causal chain runtime riêng ngoài các đường API/monitoring được ánh xạ.";"";"";"screened-endpoint+history"
"1871";"v16.2.5";"v16.2.15";"src/pybind/mgr/dashboard/frontend/src/app/ceph/cluster/osd/osd-recv-speed-modal/osd-recv-speed-modal.component.html";"";"M";"M";"1";"1";"FALSE";"100755";"100755";"6544872726ea2c0f765fd627077507c80b41600a";"eb54c82f50d3d16ae97a6fcb7c7ae9ff50c3abbe";"7";"07-mgr-modules-monitoring";"P1";"runtime/source";"deep";"Chọn đọc sâu theo nhóm: implementation thuộc MGR, dashboard, module, metrics, alerts và monitoring.";"";"trivial";"";"Frontend, translation, fixture hoặc dependency churn đã được sàng lọc; không có causal chain runtime riêng ngoài các đường API/monitoring được ánh xạ.";"";"";"screened-endpoint+history"
"1872";"v16.2.5";"v16.2.15";"src/pybind/mgr/dashboard/frontend/src/app/ceph/cluster/osd/osd-reweight-modal/osd-reweight-modal.component.ts";"";"M";"M";"1";"5";"FALSE";"100644";"100644";"d101079776e0dd8bd34230ab9004de4454e12b82";"acbdb2d8ff5f357486d186a26f9e28679b6ec891";"7";"07-mgr-modules-monitoring";"P1";"runtime/source";"deep";"Chọn đọc sâu theo nhóm: implementation thuộc MGR, dashboard, module, metrics, alerts và monitoring.";"";"trivial";"";"Frontend, translation, fixture hoặc dependency churn đã được sàng lọc; không có causal chain runtime riêng ngoài các đường API/monitoring được ánh xạ.";"";"";"screened-endpoint+history"
"1873";"v16.2.5";"v16.2.15";"src/pybind/mgr/dashboard/frontend/src/app/ceph/cluster/prometheus/rules-list/rules-list.component.html";"";"M";"M";"3";"2";"FALSE";"100644";"100644";"0066784a86409b49fa0cc617c5717ce9b7ed6e9e";"4ae7e8a31b33d37306dbd9b7ca66b4183db55904";"7";"07-mgr-modules-monitoring";"P1";"runtime/source";"deep";"Chọn đọc sâu theo nhóm: implementation thuộc MGR, dashboard, module, metrics, alerts và monitoring.";"";"trivial";"";"Frontend, translation, fixture hoặc dependency churn đã được sàng lọc; không có causal chain runtime riêng ngoài các đường API/monitoring được ánh xạ.";"";"";"screened-endpoint+history"
"1874";"v16.2.5";"v16.2.15";"src/pybind/mgr/dashboard/frontend/src/app/ceph/cluster/prometheus/silence-form/silence-form.component.html";"";"M";"M";"1";"3";"FALSE";"100644";"100644";"ce8928f7f0266e5c7700b8dd4f3ea5ab9d3312d9";"02f04a06a4bcdd9ad8a497000862ad312b7ae9de";"7";"07-mgr-modules-monitoring";"P1";"runtime/source";"deep";"Chọn đọc sâu theo nhóm: implementation thuộc MGR, dashboard, module, metrics, alerts và monitoring.";"";"trivial";"";"Frontend, translation, fixture hoặc dependency churn đã được sàng lọc; không có causal chain runtime riêng ngoài các đường API/monitoring được ánh xạ.";"";"";"screened-endpoint+history"
"1875";"v16.2.5";"v16.2.15";"src/pybind/mgr/dashboard/frontend/src/app/ceph/cluster/prometheus/silence-form/silence-form.component.spec.ts";"";"M";"M";"12";"10";"FALSE";"100644";"100644";"136375cbbbe38784b793ec7c9f75a1c0bffed944";"41898315019c9e8dafe960dc0e2ebb15a4f5f6b6";"7";"07-mgr-modules-monitoring";"P1";"runtime/source";"deep";"Chọn đọc sâu theo nhóm: implementation thuộc MGR, dashboard, module, metrics, alerts và monitoring.";"";"trivial";"";"Frontend, translation, fixture hoặc dependency churn đã được sàng lọc; không có causal chain runtime riêng ngoài các đường API/monitoring được ánh xạ.";"";"";"screened-endpoint+history"
"1876";"v16.2.5";"v16.2.15";"src/pybind/mgr/dashboard/frontend/src/app/ceph/cluster/prometheus/silence-form/silence-form.component.ts";"";"M";"M";"10";"4";"FALSE";"100644";"100644";"b3bc1401082a66487b29197b583f35551cb29b7c";"b698e4958eddacbdfb10716da42ad8c2b2b47be3";"7";"07-mgr-modules-monitoring";"P1";"runtime/source";"deep";"Chọn đọc sâu theo nhóm: implementation thuộc MGR, dashboard, module, metrics, alerts và monitoring.";"";"trivial";"";"Frontend, translation, fixture hoặc dependency churn đã được sàng lọc; không có causal chain runtime riêng ngoài các đường API/monitoring được ánh xạ.";"";"";"screened-endpoint+history"
"1877";"v16.2.5";"v16.2.15";"src/pybind/mgr/dashboard/frontend/src/app/ceph/cluster/services/service-daemon-list/service-daemon-list.component.html";"";"M";"M";"49";"26";"FALSE";"100644";"100644";"5a8116d5a288ac3ed3701c8af682999e6bf1896f";"fc076a185a03f12d39dafd29b1029272b6c20396";"7";"07-mgr-modules-monitoring";"P1";"runtime/source";"deep";"Chọn đọc sâu theo nhóm: implementation thuộc MGR, dashboard, module, metrics, alerts và monitoring.";"";"trivial";"";"Frontend, translation, fixture hoặc dependency churn đã được sàng lọc; không có causal chain runtime riêng ngoài các đường API/monitoring được ánh xạ.";"";"";"screened-endpoint+history"
"1878";"v16.2.5";"v16.2.15";"src/pybind/mgr/dashboard/frontend/src/app/ceph/cluster/services/service-daemon-list/service-daemon-list.component.scss";"";"M";"M";"3";"2";"FALSE";"100644";"100644";"c9a361d329614441f463d194f5fd046e5843e262";"a0d91c704479b436d2f914bc096d26497da08beb";"7";"07-mgr-modules-monitoring";"P1";"runtime/source";"deep";"Chọn đọc sâu theo nhóm: implementation thuộc MGR, dashboard, module, metrics, alerts và monitoring.";"";"trivial";"";"Frontend, translation, fixture hoặc dependency churn đã được sàng lọc; không có causal chain runtime riêng ngoài các đường API/monitoring được ánh xạ.";"";"";"screened-endpoint+history"
"1879";"v16.2.5";"v16.2.15";"src/pybind/mgr/dashboard/frontend/src/app/ceph/cluster/services/service-daemon-list/service-daemon-list.component.spec.ts";"";"M";"M";"108";"5";"FALSE";"100644";"100644";"e9b49ce80ea02d8498483d51af1aa689ae55a398";"31739a7c2988f26875bfd381d3ed99b787dfc730";"7";"07-mgr-modules-monitoring";"P1";"runtime/source";"deep";"Chọn đọc sâu theo nhóm: implementation thuộc MGR, dashboard, module, metrics, alerts và monitoring.";"";"trivial";"";"Frontend, translation, fixture hoặc dependency churn đã được sàng lọc; không có causal chain runtime riêng ngoài các đường API/monitoring được ánh xạ.";"";"";"screened-endpoint+history"
"1880";"v16.2.5";"v16.2.15";"src/pybind/mgr/dashboard/frontend/src/app/ceph/cluster/services/service-daemon-list/service-daemon-list.component.ts";"";"M";"M";"138";"36";"FALSE";"100644";"100644";"1a17fdb61ccddd2d07187f528a5cc7f952029239";"d1c2f9cc3f11d153fcccce0883d9d2c66990fa68";"7";"07-mgr-modules-monitoring";"P1";"runtime/source";"deep";"Chọn đọc sâu theo nhóm: implementation thuộc MGR, dashboard, module, metrics, alerts và monitoring.";"";"trivial";"";"Frontend, translation, fixture hoặc dependency churn đã được sàng lọc; không có causal chain runtime riêng ngoài các đường API/monitoring được ánh xạ.";"";"";"screened-endpoint+history"
"1881";"v16.2.5";"v16.2.15";"src/pybind/mgr/dashboard/frontend/src/app/ceph/cluster/services/service-details/service-details.component.spec.ts";"";"M";"M";"3";"1";"FALSE";"100644";"100644";"6be3b2689526f06e6c54352e27775dfa8f4d2d3f";"109ef039fbab03ddc4a72783598f815f95eaffd7";"7";"07-mgr-modules-monitoring";"P1";"runtime/source";"deep";"Chọn đọc sâu theo nhóm: implementation thuộc MGR, dashboard, module, metrics, alerts và monitoring.";"";"trivial";"";"Frontend, translation, fixture hoặc dependency churn đã được sàng lọc; không có causal chain runtime riêng ngoài các đường API/monitoring được ánh xạ.";"";"";"screened-endpoint+history"
"1882";"v16.2.5";"v16.2.15";"src/pybind/mgr/dashboard/frontend/src/app/ceph/cluster/services/service-form/service-form.component.html";"";"M";"M";"302";"93";"FALSE";"100644";"100644";"aed6da3f964d4a45a60763f6bb8e0e5a3e4a9f0f";"34f90d33dc9f21da8cf8dfb30389ddbc9d82bcf1";"7";"07-mgr-modules-monitoring";"P1";"runtime/source";"deep";"Chọn đọc sâu theo nhóm: implementation thuộc MGR, dashboard, module, metrics, alerts và monitoring.";"";"trivial";"";"Frontend, translation, fixture hoặc dependency churn đã được sàng lọc; không có causal chain runtime riêng ngoài các đường API/monitoring được ánh xạ.";"";"";"screened-endpoint+history"
"1883";"v16.2.5";"v16.2.15";"src/pybind/mgr/dashboard/frontend/src/app/ceph/cluster/services/service-form/service-form.component.spec.ts";"";"M";"M";"209";"42";"FALSE";"100644";"100644";"e9e64b71cfe66ae91924506518db61e85fe895d4";"a4cb436a64b2ba805b5bd1d24483e825ca9a23fb";"7";"07-mgr-modules-monitoring";"P1";"runtime/source";"deep";"Chọn đọc sâu theo nhóm: implementation thuộc MGR, dashboard, module, metrics, alerts và monitoring.";"";"trivial";"";"Frontend, translation, fixture hoặc dependency churn đã được sàng lọc; không có causal chain runtime riêng ngoài các đường API/monitoring được ánh xạ.";"";"";"screened-endpoint+history"
"1884";"v16.2.5";"v16.2.15";"src/pybind/mgr/dashboard/frontend/src/app/ceph/cluster/services/service-form/service-form.component.ts";"";"M";"M";"373";"74";"FALSE";"100644";"100644";"c51e1c6ac3f0b6e6d01e6b43c94450869bda2d41";"baedbfcac8fc5b19cdd05b6b51e79b33fc17c454";"7";"07-mgr-modules-monitoring";"P1";"runtime/source";"deep";"Chọn đọc sâu theo nhóm: implementation thuộc MGR, dashboard, module, metrics, alerts và monitoring.";"";"trivial";"";"Frontend, translation, fixture hoặc dependency churn đã được sàng lọc; không có causal chain runtime riêng ngoài các đường API/monitoring được ánh xạ.";"";"";"screened-endpoint+history"
"1885";"v16.2.5";"v16.2.15";"src/pybind/mgr/dashboard/frontend/src/app/ceph/cluster/services/services.component.html";"";"M";"M";"2";"1";"FALSE";"100644";"100644";"f6f66ee51485f337197a1fffa136b93db2fb7946";"36ab431fc96b32b73b5bbfb0688a3781a9096e14";"7";"07-mgr-modules-monitoring";"P1";"runtime/source";"deep";"Chọn đọc sâu theo nhóm: implementation thuộc MGR, dashboard, module, metrics, alerts và monitoring.";"";"trivial";"";"Frontend, translation, fixture hoặc dependency churn đã được sàng lọc; không có causal chain runtime riêng ngoài các đường API/monitoring được ánh xạ.";"";"";"screened-endpoint+history"
"1886";"v16.2.5";"v16.2.15";"src/pybind/mgr/dashboard/frontend/src/app/ceph/cluster/services/services.component.ts";"";"M";"M";"66";"3";"FALSE";"100644";"100644";"7cba81ee49eab486c95e88cbbdb70609058c48db";"318a54a6ee4589f892f65c327617a4b1e6f897cd";"7";"07-mgr-modules-monitoring";"P1";"runtime/source";"deep";"Chọn đọc sâu theo nhóm: implementation thuộc MGR, dashboard, module, metrics, alerts và monitoring.";"";"trivial";"";"Frontend, translation, fixture hoặc dependency churn đã được sàng lọc; không có causal chain runtime riêng ngoài các đường API/monitoring được ánh xạ.";"";"";"screened-endpoint+history"
"1887";"v16.2.5";"v16.2.15";"src/pybind/mgr/dashboard/frontend/src/app/ceph/cluster/telemetry/telemetry.component.html";"";"M";"M";"19";"2";"FALSE";"100644";"100644";"69690668392f9891818dc49792431082692a4294";"1348714694273cd8d0900ec5a726860bf480f7d3";"7";"07-mgr-modules-monitoring";"P1";"runtime/source";"deep";"Chọn đọc sâu theo nhóm: implementation thuộc MGR, dashboard, module, metrics, alerts và monitoring.";"";"trivial";"";"Frontend, translation, fixture hoặc dependency churn đã được sàng lọc; không có causal chain runtime riêng ngoài các đường API/monitoring được ánh xạ.";"";"";"screened-endpoint+history"
"1888";"v16.2.5";"v16.2.15";"src/pybind/mgr/dashboard/frontend/src/app/ceph/cluster/telemetry/telemetry.component.spec.ts";"";"M";"M";"42";"15";"FALSE";"100644";"100644";"34f93dfaafdf5e5da83c2645b652524cdebf98f0";"2488816494abc41cb4e29681d06598c041837529";"7";"07-mgr-modules-monitoring";"P1";"runtime/source";"deep";"Chọn đọc sâu theo nhóm: implementation thuộc MGR, dashboard, module, metrics, alerts và monitoring.";"";"trivial";"";"Frontend, translation, fixture hoặc dependency churn đã được sàng lọc; không có causal chain runtime riêng ngoài các đường API/monitoring được ánh xạ.";"";"";"screened-endpoint+history"
"1889";"v16.2.5";"v16.2.15";"src/pybind/mgr/dashboard/frontend/src/app/ceph/cluster/telemetry/telemetry.component.ts";"";"M";"M";"87";"46";"FALSE";"100644";"100644";"8edb7b6a927d700989040dfb0060f4d954cfa768";"c2f4523dc7583d1f936a498c8ba1ed9815bf0ce1";"7";"07-mgr-modules-monitoring";"P1";"runtime/source";"deep";"Chọn đọc sâu theo nhóm: implementation thuộc MGR, dashboard, module, metrics, alerts và monitoring.";"";"trivial";"";"Frontend, translation, fixture hoặc dependency churn đã được sàng lọc; không có causal chain runtime riêng ngoài các đường API/monitoring được ánh xạ.";"";"";"screened-endpoint+history"
"1890";"v16.2.5";"v16.2.15";"src/pybind/mgr/dashboard/frontend/src/app/ceph/dashboard/health/health.component.scss";"";"M";"M";"1";"1";"FALSE";"100644";"100644";"8b45a05a2afab5c0a4223ab4b1c19ec4c86650d1";"1294f5922db523756d6137ff25f73e4dfade659f";"7";"07-mgr-modules-monitoring";"P1";"runtime/source";"deep";"Chọn đọc sâu theo nhóm: implementation thuộc MGR, dashboard, module, metrics, alerts và monitoring.";"";"trivial";"";"Frontend, translation, fixture hoặc dependency churn đã được sàng lọc; không có causal chain runtime riêng ngoài các đường API/monitoring được ánh xạ.";"";"";"screened-endpoint+history"
"1891";"v16.2.5";"v16.2.15";"src/pybind/mgr/dashboard/frontend/src/app/ceph/dashboard/health/health.component.spec.ts";"";"M";"M";"3";"2";"FALSE";"100644";"100644";"8f671f791132b5811d994bda629708000e88ca60";"cedcd06b6975ce07862bc040a47e8fb45156a357";"7";"07-mgr-modules-monitoring";"P1";"runtime/source";"deep";"Chọn đọc sâu theo nhóm: implementation thuộc MGR, dashboard, module, metrics, alerts và monitoring.";"";"trivial";"";"Frontend, translation, fixture hoặc dependency churn đã được sàng lọc; không có causal chain runtime riêng ngoài các đường API/monitoring được ánh xạ.";"";"";"screened-endpoint+history"
"1892";"v16.2.5";"v16.2.15";"src/pybind/mgr/dashboard/frontend/src/app/ceph/dashboard/health/health.component.ts";"";"M";"M";"25";"1";"FALSE";"100644";"100644";"d90e17e1f07d3a8837622b9f72121a4e79c4fde6";"4d1dac769a4b3a2e12ab995e48b28e7c29c2960f";"7";"07-mgr-modules-monitoring";"P1";"runtime/source";"deep";"Chọn đọc sâu theo nhóm: implementation thuộc MGR, dashboard, module, metrics, alerts và monitoring.";"";"trivial";"";"Frontend, translation, fixture hoặc dependency churn đã được sàng lọc; không có causal chain runtime riêng ngoài các đường API/monitoring được ánh xạ.";"";"";"screened-endpoint+history"
"1893";"v16.2.5";"v16.2.15";"src/pybind/mgr/dashboard/frontend/src/app/ceph/dashboard/osd-summary.pipe.spec.ts";"";"M";"M";"33";"17";"FALSE";"100644";"100644";"f42a55dd4270b243312476e282b5c1224304c0b2";"22f5eeff3853b4b00dc6d239b1c2b9875d413e46";"7";"07-mgr-modules-monitoring";"P1";"runtime/source";"deep";"Chọn đọc sâu theo nhóm: implementation thuộc MGR, dashboard, module, metrics, alerts và monitoring.";"";"trivial";"";"Frontend, translation, fixture hoặc dependency churn đã được sàng lọc; không có causal chain runtime riêng ngoài các đường API/monitoring được ánh xạ.";"";"";"screened-endpoint+history"
"1894";"v16.2.5";"v16.2.15";"src/pybind/mgr/dashboard/frontend/src/app/ceph/dashboard/osd-summary.pipe.ts";"";"M";"M";"32";"0";"FALSE";"100644";"100644";"26714ff2ae6bb6957f175321aedd4656b4c66eac";"46d2eda6bb79b4b805224f74ca1eef75f34e03c9";"7";"07-mgr-modules-monitoring";"P1";"runtime/source";"deep";"Chọn đọc sâu theo nhóm: implementation thuộc MGR, dashboard, module, metrics, alerts và monitoring.";"";"trivial";"";"Frontend, translation, fixture hoặc dependency churn đã được sàng lọc; không có causal chain runtime riêng ngoài các đường API/monitoring được ánh xạ.";"";"";"screened-endpoint+history"
"1895";"v16.2.5";"v16.2.15";"src/pybind/mgr/dashboard/frontend/src/app/ceph/nfs/models/nfs.fsal.ts";"";"A";"A";"5";"0";"FALSE";"0";"100644";"0";"f204ac6d8b6b5f8caa32cd9d95a7aacf7984f0ce";"7";"07-mgr-modules-monitoring";"P1";"runtime/source";"deep";"Chọn đọc sâu theo nhóm: implementation thuộc MGR, dashboard, module, metrics, alerts và monitoring.";"";"trivial";"";"Frontend, translation, fixture hoặc dependency churn đã được sàng lọc; không có causal chain runtime riêng ngoài các đường API/monitoring được ánh xạ.";"";"";"screened-endpoint+history"
"1896";"v16.2.5";"v16.2.15";"src/pybind/mgr/dashboard/frontend/src/app/ceph/nfs/nfs-cluster-type.enum.ts";"";"D";"D";"0";"4";"FALSE";"100644";"0";"7a775e5ab2dbdd50fcd2e0d9f14b3550640aeb5b";"0";"7";"07-mgr-modules-monitoring";"P1";"runtime/source";"deep";"Chọn đọc sâu theo nhóm: implementation thuộc MGR, dashboard, module, metrics, alerts và monitoring.";"";"trivial";"";"Frontend, translation, fixture hoặc dependency churn đã được sàng lọc; không có causal chain runtime riêng ngoài các đường API/monitoring được ánh xạ.";"";"";"screened-endpoint+history"
"1897";"v16.2.5";"v16.2.15";"src/pybind/mgr/dashboard/frontend/src/app/ceph/nfs/nfs-details/nfs-details.component.spec.ts";"";"M";"M";"6";"13";"FALSE";"100644";"100644";"3abae2ee88e999e82faf3ad1e4ceac5b93b1d894";"fcf5305393cba5a345a07bab57369e11bafb3d48";"7";"07-mgr-modules-monitoring";"P1";"runtime/source";"deep";"Chọn đọc sâu theo nhóm: implementation thuộc MGR, dashboard, module, metrics, alerts và monitoring.";"";"trivial";"";"Frontend, translation, fixture hoặc dependency churn đã được sàng lọc; không có causal chain runtime riêng ngoài các đường API/monitoring được ánh xạ.";"";"";"screened-endpoint+history"
"1898";"v16.2.5";"v16.2.15";"src/pybind/mgr/dashboard/frontend/src/app/ceph/nfs/nfs-details/nfs-details.component.ts";"";"M";"M";"1";"2";"FALSE";"100644";"100644";"25a42416f7e36e68212f23fdf7a556ffead99371";"5a84bd52e9da96f90da70cd8f48484edea83840f";"7";"07-mgr-modules-monitoring";"P1";"runtime/source";"deep";"Chọn đọc sâu theo nhóm: implementation thuộc MGR, dashboard, module, metrics, alerts và monitoring.";"";"trivial";"";"Frontend, translation, fixture hoặc dependency churn đã được sàng lọc; không có causal chain runtime riêng ngoài các đường API/monitoring được ánh xạ.";"";"";"screened-endpoint+history"
"1899";"v16.2.5";"v16.2.15";"src/pybind/mgr/dashboard/frontend/src/app/ceph/nfs/nfs-form-client/nfs-form-client.component.html";"";"M";"M";"13";"9";"FALSE";"100644";"100644";"4f84f8e03b75ee86ae1905a4f18fdb9bb301354c";"117ad371d4eedb3cf9875515ce654140804e0e5a";"7";"07-mgr-modules-monitoring";"P1";"runtime/source";"deep";"Chọn đọc sâu theo nhóm: implementation thuộc MGR, dashboard, module, metrics, alerts và monitoring.";"";"trivial";"";"Frontend, translation, fixture hoặc dependency churn đã được sàng lọc; không có causal chain runtime riêng ngoài các đường API/monitoring được ánh xạ.";"";"";"screened-endpoint+history"
"1900";"v16.2.5";"v16.2.15";"src/pybind/mgr/dashboard/frontend/src/app/ceph/nfs/nfs-form-client/nfs-form-client.component.ts";"";"M";"M";"12";"9";"FALSE";"100644";"100644";"8423f177567952303c4f9979174d73d8492393ea";"15e7d7d5ccebbd56512f1dc524c59548ef35845f";"7";"07-mgr-modules-monitoring";"P1";"runtime/source";"deep";"Chọn đọc sâu theo nhóm: implementation thuộc MGR, dashboard, module, metrics, alerts và monitoring.";"";"trivial";"";"Frontend, translation, fixture hoặc dependency churn đã được sàng lọc; không có causal chain runtime riêng ngoài các đường API/monitoring được ánh xạ.";"";"";"screened-endpoint+history"
"1901";"v16.2.5";"v16.2.15";"src/pybind/mgr/dashboard/frontend/src/app/ceph/nfs/nfs-form/nfs-form.component.html";"";"M";"M";"83";"198";"FALSE";"100644";"100644";"3da1e5820f70e8aa651d2cfe3aa07f444ee27fb3";"7313ea69b2ecd96d1e1d3adaca92ca6188176a78";"7";"07-mgr-modules-monitoring";"P1";"runtime/source";"deep";"Chọn đọc sâu theo nhóm: implementation thuộc MGR, dashboard, module, metrics, alerts và monitoring.";"";"trivial";"";"Frontend, translation, fixture hoặc dependency churn đã được sàng lọc; không có causal chain runtime riêng ngoài các đường API/monitoring được ánh xạ.";"";"";"screened-endpoint+history"
"1902";"v16.2.5";"v16.2.15";"src/pybind/mgr/dashboard/frontend/src/app/ceph/nfs/nfs-form/nfs-form.component.scss";"";"M";"M";"8";"0";"FALSE";"100644";"100644";"cebcc8877a217ba752a01478da5bfe4d296ed08c";"4d892a120fc64f735d4ba921574256f677c9f8c6";"7";"07-mgr-modules-monitoring";"P1";"runtime/source";"deep";"Chọn đọc sâu theo nhóm: implementation thuộc MGR, dashboard, module, metrics, alerts và monitoring.";"";"trivial";"";"Frontend, translation, fixture hoặc dependency churn đã được sàng lọc; không có causal chain runtime riêng ngoài các đường API/monitoring được ánh xạ.";"";"";"screened-endpoint+history"
"1903";"v16.2.5";"v16.2.15";"src/pybind/mgr/dashboard/frontend/src/app/ceph/nfs/nfs-form/nfs-form.component.spec.ts";"";"M";"M";"87";"100";"FALSE";"100644";"100644";"e567abfb562b69cea1be27e0608d46da8ef91f56";"62efec423d36aac61f13cf28988ce0e64ccbbcdc";"7";"07-mgr-modules-monitoring";"P1";"runtime/source";"deep";"Chọn đọc sâu theo nhóm: implementation thuộc MGR, dashboard, module, metrics, alerts và monitoring.";"";"trivial";"";"Frontend, translation, fixture hoặc dependency churn đã được sàng lọc; không có causal chain runtime riêng ngoài các đường API/monitoring được ánh xạ.";"";"";"screened-endpoint+history"
"1904";"v16.2.5";"v16.2.15";"src/pybind/mgr/dashboard/frontend/src/app/ceph/nfs/nfs-form/nfs-form.component.ts";"";"M";"M";"159";"240";"FALSE";"100644";"100644";"3e23b9878b95d82c9bdc3feb6efe9e679d97aae2";"595b3b7fe7c39514b898047650fc1f65fcbefa00";"7";"07-mgr-modules-monitoring";"P1";"runtime/source";"deep";"Chọn đọc sâu theo nhóm: implementation thuộc MGR, dashboard, module, metrics, alerts và monitoring.";"";"trivial";"";"Frontend, translation, fixture hoặc dependency churn đã được sàng lọc; không có causal chain runtime riêng ngoài các đường API/monitoring được ánh xạ.";"";"";"screened-endpoint+history"
"1905";"v16.2.5";"v16.2.15";"src/pybind/mgr/dashboard/frontend/src/app/ceph/nfs/nfs-list/nfs-list.component.spec.ts";"";"M";"M";"0";"4";"FALSE";"100644";"100644";"d02a05c23d82a8d7fe5f86ede12d609bcacd7ed2";"5e43cdd658cb45d71a598751fc454bceecb61fea";"7";"07-mgr-modules-monitoring";"P1";"runtime/source";"deep";"Chọn đọc sâu theo nhóm: implementation thuộc MGR, dashboard, module, metrics, alerts và monitoring.";"";"trivial";"";"Frontend, translation, fixture hoặc dependency churn đã được sàng lọc; không có causal chain runtime riêng ngoài các đường API/monitoring được ánh xạ.";"";"";"screened-endpoint+history"
"1906";"v16.2.5";"v16.2.15";"src/pybind/mgr/dashboard/frontend/src/app/ceph/nfs/nfs-list/nfs-list.component.ts";"";"M";"M";"8";"31";"FALSE";"100644";"100644";"70ff67eaf8c78b6cf1e365bfc3d0d5e476aa6b3b";"d5d0c2639300c322820a59b3c539c97942828aa2";"7";"07-mgr-modules-monitoring";"P1";"runtime/source";"deep";"Chọn đọc sâu theo nhóm: implementation thuộc MGR, dashboard, module, metrics, alerts và monitoring.";"";"trivial";"";"Frontend, translation, fixture hoặc dependency churn đã được sàng lọc; không có causal chain runtime riêng ngoài các đường API/monitoring được ánh xạ.";"";"";"screened-endpoint+history"
"1907";"v16.2.5";"v16.2.15";"src/pybind/mgr/dashboard/frontend/src/app/ceph/pool/crush-rule-form-modal/crush-rule-form-modal.component.html";"";"M";"M";"4";"4";"FALSE";"100644";"100644";"7bf328df4eb720c3bdbda6c58e5310cfd8593f1b";"e5906dc4b3e04403b88b6e6ecc82e243b4582132";"7";"07-mgr-modules-monitoring";"P1";"runtime/source";"deep";"Chọn đọc sâu theo nhóm: implementation thuộc MGR, dashboard, module, metrics, alerts và monitoring.";"";"trivial";"";"Frontend, translation, fixture hoặc dependency churn đã được sàng lọc; không có causal chain runtime riêng ngoài các đường API/monitoring được ánh xạ.";"";"";"screened-endpoint+history"
"1908";"v16.2.5";"v16.2.15";"src/pybind/mgr/dashboard/frontend/src/app/ceph/pool/erasure-code-profile-form/erasure-code-profile-form-modal.component.html";"";"M";"M";"18";"13";"FALSE";"100644";"100644";"92cecabc91581a3b4c7792c3230919e2b1e6f621";"b4b9cd1939099adbfe97fd12e83c28ce47790057";"7";"07-mgr-modules-monitoring";"P1";"runtime/source";"deep";"Chọn đọc sâu theo nhóm: implementation thuộc MGR, dashboard, module, metrics, alerts và monitoring.";"";"trivial";"";"Frontend, translation, fixture hoặc dependency churn đã được sàng lọc; không có causal chain runtime riêng ngoài các đường API/monitoring được ánh xạ.";"";"";"screened-endpoint+history"
"1909";"v16.2.5";"v16.2.15";"src/pybind/mgr/dashboard/frontend/src/app/ceph/pool/erasure-code-profile-form/erasure-code-profile-form-modal.component.ts";"";"M";"M";"2";"9";"FALSE";"100644";"100644";"c0e5e59be29d47228a6c9eadb3243b8ca4700817";"01f7dcb1ee94636bd2f994db5a1af792abbb925a";"7";"07-mgr-modules-monitoring";"P1";"runtime/source";"deep";"Chọn đọc sâu theo nhóm: implementation thuộc MGR, dashboard, module, metrics, alerts và monitoring.";"";"trivial";"";"Frontend, translation, fixture hoặc dependency churn đã được sàng lọc; không có causal chain runtime riêng ngoài các đường API/monitoring được ánh xạ.";"";"";"screened-endpoint+history"
"1910";"v16.2.5";"v16.2.15";"src/pybind/mgr/dashboard/frontend/src/app/ceph/pool/pool-form/pool-form.component.html";"";"M";"M";"6";"6";"FALSE";"100644";"100644";"f62a7283feb8f2d7a26402f8c375ab705957aa68";"07a26f9eb2b406c79b0fb9989e4a6afec077ccb6";"7";"07-mgr-modules-monitoring";"P1";"runtime/source";"deep";"Chọn đọc sâu theo nhóm: implementation thuộc MGR, dashboard, module, metrics, alerts và monitoring.";"";"trivial";"";"Frontend, translation, fixture hoặc dependency churn đã được sàng lọc; không có causal chain runtime riêng ngoài các đường API/monitoring được ánh xạ.";"";"";"screened-endpoint+history"
"1911";"v16.2.5";"v16.2.15";"src/pybind/mgr/dashboard/frontend/src/app/ceph/pool/pool-form/pool-form.component.ts";"";"M";"M";"3";"4";"FALSE";"100644";"100644";"a3cec3854857101d630c58cbde99302b1c86f6df";"4778562cb2c1d1872d3bda0c8246ff566da0f517";"7";"07-mgr-modules-monitoring";"P1";"runtime/source";"deep";"Chọn đọc sâu theo nhóm: implementation thuộc MGR, dashboard, module, metrics, alerts và monitoring.";"";"trivial";"";"Frontend, translation, fixture hoặc dependency churn đã được sàng lọc; không có causal chain runtime riêng ngoài các đường API/monitoring được ánh xạ.";"";"";"screened-endpoint+history"
"1912";"v16.2.5";"v16.2.15";"src/pybind/mgr/dashboard/frontend/src/app/ceph/rgw/models/rgw-daemon.ts";"";"M";"M";"2";"0";"FALSE";"100644";"100644";"25544a5ed2700c013681c479095225cba0c6bee6";"445f2a5acc85ffec12fd63afca7177485ce7b8dd";"7";"07-mgr-modules-monitoring";"P1";"runtime/source";"deep";"Chọn đọc sâu theo nhóm: implementation thuộc MGR, dashboard, module, metrics, alerts và monitoring.";"";"trivial";"";"Frontend, translation, fixture hoặc dependency churn đã được sàng lọc; không có causal chain runtime riêng ngoài các đường API/monitoring được ánh xạ.";"";"";"screened-endpoint+history"
"1913";"v16.2.5";"v16.2.15";"src/pybind/mgr/dashboard/frontend/src/app/ceph/rgw/rgw-bucket-form/rgw-bucket-form.component.html";"";"M";"M";"7";"7";"FALSE";"100644";"100644";"be46e01524ea7cf23cffab6fb68d5d9e282753a8";"bad80a7f358874f69357e14812bb03b29c78bd85";"7";"07-mgr-modules-monitoring";"P1";"runtime/source";"deep";"Chọn đọc sâu theo nhóm: implementation thuộc MGR, dashboard, module, metrics, alerts và monitoring.";"";"trivial";"";"Frontend, translation, fixture hoặc dependency churn đã được sàng lọc; không có causal chain runtime riêng ngoài các đường API/monitoring được ánh xạ.";"";"";"screened-endpoint+history"
"1914";"v16.2.5";"v16.2.15";"src/pybind/mgr/dashboard/frontend/src/app/ceph/rgw/rgw-bucket-form/rgw-bucket-form.component.spec.ts";"";"M";"M";"4";"84";"FALSE";"100644";"100644";"a2d8854adc873feea0cfdf03d753b3d84dff6381";"704d7918465df24c8b9c4fbb928a625c72ffaca8";"7";"07-mgr-modules-monitoring";"P1";"runtime/source";"deep";"Chọn đọc sâu theo nhóm: implementation thuộc MGR, dashboard, module, metrics, alerts và monitoring.";"";"trivial";"";"Frontend, translation, fixture hoặc dependency churn đã được sàng lọc; không có causal chain runtime riêng ngoài các đường API/monitoring được ánh xạ.";"";"";"screened-endpoint+history"
"1915";"v16.2.5";"v16.2.15";"src/pybind/mgr/dashboard/frontend/src/app/ceph/rgw/rgw-bucket-form/rgw-bucket-form.component.ts";"";"M";"M";"9";"106";"FALSE";"100644";"100644";"80ff2c8538a5a24ed8ab1295f80a4e9ce05bfb41";"1d5aede396eae52b8fd6ec2d22738b670550ccea";"7";"07-mgr-modules-monitoring";"P1";"runtime/source";"deep";"Chọn đọc sâu theo nhóm: implementation thuộc MGR, dashboard, module, metrics, alerts và monitoring.";"";"trivial";"";"Frontend, translation, fixture hoặc dependency churn đã được sàng lọc; không có causal chain runtime riêng ngoài các đường API/monitoring được ánh xạ.";"";"";"screened-endpoint+history"
"1916";"v16.2.5";"v16.2.15";"src/pybind/mgr/dashboard/frontend/src/app/ceph/rgw/rgw-bucket-list/rgw-bucket-list.component.spec.ts";"";"M";"M";"1";"1";"FALSE";"100644";"100644";"94dc9f070a15be6d45994899197913328a4ba423";"ff070579317652ed649c2135c3c271d631ca70f6";"7";"07-mgr-modules-monitoring";"P1";"runtime/source";"deep";"Chọn đọc sâu theo nhóm: implementation thuộc MGR, dashboard, module, metrics, alerts và monitoring.";"";"trivial";"";"Frontend, translation, fixture hoặc dependency churn đã được sàng lọc; không có causal chain runtime riêng ngoài các đường API/monitoring được ánh xạ.";"";"";"screened-endpoint+history"
"1917";"v16.2.5";"v16.2.15";"src/pybind/mgr/dashboard/frontend/src/app/ceph/rgw/rgw-bucket-list/rgw-bucket-list.component.ts";"";"M";"M";"5";"22";"FALSE";"100644";"100644";"0355e4808a3ca7c50586767ba115df3abe28bf23";"479da864a44a6d4e8c049be00f7efa92a3b7f262";"7";"07-mgr-modules-monitoring";"P1";"runtime/source";"deep";"Chọn đọc sâu theo nhóm: implementation thuộc MGR, dashboard, module, metrics, alerts và monitoring.";"";"trivial";"";"Frontend, translation, fixture hoặc dependency churn đã được sàng lọc; không có causal chain runtime riêng ngoài các đường API/monitoring được ánh xạ.";"";"";"screened-endpoint+history"
"1918";"v16.2.5";"v16.2.15";"src/pybind/mgr/dashboard/frontend/src/app/ceph/rgw/rgw-daemon-details/rgw-daemon-details.component.html";"";"M";"M";"1";"1";"FALSE";"100644";"100644";"873200d71b9f64c4d0227993c81133a58dc96b26";"e53eaa8f73d3d6c5801f52429bc52e4cc78a4148";"7";"07-mgr-modules-monitoring";"P1";"runtime/source";"deep";"Chọn đọc sâu theo nhóm: implementation thuộc MGR, dashboard, module, metrics, alerts và monitoring.";"";"trivial";"";"Frontend, translation, fixture hoặc dependency churn đã được sàng lọc; không có causal chain runtime riêng ngoài các đường API/monitoring được ánh xạ.";"";"";"screened-endpoint+history"
"1919";"v16.2.5";"v16.2.15";"src/pybind/mgr/dashboard/frontend/src/app/ceph/rgw/rgw-daemon-details/rgw-daemon-details.component.spec.ts";"";"M";"M";"12";"0";"FALSE";"100644";"100644";"e9bebbe9aac955e61d5a5d91d64aca7a24b0e80e";"40ea5a04328be18c873e967e77d8462eaf099ff2";"7";"07-mgr-modules-monitoring";"P1";"runtime/source";"deep";"Chọn đọc sâu theo nhóm: implementation thuộc MGR, dashboard, module, metrics, alerts và monitoring.";"";"trivial";"";"Frontend, translation, fixture hoặc dependency churn đã được sàng lọc; không có causal chain runtime riêng ngoài các đường API/monitoring được ánh xạ.";"";"";"screened-endpoint+history"
"1920";"v16.2.5";"v16.2.15";"src/pybind/mgr/dashboard/frontend/src/app/ceph/rgw/rgw-daemon-details/rgw-daemon-details.component.ts";"";"M";"M";"4";"2";"FALSE";"100644";"100644";"06f6c19768fe26ed979a9358712017aea10e5007";"38a309e0ace3a4d08f740c1aa1edccc407e208d9";"7";"07-mgr-modules-monitoring";"P1";"runtime/source";"deep";"Chọn đọc sâu theo nhóm: implementation thuộc MGR, dashboard, module, metrics, alerts và monitoring.";"";"trivial";"";"Frontend, translation, fixture hoặc dependency churn đã được sàng lọc; không có causal chain runtime riêng ngoài các đường API/monitoring được ánh xạ.";"";"";"screened-endpoint+history"
"1921";"v16.2.5";"v16.2.15";"src/pybind/mgr/dashboard/frontend/src/app/ceph/rgw/rgw-daemon-list/rgw-daemon-list.component.spec.ts";"";"M";"M";"30";"1";"FALSE";"100644";"100644";"4278b0c0d3a59c7b59c5f616db7d8debc62a50f8";"ecf0bedf961d0d5fb5942e91bcd453daffd93554";"7";"07-mgr-modules-monitoring";"P1";"runtime/source";"deep";"Chọn đọc sâu theo nhóm: implementation thuộc MGR, dashboard, module, metrics, alerts và monitoring.";"";"trivial";"";"Frontend, translation, fixture hoặc dependency churn đã được sàng lọc; không có causal chain runtime riêng ngoài các đường API/monitoring được ánh xạ.";"";"";"screened-endpoint+history"
"1922";"v16.2.5";"v16.2.15";"src/pybind/mgr/dashboard/frontend/src/app/ceph/rgw/rgw-daemon-list/rgw-daemon-list.component.ts";"";"M";"M";"16";"13";"FALSE";"100644";"100644";"cb8ce571335d44203285a5dace19af7efd1a557d";"c620843fb8acd85dabd90f6bbb4d49217a3770e3";"7";"07-mgr-modules-monitoring";"P1";"runtime/source";"deep";"Chọn đọc sâu theo nhóm: implementation thuộc MGR, dashboard, module, metrics, alerts và monitoring.";"";"trivial";"";"Frontend, translation, fixture hoặc dependency churn đã được sàng lọc; không có causal chain runtime riêng ngoài các đường API/monitoring được ánh xạ.";"";"";"screened-endpoint+history"
"1923";"v16.2.5";"v16.2.15";"src/pybind/mgr/dashboard/frontend/src/app/ceph/rgw/rgw-user-capability-modal/rgw-user-capability-modal.component.html";"";"M";"M";"3";"3";"FALSE";"100644";"100644";"24cf4ab5f548837b68610758f7f7ae11d1cef826";"8276e01e7c4bf30af6c67cc12d385e7665556fcb";"7";"07-mgr-modules-monitoring";"P1";"runtime/source";"deep";"Chọn đọc sâu theo nhóm: implementation thuộc MGR, dashboard, module, metrics, alerts và monitoring.";"";"trivial";"";"Frontend, translation, fixture hoặc dependency churn đã được sàng lọc; không có causal chain runtime riêng ngoài các đường API/monitoring được ánh xạ.";"";"";"screened-endpoint+history"
"1924";"v16.2.5";"v16.2.15";"src/pybind/mgr/dashboard/frontend/src/app/ceph/rgw/rgw-user-details/rgw-user-details.component.html";"";"M";"M";"5";"0";"FALSE";"100644";"100644";"ebd648d021acb46202b43c7ef6f30f54d1eaea61";"2283f4c546f053982c7def5fbd5d9937c9abc555";"7";"07-mgr-modules-monitoring";"P1";"runtime/source";"deep";"Chọn đọc sâu theo nhóm: implementation thuộc MGR, dashboard, module, metrics, alerts và monitoring.";"";"trivial";"";"Frontend, translation, fixture hoặc dependency churn đã được sàng lọc; không có causal chain runtime riêng ngoài các đường API/monitoring được ánh xạ.";"";"";"screened-endpoint+history"
"1925";"v16.2.5";"v16.2.15";"src/pybind/mgr/dashboard/frontend/src/app/ceph/rgw/rgw-user-details/rgw-user-details.component.spec.ts";"";"M";"M";"20";"0";"FALSE";"100644";"100644";"126fdf44ff26468b1a7a8d258ccdb63615b010a2";"62519cdf478c975e4e88d5b970c418fce53a6235";"7";"07-mgr-modules-monitoring";"P1";"runtime/source";"deep";"Chọn đọc sâu theo nhóm: implementation thuộc MGR, dashboard, module, metrics, alerts và monitoring.";"";"trivial";"";"Frontend, translation, fixture hoặc dependency churn đã được sàng lọc; không có causal chain runtime riêng ngoài các đường API/monitoring được ánh xạ.";"";"";"screened-endpoint+history"
"1926";"v16.2.5";"v16.2.15";"src/pybind/mgr/dashboard/frontend/src/app/ceph/rgw/rgw-user-form/rgw-user-form.component.html";"";"M";"M";"9";"4";"FALSE";"100644";"100644";"c0c619b3ec4e760b330d4abfe61d6d05f42c0fa5";"6c00f37d42d8387a4c8932a94fa7c25fb0479ed5";"7";"07-mgr-modules-monitoring";"P1";"runtime/source";"deep";"Chọn đọc sâu theo nhóm: implementation thuộc MGR, dashboard, module, metrics, alerts và monitoring.";"";"trivial";"";"Frontend, translation, fixture hoặc dependency churn đã được sàng lọc; không có causal chain runtime riêng ngoài các đường API/monitoring được ánh xạ.";"";"";"screened-endpoint+history"
"1927";"v16.2.5";"v16.2.15";"src/pybind/mgr/dashboard/frontend/src/app/ceph/rgw/rgw-user-form/rgw-user-form.component.ts";"";"M";"M";"2";"8";"FALSE";"100644";"100644";"899ed0298941581886107117311c8782cb0e3710";"9d4e1ce601b7fb83399a423c9dbbe333fcc53de7";"7";"07-mgr-modules-monitoring";"P1";"runtime/source";"deep";"Chọn đọc sâu theo nhóm: implementation thuộc MGR, dashboard, module, metrics, alerts và monitoring.";"";"trivial";"";"Frontend, translation, fixture hoặc dependency churn đã được sàng lọc; không có causal chain runtime riêng ngoài các đường API/monitoring được ánh xạ.";"";"";"screened-endpoint+history"
"1928";"v16.2.5";"v16.2.15";"src/pybind/mgr/dashboard/frontend/src/app/ceph/rgw/rgw-user-list/rgw-user-list.component.spec.ts";"";"M";"M";"1";"1";"FALSE";"100644";"100644";"379957d88ec73d521126932cdb7aecf4552fb6b5";"2f886ccf5d4a42cfa5f740e9496de884d859451c";"7";"07-mgr-modules-monitoring";"P1";"runtime/source";"deep";"Chọn đọc sâu theo nhóm: implementation thuộc MGR, dashboard, module, metrics, alerts và monitoring.";"";"trivial";"";"Frontend, translation, fixture hoặc dependency churn đã được sàng lọc; không có causal chain runtime riêng ngoài các đường API/monitoring được ánh xạ.";"";"";"screened-endpoint+history"
"1929";"v16.2.5";"v16.2.15";"src/pybind/mgr/dashboard/frontend/src/app/ceph/rgw/rgw-user-list/rgw-user-list.component.ts";"";"M";"M";"4";"22";"FALSE";"100644";"100644";"e7f47298ecffb14d58a6139d1fee904b7356b0c6";"34cccb9409d6bcc595c55c03e497061ef9574957";"7";"07-mgr-modules-monitoring";"P1";"runtime/source";"deep";"Chọn đọc sâu theo nhóm: implementation thuộc MGR, dashboard, module, metrics, alerts và monitoring.";"";"trivial";"";"Frontend, translation, fixture hoặc dependency churn đã được sàng lọc; không có causal chain runtime riêng ngoài các đường API/monitoring được ánh xạ.";"";"";"screened-endpoint+history"
"1930";"v16.2.5";"v16.2.15";"src/pybind/mgr/dashboard/frontend/src/app/ceph/rgw/rgw-user-s3-key-modal/rgw-user-s3-key-modal.component.html";"";"M";"M";"2";"2";"FALSE";"100644";"100644";"a68534286c17cd75d79f78478824347c67c2d4ec";"6ec8978af966a6d4d4852b4dd477a98cb7b08592";"7";"07-mgr-modules-monitoring";"P1";"runtime/source";"deep";"Chọn đọc sâu theo nhóm: implementation thuộc MGR, dashboard, module, metrics, alerts và monitoring.";"";"trivial";"";"Frontend, translation, fixture hoặc dependency churn đã được sàng lọc; không có causal chain runtime riêng ngoài các đường API/monitoring được ánh xạ.";"";"";"screened-endpoint+history"
"1931";"v16.2.5";"v16.2.15";"src/pybind/mgr/dashboard/frontend/src/app/ceph/rgw/rgw-user-subuser-modal/rgw-user-subuser-modal.component.html";"";"M";"M";"2";"2";"FALSE";"100644";"100644";"cbe5ae3976dd829d99d8a39e17552b25053b6be1";"4fb03f019c6c990ec950a078f33652ed7bd46cbe";"7";"07-mgr-modules-monitoring";"P1";"runtime/source";"deep";"Chọn đọc sâu theo nhóm: implementation thuộc MGR, dashboard, module, metrics, alerts và monitoring.";"";"trivial";"";"Frontend, translation, fixture hoặc dependency churn đã được sàng lọc; không có causal chain runtime riêng ngoài các đường API/monitoring được ánh xạ.";"";"";"screened-endpoint+history"
"1932";"v16.2.5";"v16.2.15";"src/pybind/mgr/dashboard/frontend/src/app/ceph/rgw/rgw-user-swift-key-modal/rgw-user-swift-key-modal.component.html";"";"M";"M";"2";"3";"FALSE";"100644";"100644";"200a6c544a6fbb4ba4401a41da1ccb75ccd9fc3a";"00f3cf0f249dc2e6586616ad17031a00e252bc4c";"7";"07-mgr-modules-monitoring";"P1";"runtime/source";"deep";"Chọn đọc sâu theo nhóm: implementation thuộc MGR, dashboard, module, metrics, alerts và monitoring.";"";"trivial";"";"Frontend, translation, fixture hoặc dependency churn đã được sàng lọc; không có causal chain runtime riêng ngoài các đường API/monitoring được ánh xạ.";"";"";"screened-endpoint+history"
"1933";"v16.2.5";"v16.2.15";"src/pybind/mgr/dashboard/frontend/src/app/ceph/shared/device-list/device-list.component.html";"";"M";"M";"30";"1";"FALSE";"100644";"100644";"66c18df61b316c0cd9b0ba0627ea732916f68ed2";"bee1495931c99287f61f4723a8d613c90235f247";"7";"07-mgr-modules-monitoring";"P1";"runtime/source";"deep";"Chọn đọc sâu theo nhóm: implementation thuộc MGR, dashboard, module, metrics, alerts và monitoring.";"";"trivial";"";"Frontend, translation, fixture hoặc dependency churn đã được sàng lọc; không có causal chain runtime riêng ngoài các đường API/monitoring được ánh xạ.";"";"";"screened-endpoint+history"
"1934";"v16.2.5";"v16.2.15";"src/pybind/mgr/dashboard/frontend/src/app/ceph/shared/device-list/device-list.component.ts";"";"M";"M";"9";"4";"FALSE";"100644";"100644";"5503d1319eb597f728155583743b595930177d25";"509b869d7153c162c3ec1695acb7c02e88823b36";"7";"07-mgr-modules-monitoring";"P1";"runtime/source";"deep";"Chọn đọc sâu theo nhóm: implementation thuộc MGR, dashboard, module, metrics, alerts và monitoring.";"";"trivial";"";"Frontend, translation, fixture hoặc dependency churn đã được sàng lọc; không có causal chain runtime riêng ngoài các đường API/monitoring được ánh xạ.";"";"";"screened-endpoint+history"
"1935";"v16.2.5";"v16.2.15";"src/pybind/mgr/dashboard/frontend/src/app/ceph/shared/pg-category.service.spec.ts";"";"M";"M";"1";"0";"FALSE";"100644";"100644";"302c3e202c6f32378d147d9a48a81db0b88816d3";"2b3e2975c4f87bd5f13da936830de47df1009893";"7";"07-mgr-modules-monitoring";"P1";"runtime/source";"deep";"Chọn đọc sâu theo nhóm: implementation thuộc MGR, dashboard, module, metrics, alerts và monitoring.";"";"trivial";"";"Frontend, translation, fixture hoặc dependency churn đã được sàng lọc; không có causal chain runtime riêng ngoài các đường API/monitoring được ánh xạ.";"";"";"screened-endpoint+history"
"1936";"v16.2.5";"v16.2.15";"src/pybind/mgr/dashboard/frontend/src/app/ceph/shared/pg-category.service.ts";"";"M";"M";"1";"1";"FALSE";"100644";"100644";"d9c90e8b24e9066425ee0cc1c41351ba0dd13973";"ae178ded2769d31692f3c6ef537f55223905287f";"7";"07-mgr-modules-monitoring";"P1";"runtime/source";"deep";"Chọn đọc sâu theo nhóm: implementation thuộc MGR, dashboard, module, metrics, alerts và monitoring.";"";"trivial";"";"Frontend, translation, fixture hoặc dependency churn đã được sàng lọc; không có causal chain runtime riêng ngoài các đường API/monitoring được ánh xạ.";"";"";"screened-endpoint+history"
"1937";"v16.2.5";"v16.2.15";"src/pybind/mgr/dashboard/frontend/src/app/ceph/shared/smart-list/fixtures/smart_data_version_1_0_ata_response.json";"src/pybind/mgr/dashboard/frontend/src/app/ceph/shared/smart-list/fixtures/smart_data_version_1_0_hdd_response.json";"R";"R100";"0";"0";"FALSE";"100644";"100644";"514c2966c04f7f92617ea85d9a0763cb092009ad";"514c2966c04f7f92617ea85d9a0763cb092009ad";"7";"07-mgr-modules-monitoring";"P2";"mechanical/zero-LOC";"reference-only";"Không đọc nội dung độc lập";"";"trivial";"";"Frontend, translation, fixture hoặc dependency churn đã được sàng lọc; không có causal chain runtime riêng ngoài các đường API/monitoring được ánh xạ.";"";"";"screened-endpoint+history"
"1938";"v16.2.5";"v16.2.15";"src/pybind/mgr/dashboard/frontend/src/app/ceph/shared/smart-list/fixtures/smart_data_version_1_0_scsi_response.json";"";"A";"A";"208";"0";"FALSE";"0";"100644";"0";"dfbe580c79f805990d96aa46ae558489110c7bca";"7";"07-mgr-modules-monitoring";"P2";"test/fixture-data";"reference-only";"Không đọc dữ liệu độc lập";"";"trivial";"";"Frontend, translation, fixture hoặc dependency churn đã được sàng lọc; không có causal chain runtime riêng ngoài các đường API/monitoring được ánh xạ.";"";"";"screened-endpoint+history"
"1939";"v16.2.5";"v16.2.15";"src/pybind/mgr/dashboard/frontend/src/app/ceph/shared/smart-list/smart-list.component.html";"";"M";"M";"5";"1";"FALSE";"100644";"100644";"063d0c29af81d71a9fef8943147ea54e43c17cdb";"805d7558e3df7eed48fa9b1d2e631ea513180280";"7";"07-mgr-modules-monitoring";"P1";"runtime/source";"deep";"Chọn đọc sâu theo nhóm: implementation thuộc MGR, dashboard, module, metrics, alerts và monitoring.";"";"trivial";"";"Frontend, translation, fixture hoặc dependency churn đã được sàng lọc; không có causal chain runtime riêng ngoài các đường API/monitoring được ánh xạ.";"";"";"screened-endpoint+history"
"1940";"v16.2.5";"v16.2.15";"src/pybind/mgr/dashboard/frontend/src/app/ceph/shared/smart-list/smart-list.component.spec.ts";"";"M";"M";"33";"7";"FALSE";"100644";"100644";"2827d67ec87f819ba30d9ac396ffae04c6cf66e6";"54c436ca6f3284c6bfdffebfca3023db9fe1a6d1";"7";"07-mgr-modules-monitoring";"P1";"runtime/source";"deep";"Chọn đọc sâu theo nhóm: implementation thuộc MGR, dashboard, module, metrics, alerts và monitoring.";"";"trivial";"";"Frontend, translation, fixture hoặc dependency churn đã được sàng lọc; không có causal chain runtime riêng ngoài các đường API/monitoring được ánh xạ.";"";"";"screened-endpoint+history"
"1941";"v16.2.5";"v16.2.15";"src/pybind/mgr/dashboard/frontend/src/app/ceph/shared/smart-list/smart-list.component.ts";"";"M";"M";"49";"8";"FALSE";"100644";"100644";"298e22b86d02fb75aa304535ec4e6ca575cf5397";"abfdcfe5be57fe3785ae92f5ea2739955c7231e8";"7";"07-mgr-modules-monitoring";"P1";"runtime/source";"deep";"Chọn đọc sâu theo nhóm: implementation thuộc MGR, dashboard, module, metrics, alerts và monitoring.";"";"trivial";"";"Frontend, translation, fixture hoặc dependency churn đã được sàng lọc; không có causal chain runtime riêng ngoài các đường API/monitoring được ánh xạ.";"";"";"screened-endpoint+history"
"1942";"v16.2.5";"v16.2.15";"src/pybind/mgr/dashboard/frontend/src/app/core/auth/login/login.component.spec.ts";"";"M";"M";"26";"0";"FALSE";"100644";"100644";"15a7275739f36d08c088bd0ba1238bbf6182b8f2";"fc02e9bdeeefbad495ddd56826f61b5b30f99f29";"7";"07-mgr-modules-monitoring";"P1";"runtime/source";"deep";"Chọn đọc sâu theo nhóm: implementation thuộc MGR, dashboard, module, metrics, alerts và monitoring.";"";"trivial";"";"Frontend, translation, fixture hoặc dependency churn đã được sàng lọc; không có causal chain runtime riêng ngoài các đường API/monitoring được ánh xạ.";"";"";"screened-endpoint+history"
"1943";"v16.2.5";"v16.2.15";"src/pybind/mgr/dashboard/frontend/src/app/core/auth/login/login.component.ts";"";"M";"M";"7";"1";"FALSE";"100644";"100644";"868ba66a002489cbd1e7ab3f48cfb2e8e46c7861";"a98548f94c766086934804eb8618ddc91a42ec22";"7";"07-mgr-modules-monitoring";"P1";"runtime/source";"deep";"Chọn đọc sâu theo nhóm: implementation thuộc MGR, dashboard, module, metrics, alerts và monitoring.";"";"trivial";"";"Frontend, translation, fixture hoặc dependency churn đã được sàng lọc; không có causal chain runtime riêng ngoài các đường API/monitoring được ánh xạ.";"";"";"screened-endpoint+history"
"1944";"v16.2.5";"v16.2.15";"src/pybind/mgr/dashboard/frontend/src/app/core/auth/role-form/role-form.component.html";"";"M";"M";"1";"1";"FALSE";"100644";"100644";"ce395236545ecd163942dbc184112bfe73b69262";"08904c1c2b3366fed37bf5c6c06fe3290af31d8c";"7";"07-mgr-modules-monitoring";"P1";"runtime/source";"deep";"Chọn đọc sâu theo nhóm: implementation thuộc MGR, dashboard, module, metrics, alerts và monitoring.";"";"trivial";"";"Frontend, translation, fixture hoặc dependency churn đã được sàng lọc; không có causal chain runtime riêng ngoài các đường API/monitoring được ánh xạ.";"";"";"screened-endpoint+history"
"1945";"v16.2.5";"v16.2.15";"src/pybind/mgr/dashboard/frontend/src/app/core/auth/user-form/user-form.component.html";"";"M";"M";"1";"1";"FALSE";"100644";"100644";"098b15e97af1ad27eb527e6cdf28d7dadcc5d77f";"df97face81a3f215f2f02669375975ef2ab6668f";"7";"07-mgr-modules-monitoring";"P1";"runtime/source";"deep";"Chọn đọc sâu theo nhóm: implementation thuộc MGR, dashboard, module, metrics, alerts và monitoring.";"";"trivial";"";"Frontend, translation, fixture hoặc dependency churn đã được sàng lọc; không có causal chain runtime riêng ngoài các đường API/monitoring được ánh xạ.";"";"";"screened-endpoint+history"
"1946";"v16.2.5";"v16.2.15";"src/pybind/mgr/dashboard/frontend/src/app/core/auth/user-password-form/user-password-form.component.html";"";"M";"M";"1";"1";"FALSE";"100644";"100644";"64a679a32ba1b04f1d13de18a0262060f8433d13";"83eb409446e0c11f6a8b8fce58cd5556f74580b7";"7";"07-mgr-modules-monitoring";"P1";"runtime/source";"deep";"Chọn đọc sâu theo nhóm: implementation thuộc MGR, dashboard, module, metrics, alerts và monitoring.";"";"trivial";"";"Frontend, translation, fixture hoặc dependency churn đã được sàng lọc; không có causal chain runtime riêng ngoài các đường API/monitoring được ánh xạ.";"";"";"screened-endpoint+history"
"1947";"v16.2.5";"v16.2.15";"src/pybind/mgr/dashboard/frontend/src/app/core/context/context.component.ts";"";"M";"M";"1";"1";"FALSE";"100644";"100644";"3aea56868082f655cee409daf128d857df5e5581";"8de611307a71fc35538b09b1eb21b695cddfa5b4";"7";"07-mgr-modules-monitoring";"P1";"runtime/source";"deep";"Chọn đọc sâu theo nhóm: implementation thuộc MGR, dashboard, module, metrics, alerts và monitoring.";"";"trivial";"";"Frontend, translation, fixture hoặc dependency churn đã được sàng lọc; không có causal chain runtime riêng ngoài các đường API/monitoring được ánh xạ.";"";"";"screened-endpoint+history"
"1948";"v16.2.5";"v16.2.15";"src/pybind/mgr/dashboard/frontend/src/app/core/error/error.component.html";"";"M";"M";"56";"29";"FALSE";"100644";"100644";"93438532e74034050ff17a7db8bbc0c95152b47f";"164c181dab4bb76ad865ad9ed1c2dea5746a23bf";"7";"07-mgr-modules-monitoring";"P1";"runtime/source";"deep";"Chọn đọc sâu theo nhóm: implementation thuộc MGR, dashboard, module, metrics, alerts và monitoring.";"";"trivial";"";"Frontend, translation, fixture hoặc dependency churn đã được sàng lọc; không có causal chain runtime riêng ngoài các đường API/monitoring được ánh xạ.";"";"";"screened-endpoint+history"
"1949";"v16.2.5";"v16.2.15";"src/pybind/mgr/dashboard/frontend/src/app/core/error/error.component.scss";"";"M";"M";"0";"29";"FALSE";"100644";"100644";"618202da8bd23456f14a0f59a2c0199e79bcf665";"feb4e0f95829a2b54d3742d9c3e6f581c8ab882f";"7";"07-mgr-modules-monitoring";"P1";"runtime/source";"deep";"Chọn đọc sâu theo nhóm: implementation thuộc MGR, dashboard, module, metrics, alerts và monitoring.";"";"trivial";"";"Frontend, translation, fixture hoặc dependency churn đã được sàng lọc; không có causal chain runtime riêng ngoài các đường API/monitoring được ánh xạ.";"";"";"screened-endpoint+history"
"1950";"v16.2.5";"v16.2.15";"src/pybind/mgr/dashboard/frontend/src/app/core/error/error.component.spec.ts";"";"M";"M";"3";"1";"FALSE";"100644";"100644";"3e9b24ebf8e611cc560f7e679922ac4ea2ec9056";"5763d4d975fb6dd3ea2e85c496fdf1d765c3ddc4";"7";"07-mgr-modules-monitoring";"P1";"runtime/source";"deep";"Chọn đọc sâu theo nhóm: implementation thuộc MGR, dashboard, module, metrics, alerts và monitoring.";"";"trivial";"";"Frontend, translation, fixture hoặc dependency churn đã được sàng lọc; không có causal chain runtime riêng ngoài các đường API/monitoring được ánh xạ.";"";"";"screened-endpoint+history"
"1951";"v16.2.5";"v16.2.15";"src/pybind/mgr/dashboard/frontend/src/app/core/error/error.component.ts";"";"M";"M";"40";"3";"FALSE";"100644";"100644";"1f2cf57c5088780a25fcf11c4bcc8cb69ac2e855";"d26bc6db43b764ee518383e4cfb866cd80814afa";"7";"07-mgr-modules-monitoring";"P1";"runtime/source";"deep";"Chọn đọc sâu theo nhóm: implementation thuộc MGR, dashboard, module, metrics, alerts và monitoring.";"";"trivial";"";"Frontend, translation, fixture hoặc dependency churn đã được sàng lọc; không có causal chain runtime riêng ngoài các đường API/monitoring được ánh xạ.";"";"";"screened-endpoint+history"
"1952";"v16.2.5";"v16.2.15";"src/pybind/mgr/dashboard/frontend/src/app/core/layouts/login-layout/login-layout.component.html";"";"M";"M";"5";"4";"FALSE";"100644";"100644";"81f1d56cfe3d84c2e635e6f2da3ba64f11fd9f4a";"1222fcc2ad5c3f9e0f5d6c2cb3b0bc52002f963c";"7";"07-mgr-modules-monitoring";"P1";"runtime/source";"deep";"Chọn đọc sâu theo nhóm: implementation thuộc MGR, dashboard, module, metrics, alerts và monitoring.";"";"trivial";"";"Frontend, translation, fixture hoặc dependency churn đã được sàng lọc; không có causal chain runtime riêng ngoài các đường API/monitoring được ánh xạ.";"";"";"screened-endpoint+history"
"1953";"v16.2.5";"v16.2.15";"src/pybind/mgr/dashboard/frontend/src/app/core/layouts/login-layout/login-layout.component.scss";"";"M";"M";"17";"1";"FALSE";"100644";"100644";"f55ae8d0c5139c82fe0aae6dd1104af25a65f65d";"d5c9f73ec52f828d5952ba12caf40fa34417721b";"7";"07-mgr-modules-monitoring";"P1";"runtime/source";"deep";"Chọn đọc sâu theo nhóm: implementation thuộc MGR, dashboard, module, metrics, alerts và monitoring.";"";"trivial";"";"Frontend, translation, fixture hoặc dependency churn đã được sàng lọc; không có causal chain runtime riêng ngoài các đường API/monitoring được ánh xạ.";"";"";"screened-endpoint+history"
"1954";"v16.2.5";"v16.2.15";"src/pybind/mgr/dashboard/frontend/src/app/core/layouts/workbench-layout/workbench-layout.component.scss";"";"M";"M";"1";"0";"FALSE";"100644";"100644";"dfc7912d8156ddea4df6f09ca3393af84973a1dc";"7ec90d43ec9e313e8b1e8942a72ea84ec6bc968e";"7";"07-mgr-modules-monitoring";"P1";"runtime/source";"deep";"Chọn đọc sâu theo nhóm: implementation thuộc MGR, dashboard, module, metrics, alerts và monitoring.";"";"trivial";"";"Frontend, translation, fixture hoặc dependency churn đã được sàng lọc; không có causal chain runtime riêng ngoài các đường API/monitoring được ánh xạ.";"";"";"screened-endpoint+history"
"1955";"v16.2.5";"v16.2.15";"src/pybind/mgr/dashboard/frontend/src/app/core/navigation/api-docs/api-docs.component.html";"";"A";"A";"3";"0";"FALSE";"0";"100644";"0";"2dd0ff424c0f498beda7de4bd102985f3f32da02";"7";"07-mgr-modules-monitoring";"P1";"runtime/source";"deep";"Chọn đọc sâu theo nhóm: implementation thuộc MGR, dashboard, module, metrics, alerts và monitoring.";"";"trivial";"";"Frontend, translation, fixture hoặc dependency churn đã được sàng lọc; không có causal chain runtime riêng ngoài các đường API/monitoring được ánh xạ.";"";"";"screened-endpoint+history"
"1956";"v16.2.5";"v16.2.15";"src/pybind/mgr/dashboard/frontend/src/app/core/navigation/api-docs/api-docs.component.scss";"";"A";"A";"7";"0";"FALSE";"0";"100644";"0";"88928648859b0d84964b072f7e0889b2135c9482";"7";"07-mgr-modules-monitoring";"P1";"runtime/source";"deep";"Chọn đọc sâu theo nhóm: implementation thuộc MGR, dashboard, module, metrics, alerts và monitoring.";"";"trivial";"";"Frontend, translation, fixture hoặc dependency churn đã được sàng lọc; không có causal chain runtime riêng ngoài các đường API/monitoring được ánh xạ.";"";"";"screened-endpoint+history"
"1957";"v16.2.5";"v16.2.15";"src/pybind/mgr/dashboard/frontend/src/app/core/navigation/api-docs/api-docs.component.ts";"";"A";"A";"18";"0";"FALSE";"0";"100644";"0";"7d9ea86ebe81ccaeecdae19ff218fecbaf06f9b0";"7";"07-mgr-modules-monitoring";"P1";"runtime/source";"deep";"Chọn đọc sâu theo nhóm: implementation thuộc MGR, dashboard, module, metrics, alerts và monitoring.";"";"trivial";"";"Frontend, translation, fixture hoặc dependency churn đã được sàng lọc; không có causal chain runtime riêng ngoài các đường API/monitoring được ánh xạ.";"";"";"screened-endpoint+history"
"1958";"v16.2.5";"v16.2.15";"src/pybind/mgr/dashboard/frontend/src/app/core/navigation/dashboard-help/dashboard-help.component.html";"";"M";"M";"1";"1";"FALSE";"100644";"100644";"766645fa7e72880ade27dd6261899c0649a04d28";"274ec71df78b13619396d66bed0e186429008f4c";"7";"07-mgr-modules-monitoring";"P1";"runtime/source";"deep";"Chọn đọc sâu theo nhóm: implementation thuộc MGR, dashboard, module, metrics, alerts và monitoring.";"";"trivial";"";"Frontend, translation, fixture hoặc dependency churn đã được sàng lọc; không có causal chain runtime riêng ngoài các đường API/monitoring được ánh xạ.";"";"";"screened-endpoint+history"
"1959";"v16.2.5";"v16.2.15";"src/pybind/mgr/dashboard/frontend/src/app/core/navigation/navigation.module.ts";"";"M";"M";"2";"0";"FALSE";"100644";"100644";"f189ad41b857d42a91ad1de27af42dedbc6ff104";"c8d2a9d9caba638c4ea13236efa326d53693c795";"7";"07-mgr-modules-monitoring";"P1";"runtime/source";"deep";"Chọn đọc sâu theo nhóm: implementation thuộc MGR, dashboard, module, metrics, alerts và monitoring.";"";"trivial";"";"Frontend, translation, fixture hoặc dependency churn đã được sàng lọc; không có causal chain runtime riêng ngoài các đường API/monitoring được ánh xạ.";"";"";"screened-endpoint+history"
"1960";"v16.2.5";"v16.2.15";"src/pybind/mgr/dashboard/frontend/src/app/core/navigation/navigation/navigation.component.html";"";"M";"M";"255";"251";"FALSE";"100644";"100644";"4d0c64b9032ab50d5796a1de288b1a9085066fca";"bdb35a610d973036def487cee01a53bbfc5acf63";"7";"07-mgr-modules-monitoring";"P1";"runtime/source";"deep";"Chọn đọc sâu theo nhóm: implementation thuộc MGR, dashboard, module, metrics, alerts và monitoring.";"";"trivial";"";"Frontend, translation, fixture hoặc dependency churn đã được sàng lọc; không có causal chain runtime riêng ngoài các đường API/monitoring được ánh xạ.";"";"";"screened-endpoint+history"
"1961";"v16.2.5";"v16.2.15";"src/pybind/mgr/dashboard/frontend/src/app/core/navigation/navigation/navigation.component.scss";"";"M";"M";"15";"32";"FALSE";"100644";"100644";"f559abbf2b95be9605caad0778ed08601b6181b4";"f0ce4cd92def728178da00db72fbf50746a70cb5";"7";"07-mgr-modules-monitoring";"P1";"runtime/source";"deep";"Chọn đọc sâu theo nhóm: implementation thuộc MGR, dashboard, module, metrics, alerts và monitoring.";"";"trivial";"";"Frontend, translation, fixture hoặc dependency churn đã được sàng lọc; không có causal chain runtime riêng ngoài các đường API/monitoring được ánh xạ.";"";"";"screened-endpoint+history"
"1962";"v16.2.5";"v16.2.15";"src/pybind/mgr/dashboard/frontend/src/app/core/navigation/navigation/navigation.component.spec.ts";"";"M";"M";"2";"1";"FALSE";"100644";"100644";"afac730c73a16fa8a6ca3a810fca9aaf3b4ddb08";"241910f2b4152294400b4504358e9e08ef538f81";"7";"07-mgr-modules-monitoring";"P1";"runtime/source";"deep";"Chọn đọc sâu theo nhóm: implementation thuộc MGR, dashboard, module, metrics, alerts và monitoring.";"";"trivial";"";"Frontend, translation, fixture hoặc dependency churn đã được sàng lọc; không có causal chain runtime riêng ngoài các đường API/monitoring được ánh xạ.";"";"";"screened-endpoint+history"
"1963";"v16.2.5";"v16.2.15";"src/pybind/mgr/dashboard/frontend/src/app/core/navigation/navigation/navigation.component.ts";"";"M";"M";"9";"1";"FALSE";"100644";"100644";"c135def6f4c8a169525a3b388df79dc890685daa";"512feecef9d659e0777ecf36021a6501d927c800";"7";"07-mgr-modules-monitoring";"P1";"runtime/source";"deep";"Chọn đọc sâu theo nhóm: implementation thuộc MGR, dashboard, module, metrics, alerts và monitoring.";"";"trivial";"";"Frontend, translation, fixture hoặc dependency churn đã được sàng lọc; không có causal chain runtime riêng ngoài các đường API/monitoring được ánh xạ.";"";"";"screened-endpoint+history"
"1964";"v16.2.5";"v16.2.15";"src/pybind/mgr/dashboard/frontend/src/app/shared/api/api-client.spec.ts";"";"A";"A";"11";"0";"FALSE";"0";"100644";"0";"0d521a889482931c8a631b36d22e5a26bbf41747";"7";"07-mgr-modules-monitoring";"P1";"runtime/source";"deep";"Chọn đọc sâu theo nhóm: implementation thuộc MGR, dashboard, module, metrics, alerts và monitoring.";"";"trivial";"";"Frontend, translation, fixture hoặc dependency churn đã được sàng lọc; không có causal chain runtime riêng ngoài các đường API/monitoring được ánh xạ.";"";"";"screened-endpoint+history"
"1965";"v16.2.5";"v16.2.15";"src/pybind/mgr/dashboard/frontend/src/app/shared/api/api-client.ts";"";"A";"A";"5";"0";"FALSE";"0";"100644";"0";"06583eb100087edf7f13776ccf14ed4981a4e613";"7";"07-mgr-modules-monitoring";"P1";"runtime/source";"deep";"Chọn đọc sâu theo nhóm: implementation thuộc MGR, dashboard, module, metrics, alerts và monitoring.";"";"trivial";"";"Frontend, translation, fixture hoặc dependency churn đã được sàng lọc; không có causal chain runtime riêng ngoài các đường API/monitoring được ánh xạ.";"";"";"screened-endpoint+history"
"1966";"v16.2.5";"v16.2.15";"src/pybind/mgr/dashboard/frontend/src/app/shared/api/ceph-service.service.ts";"";"M";"M";"14";"0";"FALSE";"100644";"100644";"07bd4deb9cb1f06f1d4e38eb834e56d2212fe713";"c62dfea7c0155b71fcae79c5d4a424d62f4e4e8a";"7";"07-mgr-modules-monitoring";"P1";"runtime/source";"deep";"Chọn đọc sâu theo nhóm: implementation thuộc MGR, dashboard, module, metrics, alerts và monitoring.";"";"trivial";"";"Frontend, translation, fixture hoặc dependency churn đã được sàng lọc; không có causal chain runtime riêng ngoài các đường API/monitoring được ánh xạ.";"";"";"screened-endpoint+history"
"1967";"v16.2.5";"v16.2.15";"src/pybind/mgr/dashboard/frontend/src/app/shared/api/cluster.service.spec.ts";"";"A";"A";"42";"0";"FALSE";"0";"100644";"0";"758f670eec66bd827cb8134fb00eab88a5dd1901";"7";"07-mgr-modules-monitoring";"P1";"runtime/source";"deep";"Chọn đọc sâu theo nhóm: implementation thuộc MGR, dashboard, module, metrics, alerts và monitoring.";"";"trivial";"";"Frontend, translation, fixture hoặc dependency churn đã được sàng lọc; không có causal chain runtime riêng ngoài các đường API/monitoring được ánh xạ.";"";"";"screened-endpoint+history"
"1968";"v16.2.5";"v16.2.15";"src/pybind/mgr/dashboard/frontend/src/app/shared/api/cluster.service.ts";"";"A";"A";"27";"0";"FALSE";"0";"100644";"0";"6b435d6ffed1dc15a7c5a4de19e9a2d650a7acfe";"7";"07-mgr-modules-monitoring";"P1";"runtime/source";"deep";"Chọn đọc sâu theo nhóm: implementation thuộc MGR, dashboard, module, metrics, alerts và monitoring.";"";"trivial";"";"Frontend, translation, fixture hoặc dependency churn đã được sàng lọc; không có causal chain runtime riêng ngoài các đường API/monitoring được ánh xạ.";"";"";"screened-endpoint+history"
"1969";"v16.2.5";"v16.2.15";"src/pybind/mgr/dashboard/frontend/src/app/shared/api/custom-login-banner.service.spec.ts";"";"A";"A";"35";"0";"FALSE";"0";"100644";"0";"d1db441c710cab08099baaa88e62ab343fbc872e";"7";"07-mgr-modules-monitoring";"P1";"runtime/source";"deep";"Chọn đọc sâu theo nhóm: implementation thuộc MGR, dashboard, module, metrics, alerts và monitoring.";"";"trivial";"";"Frontend, translation, fixture hoặc dependency churn đã được sàng lọc; không có causal chain runtime riêng ngoài các đường API/monitoring được ánh xạ.";"";"";"screened-endpoint+history"
"1970";"v16.2.5";"v16.2.15";"src/pybind/mgr/dashboard/frontend/src/app/shared/api/custom-login-banner.service.ts";"";"A";"A";"15";"0";"FALSE";"0";"100644";"0";"7c499eb13707b7106b2dd6f5efed175cc5d63109";"7";"07-mgr-modules-monitoring";"P1";"runtime/source";"deep";"Chọn đọc sâu theo nhóm: implementation thuộc MGR, dashboard, module, metrics, alerts và monitoring.";"";"trivial";"";"Frontend, translation, fixture hoặc dependency churn đã được sàng lọc; không có causal chain runtime riêng ngoài các đường API/monitoring được ánh xạ.";"";"";"screened-endpoint+history"
"1971";"v16.2.5";"v16.2.15";"src/pybind/mgr/dashboard/frontend/src/app/shared/api/daemon.service.spec.ts";"";"A";"A";"39";"0";"FALSE";"0";"100644";"0";"787e5db7c93ab45c3d3b06adc250f970a73f530b";"7";"07-mgr-modules-monitoring";"P1";"runtime/source";"deep";"Chọn đọc sâu theo nhóm: implementation thuộc MGR, dashboard, module, metrics, alerts và monitoring.";"";"trivial";"";"Frontend, translation, fixture hoặc dependency churn đã được sàng lọc; không có causal chain runtime riêng ngoài các đường API/monitoring được ánh xạ.";"";"";"screened-endpoint+history"
"1972";"v16.2.5";"v16.2.15";"src/pybind/mgr/dashboard/frontend/src/app/shared/api/daemon.service.ts";"";"A";"A";"28";"0";"FALSE";"0";"100644";"0";"a66ed7edb1983d1a144eeab89d6dd4aea4825f8b";"7";"07-mgr-modules-monitoring";"P1";"runtime/source";"deep";"Chọn đọc sâu theo nhóm: implementation thuộc MGR, dashboard, module, metrics, alerts và monitoring.";"";"trivial";"";"Frontend, translation, fixture hoặc dependency churn đã được sàng lọc; không có causal chain runtime riêng ngoài các đường API/monitoring được ánh xạ.";"";"";"screened-endpoint+history"
"1973";"v16.2.5";"v16.2.15";"src/pybind/mgr/dashboard/frontend/src/app/shared/api/host.service.spec.ts";"";"M";"M";"18";"4";"FALSE";"100644";"100644";"8a7de5e25d6341b3da26067126c49cb0114ad4af";"e4b6476f2c08b49379d9db292542fba40b680e98";"7";"07-mgr-modules-monitoring";"P1";"runtime/source";"deep";"Chọn đọc sâu theo nhóm: implementation thuộc MGR, dashboard, module, metrics, alerts và monitoring.";"";"trivial";"";"Frontend, translation, fixture hoặc dependency churn đã được sàng lọc; không có causal chain runtime riêng ngoài các đường API/monitoring được ánh xạ.";"";"";"screened-endpoint+history"
"1974";"v16.2.5";"v16.2.15";"src/pybind/mgr/dashboard/frontend/src/app/shared/api/host.service.ts";"";"M";"M";"22";"9";"FALSE";"100644";"100644";"7f8956baa263d1919219e475b87088d05b408384";"d13f415275aa32f76ce858f6dc9d1d04e5ffb8b1";"7";"07-mgr-modules-monitoring";"P1";"runtime/source";"deep";"Chọn đọc sâu theo nhóm: implementation thuộc MGR, dashboard, module, metrics, alerts và monitoring.";"";"support";"MGR-007";"Frontend constructs explicit versioned Accept headers and preserves default API negotiation.";"HostService;CdHelperClass.cdVersionHeader;ApiInterceptorService";"c3152,1eb908";"support-inspected"
"1975";"v16.2.5";"v16.2.15";"src/pybind/mgr/dashboard/frontend/src/app/shared/api/motd.service.spec.ts";"";"A";"A";"34";"0";"FALSE";"0";"100644";"0";"e186e8423ec86df9816825beb1402a2d5bb0f761";"7";"07-mgr-modules-monitoring";"P1";"runtime/source";"deep";"Chọn đọc sâu theo nhóm: implementation thuộc MGR, dashboard, module, metrics, alerts và monitoring.";"";"trivial";"";"Frontend, translation, fixture hoặc dependency churn đã được sàng lọc; không có causal chain runtime riêng ngoài các đường API/monitoring được ánh xạ.";"";"";"screened-endpoint+history"
"1976";"v16.2.5";"v16.2.15";"src/pybind/mgr/dashboard/frontend/src/app/shared/api/motd.service.ts";"";"A";"A";"25";"0";"FALSE";"0";"100644";"0";"dd17b2e04efd39e98245a20cbdae707035fa39db";"7";"07-mgr-modules-monitoring";"P1";"runtime/source";"deep";"Chọn đọc sâu theo nhóm: implementation thuộc MGR, dashboard, module, metrics, alerts và monitoring.";"";"trivial";"";"Frontend, translation, fixture hoặc dependency churn đã được sàng lọc; không có causal chain runtime riêng ngoài các đường API/monitoring được ánh xạ.";"";"";"screened-endpoint+history"
"1977";"v16.2.5";"v16.2.15";"src/pybind/mgr/dashboard/frontend/src/app/shared/api/nfs.service.spec.ts";"";"M";"M";"10";"26";"FALSE";"100644";"100644";"07f5a1890fbd38bce42a2bfc419fd78d995d14ee";"139fa490bfd82ef1684ce9fcc5eab6a69503120a";"7";"07-mgr-modules-monitoring";"P1";"runtime/source";"deep";"Chọn đọc sâu theo nhóm: implementation thuộc MGR, dashboard, module, metrics, alerts và monitoring.";"";"trivial";"";"Frontend, translation, fixture hoặc dependency churn đã được sàng lọc; không có causal chain runtime riêng ngoài các đường API/monitoring được ánh xạ.";"";"";"screened-endpoint+history"
"1978";"v16.2.5";"v16.2.15";"src/pybind/mgr/dashboard/frontend/src/app/shared/api/nfs.service.ts";"";"M";"M";"43";"41";"FALSE";"100644";"100644";"997faab9344e4b49347eb6cd472814ab381dfb73";"9b4e4a0a288d06927e53b7e7e9027e37f5e22814";"7";"07-mgr-modules-monitoring";"P1";"runtime/source";"deep";"Chọn đọc sâu theo nhóm: implementation thuộc MGR, dashboard, module, metrics, alerts và monitoring.";"";"trivial";"";"Frontend, translation, fixture hoặc dependency churn đã được sàng lọc; không có causal chain runtime riêng ngoài các đường API/monitoring được ánh xạ.";"";"";"screened-endpoint+history"
"1979";"v16.2.5";"v16.2.15";"src/pybind/mgr/dashboard/frontend/src/app/shared/api/orchestrator.service.spec.ts";"";"M";"M";"2";"2";"FALSE";"100644";"100644";"f4c7e4390ca180eadd585fb9dd7a0cb8b1565612";"c49cb8b0d81733e6b1b9f599169f0c5b2a512c92";"7";"07-mgr-modules-monitoring";"P1";"runtime/source";"deep";"Chọn đọc sâu theo nhóm: implementation thuộc MGR, dashboard, module, metrics, alerts và monitoring.";"";"trivial";"";"Frontend, translation, fixture hoặc dependency churn đã được sàng lọc; không có causal chain runtime riêng ngoài các đường API/monitoring được ánh xạ.";"";"";"screened-endpoint+history"
"1980";"v16.2.5";"v16.2.15";"src/pybind/mgr/dashboard/frontend/src/app/shared/api/orchestrator.service.ts";"";"M";"M";"1";"1";"FALSE";"100644";"100644";"20117158215128ad023c3b90008907aba8a4522a";"a6e33e8342acbec2b249d0ec518f2f6143078089";"7";"07-mgr-modules-monitoring";"P1";"runtime/source";"deep";"Chọn đọc sâu theo nhóm: implementation thuộc MGR, dashboard, module, metrics, alerts và monitoring.";"";"trivial";"";"Frontend, translation, fixture hoặc dependency churn đã được sàng lọc; không có causal chain runtime riêng ngoài các đường API/monitoring được ánh xạ.";"";"";"screened-endpoint+history"
"1981";"v16.2.5";"v16.2.15";"src/pybind/mgr/dashboard/frontend/src/app/shared/api/osd.service.spec.ts";"";"M";"M";"9";"2";"FALSE";"100644";"100644";"135bbaf39bc3b643b49113939ba4c9c021ada119";"d1f9997791ae0605fed6d746ab6bb38c79ac00a0";"7";"07-mgr-modules-monitoring";"P1";"runtime/source";"deep";"Chọn đọc sâu theo nhóm: implementation thuộc MGR, dashboard, module, metrics, alerts và monitoring.";"";"trivial";"";"Frontend, translation, fixture hoặc dependency churn đã được sàng lọc; không có causal chain runtime riêng ngoài các đường API/monitoring được ánh xạ.";"";"";"screened-endpoint+history"
"1982";"v16.2.5";"v16.2.15";"src/pybind/mgr/dashboard/frontend/src/app/shared/api/osd.service.ts";"";"M";"M";"23";"3";"FALSE";"100644";"100644";"9bff8083936e1fd2d6f07d89a05fa6e9a939a16f";"34461bf6314930ba2b98b9e43ae3c02320055675";"7";"07-mgr-modules-monitoring";"P1";"runtime/source";"deep";"Chọn đọc sâu theo nhóm: implementation thuộc MGR, dashboard, module, metrics, alerts và monitoring.";"";"trivial";"";"Frontend, translation, fixture hoặc dependency churn đã được sàng lọc; không có causal chain runtime riêng ngoài các đường API/monitoring được ánh xạ.";"";"";"screened-endpoint+history"
"1983";"v16.2.5";"v16.2.15";"src/pybind/mgr/dashboard/frontend/src/app/shared/api/rbd.model.ts";"";"M";"M";"1";"0";"FALSE";"100644";"100644";"af646d8ac61d3cf8bc725192139de50543f348ad";"d14b2bc40654fd148892ca2bd414be99319335e0";"7";"07-mgr-modules-monitoring";"P1";"runtime/source";"deep";"Chọn đọc sâu theo nhóm: implementation thuộc MGR, dashboard, module, metrics, alerts và monitoring.";"";"trivial";"";"Frontend, translation, fixture hoặc dependency churn đã được sàng lọc; không có causal chain runtime riêng ngoài các đường API/monitoring được ánh xạ.";"";"";"screened-endpoint+history"
"1984";"v16.2.5";"v16.2.15";"src/pybind/mgr/dashboard/frontend/src/app/shared/api/rbd.service.spec.ts";"";"M";"M";"10";"4";"FALSE";"100644";"100644";"a66d861e46432839e0cd43ab2237e0ad7ba27f29";"5bafc9e63d37119da657b6a40fc67b05b182d8c6";"7";"07-mgr-modules-monitoring";"P1";"runtime/source";"deep";"Chọn đọc sâu theo nhóm: implementation thuộc MGR, dashboard, module, metrics, alerts và monitoring.";"";"trivial";"";"Frontend, translation, fixture hoặc dependency churn đã được sàng lọc; không có causal chain runtime riêng ngoài các đường API/monitoring được ánh xạ.";"";"";"screened-endpoint+history"
"1985";"v16.2.5";"v16.2.15";"src/pybind/mgr/dashboard/frontend/src/app/shared/api/rbd.service.ts";"";"M";"M";"33";"18";"FALSE";"100644";"100644";"5482f093122869cd38e672062a3d7f2cc2470a24";"0ffa8fcff1c8eb31a8e37f8d3524f3430a599fc3";"7";"07-mgr-modules-monitoring";"P1";"runtime/source";"deep";"Chọn đọc sâu theo nhóm: implementation thuộc MGR, dashboard, module, metrics, alerts và monitoring.";"";"trivial";"";"Frontend, translation, fixture hoặc dependency churn đã được sàng lọc; không có causal chain runtime riêng ngoài các đường API/monitoring được ánh xạ.";"";"";"screened-endpoint+history"
"1986";"v16.2.5";"v16.2.15";"src/pybind/mgr/dashboard/frontend/src/app/shared/api/rgw-bucket.service.spec.ts";"";"M";"M";"9";"1";"FALSE";"100644";"100644";"6e3fbf660ca2f740f59e2023c59c1aa9b4853073";"b22b67e349123c244dc7ad0f24c2f7c8c9fe4001";"7";"07-mgr-modules-monitoring";"P1";"runtime/source";"deep";"Chọn đọc sâu theo nhóm: implementation thuộc MGR, dashboard, module, metrics, alerts và monitoring.";"";"trivial";"";"Frontend, translation, fixture hoặc dependency churn đã được sàng lọc; không có causal chain runtime riêng ngoài các đường API/monitoring được ánh xạ.";"";"";"screened-endpoint+history"
"1987";"v16.2.5";"v16.2.15";"src/pybind/mgr/dashboard/frontend/src/app/shared/api/rgw-bucket.service.ts";"";"M";"M";"14";"5";"FALSE";"100644";"100644";"47126f186d19c4b8bf61198f9543ff589d8e6adc";"fc88bfa7181649658c4c04005d7dd12ef750f7a7";"7";"07-mgr-modules-monitoring";"P1";"runtime/source";"deep";"Chọn đọc sâu theo nhóm: implementation thuộc MGR, dashboard, module, metrics, alerts và monitoring.";"";"trivial";"";"Frontend, translation, fixture hoặc dependency churn đã được sàng lọc; không có causal chain runtime riêng ngoài các đường API/monitoring được ánh xạ.";"";"";"screened-endpoint+history"
"1988";"v16.2.5";"v16.2.15";"src/pybind/mgr/dashboard/frontend/src/app/shared/api/rgw-daemon.service.spec.ts";"";"M";"M";"13";"2";"FALSE";"100644";"100644";"6f96c6ab51a593754d0f116d1c08e3aad6dc5272";"d669ddefcb3fbd11ce689e7d7c9ad1e2f8d3f076";"7";"07-mgr-modules-monitoring";"P1";"runtime/source";"deep";"Chọn đọc sâu theo nhóm: implementation thuộc MGR, dashboard, module, metrics, alerts và monitoring.";"";"trivial";"";"Frontend, translation, fixture hoặc dependency churn đã được sàng lọc; không có causal chain runtime riêng ngoài các đường API/monitoring được ánh xạ.";"";"";"screened-endpoint+history"
"1989";"v16.2.5";"v16.2.15";"src/pybind/mgr/dashboard/frontend/src/app/shared/api/rgw-daemon.service.ts";"";"M";"M";"11";"10";"FALSE";"100644";"100644";"bc81dacf47e0c9174055c2c3f615e4fd8f249db4";"5c513c7f1fa1c894790c8007bf35488d4d8a6fa8";"7";"07-mgr-modules-monitoring";"P1";"runtime/source";"deep";"Chọn đọc sâu theo nhóm: implementation thuộc MGR, dashboard, module, metrics, alerts và monitoring.";"";"trivial";"";"Frontend, translation, fixture hoặc dependency churn đã được sàng lọc; không có causal chain runtime riêng ngoài các đường API/monitoring được ánh xạ.";"";"";"screened-endpoint+history"
"1990";"v16.2.5";"v16.2.15";"src/pybind/mgr/dashboard/frontend/src/app/shared/api/rgw-site.service.ts";"";"M";"M";"14";"0";"FALSE";"100644";"100644";"545179dcf1abe44f7ccc7d8ebc90fb237e89226e";"49589c83f4e071a23a75a77a621713435585ef6b";"7";"07-mgr-modules-monitoring";"P1";"runtime/source";"deep";"Chọn đọc sâu theo nhóm: implementation thuộc MGR, dashboard, module, metrics, alerts và monitoring.";"";"trivial";"";"Frontend, translation, fixture hoặc dependency churn đã được sàng lọc; không có causal chain runtime riêng ngoài các đường API/monitoring được ánh xạ.";"";"";"screened-endpoint+history"
"1991";"v16.2.5";"v16.2.15";"src/pybind/mgr/dashboard/frontend/src/app/shared/classes/cd-helper.class.ts";"";"M";"M";"4";"0";"FALSE";"100644";"100644";"5c872b42fd83a98fb1cc6038f9b3998b4df180fb";"25057312536ac11acb3faba7a1e22f8b2ca6e8a7";"7";"07-mgr-modules-monitoring";"P1";"runtime/source";"deep";"Chọn đọc sâu theo nhóm: implementation thuộc MGR, dashboard, module, metrics, alerts và monitoring.";"";"support";"MGR-007";"Frontend constructs explicit versioned Accept headers and preserves default API negotiation.";"HostService;CdHelperClass.cdVersionHeader;ApiInterceptorService";"c3152,1eb908";"support-inspected"
"1992";"v16.2.5";"v16.2.15";"src/pybind/mgr/dashboard/frontend/src/app/shared/classes/list-with-details.class.ts";"";"M";"M";"22";"0";"FALSE";"100644";"100644";"585742622417eb910d2ffcf2e977fb30636eb3d3";"2eaeeb35eecf85f6f31b7e7805e671ffdd59dfe1";"7";"07-mgr-modules-monitoring";"P1";"runtime/source";"deep";"Chọn đọc sâu theo nhóm: implementation thuộc MGR, dashboard, module, metrics, alerts và monitoring.";"";"trivial";"";"Frontend, translation, fixture hoặc dependency churn đã được sàng lọc; không có causal chain runtime riêng ngoài các đường API/monitoring được ánh xạ.";"";"";"screened-endpoint+history"
"1993";"v16.2.5";"v16.2.15";"src/pybind/mgr/dashboard/frontend/src/app/shared/components/alert-panel/alert-panel.component.html";"";"M";"M";"2";"1";"FALSE";"100644";"100644";"17b4f1863d53d09bf2050e6d8e18a92085430ad6";"be8096427a6c442eccb793b05a8f4c913816ec35";"7";"07-mgr-modules-monitoring";"P1";"runtime/source";"deep";"Chọn đọc sâu theo nhóm: implementation thuộc MGR, dashboard, module, metrics, alerts và monitoring.";"";"trivial";"";"Frontend, translation, fixture hoặc dependency churn đã được sàng lọc; không có causal chain runtime riêng ngoài các đường API/monitoring được ánh xạ.";"";"";"screened-endpoint+history"
"1994";"v16.2.5";"v16.2.15";"src/pybind/mgr/dashboard/frontend/src/app/shared/components/alert-panel/alert-panel.component.scss";"";"M";"M";"4";"0";"FALSE";"100644";"100644";"2c4726a0e7409ca60005ecd0d22cdb1e213ad1e4";"6b89d6d3e38a46b51b4504337d97050d01d120b7";"7";"07-mgr-modules-monitoring";"P1";"runtime/source";"deep";"Chọn đọc sâu theo nhóm: implementation thuộc MGR, dashboard, module, metrics, alerts và monitoring.";"";"trivial";"";"Frontend, translation, fixture hoặc dependency churn đã được sàng lọc; không có causal chain runtime riêng ngoài các đường API/monitoring được ánh xạ.";"";"";"screened-endpoint+history"
"1995";"v16.2.5";"v16.2.15";"src/pybind/mgr/dashboard/frontend/src/app/shared/components/alert-panel/alert-panel.component.ts";"";"M";"M";"20";"2";"FALSE";"100644";"100644";"9d72928557874ea8c766e013b47ec0d8a36b9c1d";"51088840e3334f82f895553c935152abeb1bbf74";"7";"07-mgr-modules-monitoring";"P1";"runtime/source";"deep";"Chọn đọc sâu theo nhóm: implementation thuộc MGR, dashboard, module, metrics, alerts và monitoring.";"";"trivial";"";"Frontend, translation, fixture hoặc dependency churn đã được sàng lọc; không có causal chain runtime riêng ngoài các đường API/monitoring được ánh xạ.";"";"";"screened-endpoint+history"
"1996";"v16.2.5";"v16.2.15";"src/pybind/mgr/dashboard/frontend/src/app/shared/components/cd-label/cd-label.component.html";"";"A";"A";"11";"0";"FALSE";"0";"100644";"0";"41cfae743f2f64c21febd40832664b8b470ed7df";"7";"07-mgr-modules-monitoring";"P1";"runtime/source";"deep";"Chọn đọc sâu theo nhóm: implementation thuộc MGR, dashboard, module, metrics, alerts và monitoring.";"";"trivial";"";"Frontend, translation, fixture hoặc dependency churn đã được sàng lọc; không có causal chain runtime riêng ngoài các đường API/monitoring được ánh xạ.";"";"";"screened-endpoint+history"
"1997";"v16.2.5";"v16.2.15";"src/pybind/mgr/dashboard/frontend/src/app/shared/components/cd-label/cd-label.component.scss";"";"A";"A";"0";"0";"FALSE";"0";"100644";"0";"e69de29bb2d1d6434b8b29ae775ad8c2e48c5391";"7";"07-mgr-modules-monitoring";"P2";"mechanical/zero-LOC";"reference-only";"Không đọc nội dung độc lập";"";"trivial";"";"Frontend, translation, fixture hoặc dependency churn đã được sàng lọc; không có causal chain runtime riêng ngoài các đường API/monitoring được ánh xạ.";"";"";"screened-endpoint+history"
"1998";"v16.2.5";"v16.2.15";"src/pybind/mgr/dashboard/frontend/src/app/shared/components/cd-label/cd-label.component.spec.ts";"";"A";"A";"25";"0";"FALSE";"0";"100644";"0";"61472cde4c8e5e1303735f5645089ce2f7d008e4";"7";"07-mgr-modules-monitoring";"P1";"runtime/source";"deep";"Chọn đọc sâu theo nhóm: implementation thuộc MGR, dashboard, module, metrics, alerts và monitoring.";"";"trivial";"";"Frontend, translation, fixture hoặc dependency churn đã được sàng lọc; không có causal chain runtime riêng ngoài các đường API/monitoring được ánh xạ.";"";"";"screened-endpoint+history"
"1999";"v16.2.5";"v16.2.15";"src/pybind/mgr/dashboard/frontend/src/app/shared/components/cd-label/cd-label.component.ts";"";"A";"A";"11";"0";"FALSE";"0";"100644";"0";"ae0471bf6f7938edd75b0b91b7844b8e4220beb2";"7";"07-mgr-modules-monitoring";"P1";"runtime/source";"deep";"Chọn đọc sâu theo nhóm: implementation thuộc MGR, dashboard, module, metrics, alerts và monitoring.";"";"trivial";"";"Frontend, translation, fixture hoặc dependency churn đã được sàng lọc; không có causal chain runtime riêng ngoài các đường API/monitoring được ánh xạ.";"";"";"screened-endpoint+history"
"2000";"v16.2.5";"v16.2.15";"src/pybind/mgr/dashboard/frontend/src/app/shared/components/cd-label/color-class-from-text.pipe.ts";"";"A";"A";"28";"0";"FALSE";"0";"100644";"0";"628d7431966b119469b865a5c293aa4599a823e8";"7";"07-mgr-modules-monitoring";"P1";"runtime/source";"deep";"Chọn đọc sâu theo nhóm: implementation thuộc MGR, dashboard, module, metrics, alerts và monitoring.";"";"trivial";"";"Frontend, translation, fixture hoặc dependency churn đã được sàng lọc; không có causal chain runtime riêng ngoài các đường API/monitoring được ánh xạ.";"";"";"screened-endpoint+history"
"2001";"v16.2.5";"v16.2.15";"src/pybind/mgr/dashboard/frontend/src/app/shared/components/components.module.ts";"";"M";"M";"16";"2";"FALSE";"100644";"100644";"bccbc645bab1bf0d23e4557f9cec58ad25802593";"5350e2bd50b00b0ddc5299ada572c2a00600a7be";"7";"07-mgr-modules-monitoring";"P1";"runtime/source";"deep";"Chọn đọc sâu theo nhóm: implementation thuộc MGR, dashboard, module, metrics, alerts và monitoring.";"";"trivial";"";"Frontend, translation, fixture hoặc dependency churn đã được sàng lọc; không có causal chain runtime riêng ngoài các đường API/monitoring được ánh xạ.";"";"";"screened-endpoint+history"
"2002";"v16.2.5";"v16.2.15";"src/pybind/mgr/dashboard/frontend/src/app/shared/components/custom-login-banner/custom-login-banner.component.html";"";"A";"A";"2";"0";"FALSE";"0";"100644";"0";"7bb087c3f079ea1af36379da3094c434717ae3d7";"7";"07-mgr-modules-monitoring";"P1";"runtime/source";"deep";"Chọn đọc sâu theo nhóm: implementation thuộc MGR, dashboard, module, metrics, alerts và monitoring.";"";"trivial";"";"Frontend, translation, fixture hoặc dependency churn đã được sàng lọc; không có causal chain runtime riêng ngoài các đường API/monitoring được ánh xạ.";"";"";"screened-endpoint+history"
"2003";"v16.2.5";"v16.2.15";"src/pybind/mgr/dashboard/frontend/src/app/shared/components/custom-login-banner/custom-login-banner.component.scss";"";"A";"A";"5";"0";"FALSE";"0";"100644";"0";"4721f6531403ebe88e2ac733bdff9b9218294f6b";"7";"07-mgr-modules-monitoring";"P1";"runtime/source";"deep";"Chọn đọc sâu theo nhóm: implementation thuộc MGR, dashboard, module, metrics, alerts và monitoring.";"";"trivial";"";"Frontend, translation, fixture hoặc dependency churn đã được sàng lọc; không có causal chain runtime riêng ngoài các đường API/monitoring được ánh xạ.";"";"";"screened-endpoint+history"
"2004";"v16.2.5";"v16.2.15";"src/pybind/mgr/dashboard/frontend/src/app/shared/components/custom-login-banner/custom-login-banner.component.spec.ts";"";"A";"A";"25";"0";"FALSE";"0";"100644";"0";"6005cbd0bae6e7eab59449c2a9c8bd0f9f66162d";"7";"07-mgr-modules-monitoring";"P1";"runtime/source";"deep";"Chọn đọc sâu theo nhóm: implementation thuộc MGR, dashboard, module, metrics, alerts và monitoring.";"";"trivial";"";"Frontend, translation, fixture hoặc dependency churn đã được sàng lọc; không có causal chain runtime riêng ngoài các đường API/monitoring được ánh xạ.";"";"";"screened-endpoint+history"
"2005";"v16.2.5";"v16.2.15";"src/pybind/mgr/dashboard/frontend/src/app/shared/components/custom-login-banner/custom-login-banner.component.ts";"";"A";"A";"20";"0";"FALSE";"0";"100644";"0";"ad0d5468854695baca7d584a7f7051a5a8150346";"7";"07-mgr-modules-monitoring";"P1";"runtime/source";"deep";"Chọn đọc sâu theo nhóm: implementation thuộc MGR, dashboard, module, metrics, alerts và monitoring.";"";"trivial";"";"Frontend, translation, fixture hoặc dependency churn đã được sàng lọc; không có causal chain runtime riêng ngoài các đường API/monitoring được ánh xạ.";"";"";"screened-endpoint+history"
"2006";"v16.2.5";"v16.2.15";"src/pybind/mgr/dashboard/frontend/src/app/shared/components/form-button-panel/form-button-panel.component.html";"";"M";"M";"1";"0";"FALSE";"100644";"100644";"bef4bb8a748639ef9fa6273467f39e3fd8bc6bc8";"476ed96096c122f717a1bc6289c61c57ce3d031d";"7";"07-mgr-modules-monitoring";"P1";"runtime/source";"deep";"Chọn đọc sâu theo nhóm: implementation thuộc MGR, dashboard, module, metrics, alerts và monitoring.";"";"trivial";"";"Frontend, translation, fixture hoặc dependency churn đã được sàng lọc; không có causal chain runtime riêng ngoài các đường API/monitoring được ánh xạ.";"";"";"screened-endpoint+history"
"2007";"v16.2.5";"v16.2.15";"src/pybind/mgr/dashboard/frontend/src/app/shared/components/form-modal/form-modal.component.html";"";"M";"M";"1";"1";"FALSE";"100755";"100755";"061747f113010803c26a4d87d73ce8aa43baa491";"47fca49c7e8ade7e0a57656005b83a93448619f4";"7";"07-mgr-modules-monitoring";"P1";"runtime/source";"deep";"Chọn đọc sâu theo nhóm: implementation thuộc MGR, dashboard, module, metrics, alerts và monitoring.";"";"trivial";"";"Frontend, translation, fixture hoặc dependency churn đã được sàng lọc; không có causal chain runtime riêng ngoài các đường API/monitoring được ánh xạ.";"";"";"screened-endpoint+history"
"2008";"v16.2.5";"v16.2.15";"src/pybind/mgr/dashboard/frontend/src/app/shared/components/grafana/grafana.component.html";"";"M";"M";"21";"0";"FALSE";"100644";"100644";"755b57c7045fffe03118879a408db0c54de67abb";"8ad98b27f47e7bf11b0e394503dfd7ddf7109efc";"7";"07-mgr-modules-monitoring";"P1";"runtime/source";"deep";"Chọn đọc sâu theo nhóm: implementation thuộc MGR, dashboard, module, metrics, alerts và monitoring.";"";"trivial";"";"Frontend, translation, fixture hoặc dependency churn đã được sàng lọc; không có causal chain runtime riêng ngoài các đường API/monitoring được ánh xạ.";"";"";"screened-endpoint+history"
"2009";"v16.2.5";"v16.2.15";"src/pybind/mgr/dashboard/frontend/src/app/shared/components/grafana/grafana.component.ts";"";"M";"M";"1";"0";"FALSE";"100644";"100644";"a687959b747f8532a7b03a69e8a642000a21655e";"2815160abde2c9663a66d15401aded8cc7115b7b";"7";"07-mgr-modules-monitoring";"P1";"runtime/source";"deep";"Chọn đọc sâu theo nhóm: implementation thuộc MGR, dashboard, module, metrics, alerts và monitoring.";"";"trivial";"";"Frontend, translation, fixture hoặc dependency churn đã được sàng lọc; không có causal chain runtime riêng ngoài các đường API/monitoring được ánh xạ.";"";"";"screened-endpoint+history"
"2010";"v16.2.5";"v16.2.15";"src/pybind/mgr/dashboard/frontend/src/app/shared/components/language-selector/language-selector.component.html";"";"M";"M";"1";"0";"FALSE";"100644";"100644";"e5cfe95a6369fe545c4ba3a58734f847f376419a";"2ecbbd7cce6df14bd1aa1b16d11d1aa5a9b278f7";"7";"07-mgr-modules-monitoring";"P1";"runtime/source";"deep";"Chọn đọc sâu theo nhóm: implementation thuộc MGR, dashboard, module, metrics, alerts và monitoring.";"";"trivial";"";"Frontend, translation, fixture hoặc dependency churn đã được sàng lọc; không có causal chain runtime riêng ngoài các đường API/monitoring được ánh xạ.";"";"";"screened-endpoint+history"
"2011";"v16.2.5";"v16.2.15";"src/pybind/mgr/dashboard/frontend/src/app/shared/components/modal/modal.component.html";"";"M";"M";"18";"12";"FALSE";"100644";"100644";"5cbd4f58c52fa4515e72ce129db817d96abc5e48";"657e0d6053f89fbc5b2bf94dccb26a0746b4cb4d";"7";"07-mgr-modules-monitoring";"P1";"runtime/source";"deep";"Chọn đọc sâu theo nhóm: implementation thuộc MGR, dashboard, module, metrics, alerts và monitoring.";"";"trivial";"";"Frontend, translation, fixture hoặc dependency churn đã được sàng lọc; không có causal chain runtime riêng ngoài các đường API/monitoring được ánh xạ.";"";"";"screened-endpoint+history"
"2012";"v16.2.5";"v16.2.15";"src/pybind/mgr/dashboard/frontend/src/app/shared/components/modal/modal.component.spec.ts";"";"M";"M";"14";"1";"FALSE";"100644";"100644";"d3ee1ca2abd19feb7f58f5ef52dff2a2b9f61352";"cf08bef10090d7713f8740131dd256a7711b64e0";"7";"07-mgr-modules-monitoring";"P1";"runtime/source";"deep";"Chọn đọc sâu theo nhóm: implementation thuộc MGR, dashboard, module, metrics, alerts và monitoring.";"";"trivial";"";"Frontend, translation, fixture hoặc dependency churn đã được sàng lọc; không có causal chain runtime riêng ngoài các đường API/monitoring được ánh xạ.";"";"";"screened-endpoint+history"
"2013";"v16.2.5";"v16.2.15";"src/pybind/mgr/dashboard/frontend/src/app/shared/components/modal/modal.component.ts";"";"M";"M";"8";"1";"FALSE";"100644";"100644";"730da6d62527b811a1056cdd79fc8351506d212a";"25e06e62af188470e62f81ccc5f2e99ea924e21d";"7";"07-mgr-modules-monitoring";"P1";"runtime/source";"deep";"Chọn đọc sâu theo nhóm: implementation thuộc MGR, dashboard, module, metrics, alerts và monitoring.";"";"trivial";"";"Frontend, translation, fixture hoặc dependency churn đã được sàng lọc; không có causal chain runtime riêng ngoài các đường API/monitoring được ánh xạ.";"";"";"screened-endpoint+history"
"2014";"v16.2.5";"v16.2.15";"src/pybind/mgr/dashboard/frontend/src/app/shared/components/motd/motd.component.html";"";"A";"A";"8";"0";"FALSE";"0";"100644";"0";"2fbe5d7f87d3ca918f650716d76944c28e8a739a";"7";"07-mgr-modules-monitoring";"P1";"runtime/source";"deep";"Chọn đọc sâu theo nhóm: implementation thuộc MGR, dashboard, module, metrics, alerts và monitoring.";"";"trivial";"";"Frontend, translation, fixture hoặc dependency churn đã được sàng lọc; không có causal chain runtime riêng ngoài các đường API/monitoring được ánh xạ.";"";"";"screened-endpoint+history"
"2015";"v16.2.5";"v16.2.15";"src/pybind/mgr/dashboard/frontend/src/app/shared/components/motd/motd.component.scss";"";"A";"A";"0";"0";"FALSE";"0";"100644";"0";"e69de29bb2d1d6434b8b29ae775ad8c2e48c5391";"7";"07-mgr-modules-monitoring";"P2";"mechanical/zero-LOC";"reference-only";"Không đọc nội dung độc lập";"";"trivial";"";"Frontend, translation, fixture hoặc dependency churn đã được sàng lọc; không có causal chain runtime riêng ngoài các đường API/monitoring được ánh xạ.";"";"";"screened-endpoint+history"
"2016";"v16.2.5";"v16.2.15";"src/pybind/mgr/dashboard/frontend/src/app/shared/components/motd/motd.component.spec.ts";"";"A";"A";"26";"0";"FALSE";"0";"100644";"0";"826a8a5d058d8ad9eaced39185240484af26d2e4";"7";"07-mgr-modules-monitoring";"P1";"runtime/source";"deep";"Chọn đọc sâu theo nhóm: implementation thuộc MGR, dashboard, module, metrics, alerts và monitoring.";"";"trivial";"";"Frontend, translation, fixture hoặc dependency churn đã được sàng lọc; không có causal chain runtime riêng ngoài các đường API/monitoring được ánh xạ.";"";"";"screened-endpoint+history"
"2017";"v16.2.5";"v16.2.15";"src/pybind/mgr/dashboard/frontend/src/app/shared/components/motd/motd.component.ts";"";"A";"A";"33";"0";"FALSE";"0";"100644";"0";"297ef2764624daf43077fa88f66b01e8d840bd3d";"7";"07-mgr-modules-monitoring";"P1";"runtime/source";"deep";"Chọn đọc sâu theo nhóm: implementation thuộc MGR, dashboard, module, metrics, alerts và monitoring.";"";"trivial";"";"Frontend, translation, fixture hoặc dependency churn đã được sàng lọc; không có causal chain runtime riêng ngoài các đường API/monitoring được ánh xạ.";"";"";"screened-endpoint+history"
"2018";"v16.2.5";"v16.2.15";"src/pybind/mgr/dashboard/frontend/src/app/shared/components/pwd-expiration-notification/pwd-expiration-notification.component.html";"";"M";"M";"8";"5";"FALSE";"100644";"100644";"4214fa71411725ce536292f45c88b64f0ef8c2f6";"b1bc5150ab2ee6b02e6315998205cbfd6a6803ce";"7";"07-mgr-modules-monitoring";"P1";"runtime/source";"deep";"Chọn đọc sâu theo nhóm: implementation thuộc MGR, dashboard, module, metrics, alerts và monitoring.";"";"trivial";"";"Frontend, translation, fixture hoặc dependency churn đã được sàng lọc; không có causal chain runtime riêng ngoài các đường API/monitoring được ánh xạ.";"";"";"screened-endpoint+history"
"2019";"v16.2.5";"v16.2.15";"src/pybind/mgr/dashboard/frontend/src/app/shared/components/pwd-expiration-notification/pwd-expiration-notification.component.scss";"";"M";"M";"1";"1";"FALSE";"100644";"100644";"96dbaa6573c9fcd1985c49c1740235b18617c556";"dc5cdeb84365f45d55f7c48b1497377c0cfdd2ea";"7";"07-mgr-modules-monitoring";"P1";"runtime/source";"deep";"Chọn đọc sâu theo nhóm: implementation thuộc MGR, dashboard, module, metrics, alerts và monitoring.";"";"trivial";"";"Frontend, translation, fixture hoặc dependency churn đã được sàng lọc; không có causal chain runtime riêng ngoài các đường API/monitoring được ánh xạ.";"";"";"screened-endpoint+history"
"2020";"v16.2.5";"v16.2.15";"src/pybind/mgr/dashboard/frontend/src/app/shared/components/pwd-expiration-notification/pwd-expiration-notification.component.spec.ts";"";"M";"M";"2";"1";"FALSE";"100644";"100644";"3cdfbd730dcc8ec293b406bd9b0300ffdb8372e1";"597f5bab32761d235612af2ebf849421f150c4ba";"7";"07-mgr-modules-monitoring";"P1";"runtime/source";"deep";"Chọn đọc sâu theo nhóm: implementation thuộc MGR, dashboard, module, metrics, alerts và monitoring.";"";"trivial";"";"Frontend, translation, fixture hoặc dependency churn đã được sàng lọc; không có causal chain runtime riêng ngoài các đường API/monitoring được ánh xạ.";"";"";"screened-endpoint+history"
"2021";"v16.2.5";"v16.2.15";"src/pybind/mgr/dashboard/frontend/src/app/shared/components/pwd-expiration-notification/pwd-expiration-notification.component.ts";"";"M";"M";"1";"1";"FALSE";"100644";"100644";"a894637ef68f767fc66c8a24af48b1984cf0ac18";"3dd8b545514961a27533c985e3411d22acb3f970";"7";"07-mgr-modules-monitoring";"P1";"runtime/source";"deep";"Chọn đọc sâu theo nhóm: implementation thuộc MGR, dashboard, module, metrics, alerts và monitoring.";"";"trivial";"";"Frontend, translation, fixture hoặc dependency churn đã được sàng lọc; không có causal chain runtime riêng ngoài các đường API/monitoring được ánh xạ.";"";"";"screened-endpoint+history"
"2022";"v16.2.5";"v16.2.15";"src/pybind/mgr/dashboard/frontend/src/app/shared/components/refresh-selector/refresh-selector.component.html";"";"M";"M";"1";"1";"FALSE";"100644";"100644";"c4a5c38d672a0b09f91ba8d4358b718401deee6c";"d33fc9af806bad6ecfc09acee83a2f3a33e9ed0a";"7";"07-mgr-modules-monitoring";"P1";"runtime/source";"deep";"Chọn đọc sâu theo nhóm: implementation thuộc MGR, dashboard, module, metrics, alerts và monitoring.";"";"trivial";"";"Frontend, translation, fixture hoặc dependency churn đã được sàng lọc; không có causal chain runtime riêng ngoài các đường API/monitoring được ánh xạ.";"";"";"screened-endpoint+history"
"2023";"v16.2.5";"v16.2.15";"src/pybind/mgr/dashboard/frontend/src/app/shared/components/select/select.component.html";"";"M";"M";"1";"0";"FALSE";"100644";"100644";"190944311bed978827b41cf838c9e9d6143dfc84";"1533b94395eb457a3c112e1335642487585d1202";"7";"07-mgr-modules-monitoring";"P1";"runtime/source";"deep";"Chọn đọc sâu theo nhóm: implementation thuộc MGR, dashboard, module, metrics, alerts và monitoring.";"";"trivial";"";"Frontend, translation, fixture hoặc dependency churn đã được sàng lọc; không có causal chain runtime riêng ngoài các đường API/monitoring được ánh xạ.";"";"";"screened-endpoint+history"
"2024";"v16.2.5";"v16.2.15";"src/pybind/mgr/dashboard/frontend/src/app/shared/components/submit-button/submit-button.component.html";"";"M";"M";"2";"1";"FALSE";"100644";"100644";"77d6c5440a57c5955ed0c884eef16a9554d56f2e";"af557a293cb308b08ff6398c61fb8286737752f2";"7";"07-mgr-modules-monitoring";"P1";"runtime/source";"deep";"Chọn đọc sâu theo nhóm: implementation thuộc MGR, dashboard, module, metrics, alerts và monitoring.";"";"trivial";"";"Frontend, translation, fixture hoặc dependency churn đã được sàng lọc; không có causal chain runtime riêng ngoài các đường API/monitoring được ánh xạ.";"";"";"screened-endpoint+history"
"2025";"v16.2.5";"v16.2.15";"src/pybind/mgr/dashboard/frontend/src/app/shared/components/submit-button/submit-button.component.ts";"";"M";"M";"3";"0";"FALSE";"100644";"100644";"6cd273bcf4e3535e3ddb439e685082d2cd28233b";"3309f47ed18e6c2a02c4df07e786e10d5c368580";"7";"07-mgr-modules-monitoring";"P1";"runtime/source";"deep";"Chọn đọc sâu theo nhóm: implementation thuộc MGR, dashboard, module, metrics, alerts và monitoring.";"";"trivial";"";"Frontend, translation, fixture hoặc dependency churn đã được sàng lọc; không có causal chain runtime riêng ngoài các đường API/monitoring được ánh xạ.";"";"";"screened-endpoint+history"
"2026";"v16.2.5";"v16.2.15";"src/pybind/mgr/dashboard/frontend/src/app/shared/components/telemetry-notification/telemetry-notification.component.html";"";"M";"M";"8";"5";"FALSE";"100644";"100644";"481ae18dc782af3ab189041cd147165f2e4a000c";"9af7958370a79d6f167dc362b1720b8f7bcd06f0";"7";"07-mgr-modules-monitoring";"P1";"runtime/source";"deep";"Chọn đọc sâu theo nhóm: implementation thuộc MGR, dashboard, module, metrics, alerts và monitoring.";"";"trivial";"";"Frontend, translation, fixture hoặc dependency churn đã được sàng lọc; không có causal chain runtime riêng ngoài các đường API/monitoring được ánh xạ.";"";"";"screened-endpoint+history"
"2027";"v16.2.5";"v16.2.15";"src/pybind/mgr/dashboard/frontend/src/app/shared/components/telemetry-notification/telemetry-notification.component.scss";"";"M";"M";"1";"1";"FALSE";"100644";"100644";"569f1e0c4a4a98eacd95954641b8f21197738a3d";"cf8aa33d3bae4112a0515daa2e349b37f764a7b8";"7";"07-mgr-modules-monitoring";"P1";"runtime/source";"deep";"Chọn đọc sâu theo nhóm: implementation thuộc MGR, dashboard, module, metrics, alerts và monitoring.";"";"trivial";"";"Frontend, translation, fixture hoặc dependency churn đã được sàng lọc; không có causal chain runtime riêng ngoài các đường API/monitoring được ánh xạ.";"";"";"screened-endpoint+history"
"2028";"v16.2.5";"v16.2.15";"src/pybind/mgr/dashboard/frontend/src/app/shared/components/telemetry-notification/telemetry-notification.component.spec.ts";"";"M";"M";"3";"2";"FALSE";"100644";"100644";"e40d38a11057084cff17ec7f9f37f273a8c7298f";"e946e79d87e6bde8789dfcba1059b864382a199d";"7";"07-mgr-modules-monitoring";"P1";"runtime/source";"deep";"Chọn đọc sâu theo nhóm: implementation thuộc MGR, dashboard, module, metrics, alerts và monitoring.";"";"trivial";"";"Frontend, translation, fixture hoặc dependency churn đã được sàng lọc; không có causal chain runtime riêng ngoài các đường API/monitoring được ánh xạ.";"";"";"screened-endpoint+history"
"2029";"v16.2.5";"v16.2.15";"src/pybind/mgr/dashboard/frontend/src/app/shared/components/telemetry-notification/telemetry-notification.component.ts";"";"M";"M";"2";"1";"FALSE";"100644";"100644";"852189020031bd5566361e4e3fdd69fcbb9dfd55";"33174ce11d2c61263aeb9ab74f955f1e81f3899c";"7";"07-mgr-modules-monitoring";"P1";"runtime/source";"deep";"Chọn đọc sâu theo nhóm: implementation thuộc MGR, dashboard, module, metrics, alerts và monitoring.";"";"trivial";"";"Frontend, translation, fixture hoặc dependency churn đã được sàng lọc; không có causal chain runtime riêng ngoài các đường API/monitoring được ánh xạ.";"";"";"screened-endpoint+history"
"2030";"v16.2.5";"v16.2.15";"src/pybind/mgr/dashboard/frontend/src/app/shared/components/usage-bar/usage-bar.component.html";"";"M";"M";"2";"1";"FALSE";"100644";"100644";"0ecf79f1cdf9a1c87fa452e1f0211a35f3c8936c";"0602a4e59c8220a34efd6be3e43b08340d03d7b2";"7";"07-mgr-modules-monitoring";"P1";"runtime/source";"deep";"Chọn đọc sâu theo nhóm: implementation thuộc MGR, dashboard, module, metrics, alerts và monitoring.";"";"trivial";"";"Frontend, translation, fixture hoặc dependency churn đã được sàng lọc; không có causal chain runtime riêng ngoài các đường API/monitoring được ánh xạ.";"";"";"screened-endpoint+history"
"2031";"v16.2.5";"v16.2.15";"src/pybind/mgr/dashboard/frontend/src/app/shared/components/usage-bar/usage-bar.component.scss";"";"M";"M";"8";"0";"FALSE";"100644";"100644";"ef97d15d14da9804b98290df2711517ca586e8b5";"e9d6d24984db1af9ece937bddd0d72dd9a7411a0";"7";"07-mgr-modules-monitoring";"P1";"runtime/source";"deep";"Chọn đọc sâu theo nhóm: implementation thuộc MGR, dashboard, module, metrics, alerts và monitoring.";"";"trivial";"";"Frontend, translation, fixture hoặc dependency churn đã được sàng lọc; không có causal chain runtime riêng ngoài các đường API/monitoring được ánh xạ.";"";"";"screened-endpoint+history"
"2032";"v16.2.5";"v16.2.15";"src/pybind/mgr/dashboard/frontend/src/app/shared/components/usage-bar/usage-bar.component.ts";"";"M";"M";"21";"3";"FALSE";"100644";"100644";"fb0dbd9a978504fb6b8f469c97863a56cdf5e146";"203f2c9e05d962b5fe7d8243ac24bc35e9d68f8f";"7";"07-mgr-modules-monitoring";"P1";"runtime/source";"deep";"Chọn đọc sâu theo nhóm: implementation thuộc MGR, dashboard, module, metrics, alerts và monitoring.";"";"trivial";"";"Frontend, translation, fixture hoặc dependency churn đã được sàng lọc; không có causal chain runtime riêng ngoài các đường API/monitoring được ánh xạ.";"";"";"screened-endpoint+history"
"2033";"v16.2.5";"v16.2.15";"src/pybind/mgr/dashboard/frontend/src/app/shared/components/wizard/wizard.component.html";"";"A";"A";"19";"0";"FALSE";"0";"100644";"0";"25aa3e1df855e63b581952bada82332790582973";"7";"07-mgr-modules-monitoring";"P1";"runtime/source";"deep";"Chọn đọc sâu theo nhóm: implementation thuộc MGR, dashboard, module, metrics, alerts và monitoring.";"";"trivial";"";"Frontend, translation, fixture hoặc dependency churn đã được sàng lọc; không có causal chain runtime riêng ngoài các đường API/monitoring được ánh xạ.";"";"";"screened-endpoint+history"
"2034";"v16.2.5";"v16.2.15";"src/pybind/mgr/dashboard/frontend/src/app/shared/components/wizard/wizard.component.scss";"";"A";"A";"34";"0";"FALSE";"0";"100644";"0";"071b02e4a9d946cbc3780ae1b71a300a54be0c5d";"7";"07-mgr-modules-monitoring";"P1";"runtime/source";"deep";"Chọn đọc sâu theo nhóm: implementation thuộc MGR, dashboard, module, metrics, alerts và monitoring.";"";"trivial";"";"Frontend, translation, fixture hoặc dependency churn đã được sàng lọc; không có causal chain runtime riêng ngoài các đường API/monitoring được ánh xạ.";"";"";"screened-endpoint+history"
"2035";"v16.2.5";"v16.2.15";"src/pybind/mgr/dashboard/frontend/src/app/shared/components/wizard/wizard.component.spec.ts";"";"A";"A";"25";"0";"FALSE";"0";"100644";"0";"b42578fb7119303ece93d616cd2b468cacd89653";"7";"07-mgr-modules-monitoring";"P1";"runtime/source";"deep";"Chọn đọc sâu theo nhóm: implementation thuộc MGR, dashboard, module, metrics, alerts và monitoring.";"";"trivial";"";"Frontend, translation, fixture hoặc dependency churn đã được sàng lọc; không có causal chain runtime riêng ngoài các đường API/monitoring được ánh xạ.";"";"";"screened-endpoint+history"
"2036";"v16.2.5";"v16.2.15";"src/pybind/mgr/dashboard/frontend/src/app/shared/components/wizard/wizard.component.ts";"";"A";"A";"39";"0";"FALSE";"0";"100644";"0";"d46aa480e7918165d865a3cb8791903973c1c01e";"7";"07-mgr-modules-monitoring";"P1";"runtime/source";"deep";"Chọn đọc sâu theo nhóm: implementation thuộc MGR, dashboard, module, metrics, alerts và monitoring.";"";"trivial";"";"Frontend, translation, fixture hoặc dependency churn đã được sàng lọc; không có causal chain runtime riêng ngoài các đường API/monitoring được ánh xạ.";"";"";"screened-endpoint+history"
"2037";"v16.2.5";"v16.2.15";"src/pybind/mgr/dashboard/frontend/src/app/shared/constants/app.constants.ts";"";"M";"M";"44";"2";"FALSE";"100644";"100644";"05d6b5c53a9ada733670502178c1c865389cd0fb";"4248be8f59c20121fec34d7f3f341f9f6754e113";"7";"07-mgr-modules-monitoring";"P1";"runtime/source";"deep";"Chọn đọc sâu theo nhóm: implementation thuộc MGR, dashboard, module, metrics, alerts và monitoring.";"";"trivial";"";"Frontend, translation, fixture hoặc dependency churn đã được sàng lọc; không có causal chain runtime riêng ngoài các đường API/monitoring được ánh xạ.";"";"";"screened-endpoint+history"
"2038";"v16.2.5";"v16.2.15";"src/pybind/mgr/dashboard/frontend/src/app/shared/datatable/table-actions/table-actions.component.html";"";"M";"M";"4";"2";"FALSE";"100644";"100644";"b60c9b1ddb42df8f3fa97b9bbf2e63f93dc47d67";"905aaa96b69be5721fad0edc874f2ce4ab198bbb";"7";"07-mgr-modules-monitoring";"P1";"runtime/source";"deep";"Chọn đọc sâu theo nhóm: implementation thuộc MGR, dashboard, module, metrics, alerts và monitoring.";"";"trivial";"";"Frontend, translation, fixture hoặc dependency churn đã được sàng lọc; không có causal chain runtime riêng ngoài các đường API/monitoring được ánh xạ.";"";"";"screened-endpoint+history"
"2039";"v16.2.5";"v16.2.15";"src/pybind/mgr/dashboard/frontend/src/app/shared/datatable/table-actions/table-actions.component.scss";"";"M";"M";"4";"0";"FALSE";"100644";"100644";"11419cee61b43856dc4d7bd5f10c2ed6e4bf1a4e";"f996de72794e9d4cfdee4ad819e16eb4cc8762c8";"7";"07-mgr-modules-monitoring";"P1";"runtime/source";"deep";"Chọn đọc sâu theo nhóm: implementation thuộc MGR, dashboard, module, metrics, alerts và monitoring.";"";"trivial";"";"Frontend, translation, fixture hoặc dependency churn đã được sàng lọc; không có causal chain runtime riêng ngoài các đường API/monitoring được ánh xạ.";"";"";"screened-endpoint+history"
"2040";"v16.2.5";"v16.2.15";"src/pybind/mgr/dashboard/frontend/src/app/shared/datatable/table/table.component.html";"";"M";"M";"22";"8";"FALSE";"100644";"100644";"71ba156cf3f607cb108325d0a1565a4b015a2e9c";"6212c95c8a02cdc295cdc6143d8a9cb58fdd6c34";"7";"07-mgr-modules-monitoring";"P1";"runtime/source";"deep";"Chọn đọc sâu theo nhóm: implementation thuộc MGR, dashboard, module, metrics, alerts và monitoring.";"";"trivial";"";"Frontend, translation, fixture hoặc dependency churn đã được sàng lọc; không có causal chain runtime riêng ngoài các đường API/monitoring được ánh xạ.";"";"";"screened-endpoint+history"
"2041";"v16.2.5";"v16.2.15";"src/pybind/mgr/dashboard/frontend/src/app/shared/datatable/table/table.component.scss";"";"M";"M";"7";"0";"FALSE";"100644";"100644";"bde26288494da24a4fc41519bb2fb0f566dfd56c";"57b8e48de9cd6de1def089c19786806b4efbb257";"7";"07-mgr-modules-monitoring";"P1";"runtime/source";"deep";"Chọn đọc sâu theo nhóm: implementation thuộc MGR, dashboard, module, metrics, alerts và monitoring.";"";"trivial";"";"Frontend, translation, fixture hoặc dependency churn đã được sàng lọc; không có causal chain runtime riêng ngoài các đường API/monitoring được ánh xạ.";"";"";"screened-endpoint+history"
"2042";"v16.2.5";"v16.2.15";"src/pybind/mgr/dashboard/frontend/src/app/shared/datatable/table/table.component.spec.ts";"";"M";"M";"9";"0";"FALSE";"100644";"100644";"a2a329ab645646a4c7a32a5dfbcab66a1a1bb97a";"98ed0bf63a164652309f770e289fc3e22344a2f1";"7";"07-mgr-modules-monitoring";"P1";"runtime/source";"deep";"Chọn đọc sâu theo nhóm: implementation thuộc MGR, dashboard, module, metrics, alerts và monitoring.";"";"trivial";"";"Frontend, translation, fixture hoặc dependency churn đã được sàng lọc; không có causal chain runtime riêng ngoài các đường API/monitoring được ánh xạ.";"";"";"screened-endpoint+history"
"2043";"v16.2.5";"v16.2.15";"src/pybind/mgr/dashboard/frontend/src/app/shared/datatable/table/table.component.ts";"";"M";"M";"102";"30";"FALSE";"100644";"100644";"7ec2eca915cc5dc0597f38bc0814fde59bba1f70";"873b0de0bdd622c33d48724c33f85fa233b6eae1";"7";"07-mgr-modules-monitoring";"P1";"runtime/source";"deep";"Chọn đọc sâu theo nhóm: implementation thuộc MGR, dashboard, module, metrics, alerts và monitoring.";"";"trivial";"";"Frontend, translation, fixture hoặc dependency churn đã được sàng lọc; không có causal chain runtime riêng ngoài các đường API/monitoring được ánh xạ.";"";"";"screened-endpoint+history"
"2044";"v16.2.5";"v16.2.15";"src/pybind/mgr/dashboard/frontend/src/app/shared/directives/stateful-tab.directive.spec.ts";"";"M";"M";"2";"2";"FALSE";"100644";"100644";"bbac89aa4466ee8b71de316a342e7c6a4cef9708";"5cebefbc98a76f7fd4eaae5556afaeda3e06afed";"7";"07-mgr-modules-monitoring";"P1";"runtime/source";"deep";"Chọn đọc sâu theo nhóm: implementation thuộc MGR, dashboard, module, metrics, alerts và monitoring.";"";"trivial";"";"Frontend, translation, fixture hoặc dependency churn đã được sàng lọc; không có causal chain runtime riêng ngoài các đường API/monitoring được ánh xạ.";"";"";"screened-endpoint+history"
"2045";"v16.2.5";"v16.2.15";"src/pybind/mgr/dashboard/frontend/src/app/shared/enum/icons.enum.ts";"";"M";"M";"2";"0";"FALSE";"100644";"100644";"2478ecd128987a3109d223502a5d7761c1379721";"6b65f04e8cb2f47af1489ba22dc7d5177fa4d966";"7";"07-mgr-modules-monitoring";"P1";"runtime/source";"deep";"Chọn đọc sâu theo nhóm: implementation thuộc MGR, dashboard, module, metrics, alerts và monitoring.";"";"trivial";"";"Frontend, translation, fixture hoặc dependency churn đã được sàng lọc; không có causal chain runtime riêng ngoài các đường API/monitoring được ánh xạ.";"";"";"screened-endpoint+history"
"2046";"v16.2.5";"v16.2.15";"src/pybind/mgr/dashboard/frontend/src/app/shared/forms/cd-form-builder.ts";"";"M";"M";"2";"2";"FALSE";"100644";"100644";"307407a2fc58398358f36f418ef9831865d3d1a9";"9741b1e6377b82b471ab5081a30feced20284b9b";"7";"07-mgr-modules-monitoring";"P1";"runtime/source";"deep";"Chọn đọc sâu theo nhóm: implementation thuộc MGR, dashboard, module, metrics, alerts và monitoring.";"";"trivial";"";"Frontend, translation, fixture hoặc dependency churn đã được sàng lọc; không có causal chain runtime riêng ngoài các đường API/monitoring được ánh xạ.";"";"";"screened-endpoint+history"
"2047";"v16.2.5";"v16.2.15";"src/pybind/mgr/dashboard/frontend/src/app/shared/forms/cd-validators.spec.ts";"";"M";"M";"150";"2";"FALSE";"100644";"100644";"557a179cc5aff63629d7f08a544a814e16648279";"5cf90fdea5cb3b68af08cda544bc2391c686e749";"7";"07-mgr-modules-monitoring";"P1";"runtime/source";"deep";"Chọn đọc sâu theo nhóm: implementation thuộc MGR, dashboard, module, metrics, alerts và monitoring.";"";"trivial";"";"Frontend, translation, fixture hoặc dependency churn đã được sàng lọc; không có causal chain runtime riêng ngoài các đường API/monitoring được ánh xạ.";"";"";"screened-endpoint+history"
"2048";"v16.2.5";"v16.2.15";"src/pybind/mgr/dashboard/frontend/src/app/shared/forms/cd-validators.ts";"";"M";"M";"126";"2";"FALSE";"100644";"100644";"b72b8f18bdcf5c62054bd3680cce37099093d550";"22371a50f71ecd0b85b65dd54842443c54a5ee65";"7";"07-mgr-modules-monitoring";"P1";"runtime/source";"deep";"Chọn đọc sâu theo nhóm: implementation thuộc MGR, dashboard, module, metrics, alerts và monitoring.";"";"trivial";"";"Frontend, translation, fixture hoặc dependency churn đã được sàng lọc; không có causal chain runtime riêng ngoài các đường API/monitoring được ánh xạ.";"";"";"screened-endpoint+history"
"2049";"v16.2.5";"v16.2.15";"src/pybind/mgr/dashboard/frontend/src/app/shared/models/cd-table-fetch-data-context.ts";"";"M";"M";"27";"0";"FALSE";"100644";"100644";"b7c6e672d7d71adaf42d291d679f5c20c1001efa";"7937d82e6f3e62cf2d04e7eb872b12c9bed09a4d";"7";"07-mgr-modules-monitoring";"P1";"runtime/source";"deep";"Chọn đọc sâu theo nhóm: implementation thuộc MGR, dashboard, module, metrics, alerts và monitoring.";"";"trivial";"";"Frontend, translation, fixture hoặc dependency churn đã được sàng lọc; không có causal chain runtime riêng ngoài các đường API/monitoring được ánh xạ.";"";"";"screened-endpoint+history"
"2050";"v16.2.5";"v16.2.15";"src/pybind/mgr/dashboard/frontend/src/app/shared/models/cd-table-paging.ts";"";"A";"A";"20";"0";"FALSE";"0";"100644";"0";"3693b527d24f7c6965534ff787b34be7b3ec1dce";"7";"07-mgr-modules-monitoring";"P1";"runtime/source";"deep";"Chọn đọc sâu theo nhóm: implementation thuộc MGR, dashboard, module, metrics, alerts và monitoring.";"";"trivial";"";"Frontend, translation, fixture hoặc dependency churn đã được sàng lọc; không có causal chain runtime riêng ngoài các đường API/monitoring được ánh xạ.";"";"";"screened-endpoint+history"
"2051";"v16.2.5";"v16.2.15";"src/pybind/mgr/dashboard/frontend/src/app/shared/models/cd-user-config.ts";"";"M";"M";"2";"0";"FALSE";"100644";"100644";"2e1a9e1970a47b1d6d774b76bd5782a535c3a277";"edd1af784872e400dbdb735733d71a5f5a66fba8";"7";"07-mgr-modules-monitoring";"P1";"runtime/source";"deep";"Chọn đọc sâu theo nhóm: implementation thuộc MGR, dashboard, module, metrics, alerts và monitoring.";"";"trivial";"";"Frontend, translation, fixture hoặc dependency churn đã được sàng lọc; không có causal chain runtime riêng ngoài các đường API/monitoring được ánh xạ.";"";"";"screened-endpoint+history"
"2052";"v16.2.5";"v16.2.15";"src/pybind/mgr/dashboard/frontend/src/app/shared/models/devices.ts";"";"M";"M";"1";"0";"FALSE";"100644";"100644";"90817c89f9d06f519017fbda93320fdf669257fe";"69ab3f5f3ca14427ca258e7080372b29a3bc9200";"7";"07-mgr-modules-monitoring";"P1";"runtime/source";"deep";"Chọn đọc sâu theo nhóm: implementation thuộc MGR, dashboard, module, metrics, alerts và monitoring.";"";"trivial";"";"Frontend, translation, fixture hoặc dependency churn đã được sàng lọc; không có causal chain runtime riêng ngoài các đường API/monitoring được ánh xạ.";"";"";"screened-endpoint+history"
"2053";"v16.2.5";"v16.2.15";"src/pybind/mgr/dashboard/frontend/src/app/shared/models/inventory-device-type.model.ts";"";"A";"A";"9";"0";"FALSE";"0";"100644";"0";"2155c2d874b45cfd5a9c56e90269dc72463c996e";"7";"07-mgr-modules-monitoring";"P1";"runtime/source";"deep";"Chọn đọc sâu theo nhóm: implementation thuộc MGR, dashboard, module, metrics, alerts và monitoring.";"";"trivial";"";"Frontend, translation, fixture hoặc dependency churn đã được sàng lọc; không có causal chain runtime riêng ngoài các đường API/monitoring được ánh xạ.";"";"";"screened-endpoint+history"
"2054";"v16.2.5";"v16.2.15";"src/pybind/mgr/dashboard/frontend/src/app/shared/models/orchestrator.enum.ts";"";"M";"M";"5";"2";"FALSE";"100644";"100644";"8c740f4e01756fd1b02c887ffb85d3c902086880";"22101caaa458e65b269053b5942cb025d2cfe42e";"7";"07-mgr-modules-monitoring";"P1";"runtime/source";"deep";"Chọn đọc sâu theo nhóm: implementation thuộc MGR, dashboard, module, metrics, alerts và monitoring.";"";"trivial";"";"Frontend, translation, fixture hoặc dependency churn đã được sàng lọc; không có causal chain runtime riêng ngoài các đường API/monitoring được ánh xạ.";"";"";"screened-endpoint+history"
"2055";"v16.2.5";"v16.2.15";"src/pybind/mgr/dashboard/frontend/src/app/shared/models/osd-deployment-options.ts";"";"A";"A";"24";"0";"FALSE";"0";"100644";"0";"cae869efe17eab77185454927d880e29b16e3cf0";"7";"07-mgr-modules-monitoring";"P1";"runtime/source";"deep";"Chọn đọc sâu theo nhóm: implementation thuộc MGR, dashboard, module, metrics, alerts và monitoring.";"";"trivial";"";"Frontend, translation, fixture hoặc dependency churn đã được sàng lọc; không có causal chain runtime riêng ngoài các đường API/monitoring được ánh xạ.";"";"";"screened-endpoint+history"
"2056";"v16.2.5";"v16.2.15";"src/pybind/mgr/dashboard/frontend/src/app/shared/models/osd-settings.ts";"";"A";"A";"4";"0";"FALSE";"0";"100644";"0";"b7bc10fc02e05a32770ed6cda0faf9a57a29e8d6";"7";"07-mgr-modules-monitoring";"P1";"runtime/source";"deep";"Chọn đọc sâu theo nhóm: implementation thuộc MGR, dashboard, module, metrics, alerts và monitoring.";"";"trivial";"";"Frontend, translation, fixture hoặc dependency churn đã được sàng lọc; không có causal chain runtime riêng ngoài các đường API/monitoring được ánh xạ.";"";"";"screened-endpoint+history"
"2057";"v16.2.5";"v16.2.15";"src/pybind/mgr/dashboard/frontend/src/app/shared/models/service.interface.ts";"";"M";"M";"30";"0";"FALSE";"100644";"100644";"151e0bd2987cfdaf74f497fbab412223acacf0d4";"f271c364c2673aa625a9bef2d35e0f6f50a3922e";"7";"07-mgr-modules-monitoring";"P1";"runtime/source";"deep";"Chọn đọc sâu theo nhóm: implementation thuộc MGR, dashboard, module, metrics, alerts và monitoring.";"";"trivial";"";"Frontend, translation, fixture hoặc dependency churn đã được sàng lọc; không có causal chain runtime riêng ngoài các đường API/monitoring được ánh xạ.";"";"";"screened-endpoint+history"
"2058";"v16.2.5";"v16.2.15";"src/pybind/mgr/dashboard/frontend/src/app/shared/models/smart.ts";"";"M";"M";"24";"2";"FALSE";"100644";"100644";"2f7f82c4b2ae9140e9021c7516c277f50e8f0f86";"f553652bcd9a8bde2ac9bf3d8d5e517b7877f9d1";"7";"07-mgr-modules-monitoring";"P1";"runtime/source";"deep";"Chọn đọc sâu theo nhóm: implementation thuộc MGR, dashboard, module, metrics, alerts và monitoring.";"";"trivial";"";"Frontend, translation, fixture hoặc dependency churn đã được sàng lọc; không có causal chain runtime riêng ngoài các đường API/monitoring được ánh xạ.";"";"";"screened-endpoint+history"
"2059";"v16.2.5";"v16.2.15";"src/pybind/mgr/dashboard/frontend/src/app/shared/models/wizard-steps.ts";"";"A";"A";"4";"0";"FALSE";"0";"100644";"0";"177feb486d1a1d0f0b076e0cbb053dc8088a0f59";"7";"07-mgr-modules-monitoring";"P1";"runtime/source";"deep";"Chọn đọc sâu theo nhóm: implementation thuộc MGR, dashboard, module, metrics, alerts và monitoring.";"";"trivial";"";"Frontend, translation, fixture hoặc dependency churn đã được sàng lọc; không có causal chain runtime riêng ngoài các đường API/monitoring được ánh xạ.";"";"";"screened-endpoint+history"
"2060";"v16.2.5";"v16.2.15";"src/pybind/mgr/dashboard/frontend/src/app/shared/pipes/ceph-release-name.pipe.spec.ts";"";"M";"M";"2";"2";"FALSE";"100644";"100644";"7b7c5e05318ee4ead90f0b39de8099895e250a92";"3e1f1f7ca2deea0fd3634d944b757e90df7cd7f4";"7";"07-mgr-modules-monitoring";"P1";"runtime/source";"deep";"Chọn đọc sâu theo nhóm: implementation thuộc MGR, dashboard, module, metrics, alerts và monitoring.";"";"trivial";"";"Frontend, translation, fixture hoặc dependency churn đã được sàng lọc; không có causal chain runtime riêng ngoài các đường API/monitoring được ánh xạ.";"";"";"screened-endpoint+history"
"2061";"v16.2.5";"v16.2.15";"src/pybind/mgr/dashboard/frontend/src/app/shared/pipes/ceph-release-name.pipe.ts";"";"M";"M";"2";"2";"FALSE";"100644";"100644";"c7c1e1d7423db5b7e9ef34e6e81d9384bb204747";"c63c794a9188b2bf2b7678cb3face3a8be30051d";"7";"07-mgr-modules-monitoring";"P1";"runtime/source";"deep";"Chọn đọc sâu theo nhóm: implementation thuộc MGR, dashboard, module, metrics, alerts và monitoring.";"";"trivial";"";"Frontend, translation, fixture hoặc dependency churn đã được sàng lọc; không có causal chain runtime riêng ngoài các đường API/monitoring được ánh xạ.";"";"";"screened-endpoint+history"
"2062";"v16.2.5";"v16.2.15";"src/pybind/mgr/dashboard/frontend/src/app/shared/pipes/pipes.module.ts";"";"M";"M";"10";"3";"FALSE";"100755";"100755";"3deb535929d3c5509bdb15039e2ac22174f60dba";"508a29e9801f32abc2468f6a585c18d65ddebdbc";"7";"07-mgr-modules-monitoring";"P1";"runtime/source";"deep";"Chọn đọc sâu theo nhóm: implementation thuộc MGR, dashboard, module, metrics, alerts và monitoring.";"";"trivial";"";"Frontend, translation, fixture hoặc dependency churn đã được sàng lọc; không có causal chain runtime riêng ngoài các đường API/monitoring được ánh xạ.";"";"";"screened-endpoint+history"
"2063";"v16.2.5";"v16.2.15";"src/pybind/mgr/dashboard/frontend/src/app/shared/pipes/sanitize-html.pipe.spec.ts";"";"A";"A";"26";"0";"FALSE";"0";"100644";"0";"719f32ee55013becb33e704e5f5d50a6cc31b7ab";"7";"07-mgr-modules-monitoring";"P1";"runtime/source";"deep";"Chọn đọc sâu theo nhóm: implementation thuộc MGR, dashboard, module, metrics, alerts và monitoring.";"";"trivial";"";"Frontend, translation, fixture hoặc dependency churn đã được sàng lọc; không có causal chain runtime riêng ngoài các đường API/monitoring được ánh xạ.";"";"";"screened-endpoint+history"
"2064";"v16.2.5";"v16.2.15";"src/pybind/mgr/dashboard/frontend/src/app/shared/pipes/sanitize-html.pipe.ts";"";"A";"A";"13";"0";"FALSE";"0";"100644";"0";"f6a8b0c9e8c6b74e079d2c65c365481343c7faff";"7";"07-mgr-modules-monitoring";"P1";"runtime/source";"deep";"Chọn đọc sâu theo nhóm: implementation thuộc MGR, dashboard, module, metrics, alerts và monitoring.";"";"trivial";"";"Frontend, translation, fixture hoặc dependency churn đã được sàng lọc; không có causal chain runtime riêng ngoài các đường API/monitoring được ánh xạ.";"";"";"screened-endpoint+history"
"2065";"v16.2.5";"v16.2.15";"src/pybind/mgr/dashboard/frontend/src/app/shared/pipes/search-highlight.pipe.spec.ts";"";"A";"A";"41";"0";"FALSE";"0";"100644";"0";"73f8e55ede2bacfd38656fb9b67e18412a5db456";"7";"07-mgr-modules-monitoring";"P1";"runtime/source";"deep";"Chọn đọc sâu theo nhóm: implementation thuộc MGR, dashboard, module, metrics, alerts và monitoring.";"";"trivial";"";"Frontend, translation, fixture hoặc dependency churn đã được sàng lọc; không có causal chain runtime riêng ngoài các đường API/monitoring được ánh xạ.";"";"";"screened-endpoint+history"
"2066";"v16.2.5";"v16.2.15";"src/pybind/mgr/dashboard/frontend/src/app/shared/pipes/search-highlight.pipe.ts";"";"A";"A";"26";"0";"FALSE";"0";"100644";"0";"c00cc46c6d9b9d8cee0b72356740015cace18a1c";"7";"07-mgr-modules-monitoring";"P1";"runtime/source";"deep";"Chọn đọc sâu theo nhóm: implementation thuộc MGR, dashboard, module, metrics, alerts và monitoring.";"";"trivial";"";"Frontend, translation, fixture hoặc dependency churn đã được sàng lọc; không có causal chain runtime riêng ngoài các đường API/monitoring được ánh xạ.";"";"";"screened-endpoint+history"
"2067";"v16.2.5";"v16.2.15";"src/pybind/mgr/dashboard/frontend/src/app/shared/rxjs/operators/page-visibilty.operator.ts";"";"A";"A";"20";"0";"FALSE";"0";"100644";"0";"22644dcf20afaca0a0f9b03b9314052ba49568df";"7";"07-mgr-modules-monitoring";"P1";"runtime/source";"deep";"Chọn đọc sâu theo nhóm: implementation thuộc MGR, dashboard, module, metrics, alerts và monitoring.";"";"trivial";"";"Frontend, translation, fixture hoặc dependency churn đã được sàng lọc; không có causal chain runtime riêng ngoài các đường API/monitoring được ánh xạ.";"";"";"screened-endpoint+history"
"2068";"v16.2.5";"v16.2.15";"src/pybind/mgr/dashboard/frontend/src/app/shared/services/api-interceptor.service.ts";"";"M";"M";"2";"2";"FALSE";"100644";"100644";"cf7ddd342e0ea3b024a31332e8acdee0bd01ab4c";"fb7a9f73395f00ca5b381cac6b5f6bdd2202082f";"7";"07-mgr-modules-monitoring";"P1";"runtime/source";"deep";"Chọn đọc sâu theo nhóm: implementation thuộc MGR, dashboard, module, metrics, alerts và monitoring.";"";"support";"MGR-007";"Frontend constructs explicit versioned Accept headers and preserves default API negotiation.";"HostService;CdHelperClass.cdVersionHeader;ApiInterceptorService";"c3152,1eb908";"support-inspected"
"2069";"v16.2.5";"v16.2.15";"src/pybind/mgr/dashboard/frontend/src/app/shared/services/cd-table-server-side.service.spec.ts";"";"A";"A";"16";"0";"FALSE";"0";"100644";"0";"dbe7bb4526e7b80e2e5a2da01161eb14eda94627";"7";"07-mgr-modules-monitoring";"P1";"runtime/source";"deep";"Chọn đọc sâu theo nhóm: implementation thuộc MGR, dashboard, module, metrics, alerts và monitoring.";"";"trivial";"";"Frontend, translation, fixture hoặc dependency churn đã được sàng lọc; không có causal chain runtime riêng ngoài các đường API/monitoring được ánh xạ.";"";"";"screened-endpoint+history"
"2070";"v16.2.5";"v16.2.15";"src/pybind/mgr/dashboard/frontend/src/app/shared/services/cd-table-server-side.service.ts";"";"A";"A";"14";"0";"FALSE";"0";"100644";"0";"56bf807a6c5f7d763c5c86fc008ab268d7283f9e";"7";"07-mgr-modules-monitoring";"P1";"runtime/source";"deep";"Chọn đọc sâu theo nhóm: implementation thuộc MGR, dashboard, module, metrics, alerts và monitoring.";"";"trivial";"";"Frontend, translation, fixture hoặc dependency churn đã được sàng lọc; không có causal chain runtime riêng ngoài các đường API/monitoring được ánh xạ.";"";"";"screened-endpoint+history"
"2071";"v16.2.5";"v16.2.15";"src/pybind/mgr/dashboard/frontend/src/app/shared/services/module-status-guard.service.spec.ts";"";"M";"M";"27";"4";"FALSE";"100644";"100644";"0948fc878a9e0eb77bed08c016ba60d06e2bcc29";"532aa6c6594b0e587417cd33c59b048efff5ab0f";"7";"07-mgr-modules-monitoring";"P1";"runtime/source";"deep";"Chọn đọc sâu theo nhóm: implementation thuộc MGR, dashboard, module, metrics, alerts và monitoring.";"";"trivial";"";"Frontend, translation, fixture hoặc dependency churn đã được sàng lọc; không có causal chain runtime riêng ngoài các đường API/monitoring được ánh xạ.";"";"";"screened-endpoint+history"
"2072";"v16.2.5";"v16.2.15";"src/pybind/mgr/dashboard/frontend/src/app/shared/services/module-status-guard.service.ts";"";"M";"M";"30";"7";"FALSE";"100644";"100644";"171f34adfe6b48e09f6ba6aeceeabb08032509e3";"df6f4854e1967d45090387c48ffdd0fb65521016";"7";"07-mgr-modules-monitoring";"P1";"runtime/source";"deep";"Chọn đọc sâu theo nhóm: implementation thuộc MGR, dashboard, module, metrics, alerts và monitoring.";"";"trivial";"";"Frontend, translation, fixture hoặc dependency churn đã được sàng lọc; không có causal chain runtime riêng ngoài các đường API/monitoring được ánh xạ.";"";"";"screened-endpoint+history"
"2073";"v16.2.5";"v16.2.15";"src/pybind/mgr/dashboard/frontend/src/app/shared/services/motd-notification.service.spec.ts";"";"A";"A";"117";"0";"FALSE";"0";"100644";"0";"267e6aa57c15b44d410d3014b944b04b58c92d80";"7";"07-mgr-modules-monitoring";"P1";"runtime/source";"deep";"Chọn đọc sâu theo nhóm: implementation thuộc MGR, dashboard, module, metrics, alerts và monitoring.";"";"trivial";"";"Frontend, translation, fixture hoặc dependency churn đã được sàng lọc; không có causal chain runtime riêng ngoài các đường API/monitoring được ánh xạ.";"";"";"screened-endpoint+history"
"2074";"v16.2.5";"v16.2.15";"src/pybind/mgr/dashboard/frontend/src/app/shared/services/motd-notification.service.ts";"";"A";"A";"84";"0";"FALSE";"0";"100644";"0";"d2ee89f9cd168b7890d4e5faaafff117679a51e3";"7";"07-mgr-modules-monitoring";"P1";"runtime/source";"deep";"Chọn đọc sâu theo nhóm: implementation thuộc MGR, dashboard, module, metrics, alerts và monitoring.";"";"trivial";"";"Frontend, translation, fixture hoặc dependency churn đã được sàng lọc; không có causal chain runtime riêng ngoài các đường API/monitoring được ánh xạ.";"";"";"screened-endpoint+history"
"2075";"v16.2.5";"v16.2.15";"src/pybind/mgr/dashboard/frontend/src/app/shared/services/prometheus-alert.service.spec.ts";"";"M";"M";"10";"4";"FALSE";"100644";"100644";"d16d0c85d88ae88e6eca70a515ccc02a23d4e6ca";"aa3160b304cca1a875f35c3a128e922a46d8b19d";"7";"07-mgr-modules-monitoring";"P1";"runtime/source";"deep";"Chọn đọc sâu theo nhóm: implementation thuộc MGR, dashboard, module, metrics, alerts và monitoring.";"";"support";"MGR-006,MGR-007";"Dashboard Grafana/Prometheus integration supports signal and failover validation; it does not validate exporter text parsing.";"";"";"support-inspected"
"2076";"v16.2.5";"v16.2.15";"src/pybind/mgr/dashboard/frontend/src/app/shared/services/prometheus-alert.service.ts";"";"M";"M";"4";"1";"FALSE";"100644";"100644";"6acd244617e1843223cb4debc6e0bbda90f7dfe1";"6223808fb0122e3bd5cd3a3a62c1580a138fd8d0";"7";"07-mgr-modules-monitoring";"P1";"runtime/source";"deep";"Chọn đọc sâu theo nhóm: implementation thuộc MGR, dashboard, module, metrics, alerts và monitoring.";"";"support";"MGR-006,MGR-007";"Dashboard Grafana/Prometheus integration supports signal and failover validation; it does not validate exporter text parsing.";"";"";"support-inspected"
"2077";"v16.2.5";"v16.2.15";"src/pybind/mgr/dashboard/frontend/src/app/shared/services/task-list.service.ts";"";"M";"M";"6";"6";"FALSE";"100644";"100644";"bfc4573c00ad49c7fcf6d0a89440a4b226b7befb";"32145475336381da43d95d7549941e9405ee5961";"7";"07-mgr-modules-monitoring";"P1";"runtime/source";"deep";"Chọn đọc sâu theo nhóm: implementation thuộc MGR, dashboard, module, metrics, alerts và monitoring.";"";"trivial";"";"Frontend, translation, fixture hoặc dependency churn đã được sàng lọc; không có causal chain runtime riêng ngoài các đường API/monitoring được ánh xạ.";"";"";"screened-endpoint+history"
"2078";"v16.2.5";"v16.2.15";"src/pybind/mgr/dashboard/frontend/src/app/shared/services/task-message.service.ts";"";"M";"M";"5";"4";"FALSE";"100644";"100644";"c39bb0c26b6951601ae470cbba5e3d05709a37c6";"5adabe2115370d9c65ab4232a7325e0c343bc594";"7";"07-mgr-modules-monitoring";"P1";"runtime/source";"deep";"Chọn đọc sâu theo nhóm: implementation thuộc MGR, dashboard, module, metrics, alerts và monitoring.";"";"trivial";"";"Frontend, translation, fixture hoặc dependency churn đã được sàng lọc; không có causal chain runtime riêng ngoài các đường API/monitoring được ánh xạ.";"";"";"screened-endpoint+history"
"2079";"v16.2.5";"v16.2.15";"src/pybind/mgr/dashboard/frontend/src/app/shared/services/timer.service.ts";"";"M";"M";"3";"1";"FALSE";"100644";"100644";"2ae2f4cdf5ebc2624266852796aa340229836127";"716b710968f339963a4fb69ba063cb2c1a6d8dc8";"7";"07-mgr-modules-monitoring";"P1";"runtime/source";"deep";"Chọn đọc sâu theo nhóm: implementation thuộc MGR, dashboard, module, metrics, alerts và monitoring.";"";"trivial";"";"Frontend, translation, fixture hoặc dependency churn đã được sàng lọc; không có causal chain runtime riêng ngoài các đường API/monitoring được ánh xạ.";"";"";"screened-endpoint+history"
"2080";"v16.2.5";"v16.2.15";"src/pybind/mgr/dashboard/frontend/src/app/shared/services/wizard-steps.service.spec.ts";"";"A";"A";"16";"0";"FALSE";"0";"100644";"0";"47c2149756703b7ac0110cae0987f059be31bb70";"7";"07-mgr-modules-monitoring";"P1";"runtime/source";"deep";"Chọn đọc sâu theo nhóm: implementation thuộc MGR, dashboard, module, metrics, alerts và monitoring.";"";"trivial";"";"Frontend, translation, fixture hoặc dependency churn đã được sàng lọc; không có causal chain runtime riêng ngoài các đường API/monitoring được ánh xạ.";"";"";"screened-endpoint+history"
"2081";"v16.2.5";"v16.2.15";"src/pybind/mgr/dashboard/frontend/src/app/shared/services/wizard-steps.service.ts";"";"A";"A";"58";"0";"FALSE";"0";"100644";"0";"e0fb2be944de02195147569f7e4ffa6478dcd4d7";"7";"07-mgr-modules-monitoring";"P1";"runtime/source";"deep";"Chọn đọc sâu theo nhóm: implementation thuộc MGR, dashboard, module, metrics, alerts và monitoring.";"";"trivial";"";"Frontend, translation, fixture hoặc dependency churn đã được sàng lọc; không có causal chain runtime riêng ngoài các đường API/monitoring được ánh xạ.";"";"";"screened-endpoint+history"
"2082";"v16.2.5";"v16.2.15";"src/pybind/mgr/dashboard/frontend/src/locale/messages.cs.xlf";"";"M";"M";"12704";"5135";"FALSE";"100644";"100644";"5725d2d937fe2b7ea639600ab88759063a720ba1";"b391c54dfe1ac8c2aa92e761128ecd9e0bd3de3b";"7";"07-mgr-modules-monitoring";"P2";"generated/lock/data";"reference-only";"Không đọc hunk sinh tự động";"";"trivial";"";"Frontend, translation, fixture hoặc dependency churn đã được sàng lọc; không có causal chain runtime riêng ngoài các đường API/monitoring được ánh xạ.";"";"";"screened-endpoint+history"
"2083";"v16.2.5";"v16.2.15";"src/pybind/mgr/dashboard/frontend/src/locale/messages.de-DE.xlf";"";"M";"M";"13432";"5142";"FALSE";"100644";"100644";"d5ce75d9af2eb03dd32a4527c0e74dfa0d6c7f77";"09c85f3baf0fce909e19a342d94bfceb427381ab";"7";"07-mgr-modules-monitoring";"P2";"generated/lock/data";"reference-only";"Không đọc hunk sinh tự động";"";"trivial";"";"Frontend, translation, fixture hoặc dependency churn đã được sàng lọc; không có causal chain runtime riêng ngoài các đường API/monitoring được ánh xạ.";"";"";"screened-endpoint+history"
"2084";"v16.2.5";"v16.2.15";"src/pybind/mgr/dashboard/frontend/src/locale/messages.es-ES.xlf";"";"M";"M";"13439";"5148";"FALSE";"100644";"100644";"75ff3a125f5a8059d1f925cbef70c76690981b4c";"661596a2fcf5145a12bba872ace04822ebd70a97";"7";"07-mgr-modules-monitoring";"P2";"generated/lock/data";"reference-only";"Không đọc hunk sinh tự động";"";"trivial";"";"Frontend, translation, fixture hoặc dependency churn đã được sàng lọc; không có causal chain runtime riêng ngoài các đường API/monitoring được ánh xạ.";"";"";"screened-endpoint+history"
"2085";"v16.2.5";"v16.2.15";"src/pybind/mgr/dashboard/frontend/src/locale/messages.fr-FR.xlf";"";"M";"M";"13442";"5152";"FALSE";"100644";"100644";"d78fbaa2fde1d6c987be914f6f27954f61957565";"5077d68c5727c1929ab5fcc610005afc0584278a";"7";"07-mgr-modules-monitoring";"P2";"generated/lock/data";"reference-only";"Không đọc hunk sinh tự động";"";"trivial";"";"Frontend, translation, fixture hoặc dependency churn đã được sàng lọc; không có causal chain runtime riêng ngoài các đường API/monitoring được ánh xạ.";"";"";"screened-endpoint+history"
"2086";"v16.2.5";"v16.2.15";"src/pybind/mgr/dashboard/frontend/src/locale/messages.id-ID.xlf";"";"M";"M";"12627";"5153";"FALSE";"100644";"100644";"57d7ad0e00b850d776cfd48b49650167b9c4e21e";"4c258636dd106fd221bdb293dd1cb24ea1dfba5e";"7";"07-mgr-modules-monitoring";"P2";"generated/lock/data";"reference-only";"Không đọc hunk sinh tự động";"";"trivial";"";"Frontend, translation, fixture hoặc dependency churn đã được sàng lọc; không có causal chain runtime riêng ngoài các đường API/monitoring được ánh xạ.";"";"";"screened-endpoint+history"
"2087";"v16.2.5";"v16.2.15";"src/pybind/mgr/dashboard/frontend/src/locale/messages.it-IT.xlf";"";"M";"M";"13432";"5142";"FALSE";"100644";"100644";"c999ee830d40385f8737329c343bc21df40d642b";"2ee6f532966afdcc8f0089efe8c8be4bec251d32";"7";"07-mgr-modules-monitoring";"P2";"generated/lock/data";"reference-only";"Không đọc hunk sinh tự động";"";"trivial";"";"Frontend, translation, fixture hoặc dependency churn đã được sàng lọc; không có causal chain runtime riêng ngoài các đường API/monitoring được ánh xạ.";"";"";"screened-endpoint+history"
"2088";"v16.2.5";"v16.2.15";"src/pybind/mgr/dashboard/frontend/src/locale/messages.ja-JP.xlf";"";"M";"M";"13423";"5136";"FALSE";"100644";"100644";"73ebb07529633078df3456148e2f23602a61cc22";"35d75861b785ac4648ef679631eda19a0d9ae3b2";"7";"07-mgr-modules-monitoring";"P2";"generated/lock/data";"reference-only";"Không đọc hunk sinh tự động";"";"trivial";"";"Frontend, translation, fixture hoặc dependency churn đã được sàng lọc; không có causal chain runtime riêng ngoài các đường API/monitoring được ánh xạ.";"";"";"screened-endpoint+history"
"2089";"v16.2.5";"v16.2.15";"src/pybind/mgr/dashboard/frontend/src/locale/messages.ko-KR.xlf";"";"M";"M";"13117";"5151";"FALSE";"100644";"100644";"a806fdd5e95c7cf1d59576d573f3742ee0db196f";"c0b16a85f408f3d036f53dafd3dbae7bceeb97cd";"7";"07-mgr-modules-monitoring";"P2";"generated/lock/data";"reference-only";"Không đọc hunk sinh tự động";"";"trivial";"";"Frontend, translation, fixture hoặc dependency churn đã được sàng lọc; không có causal chain runtime riêng ngoài các đường API/monitoring được ánh xạ.";"";"";"screened-endpoint+history"
"2090";"v16.2.5";"v16.2.15";"src/pybind/mgr/dashboard/frontend/src/locale/messages.pl-PL.xlf";"";"M";"M";"12625";"5154";"FALSE";"100644";"100644";"669c5ad8b6c6aa94bf8a96fc06bbc948c08536a6";"ef890df784ddd03160236caecfeafd896f4941d3";"7";"07-mgr-modules-monitoring";"P2";"generated/lock/data";"reference-only";"Không đọc hunk sinh tự động";"";"trivial";"";"Frontend, translation, fixture hoặc dependency churn đã được sàng lọc; không có causal chain runtime riêng ngoài các đường API/monitoring được ánh xạ.";"";"";"screened-endpoint+history"
"2091";"v16.2.5";"v16.2.15";"src/pybind/mgr/dashboard/frontend/src/locale/messages.pt-BR.xlf";"";"M";"M";"13430";"5140";"FALSE";"100644";"100644";"407ace79fc2e072c54c8552a8ae24166fe8f47af";"ca6309f42da1672600867e94bc082fb2ea2b87ee";"7";"07-mgr-modules-monitoring";"P2";"generated/lock/data";"reference-only";"Không đọc hunk sinh tự động";"";"trivial";"";"Frontend, translation, fixture hoặc dependency churn đã được sàng lọc; không có causal chain runtime riêng ngoài các đường API/monitoring được ánh xạ.";"";"";"screened-endpoint+history"
"2092";"v16.2.5";"v16.2.15";"src/pybind/mgr/dashboard/frontend/src/locale/messages.zh-CN.xlf";"";"M";"M";"13433";"5147";"FALSE";"100644";"100644";"346d1b4f10af2f69b916169ec76cef719574f6f7";"ae98e3770256c0eede44e8024ada58ab7cadc367";"7";"07-mgr-modules-monitoring";"P2";"generated/lock/data";"reference-only";"Không đọc hunk sinh tự động";"";"trivial";"";"Frontend, translation, fixture hoặc dependency churn đã được sàng lọc; không có causal chain runtime riêng ngoài các đường API/monitoring được ánh xạ.";"";"";"screened-endpoint+history"
"2093";"v16.2.5";"v16.2.15";"src/pybind/mgr/dashboard/frontend/src/locale/messages.zh-TW.xlf";"";"M";"M";"13440";"5151";"FALSE";"100644";"100644";"18d59a6d0335c9c73c32804a19ff6659d1c2163c";"7755d924d57ed8537db55939d45efc556f0cb706";"7";"07-mgr-modules-monitoring";"P2";"generated/lock/data";"reference-only";"Không đọc hunk sinh tự động";"";"trivial";"";"Frontend, translation, fixture hoặc dependency churn đã được sàng lọc; không có causal chain runtime riêng ngoài các đường API/monitoring được ánh xạ.";"";"";"screened-endpoint+history"
"2094";"v16.2.5";"v16.2.15";"src/pybind/mgr/dashboard/frontend/src/styles.scss";"";"M";"M";"30";"0";"FALSE";"100644";"100644";"099433d3148cc494089c1085700300078a2cfcf6";"e27b012614715e338e234b8c1e9f5271800ad2d6";"7";"07-mgr-modules-monitoring";"P1";"runtime/source";"deep";"Chọn đọc sâu theo nhóm: implementation thuộc MGR, dashboard, module, metrics, alerts và monitoring.";"";"trivial";"";"Frontend, translation, fixture hoặc dependency churn đã được sàng lọc; không có causal chain runtime riêng ngoài các đường API/monitoring được ánh xạ.";"";"";"screened-endpoint+history"
"2095";"v16.2.5";"v16.2.15";"src/pybind/mgr/dashboard/frontend/src/styles/bootstrap-extends.scss";"";"M";"M";"1";"1";"FALSE";"100644";"100644";"9a90a2dbfee7d3b5a7c8b3b15dec0c0443f1c6cb";"be304c9e4e30779cdb58ac51f3c624488e255612";"7";"07-mgr-modules-monitoring";"P1";"runtime/source";"deep";"Chọn đọc sâu theo nhóm: implementation thuộc MGR, dashboard, module, metrics, alerts và monitoring.";"";"trivial";"";"Frontend, translation, fixture hoặc dependency churn đã được sàng lọc; không có causal chain runtime riêng ngoài các đường API/monitoring được ánh xạ.";"";"";"screened-endpoint+history"
"2096";"v16.2.5";"v16.2.15";"src/pybind/mgr/dashboard/frontend/src/styles/ceph-custom/_basics.scss";"";"M";"M";"45";"1";"FALSE";"100644";"100644";"04f365e6daacd253073bda62c1a687573e6eb4b6";"3ead6efa535125fdfb8baff968f239a7623206e6";"7";"07-mgr-modules-monitoring";"P1";"runtime/source";"deep";"Chọn đọc sâu theo nhóm: implementation thuộc MGR, dashboard, module, metrics, alerts và monitoring.";"";"trivial";"";"Frontend, translation, fixture hoặc dependency churn đã được sàng lọc; không có causal chain runtime riêng ngoài các đường API/monitoring được ánh xạ.";"";"";"screened-endpoint+history"
"2097";"v16.2.5";"v16.2.15";"src/pybind/mgr/dashboard/frontend/src/styles/ceph-custom/_forms.scss";"";"M";"M";"15";"0";"FALSE";"100644";"100644";"cca9bd5d5d9d84723aee92be7cec83590c7d8ddc";"1d84895c0dd75027e1ca324f0e380283bc7c61c7";"7";"07-mgr-modules-monitoring";"P1";"runtime/source";"deep";"Chọn đọc sâu theo nhóm: implementation thuộc MGR, dashboard, module, metrics, alerts và monitoring.";"";"trivial";"";"Frontend, translation, fixture hoặc dependency churn đã được sàng lọc; không có causal chain runtime riêng ngoài các đường API/monitoring được ánh xạ.";"";"";"screened-endpoint+history"
"2098";"v16.2.5";"v16.2.15";"src/pybind/mgr/dashboard/frontend/src/styles/defaults/_bootstrap-defaults.scss";"";"M";"M";"9";"1";"FALSE";"100644";"100644";"1e203af7c8c4823f9a2a98da0f1c0e818c197d98";"27547c36b04351e89e89441b7b03988237d7bc62";"7";"07-mgr-modules-monitoring";"P1";"runtime/source";"deep";"Chọn đọc sâu theo nhóm: implementation thuộc MGR, dashboard, module, metrics, alerts và monitoring.";"";"trivial";"";"Frontend, translation, fixture hoặc dependency churn đã được sàng lọc; không có causal chain runtime riêng ngoài các đường API/monitoring được ánh xạ.";"";"";"screened-endpoint+history"
"2099";"v16.2.5";"v16.2.15";"src/pybind/mgr/dashboard/frontend/src/styles/defaults/_functions.scss";"";"M";"M";"3";"1";"FALSE";"100644";"100644";"9e4f87eba12a27d6bddcdb000115cbba22fa4fa3";"806882b7fadea774c5275a008a996a682b76926d";"7";"07-mgr-modules-monitoring";"P1";"runtime/source";"deep";"Chọn đọc sâu theo nhóm: implementation thuộc MGR, dashboard, module, metrics, alerts và monitoring.";"";"trivial";"";"Frontend, translation, fixture hoặc dependency churn đã được sàng lọc; không có causal chain runtime riêng ngoài các đường API/monitoring được ánh xạ.";"";"";"screened-endpoint+history"
"2100";"v16.2.5";"v16.2.15";"src/pybind/mgr/dashboard/frontend/tsconfig.json";"";"M";"M";"2";"1";"FALSE";"100644";"100644";"388a019acc8ef616930e9a26fba8e7b98e6f50d6";"218cffda992c20915ac653e39c20dc30d5eee2ba";"7";"07-mgr-modules-monitoring";"P1";"runtime/source";"deep";"Chọn đọc sâu theo nhóm: implementation thuộc MGR, dashboard, module, metrics, alerts và monitoring.";"";"trivial";"";"Frontend, translation, fixture hoặc dependency churn đã được sàng lọc; không có causal chain runtime riêng ngoài các đường API/monitoring được ánh xạ.";"";"";"screened-endpoint+history"
"2101";"v16.2.5";"v16.2.15";"src/pybind/mgr/dashboard/grafana.py";"";"M";"M";"1";"1";"FALSE";"100644";"100644";"2ba28fbeb6f4c3ad94d4fd14c134db5bf3884097";"2e34187bf3f5db28b409d1097d2765cddf6bb451";"7";"07-mgr-modules-monitoring";"P1";"runtime/source";"deep";"Chọn đọc sâu theo nhóm: implementation thuộc MGR, dashboard, module, metrics, alerts và monitoring.";"";"support";"MGR-006,MGR-007";"Dashboard Grafana/Prometheus integration supports signal and failover validation; it does not validate exporter text parsing.";"";"";"support-inspected"
"2102";"v16.2.5";"v16.2.15";"src/pybind/mgr/dashboard/module.py";"";"M";"M";"154";"21";"FALSE";"100644";"100644";"1e903dcbeafcd47a7eb525f404fd65cd2ba20ddf";"2e594d65187db66eb46b9864e8326eebc1308a1b";"7";"07-mgr-modules-monitoring";"P1";"runtime/source";"deep";"Chọn đọc sâu theo nhóm: implementation thuộc MGR, dashboard, module, metrics, alerts và monitoring.";"";"mixed";"MGR-003,MGR-007";"Dashboard module declares notifications and changes TLS/standby URL behavior; unrelated feature hunks remain support/trivial.";"Module;StandbyModule;serve";"896ad0093124a8619f0dc4c4ce66796de9587365,755f33a94ae0,cfe4a6e4aff5,badc70bb11fc";"verified-endpoint+history"
"2103";"v16.2.5";"v16.2.15";"src/pybind/mgr/dashboard/openapi.yaml";"";"M";"M";"298";"283";"FALSE";"100644";"100644";"921dadb0471d01011c3647591d0eb1d12aa587d3";"38ebd0041d9fa76a8a635bccf03a0abcff591307";"7";"07-mgr-modules-monitoring";"P1";"config/schema";"deep";"Đọc sâu option/default/schema và điều kiện có hiệu lực: MGR, dashboard, module, metrics, alerts và monitoring.";"";"support";"MGR-007";"OpenAPI/rest/test artifacts support version negotiation, settings and redirect paths.";"APIVersion;RESTController";"";"support-inspected"
"2104";"v16.2.5";"v16.2.15";"src/pybind/mgr/dashboard/plugins/feature_toggles.py";"";"M";"M";"5";"5";"FALSE";"100644";"100644";"ea50652346a4a678147d0c68f8b9d2f985f1deec";"fc4619be3f9f8fd1ff3b99f0444a4a991bd0efa7";"7";"07-mgr-modules-monitoring";"P1";"runtime/source";"deep";"Chọn đọc sâu theo nhóm: implementation thuộc MGR, dashboard, module, metrics, alerts và monitoring.";"";"trivial";"";"Dashboard feature/refactor/test churn đã được sàng lọc; không làm thay đổi kế hoạch nâng cấp ngoài TLS, failover và API compatibility được ánh xạ.";"";"";"screened-endpoint+history"
"2105";"v16.2.5";"v16.2.15";"src/pybind/mgr/dashboard/plugins/motd.py";"";"A";"A";"98";"0";"FALSE";"0";"100644";"0";"22d6a294a39444550191b427c3863467985644aa";"7";"07-mgr-modules-monitoring";"P1";"runtime/source";"deep";"Chọn đọc sâu theo nhóm: implementation thuộc MGR, dashboard, module, metrics, alerts và monitoring.";"";"trivial";"";"Dashboard feature/refactor/test churn đã được sàng lọc; không làm thay đổi kế hoạch nâng cấp ngoài TLS, failover và API compatibility được ánh xạ.";"";"";"screened-endpoint+history"
"2106";"v16.2.5";"v16.2.15";"src/pybind/mgr/dashboard/requirements-lint.txt";"";"M";"M";"2";"3";"FALSE";"100644";"100644";"917547b9095535a009c22289953611de9b4b8306";"1b15f46817c2a695517217023ffa2d8d650489cf";"7";"07-mgr-modules-monitoring";"P1";"runtime/source";"deep";"Chọn đọc sâu theo nhóm: implementation thuộc MGR, dashboard, module, metrics, alerts và monitoring.";"";"trivial";"";"Dashboard feature/refactor/test churn đã được sàng lọc; không làm thay đổi kế hoạch nâng cấp ngoài TLS, failover và API compatibility được ánh xạ.";"";"";"screened-endpoint+history"
"2107";"v16.2.5";"v16.2.15";"src/pybind/mgr/dashboard/requirements-test.txt";"";"M";"M";"1";"2";"FALSE";"100644";"100644";"25b205ce883dd43bc37247bb4186a79f925886d7";"625f5c358f1cb606e4cd377373c3557975acbbbd";"7";"07-mgr-modules-monitoring";"P1";"runtime/source";"deep";"Chọn đọc sâu theo nhóm: implementation thuộc MGR, dashboard, module, metrics, alerts và monitoring.";"";"trivial";"";"Dashboard feature/refactor/test churn đã được sàng lọc; không làm thay đổi kế hoạch nâng cấp ngoài TLS, failover và API compatibility được ánh xạ.";"";"";"screened-endpoint+history"
"2108";"v16.2.5";"v16.2.15";"src/pybind/mgr/dashboard/requirements.txt";"";"M";"M";"2";"1";"FALSE";"100644";"100644";"282a07573cdf543078802b1729d982f16d19d40d";"84dee7efc9a2c723621704212caf13627fc0797a";"7";"07-mgr-modules-monitoring";"P1";"runtime/source";"deep";"Chọn đọc sâu theo nhóm: implementation thuộc MGR, dashboard, module, metrics, alerts và monitoring.";"";"trivial";"";"Dashboard feature/refactor/test churn đã được sàng lọc; không làm thay đổi kế hoạch nâng cấp ngoài TLS, failover và API compatibility được ánh xạ.";"";"";"screened-endpoint+history"
"2109";"v16.2.5";"v16.2.15";"src/pybind/mgr/dashboard/rest_client.py";"";"M";"M";"10";"6";"FALSE";"100644";"100644";"90cfd41ad77ebb925847b0fa998ba202bae1730b";"f33c13432ff4722850fe69508188aa172a0b0ffd";"7";"07-mgr-modules-monitoring";"P1";"runtime/source";"deep";"Chọn đọc sâu theo nhóm: implementation thuộc MGR, dashboard, module, metrics, alerts và monitoring.";"";"support";"MGR-007";"OpenAPI/rest/test artifacts support version negotiation, settings and redirect paths.";"APIVersion;RESTController";"";"support-inspected"
"2110";"v16.2.5";"v16.2.15";"src/pybind/mgr/dashboard/run-backend-api-tests.sh";"";"M";"M";"6";"4";"FALSE";"100755";"100755";"3c1d2e8b8b40c041922021c831632488448100b0";"8a9f63a59fa73f0cc1bbec8089a0b5d949a8a6d7";"7";"07-mgr-modules-monitoring";"P1";"tool/script";"conditional";"Đọc theo điều kiện sử dụng";"";"trivial";"";"Dashboard feature/refactor/test churn đã được sàng lọc; không làm thay đổi kế hoạch nâng cấp ngoài TLS, failover và API compatibility được ánh xạ.";"";"";"screened-endpoint+history"
"2111";"v16.2.5";"v16.2.15";"src/pybind/mgr/dashboard/run-frontend-e2e-tests.sh";"";"M";"M";"8";"11";"FALSE";"100755";"100755";"c375d677812e4e48b8138f90533de8668ef06d61";"400f861ee8cd8704a013da04a177471480e81a5e";"7";"07-mgr-modules-monitoring";"P1";"tool/script";"conditional";"Đọc theo điều kiện sử dụng";"";"trivial";"";"Dashboard feature/refactor/test churn đã được sàng lọc; không làm thay đổi kế hoạch nâng cấp ngoài TLS, failover và API compatibility được ánh xạ.";"";"";"screened-endpoint+history"
"2112";"v16.2.5";"v16.2.15";"src/pybind/mgr/dashboard/run-frontend-unittests.sh";"";"M";"M";"3";"9";"FALSE";"100755";"100755";"2cfb81fb5182b20b6673d211e8f3047236763abb";"4f6f4d00732d395b1d2130799e933cb919091a06";"7";"07-mgr-modules-monitoring";"P1";"tool/script";"conditional";"Đọc theo điều kiện sử dụng";"";"trivial";"";"Dashboard feature/refactor/test churn đã được sàng lọc; không làm thay đổi kế hoạch nâng cấp ngoài TLS, failover và API compatibility được ánh xạ.";"";"";"screened-endpoint+history"
"2113";"v16.2.5";"v16.2.15";"src/pybind/mgr/dashboard/services/access_control.py";"";"M";"M";"5";"4";"FALSE";"100644";"100644";"175e3bebfa70a7ac7a60ee05c8cfb2d28a9cb628";"27d849cc4456739a0668533f20d216c67c3a14a0";"7";"07-mgr-modules-monitoring";"P1";"runtime/source";"deep";"Chọn đọc sâu theo nhóm: implementation thuộc MGR, dashboard, module, metrics, alerts và monitoring.";"";"trivial";"";"Dashboard feature/refactor/test churn đã được sàng lọc; không làm thay đổi kế hoạch nâng cấp ngoài TLS, failover và API compatibility được ánh xạ.";"";"";"screened-endpoint+history"
"2114";"v16.2.5";"v16.2.15";"src/pybind/mgr/dashboard/services/auth.py";"";"M";"M";"10";"1";"FALSE";"100644";"100644";"55436afb6ad34f910520a806f12a66e204b38737";"6c5153620aa203b043abcdd4a0da2d62ecedec76";"7";"07-mgr-modules-monitoring";"P1";"runtime/source";"deep";"Chọn đọc sâu theo nhóm: implementation thuộc MGR, dashboard, module, metrics, alerts và monitoring.";"";"trivial";"";"Dashboard feature/refactor/test churn đã được sàng lọc; không làm thay đổi kế hoạch nâng cấp ngoài TLS, failover và API compatibility được ánh xạ.";"";"";"screened-endpoint+history"
"2115";"v16.2.5";"v16.2.15";"src/pybind/mgr/dashboard/services/ceph_service.py";"";"M";"M";"44";"22";"FALSE";"100644";"100644";"4cf82f06696d87341b6694c06dafe70fbbbf6aa2";"675d0425a602e832f0bad76c91d6a464c53121f1";"7";"07-mgr-modules-monitoring";"P1";"runtime/source";"deep";"Chọn đọc sâu theo nhóm: implementation thuộc MGR, dashboard, module, metrics, alerts và monitoring.";"";"trivial";"";"Dashboard feature/refactor/test churn đã được sàng lọc; không làm thay đổi kế hoạch nâng cấp ngoài TLS, failover và API compatibility được ánh xạ.";"";"";"screened-endpoint+history"
"2116";"v16.2.5";"v16.2.15";"src/pybind/mgr/dashboard/services/cephx.py";"";"D";"D";"0";"29";"FALSE";"100644";"0";"60303ad85fd68d835e7bb4337326264ac6b153cf";"0";"7";"07-mgr-modules-monitoring";"P1";"runtime/source";"deep";"Chọn đọc sâu theo nhóm: implementation thuộc MGR, dashboard, module, metrics, alerts và monitoring.";"";"trivial";"";"Dashboard feature/refactor/test churn đã được sàng lọc; không làm thay đổi kế hoạch nâng cấp ngoài TLS, failover và API compatibility được ánh xạ.";"";"";"screened-endpoint+history"
"2117";"v16.2.5";"v16.2.15";"src/pybind/mgr/dashboard/services/cluster.py";"";"A";"A";"35";"0";"FALSE";"0";"100644";"0";"a057f24381f78a406979c88de03651aa39fb473f";"7";"07-mgr-modules-monitoring";"P1";"runtime/source";"deep";"Chọn đọc sâu theo nhóm: implementation thuộc MGR, dashboard, module, metrics, alerts và monitoring.";"";"trivial";"";"Dashboard feature/refactor/test churn đã được sàng lọc; không làm thay đổi kế hoạch nâng cấp ngoài TLS, failover và API compatibility được ánh xạ.";"";"";"screened-endpoint+history"
"2118";"v16.2.5";"v16.2.15";"src/pybind/mgr/dashboard/services/exception.py";"";"M";"M";"28";"1";"FALSE";"100644";"100644";"feb084622bc0a5131a1d52f9e9ff0dead5a1f43c";"02a827e1b16dd2aef10e0e6b7fc3119ec5a2bcd4";"7";"07-mgr-modules-monitoring";"P1";"runtime/source";"deep";"Chọn đọc sâu theo nhóm: implementation thuộc MGR, dashboard, module, metrics, alerts và monitoring.";"";"trivial";"";"Dashboard feature/refactor/test churn đã được sàng lọc; không làm thay đổi kế hoạch nâng cấp ngoài TLS, failover và API compatibility được ánh xạ.";"";"";"screened-endpoint+history"
"2119";"v16.2.5";"v16.2.15";"src/pybind/mgr/dashboard/services/ganesha.py";"";"D";"D";"0";"1129";"FALSE";"100644";"0";"9799f837a74f9b976a84362d42edc2a9f525e66c";"0";"7";"07-mgr-modules-monitoring";"P1";"runtime/source";"deep";"Chọn đọc sâu theo nhóm: implementation thuộc MGR, dashboard, module, metrics, alerts và monitoring.";"";"trivial";"";"Dashboard feature/refactor/test churn đã được sàng lọc; không làm thay đổi kế hoạch nâng cấp ngoài TLS, failover và API compatibility được ánh xạ.";"";"";"screened-endpoint+history"
"2120";"v16.2.5";"v16.2.15";"src/pybind/mgr/dashboard/services/iscsi_cli.py";"";"M";"M";"1";"1";"FALSE";"100644";"100644";"93abbcd190a329b84498a7ec1b90d0d81cd51207";"71e6c9f3d9a2f33a0ae287054ed3aae96fabd65b";"7";"07-mgr-modules-monitoring";"P1";"runtime/source";"deep";"Chọn đọc sâu theo nhóm: implementation thuộc MGR, dashboard, module, metrics, alerts và monitoring.";"";"trivial";"";"Dashboard feature/refactor/test churn đã được sàng lọc; không làm thay đổi kế hoạch nâng cấp ngoài TLS, failover và API compatibility được ánh xạ.";"";"";"screened-endpoint+history"
"2121";"v16.2.5";"v16.2.15";"src/pybind/mgr/dashboard/services/iscsi_config.py";"";"M";"M";"1";"1";"FALSE";"100644";"100644";"acc0c09362cee6dfeae858b658c494dc550ffb32";"7cdd5cd02c62b3879b55a09f7358e0e565740db9";"7";"07-mgr-modules-monitoring";"P1";"runtime/source";"deep";"Chọn đọc sâu theo nhóm: implementation thuộc MGR, dashboard, module, metrics, alerts và monitoring.";"";"trivial";"";"Dashboard feature/refactor/test churn đã được sàng lọc; không làm thay đổi kế hoạch nâng cấp ngoài TLS, failover và API compatibility được ánh xạ.";"";"";"screened-endpoint+history"
"2122";"v16.2.5";"v16.2.15";"src/pybind/mgr/dashboard/services/orchestrator.py";"";"M";"M";"25";"4";"FALSE";"100644";"100644";"8891e8e3d3c6bcf46fcda63eec181e971ea820dd";"3ca9a0f379f6bd380cdba465781b1cc68561b545";"7";"07-mgr-modules-monitoring";"P1";"runtime/source";"deep";"Chọn đọc sâu theo nhóm: implementation thuộc MGR, dashboard, module, metrics, alerts và monitoring.";"";"trivial";"";"Dashboard feature/refactor/test churn đã được sàng lọc; không làm thay đổi kế hoạch nâng cấp ngoài TLS, failover và API compatibility được ánh xạ.";"";"";"screened-endpoint+history"
"2123";"v16.2.5";"v16.2.15";"src/pybind/mgr/dashboard/services/osd.py";"";"A";"A";"25";"0";"FALSE";"0";"100644";"0";"12db733cc987d424d2aea312d773ff2125867fe7";"7";"07-mgr-modules-monitoring";"P1";"runtime/source";"deep";"Chọn đọc sâu theo nhóm: implementation thuộc MGR, dashboard, module, metrics, alerts và monitoring.";"";"trivial";"";"Dashboard feature/refactor/test churn đã được sàng lọc; không làm thay đổi kế hoạch nâng cấp ngoài TLS, failover và API compatibility được ánh xạ.";"";"";"screened-endpoint+history"
"2124";"v16.2.5";"v16.2.15";"src/pybind/mgr/dashboard/services/rbd.py";"";"M";"M";"224";"56";"FALSE";"100644";"100644";"07fc2d783a487c36fabda1001d18786b95e9a29a";"b2181344fdd352c3778e1b6c4269f1301e9856ad";"7";"07-mgr-modules-monitoring";"P1";"runtime/source";"deep";"Chọn đọc sâu theo nhóm: implementation thuộc MGR, dashboard, module, metrics, alerts và monitoring.";"";"trivial";"";"Dashboard feature/refactor/test churn đã được sàng lọc; không làm thay đổi kế hoạch nâng cấp ngoài TLS, failover và API compatibility được ánh xạ.";"";"";"screened-endpoint+history"
"2125";"v16.2.5";"v16.2.15";"src/pybind/mgr/dashboard/services/rgw_client.py";"";"M";"M";"122";"33";"FALSE";"100644";"100644";"25d1ed5ddac102d982b8b7b2a456248400e2477a";"f6ee0df576111b9027b50b60330d0dabe6ba2ab5";"7";"07-mgr-modules-monitoring";"P1";"runtime/source";"deep";"Chọn đọc sâu theo nhóm: implementation thuộc MGR, dashboard, module, metrics, alerts và monitoring.";"";"trivial";"";"Dashboard feature/refactor/test churn đã được sàng lọc; không làm thay đổi kế hoạch nâng cấp ngoài TLS, failover và API compatibility được ánh xạ.";"";"";"screened-endpoint+history"
"2126";"v16.2.5";"v16.2.15";"src/pybind/mgr/dashboard/services/tcmu_service.py";"";"M";"M";"1";"0";"FALSE";"100644";"100644";"aceeaff3de042097a8f7fc10d6c477bcaf578ea9";"1155c1d5c6f458c1fe26ec70131ec69f6d9c23b7";"7";"07-mgr-modules-monitoring";"P1";"runtime/source";"deep";"Chọn đọc sâu theo nhóm: implementation thuộc MGR, dashboard, module, metrics, alerts và monitoring.";"";"trivial";"";"Dashboard feature/refactor/test churn đã được sàng lọc; không làm thay đổi kế hoạch nâng cấp ngoài TLS, failover và API compatibility được ánh xạ.";"";"";"screened-endpoint+history"
"2127";"v16.2.5";"v16.2.15";"src/pybind/mgr/dashboard/settings.py";"";"M";"M";"3";"5";"FALSE";"100644";"100644";"6c1b90374fb72660ce5ee69160ca1616b52b8e74";"c6a4c235c3354efbb86d73f4036d2a0cba798cd8";"7";"07-mgr-modules-monitoring";"P1";"runtime/source";"deep";"Chọn đọc sâu theo nhóm: implementation thuộc MGR, dashboard, module, metrics, alerts và monitoring.";"";"conditional";"MGR-007";"Dashboard target mặc định tối thiểu TLS 1.3; client/proxy chỉ TLS 1.2 cần preflight hoặc risk-accepted compatibility option.";"Settings.UNSAFE_TLS_v1_2;SSLContext.minimum_version";"755f33a94ae0,cfe4a6e4aff5";"verified-endpoint+history"
"2128";"v16.2.5";"v16.2.15";"src/pybind/mgr/dashboard/tests/__init__.py";"";"M";"M";"55";"17";"FALSE";"100644";"100644";"46c6b8043cc8b7e0a8f0c9e362711a6582c26617";"af264b3b16abce0f50cc1318d42c59ba2019378e";"7";"07-mgr-modules-monitoring";"P2";"test/QA";"reference-only";"Không đọc độc lập";"";"trivial";"";"Dashboard feature/refactor/test churn đã được sàng lọc; không làm thay đổi kế hoạch nâng cấp ngoài TLS, failover và API compatibility được ánh xạ.";"";"";"screened-endpoint+history"
"2129";"v16.2.5";"v16.2.15";"src/pybind/mgr/dashboard/tests/test_access_control.py";"";"M";"M";"4";"3";"FALSE";"100644";"100644";"41e7e637f72b2e2849205fbe3065aef574abdb9c";"361f65e60dc015fcb12c0d6b6d257ed2a057a6c1";"7";"07-mgr-modules-monitoring";"P2";"test/QA";"reference-only";"Không đọc độc lập";"";"trivial";"";"Dashboard feature/refactor/test churn đã được sàng lọc; không làm thay đổi kế hoạch nâng cấp ngoài TLS, failover và API compatibility được ánh xạ.";"";"";"screened-endpoint+history"
"2130";"v16.2.5";"v16.2.15";"src/pybind/mgr/dashboard/tests/test_api_auditing.py";"";"M";"M";"3";"3";"FALSE";"100644";"100644";"b2e83379efc8de3da51b70af3ab58427a59fde23";"854d76468c21fe17185968be01105568a27811eb";"7";"07-mgr-modules-monitoring";"P2";"test/QA";"reference-only";"Không đọc độc lập";"";"trivial";"";"Dashboard feature/refactor/test churn đã được sàng lọc; không làm thay đổi kế hoạch nâng cấp ngoài TLS, failover và API compatibility được ánh xạ.";"";"";"screened-endpoint+history"
"2131";"v16.2.5";"v16.2.15";"src/pybind/mgr/dashboard/tests/test_auth.py";"";"M";"M";"46";"0";"FALSE";"100644";"100644";"6f1d2a084ec461741c4bb270e5c70f8069d12b7a";"d9755de98e45ad1f8af3528fcc0cc9d2c9bbb1ce";"7";"07-mgr-modules-monitoring";"P2";"test/QA";"reference-only";"Không đọc độc lập";"";"trivial";"";"Dashboard feature/refactor/test churn đã được sàng lọc; không làm thay đổi kế hoạch nâng cấp ngoài TLS, failover và API compatibility được ánh xạ.";"";"";"screened-endpoint+history"
"2132";"v16.2.5";"v16.2.15";"src/pybind/mgr/dashboard/tests/test_ceph_service.py";"";"M";"M";"55";"14";"FALSE";"100644";"100644";"9a8ca674c23634639192b8ab5e46a00d9eb3c172";"440fc712112f64db6cfa2fdd05e19cf86f59590a";"7";"07-mgr-modules-monitoring";"P2";"test/QA";"reference-only";"Không đọc độc lập";"";"trivial";"";"Dashboard feature/refactor/test churn đã được sàng lọc; không làm thay đổi kế hoạch nâng cấp ngoài TLS, failover và API compatibility được ánh xạ.";"";"";"screened-endpoint+history"
"2133";"v16.2.5";"v16.2.15";"src/pybind/mgr/dashboard/tests/test_cephfs.py";"";"M";"M";"1";"1";"FALSE";"100644";"100644";"5c35cab329cd6e980b120c6973ef70d07972cb55";"ae4253543841d122d0b69ea97f2eed5d2e5804a9";"7";"07-mgr-modules-monitoring";"P2";"test/QA";"reference-only";"Không đọc độc lập";"";"trivial";"";"Dashboard feature/refactor/test churn đã được sàng lọc; không làm thay đổi kế hoạch nâng cấp ngoài TLS, failover và API compatibility được ánh xạ.";"";"";"screened-endpoint+history"
"2134";"v16.2.5";"v16.2.15";"src/pybind/mgr/dashboard/tests/test_controllers.py";"";"M";"M";"5";"5";"FALSE";"100644";"100644";"bacef3677d787af894f69dee7730262fe5f14e1f";"4b91b110391e15477eb8f4045ef9beb542338c9d";"7";"07-mgr-modules-monitoring";"P2";"test/QA";"reference-only";"Không đọc độc lập";"";"support";"MGR-007";"OpenAPI/rest/test artifacts support version negotiation, settings and redirect paths.";"APIVersion;RESTController";"";"support-inspected"
"2135";"v16.2.5";"v16.2.15";"src/pybind/mgr/dashboard/tests/test_daemon.py";"";"A";"A";"41";"0";"FALSE";"0";"100644";"0";"2008c8630f51dc3eb44873b34aa3f01637bd8ab4";"7";"07-mgr-modules-monitoring";"P2";"test/QA";"reference-only";"Không đọc độc lập";"";"trivial";"";"Dashboard feature/refactor/test churn đã được sàng lọc; không làm thay đổi kế hoạch nâng cấp ngoài TLS, failover và API compatibility được ánh xạ.";"";"";"screened-endpoint+history"
"2136";"v16.2.5";"v16.2.15";"src/pybind/mgr/dashboard/tests/test_docs.py";"";"M";"M";"13";"11";"FALSE";"100644";"100644";"072985e8bf89416420810376cd25419a2f867cdd";"5291edb3bb77f6ef1ecebf351ea3503b091f5a52";"7";"07-mgr-modules-monitoring";"P2";"test/QA";"reference-only";"Không đọc độc lập";"";"trivial";"";"Dashboard feature/refactor/test churn đã được sàng lọc; không làm thay đổi kế hoạch nâng cấp ngoài TLS, failover và API compatibility được ánh xạ.";"";"";"screened-endpoint+history"
"2137";"v16.2.5";"v16.2.15";"src/pybind/mgr/dashboard/tests/test_erasure_code_profile.py";"";"M";"M";"1";"3";"FALSE";"100644";"100644";"8ff1490708ff0e0e4c01a41dd331670b1f369282";"d1b032a514f30cdd33b773803d6b241495705214";"7";"07-mgr-modules-monitoring";"P2";"test/QA";"reference-only";"Không đọc độc lập";"";"trivial";"";"Dashboard feature/refactor/test churn đã được sàng lọc; không làm thay đổi kế hoạch nâng cấp ngoài TLS, failover và API compatibility được ánh xạ.";"";"";"screened-endpoint+history"
"2138";"v16.2.5";"v16.2.15";"src/pybind/mgr/dashboard/tests/test_exceptions.py";"";"M";"M";"3";"3";"FALSE";"100644";"100644";"bbf9090957204ea2e386b5c2513a9ad5fe50721f";"2a9e840b8987b5f9cc5e8d9720bb4dd716c0e8cd";"7";"07-mgr-modules-monitoring";"P2";"test/QA";"reference-only";"Không đọc độc lập";"";"trivial";"";"Dashboard feature/refactor/test churn đã được sàng lọc; không làm thay đổi kế hoạch nâng cấp ngoài TLS, failover và API compatibility được ánh xạ.";"";"";"screened-endpoint+history"
"2139";"v16.2.5";"v16.2.15";"src/pybind/mgr/dashboard/tests/test_feature_toggles.py";"";"M";"M";"3";"3";"FALSE";"100644";"100644";"571b8c286c859893c2b058e894fa4016dd39fe8f";"dcc41b25eb1023295931a16ee1a7b89f83629827";"7";"07-mgr-modules-monitoring";"P2";"test/QA";"reference-only";"Không đọc độc lập";"";"trivial";"";"Dashboard feature/refactor/test churn đã được sàng lọc; không làm thay đổi kế hoạch nâng cấp ngoài TLS, failover và API compatibility được ánh xạ.";"";"";"screened-endpoint+history"
"2140";"v16.2.5";"v16.2.15";"src/pybind/mgr/dashboard/tests/test_ganesha.py";"";"D";"D";"0";"1058";"FALSE";"100644";"0";"f9cc44aa2738bbafa6f3b8d8779611e6aac76466";"0";"7";"07-mgr-modules-monitoring";"P2";"test/QA";"reference-only";"Không đọc độc lập";"";"trivial";"";"Dashboard feature/refactor/test churn đã được sàng lọc; không làm thay đổi kế hoạch nâng cấp ngoài TLS, failover và API compatibility được ánh xạ.";"";"";"screened-endpoint+history"
"2141";"v16.2.5";"v16.2.15";"src/pybind/mgr/dashboard/tests/test_grafana.py";"";"M";"M";"9";"3";"FALSE";"100644";"100644";"d9b15e8231e5b0006b9b91c0ce6b5b201ef22fda";"b822020d8ac9aa51a38d1bbfb1ca1ee0c54e318e";"7";"07-mgr-modules-monitoring";"P2";"test/QA";"reference-only";"Không đọc độc lập";"";"support";"MGR-006,MGR-007";"Dashboard Grafana/Prometheus integration supports signal and failover validation; it does not validate exporter text parsing.";"";"";"support-inspected"
"2142";"v16.2.5";"v16.2.15";"src/pybind/mgr/dashboard/tests/test_home.py";"";"M";"M";"8";"1";"FALSE";"100644";"100644";"37e09b4b2af9e2fcbe2a203e695d688937ac3690";"0b788626048df87c8f4a001370de49b17b1a70c7";"7";"07-mgr-modules-monitoring";"P2";"test/QA";"reference-only";"Không đọc độc lập";"";"trivial";"";"Dashboard feature/refactor/test churn đã được sàng lọc; không làm thay đổi kế hoạch nâng cấp ngoài TLS, failover và API compatibility được ánh xạ.";"";"";"screened-endpoint+history"
"2143";"v16.2.5";"v16.2.15";"src/pybind/mgr/dashboard/tests/test_host.py";"";"M";"M";"139";"58";"FALSE";"100644";"100644";"6d719a0fc92218052c64f36e9a1927ef5da95932";"5c816f08a6fd9d90dca4b4b1bc08a2c438ed95bc";"7";"07-mgr-modules-monitoring";"P2";"test/QA";"reference-only";"Không đọc độc lập";"";"trivial";"";"Dashboard feature/refactor/test churn đã được sàng lọc; không làm thay đổi kế hoạch nâng cấp ngoài TLS, failover và API compatibility được ánh xạ.";"";"";"screened-endpoint+history"
"2144";"v16.2.5";"v16.2.15";"src/pybind/mgr/dashboard/tests/test_iscsi.py";"";"M";"M";"2";"8";"FALSE";"100644";"100644";"994a0b91a43662fa1daa1ac36750d9dd7579a32f";"7728a496b9ebbf14cbf879f1e2b50a041042f8c9";"7";"07-mgr-modules-monitoring";"P2";"test/QA";"reference-only";"Không đọc độc lập";"";"trivial";"";"Dashboard feature/refactor/test churn đã được sàng lọc; không làm thay đổi kế hoạch nâng cấp ngoài TLS, failover và API compatibility được ánh xạ.";"";"";"screened-endpoint+history"
"2145";"v16.2.5";"v16.2.15";"src/pybind/mgr/dashboard/tests/test_nfs.py";"";"A";"A";"240";"0";"FALSE";"0";"100644";"0";"5e71b6525c234cdb8e3d9be59b00ce7c9d6c1fe5";"7";"07-mgr-modules-monitoring";"P2";"test/QA";"reference-only";"Không đọc độc lập";"";"trivial";"";"Dashboard feature/refactor/test churn đã được sàng lọc; không làm thay đổi kế hoạch nâng cấp ngoài TLS, failover và API compatibility được ánh xạ.";"";"";"screened-endpoint+history"
"2146";"v16.2.5";"v16.2.15";"src/pybind/mgr/dashboard/tests/test_orchestrator.py";"";"M";"M";"2";"4";"FALSE";"100644";"100644";"d9ee85cf3053fd79891537eba7b1db852047d48e";"53e32c85ae6eaa6753ef92cb45adfd77dc12dc0d";"7";"07-mgr-modules-monitoring";"P2";"test/QA";"reference-only";"Không đọc độc lập";"";"trivial";"";"Dashboard feature/refactor/test churn đã được sàng lọc; không làm thay đổi kế hoạch nâng cấp ngoài TLS, failover và API compatibility được ánh xạ.";"";"";"screened-endpoint+history"
"2147";"v16.2.5";"v16.2.15";"src/pybind/mgr/dashboard/tests/test_osd.py";"";"M";"M";"120";"5";"FALSE";"100644";"100644";"669dd63bbf8b64f941e6897e530c594e7c09dd18";"5d1b0c6becbc7838982527d4d6944e5daaf9f629";"7";"07-mgr-modules-monitoring";"P2";"test/QA";"reference-only";"Không đọc độc lập";"";"trivial";"";"Dashboard feature/refactor/test churn đã được sàng lọc; không làm thay đổi kế hoạch nâng cấp ngoài TLS, failover và API compatibility được ánh xạ.";"";"";"screened-endpoint+history"
"2148";"v16.2.5";"v16.2.15";"src/pybind/mgr/dashboard/tests/test_plugin_debug.py";"";"M";"M";"1";"1";"FALSE";"100644";"100644";"cb4d1afc21844f53c1c80d081bdba5b3250779b7";"572f82a416187df4476cb196b9e95f1b9638c910";"7";"07-mgr-modules-monitoring";"P2";"test/QA";"reference-only";"Không đọc độc lập";"";"trivial";"";"Dashboard feature/refactor/test churn đã được sàng lọc; không làm thay đổi kế hoạch nâng cấp ngoài TLS, failover và API compatibility được ánh xạ.";"";"";"screened-endpoint+history"
"2149";"v16.2.5";"v16.2.15";"src/pybind/mgr/dashboard/tests/test_pool.py";"";"M";"M";"1";"3";"FALSE";"100644";"100644";"d5cdb63e0e5c03e1be3745590d090085d03759a1";"02e2b641ca470d5f1a253a90751553289bcba5d6";"7";"07-mgr-modules-monitoring";"P2";"test/QA";"reference-only";"Không đọc độc lập";"";"trivial";"";"Dashboard feature/refactor/test churn đã được sàng lọc; không làm thay đổi kế hoạch nâng cấp ngoài TLS, failover và API compatibility được ánh xạ.";"";"";"screened-endpoint+history"
"2150";"v16.2.5";"v16.2.15";"src/pybind/mgr/dashboard/tests/test_prometheus.py";"";"M";"M";"1";"3";"FALSE";"100644";"100644";"14b2dca9ba2521e2c8bbe5b52c36fb518b300423";"cd2fb3e8dd3994ce6a5430b7c70b90d959a18018";"7";"07-mgr-modules-monitoring";"P2";"test/QA";"reference-only";"Không đọc độc lập";"";"support";"MGR-006,MGR-007";"Dashboard Grafana/Prometheus integration supports signal and failover validation; it does not validate exporter text parsing.";"";"";"support-inspected"
"2151";"v16.2.5";"v16.2.15";"src/pybind/mgr/dashboard/tests/test_rbd_mirroring.py";"";"M";"M";"26";"15";"FALSE";"100644";"100644";"9f83bad83e1236ed0601d85cb488bf000ed89100";"69e3f11e247962f46b5e024f92f9706ff564b45b";"7";"07-mgr-modules-monitoring";"P2";"test/QA";"reference-only";"Không đọc độc lập";"";"trivial";"";"Dashboard feature/refactor/test churn đã được sàng lọc; không làm thay đổi kế hoạch nâng cấp ngoài TLS, failover và API compatibility được ánh xạ.";"";"";"screened-endpoint+history"
"2152";"v16.2.5";"v16.2.15";"src/pybind/mgr/dashboard/tests/test_rbd_service.py";"";"M";"M";"55";"17";"FALSE";"100644";"100644";"20a96832124455cbc938c944055ef2f318d798d1";"ad182530060f11fe638b46e3a3034ea4b252b8c0";"7";"07-mgr-modules-monitoring";"P2";"test/QA";"reference-only";"Không đọc độc lập";"";"trivial";"";"Dashboard feature/refactor/test churn đã được sàng lọc; không làm thay đổi kế hoạch nâng cấp ngoài TLS, failover và API compatibility được ánh xạ.";"";"";"screened-endpoint+history"
"2153";"v16.2.5";"v16.2.15";"src/pybind/mgr/dashboard/tests/test_rest_tasks.py";"";"M";"M";"3";"5";"FALSE";"100644";"100644";"b4abbdea36b97cde32509d8c8532acc597bf4586";"b320298515ac5f426eb986a686e9d319761baf78";"7";"07-mgr-modules-monitoring";"P2";"test/QA";"reference-only";"Không đọc độc lập";"";"trivial";"";"Dashboard feature/refactor/test churn đã được sàng lọc; không làm thay đổi kế hoạch nâng cấp ngoài TLS, failover và API compatibility được ánh xạ.";"";"";"screened-endpoint+history"
"2154";"v16.2.5";"v16.2.15";"src/pybind/mgr/dashboard/tests/test_rgw.py";"";"M";"M";"31";"16";"FALSE";"100644";"100644";"bf56464c063e8485453d505bc0fc4faa2b306f0e";"cea12ba4fb7499ec2d601c56c6103091e3828ca7";"7";"07-mgr-modules-monitoring";"P2";"test/QA";"reference-only";"Không đọc độc lập";"";"trivial";"";"Dashboard feature/refactor/test churn đã được sàng lọc; không làm thay đổi kế hoạch nâng cấp ngoài TLS, failover và API compatibility được ánh xạ.";"";"";"screened-endpoint+history"
"2155";"v16.2.5";"v16.2.15";"src/pybind/mgr/dashboard/tests/test_rgw_client.py";"";"M";"M";"147";"20";"FALSE";"100644";"100644";"b01076c8b19efe0ec06dbeb8a606ef48366e4427";"4949ba36bf211cd54a4284482001cc6d66fa6b72";"7";"07-mgr-modules-monitoring";"P2";"test/QA";"reference-only";"Không đọc độc lập";"";"trivial";"";"Dashboard feature/refactor/test churn đã được sàng lọc; không làm thay đổi kế hoạch nâng cấp ngoài TLS, failover và API compatibility được ánh xạ.";"";"";"screened-endpoint+history"
"2156";"v16.2.5";"v16.2.15";"src/pybind/mgr/dashboard/tests/test_settings.py";"";"M";"M";"2";"5";"FALSE";"100644";"100644";"e92b580e3a6277d206ca72c349fb8d0dd3c2b058";"e204b566ab50043b83e5c1209cd7d72dc83ddc71";"7";"07-mgr-modules-monitoring";"P2";"test/QA";"reference-only";"Không đọc độc lập";"";"support";"MGR-007";"OpenAPI/rest/test artifacts support version negotiation, settings and redirect paths.";"APIVersion;RESTController";"";"support-inspected"
"2157";"v16.2.5";"v16.2.15";"src/pybind/mgr/dashboard/tests/test_sso.py";"";"M";"M";"1";"1";"FALSE";"100644";"100644";"ab565137a18f98759b7992f719b9689f3935baa1";"5594738d173b4d6c08d6807da32bf8cd7441f32e";"7";"07-mgr-modules-monitoring";"P2";"test/QA";"reference-only";"Không đọc độc lập";"";"trivial";"";"Dashboard feature/refactor/test churn đã được sàng lọc; không làm thay đổi kế hoạch nâng cấp ngoài TLS, failover và API compatibility được ánh xạ.";"";"";"screened-endpoint+history"
"2158";"v16.2.5";"v16.2.15";"src/pybind/mgr/dashboard/tests/test_tools.py";"";"M";"M";"23";"16";"FALSE";"100644";"100644";"c9cd11bafc8333b457284f8827f00ba23e0aa00f";"eaae3e2959e0c7374b3c38c8f9b3113c9dad0248";"7";"07-mgr-modules-monitoring";"P2";"test/QA";"reference-only";"Không đọc độc lập";"";"trivial";"";"Dashboard feature/refactor/test churn đã được sàng lọc; không làm thay đổi kế hoạch nâng cấp ngoài TLS, failover và API compatibility được ánh xạ.";"";"";"screened-endpoint+history"
"2159";"v16.2.5";"v16.2.15";"src/pybind/mgr/dashboard/tests/test_versioning.py";"";"M";"M";"34";"15";"FALSE";"100644";"100644";"666b388bf28844731b3f61c021b2f345be6d532f";"0a77a299e98d53b1b5c8ffb9fe7e3d97db2d0623";"7";"07-mgr-modules-monitoring";"P2";"test/QA";"reference-only";"Không đọc độc lập";"";"support";"MGR-007";"OpenAPI/rest/test artifacts support version negotiation, settings and redirect paths.";"APIVersion;RESTController";"";"support-inspected"
"2160";"v16.2.5";"v16.2.15";"src/pybind/mgr/dashboard/tools.py";"";"M";"M";"11";"36";"FALSE";"100644";"100644";"a6f14e82d00845a2a14b8ba27cde3c14b0a49003";"1ae194219ec6d4ca2665b05d093b9e183ca64e09";"7";"07-mgr-modules-monitoring";"P1";"runtime/source";"deep";"Chọn đọc sâu theo nhóm: implementation thuộc MGR, dashboard, module, metrics, alerts và monitoring.";"";"trivial";"";"Dashboard feature/refactor/test churn đã được sàng lọc; không làm thay đổi kế hoạch nâng cấp ngoài TLS, failover và API compatibility được ánh xạ.";"";"";"screened-endpoint+history"
"2161";"v16.2.5";"v16.2.15";"src/pybind/mgr/dashboard/tox.ini";"";"M";"M";"3";"10";"FALSE";"100644";"100644";"1cda4c45acd012e0283279ee240d9135147331b4";"1f5d28f66611061215c58730dcf1b083b1107f9d";"7";"07-mgr-modules-monitoring";"P1";"config/schema";"deep";"Đọc sâu option/default/schema và điều kiện có hiệu lực: MGR, dashboard, module, metrics, alerts và monitoring.";"";"trivial";"";"Dashboard feature/refactor/test churn đã được sàng lọc; không làm thay đổi kế hoạch nâng cấp ngoài TLS, failover và API compatibility được ánh xạ.";"";"";"screened-endpoint+history"
"2162";"v16.2.5";"v16.2.15";"src/pybind/mgr/devicehealth/module.py";"";"M";"M";"10";"8";"FALSE";"100644";"100644";"b40cba4f08c528e866441b5f509785d979776e8b";"0f426e3a4bc6a5df2677532216e7abfba6c8b662";"7";"07-mgr-modules-monitoring";"P1";"runtime/source";"deep";"Chọn đọc sâu theo nhóm: implementation thuộc MGR, dashboard, module, metrics, alerts và monitoring.";"";"support";"MGR-003";"Built-in modules khai báo notification chúng sử dụng; đây là mẫu đối chiếu cho custom/third-party modules.";"NOTIFY_TYPES";"896ad0093124a8619f0dc4c4ce66796de9587365";"support-inspected"
"2163";"v16.2.5";"v16.2.15";"src/pybind/mgr/influx/module.py";"";"M";"M";"5";"1";"FALSE";"100644";"100644";"e54ca1f00244caa382c77272e2d63ed89fa68661";"0f43ac0bb878ebea5a2012d7f66c398d7bc64fa5";"7";"07-mgr-modules-monitoring";"P1";"runtime/source";"deep";"Chọn đọc sâu theo nhóm: implementation thuộc MGR, dashboard, module, metrics, alerts và monitoring.";"";"trivial";"";"Đã sàng lọc net diff và lịch sử; thay đổi không tạo chuỗi tác động rolling/restart/compatibility đủ mạnh ngoài các finding được nâng cấp.";"";"";"screened-endpoint+history"
"2164";"v16.2.5";"v16.2.15";"src/pybind/mgr/insights/module.py";"";"M";"M";"26";"3";"FALSE";"100644";"100644";"3566ffb78a6b0b48a408554bacd6653f13ba94bf";"12c88e73e1667d0b700d20d26a3d870dd0f76556";"7";"07-mgr-modules-monitoring";"P1";"runtime/source";"deep";"Chọn đọc sâu theo nhóm: implementation thuộc MGR, dashboard, module, metrics, alerts và monitoring.";"";"support";"MGR-003";"Built-in modules khai báo notification chúng sử dụng; đây là mẫu đối chiếu cho custom/third-party modules.";"NOTIFY_TYPES";"896ad0093124a8619f0dc4c4ce66796de9587365";"support-inspected"
"2165";"v16.2.5";"v16.2.15";"src/pybind/mgr/iostat/module.py";"";"M";"M";"7";"7";"FALSE";"100644";"100644";"5c18f5bf0a022bd63cae3f54df55203d63680b86";"7a340ff4ae6e55bae935a941697f7f0175ddb440";"7";"07-mgr-modules-monitoring";"P1";"runtime/source";"deep";"Chọn đọc sâu theo nhóm: implementation thuộc MGR, dashboard, module, metrics, alerts và monitoring.";"";"trivial";"";"Đã sàng lọc net diff và lịch sử; thay đổi không tạo chuỗi tác động rolling/restart/compatibility đủ mạnh ngoài các finding được nâng cấp.";"";"";"screened-endpoint+history"
"2166";"v16.2.5";"v16.2.15";"src/pybind/mgr/k8sevents/module.py";"";"M";"M";"6";"5";"FALSE";"100644";"100644";"afdd5ae77b9a1ce17331703e81646bcc67771eb9";"b3402920974e5ff8e30f3c504e7d3185b913fb01";"7";"07-mgr-modules-monitoring";"P1";"runtime/source";"deep";"Chọn đọc sâu theo nhóm: implementation thuộc MGR, dashboard, module, metrics, alerts và monitoring.";"";"support";"MGR-003";"Built-in modules khai báo notification chúng sử dụng; đây là mẫu đối chiếu cho custom/third-party modules.";"NOTIFY_TYPES";"896ad0093124a8619f0dc4c4ce66796de9587365";"support-inspected"
"2167";"v16.2.5";"v16.2.15";"src/pybind/mgr/localpool/module.py";"";"M";"M";"3";"2";"FALSE";"100644";"100644";"23ffeaa12de1f6aaabd5d693dea34b56f20d95e6";"b8546601366b8eff0c9cc0e15d899a37e237e00e";"7";"07-mgr-modules-monitoring";"P1";"runtime/source";"deep";"Chọn đọc sâu theo nhóm: implementation thuộc MGR, dashboard, module, metrics, alerts và monitoring.";"";"support";"MGR-003";"Built-in modules khai báo notification chúng sử dụng; đây là mẫu đối chiếu cho custom/third-party modules.";"NOTIFY_TYPES";"896ad0093124a8619f0dc4c4ce66796de9587365";"support-inspected"
"2168";"v16.2.5";"v16.2.15";"src/pybind/mgr/mds_autoscaler/module.py";"";"M";"M";"8";"7";"FALSE";"100644";"100644";"01a9df2f4a89283d500fa1975b69dafdff2f801e";"a6bbadfd57bbd3de8b7acb480d2b2cf500e0b5cb";"7";"07-mgr-modules-monitoring";"P1";"runtime/source";"deep";"Chọn đọc sâu theo nhóm: implementation thuộc MGR, dashboard, module, metrics, alerts và monitoring.";"";"support";"MGR-003";"Built-in modules khai báo notification chúng sử dụng; đây là mẫu đối chiếu cho custom/third-party modules.";"NOTIFY_TYPES";"896ad0093124a8619f0dc4c4ce66796de9587365";"support-inspected"
"2169";"v16.2.5";"v16.2.15";"src/pybind/mgr/mgr_module.py";"";"M";"M";"207";"29";"FALSE";"100644";"100644";"f44a776e186968fa9a87ef4b16a461de2151e8ef";"d70e9113babc9811902ab7236635517439c93931";"7";"07-mgr-modules-monitoring";"P1";"runtime/source";"deep";"Chọn đọc sâu theo nhóm: implementation thuộc MGR, dashboard, module, metrics, alerts và monitoring.";"";"mixed";"MGR-003,MGR-008";"Python MgrModule API thêm NotifyType và CephFS/perf interfaces; consumer tùy module quyết định activation.";"NotifyType;MgrModule;get_mds_perf_counters";"900c502a996a13b00634e3753fb964bbbab3c01b,5a93dba4257033abf700b0a82550debf2f2bd970,402c8cda8038";"verified-endpoint+history"
"2170";"v16.2.5";"v16.2.15";"src/pybind/mgr/mgr_util.py";"";"M";"M";"140";"52";"FALSE";"100644";"100644";"29a6f631477ee39c88b11aa879cd8cd8ce5dbb62";"d07e4ac0dae42906f2dddfa0444b738c73f857c9";"7";"07-mgr-modules-monitoring";"P1";"runtime/source";"deep";"Chọn đọc sâu theo nhóm: implementation thuộc MGR, dashboard, module, metrics, alerts và monitoring.";"";"mixed";"MGR-006,MGR-007";"Utility code đổi TLS context và URL/hostname handling dùng bởi Dashboard/monitoring endpoints.";"ServerConfig;build_url;verify_tls";"755f33a94ae0,cfe4a6e4aff5,b83ead,a3a7b84bda75beba87defd45b59cc7e631abc47d";"verified-endpoint+history"
"2187";"v16.2.5";"v16.2.15";"src/pybind/mgr/pg_autoscaler/__init__.py";"";"M";"M";"5";"0";"FALSE";"100644";"100644";"f0bffcdcd6293dac56d7c8760f11b5d86fc5bb35";"2394d37e5692e8d96656d2d3b7f6a3c504954ac6";"7";"07-mgr-modules-monitoring";"P1";"runtime/source";"deep";"Chọn đọc sâu theo nhóm: implementation thuộc MGR, dashboard, module, metrics, alerts và monitoring.";"";"support";"MGR-004";"Autoscaler package/tests hỗ trợ ratio, final target và overlapping-root guards.";"";"";"support-inspected"
"2188";"v16.2.5";"v16.2.15";"src/pybind/mgr/pg_autoscaler/module.py";"";"M";"M";"383";"126";"FALSE";"100644";"100644";"24a8e4a584c591aa4e2349df80127d3ef5a18812";"191da430c8dcaa70521556e4ab65b6cf5822615d";"7";"07-mgr-modules-monitoring";"P1";"runtime/source";"deep";"Chọn đọc sâu theo nhóm: implementation thuộc MGR, dashboard, module, metrics, alerts và monitoring.";"";"conditional";"MGR-004";"Target thêm bulk/noautoscale, overlapping-root và pg_num_max guards cùng giới hạn 128 PG mỗi lần; active MGR và pool flags quyết định hành vi.";"PgAutoscaler._maybe_adjust;PgAutoscaler._calc_final_pg_target;noautoscale;bulk;pg_num_max";"01700781b824e0a90d771237fb36a9fbae0c4303,2d9bdaa477f8,f81b87bc79f2,d41ef37be9be70d242296d8b6b83ed3af4b4b588,6589dee8ca64,a29565511b206,8d83b6746ac,b5edb374605c02a670d8c627bc9b5bb2b66ca340,04fcf3030c9d,491968d1b376";"verified-endpoint+history"
"2189";"v16.2.5";"v16.2.15";"src/pybind/mgr/pg_autoscaler/tests/__init__.py";"";"A";"A";"0";"0";"FALSE";"0";"100644";"0";"e69de29bb2d1d6434b8b29ae775ad8c2e48c5391";"7";"07-mgr-modules-monitoring";"P2";"mechanical/zero-LOC";"reference-only";"Không đọc nội dung độc lập";"";"support";"MGR-004";"Autoscaler package/tests hỗ trợ ratio, final target và overlapping-root guards.";"";"";"support-inspected"
"2190";"v16.2.5";"v16.2.15";"src/pybind/mgr/pg_autoscaler/tests/test_cal_final_pg_target.py";"";"A";"A";"676";"0";"FALSE";"0";"100644";"0";"655025bbef877498fd69b2dfea8c10a6c40c14bc";"7";"07-mgr-modules-monitoring";"P2";"test/QA";"reference-only";"Không đọc độc lập";"";"support";"MGR-004";"Autoscaler package/tests hỗ trợ ratio, final target và overlapping-root guards.";"";"";"support-inspected"
"2191";"v16.2.5";"v16.2.15";"src/pybind/mgr/pg_autoscaler/tests/test_cal_ratio.py";"src/pybind/mgr/pg_autoscaler/tests/test_autoscaler.py";"R";"R099";"3";"0";"FALSE";"100644";"100644";"122d95274d07154548a6126d115fb9979d538390";"d966713605359ea6b27e99958105730278ed65d5";"7";"07-mgr-modules-monitoring";"P2";"test/QA";"reference-only";"Không đọc độc lập";"";"support";"MGR-004";"Autoscaler package/tests hỗ trợ ratio, final target và overlapping-root guards.";"";"";"support-inspected"
"2192";"v16.2.5";"v16.2.15";"src/pybind/mgr/pg_autoscaler/tests/test_overlapping_roots.py";"";"A";"A";"479";"0";"FALSE";"0";"100644";"0";"009019707ec84608acebe0118561c0bcc07f4d6d";"7";"07-mgr-modules-monitoring";"P2";"test/QA";"reference-only";"Không đọc độc lập";"";"support";"MGR-004";"Autoscaler package/tests hỗ trợ ratio, final target và overlapping-root guards.";"";"";"support-inspected"
"2193";"v16.2.5";"v16.2.15";"src/pybind/mgr/progress/module.py";"";"M";"M";"80";"94";"FALSE";"100644";"100644";"812c16fdb0c446223bc87fb3145d432ea0f29b09";"422aba962a1c0da4c63748f081dbe8e01b03d8e6";"7";"07-mgr-modules-monitoring";"P1";"runtime/source";"deep";"Chọn đọc sâu theo nhóm: implementation thuộc MGR, dashboard, module, metrics, alerts và monitoring.";"";"conditional";"MGR-009";"Progress module chuyển sang polling/compact progress inputs, giảm full-PG dump nhưng active MGR version quyết định event behavior.";"Module._process_pg_summary;Module._update;pg_progress;active_clean_pgs";"f8f4c40275ae,2cdf2950e84f,49451d,53597d";"verified-endpoint+history"
"2194";"v16.2.5";"v16.2.15";"src/pybind/mgr/progress/test_progress.py";"";"M";"M";"29";"60";"FALSE";"100644";"100644";"2eab07fa39f4f5ecfe0a452f18b8328199129be6";"47baa177e25b7b59cbb5b7da71ec4e9b297de6d0";"7";"07-mgr-modules-monitoring";"P2";"test/QA";"reference-only";"Không đọc độc lập";"";"support";"MGR-009";"Unit test hỗ trợ progress event/race handling; chưa chứng minh tải ở cluster nhiều PG.";"";"";"support-inspected"
"2195";"v16.2.5";"v16.2.15";"src/pybind/mgr/prometheus/module.py";"";"M";"M";"521";"64";"FALSE";"100644";"100644";"a0379c1ee4502c7d7edfe115e898b86f6fc1758c";"4bc9b719338d6316a5aff63fbaeb0f55feb0a8b9";"7";"07-mgr-modules-monitoring";"P1";"runtime/source";"deep";"Chọn đọc sâu theo nhóm: implementation thuộc MGR, dashboard, module, metrics, alerts và monitoring.";"";"mixed";"MGR-005,MGR-006";"Exporter target vừa có metric/schema fixes vừa tái tạo nhiều Metric cùng HELP/TYPE cho ceph_pool_objects_repaired; Prometheus parser có thể loại toàn scrape.";"Module._setup_static_metrics;Module.get_pool_repaired_objects;Metric.str_expfmt;Module.collect";"d3b4d7cbb4a01f58f257cc09c41c2c8e7984901,df692c44c6b8ce3e77631e1d9170ffc00245b5c1,45a8604232bd,f4e16fd0b89c,46ae4d,138797,78df779,bf049,858651,0b52868e9a7f011e75089a7b8c892e215c8ca8a7,2b32cc3c3d6fac572f5e5c0183f519527011d9ce";"verified-endpoint+history"
"2196";"v16.2.5";"v16.2.15";"src/pybind/mgr/prometheus/test_module.py";"";"A";"A";"93";"0";"FALSE";"0";"100644";"0";"0647cb658c75de174a9ced594f5bd9ab5fd794a1";"7";"07-mgr-modules-monitoring";"P2";"test/QA";"reference-only";"Không đọc độc lập";"";"support";"MGR-005,MGR-006";"Exporter tests hỗ trợ metric changes nhưng không có regression case cho duplicate HELP/TYPE của pool_objects_repaired.";"test_module";"";"support-gap-identified"
"2203";"v16.2.5";"v16.2.15";"src/pybind/mgr/requirements.txt";"";"M";"M";"2";"1";"FALSE";"100644";"100644";"88b9c1b855b9e1dca13ee0a348cba8360c43c6c7";"252357952701d368c3ff60afc8968ba1cec50e1f";"7";"07-mgr-modules-monitoring";"P1";"runtime/source";"deep";"Chọn đọc sâu theo nhóm: implementation thuộc MGR, dashboard, module, metrics, alerts và monitoring.";"";"trivial";"";"Đã sàng lọc net diff và lịch sử; thay đổi không tạo chuỗi tác động rolling/restart/compatibility đủ mạnh ngoài các finding được nâng cấp.";"";"";"screened-endpoint+history"
"2204";"v16.2.5";"v16.2.15";"src/pybind/mgr/restful/module.py";"";"M";"M";"9";"8";"FALSE";"100644";"100644";"df34b160661bcd719939e746797ec776f125cd68";"3eb98a71e6a2cd9d15e8686bc36a0b61b1f7057e";"7";"07-mgr-modules-monitoring";"P1";"runtime/source";"deep";"Chọn đọc sâu theo nhóm: implementation thuộc MGR, dashboard, module, metrics, alerts và monitoring.";"";"support";"MGR-003";"Built-in modules khai báo notification chúng sử dụng; đây là mẫu đối chiếu cho custom/third-party modules.";"NOTIFY_TYPES";"896ad0093124a8619f0dc4c4ce66796de9587365";"support-inspected"
"2207";"v16.2.5";"v16.2.15";"src/pybind/mgr/selftest/module.py";"";"M";"M";"16";"4";"FALSE";"100644";"100644";"c459dc31de74aa67d537f8be35d3bacfabec1ba0";"85fb033d61abe5ef0edf641ac1ef568279292edf";"7";"07-mgr-modules-monitoring";"P1";"runtime/source";"deep";"Chọn đọc sâu theo nhóm: implementation thuộc MGR, dashboard, module, metrics, alerts và monitoring.";"";"trivial";"";"Đã sàng lọc net diff và lịch sử; thay đổi không tạo chuỗi tác động rolling/restart/compatibility đủ mạnh ngoài các finding được nâng cấp.";"";"";"screened-endpoint+history"
"2212";"v16.2.5";"v16.2.15";"src/pybind/mgr/stats/fs/perf_stats.py";"";"M";"M";"190";"77";"FALSE";"100644";"100644";"23b08cb44e8d414316ca83e1fb9b98299e4a3f22";"596b3bc08d1a8137eb68aecd1c1818137860086c";"7";"07-mgr-modules-monitoring";"P1";"runtime/source";"deep";"Chọn đọc sâu theo nhóm: implementation thuộc MGR, dashboard, module, metrics, alerts và monitoring.";"";"conditional";"MGR-008";"CephFS perf output chuyển schema v2 và thêm failover query handling; parser cũ có thể không tương thích.";"PERF_STATS_VERSION;FSPerfStats.get_perf_data;FSPerfStats.notify_cmd";"402c8cda8038,166fb10544e0db1f683ea58c6137c3e76e5b8385,eaba9c4e6f7ae079e9c1dfd16404115a4f874993,322723,649258,02c4b4608286e8fd19d050772b132667229aa9db,3c5fe2d1e398,f7b1f7d4392";"verified-endpoint+history"
"2213";"v16.2.5";"v16.2.15";"src/pybind/mgr/stats/module.py";"";"M";"M";"7";"4";"FALSE";"100644";"100644";"a4bc44630d637168eb8a6f6d94f926520bde7a43";"fcc1bce97b5cf617b3d58b4e27904e64b766b3b6";"7";"07-mgr-modules-monitoring";"P1";"runtime/source";"deep";"Chọn đọc sâu theo nhóm: implementation thuộc MGR, dashboard, module, metrics, alerts và monitoring.";"";"conditional";"MGR-003,MGR-008";"Stats module khai báo fs_map notifications và route schema v2; activation chỉ khi module/consumer CephFS stats được dùng.";"Module.NOTIFY_TYPES;Module.notify";"896ad0093124a8619f0dc4c4ce66796de9587365,3c5fe2d1e398";"verified-endpoint+history"
"2214";"v16.2.5";"v16.2.15";"src/pybind/mgr/status/module.py";"";"M";"M";"2";"2";"FALSE";"100644";"100644";"4cd8c2c714f0f3b7d31cc3d28dfb97fd6f8b0276";"d83de859b0959c389bd69a71c188e47678744287";"7";"07-mgr-modules-monitoring";"P1";"runtime/source";"deep";"Chọn đọc sâu theo nhóm: implementation thuộc MGR, dashboard, module, metrics, alerts và monitoring.";"";"trivial";"";"Đã sàng lọc net diff và lịch sử; thay đổi không tạo chuỗi tác động rolling/restart/compatibility đủ mạnh ngoài các finding được nâng cấp.";"";"";"screened-endpoint+history"
"2215";"v16.2.5";"v16.2.15";"src/pybind/mgr/telemetry/module.py";"";"M";"M";"10";"6";"FALSE";"100644";"100644";"d4fb9930853f8ba90f05af72c8d5f432b69e87d3";"953e5c5f79835ae9e6af429ef8640d7fad95fdd7";"7";"07-mgr-modules-monitoring";"P1";"runtime/source";"deep";"Chọn đọc sâu theo nhóm: implementation thuộc MGR, dashboard, module, metrics, alerts và monitoring.";"";"trivial";"";"Đã sàng lọc net diff và lịch sử; thay đổi không tạo chuỗi tác động rolling/restart/compatibility đủ mạnh ngoài các finding được nâng cấp.";"";"";"screened-endpoint+history"
"2218";"v16.2.5";"v16.2.15";"src/pybind/mgr/tests/__init__.py";"";"M";"M";"14";"11";"FALSE";"100644";"100644";"66c1cbc87b698cdf6fd1122f0756fe7a0d262801";"97606ed3e8df53a41cd150018b51fbbd5b6c25ec";"7";"07-mgr-modules-monitoring";"P2";"test/QA";"reference-only";"Không đọc độc lập";"";"trivial";"";"Test thay đổi nhưng không chứng minh một tác động upgrade độc lập ngoài các finding được ánh xạ.";"";"";"screened-endpoint+history"
"2219";"v16.2.5";"v16.2.15";"src/pybind/mgr/tests/test_mgr_util.py";"";"A";"A";"19";"0";"FALSE";"0";"100644";"0";"fb7732d5cc801243ae9b0e69a114846b3e8acdcc";"7";"07-mgr-modules-monitoring";"P2";"test/QA";"reference-only";"Không đọc độc lập";"";"support";"MGR-007";"Utility/TLS tests và tox config hỗ trợ endpoint compatibility; không có direct test cho Dashboard default TLS 1.3 trong owner set.";"";"";"support-gap-identified"
"2220";"v16.2.5";"v16.2.15";"src/pybind/mgr/tests/test_tls.py";"";"M";"M";"2";"1";"FALSE";"100644";"100644";"923d91917caf27c5d18871073b77811cc828ba98";"fda463cd2f4d8f376b5bd5895cff6bdb952a6f1d";"7";"07-mgr-modules-monitoring";"P2";"test/QA";"reference-only";"Không đọc độc lập";"";"support";"MGR-007";"Utility/TLS tests và tox config hỗ trợ endpoint compatibility; không có direct test cho Dashboard default TLS 1.3 trong owner set.";"";"";"support-gap-identified"
"2221";"v16.2.5";"v16.2.15";"src/pybind/mgr/tox.ini";"";"M";"M";"51";"15";"FALSE";"100644";"100644";"4835fa1157a99a75a6a6b787ed8e0b226104ef89";"c97992113d542156424e41adee0737e631c6c18a";"7";"07-mgr-modules-monitoring";"P1";"config/schema";"deep";"Đọc sâu option/default/schema và điều kiện có hiệu lực: MGR, dashboard, module, metrics, alerts và monitoring.";"";"support";"MGR-007";"Utility/TLS tests và tox config hỗ trợ endpoint compatibility; không có direct test cho Dashboard default TLS 1.3 trong owner set.";"";"";"support-gap-identified"
