"index";"base_tag";"target_tag";"path";"old_path";"status";"status_detail";"additions";"deletions";"binary";"old_mode";"new_mode";"old_blob";"new_blob";"group";"owner_report";"priority";"file_type";"review_mode";"analysis_decision";"diff_note";"upgrade_disposition";"finding_id";"disposition_reason";"symbols";"commit_shas";"evidence_status"
"226";"v16.2.5";"v16.2.15";"doc/rbd/iscsi-initiator-linux.rst";"";"M";"M";"55";"28";"FALSE";"100644";"100644";"ba374c40c9fcc00b077797e640e769e767517df6";"5c9f69a0ebb26475613b7d59b23e8d4af1ed4452";"10";"10-rados-rbd-clients";"P2";"documentation";"reference-only";"Không phân tích code sâu";"";"trivial";"";"Đã đọc net diff và lịch sử; thay đổi feature, refactor, test hoặc công cụ thông thường không có causal chain nâng cấp độc lập.";"";"";"screened-endpoint+history"
"227";"v16.2.5";"v16.2.15";"doc/rbd/iscsi-overview.rst";"";"M";"M";"17";"13";"FALSE";"100644";"100644";"69085ddc3b841f38c664a3aab59d0a48dbe1c0de";"879083c3f671b614ac66057dd33d751cb224095f";"10";"10-rados-rbd-clients";"P2";"documentation";"reference-only";"Không phân tích code sâu";"";"trivial";"";"Đã đọc net diff và lịch sử; thay đổi feature, refactor, test hoặc công cụ thông thường không có causal chain nâng cấp độc lập.";"";"";"screened-endpoint+history"
"228";"v16.2.5";"v16.2.15";"doc/rbd/rados-rbd-cmds.rst";"";"M";"M";"207";"105";"FALSE";"100644";"100644";"d74efe7099f5769a6c130c9d46fdfb124b0aece2";"0bbcb261160dd56a888c6f3c49490db537932165";"10";"10-rados-rbd-clients";"P2";"documentation";"reference-only";"Không phân tích code sâu";"";"trivial";"";"Đã đọc net diff và lịch sử; thay đổi feature, refactor, test hoặc công cụ thông thường không có causal chain nâng cấp độc lập.";"";"";"screened-endpoint+history"
"229";"v16.2.5";"v16.2.15";"doc/rbd/rbd-exclusive-locks.rst";"";"M";"M";"85";"64";"FALSE";"100644";"100644";"f02d6d48f4492afaccd04f0142d5cfa85b5b3630";"6f03abb6de28c489f1bdbcc1b4754530253af3f6";"10";"10-rados-rbd-clients";"P2";"documentation";"reference-only";"Không phân tích code sâu";"";"trivial";"";"Đã đọc net diff và lịch sử; thay đổi feature, refactor, test hoặc công cụ thông thường không có causal chain nâng cấp độc lập.";"";"";"screened-endpoint+history"
"230";"v16.2.5";"v16.2.15";"doc/rbd/rbd-mirroring.rst";"";"M";"M";"1";"1";"FALSE";"100644";"100644";"300cb98d4c3dbf277dd45d7f14759812fbf47c1f";"d5d1191d63e4f9e5fb3841eacee93a9c7d01c4c3";"10";"10-rados-rbd-clients";"P2";"documentation";"reference-only";"Không phân tích code sâu";"";"support";"RBD-006";"Test/workunit/doc hỗ trợ mirror failover/deletion finding.";"CreatePrimaryRequest; UnlinkPeerRequest; ImageReplayer::stop; snapshot::Replayer";"3885255ea0ccc56a6c55bcef26729301fd6f787b,ba5364196433a54368532b0ae6ac2f58e568f65f,7d63ab5f97192b2bde876f6d0acd818d4789e612,8d242edf1c61410461b05570d7968dad0b67f118";"support-inspected"
"231";"v16.2.5";"v16.2.15";"doc/rbd/rbd-persistent-read-only-cache.rst";"";"M";"M";"21";"20";"FALSE";"100644";"100644";"589b8af7fc3ab8d51135d4b51fe2cec6a78e6037";"5bef7f592008cc00a2eb905c4b1cd4836206c530";"10";"10-rados-rbd-clients";"P2";"documentation";"reference-only";"Không phân tích code sâu";"";"trivial";"";"Đã đọc net diff và lịch sử; thay đổi feature, refactor, test hoặc công cụ thông thường không có causal chain nâng cấp độc lập.";"";"";"screened-endpoint+history"
"232";"v16.2.5";"v16.2.15";"doc/rbd/rbd-persistent-write-back-cache.rst";"";"M";"M";"41";"16";"FALSE";"100644";"100644";"db91e0697f16834d6b806cf76bedb61c3eb90f5f";"8066014e997b0b74a99fcbf95382f8de3b54cdb2";"10";"10-rados-rbd-clients";"P2";"documentation";"reference-only";"Không phân tích code sâu";"";"support";"RBD-002,RBD-003";"Tài liệu hoặc QA PWL hỗ trợ format/recovery finding; chưa phải runtime validation đã chạy.";"WriteLogPoolRoot::layout_version; SSD_LAYOUT_VERSION; ssd::WriteLog::initialize_pool | AbstractWriteLog::pwl_init; ssd::WriteLog::load_existing_entries; ImageCacheState::init_from_metadata";"010b0524d0f6a6a92bfbf723759b162067c8d546,15f62d23d1a7540820ebf57bb7b41b504fdfa356,24a30a83491b2002914806a29a2a26448d1e4a4e,c5b13b73c596c0e0219ef087f8cc164c0ceff6f0,17791d999fa9161c574e9333053cfff34e1beab0,b388a34470d27f7cc7965b467f554741c52cc766,311bcf17d5fca40edd07b04d847434ade3e29410";"support-inspected"
"233";"v16.2.5";"v16.2.15";"doc/rbd/rbd-snapshot.rst";"";"M";"M";"188";"137";"FALSE";"100644";"100644";"701acec2f3ad135b4b641cb36c87d3afb6309372";"765a1555b40d63f8ced31559924b8601c3d72755";"10";"10-rados-rbd-clients";"P2";"documentation";"reference-only";"Không phân tích code sâu";"";"trivial";"";"Đã đọc net diff và lịch sử; thay đổi feature, refactor, test hoặc công cụ thông thường không có causal chain nâng cấp độc lập.";"";"";"screened-endpoint+history"
"388";"v16.2.5";"v16.2.15";"qa/rbd/krbd_default_map_options.t";"";"A";"A";"64";"0";"FALSE";"0";"100644";"0";"5dac5d6aec5bc89f78122b373e5a13326b19b7c1";"10";"10-rados-rbd-clients";"P2";"test/QA";"reference-only";"Không đọc độc lập";"";"trivial";"";"Đã đọc net diff và lịch sử; thay đổi feature, refactor, test hoặc công cụ thông thường không có causal chain nâng cấp độc lập.";"";"";"screened-endpoint+history"
"403";"v16.2.5";"v16.2.15";"qa/suites/crimson-rados/rbd/tasks/rbd_api_tests_old_format.yaml";"";"M";"M";"2";"0";"FALSE";"100644";"100644";"36393831a3bda45b03e464d84a230e48e1b4cb5b";"3dbb69df40fc659626b0cab6a26cc6a9db3fe05a";"10";"10-rados-rbd-clients";"P2";"test/QA";"reference-only";"Không đọc độc lập";"";"trivial";"";"Đã đọc net diff và lịch sử; thay đổi feature, refactor, test hoặc công cụ thông thường không có causal chain nâng cấp độc lập.";"";"";"screened-endpoint+history"
"638";"v16.2.5";"v16.2.15";"qa/suites/krbd/basic/ms_mode/crc$/.qa";"";"A";"A";"1";"0";"FALSE";"0";"120000";"0";"a602a0353e7510e9ac07370ceaed121e2e528fa2";"10";"10-rados-rbd-clients";"P2";"test/QA";"reference-only";"Không đọc độc lập";"";"trivial";"";"Đã đọc net diff và lịch sử; thay đổi feature, refactor, test hoặc công cụ thông thường không có causal chain nâng cấp độc lập.";"";"";"screened-endpoint+history"
"639";"v16.2.5";"v16.2.15";"qa/suites/krbd/basic/ms_mode/crc$/crc-rxbounce.yaml";"";"A";"A";"5";"0";"FALSE";"0";"100644";"0";"4d27d01133cdc20f43c09e54133d5b6e622e4773";"10";"10-rados-rbd-clients";"P2";"test/QA";"reference-only";"Không đọc độc lập";"";"trivial";"";"Đã đọc net diff và lịch sử; thay đổi feature, refactor, test hoặc công cụ thông thường không có causal chain nâng cấp độc lập.";"";"";"screened-endpoint+history"
"640";"v16.2.5";"v16.2.15";"qa/suites/krbd/basic/ms_mode/crc$/crc.yaml";"qa/suites/krbd/basic/ms_mode/crc.yaml";"R";"R100";"0";"0";"FALSE";"100644";"100644";"3b072578f1fde740d96d52744285ecb205989c68";"3b072578f1fde740d96d52744285ecb205989c68";"10";"10-rados-rbd-clients";"P2";"mechanical/zero-LOC";"reference-only";"Không đọc nội dung độc lập";"";"trivial";"";"Đã đọc net diff và lịch sử; thay đổi feature, refactor, test hoặc công cụ thông thường không có causal chain nâng cấp độc lập.";"";"";"screened-endpoint+history"
"641";"v16.2.5";"v16.2.15";"qa/suites/krbd/basic/ms_mode/legacy$/.qa";"";"A";"A";"1";"0";"FALSE";"0";"120000";"0";"a602a0353e7510e9ac07370ceaed121e2e528fa2";"10";"10-rados-rbd-clients";"P2";"test/QA";"reference-only";"Không đọc độc lập";"";"trivial";"";"Đã đọc net diff và lịch sử; thay đổi feature, refactor, test hoặc công cụ thông thường không có causal chain nâng cấp độc lập.";"";"";"screened-endpoint+history"
"642";"v16.2.5";"v16.2.15";"qa/suites/krbd/basic/ms_mode/legacy$/legacy-rxbounce.yaml";"";"A";"A";"5";"0";"FALSE";"0";"100644";"0";"244e45cbc764186b0a063ab4c71dd917db84597c";"10";"10-rados-rbd-clients";"P2";"test/QA";"reference-only";"Không đọc độc lập";"";"trivial";"";"Đã đọc net diff và lịch sử; thay đổi feature, refactor, test hoặc công cụ thông thường không có causal chain nâng cấp độc lập.";"";"";"screened-endpoint+history"
"643";"v16.2.5";"v16.2.15";"qa/suites/krbd/basic/ms_mode/legacy$/legacy.yaml";"qa/suites/krbd/basic/ms_mode/legacy.yaml";"R";"R100";"0";"0";"FALSE";"100644";"100644";"0048dcb0cec2a99d57d56bbb2d063f6c6a6e36f4";"0048dcb0cec2a99d57d56bbb2d063f6c6a6e36f4";"10";"10-rados-rbd-clients";"P2";"mechanical/zero-LOC";"reference-only";"Không đọc nội dung độc lập";"";"trivial";"";"Đã đọc net diff và lịch sử; thay đổi feature, refactor, test hoặc công cụ thông thường không có causal chain nâng cấp độc lập.";"";"";"screened-endpoint+history"
"644";"v16.2.5";"v16.2.15";"qa/suites/krbd/fsx/ms_mode$/crc-rxbounce.yaml";"";"A";"A";"5";"0";"FALSE";"0";"100644";"0";"fb9c3dec23861e75536c36baa9faeb8d88d88b30";"10";"10-rados-rbd-clients";"P2";"test/QA";"reference-only";"Không đọc độc lập";"";"trivial";"";"Đã đọc net diff và lịch sử; thay đổi feature, refactor, test hoặc công cụ thông thường không có causal chain nâng cấp độc lập.";"";"";"screened-endpoint+history"
"645";"v16.2.5";"v16.2.15";"qa/suites/krbd/fsx/ms_mode$/legacy-rxbounce.yaml";"";"A";"A";"5";"0";"FALSE";"0";"100644";"0";"3306c1e57f05e0790eeff85b04d7d5f3e4fde4b4";"10";"10-rados-rbd-clients";"P2";"test/QA";"reference-only";"Không đọc độc lập";"";"trivial";"";"Đã đọc net diff và lịch sử; thay đổi feature, refactor, test hoặc công cụ thông thường không có causal chain nâng cấp độc lập.";"";"";"screened-endpoint+history"
"646";"v16.2.5";"v16.2.15";"qa/suites/krbd/fsx/ms_mode$/prefer-crc.yaml";"";"D";"D";"0";"5";"FALSE";"100644";"0";"a346c75489201f7d876065364cffaf3800f0c071";"0";"10";"10-rados-rbd-clients";"P2";"test/QA";"reference-only";"Không đọc độc lập";"";"trivial";"";"Đã đọc net diff và lịch sử; thay đổi feature, refactor, test hoặc công cụ thông thường không có causal chain nâng cấp độc lập.";"";"";"screened-endpoint+history"
"647";"v16.2.5";"v16.2.15";"qa/suites/krbd/ms_modeless/%";"";"A";"A";"0";"0";"FALSE";"0";"100644";"0";"e69de29bb2d1d6434b8b29ae775ad8c2e48c5391";"10";"10-rados-rbd-clients";"P2";"mechanical/zero-LOC";"reference-only";"Không đọc nội dung độc lập";"";"trivial";"";"Đã đọc net diff và lịch sử; thay đổi feature, refactor, test hoặc công cụ thông thường không có causal chain nâng cấp độc lập.";"";"";"screened-endpoint+history"
"648";"v16.2.5";"v16.2.15";"qa/suites/krbd/ms_modeless/.qa";"";"A";"A";"1";"0";"FALSE";"0";"120000";"0";"a602a0353e7510e9ac07370ceaed121e2e528fa2";"10";"10-rados-rbd-clients";"P2";"test/QA";"reference-only";"Không đọc độc lập";"";"trivial";"";"Đã đọc net diff và lịch sử; thay đổi feature, refactor, test hoặc công cụ thông thường không có causal chain nâng cấp độc lập.";"";"";"screened-endpoint+history"
"649";"v16.2.5";"v16.2.15";"qa/suites/krbd/ms_modeless/bluestore-bitmap.yaml";"";"A";"A";"1";"0";"FALSE";"0";"120000";"0";"a59cf5175069a8d125e2c4f1bab72d354c02627c";"10";"10-rados-rbd-clients";"P2";"test/QA";"reference-only";"Không đọc độc lập";"";"trivial";"";"Đã đọc net diff và lịch sử; thay đổi feature, refactor, test hoặc công cụ thông thường không có causal chain nâng cấp độc lập.";"";"";"screened-endpoint+history"
"650";"v16.2.5";"v16.2.15";"qa/suites/krbd/ms_modeless/ceph/.qa";"";"A";"A";"1";"0";"FALSE";"0";"120000";"0";"a602a0353e7510e9ac07370ceaed121e2e528fa2";"10";"10-rados-rbd-clients";"P2";"test/QA";"reference-only";"Không đọc độc lập";"";"trivial";"";"Đã đọc net diff và lịch sử; thay đổi feature, refactor, test hoặc công cụ thông thường không có causal chain nâng cấp độc lập.";"";"";"screened-endpoint+history"
"651";"v16.2.5";"v16.2.15";"qa/suites/krbd/ms_modeless/ceph/ceph.yaml";"";"A";"A";"3";"0";"FALSE";"0";"100644";"0";"2030acb90836ccb748eab56844f8342763b3dd8c";"10";"10-rados-rbd-clients";"P2";"test/QA";"reference-only";"Không đọc độc lập";"";"trivial";"";"Đã đọc net diff và lịch sử; thay đổi feature, refactor, test hoặc công cụ thông thường không có causal chain nâng cấp độc lập.";"";"";"screened-endpoint+history"
"652";"v16.2.5";"v16.2.15";"qa/suites/krbd/ms_modeless/clusters/.qa";"";"A";"A";"1";"0";"FALSE";"0";"120000";"0";"a602a0353e7510e9ac07370ceaed121e2e528fa2";"10";"10-rados-rbd-clients";"P2";"test/QA";"reference-only";"Không đọc độc lập";"";"trivial";"";"Đã đọc net diff và lịch sử; thay đổi feature, refactor, test hoặc công cụ thông thường không có causal chain nâng cấp độc lập.";"";"";"screened-endpoint+history"
"653";"v16.2.5";"v16.2.15";"qa/suites/krbd/ms_modeless/clusters/fixed-3.yaml";"";"A";"A";"1";"0";"FALSE";"0";"120000";"0";"f75a848b8e740d2c73f88038d915b5ac4aa4c23f";"10";"10-rados-rbd-clients";"P2";"test/QA";"reference-only";"Không đọc độc lập";"";"trivial";"";"Đã đọc net diff và lịch sử; thay đổi feature, refactor, test hoặc công cụ thông thường không có causal chain nâng cấp độc lập.";"";"";"screened-endpoint+history"
"654";"v16.2.5";"v16.2.15";"qa/suites/krbd/ms_modeless/conf.yaml";"";"A";"A";"5";"0";"FALSE";"0";"100644";"0";"30da870b25df9a46897574a336aff82c55ee2c37";"10";"10-rados-rbd-clients";"P2";"test/QA";"reference-only";"Không đọc độc lập";"";"trivial";"";"Đã đọc net diff và lịch sử; thay đổi feature, refactor, test hoặc công cụ thông thường không có causal chain nâng cấp độc lập.";"";"";"screened-endpoint+history"
"655";"v16.2.5";"v16.2.15";"qa/suites/krbd/ms_modeless/tasks/.qa";"";"A";"A";"1";"0";"FALSE";"0";"120000";"0";"a602a0353e7510e9ac07370ceaed121e2e528fa2";"10";"10-rados-rbd-clients";"P2";"test/QA";"reference-only";"Không đọc độc lập";"";"trivial";"";"Đã đọc net diff và lịch sử; thay đổi feature, refactor, test hoặc công cụ thông thường không có causal chain nâng cấp độc lập.";"";"";"screened-endpoint+history"
"656";"v16.2.5";"v16.2.15";"qa/suites/krbd/ms_modeless/tasks/krbd_default_map_options.yaml";"";"A";"A";"5";"0";"FALSE";"0";"100644";"0";"c8c12f17323fde75829d7d8a9089a80361f0fdc6";"10";"10-rados-rbd-clients";"P2";"test/QA";"reference-only";"Không đọc độc lập";"";"trivial";"";"Đã đọc net diff và lịch sử; thay đổi feature, refactor, test hoặc công cụ thông thường không có causal chain nâng cấp độc lập.";"";"";"screened-endpoint+history"
"657";"v16.2.5";"v16.2.15";"qa/suites/krbd/ms_modeless/tasks/krbd_rxbounce.yaml";"";"A";"A";"5";"0";"FALSE";"0";"100644";"0";"4ecd0e83eab8a2ff0c025064e52c4adc6fda39c2";"10";"10-rados-rbd-clients";"P2";"test/QA";"reference-only";"Không đọc độc lập";"";"trivial";"";"Đã đọc net diff và lịch sử; thay đổi feature, refactor, test hoặc công cụ thông thường không có causal chain nâng cấp độc lập.";"";"";"screened-endpoint+history"
"658";"v16.2.5";"v16.2.15";"qa/suites/krbd/rbd-nomount/ms_mode/crc$/.qa";"";"A";"A";"1";"0";"FALSE";"0";"120000";"0";"a602a0353e7510e9ac07370ceaed121e2e528fa2";"10";"10-rados-rbd-clients";"P2";"test/QA";"reference-only";"Không đọc độc lập";"";"trivial";"";"Đã đọc net diff và lịch sử; thay đổi feature, refactor, test hoặc công cụ thông thường không có causal chain nâng cấp độc lập.";"";"";"screened-endpoint+history"
"659";"v16.2.5";"v16.2.15";"qa/suites/krbd/rbd-nomount/ms_mode/crc$/crc-rxbounce.yaml";"";"A";"A";"5";"0";"FALSE";"0";"100644";"0";"4d27d01133cdc20f43c09e54133d5b6e622e4773";"10";"10-rados-rbd-clients";"P2";"test/QA";"reference-only";"Không đọc độc lập";"";"trivial";"";"Đã đọc net diff và lịch sử; thay đổi feature, refactor, test hoặc công cụ thông thường không có causal chain nâng cấp độc lập.";"";"";"screened-endpoint+history"
"660";"v16.2.5";"v16.2.15";"qa/suites/krbd/rbd-nomount/ms_mode/crc$/crc.yaml";"qa/suites/krbd/rbd-nomount/ms_mode/crc.yaml";"R";"R100";"0";"0";"FALSE";"100644";"100644";"3b072578f1fde740d96d52744285ecb205989c68";"3b072578f1fde740d96d52744285ecb205989c68";"10";"10-rados-rbd-clients";"P2";"mechanical/zero-LOC";"reference-only";"Không đọc nội dung độc lập";"";"trivial";"";"Đã đọc net diff và lịch sử; thay đổi feature, refactor, test hoặc công cụ thông thường không có causal chain nâng cấp độc lập.";"";"";"screened-endpoint+history"
"661";"v16.2.5";"v16.2.15";"qa/suites/krbd/rbd-nomount/ms_mode/legacy$/.qa";"";"A";"A";"1";"0";"FALSE";"0";"120000";"0";"a602a0353e7510e9ac07370ceaed121e2e528fa2";"10";"10-rados-rbd-clients";"P2";"test/QA";"reference-only";"Không đọc độc lập";"";"trivial";"";"Đã đọc net diff và lịch sử; thay đổi feature, refactor, test hoặc công cụ thông thường không có causal chain nâng cấp độc lập.";"";"";"screened-endpoint+history"
"662";"v16.2.5";"v16.2.15";"qa/suites/krbd/rbd-nomount/ms_mode/legacy$/legacy-rxbounce.yaml";"";"A";"A";"5";"0";"FALSE";"0";"100644";"0";"244e45cbc764186b0a063ab4c71dd917db84597c";"10";"10-rados-rbd-clients";"P2";"test/QA";"reference-only";"Không đọc độc lập";"";"trivial";"";"Đã đọc net diff và lịch sử; thay đổi feature, refactor, test hoặc công cụ thông thường không có causal chain nâng cấp độc lập.";"";"";"screened-endpoint+history"
"663";"v16.2.5";"v16.2.15";"qa/suites/krbd/rbd-nomount/ms_mode/legacy$/legacy.yaml";"qa/suites/krbd/rbd-nomount/ms_mode/legacy.yaml";"R";"R100";"0";"0";"FALSE";"100644";"100644";"0048dcb0cec2a99d57d56bbb2d063f6c6a6e36f4";"0048dcb0cec2a99d57d56bbb2d063f6c6a6e36f4";"10";"10-rados-rbd-clients";"P2";"mechanical/zero-LOC";"reference-only";"Không đọc nội dung độc lập";"";"trivial";"";"Đã đọc net diff và lịch sử; thay đổi feature, refactor, test hoặc công cụ thông thường không có causal chain nâng cấp độc lập.";"";"";"screened-endpoint+history"
"664";"v16.2.5";"v16.2.15";"qa/suites/krbd/rbd/ms_mode/crc$/.qa";"";"A";"A";"1";"0";"FALSE";"0";"120000";"0";"a602a0353e7510e9ac07370ceaed121e2e528fa2";"10";"10-rados-rbd-clients";"P2";"test/QA";"reference-only";"Không đọc độc lập";"";"trivial";"";"Đã đọc net diff và lịch sử; thay đổi feature, refactor, test hoặc công cụ thông thường không có causal chain nâng cấp độc lập.";"";"";"screened-endpoint+history"
"665";"v16.2.5";"v16.2.15";"qa/suites/krbd/rbd/ms_mode/crc$/crc-rxbounce.yaml";"";"A";"A";"5";"0";"FALSE";"0";"100644";"0";"4d27d01133cdc20f43c09e54133d5b6e622e4773";"10";"10-rados-rbd-clients";"P2";"test/QA";"reference-only";"Không đọc độc lập";"";"trivial";"";"Đã đọc net diff và lịch sử; thay đổi feature, refactor, test hoặc công cụ thông thường không có causal chain nâng cấp độc lập.";"";"";"screened-endpoint+history"
"666";"v16.2.5";"v16.2.15";"qa/suites/krbd/rbd/ms_mode/crc$/crc.yaml";"qa/suites/krbd/rbd/ms_mode/crc.yaml";"R";"R100";"0";"0";"FALSE";"100644";"100644";"3b072578f1fde740d96d52744285ecb205989c68";"3b072578f1fde740d96d52744285ecb205989c68";"10";"10-rados-rbd-clients";"P2";"mechanical/zero-LOC";"reference-only";"Không đọc nội dung độc lập";"";"trivial";"";"Đã đọc net diff và lịch sử; thay đổi feature, refactor, test hoặc công cụ thông thường không có causal chain nâng cấp độc lập.";"";"";"screened-endpoint+history"
"667";"v16.2.5";"v16.2.15";"qa/suites/krbd/rbd/ms_mode/legacy$/.qa";"";"A";"A";"1";"0";"FALSE";"0";"120000";"0";"a602a0353e7510e9ac07370ceaed121e2e528fa2";"10";"10-rados-rbd-clients";"P2";"test/QA";"reference-only";"Không đọc độc lập";"";"trivial";"";"Đã đọc net diff và lịch sử; thay đổi feature, refactor, test hoặc công cụ thông thường không có causal chain nâng cấp độc lập.";"";"";"screened-endpoint+history"
"668";"v16.2.5";"v16.2.15";"qa/suites/krbd/rbd/ms_mode/legacy$/legacy-rxbounce.yaml";"";"A";"A";"5";"0";"FALSE";"0";"100644";"0";"244e45cbc764186b0a063ab4c71dd917db84597c";"10";"10-rados-rbd-clients";"P2";"test/QA";"reference-only";"Không đọc độc lập";"";"trivial";"";"Đã đọc net diff và lịch sử; thay đổi feature, refactor, test hoặc công cụ thông thường không có causal chain nâng cấp độc lập.";"";"";"screened-endpoint+history"
"669";"v16.2.5";"v16.2.15";"qa/suites/krbd/rbd/ms_mode/legacy$/legacy.yaml";"qa/suites/krbd/rbd/ms_mode/legacy.yaml";"R";"R100";"0";"0";"FALSE";"100644";"100644";"0048dcb0cec2a99d57d56bbb2d063f6c6a6e36f4";"0048dcb0cec2a99d57d56bbb2d063f6c6a6e36f4";"10";"10-rados-rbd-clients";"P2";"mechanical/zero-LOC";"reference-only";"Không đọc nội dung độc lập";"";"trivial";"";"Đã đọc net diff và lịch sử; thay đổi feature, refactor, test hoặc công cụ thông thường không có causal chain nâng cấp độc lập.";"";"";"screened-endpoint+history"
"670";"v16.2.5";"v16.2.15";"qa/suites/krbd/singleton-msgr-failures/%";"";"A";"A";"0";"0";"FALSE";"0";"100644";"0";"e69de29bb2d1d6434b8b29ae775ad8c2e48c5391";"10";"10-rados-rbd-clients";"P2";"mechanical/zero-LOC";"reference-only";"Không đọc nội dung độc lập";"";"trivial";"";"Đã đọc net diff và lịch sử; thay đổi feature, refactor, test hoặc công cụ thông thường không có causal chain nâng cấp độc lập.";"";"";"screened-endpoint+history"
"671";"v16.2.5";"v16.2.15";"qa/suites/krbd/singleton-msgr-failures/.qa";"";"A";"A";"1";"0";"FALSE";"0";"120000";"0";"a602a0353e7510e9ac07370ceaed121e2e528fa2";"10";"10-rados-rbd-clients";"P2";"test/QA";"reference-only";"Không đọc độc lập";"";"trivial";"";"Đã đọc net diff và lịch sử; thay đổi feature, refactor, test hoặc công cụ thông thường không có causal chain nâng cấp độc lập.";"";"";"screened-endpoint+history"
"672";"v16.2.5";"v16.2.15";"qa/suites/krbd/singleton-msgr-failures/bluestore-bitmap.yaml";"";"A";"A";"1";"0";"FALSE";"0";"120000";"0";"a59cf5175069a8d125e2c4f1bab72d354c02627c";"10";"10-rados-rbd-clients";"P2";"test/QA";"reference-only";"Không đọc độc lập";"";"trivial";"";"Đã đọc net diff và lịch sử; thay đổi feature, refactor, test hoặc công cụ thông thường không có causal chain nâng cấp độc lập.";"";"";"screened-endpoint+history"
"673";"v16.2.5";"v16.2.15";"qa/suites/krbd/singleton-msgr-failures/conf.yaml";"";"A";"A";"7";"0";"FALSE";"0";"100644";"0";"5e7ed992e9048e3eeef7f12d8ec0b7024f8a378b";"10";"10-rados-rbd-clients";"P2";"test/QA";"reference-only";"Không đọc độc lập";"";"trivial";"";"Đã đọc net diff và lịch sử; thay đổi feature, refactor, test hoặc công cụ thông thường không có causal chain nâng cấp độc lập.";"";"";"screened-endpoint+history"
"674";"v16.2.5";"v16.2.15";"qa/suites/krbd/singleton-msgr-failures/ms_mode$/.qa";"";"A";"A";"1";"0";"FALSE";"0";"120000";"0";"a602a0353e7510e9ac07370ceaed121e2e528fa2";"10";"10-rados-rbd-clients";"P2";"test/QA";"reference-only";"Không đọc độc lập";"";"trivial";"";"Đã đọc net diff và lịch sử; thay đổi feature, refactor, test hoặc công cụ thông thường không có causal chain nâng cấp độc lập.";"";"";"screened-endpoint+history"
"675";"v16.2.5";"v16.2.15";"qa/suites/krbd/singleton-msgr-failures/ms_mode$/crc-rxbounce.yaml";"";"A";"A";"5";"0";"FALSE";"0";"100644";"0";"4d27d01133cdc20f43c09e54133d5b6e622e4773";"10";"10-rados-rbd-clients";"P2";"test/QA";"reference-only";"Không đọc độc lập";"";"trivial";"";"Đã đọc net diff và lịch sử; thay đổi feature, refactor, test hoặc công cụ thông thường không có causal chain nâng cấp độc lập.";"";"";"screened-endpoint+history"
"676";"v16.2.5";"v16.2.15";"qa/suites/krbd/singleton-msgr-failures/ms_mode$/crc.yaml";"";"A";"A";"5";"0";"FALSE";"0";"100644";"0";"3b072578f1fde740d96d52744285ecb205989c68";"10";"10-rados-rbd-clients";"P2";"test/QA";"reference-only";"Không đọc độc lập";"";"trivial";"";"Đã đọc net diff và lịch sử; thay đổi feature, refactor, test hoặc công cụ thông thường không có causal chain nâng cấp độc lập.";"";"";"screened-endpoint+history"
"677";"v16.2.5";"v16.2.15";"qa/suites/krbd/singleton-msgr-failures/ms_mode$/legacy-rxbounce.yaml";"";"A";"A";"5";"0";"FALSE";"0";"100644";"0";"244e45cbc764186b0a063ab4c71dd917db84597c";"10";"10-rados-rbd-clients";"P2";"test/QA";"reference-only";"Không đọc độc lập";"";"trivial";"";"Đã đọc net diff và lịch sử; thay đổi feature, refactor, test hoặc công cụ thông thường không có causal chain nâng cấp độc lập.";"";"";"screened-endpoint+history"
"678";"v16.2.5";"v16.2.15";"qa/suites/krbd/singleton-msgr-failures/ms_mode$/legacy.yaml";"";"A";"A";"5";"0";"FALSE";"0";"100644";"0";"0048dcb0cec2a99d57d56bbb2d063f6c6a6e36f4";"10";"10-rados-rbd-clients";"P2";"test/QA";"reference-only";"Không đọc độc lập";"";"trivial";"";"Đã đọc net diff và lịch sử; thay đổi feature, refactor, test hoặc công cụ thông thường không có causal chain nâng cấp độc lập.";"";"";"screened-endpoint+history"
"679";"v16.2.5";"v16.2.15";"qa/suites/krbd/singleton-msgr-failures/ms_mode$/secure.yaml";"";"A";"A";"5";"0";"FALSE";"0";"100644";"0";"a735db18d2c304c0287d7c546022810cb3d9d928";"10";"10-rados-rbd-clients";"P2";"test/QA";"reference-only";"Không đọc độc lập";"";"trivial";"";"Đã đọc net diff và lịch sử; thay đổi feature, refactor, test hoặc công cụ thông thường không có causal chain nâng cấp độc lập.";"";"";"screened-endpoint+history"
"680";"v16.2.5";"v16.2.15";"qa/suites/krbd/singleton-msgr-failures/msgr-failures/.qa";"";"A";"A";"1";"0";"FALSE";"0";"120000";"0";"a602a0353e7510e9ac07370ceaed121e2e528fa2";"10";"10-rados-rbd-clients";"P2";"test/QA";"reference-only";"Không đọc độc lập";"";"trivial";"";"Đã đọc net diff và lịch sử; thay đổi feature, refactor, test hoặc công cụ thông thường không có causal chain nâng cấp độc lập.";"";"";"screened-endpoint+history"
"681";"v16.2.5";"v16.2.15";"qa/suites/krbd/singleton-msgr-failures/msgr-failures/few.yaml";"qa/suites/krbd/singleton/msgr-failures/few.yaml";"R";"R100";"0";"0";"FALSE";"100644";"100644";"519288992fea6848f2448e9f305e8b580fe76137";"519288992fea6848f2448e9f305e8b580fe76137";"10";"10-rados-rbd-clients";"P2";"mechanical/zero-LOC";"reference-only";"Không đọc nội dung độc lập";"";"trivial";"";"Đã đọc net diff và lịch sử; thay đổi feature, refactor, test hoặc công cụ thông thường không có causal chain nâng cấp độc lập.";"";"";"screened-endpoint+history"
"682";"v16.2.5";"v16.2.15";"qa/suites/krbd/singleton-msgr-failures/msgr-failures/many.yaml";"qa/suites/krbd/singleton/msgr-failures/many.yaml";"R";"R100";"0";"0";"FALSE";"100644";"100644";"e3855297d76015a57af468d16ec5b34a89bc071b";"e3855297d76015a57af468d16ec5b34a89bc071b";"10";"10-rados-rbd-clients";"P2";"mechanical/zero-LOC";"reference-only";"Không đọc nội dung độc lập";"";"trivial";"";"Đã đọc net diff và lịch sử; thay đổi feature, refactor, test hoặc công cụ thông thường không có causal chain nâng cấp độc lập.";"";"";"screened-endpoint+history"
"683";"v16.2.5";"v16.2.15";"qa/suites/krbd/singleton-msgr-failures/tasks/.qa";"";"A";"A";"1";"0";"FALSE";"0";"120000";"0";"a602a0353e7510e9ac07370ceaed121e2e528fa2";"10";"10-rados-rbd-clients";"P2";"test/QA";"reference-only";"Không đọc độc lập";"";"trivial";"";"Đã đọc net diff và lịch sử; thay đổi feature, refactor, test hoặc công cụ thông thường không có causal chain nâng cấp độc lập.";"";"";"screened-endpoint+history"
"684";"v16.2.5";"v16.2.15";"qa/suites/krbd/singleton-msgr-failures/tasks/rbd_xfstests.yaml";"qa/suites/krbd/singleton/tasks/rbd_xfstests.yaml";"R";"R100";"0";"0";"FALSE";"100644";"100644";"c94af02071475c38415e192a52c643195b2b91c2";"c94af02071475c38415e192a52c643195b2b91c2";"10";"10-rados-rbd-clients";"P2";"mechanical/zero-LOC";"reference-only";"Không đọc nội dung độc lập";"";"trivial";"";"Đã đọc net diff và lịch sử; thay đổi feature, refactor, test hoặc công cụ thông thường không có causal chain nâng cấp độc lập.";"";"";"screened-endpoint+history"
"685";"v16.2.5";"v16.2.15";"qa/suites/krbd/singleton/conf.yaml";"";"M";"M";"1";"0";"FALSE";"100644";"100644";"5e7ed992e9048e3eeef7f12d8ec0b7024f8a378b";"41292fa813980d60927ce76215b218c9bb9d59d1";"10";"10-rados-rbd-clients";"P2";"test/QA";"reference-only";"Không đọc độc lập";"";"trivial";"";"Đã đọc net diff và lịch sử; thay đổi feature, refactor, test hoặc công cụ thông thường không có causal chain nâng cấp độc lập.";"";"";"screened-endpoint+history"
"686";"v16.2.5";"v16.2.15";"qa/suites/krbd/singleton/ms_mode$/crc-rxbounce.yaml";"";"A";"A";"5";"0";"FALSE";"0";"100644";"0";"4d27d01133cdc20f43c09e54133d5b6e622e4773";"10";"10-rados-rbd-clients";"P2";"test/QA";"reference-only";"Không đọc độc lập";"";"trivial";"";"Đã đọc net diff và lịch sử; thay đổi feature, refactor, test hoặc công cụ thông thường không có causal chain nâng cấp độc lập.";"";"";"screened-endpoint+history"
"687";"v16.2.5";"v16.2.15";"qa/suites/krbd/singleton/ms_mode$/legacy-rxbounce.yaml";"";"A";"A";"5";"0";"FALSE";"0";"100644";"0";"244e45cbc764186b0a063ab4c71dd917db84597c";"10";"10-rados-rbd-clients";"P2";"test/QA";"reference-only";"Không đọc độc lập";"";"trivial";"";"Đã đọc net diff và lịch sử; thay đổi feature, refactor, test hoặc công cụ thông thường không có causal chain nâng cấp độc lập.";"";"";"screened-endpoint+history"
"688";"v16.2.5";"v16.2.15";"qa/suites/krbd/singleton/ms_mode$/prefer-crc.yaml";"";"D";"D";"0";"5";"FALSE";"100644";"0";"1054473af1862971d312d5b95c1e3bc9bea8b175";"0";"10";"10-rados-rbd-clients";"P2";"test/QA";"reference-only";"Không đọc độc lập";"";"trivial";"";"Đã đọc net diff và lịch sử; thay đổi feature, refactor, test hoặc công cụ thông thường không có causal chain nâng cấp độc lập.";"";"";"screened-endpoint+history"
"689";"v16.2.5";"v16.2.15";"qa/suites/krbd/singleton/tasks/krbd_watch_errors.yaml";"";"A";"A";"19";"0";"FALSE";"0";"100644";"0";"5e30ef2ba419e65f033835a2170e9c5b0be9d32d";"10";"10-rados-rbd-clients";"P2";"test/QA";"reference-only";"Không đọc độc lập";"";"support";"RBD-007";"Test/workunit trực tiếp hỗ trợ lock, blocklist, refresh hoặc pool-init continuity.";"ManagedLock::send_acquire_lock; ImageWatcher::rewatch; RefreshRequest; rbd_support.Module";"ea3e1f47e400644e7a2b65fefa2af35ec68cdb6c,97b3d05d44c5bed76ef311231015342c5ed50c4c,ba3871568a8224a2b19c17e09d772eb2e427f765,5bc2d002e70959f177543ba72946d60e6d2ce4ab";"support-inspected"
"690";"v16.2.5";"v16.2.15";"qa/suites/krbd/thrash/ms_mode$/crc-rxbounce.yaml";"";"A";"A";"5";"0";"FALSE";"0";"100644";"0";"4d27d01133cdc20f43c09e54133d5b6e622e4773";"10";"10-rados-rbd-clients";"P2";"test/QA";"reference-only";"Không đọc độc lập";"";"trivial";"";"Đã đọc net diff và lịch sử; thay đổi feature, refactor, test hoặc công cụ thông thường không có causal chain nâng cấp độc lập.";"";"";"screened-endpoint+history"
"691";"v16.2.5";"v16.2.15";"qa/suites/krbd/thrash/ms_mode$/legacy-rxbounce.yaml";"";"A";"A";"5";"0";"FALSE";"0";"100644";"0";"244e45cbc764186b0a063ab4c71dd917db84597c";"10";"10-rados-rbd-clients";"P2";"test/QA";"reference-only";"Không đọc độc lập";"";"trivial";"";"Đã đọc net diff và lịch sử; thay đổi feature, refactor, test hoặc công cụ thông thường không có causal chain nâng cấp độc lập.";"";"";"screened-endpoint+history"
"692";"v16.2.5";"v16.2.15";"qa/suites/krbd/thrash/ms_mode$/prefer-crc.yaml";"";"D";"D";"0";"5";"FALSE";"100644";"0";"1054473af1862971d312d5b95c1e3bc9bea8b175";"0";"10";"10-rados-rbd-clients";"P2";"test/QA";"reference-only";"Không đọc độc lập";"";"trivial";"";"Đã đọc net diff và lịch sử; thay đổi feature, refactor, test hoặc công cụ thông thường không có causal chain nâng cấp độc lập.";"";"";"screened-endpoint+history"
"693";"v16.2.5";"v16.2.15";"qa/suites/krbd/thrash/workloads/krbd_diff_continuous.yaml";"";"A";"A";"12";"0";"FALSE";"0";"100644";"0";"5907718d508fd950b2958fc3eac44ae13af2b734";"10";"10-rados-rbd-clients";"P2";"test/QA";"reference-only";"Không đọc độc lập";"";"support";"RBD-001";"Test/workunit trực tiếp chứng minh fast-diff/object-map behavior.";"DiffIterate::execute; object_map::DiffRequest::process_object_map; ObjectMap::with_object_map";"2749dd34f1edddd33ba9b8c3d522d7df0e52eb90,9f7f52a88eaf5d67065909c69d1078911907f233,c06858d217d20bb59050d42ca53caeeadd918444,a92c533e56e65906e34a3a61e2af0f66c23d2954";"support-inspected"
"755";"v16.2.5";"v16.2.15";"qa/suites/rados/basic/tasks/rados_api_tests.yaml";"";"M";"M";"9";"0";"FALSE";"100644";"100644";"a54e03b1a9c80057f5b916ad31bc3872f8b64662";"47b293e4c135b34d73598ef58f2128e9a0dc4606";"10";"10-rados-rbd-clients";"P2";"test/QA";"reference-only";"Không đọc độc lập";"";"trivial";"";"Đã đọc net diff và lịch sử; thay đổi feature, refactor, test hoặc công cụ thông thường không có causal chain nâng cấp độc lập.";"";"";"screened-endpoint+history"
"756";"v16.2.5";"v16.2.15";"qa/suites/rados/basic/tasks/rados_cls_all.yaml";"";"M";"M";"1";"0";"FALSE";"100644";"100644";"8f5b790279321e0783470dd532cac7d3fcc627ef";"8896ccb446c7acb86b8a9d2451b3d672b0c291bf";"10";"10-rados-rbd-clients";"P2";"test/QA";"reference-only";"Không đọc độc lập";"";"trivial";"";"Đã đọc net diff và lịch sử; thay đổi feature, refactor, test hoặc công cụ thông thường không có causal chain nâng cấp độc lập.";"";"";"screened-endpoint+history"
"757";"v16.2.5";"v16.2.15";"qa/suites/rados/basic/tasks/rados_python.yaml";"";"M";"M";"7";"0";"FALSE";"100644";"100644";"9659094501862b44ed874f8fbcf897c3c4ea000a";"f89b07ca17f201ca6f8206d14df9fb184fde86ad";"10";"10-rados-rbd-clients";"P2";"test/QA";"reference-only";"Không đọc độc lập";"";"trivial";"";"Đã đọc net diff và lịch sử; thay đổi feature, refactor, test hoặc công cụ thông thường không có causal chain nâng cấp độc lập.";"";"";"screened-endpoint+history"
"758";"v16.2.5";"v16.2.15";"qa/suites/rados/dashboard/centos_8.stream_container_tools.yaml";"";"A";"A";"1";"0";"FALSE";"0";"120000";"0";"7a86f967f0203edafda26f1e53831cc5640b09c6";"10";"10-rados-rbd-clients";"P2";"test/QA";"reference-only";"Không đọc độc lập";"";"trivial";"";"Đã đọc net diff và lịch sử; thay đổi feature, refactor, test hoặc công cụ thông thường không có causal chain nâng cấp độc lập.";"";"";"screened-endpoint+history"
"759";"v16.2.5";"v16.2.15";"qa/suites/rados/dashboard/supported-random-distro$";"";"D";"D";"0";"1";"FALSE";"120000";"0";"7cef21eeffd258f3e78666ae02dcf31395bf6ddb";"0";"10";"10-rados-rbd-clients";"P2";"test/QA";"reference-only";"Không đọc độc lập";"";"trivial";"";"Đã đọc net diff và lịch sử; thay đổi feature, refactor, test hoặc công cụ thông thường không có causal chain nâng cấp độc lập.";"";"";"screened-endpoint+history"
"760";"v16.2.5";"v16.2.15";"qa/suites/rados/dashboard/tasks/dashboard.yaml";"";"M";"M";"3";"1";"FALSE";"100644";"100644";"111c5f38e2a17a92f4255c06faf24afab962f3ea";"01b3ecd906f37c2fd3f2e2fd527146ef95398b53";"10";"10-rados-rbd-clients";"P2";"test/QA";"reference-only";"Không đọc độc lập";"";"trivial";"";"Đã đọc net diff và lịch sử; thay đổi feature, refactor, test hoặc công cụ thông thường không có causal chain nâng cấp độc lập.";"";"";"screened-endpoint+history"
"761";"v16.2.5";"v16.2.15";"qa/suites/rados/mgr/mgr_ttl_cache/.qa";"";"A";"A";"1";"0";"FALSE";"0";"120000";"0";"fea2489fdf6d9c5d189a12524b23f3f8daedd85a";"10";"10-rados-rbd-clients";"P2";"test/QA";"reference-only";"Không đọc độc lập";"";"trivial";"";"Đã đọc net diff và lịch sử; thay đổi feature, refactor, test hoặc công cụ thông thường không có causal chain nâng cấp độc lập.";"";"";"screened-endpoint+history"
"762";"v16.2.5";"v16.2.15";"qa/suites/rados/mgr/mgr_ttl_cache/disable.yaml";"";"A";"A";"1";"0";"FALSE";"0";"120000";"0";"d7db486dd9f121a6a7896c2453d405722f156a35";"10";"10-rados-rbd-clients";"P2";"test/QA";"reference-only";"Không đọc độc lập";"";"trivial";"";"Đã đọc net diff và lịch sử; thay đổi feature, refactor, test hoặc công cụ thông thường không có causal chain nâng cấp độc lập.";"";"";"screened-endpoint+history"
"763";"v16.2.5";"v16.2.15";"qa/suites/rados/mgr/mgr_ttl_cache/enable.yaml";"";"A";"A";"1";"0";"FALSE";"0";"120000";"0";"18286a656bafa48fceff9c7f2d0f42c90c92fbbd";"10";"10-rados-rbd-clients";"P2";"test/QA";"reference-only";"Không đọc độc lập";"";"trivial";"";"Đã đọc net diff và lịch sử; thay đổi feature, refactor, test hoặc công cụ thông thường không có causal chain nâng cấp độc lập.";"";"";"screened-endpoint+history"
"764";"v16.2.5";"v16.2.15";"qa/suites/rados/mgr/tasks/module_selftest.yaml";"";"M";"M";"1";"0";"FALSE";"100644";"100644";"deab01adb05ddc0d848b2fc3fc5dd213e8c097ed";"905e6f783008e7e6bb2c8c34eb241f2538c7095c";"10";"10-rados-rbd-clients";"P2";"test/QA";"reference-only";"Không đọc độc lập";"";"trivial";"";"Đã đọc net diff và lịch sử; thay đổi feature, refactor, test hoặc công cụ thông thường không có causal chain nâng cấp độc lập.";"";"";"screened-endpoint+history"
"765";"v16.2.5";"v16.2.15";"qa/suites/rados/mgr/tasks/per_module_finisher_stats.yaml";"";"A";"A";"43";"0";"FALSE";"0";"100644";"0";"a2f087ab19bd723bf477c397aec53f0e2f475ccc";"10";"10-rados-rbd-clients";"P2";"test/QA";"reference-only";"Không đọc độc lập";"";"trivial";"";"Đã đọc net diff và lịch sử; thay đổi feature, refactor, test hoặc công cụ thông thường không có causal chain nâng cấp độc lập.";"";"";"screened-endpoint+history"
"766";"v16.2.5";"v16.2.15";"qa/suites/rados/mgr/tasks/progress.yaml";"";"M";"M";"1";"0";"FALSE";"100644";"100644";"4a0e802b28968ff731380cffb5c0cd19ec885552";"73bbe3c995646641fbe67c70f5587de652e9c1d6";"10";"10-rados-rbd-clients";"P2";"test/QA";"reference-only";"Không đọc độc lập";"";"trivial";"";"Đã đọc net diff và lịch sử; thay đổi feature, refactor, test hoặc công cụ thông thường không có causal chain nâng cấp độc lập.";"";"";"screened-endpoint+history"
"767";"v16.2.5";"v16.2.15";"qa/suites/rados/mgr/tasks/workunits.yaml";"";"M";"M";"1";"1";"FALSE";"100644";"100644";"6074de0edf360bf1e70e4cabab008f3d7ec15538";"791adc27298b9670d65d417ac1b163a62a2d97f7";"10";"10-rados-rbd-clients";"P2";"test/QA";"reference-only";"Không đọc độc lập";"";"trivial";"";"Đã đọc net diff và lịch sử; thay đổi feature, refactor, test hoặc công cụ thông thường không có causal chain nâng cấp độc lập.";"";"";"screened-endpoint+history"
"768";"v16.2.5";"v16.2.15";"qa/suites/rados/perf/ceph.yaml";"";"M";"M";"0";"1";"FALSE";"100644";"100644";"59e8029b17b4683468b343ff9513fbb849eb70fb";"f7f1c855624342c2169fff94bf2df13e0ce25cda";"10";"10-rados-rbd-clients";"P2";"test/QA";"reference-only";"Không đọc độc lập";"";"trivial";"";"Đã đọc net diff và lịch sử; thay đổi feature, refactor, test hoặc công cụ thông thường không có causal chain nâng cấp độc lập.";"";"";"screened-endpoint+history"
"769";"v16.2.5";"v16.2.15";"qa/suites/rados/perf/ubuntu_18.04.yaml";"";"D";"D";"0";"1";"FALSE";"120000";"0";"cfb85f10ef598cbb7e18628705c9bb8921775626";"0";"10";"10-rados-rbd-clients";"P2";"test/QA";"reference-only";"Không đọc độc lập";"";"trivial";"";"Đã đọc net diff và lịch sử; thay đổi feature, refactor, test hoặc công cụ thông thường không có causal chain nâng cấp độc lập.";"";"";"screened-endpoint+history"
"770";"v16.2.5";"v16.2.15";"qa/suites/rados/perf/ubuntu_latest.yaml";"";"A";"A";"1";"0";"FALSE";"0";"120000";"0";"3a09f9abb05ca992795e41874435c16dc4f071e7";"10";"10-rados-rbd-clients";"P2";"test/QA";"reference-only";"Không đọc độc lập";"";"trivial";"";"Đã đọc net diff và lịch sử; thay đổi feature, refactor, test hoặc công cụ thông thường không có causal chain nâng cấp độc lập.";"";"";"screened-endpoint+history"
"771";"v16.2.5";"v16.2.15";"qa/suites/rados/perf/workloads/cosbench_64K_read_write.yaml";"";"D";"D";"0";"25";"FALSE";"100644";"0";"ff0662627cf489114e4d517354faac31967c71be";"0";"10";"10-rados-rbd-clients";"P2";"test/QA";"reference-only";"Không đọc độc lập";"";"trivial";"";"Đã đọc net diff và lịch sử; thay đổi feature, refactor, test hoặc công cụ thông thường không có causal chain nâng cấp độc lập.";"";"";"screened-endpoint+history"
"772";"v16.2.5";"v16.2.15";"qa/suites/rados/perf/workloads/cosbench_64K_write.yaml";"";"D";"D";"0";"25";"FALSE";"100644";"0";"39034a03b9e91f0a1f73294f1e367d8c5eba917e";"0";"10";"10-rados-rbd-clients";"P2";"test/QA";"reference-only";"Không đọc độc lập";"";"trivial";"";"Đã đọc net diff và lịch sử; thay đổi feature, refactor, test hoặc công cụ thông thường không có causal chain nâng cấp độc lập.";"";"";"screened-endpoint+history"
"773";"v16.2.5";"v16.2.15";"qa/suites/rados/rook";"";"D";"D";"0";"1";"FALSE";"120000";"0";"1249cc92dd6aaa4633f174a6b4bfac722fe11fc9";"0";"10";"10-rados-rbd-clients";"P2";"test/QA";"reference-only";"Không đọc độc lập";"";"trivial";"";"Đã đọc net diff và lịch sử; thay đổi feature, refactor, test hoặc công cụ thông thường không có causal chain nâng cấp độc lập.";"";"";"screened-endpoint+history"
"774";"v16.2.5";"v16.2.15";"qa/suites/rados/singleton/all/backfill-toofull.yaml";"";"A";"A";"37";"0";"FALSE";"0";"100644";"0";"fcc3d0e2942611e5aa4761e322d9f82d2b4bf879";"10";"10-rados-rbd-clients";"P2";"test/QA";"reference-only";"Không đọc độc lập";"";"trivial";"";"Đã đọc net diff và lịch sử; thay đổi feature, refactor, test hoặc công cụ thông thường không có causal chain nâng cấp độc lập.";"";"";"screened-endpoint+history"
"775";"v16.2.5";"v16.2.15";"qa/suites/rados/singleton/all/ec-inconsistent-hinfo.yaml";"";"A";"A";"36";"0";"FALSE";"0";"100644";"0";"d71eab149926084548532b1848807e689e8148e5";"10";"10-rados-rbd-clients";"P2";"test/QA";"reference-only";"Không đọc độc lập";"";"trivial";"";"Đã đọc net diff và lịch sử; thay đổi feature, refactor, test hoặc công cụ thông thường không có causal chain nâng cấp độc lập.";"";"";"screened-endpoint+history"
"776";"v16.2.5";"v16.2.15";"qa/suites/rados/singleton/all/pg-autoscaler.yaml";"";"M";"M";"1";"5";"FALSE";"100644";"100644";"abc6f7bd1ab17eb57aa5e6e866c731bbf38835a4";"c2ab618ca57856c9c1edf2a3a9e3f28fbb1cda74";"10";"10-rados-rbd-clients";"P2";"test/QA";"reference-only";"Không đọc độc lập";"";"trivial";"";"Đã đọc net diff và lịch sử; thay đổi feature, refactor, test hoặc công cụ thông thường không có causal chain nâng cấp độc lập.";"";"";"screened-endpoint+history"
"777";"v16.2.5";"v16.2.15";"qa/suites/rados/singleton/all/rebuild-mondb.yaml";"";"M";"M";"3";"0";"FALSE";"100644";"100644";"f678d08ce98c1b1b2fbf0179aed7089e7d177581";"3f1c748311c5b6676f4b67f8718806668ff771af";"10";"10-rados-rbd-clients";"P2";"test/QA";"reference-only";"Không đọc độc lập";"";"trivial";"";"Đã đọc net diff và lịch sử; thay đổi feature, refactor, test hoặc công cụ thông thường không có causal chain nâng cấp độc lập.";"";"";"screened-endpoint+history"
"778";"v16.2.5";"v16.2.15";"qa/suites/rados/singleton/all/test-noautoscale-flag.yaml";"";"A";"A";"39";"0";"FALSE";"0";"100644";"0";"23caa745d92bf1b7c8f1b809dc5182d90015c176";"10";"10-rados-rbd-clients";"P2";"test/QA";"reference-only";"Không đọc độc lập";"";"trivial";"";"Đã đọc net diff và lịch sử; thay đổi feature, refactor, test hoặc công cụ thông thường không có causal chain nâng cấp độc lập.";"";"";"screened-endpoint+history"
"779";"v16.2.5";"v16.2.15";"qa/suites/rados/singleton/all/thrash-backfill-full.yaml";"";"M";"M";"1";"1";"FALSE";"100644";"100644";"0f2924db3f808180dd1caa8bfaaf3487d110bf3c";"a23527fed585fb017d9ae1419244f470eb2b7511";"10";"10-rados-rbd-clients";"P2";"test/QA";"reference-only";"Không đọc độc lập";"";"trivial";"";"Đã đọc net diff và lịch sử; thay đổi feature, refactor, test hoặc công cụ thông thường không có causal chain nâng cấp độc lập.";"";"";"screened-endpoint+history"
"780";"v16.2.5";"v16.2.15";"qa/suites/rados/singleton/all/thrash-eio.yaml";"";"M";"M";"2";"2";"FALSE";"100644";"100644";"5d9770061d1fdeb6cdfbfaefe41ecb621bb0383a";"297ce26220c1c6f55dfe3fe1d82e3682f170fb79";"10";"10-rados-rbd-clients";"P2";"test/QA";"reference-only";"Không đọc độc lập";"";"trivial";"";"Đã đọc net diff và lịch sử; thay đổi feature, refactor, test hoặc công cụ thông thường không có causal chain nâng cấp độc lập.";"";"";"screened-endpoint+history"
"781";"v16.2.5";"v16.2.15";"qa/suites/rados/standalone/workloads/mon-stretch.yaml";"";"A";"A";"18";"0";"FALSE";"0";"100644";"0";"d039126c5341cb883e7179910afc75b2711e79b3";"10";"10-rados-rbd-clients";"P2";"test/QA";"reference-only";"Không đọc độc lập";"";"trivial";"";"Đã đọc net diff và lịch sử; thay đổi feature, refactor, test hoặc công cụ thông thường không có causal chain nâng cấp độc lập.";"";"";"screened-endpoint+history"
"782";"v16.2.5";"v16.2.15";"qa/suites/rados/thrash-erasure-code-big/thrashers/mapgap.yaml";"";"M";"M";"1";"0";"FALSE";"100644";"100644";"318b20266f1122726b9157a132fd652c19bbe1a7";"18843d87220a1ce34e9e54e2381a5d9f9dcc6335";"10";"10-rados-rbd-clients";"P2";"test/QA";"reference-only";"Không đọc độc lập";"";"trivial";"";"Đã đọc net diff và lịch sử; thay đổi feature, refactor, test hoặc công cụ thông thường không có causal chain nâng cấp độc lập.";"";"";"screened-endpoint+history"
"783";"v16.2.5";"v16.2.15";"qa/suites/rados/thrash-erasure-code-big/thrashers/pggrow.yaml";"";"M";"M";"1";"0";"FALSE";"100644";"100644";"772f2698b6790ed460f1e82d2dd04d38d714910c";"9cbb80dba9e8372e806904877a04ac9d8cc232ef";"10";"10-rados-rbd-clients";"P2";"test/QA";"reference-only";"Không đọc độc lập";"";"trivial";"";"Đã đọc net diff và lịch sử; thay đổi feature, refactor, test hoặc công cụ thông thường không có causal chain nâng cấp độc lập.";"";"";"screened-endpoint+history"
"784";"v16.2.5";"v16.2.15";"qa/suites/rados/verify/tasks/rados_api_tests.yaml";"";"M";"M";"4";"0";"FALSE";"100644";"100644";"f89109aa1f3d3ed95b446f206c878b6d2f3f9fbd";"e5a54e69e011e2e0649f446295ba04da8302ce14";"10";"10-rados-rbd-clients";"P2";"test/QA";"reference-only";"Không đọc độc lập";"";"trivial";"";"Đã đọc net diff và lịch sử; thay đổi feature, refactor, test hoặc công cụ thông thường không có causal chain nâng cấp độc lập.";"";"";"screened-endpoint+history"
"785";"v16.2.5";"v16.2.15";"qa/suites/rados/verify/tasks/rados_cls_all.yaml";"";"M";"M";"2";"0";"FALSE";"100644";"100644";"163bc2c087250008a8a3cc56712ef1f68b873ba8";"0236326f3a8adce6fb57facb27dcba0d1beb6418";"10";"10-rados-rbd-clients";"P2";"test/QA";"reference-only";"Không đọc độc lập";"";"trivial";"";"Đã đọc net diff và lịch sử; thay đổi feature, refactor, test hoặc công cụ thông thường không có causal chain nâng cấp độc lập.";"";"";"screened-endpoint+history"
"786";"v16.2.5";"v16.2.15";"qa/suites/rbd/basic/tasks/rbd_api_tests_old_format.yaml";"";"M";"M";"2";"0";"FALSE";"100644";"100644";"36393831a3bda45b03e464d84a230e48e1b4cb5b";"3dbb69df40fc659626b0cab6a26cc6a9db3fe05a";"10";"10-rados-rbd-clients";"P2";"test/QA";"reference-only";"Không đọc độc lập";"";"trivial";"";"Đã đọc net diff và lịch sử; thay đổi feature, refactor, test hoặc công cụ thông thường không có causal chain nâng cấp độc lập.";"";"";"screened-endpoint+history"
"787";"v16.2.5";"v16.2.15";"qa/suites/rbd/cli/workloads/rbd_support_module_recovery.yaml";"";"A";"A";"13";"0";"FALSE";"0";"100644";"0";"aa4d0001fc09c22eb5686f7faafff3249decbc0f";"10";"10-rados-rbd-clients";"P2";"test/QA";"reference-only";"Không đọc độc lập";"";"support";"RBD-007";"Test/workunit trực tiếp hỗ trợ lock, blocklist, refresh hoặc pool-init continuity.";"ManagedLock::send_acquire_lock; ImageWatcher::rewatch; RefreshRequest; rbd_support.Module";"ea3e1f47e400644e7a2b65fefa2af35ec68cdb6c,97b3d05d44c5bed76ef311231015342c5ed50c4c,ba3871568a8224a2b19c17e09d772eb2e427f765,5bc2d002e70959f177543ba72946d60e6d2ce4ab";"support-inspected"
"788";"v16.2.5";"v16.2.15";"qa/suites/rbd/librbd/workloads/c_api_tests.yaml";"";"M";"M";"2";"0";"FALSE";"100644";"100644";"3073d77a8cdfe7c5acaafb5b6c6b66e75b3158af";"ac9dd3cfe010dcf6fd28a55baca7147b65ea0cc1";"10";"10-rados-rbd-clients";"P2";"test/QA";"reference-only";"Không đọc độc lập";"";"trivial";"";"Đã đọc net diff và lịch sử; thay đổi feature, refactor, test hoặc công cụ thông thường không có causal chain nâng cấp độc lập.";"";"";"screened-endpoint+history"
"789";"v16.2.5";"v16.2.15";"qa/suites/rbd/librbd/workloads/c_api_tests_with_defaults.yaml";"";"M";"M";"2";"0";"FALSE";"100644";"100644";"35c4b0848563dacb82fbf922c8161d507cdc60e5";"c410fbcb0d3fd78e4ae40e37abd880ac5ec7c197";"10";"10-rados-rbd-clients";"P2";"test/QA";"reference-only";"Không đọc độc lập";"";"trivial";"";"Đã đọc net diff và lịch sử; thay đổi feature, refactor, test hoặc công cụ thông thường không có causal chain nâng cấp độc lập.";"";"";"screened-endpoint+history"
"790";"v16.2.5";"v16.2.15";"qa/suites/rbd/librbd/workloads/c_api_tests_with_journaling.yaml";"";"M";"M";"2";"0";"FALSE";"100644";"100644";"6fae0fea93dc40c382a2ee47e6d470a6a0b21791";"3a121de3eae07ea2ad00c824adbbb0a6df9535aa";"10";"10-rados-rbd-clients";"P2";"test/QA";"reference-only";"Không đọc độc lập";"";"trivial";"";"Đã đọc net diff và lịch sử; thay đổi feature, refactor, test hoặc công cụ thông thường không có causal chain nâng cấp độc lập.";"";"";"screened-endpoint+history"
"791";"v16.2.5";"v16.2.15";"qa/suites/rbd/maintenance/workloads/dynamic_features_no_cache.yaml";"";"M";"M";"1";"0";"FALSE";"100644";"100644";"dc8671b7d9ddef654efb476b3110fa4e0221bd12";"5d80e6bd372786d978a1152f5e90c788c3473387";"10";"10-rados-rbd-clients";"P2";"test/QA";"reference-only";"Không đọc độc lập";"";"trivial";"";"Đã đọc net diff và lịch sử; thay đổi feature, refactor, test hoặc công cụ thông thường không có causal chain nâng cấp độc lập.";"";"";"screened-endpoint+history"
"792";"v16.2.5";"v16.2.15";"qa/suites/rbd/mirror/workloads/rbd-mirror-journal-bootstrap-workunit.yaml";"qa/suites/rbd/mirror/workloads/rbd-mirror-bootstrap-workunit.yaml";"R";"R083";"2";"0";"FALSE";"100644";"100644";"585f582913f7c5594129679d9d31a944c7ab2ae7";"b9c5562be834dc823a6e2d18d4593787bb2fdcf8";"10";"10-rados-rbd-clients";"P2";"test/QA";"reference-only";"Không đọc độc lập";"";"support";"RBD-006";"Test/workunit/doc hỗ trợ mirror failover/deletion finding.";"CreatePrimaryRequest; UnlinkPeerRequest; ImageReplayer::stop; snapshot::Replayer";"3885255ea0ccc56a6c55bcef26729301fd6f787b,ba5364196433a54368532b0ae6ac2f58e568f65f,7d63ab5f97192b2bde876f6d0acd818d4789e612,8d242edf1c61410461b05570d7968dad0b67f118";"support-inspected"
"793";"v16.2.5";"v16.2.15";"qa/suites/rbd/mirror/workloads/rbd-mirror-snapshot-bootstrap-workunit.yaml";"";"A";"A";"13";"0";"FALSE";"0";"100644";"0";"5ad78474d3cb2cda669166a7847135fb9c3d3e1d";"10";"10-rados-rbd-clients";"P2";"test/QA";"reference-only";"Không đọc độc lập";"";"support";"RBD-006";"Test/workunit/doc hỗ trợ mirror failover/deletion finding.";"CreatePrimaryRequest; UnlinkPeerRequest; ImageReplayer::stop; snapshot::Replayer";"3885255ea0ccc56a6c55bcef26729301fd6f787b,ba5364196433a54368532b0ae6ac2f58e568f65f,7d63ab5f97192b2bde876f6d0acd818d4789e612,8d242edf1c61410461b05570d7968dad0b67f118";"support-inspected"
"794";"v16.2.5";"v16.2.15";"qa/suites/rbd/nbd/workloads/rbd_nbd_diff_continuous.yaml";"";"A";"A";"14";"0";"FALSE";"0";"100644";"0";"e0a7ebe335a07a543a15365e6e509da591512859";"10";"10-rados-rbd-clients";"P2";"test/QA";"reference-only";"Không đọc độc lập";"";"support";"RBD-001";"Test/workunit trực tiếp chứng minh fast-diff/object-map behavior.";"DiffIterate::execute; object_map::DiffRequest::process_object_map; ObjectMap::with_object_map";"2749dd34f1edddd33ba9b8c3d522d7df0e52eb90,9f7f52a88eaf5d67065909c69d1078911907f233,c06858d217d20bb59050d42ca53caeeadd918444,a92c533e56e65906e34a3a61e2af0f66c23d2954";"support-inspected"
"795";"v16.2.5";"v16.2.15";"qa/suites/rbd/persistent-writeback-cache/1-base";"";"D";"D";"0";"1";"FALSE";"120000";"0";"fd10a859de29f0f7bf3da60eea844d0e65506a88";"0";"10";"10-rados-rbd-clients";"P2";"test/QA";"reference-only";"Không đọc độc lập";"";"support";"RBD-002,RBD-003";"Tài liệu hoặc QA PWL hỗ trợ format/recovery finding; chưa phải runtime validation đã chạy.";"WriteLogPoolRoot::layout_version; SSD_LAYOUT_VERSION; ssd::WriteLog::initialize_pool | AbstractWriteLog::pwl_init; ssd::WriteLog::load_existing_entries; ImageCacheState::init_from_metadata";"010b0524d0f6a6a92bfbf723759b162067c8d546,15f62d23d1a7540820ebf57bb7b41b504fdfa356,24a30a83491b2002914806a29a2a26448d1e4a4e,c5b13b73c596c0e0219ef087f8cc164c0ceff6f0,17791d999fa9161c574e9333053cfff34e1beab0,b388a34470d27f7cc7965b467f554741c52cc766,311bcf17d5fca40edd07b04d847434ade3e29410";"support-inspected"
"796";"v16.2.5";"v16.2.15";"qa/suites/rbd/persistent-writeback-cache/4-pool/cache.yaml";"";"D";"D";"0";"15";"FALSE";"100644";"0";"9265e7dd89d718f179b0064b4a5f7b274df79ae1";"0";"10";"10-rados-rbd-clients";"P2";"test/QA";"reference-only";"Không đọc độc lập";"";"support";"RBD-002,RBD-003";"Tài liệu hoặc QA PWL hỗ trợ format/recovery finding; chưa phải runtime validation đã chạy.";"WriteLogPoolRoot::layout_version; SSD_LAYOUT_VERSION; ssd::WriteLog::initialize_pool | AbstractWriteLog::pwl_init; ssd::WriteLog::load_existing_entries; ImageCacheState::init_from_metadata";"010b0524d0f6a6a92bfbf723759b162067c8d546,15f62d23d1a7540820ebf57bb7b41b504fdfa356,24a30a83491b2002914806a29a2a26448d1e4a4e,c5b13b73c596c0e0219ef087f8cc164c0ceff6f0,17791d999fa9161c574e9333053cfff34e1beab0,b388a34470d27f7cc7965b467f554741c52cc766,311bcf17d5fca40edd07b04d847434ade3e29410";"support-inspected"
"797";"v16.2.5";"v16.2.15";"qa/suites/rbd/persistent-writeback-cache/6-workloads/c_api_tests_with_defaults.yaml";"";"D";"D";"0";"1";"FALSE";"120000";"0";"9490327251bedb7d1d018bb626094025a3359485";"0";"10";"10-rados-rbd-clients";"P2";"test/QA";"reference-only";"Không đọc độc lập";"";"support";"RBD-002,RBD-003";"Tài liệu hoặc QA PWL hỗ trợ format/recovery finding; chưa phải runtime validation đã chạy.";"WriteLogPoolRoot::layout_version; SSD_LAYOUT_VERSION; ssd::WriteLog::initialize_pool | AbstractWriteLog::pwl_init; ssd::WriteLog::load_existing_entries; ImageCacheState::init_from_metadata";"010b0524d0f6a6a92bfbf723759b162067c8d546,15f62d23d1a7540820ebf57bb7b41b504fdfa356,24a30a83491b2002914806a29a2a26448d1e4a4e,c5b13b73c596c0e0219ef087f8cc164c0ceff6f0,17791d999fa9161c574e9333053cfff34e1beab0,b388a34470d27f7cc7965b467f554741c52cc766,311bcf17d5fca40edd07b04d847434ade3e29410";"support-inspected"
"798";"v16.2.5";"v16.2.15";"qa/suites/rbd/persistent-writeback-cache/6-workloads/recovery.yaml";"";"D";"D";"0";"10";"FALSE";"100644";"0";"63a0c9dcf25585d4905126c3231ca8bea9f5eeed";"0";"10";"10-rados-rbd-clients";"P2";"test/QA";"reference-only";"Không đọc độc lập";"";"support";"RBD-002,RBD-003";"Tài liệu hoặc QA PWL hỗ trợ format/recovery finding; chưa phải runtime validation đã chạy.";"WriteLogPoolRoot::layout_version; SSD_LAYOUT_VERSION; ssd::WriteLog::initialize_pool | AbstractWriteLog::pwl_init; ssd::WriteLog::load_existing_entries; ImageCacheState::init_from_metadata";"010b0524d0f6a6a92bfbf723759b162067c8d546,15f62d23d1a7540820ebf57bb7b41b504fdfa356,24a30a83491b2002914806a29a2a26448d1e4a4e,c5b13b73c596c0e0219ef087f8cc164c0ceff6f0,17791d999fa9161c574e9333053cfff34e1beab0,b388a34470d27f7cc7965b467f554741c52cc766,311bcf17d5fca40edd07b04d847434ade3e29410";"support-inspected"
"799";"v16.2.5";"v16.2.15";"qa/suites/rbd/pwl-cache/.qa";"";"A";"A";"1";"0";"FALSE";"0";"120000";"0";"a602a0353e7510e9ac07370ceaed121e2e528fa2";"10";"10-rados-rbd-clients";"P2";"test/QA";"reference-only";"Không đọc độc lập";"";"support";"RBD-002,RBD-003";"Tài liệu hoặc QA PWL hỗ trợ format/recovery finding; chưa phải runtime validation đã chạy.";"WriteLogPoolRoot::layout_version; SSD_LAYOUT_VERSION; ssd::WriteLog::initialize_pool | AbstractWriteLog::pwl_init; ssd::WriteLog::load_existing_entries; ImageCacheState::init_from_metadata";"010b0524d0f6a6a92bfbf723759b162067c8d546,15f62d23d1a7540820ebf57bb7b41b504fdfa356,24a30a83491b2002914806a29a2a26448d1e4a4e,c5b13b73c596c0e0219ef087f8cc164c0ceff6f0,17791d999fa9161c574e9333053cfff34e1beab0,b388a34470d27f7cc7965b467f554741c52cc766,311bcf17d5fca40edd07b04d847434ade3e29410";"support-inspected"
"800";"v16.2.5";"v16.2.15";"qa/suites/rbd/pwl-cache/home/%";"";"A";"A";"0";"0";"FALSE";"0";"100644";"0";"e69de29bb2d1d6434b8b29ae775ad8c2e48c5391";"10";"10-rados-rbd-clients";"P2";"mechanical/zero-LOC";"reference-only";"Không đọc nội dung độc lập";"";"support";"RBD-002,RBD-003";"Tài liệu hoặc QA PWL hỗ trợ format/recovery finding; chưa phải runtime validation đã chạy.";"WriteLogPoolRoot::layout_version; SSD_LAYOUT_VERSION; ssd::WriteLog::initialize_pool | AbstractWriteLog::pwl_init; ssd::WriteLog::load_existing_entries; ImageCacheState::init_from_metadata";"010b0524d0f6a6a92bfbf723759b162067c8d546,15f62d23d1a7540820ebf57bb7b41b504fdfa356,24a30a83491b2002914806a29a2a26448d1e4a4e,c5b13b73c596c0e0219ef087f8cc164c0ceff6f0,17791d999fa9161c574e9333053cfff34e1beab0,b388a34470d27f7cc7965b467f554741c52cc766,311bcf17d5fca40edd07b04d847434ade3e29410";"support-inspected"
"801";"v16.2.5";"v16.2.15";"qa/suites/rbd/pwl-cache/home/.qa";"";"A";"A";"1";"0";"FALSE";"0";"120000";"0";"a602a0353e7510e9ac07370ceaed121e2e528fa2";"10";"10-rados-rbd-clients";"P2";"test/QA";"reference-only";"Không đọc độc lập";"";"support";"RBD-002,RBD-003";"Tài liệu hoặc QA PWL hỗ trợ format/recovery finding; chưa phải runtime validation đã chạy.";"WriteLogPoolRoot::layout_version; SSD_LAYOUT_VERSION; ssd::WriteLog::initialize_pool | AbstractWriteLog::pwl_init; ssd::WriteLog::load_existing_entries; ImageCacheState::init_from_metadata";"010b0524d0f6a6a92bfbf723759b162067c8d546,15f62d23d1a7540820ebf57bb7b41b504fdfa356,24a30a83491b2002914806a29a2a26448d1e4a4e,c5b13b73c596c0e0219ef087f8cc164c0ceff6f0,17791d999fa9161c574e9333053cfff34e1beab0,b388a34470d27f7cc7965b467f554741c52cc766,311bcf17d5fca40edd07b04d847434ade3e29410";"support-inspected"
"802";"v16.2.5";"v16.2.15";"qa/suites/rbd/pwl-cache/home/1-base";"";"A";"A";"1";"0";"FALSE";"0";"120000";"0";"89c3c7e845f7f573b412c062bfea6163e2345349";"10";"10-rados-rbd-clients";"P2";"test/QA";"reference-only";"Không đọc độc lập";"";"support";"RBD-002,RBD-003";"Tài liệu hoặc QA PWL hỗ trợ format/recovery finding; chưa phải runtime validation đã chạy.";"WriteLogPoolRoot::layout_version; SSD_LAYOUT_VERSION; ssd::WriteLog::initialize_pool | AbstractWriteLog::pwl_init; ssd::WriteLog::load_existing_entries; ImageCacheState::init_from_metadata";"010b0524d0f6a6a92bfbf723759b162067c8d546,15f62d23d1a7540820ebf57bb7b41b504fdfa356,24a30a83491b2002914806a29a2a26448d1e4a4e,c5b13b73c596c0e0219ef087f8cc164c0ceff6f0,17791d999fa9161c574e9333053cfff34e1beab0,b388a34470d27f7cc7965b467f554741c52cc766,311bcf17d5fca40edd07b04d847434ade3e29410";"support-inspected"
"803";"v16.2.5";"v16.2.15";"qa/suites/rbd/pwl-cache/home/2-cluster/+";"";"A";"A";"0";"0";"FALSE";"0";"100644";"0";"e69de29bb2d1d6434b8b29ae775ad8c2e48c5391";"10";"10-rados-rbd-clients";"P2";"mechanical/zero-LOC";"reference-only";"Không đọc nội dung độc lập";"";"support";"RBD-002,RBD-003";"Tài liệu hoặc QA PWL hỗ trợ format/recovery finding; chưa phải runtime validation đã chạy.";"WriteLogPoolRoot::layout_version; SSD_LAYOUT_VERSION; ssd::WriteLog::initialize_pool | AbstractWriteLog::pwl_init; ssd::WriteLog::load_existing_entries; ImageCacheState::init_from_metadata";"010b0524d0f6a6a92bfbf723759b162067c8d546,15f62d23d1a7540820ebf57bb7b41b504fdfa356,24a30a83491b2002914806a29a2a26448d1e4a4e,c5b13b73c596c0e0219ef087f8cc164c0ceff6f0,17791d999fa9161c574e9333053cfff34e1beab0,b388a34470d27f7cc7965b467f554741c52cc766,311bcf17d5fca40edd07b04d847434ade3e29410";"support-inspected"
"804";"v16.2.5";"v16.2.15";"qa/suites/rbd/pwl-cache/home/2-cluster/.qa";"";"A";"A";"1";"0";"FALSE";"0";"120000";"0";"a602a0353e7510e9ac07370ceaed121e2e528fa2";"10";"10-rados-rbd-clients";"P2";"test/QA";"reference-only";"Không đọc độc lập";"";"support";"RBD-002,RBD-003";"Tài liệu hoặc QA PWL hỗ trợ format/recovery finding; chưa phải runtime validation đã chạy.";"WriteLogPoolRoot::layout_version; SSD_LAYOUT_VERSION; ssd::WriteLog::initialize_pool | AbstractWriteLog::pwl_init; ssd::WriteLog::load_existing_entries; ImageCacheState::init_from_metadata";"010b0524d0f6a6a92bfbf723759b162067c8d546,15f62d23d1a7540820ebf57bb7b41b504fdfa356,24a30a83491b2002914806a29a2a26448d1e4a4e,c5b13b73c596c0e0219ef087f8cc164c0ceff6f0,17791d999fa9161c574e9333053cfff34e1beab0,b388a34470d27f7cc7965b467f554741c52cc766,311bcf17d5fca40edd07b04d847434ade3e29410";"support-inspected"
"805";"v16.2.5";"v16.2.15";"qa/suites/rbd/pwl-cache/home/2-cluster/fix-2.yaml";"qa/suites/rbd/persistent-writeback-cache/2-cluster/fix-2.yaml";"R";"R100";"0";"0";"FALSE";"100644";"100644";"dbccecbceaafdde82d7361ec7f914521b238c702";"dbccecbceaafdde82d7361ec7f914521b238c702";"10";"10-rados-rbd-clients";"P2";"mechanical/zero-LOC";"reference-only";"Không đọc nội dung độc lập";"";"support";"RBD-002,RBD-003";"Tài liệu hoặc QA PWL hỗ trợ format/recovery finding; chưa phải runtime validation đã chạy.";"WriteLogPoolRoot::layout_version; SSD_LAYOUT_VERSION; ssd::WriteLog::initialize_pool | AbstractWriteLog::pwl_init; ssd::WriteLog::load_existing_entries; ImageCacheState::init_from_metadata";"010b0524d0f6a6a92bfbf723759b162067c8d546,15f62d23d1a7540820ebf57bb7b41b504fdfa356,24a30a83491b2002914806a29a2a26448d1e4a4e,c5b13b73c596c0e0219ef087f8cc164c0ceff6f0,17791d999fa9161c574e9333053cfff34e1beab0,b388a34470d27f7cc7965b467f554741c52cc766,311bcf17d5fca40edd07b04d847434ade3e29410";"support-inspected"
"806";"v16.2.5";"v16.2.15";"qa/suites/rbd/pwl-cache/home/2-cluster/openstack.yaml";"qa/suites/rbd/persistent-writeback-cache/2-cluster/openstack.yaml";"R";"R100";"0";"0";"FALSE";"100644";"100644";"b113e4f2ef7f699a41e1a97b406934139f933dec";"b113e4f2ef7f699a41e1a97b406934139f933dec";"10";"10-rados-rbd-clients";"P2";"mechanical/zero-LOC";"reference-only";"Không đọc nội dung độc lập";"";"support";"RBD-002,RBD-003";"Tài liệu hoặc QA PWL hỗ trợ format/recovery finding; chưa phải runtime validation đã chạy.";"WriteLogPoolRoot::layout_version; SSD_LAYOUT_VERSION; ssd::WriteLog::initialize_pool | AbstractWriteLog::pwl_init; ssd::WriteLog::load_existing_entries; ImageCacheState::init_from_metadata";"010b0524d0f6a6a92bfbf723759b162067c8d546,15f62d23d1a7540820ebf57bb7b41b504fdfa356,24a30a83491b2002914806a29a2a26448d1e4a4e,c5b13b73c596c0e0219ef087f8cc164c0ceff6f0,17791d999fa9161c574e9333053cfff34e1beab0,b388a34470d27f7cc7965b467f554741c52cc766,311bcf17d5fca40edd07b04d847434ade3e29410";"support-inspected"
"807";"v16.2.5";"v16.2.15";"qa/suites/rbd/pwl-cache/home/3-supported-random-distro$";"";"A";"A";"1";"0";"FALSE";"0";"120000";"0";"0862b4457b37a038999a4485572780a8bd3c07db";"10";"10-rados-rbd-clients";"P2";"test/QA";"reference-only";"Không đọc độc lập";"";"support";"RBD-002,RBD-003";"Tài liệu hoặc QA PWL hỗ trợ format/recovery finding; chưa phải runtime validation đã chạy.";"WriteLogPoolRoot::layout_version; SSD_LAYOUT_VERSION; ssd::WriteLog::initialize_pool | AbstractWriteLog::pwl_init; ssd::WriteLog::load_existing_entries; ImageCacheState::init_from_metadata";"010b0524d0f6a6a92bfbf723759b162067c8d546,15f62d23d1a7540820ebf57bb7b41b504fdfa356,24a30a83491b2002914806a29a2a26448d1e4a4e,c5b13b73c596c0e0219ef087f8cc164c0ceff6f0,17791d999fa9161c574e9333053cfff34e1beab0,b388a34470d27f7cc7965b467f554741c52cc766,311bcf17d5fca40edd07b04d847434ade3e29410";"support-inspected"
"808";"v16.2.5";"v16.2.15";"qa/suites/rbd/pwl-cache/home/4-cache-path.yaml";"";"A";"A";"13";"0";"FALSE";"0";"100644";"0";"be4641b019d6c4dc8d8d8da51be28650d213865b";"10";"10-rados-rbd-clients";"P2";"test/QA";"reference-only";"Không đọc độc lập";"";"support";"RBD-002,RBD-003";"Tài liệu hoặc QA PWL hỗ trợ format/recovery finding; chưa phải runtime validation đã chạy.";"WriteLogPoolRoot::layout_version; SSD_LAYOUT_VERSION; ssd::WriteLog::initialize_pool | AbstractWriteLog::pwl_init; ssd::WriteLog::load_existing_entries; ImageCacheState::init_from_metadata";"010b0524d0f6a6a92bfbf723759b162067c8d546,15f62d23d1a7540820ebf57bb7b41b504fdfa356,24a30a83491b2002914806a29a2a26448d1e4a4e,c5b13b73c596c0e0219ef087f8cc164c0ceff6f0,17791d999fa9161c574e9333053cfff34e1beab0,b388a34470d27f7cc7965b467f554741c52cc766,311bcf17d5fca40edd07b04d847434ade3e29410";"support-inspected"
"809";"v16.2.5";"v16.2.15";"qa/suites/rbd/pwl-cache/home/5-cache-mode/.qa";"";"A";"A";"1";"0";"FALSE";"0";"120000";"0";"a602a0353e7510e9ac07370ceaed121e2e528fa2";"10";"10-rados-rbd-clients";"P2";"test/QA";"reference-only";"Không đọc độc lập";"";"support";"RBD-002,RBD-003";"Tài liệu hoặc QA PWL hỗ trợ format/recovery finding; chưa phải runtime validation đã chạy.";"WriteLogPoolRoot::layout_version; SSD_LAYOUT_VERSION; ssd::WriteLog::initialize_pool | AbstractWriteLog::pwl_init; ssd::WriteLog::load_existing_entries; ImageCacheState::init_from_metadata";"010b0524d0f6a6a92bfbf723759b162067c8d546,15f62d23d1a7540820ebf57bb7b41b504fdfa356,24a30a83491b2002914806a29a2a26448d1e4a4e,c5b13b73c596c0e0219ef087f8cc164c0ceff6f0,17791d999fa9161c574e9333053cfff34e1beab0,b388a34470d27f7cc7965b467f554741c52cc766,311bcf17d5fca40edd07b04d847434ade3e29410";"support-inspected"
"810";"v16.2.5";"v16.2.15";"qa/suites/rbd/pwl-cache/home/5-cache-mode/rwl.yaml";"qa/suites/rbd/persistent-writeback-cache/5-cache-mode/rwl.yaml";"R";"R100";"0";"0";"FALSE";"100644";"100644";"5aeab26b349477a584c29621be5149e5fb9a14c2";"5aeab26b349477a584c29621be5149e5fb9a14c2";"10";"10-rados-rbd-clients";"P2";"mechanical/zero-LOC";"reference-only";"Không đọc nội dung độc lập";"";"support";"RBD-002,RBD-003";"Tài liệu hoặc QA PWL hỗ trợ format/recovery finding; chưa phải runtime validation đã chạy.";"WriteLogPoolRoot::layout_version; SSD_LAYOUT_VERSION; ssd::WriteLog::initialize_pool | AbstractWriteLog::pwl_init; ssd::WriteLog::load_existing_entries; ImageCacheState::init_from_metadata";"010b0524d0f6a6a92bfbf723759b162067c8d546,15f62d23d1a7540820ebf57bb7b41b504fdfa356,24a30a83491b2002914806a29a2a26448d1e4a4e,c5b13b73c596c0e0219ef087f8cc164c0ceff6f0,17791d999fa9161c574e9333053cfff34e1beab0,b388a34470d27f7cc7965b467f554741c52cc766,311bcf17d5fca40edd07b04d847434ade3e29410";"support-inspected"
"811";"v16.2.5";"v16.2.15";"qa/suites/rbd/pwl-cache/home/5-cache-mode/ssd.yaml";"";"A";"A";"5";"0";"FALSE";"0";"100644";"0";"0821491471da92894a1835b0473833a4a225d995";"10";"10-rados-rbd-clients";"P2";"test/QA";"reference-only";"Không đọc độc lập";"";"support";"RBD-002,RBD-003";"Tài liệu hoặc QA PWL hỗ trợ format/recovery finding; chưa phải runtime validation đã chạy.";"WriteLogPoolRoot::layout_version; SSD_LAYOUT_VERSION; ssd::WriteLog::initialize_pool | AbstractWriteLog::pwl_init; ssd::WriteLog::load_existing_entries; ImageCacheState::init_from_metadata";"010b0524d0f6a6a92bfbf723759b162067c8d546,15f62d23d1a7540820ebf57bb7b41b504fdfa356,24a30a83491b2002914806a29a2a26448d1e4a4e,c5b13b73c596c0e0219ef087f8cc164c0ceff6f0,17791d999fa9161c574e9333053cfff34e1beab0,b388a34470d27f7cc7965b467f554741c52cc766,311bcf17d5fca40edd07b04d847434ade3e29410";"support-inspected"
"812";"v16.2.5";"v16.2.15";"qa/suites/rbd/pwl-cache/home/6-cache-size/.qa";"";"A";"A";"1";"0";"FALSE";"0";"120000";"0";"a602a0353e7510e9ac07370ceaed121e2e528fa2";"10";"10-rados-rbd-clients";"P2";"test/QA";"reference-only";"Không đọc độc lập";"";"support";"RBD-002,RBD-003";"Tài liệu hoặc QA PWL hỗ trợ format/recovery finding; chưa phải runtime validation đã chạy.";"WriteLogPoolRoot::layout_version; SSD_LAYOUT_VERSION; ssd::WriteLog::initialize_pool | AbstractWriteLog::pwl_init; ssd::WriteLog::load_existing_entries; ImageCacheState::init_from_metadata";"010b0524d0f6a6a92bfbf723759b162067c8d546,15f62d23d1a7540820ebf57bb7b41b504fdfa356,24a30a83491b2002914806a29a2a26448d1e4a4e,c5b13b73c596c0e0219ef087f8cc164c0ceff6f0,17791d999fa9161c574e9333053cfff34e1beab0,b388a34470d27f7cc7965b467f554741c52cc766,311bcf17d5fca40edd07b04d847434ade3e29410";"support-inspected"
"813";"v16.2.5";"v16.2.15";"qa/suites/rbd/pwl-cache/home/6-cache-size/1G.yaml";"";"A";"A";"5";"0";"FALSE";"0";"100644";"0";"53fcddcdfa8d7729dbe9c1a8d0b4c9c7a3d35f53";"10";"10-rados-rbd-clients";"P2";"test/QA";"reference-only";"Không đọc độc lập";"";"support";"RBD-002,RBD-003";"Tài liệu hoặc QA PWL hỗ trợ format/recovery finding; chưa phải runtime validation đã chạy.";"WriteLogPoolRoot::layout_version; SSD_LAYOUT_VERSION; ssd::WriteLog::initialize_pool | AbstractWriteLog::pwl_init; ssd::WriteLog::load_existing_entries; ImageCacheState::init_from_metadata";"010b0524d0f6a6a92bfbf723759b162067c8d546,15f62d23d1a7540820ebf57bb7b41b504fdfa356,24a30a83491b2002914806a29a2a26448d1e4a4e,c5b13b73c596c0e0219ef087f8cc164c0ceff6f0,17791d999fa9161c574e9333053cfff34e1beab0,b388a34470d27f7cc7965b467f554741c52cc766,311bcf17d5fca40edd07b04d847434ade3e29410";"support-inspected"
"814";"v16.2.5";"v16.2.15";"qa/suites/rbd/pwl-cache/home/6-cache-size/8G.yaml";"";"A";"A";"5";"0";"FALSE";"0";"100644";"0";"b53d36852951441856fdb318930ae251ce9a410f";"10";"10-rados-rbd-clients";"P2";"test/QA";"reference-only";"Không đọc độc lập";"";"support";"RBD-002,RBD-003";"Tài liệu hoặc QA PWL hỗ trợ format/recovery finding; chưa phải runtime validation đã chạy.";"WriteLogPoolRoot::layout_version; SSD_LAYOUT_VERSION; ssd::WriteLog::initialize_pool | AbstractWriteLog::pwl_init; ssd::WriteLog::load_existing_entries; ImageCacheState::init_from_metadata";"010b0524d0f6a6a92bfbf723759b162067c8d546,15f62d23d1a7540820ebf57bb7b41b504fdfa356,24a30a83491b2002914806a29a2a26448d1e4a4e,c5b13b73c596c0e0219ef087f8cc164c0ceff6f0,17791d999fa9161c574e9333053cfff34e1beab0,b388a34470d27f7cc7965b467f554741c52cc766,311bcf17d5fca40edd07b04d847434ade3e29410";"support-inspected"
"815";"v16.2.5";"v16.2.15";"qa/suites/rbd/pwl-cache/home/7-workloads/.qa";"";"A";"A";"1";"0";"FALSE";"0";"120000";"0";"a602a0353e7510e9ac07370ceaed121e2e528fa2";"10";"10-rados-rbd-clients";"P2";"test/QA";"reference-only";"Không đọc độc lập";"";"support";"RBD-002,RBD-003";"Tài liệu hoặc QA PWL hỗ trợ format/recovery finding; chưa phải runtime validation đã chạy.";"WriteLogPoolRoot::layout_version; SSD_LAYOUT_VERSION; ssd::WriteLog::initialize_pool | AbstractWriteLog::pwl_init; ssd::WriteLog::load_existing_entries; ImageCacheState::init_from_metadata";"010b0524d0f6a6a92bfbf723759b162067c8d546,15f62d23d1a7540820ebf57bb7b41b504fdfa356,24a30a83491b2002914806a29a2a26448d1e4a4e,c5b13b73c596c0e0219ef087f8cc164c0ceff6f0,17791d999fa9161c574e9333053cfff34e1beab0,b388a34470d27f7cc7965b467f554741c52cc766,311bcf17d5fca40edd07b04d847434ade3e29410";"support-inspected"
"816";"v16.2.5";"v16.2.15";"qa/suites/rbd/pwl-cache/home/7-workloads/c_api_tests_with_defaults.yaml";"";"A";"A";"1";"0";"FALSE";"0";"120000";"0";"359001f8f55f102b91e79299dcbc50e1c2e2ee65";"10";"10-rados-rbd-clients";"P2";"test/QA";"reference-only";"Không đọc độc lập";"";"support";"RBD-002,RBD-003";"Tài liệu hoặc QA PWL hỗ trợ format/recovery finding; chưa phải runtime validation đã chạy.";"WriteLogPoolRoot::layout_version; SSD_LAYOUT_VERSION; ssd::WriteLog::initialize_pool | AbstractWriteLog::pwl_init; ssd::WriteLog::load_existing_entries; ImageCacheState::init_from_metadata";"010b0524d0f6a6a92bfbf723759b162067c8d546,15f62d23d1a7540820ebf57bb7b41b504fdfa356,24a30a83491b2002914806a29a2a26448d1e4a4e,c5b13b73c596c0e0219ef087f8cc164c0ceff6f0,17791d999fa9161c574e9333053cfff34e1beab0,b388a34470d27f7cc7965b467f554741c52cc766,311bcf17d5fca40edd07b04d847434ade3e29410";"support-inspected"
"817";"v16.2.5";"v16.2.15";"qa/suites/rbd/pwl-cache/home/7-workloads/fio.yaml";"qa/suites/rbd/persistent-writeback-cache/6-workloads/fio.yaml";"R";"R100";"0";"0";"FALSE";"100644";"100644";"f7aecce8aeb1d33debebb25e22559428064ec89c";"f7aecce8aeb1d33debebb25e22559428064ec89c";"10";"10-rados-rbd-clients";"P2";"mechanical/zero-LOC";"reference-only";"Không đọc nội dung độc lập";"";"support";"RBD-002,RBD-003";"Tài liệu hoặc QA PWL hỗ trợ format/recovery finding; chưa phải runtime validation đã chạy.";"WriteLogPoolRoot::layout_version; SSD_LAYOUT_VERSION; ssd::WriteLog::initialize_pool | AbstractWriteLog::pwl_init; ssd::WriteLog::load_existing_entries; ImageCacheState::init_from_metadata";"010b0524d0f6a6a92bfbf723759b162067c8d546,15f62d23d1a7540820ebf57bb7b41b504fdfa356,24a30a83491b2002914806a29a2a26448d1e4a4e,c5b13b73c596c0e0219ef087f8cc164c0ceff6f0,17791d999fa9161c574e9333053cfff34e1beab0,b388a34470d27f7cc7965b467f554741c52cc766,311bcf17d5fca40edd07b04d847434ade3e29410";"support-inspected"
"818";"v16.2.5";"v16.2.15";"qa/suites/rbd/pwl-cache/home/7-workloads/recovery.yaml";"";"A";"A";"9";"0";"FALSE";"0";"100644";"0";"3017beb22fb58b9e625ffb54dd7e5790850b59d3";"10";"10-rados-rbd-clients";"P2";"test/QA";"reference-only";"Không đọc độc lập";"";"support";"RBD-002,RBD-003";"Tài liệu hoặc QA PWL hỗ trợ format/recovery finding; chưa phải runtime validation đã chạy.";"WriteLogPoolRoot::layout_version; SSD_LAYOUT_VERSION; ssd::WriteLog::initialize_pool | AbstractWriteLog::pwl_init; ssd::WriteLog::load_existing_entries; ImageCacheState::init_from_metadata";"010b0524d0f6a6a92bfbf723759b162067c8d546,15f62d23d1a7540820ebf57bb7b41b504fdfa356,24a30a83491b2002914806a29a2a26448d1e4a4e,c5b13b73c596c0e0219ef087f8cc164c0ceff6f0,17791d999fa9161c574e9333053cfff34e1beab0,b388a34470d27f7cc7965b467f554741c52cc766,311bcf17d5fca40edd07b04d847434ade3e29410";"support-inspected"
"819";"v16.2.5";"v16.2.15";"qa/suites/rbd/pwl-cache/tmpfs/%";"";"A";"A";"0";"0";"FALSE";"0";"100644";"0";"e69de29bb2d1d6434b8b29ae775ad8c2e48c5391";"10";"10-rados-rbd-clients";"P2";"mechanical/zero-LOC";"reference-only";"Không đọc nội dung độc lập";"";"support";"RBD-002,RBD-003";"Tài liệu hoặc QA PWL hỗ trợ format/recovery finding; chưa phải runtime validation đã chạy.";"WriteLogPoolRoot::layout_version; SSD_LAYOUT_VERSION; ssd::WriteLog::initialize_pool | AbstractWriteLog::pwl_init; ssd::WriteLog::load_existing_entries; ImageCacheState::init_from_metadata";"010b0524d0f6a6a92bfbf723759b162067c8d546,15f62d23d1a7540820ebf57bb7b41b504fdfa356,24a30a83491b2002914806a29a2a26448d1e4a4e,c5b13b73c596c0e0219ef087f8cc164c0ceff6f0,17791d999fa9161c574e9333053cfff34e1beab0,b388a34470d27f7cc7965b467f554741c52cc766,311bcf17d5fca40edd07b04d847434ade3e29410";"support-inspected"
"820";"v16.2.5";"v16.2.15";"qa/suites/rbd/pwl-cache/tmpfs/.qa";"";"A";"A";"1";"0";"FALSE";"0";"120000";"0";"a602a0353e7510e9ac07370ceaed121e2e528fa2";"10";"10-rados-rbd-clients";"P2";"test/QA";"reference-only";"Không đọc độc lập";"";"support";"RBD-002,RBD-003";"Tài liệu hoặc QA PWL hỗ trợ format/recovery finding; chưa phải runtime validation đã chạy.";"WriteLogPoolRoot::layout_version; SSD_LAYOUT_VERSION; ssd::WriteLog::initialize_pool | AbstractWriteLog::pwl_init; ssd::WriteLog::load_existing_entries; ImageCacheState::init_from_metadata";"010b0524d0f6a6a92bfbf723759b162067c8d546,15f62d23d1a7540820ebf57bb7b41b504fdfa356,24a30a83491b2002914806a29a2a26448d1e4a4e,c5b13b73c596c0e0219ef087f8cc164c0ceff6f0,17791d999fa9161c574e9333053cfff34e1beab0,b388a34470d27f7cc7965b467f554741c52cc766,311bcf17d5fca40edd07b04d847434ade3e29410";"support-inspected"
"821";"v16.2.5";"v16.2.15";"qa/suites/rbd/pwl-cache/tmpfs/1-base";"";"A";"A";"1";"0";"FALSE";"0";"120000";"0";"89c3c7e845f7f573b412c062bfea6163e2345349";"10";"10-rados-rbd-clients";"P2";"test/QA";"reference-only";"Không đọc độc lập";"";"support";"RBD-002,RBD-003";"Tài liệu hoặc QA PWL hỗ trợ format/recovery finding; chưa phải runtime validation đã chạy.";"WriteLogPoolRoot::layout_version; SSD_LAYOUT_VERSION; ssd::WriteLog::initialize_pool | AbstractWriteLog::pwl_init; ssd::WriteLog::load_existing_entries; ImageCacheState::init_from_metadata";"010b0524d0f6a6a92bfbf723759b162067c8d546,15f62d23d1a7540820ebf57bb7b41b504fdfa356,24a30a83491b2002914806a29a2a26448d1e4a4e,c5b13b73c596c0e0219ef087f8cc164c0ceff6f0,17791d999fa9161c574e9333053cfff34e1beab0,b388a34470d27f7cc7965b467f554741c52cc766,311bcf17d5fca40edd07b04d847434ade3e29410";"support-inspected"
"822";"v16.2.5";"v16.2.15";"qa/suites/rbd/pwl-cache/tmpfs/2-cluster/+";"";"A";"A";"0";"0";"FALSE";"0";"100644";"0";"e69de29bb2d1d6434b8b29ae775ad8c2e48c5391";"10";"10-rados-rbd-clients";"P2";"mechanical/zero-LOC";"reference-only";"Không đọc nội dung độc lập";"";"support";"RBD-002,RBD-003";"Tài liệu hoặc QA PWL hỗ trợ format/recovery finding; chưa phải runtime validation đã chạy.";"WriteLogPoolRoot::layout_version; SSD_LAYOUT_VERSION; ssd::WriteLog::initialize_pool | AbstractWriteLog::pwl_init; ssd::WriteLog::load_existing_entries; ImageCacheState::init_from_metadata";"010b0524d0f6a6a92bfbf723759b162067c8d546,15f62d23d1a7540820ebf57bb7b41b504fdfa356,24a30a83491b2002914806a29a2a26448d1e4a4e,c5b13b73c596c0e0219ef087f8cc164c0ceff6f0,17791d999fa9161c574e9333053cfff34e1beab0,b388a34470d27f7cc7965b467f554741c52cc766,311bcf17d5fca40edd07b04d847434ade3e29410";"support-inspected"
"823";"v16.2.5";"v16.2.15";"qa/suites/rbd/pwl-cache/tmpfs/2-cluster/.qa";"";"A";"A";"1";"0";"FALSE";"0";"120000";"0";"a602a0353e7510e9ac07370ceaed121e2e528fa2";"10";"10-rados-rbd-clients";"P2";"test/QA";"reference-only";"Không đọc độc lập";"";"support";"RBD-002,RBD-003";"Tài liệu hoặc QA PWL hỗ trợ format/recovery finding; chưa phải runtime validation đã chạy.";"WriteLogPoolRoot::layout_version; SSD_LAYOUT_VERSION; ssd::WriteLog::initialize_pool | AbstractWriteLog::pwl_init; ssd::WriteLog::load_existing_entries; ImageCacheState::init_from_metadata";"010b0524d0f6a6a92bfbf723759b162067c8d546,15f62d23d1a7540820ebf57bb7b41b504fdfa356,24a30a83491b2002914806a29a2a26448d1e4a4e,c5b13b73c596c0e0219ef087f8cc164c0ceff6f0,17791d999fa9161c574e9333053cfff34e1beab0,b388a34470d27f7cc7965b467f554741c52cc766,311bcf17d5fca40edd07b04d847434ade3e29410";"support-inspected"
"824";"v16.2.5";"v16.2.15";"qa/suites/rbd/pwl-cache/tmpfs/2-cluster/fix-2.yaml";"";"A";"A";"3";"0";"FALSE";"0";"100644";"0";"dbccecbceaafdde82d7361ec7f914521b238c702";"10";"10-rados-rbd-clients";"P2";"test/QA";"reference-only";"Không đọc độc lập";"";"support";"RBD-002,RBD-003";"Tài liệu hoặc QA PWL hỗ trợ format/recovery finding; chưa phải runtime validation đã chạy.";"WriteLogPoolRoot::layout_version; SSD_LAYOUT_VERSION; ssd::WriteLog::initialize_pool | AbstractWriteLog::pwl_init; ssd::WriteLog::load_existing_entries; ImageCacheState::init_from_metadata";"010b0524d0f6a6a92bfbf723759b162067c8d546,15f62d23d1a7540820ebf57bb7b41b504fdfa356,24a30a83491b2002914806a29a2a26448d1e4a4e,c5b13b73c596c0e0219ef087f8cc164c0ceff6f0,17791d999fa9161c574e9333053cfff34e1beab0,b388a34470d27f7cc7965b467f554741c52cc766,311bcf17d5fca40edd07b04d847434ade3e29410";"support-inspected"
"825";"v16.2.5";"v16.2.15";"qa/suites/rbd/pwl-cache/tmpfs/2-cluster/openstack.yaml";"";"A";"A";"4";"0";"FALSE";"0";"100644";"0";"b113e4f2ef7f699a41e1a97b406934139f933dec";"10";"10-rados-rbd-clients";"P2";"test/QA";"reference-only";"Không đọc độc lập";"";"support";"RBD-002,RBD-003";"Tài liệu hoặc QA PWL hỗ trợ format/recovery finding; chưa phải runtime validation đã chạy.";"WriteLogPoolRoot::layout_version; SSD_LAYOUT_VERSION; ssd::WriteLog::initialize_pool | AbstractWriteLog::pwl_init; ssd::WriteLog::load_existing_entries; ImageCacheState::init_from_metadata";"010b0524d0f6a6a92bfbf723759b162067c8d546,15f62d23d1a7540820ebf57bb7b41b504fdfa356,24a30a83491b2002914806a29a2a26448d1e4a4e,c5b13b73c596c0e0219ef087f8cc164c0ceff6f0,17791d999fa9161c574e9333053cfff34e1beab0,b388a34470d27f7cc7965b467f554741c52cc766,311bcf17d5fca40edd07b04d847434ade3e29410";"support-inspected"
"826";"v16.2.5";"v16.2.15";"qa/suites/rbd/pwl-cache/tmpfs/3-supported-random-distro$";"";"A";"A";"1";"0";"FALSE";"0";"120000";"0";"0862b4457b37a038999a4485572780a8bd3c07db";"10";"10-rados-rbd-clients";"P2";"test/QA";"reference-only";"Không đọc độc lập";"";"support";"RBD-002,RBD-003";"Tài liệu hoặc QA PWL hỗ trợ format/recovery finding; chưa phải runtime validation đã chạy.";"WriteLogPoolRoot::layout_version; SSD_LAYOUT_VERSION; ssd::WriteLog::initialize_pool | AbstractWriteLog::pwl_init; ssd::WriteLog::load_existing_entries; ImageCacheState::init_from_metadata";"010b0524d0f6a6a92bfbf723759b162067c8d546,15f62d23d1a7540820ebf57bb7b41b504fdfa356,24a30a83491b2002914806a29a2a26448d1e4a4e,c5b13b73c596c0e0219ef087f8cc164c0ceff6f0,17791d999fa9161c574e9333053cfff34e1beab0,b388a34470d27f7cc7965b467f554741c52cc766,311bcf17d5fca40edd07b04d847434ade3e29410";"support-inspected"
"827";"v16.2.5";"v16.2.15";"qa/suites/rbd/pwl-cache/tmpfs/4-cache-path.yaml";"";"A";"A";"22";"0";"FALSE";"0";"100644";"0";"b5578a0ae59cdaee91b6d58cecf1b00833705b6b";"10";"10-rados-rbd-clients";"P2";"test/QA";"reference-only";"Không đọc độc lập";"";"support";"RBD-002,RBD-003";"Tài liệu hoặc QA PWL hỗ trợ format/recovery finding; chưa phải runtime validation đã chạy.";"WriteLogPoolRoot::layout_version; SSD_LAYOUT_VERSION; ssd::WriteLog::initialize_pool | AbstractWriteLog::pwl_init; ssd::WriteLog::load_existing_entries; ImageCacheState::init_from_metadata";"010b0524d0f6a6a92bfbf723759b162067c8d546,15f62d23d1a7540820ebf57bb7b41b504fdfa356,24a30a83491b2002914806a29a2a26448d1e4a4e,c5b13b73c596c0e0219ef087f8cc164c0ceff6f0,17791d999fa9161c574e9333053cfff34e1beab0,b388a34470d27f7cc7965b467f554741c52cc766,311bcf17d5fca40edd07b04d847434ade3e29410";"support-inspected"
"828";"v16.2.5";"v16.2.15";"qa/suites/rbd/pwl-cache/tmpfs/5-cache-mode/.qa";"";"A";"A";"1";"0";"FALSE";"0";"120000";"0";"a602a0353e7510e9ac07370ceaed121e2e528fa2";"10";"10-rados-rbd-clients";"P2";"test/QA";"reference-only";"Không đọc độc lập";"";"support";"RBD-002,RBD-003";"Tài liệu hoặc QA PWL hỗ trợ format/recovery finding; chưa phải runtime validation đã chạy.";"WriteLogPoolRoot::layout_version; SSD_LAYOUT_VERSION; ssd::WriteLog::initialize_pool | AbstractWriteLog::pwl_init; ssd::WriteLog::load_existing_entries; ImageCacheState::init_from_metadata";"010b0524d0f6a6a92bfbf723759b162067c8d546,15f62d23d1a7540820ebf57bb7b41b504fdfa356,24a30a83491b2002914806a29a2a26448d1e4a4e,c5b13b73c596c0e0219ef087f8cc164c0ceff6f0,17791d999fa9161c574e9333053cfff34e1beab0,b388a34470d27f7cc7965b467f554741c52cc766,311bcf17d5fca40edd07b04d847434ade3e29410";"support-inspected"
"829";"v16.2.5";"v16.2.15";"qa/suites/rbd/pwl-cache/tmpfs/5-cache-mode/rwl.yaml";"";"A";"A";"5";"0";"FALSE";"0";"100644";"0";"5aeab26b349477a584c29621be5149e5fb9a14c2";"10";"10-rados-rbd-clients";"P2";"test/QA";"reference-only";"Không đọc độc lập";"";"support";"RBD-002,RBD-003";"Tài liệu hoặc QA PWL hỗ trợ format/recovery finding; chưa phải runtime validation đã chạy.";"WriteLogPoolRoot::layout_version; SSD_LAYOUT_VERSION; ssd::WriteLog::initialize_pool | AbstractWriteLog::pwl_init; ssd::WriteLog::load_existing_entries; ImageCacheState::init_from_metadata";"010b0524d0f6a6a92bfbf723759b162067c8d546,15f62d23d1a7540820ebf57bb7b41b504fdfa356,24a30a83491b2002914806a29a2a26448d1e4a4e,c5b13b73c596c0e0219ef087f8cc164c0ceff6f0,17791d999fa9161c574e9333053cfff34e1beab0,b388a34470d27f7cc7965b467f554741c52cc766,311bcf17d5fca40edd07b04d847434ade3e29410";"support-inspected"
"830";"v16.2.5";"v16.2.15";"qa/suites/rbd/pwl-cache/tmpfs/5-cache-mode/ssd.yaml";"";"A";"A";"5";"0";"FALSE";"0";"100644";"0";"0821491471da92894a1835b0473833a4a225d995";"10";"10-rados-rbd-clients";"P2";"test/QA";"reference-only";"Không đọc độc lập";"";"support";"RBD-002,RBD-003";"Tài liệu hoặc QA PWL hỗ trợ format/recovery finding; chưa phải runtime validation đã chạy.";"WriteLogPoolRoot::layout_version; SSD_LAYOUT_VERSION; ssd::WriteLog::initialize_pool | AbstractWriteLog::pwl_init; ssd::WriteLog::load_existing_entries; ImageCacheState::init_from_metadata";"010b0524d0f6a6a92bfbf723759b162067c8d546,15f62d23d1a7540820ebf57bb7b41b504fdfa356,24a30a83491b2002914806a29a2a26448d1e4a4e,c5b13b73c596c0e0219ef087f8cc164c0ceff6f0,17791d999fa9161c574e9333053cfff34e1beab0,b388a34470d27f7cc7965b467f554741c52cc766,311bcf17d5fca40edd07b04d847434ade3e29410";"support-inspected"
"831";"v16.2.5";"v16.2.15";"qa/suites/rbd/pwl-cache/tmpfs/6-cache-size/.qa";"";"A";"A";"1";"0";"FALSE";"0";"120000";"0";"a602a0353e7510e9ac07370ceaed121e2e528fa2";"10";"10-rados-rbd-clients";"P2";"test/QA";"reference-only";"Không đọc độc lập";"";"support";"RBD-002,RBD-003";"Tài liệu hoặc QA PWL hỗ trợ format/recovery finding; chưa phải runtime validation đã chạy.";"WriteLogPoolRoot::layout_version; SSD_LAYOUT_VERSION; ssd::WriteLog::initialize_pool | AbstractWriteLog::pwl_init; ssd::WriteLog::load_existing_entries; ImageCacheState::init_from_metadata";"010b0524d0f6a6a92bfbf723759b162067c8d546,15f62d23d1a7540820ebf57bb7b41b504fdfa356,24a30a83491b2002914806a29a2a26448d1e4a4e,c5b13b73c596c0e0219ef087f8cc164c0ceff6f0,17791d999fa9161c574e9333053cfff34e1beab0,b388a34470d27f7cc7965b467f554741c52cc766,311bcf17d5fca40edd07b04d847434ade3e29410";"support-inspected"
"832";"v16.2.5";"v16.2.15";"qa/suites/rbd/pwl-cache/tmpfs/6-cache-size/1G.yaml";"";"A";"A";"5";"0";"FALSE";"0";"100644";"0";"53fcddcdfa8d7729dbe9c1a8d0b4c9c7a3d35f53";"10";"10-rados-rbd-clients";"P2";"test/QA";"reference-only";"Không đọc độc lập";"";"support";"RBD-002,RBD-003";"Tài liệu hoặc QA PWL hỗ trợ format/recovery finding; chưa phải runtime validation đã chạy.";"WriteLogPoolRoot::layout_version; SSD_LAYOUT_VERSION; ssd::WriteLog::initialize_pool | AbstractWriteLog::pwl_init; ssd::WriteLog::load_existing_entries; ImageCacheState::init_from_metadata";"010b0524d0f6a6a92bfbf723759b162067c8d546,15f62d23d1a7540820ebf57bb7b41b504fdfa356,24a30a83491b2002914806a29a2a26448d1e4a4e,c5b13b73c596c0e0219ef087f8cc164c0ceff6f0,17791d999fa9161c574e9333053cfff34e1beab0,b388a34470d27f7cc7965b467f554741c52cc766,311bcf17d5fca40edd07b04d847434ade3e29410";"support-inspected"
"833";"v16.2.5";"v16.2.15";"qa/suites/rbd/pwl-cache/tmpfs/6-cache-size/5G.yaml";"";"A";"A";"5";"0";"FALSE";"0";"100644";"0";"1c43b5de896d8a34fa22b6b74b343c82064d0795";"10";"10-rados-rbd-clients";"P2";"test/QA";"reference-only";"Không đọc độc lập";"";"support";"RBD-002,RBD-003";"Tài liệu hoặc QA PWL hỗ trợ format/recovery finding; chưa phải runtime validation đã chạy.";"WriteLogPoolRoot::layout_version; SSD_LAYOUT_VERSION; ssd::WriteLog::initialize_pool | AbstractWriteLog::pwl_init; ssd::WriteLog::load_existing_entries; ImageCacheState::init_from_metadata";"010b0524d0f6a6a92bfbf723759b162067c8d546,15f62d23d1a7540820ebf57bb7b41b504fdfa356,24a30a83491b2002914806a29a2a26448d1e4a4e,c5b13b73c596c0e0219ef087f8cc164c0ceff6f0,17791d999fa9161c574e9333053cfff34e1beab0,b388a34470d27f7cc7965b467f554741c52cc766,311bcf17d5fca40edd07b04d847434ade3e29410";"support-inspected"
"834";"v16.2.5";"v16.2.15";"qa/suites/rbd/pwl-cache/tmpfs/7-workloads/.qa";"";"A";"A";"1";"0";"FALSE";"0";"120000";"0";"a602a0353e7510e9ac07370ceaed121e2e528fa2";"10";"10-rados-rbd-clients";"P2";"test/QA";"reference-only";"Không đọc độc lập";"";"support";"RBD-002,RBD-003";"Tài liệu hoặc QA PWL hỗ trợ format/recovery finding; chưa phải runtime validation đã chạy.";"WriteLogPoolRoot::layout_version; SSD_LAYOUT_VERSION; ssd::WriteLog::initialize_pool | AbstractWriteLog::pwl_init; ssd::WriteLog::load_existing_entries; ImageCacheState::init_from_metadata";"010b0524d0f6a6a92bfbf723759b162067c8d546,15f62d23d1a7540820ebf57bb7b41b504fdfa356,24a30a83491b2002914806a29a2a26448d1e4a4e,c5b13b73c596c0e0219ef087f8cc164c0ceff6f0,17791d999fa9161c574e9333053cfff34e1beab0,b388a34470d27f7cc7965b467f554741c52cc766,311bcf17d5fca40edd07b04d847434ade3e29410";"support-inspected"
"835";"v16.2.5";"v16.2.15";"qa/suites/rbd/pwl-cache/tmpfs/7-workloads/qemu_xfstests.yaml";"qa/suites/rbd/persistent-writeback-cache/6-workloads/qemu_xfstests.yaml";"R";"R100";"0";"0";"FALSE";"100644";"100644";"255b9631e39f8d5481f193271f74882396dbc441";"255b9631e39f8d5481f193271f74882396dbc441";"10";"10-rados-rbd-clients";"P2";"mechanical/zero-LOC";"reference-only";"Không đọc nội dung độc lập";"";"support";"RBD-002,RBD-003";"Tài liệu hoặc QA PWL hỗ trợ format/recovery finding; chưa phải runtime validation đã chạy.";"WriteLogPoolRoot::layout_version; SSD_LAYOUT_VERSION; ssd::WriteLog::initialize_pool | AbstractWriteLog::pwl_init; ssd::WriteLog::load_existing_entries; ImageCacheState::init_from_metadata";"010b0524d0f6a6a92bfbf723759b162067c8d546,15f62d23d1a7540820ebf57bb7b41b504fdfa356,24a30a83491b2002914806a29a2a26448d1e4a4e,c5b13b73c596c0e0219ef087f8cc164c0ceff6f0,17791d999fa9161c574e9333053cfff34e1beab0,b388a34470d27f7cc7965b467f554741c52cc766,311bcf17d5fca40edd07b04d847434ade3e29410";"support-inspected"
"836";"v16.2.5";"v16.2.15";"qa/suites/rbd/singleton/all/qemu-iotests-no-cache.yaml";"";"M";"M";"6";"0";"FALSE";"100644";"100644";"bfb203904189c38509c9ed755ba991b16540ef4d";"364dd8810479b80a46105d7e77a16c3203687099";"10";"10-rados-rbd-clients";"P2";"test/QA";"reference-only";"Không đọc độc lập";"";"trivial";"";"Đã đọc net diff và lịch sử; thay đổi feature, refactor, test hoặc công cụ thông thường không có causal chain nâng cấp độc lập.";"";"";"screened-endpoint+history"
"837";"v16.2.5";"v16.2.15";"qa/suites/rbd/singleton/all/qemu-iotests-writearound.yaml";"";"M";"M";"6";"0";"FALSE";"100644";"100644";"3a19b317c7a96ccc4aa74d9395de81af6e7e4047";"9757083855205139e29739a7db28b9050d09d3ac";"10";"10-rados-rbd-clients";"P2";"test/QA";"reference-only";"Không đọc độc lập";"";"trivial";"";"Đã đọc net diff và lịch sử; thay đổi feature, refactor, test hoặc công cụ thông thường không có causal chain nâng cấp độc lập.";"";"";"screened-endpoint+history"
"838";"v16.2.5";"v16.2.15";"qa/suites/rbd/singleton/all/qemu-iotests-writeback.yaml";"";"M";"M";"6";"0";"FALSE";"100644";"100644";"48e370ec128f20cb1c3f1f81df1178cf66a556ad";"9d078c33d691ac512ab9e3b4824a8c84c287605f";"10";"10-rados-rbd-clients";"P2";"test/QA";"reference-only";"Không đọc độc lập";"";"trivial";"";"Đã đọc net diff và lịch sử; thay đổi feature, refactor, test hoặc công cụ thông thường không có causal chain nâng cấp độc lập.";"";"";"screened-endpoint+history"
"839";"v16.2.5";"v16.2.15";"qa/suites/rbd/singleton/all/qemu-iotests-writethrough.yaml";"";"M";"M";"6";"0";"FALSE";"100644";"100644";"908a678040394cba09eb934b211af45e9a0d8da0";"c5250bb906b88cf74c365935843cdee37cc555e6";"10";"10-rados-rbd-clients";"P2";"test/QA";"reference-only";"Không đọc độc lập";"";"trivial";"";"Đã đọc net diff và lịch sử; thay đổi feature, refactor, test hoặc công cụ thông thường không có causal chain nâng cấp độc lập.";"";"";"screened-endpoint+history"
"840";"v16.2.5";"v16.2.15";"qa/suites/rbd/thrash/workloads/rbd_api_tests.yaml";"";"M";"M";"2";"0";"FALSE";"100644";"100644";"35c4b0848563dacb82fbf922c8161d507cdc60e5";"c410fbcb0d3fd78e4ae40e37abd880ac5ec7c197";"10";"10-rados-rbd-clients";"P2";"test/QA";"reference-only";"Không đọc độc lập";"";"trivial";"";"Đã đọc net diff và lịch sử; thay đổi feature, refactor, test hoặc công cụ thông thường không có causal chain nâng cấp độc lập.";"";"";"screened-endpoint+history"
"841";"v16.2.5";"v16.2.15";"qa/suites/rbd/thrash/workloads/rbd_api_tests_copy_on_read.yaml";"";"M";"M";"2";"0";"FALSE";"100644";"100644";"8f929162e716dd6c1e91d91868f208331180e7b6";"ce47fc46f62ac684dcd10b73bbc19d3112b30344";"10";"10-rados-rbd-clients";"P2";"test/QA";"reference-only";"Không đọc độc lập";"";"trivial";"";"Đã đọc net diff và lịch sử; thay đổi feature, refactor, test hoặc công cụ thông thường không có causal chain nâng cấp độc lập.";"";"";"screened-endpoint+history"
"842";"v16.2.5";"v16.2.15";"qa/suites/rbd/thrash/workloads/rbd_api_tests_journaling.yaml";"";"M";"M";"2";"0";"FALSE";"100644";"100644";"6fae0fea93dc40c382a2ee47e6d470a6a0b21791";"3a121de3eae07ea2ad00c824adbbb0a6df9535aa";"10";"10-rados-rbd-clients";"P2";"test/QA";"reference-only";"Không đọc độc lập";"";"trivial";"";"Đã đọc net diff và lịch sử; thay đổi feature, refactor, test hoặc công cụ thông thường không có causal chain nâng cấp độc lập.";"";"";"screened-endpoint+history"
"843";"v16.2.5";"v16.2.15";"qa/suites/rbd/thrash/workloads/rbd_api_tests_no_locking.yaml";"";"M";"M";"2";"0";"FALSE";"100644";"100644";"3073d77a8cdfe7c5acaafb5b6c6b66e75b3158af";"ac9dd3cfe010dcf6fd28a55baca7147b65ea0cc1";"10";"10-rados-rbd-clients";"P2";"test/QA";"reference-only";"Không đọc độc lập";"";"trivial";"";"Đã đọc net diff và lịch sử; thay đổi feature, refactor, test hoặc công cụ thông thường không có causal chain nâng cấp độc lập.";"";"";"screened-endpoint+history"
"844";"v16.2.5";"v16.2.15";"qa/suites/rbd/valgrind/workloads/c_api_tests.yaml";"";"M";"M";"2";"0";"FALSE";"100644";"100644";"3073d77a8cdfe7c5acaafb5b6c6b66e75b3158af";"ac9dd3cfe010dcf6fd28a55baca7147b65ea0cc1";"10";"10-rados-rbd-clients";"P2";"test/QA";"reference-only";"Không đọc độc lập";"";"trivial";"";"Đã đọc net diff và lịch sử; thay đổi feature, refactor, test hoặc công cụ thông thường không có causal chain nâng cấp độc lập.";"";"";"screened-endpoint+history"
"845";"v16.2.5";"v16.2.15";"qa/suites/rbd/valgrind/workloads/c_api_tests_with_defaults.yaml";"";"M";"M";"2";"0";"FALSE";"100644";"100644";"35c4b0848563dacb82fbf922c8161d507cdc60e5";"c410fbcb0d3fd78e4ae40e37abd880ac5ec7c197";"10";"10-rados-rbd-clients";"P2";"test/QA";"reference-only";"Không đọc độc lập";"";"trivial";"";"Đã đọc net diff và lịch sử; thay đổi feature, refactor, test hoặc công cụ thông thường không có causal chain nâng cấp độc lập.";"";"";"screened-endpoint+history"
"846";"v16.2.5";"v16.2.15";"qa/suites/rbd/valgrind/workloads/c_api_tests_with_journaling.yaml";"";"M";"M";"2";"0";"FALSE";"100644";"100644";"6fae0fea93dc40c382a2ee47e6d470a6a0b21791";"3a121de3eae07ea2ad00c824adbbb0a6df9535aa";"10";"10-rados-rbd-clients";"P2";"test/QA";"reference-only";"Không đọc độc lập";"";"trivial";"";"Đã đọc net diff và lịch sử; thay đổi feature, refactor, test hoặc công cụ thông thường không có causal chain nâng cấp độc lập.";"";"";"screened-endpoint+history"
"1024";"v16.2.5";"v16.2.15";"qa/tasks/qemu.py";"";"M";"M";"24";"0";"FALSE";"100644";"100644";"673ccdb144f943e5312362db3484e71ae21ecdac";"b5923b285a73f9d72b77934510713fc00992eaf6";"10";"10-rados-rbd-clients";"P2";"test/QA";"reference-only";"Không đọc độc lập";"";"trivial";"";"Đã đọc net diff và lịch sử; thay đổi feature, refactor, test hoặc công cụ thông thường không có causal chain nâng cấp độc lập.";"";"";"screened-endpoint+history"
"1025";"v16.2.5";"v16.2.15";"qa/tasks/rbd_fio.py";"";"M";"M";"1";"1";"FALSE";"100644";"100644";"0f3dd18862eadafa789dedd698cc6236dd70b7bf";"959d07d49ae0e8e06cf884c159b2ecb3245b96e6";"10";"10-rados-rbd-clients";"P2";"test/QA";"reference-only";"Không đọc độc lập";"";"trivial";"";"Đã đọc net diff và lịch sử; thay đổi feature, refactor, test hoặc công cụ thông thường không có causal chain nâng cấp độc lập.";"";"";"screened-endpoint+history"
"1026";"v16.2.5";"v16.2.15";"qa/tasks/rbd_pwl_cache_recovery.py";"";"A";"A";"96";"0";"FALSE";"0";"100644";"0";"e13c1f66447663c90e3b870953f685da770224af";"10";"10-rados-rbd-clients";"P2";"test/QA";"reference-only";"Không đọc độc lập";"";"support";"RBD-002,RBD-003";"Tài liệu hoặc QA PWL hỗ trợ format/recovery finding; chưa phải runtime validation đã chạy.";"WriteLogPoolRoot::layout_version; SSD_LAYOUT_VERSION; ssd::WriteLog::initialize_pool | AbstractWriteLog::pwl_init; ssd::WriteLog::load_existing_entries; ImageCacheState::init_from_metadata";"010b0524d0f6a6a92bfbf723759b162067c8d546,15f62d23d1a7540820ebf57bb7b41b504fdfa356,24a30a83491b2002914806a29a2a26448d1e4a4e,c5b13b73c596c0e0219ef087f8cc164c0ceff6f0,17791d999fa9161c574e9333053cfff34e1beab0,b388a34470d27f7cc7965b467f554741c52cc766,311bcf17d5fca40edd07b04d847434ade3e29410";"support-inspected"
"1067";"v16.2.5";"v16.2.15";"qa/workunits/rados/test_crash.sh";"";"M";"M";"5";"0";"FALSE";"100755";"100755";"6608d7872e232b12ac5b9586ca84e63d37d4bc2b";"26a4c9bdc151f71fcd085b8f5938f0cb0ed3945f";"10";"10-rados-rbd-clients";"P2";"test/QA";"reference-only";"Không đọc độc lập";"";"support";"VAL-001";"Workunit được đổi để chown crash files cho user ceph, trực tiếp hỗ trợ thay đổi ceph-crash bỏ quyền root thuộc owner 15/CVE-2022-3650.";"ceph-crash workunit ownership setup";"1a990887fc604674bb64e2b85b971522c72d7cd0";"endpoint+history+cross-owner"
"1068";"v16.2.5";"v16.2.15";"qa/workunits/rados/test_envlibrados_for_rocksdb.sh";"";"M";"M";"1";"1";"FALSE";"100755";"100755";"ecbb4098a45b8d0995f8195a899292a6da9894f0";"ca9b8d2ea314b9bfbb2e96807a49af3efc23c699";"10";"10-rados-rbd-clients";"P2";"test/QA";"reference-only";"Không đọc độc lập";"";"trivial";"";"Đã đọc net diff và lịch sử; thay đổi feature, refactor, test hoặc công cụ thông thường không có causal chain nâng cấp độc lập.";"";"";"screened-endpoint+history"
"1069";"v16.2.5";"v16.2.15";"qa/workunits/rados/test_librados_build.sh";"";"M";"M";"1";"1";"FALSE";"100755";"100755";"fbd7b0784a68013abe24201f998a911a8abf5899";"002f2b84015f2f1b76358e40e118c6d43376a31b";"10";"10-rados-rbd-clients";"P2";"test/QA";"reference-only";"Không đọc độc lập";"";"trivial";"";"Đã đọc net diff và lịch sử; thay đổi feature, refactor, test hoặc công cụ thông thường không có causal chain nâng cấp độc lập.";"";"";"screened-endpoint+history"
"1070";"v16.2.5";"v16.2.15";"qa/workunits/rbd/cli_generic.sh";"";"M";"M";"404";"3";"FALSE";"100755";"100755";"e6a7cb759879cdbbc95e9bc8fbcef66d0bfbb465";"9b2648fd0fac386661b5ae0b53d25f462b00a983";"10";"10-rados-rbd-clients";"P2";"test/QA";"reference-only";"Không đọc độc lập";"";"trivial";"";"Đã đọc net diff và lịch sử; thay đổi feature, refactor, test hoặc công cụ thông thường không có causal chain nâng cấp độc lập.";"";"";"screened-endpoint+history"
"1071";"v16.2.5";"v16.2.15";"qa/workunits/rbd/diff_continuous.sh";"";"M";"M";"94";"48";"FALSE";"100755";"100755";"b8f7e8b7e137570c6c9d324f0286ef374a7e5dbb";"fd1785e07c4b418e0d3b01365ad4eae0f9737e6e";"10";"10-rados-rbd-clients";"P2";"test/QA";"reference-only";"Không đọc độc lập";"";"support";"RBD-001";"Test/workunit trực tiếp chứng minh fast-diff/object-map behavior.";"DiffIterate::execute; object_map::DiffRequest::process_object_map; ObjectMap::with_object_map";"2749dd34f1edddd33ba9b8c3d522d7df0e52eb90,9f7f52a88eaf5d67065909c69d1078911907f233,c06858d217d20bb59050d42ca53caeeadd918444,a92c533e56e65906e34a3a61e2af0f66c23d2954";"support-inspected"
"1072";"v16.2.5";"v16.2.15";"qa/workunits/rbd/krbd_rxbounce.sh";"";"A";"A";"103";"0";"FALSE";"0";"100755";"0";"ad00e3f96be73759ed9bc6be9e2d79f85d25459a";"10";"10-rados-rbd-clients";"P2";"test/QA";"reference-only";"Không đọc độc lập";"";"trivial";"";"Đã đọc net diff và lịch sử; thay đổi feature, refactor, test hoặc công cụ thông thường không có causal chain nâng cấp độc lập.";"";"";"screened-endpoint+history"
"1073";"v16.2.5";"v16.2.15";"qa/workunits/rbd/krbd_watch_errors.sh";"";"A";"A";"53";"0";"FALSE";"0";"100755";"0";"f650d2a748944688d7aaa81d3f93129736696505";"10";"10-rados-rbd-clients";"P2";"test/QA";"reference-only";"Không đọc độc lập";"";"support";"RBD-007";"Test/workunit trực tiếp hỗ trợ lock, blocklist, refresh hoặc pool-init continuity.";"ManagedLock::send_acquire_lock; ImageWatcher::rewatch; RefreshRequest; rbd_support.Module";"ea3e1f47e400644e7a2b65fefa2af35ec68cdb6c,97b3d05d44c5bed76ef311231015342c5ed50c4c,ba3871568a8224a2b19c17e09d772eb2e427f765,5bc2d002e70959f177543ba72946d60e6d2ce4ab";"support-inspected"
"1074";"v16.2.5";"v16.2.15";"qa/workunits/rbd/qemu-iotests.sh";"";"M";"M";"4";"2";"FALSE";"100755";"100755";"1f13da9fc09103d76bbddd60d6d730037e959eb7";"267b69165e5d2885599860bed512394c8b6c93fc";"10";"10-rados-rbd-clients";"P2";"test/QA";"reference-only";"Không đọc độc lập";"";"trivial";"";"Đã đọc net diff và lịch sử; thay đổi feature, refactor, test hoặc công cụ thông thường không có causal chain nâng cấp độc lập.";"";"";"screened-endpoint+history"
"1075";"v16.2.5";"v16.2.15";"qa/workunits/rbd/rbd-nbd.sh";"";"M";"M";"160";"49";"FALSE";"100755";"100755";"37718e3b557c2c14db5d1443dc786eef183db55a";"319b28ef3c96b1b0f2ecf12cc9ef58b56e9e7e38";"10";"10-rados-rbd-clients";"P2";"test/QA";"reference-only";"Không đọc độc lập";"";"support";"RBD-004,RBD-007";"Workunit có regression coverage cho discard và rbd-nbd continuity.";"AbstractImageWriteRequest::append_journal_event; Journal::wait_event; AbstractImageDiscardRequest | ManagedLock::send_acquire_lock; ImageWatcher::rewatch; RefreshRequest; rbd_support.Module";"336204670b7a64b4014c55c35ac9217812343d27,2d6f6a115036078060b4eff0c56bb46b83bbd78a,ea3e1f47e400644e7a2b65fefa2af35ec68cdb6c,97b3d05d44c5bed76ef311231015342c5ed50c4c,ba3871568a8224a2b19c17e09d772eb2e427f765,5bc2d002e70959f177543ba72946d60e6d2ce4ab";"support-inspected"
"1076";"v16.2.5";"v16.2.15";"qa/workunits/rbd/rbd_groups.sh";"";"M";"M";"50";"1";"FALSE";"100755";"100755";"2c9fd318f3c1db25196a2b4f307663db2f5224d8";"a3261848441f046ee53a9ce1dcafe352e9156d6a";"10";"10-rados-rbd-clients";"P2";"test/QA";"reference-only";"Không đọc độc lập";"";"trivial";"";"Đã đọc net diff và lịch sử; thay đổi feature, refactor, test hoặc công cụ thông thường không có causal chain nâng cấp độc lập.";"";"";"screened-endpoint+history"
"1077";"v16.2.5";"v16.2.15";"qa/workunits/rbd/rbd_mirror_bootstrap.sh";"";"M";"M";"12";"3";"FALSE";"100755";"100755";"e0a096ee8a370a2a3d9992886563df814ad83663";"6ef06f2b82cbb27d56b9afd91b00c2402e487266";"10";"10-rados-rbd-clients";"P2";"test/QA";"reference-only";"Không đọc độc lập";"";"support";"RBD-006";"Test/workunit/doc hỗ trợ mirror failover/deletion finding.";"CreatePrimaryRequest; UnlinkPeerRequest; ImageReplayer::stop; snapshot::Replayer";"3885255ea0ccc56a6c55bcef26729301fd6f787b,ba5364196433a54368532b0ae6ac2f58e568f65f,7d63ab5f97192b2bde876f6d0acd818d4789e612,8d242edf1c61410461b05570d7968dad0b67f118";"support-inspected"
"1078";"v16.2.5";"v16.2.15";"qa/workunits/rbd/rbd_mirror_helpers.sh";"";"M";"M";"80";"0";"FALSE";"100755";"100755";"82299715e231e1e5d2110e5825eda8c4eafd4c80";"f4961b925e6f3fccb02cf829d33f6b0f8ed903ed";"10";"10-rados-rbd-clients";"P2";"test/QA";"reference-only";"Không đọc độc lập";"";"support";"RBD-006";"Test/workunit/doc hỗ trợ mirror failover/deletion finding.";"CreatePrimaryRequest; UnlinkPeerRequest; ImageReplayer::stop; snapshot::Replayer";"3885255ea0ccc56a6c55bcef26729301fd6f787b,ba5364196433a54368532b0ae6ac2f58e568f65f,7d63ab5f97192b2bde876f6d0acd818d4789e612,8d242edf1c61410461b05570d7968dad0b67f118";"support-inspected"
"1079";"v16.2.5";"v16.2.15";"qa/workunits/rbd/rbd_mirror_journal.sh";"";"M";"M";"62";"1";"FALSE";"100755";"100755";"84fd2424f4ba83f2dd590b691b9d47a21b5c4f09";"54f6aeec8e00b72a66960f035ac0d3ccca6458ec";"10";"10-rados-rbd-clients";"P2";"test/QA";"reference-only";"Không đọc độc lập";"";"support";"RBD-006";"Test/workunit/doc hỗ trợ mirror failover/deletion finding.";"CreatePrimaryRequest; UnlinkPeerRequest; ImageReplayer::stop; snapshot::Replayer";"3885255ea0ccc56a6c55bcef26729301fd6f787b,ba5364196433a54368532b0ae6ac2f58e568f65f,7d63ab5f97192b2bde876f6d0acd818d4789e612,8d242edf1c61410461b05570d7968dad0b67f118";"support-inspected"
"1080";"v16.2.5";"v16.2.15";"qa/workunits/rbd/rbd_mirror_snapshot.sh";"";"M";"M";"64";"1";"FALSE";"100755";"100755";"6452739026638d80988c577fb2773fdd777ec565";"c70d48b09db4718116899ac71eacd8d0e9c9b948";"10";"10-rados-rbd-clients";"P2";"test/QA";"reference-only";"Không đọc độc lập";"";"support";"RBD-006";"Test/workunit/doc hỗ trợ mirror failover/deletion finding.";"CreatePrimaryRequest; UnlinkPeerRequest; ImageReplayer::stop; snapshot::Replayer";"3885255ea0ccc56a6c55bcef26729301fd6f787b,ba5364196433a54368532b0ae6ac2f58e568f65f,7d63ab5f97192b2bde876f6d0acd818d4789e612,8d242edf1c61410461b05570d7968dad0b67f118";"support-inspected"
"1081";"v16.2.5";"v16.2.15";"qa/workunits/rbd/rbd_mirror_stress.sh";"";"M";"M";"5";"0";"FALSE";"100755";"100755";"a17ad75e1b58e98f301fbfbd9944319b03ce84fe";"cb79aba7ebc9c79126e10bf3188904914df2c51f";"10";"10-rados-rbd-clients";"P2";"test/QA";"reference-only";"Không đọc độc lập";"";"support";"RBD-006";"Test/workunit/doc hỗ trợ mirror failover/deletion finding.";"CreatePrimaryRequest; UnlinkPeerRequest; ImageReplayer::stop; snapshot::Replayer";"3885255ea0ccc56a6c55bcef26729301fd6f787b,ba5364196433a54368532b0ae6ac2f58e568f65f,7d63ab5f97192b2bde876f6d0acd818d4789e612,8d242edf1c61410461b05570d7968dad0b67f118";"support-inspected"
"1082";"v16.2.5";"v16.2.15";"qa/workunits/rbd/rbd_support_module_recovery.sh";"";"A";"A";"77";"0";"FALSE";"0";"100755";"0";"e9defced24a865a7922001623d3f1be6cfe572c9";"10";"10-rados-rbd-clients";"P2";"test/QA";"reference-only";"Không đọc độc lập";"";"support";"RBD-007";"Test/workunit trực tiếp hỗ trợ lock, blocklist, refresh hoặc pool-init continuity.";"ManagedLock::send_acquire_lock; ImageWatcher::rewatch; RefreshRequest; rbd_support.Module";"ea3e1f47e400644e7a2b65fefa2af35ec68cdb6c,97b3d05d44c5bed76ef311231015342c5ed50c4c,ba3871568a8224a2b19c17e09d772eb2e427f765,5bc2d002e70959f177543ba72946d60e6d2ce4ab";"support-inspected"
"1095";"v16.2.5";"v16.2.15";"src/SimpleRADOSStriper.cc";"";"M";"M";"5";"2";"FALSE";"100644";"100644";"736e8769d43c8afbdd2821dadc0a8eb317f834ed";"66bc653fb7c11dafbd7e2531974064db21c78ced";"10";"10-rados-rbd-clients";"P1";"runtime/source";"deep";"Chọn đọc sâu theo nhóm: implementation thuộc RADOS/RBD/client/class, snapshot, diff và object-map.";"";"trivial";"";"Đã đọc net diff và lịch sử; thay đổi feature, refactor, test hoặc công cụ thông thường không có causal chain nâng cấp độc lập.";"";"";"screened-endpoint+history"
"1191";"v16.2.5";"v16.2.15";"src/cls/fifo/cls_fifo.cc";"";"M";"M";"13";"53";"FALSE";"100644";"100644";"14313a7351655ed02094447881926ec109ec9837";"3cbb4636c9d9f28e027c1eac98948bf5f85ab060";"10";"10-rados-rbd-clients";"P1";"runtime/source";"deep";"Chọn đọc sâu theo nhóm: implementation thuộc RADOS/RBD/client/class, snapshot, diff và object-map.";"";"trivial";"";"Đã đọc net diff và lịch sử; thay đổi feature, refactor, test hoặc công cụ thông thường không có causal chain nâng cấp độc lập.";"";"";"screened-endpoint+history"
"1192";"v16.2.5";"v16.2.15";"src/cls/fifo/cls_fifo_ops.h";"";"M";"M";"10";"5";"FALSE";"100644";"100644";"a3f4ae237c9c5f6b52274dffc46b16f4416924ae";"e850c635c0b82e02c9a53044610911d46d5dc0a4";"10";"10-rados-rbd-clients";"P1";"runtime/source";"deep";"Chọn đọc sâu theo nhóm: implementation thuộc RADOS/RBD/client/class, snapshot, diff và object-map.";"";"trivial";"";"Đã đọc net diff và lịch sử; thay đổi feature, refactor, test hoặc công cụ thông thường không có causal chain nâng cấp độc lập.";"";"";"screened-endpoint+history"
"1193";"v16.2.5";"v16.2.15";"src/cls/fifo/cls_fifo_types.h";"";"M";"M";"109";"67";"FALSE";"100644";"100644";"749f66e7b96e67184377e75495c4777fcf7563c0";"5269e8987d2323c59c2938222c643ac3ba8c14c0";"10";"10-rados-rbd-clients";"P1";"runtime/source";"deep";"Chọn đọc sâu theo nhóm: implementation thuộc RADOS/RBD/client/class, snapshot, diff và object-map.";"";"trivial";"";"Đã đọc net diff và lịch sử; thay đổi feature, refactor, test hoặc công cụ thông thường không có causal chain nâng cấp độc lập.";"";"";"screened-endpoint+history"
"1194";"v16.2.5";"v16.2.15";"src/cls/journal/cls_journal.cc";"";"M";"M";"5";"4";"FALSE";"100644";"100644";"db5a6854ad0de3beba977c3b856c080485808c3c";"1479e1de6b5fc0e96b0d7933a8c3ec59051ec1c4";"10";"10-rados-rbd-clients";"P1";"runtime/source";"deep";"Chọn đọc sâu theo nhóm: implementation thuộc RADOS/RBD/client/class, snapshot, diff và object-map.";"";"trivial";"";"Đã đọc net diff và lịch sử; thay đổi feature, refactor, test hoặc công cụ thông thường không có causal chain nâng cấp độc lập.";"";"";"screened-endpoint+history"
"1195";"v16.2.5";"v16.2.15";"src/cls/queue/cls_queue_src.cc";"";"M";"M";"5";"7";"FALSE";"100644";"100644";"8806b5804971ae7476b31953410a5c6d9f7b30dc";"372eee5e6ca73485dca8c8843eda5ecc03ff2d3e";"10";"10-rados-rbd-clients";"P1";"runtime/source";"deep";"Chọn đọc sâu theo nhóm: implementation thuộc RADOS/RBD/client/class, snapshot, diff và object-map.";"";"trivial";"";"Đã đọc net diff và lịch sử; thay đổi feature, refactor, test hoặc công cụ thông thường không có causal chain nâng cấp độc lập.";"";"";"screened-endpoint+history"
"1196";"v16.2.5";"v16.2.15";"src/cls/rbd/cls_rbd.cc";"";"M";"M";"19";"20";"FALSE";"100644";"100644";"33910b7df518282f603cb1ad5ff7e65c90e0a3df";"870718d219eccd57bc1e0549ac6bfca543f1bc8c";"10";"10-rados-rbd-clients";"P1";"runtime/source";"deep";"Chọn đọc sâu theo nhóm: implementation thuộc RADOS/RBD/client/class, snapshot, diff và object-map.";"";"conditional";"RBD-006";"Mirror snapshot lifecycle/failover metadata path; áp dụng khi RBD mirroring được dùng.";"CreatePrimaryRequest; UnlinkPeerRequest; ImageReplayer::stop; snapshot::Replayer";"3885255ea0ccc56a6c55bcef26729301fd6f787b,ba5364196433a54368532b0ae6ac2f58e568f65f,7d63ab5f97192b2bde876f6d0acd818d4789e612,8d242edf1c61410461b05570d7968dad0b67f118";"endpoint+history+tests-inspected"
"1197";"v16.2.5";"v16.2.15";"src/cls/rbd/cls_rbd_client.cc";"";"M";"M";"14";"0";"FALSE";"100644";"100644";"cefa1fed79391c3fbbc0196a976ba8a6d04760e9";"535de35ef7a246a5cbc4ba96ee5eb4acb4986234";"10";"10-rados-rbd-clients";"P1";"runtime/source";"deep";"Chọn đọc sâu theo nhóm: implementation thuộc RADOS/RBD/client/class, snapshot, diff và object-map.";"";"trivial";"";"Đã đọc net diff và lịch sử; thay đổi feature, refactor, test hoặc công cụ thông thường không có causal chain nâng cấp độc lập.";"";"";"screened-endpoint+history"
"1198";"v16.2.5";"v16.2.15";"src/cls/rbd/cls_rbd_client.h";"";"M";"M";"4";"0";"FALSE";"100644";"100644";"12b34c48327087e9d2531d6c4227a349ad93c862";"9bb5a41d82d5e0d12c081fb690117a6a5bc77ed2";"10";"10-rados-rbd-clients";"P1";"runtime/source";"deep";"Chọn đọc sâu theo nhóm: implementation thuộc RADOS/RBD/client/class, snapshot, diff và object-map.";"";"trivial";"";"Đã đọc net diff và lịch sử; thay đổi feature, refactor, test hoặc công cụ thông thường không có causal chain nâng cấp độc lập.";"";"";"screened-endpoint+history"
"1199";"v16.2.5";"v16.2.15";"src/cls/rbd/cls_rbd_types.cc";"";"M";"M";"10";"6";"FALSE";"100644";"100644";"ce424f7c36a1eb296a3b17d9faace3f0e1761b4a";"e47f227777b8f76c67c3efff6ddec0ba0337ebb4";"10";"10-rados-rbd-clients";"P1";"runtime/source";"deep";"Chọn đọc sâu theo nhóm: implementation thuộc RADOS/RBD/client/class, snapshot, diff và object-map.";"";"trivial";"";"Đã đọc net diff và lịch sử; thay đổi feature, refactor, test hoặc công cụ thông thường không có causal chain nâng cấp độc lập.";"";"";"screened-endpoint+history"
"1200";"v16.2.5";"v16.2.15";"src/cls/rbd/cls_rbd_types.h";"";"M";"M";"6";"7";"FALSE";"100644";"100644";"3e7ca77fa87c04ade9029a508009a0bf9b342b24";"645861b2d8fd70353e1a743783ba9fc6605a99fb";"10";"10-rados-rbd-clients";"P1";"runtime/source";"deep";"Chọn đọc sâu theo nhóm: implementation thuộc RADOS/RBD/client/class, snapshot, diff và object-map.";"";"trivial";"";"Đã đọc net diff và lịch sử; thay đổi feature, refactor, test hoặc công cụ thông thường không có causal chain nâng cấp độc lập.";"";"";"screened-endpoint+history"
"1258";"v16.2.5";"v16.2.15";"src/include/neorados/RADOS.hpp";"";"M";"M";"3";"0";"FALSE";"100644";"100644";"f2d62eae9453537c0a74007ad1cc274119424061";"244442bcf608d3f71f2e06b167cf60396d5b5da2";"10";"10-rados-rbd-clients";"P1";"runtime/source";"deep";"Chọn đọc sâu theo nhóm: implementation thuộc RADOS/RBD/client/class, snapshot, diff và object-map.";"";"trivial";"";"Đã đọc net diff và lịch sử; thay đổi feature, refactor, test hoặc công cụ thông thường không có causal chain nâng cấp độc lập.";"";"";"screened-endpoint+history"
"1259";"v16.2.5";"v16.2.15";"src/include/rados/librados.hpp";"";"M";"M";"6";"2";"FALSE";"100644";"100644";"dc3ecefa7e5de67cf468ef3326407ef386940ed0";"10dd8cc5394565e1cbf6a75b1f358c13011b3c93";"10";"10-rados-rbd-clients";"P1";"runtime/source";"deep";"Chọn đọc sâu theo nhóm: implementation thuộc RADOS/RBD/client/class, snapshot, diff và object-map.";"";"mixed";"RBD-005";"Chứa reliable selfmanaged-snapshot query/caller guard cùng thay đổi librados khác.";"RadosClient::pool_is_in_selfmanaged_snaps_mode; Rados::pool_is_in_selfmanaged_snaps_mode; rados cppool";"319ada6774d5e6f4fdf0b06eace63da7f82941b7";"endpoint+history+tests-inspected"
"1260";"v16.2.5";"v16.2.15";"src/include/rbd/librbd.h";"";"M";"M";"2";"2";"FALSE";"100644";"100644";"8618e659641a644f7932765020e3f0939e79e655";"35c3e5301628d997459bc57a0e14ddaddad48288";"10";"10-rados-rbd-clients";"P1";"runtime/source";"deep";"Chọn đọc sâu theo nhóm: implementation thuộc RADOS/RBD/client/class, snapshot, diff và object-map.";"";"trivial";"";"Đã đọc net diff và lịch sử; thay đổi feature, refactor, test hoặc công cụ thông thường không có causal chain nâng cấp độc lập.";"";"";"screened-endpoint+history"
"1271";"v16.2.5";"v16.2.15";"src/krbd.cc";"";"M";"M";"17";"4";"FALSE";"100644";"100644";"1318512d6ca1afc5c013fe082a941b94e97f6ffe";"c2eb48070a66b800bba45854e60ad30869d70b1a";"10";"10-rados-rbd-clients";"P1";"runtime/source";"deep";"Chọn đọc sâu theo nhóm: implementation thuộc RADOS/RBD/client/class, snapshot, diff và object-map.";"";"conditional";"RBD-007";"Client lock/watch/open path hardening; kích hoạt ở blocklist, reconnect, concurrent init hoặc feature change.";"ManagedLock::send_acquire_lock; ImageWatcher::rewatch; RefreshRequest; rbd_support.Module";"ea3e1f47e400644e7a2b65fefa2af35ec68cdb6c,97b3d05d44c5bed76ef311231015342c5ed50c4c,ba3871568a8224a2b19c17e09d772eb2e427f765,5bc2d002e70959f177543ba72946d60e6d2ce4ab";"endpoint+history+tests-inspected"
"1275";"v16.2.5";"v16.2.15";"src/libcephsqlite.cc";"";"M";"M";"4";"4";"FALSE";"100644";"100644";"3db64a19f65241074d79c6ce167aa05307f69c2b";"3d73131e3450b5499b4672fc984c0ceac290628f";"10";"10-rados-rbd-clients";"P1";"runtime/source";"deep";"Chọn đọc sâu theo nhóm: implementation thuộc RADOS/RBD/client/class, snapshot, diff và object-map.";"";"trivial";"";"Đã đọc net diff và lịch sử; thay đổi feature, refactor, test hoặc công cụ thông thường không có causal chain nâng cấp độc lập.";"";"";"screened-endpoint+history"
"1276";"v16.2.5";"v16.2.15";"src/librados/IoCtxImpl.cc";"";"M";"M";"13";"8";"FALSE";"100644";"100644";"25edd35337b160179bdee4a9c10138a3972ccdc0";"8f881d1f40483061a993889b50fa537404823a79";"10";"10-rados-rbd-clients";"P1";"runtime/source";"deep";"Chọn đọc sâu theo nhóm: implementation thuộc RADOS/RBD/client/class, snapshot, diff và object-map.";"";"trivial";"";"Đã đọc net diff và lịch sử; thay đổi feature, refactor, test hoặc công cụ thông thường không có causal chain nâng cấp độc lập.";"";"";"screened-endpoint+history"
"1277";"v16.2.5";"v16.2.15";"src/librados/IoCtxImpl.h";"";"M";"M";"3";"1";"FALSE";"100644";"100644";"bd887bf210acf02344a1454df3e969940258678e";"9d83a0eb38ab4725f3e25a0dc3a001cfa86e845d";"10";"10-rados-rbd-clients";"P1";"runtime/source";"deep";"Chọn đọc sâu theo nhóm: implementation thuộc RADOS/RBD/client/class, snapshot, diff và object-map.";"";"trivial";"";"Đã đọc net diff và lịch sử; thay đổi feature, refactor, test hoặc công cụ thông thường không có causal chain nâng cấp độc lập.";"";"";"screened-endpoint+history"
"1278";"v16.2.5";"v16.2.15";"src/librados/ObjectOperationImpl.h";"";"A";"A";"27";"0";"FALSE";"0";"100644";"0";"1b5dd0ebba5de8aa3055a851222a8a1b91e62920";"10";"10-rados-rbd-clients";"P1";"runtime/source";"deep";"Chọn đọc sâu theo nhóm: implementation thuộc RADOS/RBD/client/class, snapshot, diff và object-map.";"";"trivial";"";"Đã đọc net diff và lịch sử; thay đổi feature, refactor, test hoặc công cụ thông thường không có causal chain nâng cấp độc lập.";"";"";"screened-endpoint+history"
"1279";"v16.2.5";"v16.2.15";"src/librados/RadosClient.cc";"";"M";"M";"13";"7";"FALSE";"100644";"100644";"47b928058c4f565786c81680a97fba68cc3636c6";"547c084cd51e3b29855c997eb7e2671cb615e902";"10";"10-rados-rbd-clients";"P1";"runtime/source";"deep";"Chọn đọc sâu theo nhóm: implementation thuộc RADOS/RBD/client/class, snapshot, diff và object-map.";"";"mixed";"RBD-005";"Chứa reliable selfmanaged-snapshot query/caller guard cùng thay đổi librados khác.";"RadosClient::pool_is_in_selfmanaged_snaps_mode; Rados::pool_is_in_selfmanaged_snaps_mode; rados cppool";"319ada6774d5e6f4fdf0b06eace63da7f82941b7";"endpoint+history+tests-inspected"
"1280";"v16.2.5";"v16.2.15";"src/librados/RadosClient.h";"";"M";"M";"1";"1";"FALSE";"100644";"100644";"0db094b18009439574c6cbc0b41b88ec39d31133";"7c8dd79df9f088805db84ca053546ea406024da2";"10";"10-rados-rbd-clients";"P1";"runtime/source";"deep";"Chọn đọc sâu theo nhóm: implementation thuộc RADOS/RBD/client/class, snapshot, diff và object-map.";"";"mixed";"RBD-005";"Chứa reliable selfmanaged-snapshot query/caller guard cùng thay đổi librados khác.";"RadosClient::pool_is_in_selfmanaged_snaps_mode; Rados::pool_is_in_selfmanaged_snaps_mode; rados cppool";"319ada6774d5e6f4fdf0b06eace63da7f82941b7";"endpoint+history+tests-inspected"
"1281";"v16.2.5";"v16.2.15";"src/librados/librados_c.cc";"";"M";"M";"85";"62";"FALSE";"100644";"100644";"76014beee715ec9cfda2da3901eb9c5768ec93ec";"a4007d5bb0f0ad84a753841db9a70bc50b46f2d1";"10";"10-rados-rbd-clients";"P1";"runtime/source";"deep";"Chọn đọc sâu theo nhóm: implementation thuộc RADOS/RBD/client/class, snapshot, diff và object-map.";"";"trivial";"";"Đã đọc net diff và lịch sử; thay đổi feature, refactor, test hoặc công cụ thông thường không có causal chain nâng cấp độc lập.";"";"";"screened-endpoint+history"
"1282";"v16.2.5";"v16.2.15";"src/librados/librados_cxx.cc";"";"M";"M";"20";"19";"FALSE";"100644";"100644";"ad712506b66e694e0ea00267da8263b9b8586d0f";"81da002cd8296e89d487db76d0ec2ad5f2846014";"10";"10-rados-rbd-clients";"P1";"runtime/source";"deep";"Chọn đọc sâu theo nhóm: implementation thuộc RADOS/RBD/client/class, snapshot, diff và object-map.";"";"mixed";"RBD-005";"Chứa reliable selfmanaged-snapshot query/caller guard cùng thay đổi librados khác.";"RadosClient::pool_is_in_selfmanaged_snaps_mode; Rados::pool_is_in_selfmanaged_snaps_mode; rados cppool";"319ada6774d5e6f4fdf0b06eace63da7f82941b7";"endpoint+history+tests-inspected"
"1283";"v16.2.5";"v16.2.15";"src/librados/snap_set_diff.cc";"";"M";"M";"16";"11";"FALSE";"100644";"100644";"b42ad9bcd5519ebd91b1b47a097adf38b8bdc27d";"0211b57658c82aa11091407092861855802ef215";"10";"10-rados-rbd-clients";"P1";"runtime/source";"deep";"Chọn đọc sâu theo nhóm: implementation thuộc RADOS/RBD/client/class, snapshot, diff và object-map.";"";"trivial";"";"Đã đọc net diff và lịch sử; thay đổi feature, refactor, test hoặc công cụ thông thường không có causal chain nâng cấp độc lập.";"";"";"screened-endpoint+history"
"1284";"v16.2.5";"v16.2.15";"src/librbd/AsioEngine.cc";"";"M";"M";"3";"2";"FALSE";"100644";"100644";"1a46b590479d69fa27a3db2f0266b087f5d2446e";"8e2beb49cfd91db696e689aeb280d8cf90086c83";"10";"10-rados-rbd-clients";"P1";"runtime/source";"deep";"Chọn đọc sâu theo nhóm: implementation thuộc RADOS/RBD/client/class, snapshot, diff và object-map.";"";"trivial";"";"Đã đọc net diff và lịch sử; thay đổi feature, refactor, test hoặc công cụ thông thường không có causal chain nâng cấp độc lập.";"";"";"screened-endpoint+history"
"1285";"v16.2.5";"v16.2.15";"src/librbd/ImageCtx.cc";"";"M";"M";"7";"2";"FALSE";"100644";"100644";"ed836ed8e4e41dd40665d48097aa34060f22cd05";"058352949c413caa3660e883aeda82034fc85862";"10";"10-rados-rbd-clients";"P1";"runtime/source";"deep";"Chọn đọc sâu theo nhóm: implementation thuộc RADOS/RBD/client/class, snapshot, diff và object-map.";"";"trivial";"";"Đã đọc net diff và lịch sử; thay đổi feature, refactor, test hoặc công cụ thông thường không có causal chain nâng cấp độc lập.";"";"";"screened-endpoint+history"
"1286";"v16.2.5";"v16.2.15";"src/librbd/ImageCtx.h";"";"M";"M";"3";"2";"FALSE";"100644";"100644";"31d9a67547d62998e98da6feb18fc3043e254aba";"ccf5dacc34e23dcb81306213241b921fc41ca64d";"10";"10-rados-rbd-clients";"P1";"runtime/source";"deep";"Chọn đọc sâu theo nhóm: implementation thuộc RADOS/RBD/client/class, snapshot, diff và object-map.";"";"mixed";"RBD-001";"Chứa state giữ object-map cho fast-diff cùng các hunk client khác.";"DiffIterate::execute; object_map::DiffRequest::process_object_map; ObjectMap::with_object_map";"2749dd34f1edddd33ba9b8c3d522d7df0e52eb90,9f7f52a88eaf5d67065909c69d1078911907f233,c06858d217d20bb59050d42ca53caeeadd918444,a92c533e56e65906e34a3a61e2af0f66c23d2954";"endpoint+history+tests-inspected"
"1287";"v16.2.5";"v16.2.15";"src/librbd/ImageWatcher.cc";"";"M";"M";"4";"6";"FALSE";"100644";"100644";"b2f9d610d7d2e1c7d78f577ca00e5622782b5c86";"b26b7d9971c8d8fe98c9068bfc60d34deca402d1";"10";"10-rados-rbd-clients";"P1";"runtime/source";"deep";"Chọn đọc sâu theo nhóm: implementation thuộc RADOS/RBD/client/class, snapshot, diff và object-map.";"";"conditional";"RBD-007";"Client lock/watch/open path hardening; kích hoạt ở blocklist, reconnect, concurrent init hoặc feature change.";"ManagedLock::send_acquire_lock; ImageWatcher::rewatch; RefreshRequest; rbd_support.Module";"ea3e1f47e400644e7a2b65fefa2af35ec68cdb6c,97b3d05d44c5bed76ef311231015342c5ed50c4c,ba3871568a8224a2b19c17e09d772eb2e427f765,5bc2d002e70959f177543ba72946d60e6d2ce4ab";"endpoint+history+tests-inspected"
"1288";"v16.2.5";"v16.2.15";"src/librbd/Journal.cc";"";"M";"M";"67";"16";"FALSE";"100644";"100644";"0cd38b22adaa9ee29b0f3bc17f82ebbc0c3e3e06";"1d4339c164b166072e441a963c63e46a27e323de";"10";"10-rados-rbd-clients";"P1";"runtime/source";"deep";"Chọn đọc sâu theo nhóm: implementation thuộc RADOS/RBD/client/class, snapshot, diff và object-map.";"";"conditional";"RBD-004";"Journal event lifetime/count sửa hang/assert cho discard; áp dụng khi RBD journaling bật.";"AbstractImageWriteRequest::append_journal_event; Journal::wait_event; AbstractImageDiscardRequest";"336204670b7a64b4014c55c35ac9217812343d27,2d6f6a115036078060b4eff0c56bb46b83bbd78a";"endpoint+history+tests-inspected"
"1289";"v16.2.5";"v16.2.15";"src/librbd/Journal.h";"";"M";"M";"19";"6";"FALSE";"100644";"100644";"64ea13fe23ac9f8c811d38cad34c92156703c5c4";"a671eeee38e358c6a4e46d72f0d035e81f79db13";"10";"10-rados-rbd-clients";"P1";"runtime/source";"deep";"Chọn đọc sâu theo nhóm: implementation thuộc RADOS/RBD/client/class, snapshot, diff và object-map.";"";"conditional";"RBD-004";"Journal event lifetime/count sửa hang/assert cho discard; áp dụng khi RBD journaling bật.";"AbstractImageWriteRequest::append_journal_event; Journal::wait_event; AbstractImageDiscardRequest";"336204670b7a64b4014c55c35ac9217812343d27,2d6f6a115036078060b4eff0c56bb46b83bbd78a";"endpoint+history+tests-inspected"
"1290";"v16.2.5";"v16.2.15";"src/librbd/ManagedLock.cc";"";"M";"M";"19";"14";"FALSE";"100644";"100644";"53a0cf911ec8207dd419315417528d2f6949ed14";"4cc49a1fe19169ef9b7b3096cdf376453ed510f3";"10";"10-rados-rbd-clients";"P1";"runtime/source";"deep";"Chọn đọc sâu theo nhóm: implementation thuộc RADOS/RBD/client/class, snapshot, diff và object-map.";"";"conditional";"RBD-007";"Client lock/watch/open path hardening; kích hoạt ở blocklist, reconnect, concurrent init hoặc feature change.";"ManagedLock::send_acquire_lock; ImageWatcher::rewatch; RefreshRequest; rbd_support.Module";"ea3e1f47e400644e7a2b65fefa2af35ec68cdb6c,97b3d05d44c5bed76ef311231015342c5ed50c4c,ba3871568a8224a2b19c17e09d772eb2e427f765,5bc2d002e70959f177543ba72946d60e6d2ce4ab";"endpoint+history+tests-inspected"
"1291";"v16.2.5";"v16.2.15";"src/librbd/ObjectMap.h";"";"M";"M";"6";"0";"FALSE";"100644";"100644";"7577d267f44060c7c4f89eae2e64a4e9c8e940b4";"b4898d035d4d24cd38745eb4346fdc366c376fd8";"10";"10-rados-rbd-clients";"P1";"runtime/source";"deep";"Chọn đọc sâu theo nhóm: implementation thuộc RADOS/RBD/client/class, snapshot, diff và object-map.";"";"conditional";"RBD-001";"Fast-diff/object-map đổi correctness hoặc đường thực thi; áp dụng khi workload dùng diff/export/backup.";"DiffIterate::execute; object_map::DiffRequest::process_object_map; ObjectMap::with_object_map";"2749dd34f1edddd33ba9b8c3d522d7df0e52eb90,9f7f52a88eaf5d67065909c69d1078911907f233,c06858d217d20bb59050d42ca53caeeadd918444,a92c533e56e65906e34a3a61e2af0f66c23d2954";"endpoint+history+tests-inspected"
"1292";"v16.2.5";"v16.2.15";"src/librbd/Utils.cc";"";"M";"M";"3";"0";"FALSE";"100644";"100644";"dadf6ab8126ae35c7b8afb86e9955226dcab87aa";"75fe7b1a721a5a4bb5cfbc01c2bb2b1c992e4012";"10";"10-rados-rbd-clients";"P1";"runtime/source";"deep";"Chọn đọc sâu theo nhóm: implementation thuộc RADOS/RBD/client/class, snapshot, diff và object-map.";"";"trivial";"";"Đã đọc net diff và lịch sử; thay đổi feature, refactor, test hoặc công cụ thông thường không có causal chain nâng cấp độc lập.";"";"";"screened-endpoint+history"
"1293";"v16.2.5";"v16.2.15";"src/librbd/api/Config.cc";"";"M";"M";"0";"1";"FALSE";"100644";"100644";"07e37162b4340476b71fe98fdb8b321e1de39a22";"8148607e39ff217ef48620a62689cb5058f7cf8d";"10";"10-rados-rbd-clients";"P1";"runtime/source";"deep";"Chọn đọc sâu theo nhóm: implementation thuộc RADOS/RBD/client/class, snapshot, diff và object-map.";"";"trivial";"";"Đã đọc net diff và lịch sử; thay đổi feature, refactor, test hoặc công cụ thông thường không có causal chain nâng cấp độc lập.";"";"";"screened-endpoint+history"
"1294";"v16.2.5";"v16.2.15";"src/librbd/api/DiffIterate.cc";"";"M";"M";"162";"35";"FALSE";"100644";"100644";"dcd07ea56a3dde924aeec10b48c5a5dcf2fe514f";"a10165fcb4da1edda6e6a1615378e8b807f7a612";"10";"10-rados-rbd-clients";"P1";"runtime/source";"deep";"Chọn đọc sâu theo nhóm: implementation thuộc RADOS/RBD/client/class, snapshot, diff và object-map.";"";"conditional";"RBD-001";"Fast-diff/object-map đổi correctness hoặc đường thực thi; áp dụng khi workload dùng diff/export/backup.";"DiffIterate::execute; object_map::DiffRequest::process_object_map; ObjectMap::with_object_map";"2749dd34f1edddd33ba9b8c3d522d7df0e52eb90,9f7f52a88eaf5d67065909c69d1078911907f233,c06858d217d20bb59050d42ca53caeeadd918444,a92c533e56e65906e34a3a61e2af0f66c23d2954";"endpoint+history+tests-inspected"
"1295";"v16.2.5";"v16.2.15";"src/librbd/api/DiffIterate.h";"";"M";"M";"3";"4";"FALSE";"100644";"100644";"e6074d9cb3d66dbb1e8588441cc055b665420e8d";"c53b0e995b6d0cb05c9169e2ec9f6490070bb692";"10";"10-rados-rbd-clients";"P1";"runtime/source";"deep";"Chọn đọc sâu theo nhóm: implementation thuộc RADOS/RBD/client/class, snapshot, diff và object-map.";"";"conditional";"RBD-001";"Fast-diff/object-map đổi correctness hoặc đường thực thi; áp dụng khi workload dùng diff/export/backup.";"DiffIterate::execute; object_map::DiffRequest::process_object_map; ObjectMap::with_object_map";"2749dd34f1edddd33ba9b8c3d522d7df0e52eb90,9f7f52a88eaf5d67065909c69d1078911907f233,c06858d217d20bb59050d42ca53caeeadd918444,a92c533e56e65906e34a3a61e2af0f66c23d2954";"endpoint+history+tests-inspected"
"1296";"v16.2.5";"v16.2.15";"src/librbd/api/Image.cc";"";"M";"M";"43";"12";"FALSE";"100644";"100644";"7df0f4fc69e2e85e04a40e46131ed5abdb0b6ed5";"60c8a2c98670638c1e609b2c291bb13ccb9dab8d";"10";"10-rados-rbd-clients";"P1";"runtime/source";"deep";"Chọn đọc sâu theo nhóm: implementation thuộc RADOS/RBD/client/class, snapshot, diff và object-map.";"";"trivial";"";"Đã đọc net diff và lịch sử; thay đổi feature, refactor, test hoặc công cụ thông thường không có causal chain nâng cấp độc lập.";"";"";"screened-endpoint+history"
"1297";"v16.2.5";"v16.2.15";"src/librbd/api/Io.cc";"";"M";"M";"24";"24";"FALSE";"100644";"100644";"31b48b3f6b8d56b77167dfa8a6bb8e132b25595c";"3ce8a02f4022fc6292210a16b01395a066e067be";"10";"10-rados-rbd-clients";"P1";"runtime/source";"deep";"Chọn đọc sâu theo nhóm: implementation thuộc RADOS/RBD/client/class, snapshot, diff và object-map.";"";"support";"RBD-001";"Dispatch-interface cleanup hỗ trợ snap-context correctness; không là risk độc lập.";"DiffIterate::execute; object_map::DiffRequest::process_object_map; ObjectMap::with_object_map";"2749dd34f1edddd33ba9b8c3d522d7df0e52eb90,9f7f52a88eaf5d67065909c69d1078911907f233,c06858d217d20bb59050d42ca53caeeadd918444,a92c533e56e65906e34a3a61e2af0f66c23d2954";"support-inspected"
"1298";"v16.2.5";"v16.2.15";"src/librbd/api/Mirror.cc";"";"M";"M";"40";"6";"FALSE";"100644";"100644";"825d430bc05b8d4ba1d1ef33c3afaa10bbb10956";"62ef9c55b003886bc9a2f95f217db52ca4f3878a";"10";"10-rados-rbd-clients";"P1";"runtime/source";"deep";"Chọn đọc sâu theo nhóm: implementation thuộc RADOS/RBD/client/class, snapshot, diff và object-map.";"";"conditional";"RBD-006";"Mirror snapshot lifecycle/failover metadata path; áp dụng khi RBD mirroring được dùng.";"CreatePrimaryRequest; UnlinkPeerRequest; ImageReplayer::stop; snapshot::Replayer";"3885255ea0ccc56a6c55bcef26729301fd6f787b,ba5364196433a54368532b0ae6ac2f58e568f65f,7d63ab5f97192b2bde876f6d0acd818d4789e612,8d242edf1c61410461b05570d7968dad0b67f118";"endpoint+history+tests-inspected"
"1299";"v16.2.5";"v16.2.15";"src/librbd/api/Pool.cc";"";"M";"M";"1";"4";"FALSE";"100644";"100644";"890341e015c1720425d5172e50cbf2c3581ede53";"65d55328fbb890ab930ef0f3dd96c082a31e5864";"10";"10-rados-rbd-clients";"P1";"runtime/source";"deep";"Chọn đọc sâu theo nhóm: implementation thuộc RADOS/RBD/client/class, snapshot, diff và object-map.";"";"trivial";"";"Đã đọc net diff và lịch sử; thay đổi feature, refactor, test hoặc công cụ thông thường không có causal chain nâng cấp độc lập.";"";"";"screened-endpoint+history"
"1300";"v16.2.5";"v16.2.15";"src/librbd/cache/ImageWriteback.cc";"";"M";"M";"7";"9";"FALSE";"100644";"100644";"dcbba42ba9ef533d34c40acc4f0deeb325a583dd";"631de0c36d3992882e882397287fdfa597879850";"10";"10-rados-rbd-clients";"P1";"runtime/source";"deep";"Chọn đọc sâu theo nhóm: implementation thuộc RADOS/RBD/client/class, snapshot, diff và object-map.";"";"support";"RBD-001";"Dispatch-interface cleanup hỗ trợ snap-context correctness; không là risk độc lập.";"DiffIterate::execute; object_map::DiffRequest::process_object_map; ObjectMap::with_object_map";"2749dd34f1edddd33ba9b8c3d522d7df0e52eb90,9f7f52a88eaf5d67065909c69d1078911907f233,c06858d217d20bb59050d42ca53caeeadd918444,a92c533e56e65906e34a3a61e2af0f66c23d2954";"support-inspected"
"1301";"v16.2.5";"v16.2.15";"src/librbd/cache/Types.h";"";"M";"M";"1";"1";"FALSE";"100644";"100644";"b791d590873732dc6d85858318a8896315d9ffab";"43dcd758f0b2b3770611cadbde0b38bf59709a75";"10";"10-rados-rbd-clients";"P1";"runtime/source";"deep";"Chọn đọc sâu theo nhóm: implementation thuộc RADOS/RBD/client/class, snapshot, diff và object-map.";"";"trivial";"";"Đã đọc net diff và lịch sử; thay đổi feature, refactor, test hoặc công cụ thông thường không có causal chain nâng cấp độc lập.";"";"";"screened-endpoint+history"
"1302";"v16.2.5";"v16.2.15";"src/librbd/cache/WriteAroundObjectDispatch.cc";"";"M";"M";"2";"2";"FALSE";"100644";"100644";"adffeacfb0fa310c361dd66f6e37f427c29eb9a7";"fafb73f409ae3c8869239bca5107415d3f2dfb2b";"10";"10-rados-rbd-clients";"P1";"runtime/source";"deep";"Chọn đọc sâu theo nhóm: implementation thuộc RADOS/RBD/client/class, snapshot, diff và object-map.";"";"trivial";"";"Đã đọc net diff và lịch sử; thay đổi feature, refactor, test hoặc công cụ thông thường không có causal chain nâng cấp độc lập.";"";"";"screened-endpoint+history"
"1303";"v16.2.5";"v16.2.15";"src/librbd/cache/WriteLogImageDispatch.cc";"";"M";"M";"9";"11";"FALSE";"100644";"100644";"6cb8738e7f9efcc6d1486fb121189aa3c08453f6";"077d5484a0e15a5604ff30af8ada65c5c506f65e";"10";"10-rados-rbd-clients";"P1";"runtime/source";"deep";"Chọn đọc sâu theo nhóm: implementation thuộc RADOS/RBD/client/class, snapshot, diff và object-map.";"";"support";"RBD-001,RBD-003";"Writeback dispatch hỗ trợ PWL và snap-context cleanup; không là finding riêng.";"DiffIterate::execute; object_map::DiffRequest::process_object_map; ObjectMap::with_object_map | AbstractWriteLog::pwl_init; ssd::WriteLog::load_existing_entries; ImageCacheState::init_from_metadata";"2749dd34f1edddd33ba9b8c3d522d7df0e52eb90,9f7f52a88eaf5d67065909c69d1078911907f233,c06858d217d20bb59050d42ca53caeeadd918444,a92c533e56e65906e34a3a61e2af0f66c23d2954,24a30a83491b2002914806a29a2a26448d1e4a4e,c5b13b73c596c0e0219ef087f8cc164c0ceff6f0,17791d999fa9161c574e9333053cfff34e1beab0,b388a34470d27f7cc7965b467f554741c52cc766,311bcf17d5fca40edd07b04d847434ade3e29410";"support-inspected"
"1304";"v16.2.5";"v16.2.15";"src/librbd/cache/WriteLogImageDispatch.h";"";"M";"M";"7";"10";"FALSE";"100644";"100644";"9344916237ed387bc2ca4ddede598ff3ac1a2fc8";"f68f37dc750c7cbdaab2549e9946aa74a6643792";"10";"10-rados-rbd-clients";"P1";"runtime/source";"deep";"Chọn đọc sâu theo nhóm: implementation thuộc RADOS/RBD/client/class, snapshot, diff và object-map.";"";"support";"RBD-001,RBD-003";"Writeback dispatch hỗ trợ PWL và snap-context cleanup; không là finding riêng.";"DiffIterate::execute; object_map::DiffRequest::process_object_map; ObjectMap::with_object_map | AbstractWriteLog::pwl_init; ssd::WriteLog::load_existing_entries; ImageCacheState::init_from_metadata";"2749dd34f1edddd33ba9b8c3d522d7df0e52eb90,9f7f52a88eaf5d67065909c69d1078911907f233,c06858d217d20bb59050d42ca53caeeadd918444,a92c533e56e65906e34a3a61e2af0f66c23d2954,24a30a83491b2002914806a29a2a26448d1e4a4e,c5b13b73c596c0e0219ef087f8cc164c0ceff6f0,17791d999fa9161c574e9333053cfff34e1beab0,b388a34470d27f7cc7965b467f554741c52cc766,311bcf17d5fca40edd07b04d847434ade3e29410";"support-inspected"
"1305";"v16.2.5";"v16.2.15";"src/librbd/cache/pwl/AbstractWriteLog.cc";"";"M";"M";"239";"118";"FALSE";"100644";"100644";"76e8e478e2bf7487907ba7e680b871133a1f9f2a";"6f017a9c33b3ccead6604945137f26ee8b123158";"10";"10-rados-rbd-clients";"P1";"runtime/source";"deep";"Chọn đọc sâu theo nhóm: implementation thuộc RADOS/RBD/client/class, snapshot, diff và object-map.";"";"mixed";"RBD-002,RBD-003";"Chứa SSD layout boundary và PWL recovery/I/O hardening.";"WriteLogPoolRoot::layout_version; SSD_LAYOUT_VERSION; ssd::WriteLog::initialize_pool | AbstractWriteLog::pwl_init; ssd::WriteLog::load_existing_entries; ImageCacheState::init_from_metadata";"010b0524d0f6a6a92bfbf723759b162067c8d546,15f62d23d1a7540820ebf57bb7b41b504fdfa356,24a30a83491b2002914806a29a2a26448d1e4a4e,c5b13b73c596c0e0219ef087f8cc164c0ceff6f0,17791d999fa9161c574e9333053cfff34e1beab0,b388a34470d27f7cc7965b467f554741c52cc766,311bcf17d5fca40edd07b04d847434ade3e29410";"endpoint+history+tests-inspected"
"1306";"v16.2.5";"v16.2.15";"src/librbd/cache/pwl/AbstractWriteLog.h";"";"M";"M";"27";"25";"FALSE";"100644";"100644";"56ecd6c1c209111beee6bb702af15195a5dfe439";"ffe299c37d3e3d2cfc7d088722bf96cb1095189c";"10";"10-rados-rbd-clients";"P1";"runtime/source";"deep";"Chọn đọc sâu theo nhóm: implementation thuộc RADOS/RBD/client/class, snapshot, diff và object-map.";"";"mixed";"RBD-002,RBD-003";"Chứa SSD layout boundary và PWL recovery/I/O hardening.";"WriteLogPoolRoot::layout_version; SSD_LAYOUT_VERSION; ssd::WriteLog::initialize_pool | AbstractWriteLog::pwl_init; ssd::WriteLog::load_existing_entries; ImageCacheState::init_from_metadata";"010b0524d0f6a6a92bfbf723759b162067c8d546,15f62d23d1a7540820ebf57bb7b41b504fdfa356,24a30a83491b2002914806a29a2a26448d1e4a4e,c5b13b73c596c0e0219ef087f8cc164c0ceff6f0,17791d999fa9161c574e9333053cfff34e1beab0,b388a34470d27f7cc7965b467f554741c52cc766,311bcf17d5fca40edd07b04d847434ade3e29410";"endpoint+history+tests-inspected"
"1307";"v16.2.5";"v16.2.15";"src/librbd/cache/pwl/DiscardRequest.cc";"";"M";"M";"7";"5";"FALSE";"100644";"100644";"9f66e077b1f14ed50d4768ca3251be0f5316e2b4";"eaf24137d05c03ea7223fbb38f177452d3939d32";"10";"10-rados-rbd-clients";"P1";"runtime/source";"deep";"Chọn đọc sâu theo nhóm: implementation thuộc RADOS/RBD/client/class, snapshot, diff và object-map.";"";"support";"RBD-003";"Shared PWL implementation hỗ trợ recovery/order finding; không có upgrade edge độc lập trong hunk này.";"AbstractWriteLog::pwl_init; ssd::WriteLog::load_existing_entries; ImageCacheState::init_from_metadata";"24a30a83491b2002914806a29a2a26448d1e4a4e,c5b13b73c596c0e0219ef087f8cc164c0ceff6f0,17791d999fa9161c574e9333053cfff34e1beab0,b388a34470d27f7cc7965b467f554741c52cc766,311bcf17d5fca40edd07b04d847434ade3e29410";"support-inspected"
"1308";"v16.2.5";"v16.2.15";"src/librbd/cache/pwl/ImageCacheState.cc";"";"M";"M";"75";"76";"FALSE";"100644";"100644";"11074befb57da642198b7055422e5c0a0dbf4e8b";"2bd6e11324975e9c78d40d97b4e799b81c66bdc6";"10";"10-rados-rbd-clients";"P1";"runtime/source";"deep";"Chọn đọc sâu theo nhóm: implementation thuộc RADOS/RBD/client/class, snapshot, diff và object-map.";"";"conditional";"RBD-003";"PWL init/recovery/error path thay đổi; chỉ kích hoạt khi persistent cache được dùng.";"AbstractWriteLog::pwl_init; ssd::WriteLog::load_existing_entries; ImageCacheState::init_from_metadata";"24a30a83491b2002914806a29a2a26448d1e4a4e,c5b13b73c596c0e0219ef087f8cc164c0ceff6f0,17791d999fa9161c574e9333053cfff34e1beab0,b388a34470d27f7cc7965b467f554741c52cc766,311bcf17d5fca40edd07b04d847434ade3e29410";"endpoint+history+tests-inspected"
"1309";"v16.2.5";"v16.2.15";"src/librbd/cache/pwl/ImageCacheState.h";"";"M";"M";"24";"14";"FALSE";"100644";"100644";"7ea1412e26ff88be254077f77b2a37ea7a6f29ae";"5be5f73ac1513539db28ddfb881ad029e71b0b0e";"10";"10-rados-rbd-clients";"P1";"runtime/source";"deep";"Chọn đọc sâu theo nhóm: implementation thuộc RADOS/RBD/client/class, snapshot, diff và object-map.";"";"conditional";"RBD-003";"PWL init/recovery/error path thay đổi; chỉ kích hoạt khi persistent cache được dùng.";"AbstractWriteLog::pwl_init; ssd::WriteLog::load_existing_entries; ImageCacheState::init_from_metadata";"24a30a83491b2002914806a29a2a26448d1e4a4e,c5b13b73c596c0e0219ef087f8cc164c0ceff6f0,17791d999fa9161c574e9333053cfff34e1beab0,b388a34470d27f7cc7965b467f554741c52cc766,311bcf17d5fca40edd07b04d847434ade3e29410";"endpoint+history+tests-inspected"
"1310";"v16.2.5";"v16.2.15";"src/librbd/cache/pwl/InitRequest.cc";"";"M";"M";"4";"10";"FALSE";"100644";"100644";"ea00d4fbc7664410a19b0f276c90a24d9030cd52";"65dac8b46ce008f803cc31e95e1e58a25fe543f9";"10";"10-rados-rbd-clients";"P1";"runtime/source";"deep";"Chọn đọc sâu theo nhóm: implementation thuộc RADOS/RBD/client/class, snapshot, diff và object-map.";"";"conditional";"RBD-003";"PWL init/recovery/error path thay đổi; chỉ kích hoạt khi persistent cache được dùng.";"AbstractWriteLog::pwl_init; ssd::WriteLog::load_existing_entries; ImageCacheState::init_from_metadata";"24a30a83491b2002914806a29a2a26448d1e4a4e,c5b13b73c596c0e0219ef087f8cc164c0ceff6f0,17791d999fa9161c574e9333053cfff34e1beab0,b388a34470d27f7cc7965b467f554741c52cc766,311bcf17d5fca40edd07b04d847434ade3e29410";"endpoint+history+tests-inspected"
"1311";"v16.2.5";"v16.2.15";"src/librbd/cache/pwl/LogEntry.cc";"";"M";"M";"6";"14";"FALSE";"100644";"100644";"98224241b557e384e48da8e63ef4c507fec8786c";"504d21051d9e891c9ec65f61071f1991874b096b";"10";"10-rados-rbd-clients";"P1";"runtime/source";"deep";"Chọn đọc sâu theo nhóm: implementation thuộc RADOS/RBD/client/class, snapshot, diff và object-map.";"";"support";"RBD-003";"Shared PWL implementation hỗ trợ recovery/order finding; không có upgrade edge độc lập trong hunk này.";"AbstractWriteLog::pwl_init; ssd::WriteLog::load_existing_entries; ImageCacheState::init_from_metadata";"24a30a83491b2002914806a29a2a26448d1e4a4e,c5b13b73c596c0e0219ef087f8cc164c0ceff6f0,17791d999fa9161c574e9333053cfff34e1beab0,b388a34470d27f7cc7965b467f554741c52cc766,311bcf17d5fca40edd07b04d847434ade3e29410";"support-inspected"
"1312";"v16.2.5";"v16.2.15";"src/librbd/cache/pwl/LogEntry.h";"";"M";"M";"8";"8";"FALSE";"100644";"100644";"b29d7fb88bcb3439fd2da04f53d90ef19c3055b7";"ecaca0b7b70d6157fcf3fcaddcda1f88cd14272e";"10";"10-rados-rbd-clients";"P1";"runtime/source";"deep";"Chọn đọc sâu theo nhóm: implementation thuộc RADOS/RBD/client/class, snapshot, diff và object-map.";"";"mixed";"RBD-002,RBD-003";"Chứa SSD layout boundary và PWL recovery/I/O hardening.";"WriteLogPoolRoot::layout_version; SSD_LAYOUT_VERSION; ssd::WriteLog::initialize_pool | AbstractWriteLog::pwl_init; ssd::WriteLog::load_existing_entries; ImageCacheState::init_from_metadata";"010b0524d0f6a6a92bfbf723759b162067c8d546,15f62d23d1a7540820ebf57bb7b41b504fdfa356,24a30a83491b2002914806a29a2a26448d1e4a4e,c5b13b73c596c0e0219ef087f8cc164c0ceff6f0,17791d999fa9161c574e9333053cfff34e1beab0,b388a34470d27f7cc7965b467f554741c52cc766,311bcf17d5fca40edd07b04d847434ade3e29410";"endpoint+history+tests-inspected"
"1313";"v16.2.5";"v16.2.15";"src/librbd/cache/pwl/LogOperation.cc";"";"M";"M";"12";"9";"FALSE";"100644";"100644";"701fe14b1a60289ded1a382d8a9ce77ba0dd5659";"4fc13a91a23f2d8debe40bb05e234c813db3740e";"10";"10-rados-rbd-clients";"P1";"runtime/source";"deep";"Chọn đọc sâu theo nhóm: implementation thuộc RADOS/RBD/client/class, snapshot, diff và object-map.";"";"support";"RBD-003";"Shared PWL implementation hỗ trợ recovery/order finding; không có upgrade edge độc lập trong hunk này.";"AbstractWriteLog::pwl_init; ssd::WriteLog::load_existing_entries; ImageCacheState::init_from_metadata";"24a30a83491b2002914806a29a2a26448d1e4a4e,c5b13b73c596c0e0219ef087f8cc164c0ceff6f0,17791d999fa9161c574e9333053cfff34e1beab0,b388a34470d27f7cc7965b467f554741c52cc766,311bcf17d5fca40edd07b04d847434ade3e29410";"support-inspected"
"1314";"v16.2.5";"v16.2.15";"src/librbd/cache/pwl/LogOperation.h";"";"M";"M";"5";"5";"FALSE";"100644";"100644";"52f8591b6a656833d1f26373906e583008165116";"15befe05f255d2a91977e8a26ef8da7563f70338";"10";"10-rados-rbd-clients";"P1";"runtime/source";"deep";"Chọn đọc sâu theo nhóm: implementation thuộc RADOS/RBD/client/class, snapshot, diff và object-map.";"";"support";"RBD-003";"Shared PWL implementation hỗ trợ recovery/order finding; không có upgrade edge độc lập trong hunk này.";"AbstractWriteLog::pwl_init; ssd::WriteLog::load_existing_entries; ImageCacheState::init_from_metadata";"24a30a83491b2002914806a29a2a26448d1e4a4e,c5b13b73c596c0e0219ef087f8cc164c0ceff6f0,17791d999fa9161c574e9333053cfff34e1beab0,b388a34470d27f7cc7965b467f554741c52cc766,311bcf17d5fca40edd07b04d847434ade3e29410";"support-inspected"
"1315";"v16.2.5";"v16.2.15";"src/librbd/cache/pwl/Request.cc";"";"M";"M";"1";"1";"FALSE";"100644";"100644";"5288af9d01ae4e64e95e3b117dd12b008708a556";"8159b121a1e27e4d361798c6e8d76552c265fdb6";"10";"10-rados-rbd-clients";"P1";"runtime/source";"deep";"Chọn đọc sâu theo nhóm: implementation thuộc RADOS/RBD/client/class, snapshot, diff và object-map.";"";"support";"RBD-003";"Shared PWL implementation hỗ trợ recovery/order finding; không có upgrade edge độc lập trong hunk này.";"AbstractWriteLog::pwl_init; ssd::WriteLog::load_existing_entries; ImageCacheState::init_from_metadata";"24a30a83491b2002914806a29a2a26448d1e4a4e,c5b13b73c596c0e0219ef087f8cc164c0ceff6f0,17791d999fa9161c574e9333053cfff34e1beab0,b388a34470d27f7cc7965b467f554741c52cc766,311bcf17d5fca40edd07b04d847434ade3e29410";"support-inspected"
"1316";"v16.2.5";"v16.2.15";"src/librbd/cache/pwl/Request.h";"";"M";"M";"1";"1";"FALSE";"100644";"100644";"8d5a0b4742a722d55ac56d8dbaaa592c8dc49290";"7953c2887fca724ecb36c8f0083c1202863405cb";"10";"10-rados-rbd-clients";"P1";"runtime/source";"deep";"Chọn đọc sâu theo nhóm: implementation thuộc RADOS/RBD/client/class, snapshot, diff và object-map.";"";"support";"RBD-003";"Shared PWL implementation hỗ trợ recovery/order finding; không có upgrade edge độc lập trong hunk này.";"AbstractWriteLog::pwl_init; ssd::WriteLog::load_existing_entries; ImageCacheState::init_from_metadata";"24a30a83491b2002914806a29a2a26448d1e4a4e,c5b13b73c596c0e0219ef087f8cc164c0ceff6f0,17791d999fa9161c574e9333053cfff34e1beab0,b388a34470d27f7cc7965b467f554741c52cc766,311bcf17d5fca40edd07b04d847434ade3e29410";"support-inspected"
"1317";"v16.2.5";"v16.2.15";"src/librbd/cache/pwl/ShutdownRequest.cc";"";"M";"M";"1";"1";"FALSE";"100644";"100644";"4475712dd6bb755272e1b235e894208477362749";"e022328ba70e9bf1516088c94191bb8f2e4f68cb";"10";"10-rados-rbd-clients";"P1";"runtime/source";"deep";"Chọn đọc sâu theo nhóm: implementation thuộc RADOS/RBD/client/class, snapshot, diff và object-map.";"";"support";"RBD-003";"Shared PWL implementation hỗ trợ recovery/order finding; không có upgrade edge độc lập trong hunk này.";"AbstractWriteLog::pwl_init; ssd::WriteLog::load_existing_entries; ImageCacheState::init_from_metadata";"24a30a83491b2002914806a29a2a26448d1e4a4e,c5b13b73c596c0e0219ef087f8cc164c0ceff6f0,17791d999fa9161c574e9333053cfff34e1beab0,b388a34470d27f7cc7965b467f554741c52cc766,311bcf17d5fca40edd07b04d847434ade3e29410";"support-inspected"
"1318";"v16.2.5";"v16.2.15";"src/librbd/cache/pwl/Types.cc";"";"M";"M";"22";"21";"FALSE";"100644";"100644";"827125c31f8ff005fa494bf86ca15e0dac70a64d";"505f5d57ba248d2a434377ed8b61fafa5ea1dd79";"10";"10-rados-rbd-clients";"P1";"runtime/source";"deep";"Chọn đọc sâu theo nhóm: implementation thuộc RADOS/RBD/client/class, snapshot, diff và object-map.";"";"support";"RBD-003";"Shared PWL implementation hỗ trợ recovery/order finding; không có upgrade edge độc lập trong hunk này.";"AbstractWriteLog::pwl_init; ssd::WriteLog::load_existing_entries; ImageCacheState::init_from_metadata";"24a30a83491b2002914806a29a2a26448d1e4a4e,c5b13b73c596c0e0219ef087f8cc164c0ceff6f0,17791d999fa9161c574e9333053cfff34e1beab0,b388a34470d27f7cc7965b467f554741c52cc766,311bcf17d5fca40edd07b04d847434ade3e29410";"support-inspected"
"1319";"v16.2.5";"v16.2.15";"src/librbd/cache/pwl/Types.h";"";"M";"M";"80";"29";"FALSE";"100644";"100644";"5d438b2f11d0631e4eac219306b65ce525c9d822";"dc067612bfcff3d992631fe763f9a009324fb0f9";"10";"10-rados-rbd-clients";"P1";"runtime/source";"deep";"Chọn đọc sâu theo nhóm: implementation thuộc RADOS/RBD/client/class, snapshot, diff và object-map.";"";"mixed";"RBD-002,RBD-003";"Chứa SSD layout boundary và PWL recovery/I/O hardening.";"WriteLogPoolRoot::layout_version; SSD_LAYOUT_VERSION; ssd::WriteLog::initialize_pool | AbstractWriteLog::pwl_init; ssd::WriteLog::load_existing_entries; ImageCacheState::init_from_metadata";"010b0524d0f6a6a92bfbf723759b162067c8d546,15f62d23d1a7540820ebf57bb7b41b504fdfa356,24a30a83491b2002914806a29a2a26448d1e4a4e,c5b13b73c596c0e0219ef087f8cc164c0ceff6f0,17791d999fa9161c574e9333053cfff34e1beab0,b388a34470d27f7cc7965b467f554741c52cc766,311bcf17d5fca40edd07b04d847434ade3e29410";"endpoint+history+tests-inspected"
"1320";"v16.2.5";"v16.2.15";"src/librbd/cache/pwl/rwl/LogEntry.cc";"";"M";"M";"8";"0";"FALSE";"100644";"100644";"7325bef78a95892eb8839aad5668769133a8a1cc";"056701fb514880d1902034eb72a30dc54d432e1e";"10";"10-rados-rbd-clients";"P1";"runtime/source";"deep";"Chọn đọc sâu theo nhóm: implementation thuộc RADOS/RBD/client/class, snapshot, diff và object-map.";"";"support";"RBD-003";"Shared PWL implementation hỗ trợ recovery/order finding; không có upgrade edge độc lập trong hunk này.";"AbstractWriteLog::pwl_init; ssd::WriteLog::load_existing_entries; ImageCacheState::init_from_metadata";"24a30a83491b2002914806a29a2a26448d1e4a4e,c5b13b73c596c0e0219ef087f8cc164c0ceff6f0,17791d999fa9161c574e9333053cfff34e1beab0,b388a34470d27f7cc7965b467f554741c52cc766,311bcf17d5fca40edd07b04d847434ade3e29410";"support-inspected"
"1321";"v16.2.5";"v16.2.15";"src/librbd/cache/pwl/rwl/LogEntry.h";"";"M";"M";"1";"0";"FALSE";"100644";"100644";"0eacb5aeec9ab6ce21411bcccc4985375e2bb791";"a4675c5fbd824983357c6f153605206bf8c040ab";"10";"10-rados-rbd-clients";"P1";"runtime/source";"deep";"Chọn đọc sâu theo nhóm: implementation thuộc RADOS/RBD/client/class, snapshot, diff và object-map.";"";"support";"RBD-003";"Shared PWL implementation hỗ trợ recovery/order finding; không có upgrade edge độc lập trong hunk này.";"AbstractWriteLog::pwl_init; ssd::WriteLog::load_existing_entries; ImageCacheState::init_from_metadata";"24a30a83491b2002914806a29a2a26448d1e4a4e,c5b13b73c596c0e0219ef087f8cc164c0ceff6f0,17791d999fa9161c574e9333053cfff34e1beab0,b388a34470d27f7cc7965b467f554741c52cc766,311bcf17d5fca40edd07b04d847434ade3e29410";"support-inspected"
"1322";"v16.2.5";"v16.2.15";"src/librbd/cache/pwl/rwl/Request.cc";"";"M";"M";"1";"0";"FALSE";"100644";"100644";"2fe1318a33c39c6d5ad4190b8dc6ac60b9a5ddb2";"09158127241a33ded3d6b6460e167277e4faf86b";"10";"10-rados-rbd-clients";"P1";"runtime/source";"deep";"Chọn đọc sâu theo nhóm: implementation thuộc RADOS/RBD/client/class, snapshot, diff và object-map.";"";"support";"RBD-003";"Shared PWL implementation hỗ trợ recovery/order finding; không có upgrade edge độc lập trong hunk này.";"AbstractWriteLog::pwl_init; ssd::WriteLog::load_existing_entries; ImageCacheState::init_from_metadata";"24a30a83491b2002914806a29a2a26448d1e4a4e,c5b13b73c596c0e0219ef087f8cc164c0ceff6f0,17791d999fa9161c574e9333053cfff34e1beab0,b388a34470d27f7cc7965b467f554741c52cc766,311bcf17d5fca40edd07b04d847434ade3e29410";"support-inspected"
"1323";"v16.2.5";"v16.2.15";"src/librbd/cache/pwl/rwl/WriteLog.cc";"";"M";"M";"96";"46";"FALSE";"100644";"100644";"0dba120f9310720a01978f9a04f1cd3728ddcb47";"dd623c9adaadf02682664fe9942ab73be61f41c6";"10";"10-rados-rbd-clients";"P1";"runtime/source";"deep";"Chọn đọc sâu theo nhóm: implementation thuộc RADOS/RBD/client/class, snapshot, diff và object-map.";"";"mixed";"RBD-002,RBD-003";"Chứa SSD layout boundary và PWL recovery/I/O hardening.";"WriteLogPoolRoot::layout_version; SSD_LAYOUT_VERSION; ssd::WriteLog::initialize_pool | AbstractWriteLog::pwl_init; ssd::WriteLog::load_existing_entries; ImageCacheState::init_from_metadata";"010b0524d0f6a6a92bfbf723759b162067c8d546,15f62d23d1a7540820ebf57bb7b41b504fdfa356,24a30a83491b2002914806a29a2a26448d1e4a4e,c5b13b73c596c0e0219ef087f8cc164c0ceff6f0,17791d999fa9161c574e9333053cfff34e1beab0,b388a34470d27f7cc7965b467f554741c52cc766,311bcf17d5fca40edd07b04d847434ade3e29410";"endpoint+history+tests-inspected"
"1324";"v16.2.5";"v16.2.15";"src/librbd/cache/pwl/rwl/WriteLog.h";"";"M";"M";"10";"8";"FALSE";"100644";"100644";"7aea8573c917323b1e5a8aee4b13a0fbe9cfe370";"5083a2568d497b7dc61168bd25a6b7e6effdecf3";"10";"10-rados-rbd-clients";"P1";"runtime/source";"deep";"Chọn đọc sâu theo nhóm: implementation thuộc RADOS/RBD/client/class, snapshot, diff và object-map.";"";"conditional";"RBD-003";"PWL init/recovery/error path thay đổi; chỉ kích hoạt khi persistent cache được dùng.";"AbstractWriteLog::pwl_init; ssd::WriteLog::load_existing_entries; ImageCacheState::init_from_metadata";"24a30a83491b2002914806a29a2a26448d1e4a4e,c5b13b73c596c0e0219ef087f8cc164c0ceff6f0,17791d999fa9161c574e9333053cfff34e1beab0,b388a34470d27f7cc7965b467f554741c52cc766,311bcf17d5fca40edd07b04d847434ade3e29410";"endpoint+history+tests-inspected"
"1325";"v16.2.5";"v16.2.15";"src/librbd/cache/pwl/ssd/LogEntry.cc";"";"M";"M";"5";"1";"FALSE";"100644";"100644";"02bc2bee6325d00b8040e2802212f178214327b8";"0e6edd87b35c6877fa58525d87f836967f30acb6";"10";"10-rados-rbd-clients";"P1";"runtime/source";"deep";"Chọn đọc sâu theo nhóm: implementation thuộc RADOS/RBD/client/class, snapshot, diff và object-map.";"";"support";"RBD-003";"Shared PWL implementation hỗ trợ recovery/order finding; không có upgrade edge độc lập trong hunk này.";"AbstractWriteLog::pwl_init; ssd::WriteLog::load_existing_entries; ImageCacheState::init_from_metadata";"24a30a83491b2002914806a29a2a26448d1e4a4e,c5b13b73c596c0e0219ef087f8cc164c0ceff6f0,17791d999fa9161c574e9333053cfff34e1beab0,b388a34470d27f7cc7965b467f554741c52cc766,311bcf17d5fca40edd07b04d847434ade3e29410";"support-inspected"
"1326";"v16.2.5";"v16.2.15";"src/librbd/cache/pwl/ssd/LogEntry.h";"";"M";"M";"6";"0";"FALSE";"100644";"100644";"666398440a22155ffbe57dfc68d2a54ef0452095";"8e26f661ff8caa6b81e7cea898eaa52100480ec5";"10";"10-rados-rbd-clients";"P1";"runtime/source";"deep";"Chọn đọc sâu theo nhóm: implementation thuộc RADOS/RBD/client/class, snapshot, diff và object-map.";"";"support";"RBD-003";"Shared PWL implementation hỗ trợ recovery/order finding; không có upgrade edge độc lập trong hunk này.";"AbstractWriteLog::pwl_init; ssd::WriteLog::load_existing_entries; ImageCacheState::init_from_metadata";"24a30a83491b2002914806a29a2a26448d1e4a4e,c5b13b73c596c0e0219ef087f8cc164c0ceff6f0,17791d999fa9161c574e9333053cfff34e1beab0,b388a34470d27f7cc7965b467f554741c52cc766,311bcf17d5fca40edd07b04d847434ade3e29410";"support-inspected"
"1327";"v16.2.5";"v16.2.15";"src/librbd/cache/pwl/ssd/LogOperation.cc";"";"M";"M";"1";"1";"FALSE";"100644";"100644";"f759d8a8eeec5c04cd5ce954a43699f737833661";"c8080e37d0f5059260bb6a9a8ad1d790bd4df322";"10";"10-rados-rbd-clients";"P1";"runtime/source";"deep";"Chọn đọc sâu theo nhóm: implementation thuộc RADOS/RBD/client/class, snapshot, diff và object-map.";"";"support";"RBD-003";"Shared PWL implementation hỗ trợ recovery/order finding; không có upgrade edge độc lập trong hunk này.";"AbstractWriteLog::pwl_init; ssd::WriteLog::load_existing_entries; ImageCacheState::init_from_metadata";"24a30a83491b2002914806a29a2a26448d1e4a4e,c5b13b73c596c0e0219ef087f8cc164c0ceff6f0,17791d999fa9161c574e9333053cfff34e1beab0,b388a34470d27f7cc7965b467f554741c52cc766,311bcf17d5fca40edd07b04d847434ade3e29410";"support-inspected"
"1328";"v16.2.5";"v16.2.15";"src/librbd/cache/pwl/ssd/Request.cc";"";"M";"M";"2";"3";"FALSE";"100644";"100644";"69951e7601fbd2b1941844040c6c86003b2c996f";"e92e547c8e60782ccbda78acad8de4a140a6b43f";"10";"10-rados-rbd-clients";"P1";"runtime/source";"deep";"Chọn đọc sâu theo nhóm: implementation thuộc RADOS/RBD/client/class, snapshot, diff và object-map.";"";"support";"RBD-003";"Shared PWL implementation hỗ trợ recovery/order finding; không có upgrade edge độc lập trong hunk này.";"AbstractWriteLog::pwl_init; ssd::WriteLog::load_existing_entries; ImageCacheState::init_from_metadata";"24a30a83491b2002914806a29a2a26448d1e4a4e,c5b13b73c596c0e0219ef087f8cc164c0ceff6f0,17791d999fa9161c574e9333053cfff34e1beab0,b388a34470d27f7cc7965b467f554741c52cc766,311bcf17d5fca40edd07b04d847434ade3e29410";"support-inspected"
"1329";"v16.2.5";"v16.2.15";"src/librbd/cache/pwl/ssd/Types.h";"";"M";"M";"8";"1";"FALSE";"100644";"100644";"e34b7516684c4b3296317ce16f063ba1112df2bd";"3ebad1fd94562f332b33b8654f383132b19ce410";"10";"10-rados-rbd-clients";"P1";"runtime/source";"deep";"Chọn đọc sâu theo nhóm: implementation thuộc RADOS/RBD/client/class, snapshot, diff và object-map.";"";"support";"RBD-003";"Shared PWL implementation hỗ trợ recovery/order finding; không có upgrade edge độc lập trong hunk này.";"AbstractWriteLog::pwl_init; ssd::WriteLog::load_existing_entries; ImageCacheState::init_from_metadata";"24a30a83491b2002914806a29a2a26448d1e4a4e,c5b13b73c596c0e0219ef087f8cc164c0ceff6f0,17791d999fa9161c574e9333053cfff34e1beab0,b388a34470d27f7cc7965b467f554741c52cc766,311bcf17d5fca40edd07b04d847434ade3e29410";"support-inspected"
"1330";"v16.2.5";"v16.2.15";"src/librbd/cache/pwl/ssd/WriteLog.cc";"";"M";"M";"451";"309";"FALSE";"100644";"100644";"725039a81f659aba0492631666555ec4dd8c8fd8";"00626506a3666c9280880897b5288c12fac2629e";"10";"10-rados-rbd-clients";"P1";"runtime/source";"deep";"Chọn đọc sâu theo nhóm: implementation thuộc RADOS/RBD/client/class, snapshot, diff và object-map.";"";"mixed";"RBD-002,RBD-003";"Chứa SSD layout boundary và PWL recovery/I/O hardening.";"WriteLogPoolRoot::layout_version; SSD_LAYOUT_VERSION; ssd::WriteLog::initialize_pool | AbstractWriteLog::pwl_init; ssd::WriteLog::load_existing_entries; ImageCacheState::init_from_metadata";"010b0524d0f6a6a92bfbf723759b162067c8d546,15f62d23d1a7540820ebf57bb7b41b504fdfa356,24a30a83491b2002914806a29a2a26448d1e4a4e,c5b13b73c596c0e0219ef087f8cc164c0ceff6f0,17791d999fa9161c574e9333053cfff34e1beab0,b388a34470d27f7cc7965b467f554741c52cc766,311bcf17d5fca40edd07b04d847434ade3e29410";"endpoint+history+tests-inspected"
"1331";"v16.2.5";"v16.2.15";"src/librbd/cache/pwl/ssd/WriteLog.h";"";"M";"M";"16";"16";"FALSE";"100644";"100644";"64b4baa38bcdde49b1d1c768898f6af9540f1bde";"69cc366628f24333f7f173eb9a9192f9703ab063";"10";"10-rados-rbd-clients";"P1";"runtime/source";"deep";"Chọn đọc sâu theo nhóm: implementation thuộc RADOS/RBD/client/class, snapshot, diff và object-map.";"";"conditional";"RBD-003";"PWL init/recovery/error path thay đổi; chỉ kích hoạt khi persistent cache được dùng.";"AbstractWriteLog::pwl_init; ssd::WriteLog::load_existing_entries; ImageCacheState::init_from_metadata";"24a30a83491b2002914806a29a2a26448d1e4a4e,c5b13b73c596c0e0219ef087f8cc164c0ceff6f0,17791d999fa9161c574e9333053cfff34e1beab0,b388a34470d27f7cc7965b467f554741c52cc766,311bcf17d5fca40edd07b04d847434ade3e29410";"endpoint+history+tests-inspected"
"1332";"v16.2.5";"v16.2.15";"src/librbd/crypto/BlockCrypto.cc";"";"M";"M";"5";"2";"FALSE";"100644";"100644";"155c88ff8bc815dcf95d9c4bc263412d8e3af56d";"0b74db04a1bb52d0aa87e6e93233c26511b1597e";"10";"10-rados-rbd-clients";"P1";"runtime/source";"deep";"Chọn đọc sâu theo nhóm: implementation thuộc RADOS/RBD/client/class, snapshot, diff và object-map.";"";"trivial";"";"Đã đọc net diff và lịch sử; thay đổi feature, refactor, test hoặc công cụ thông thường không có causal chain nâng cấp độc lập.";"";"";"screened-endpoint+history"
"1333";"v16.2.5";"v16.2.15";"src/librbd/crypto/CryptoImageDispatch.h";"";"M";"M";"9";"12";"FALSE";"100644";"100644";"dae3dac853b1dcd7ab225c1df3f61e82bad431fb";"c7d25f16a147fbce3a010b0ed29193e543ba8274";"10";"10-rados-rbd-clients";"P1";"runtime/source";"deep";"Chọn đọc sâu theo nhóm: implementation thuộc RADOS/RBD/client/class, snapshot, diff và object-map.";"";"support";"RBD-001";"Dispatch-interface cleanup hỗ trợ snap-context correctness; không là risk độc lập.";"DiffIterate::execute; object_map::DiffRequest::process_object_map; ObjectMap::with_object_map";"2749dd34f1edddd33ba9b8c3d522d7df0e52eb90,9f7f52a88eaf5d67065909c69d1078911907f233,c06858d217d20bb59050d42ca53caeeadd918444,a92c533e56e65906e34a3a61e2af0f66c23d2954";"support-inspected"
"1334";"v16.2.5";"v16.2.15";"src/librbd/crypto/ShutDownCryptoRequest.cc";"";"M";"M";"4";"7";"FALSE";"100644";"100644";"dad6e2fc192df55733494b1de0cde018064c9ff4";"9277308e466afa406490fe67086060a0ddb48819";"10";"10-rados-rbd-clients";"P1";"runtime/source";"deep";"Chọn đọc sâu theo nhóm: implementation thuộc RADOS/RBD/client/class, snapshot, diff và object-map.";"";"trivial";"";"Đã đọc net diff và lịch sử; thay đổi feature, refactor, test hoặc công cụ thông thường không có causal chain nâng cấp độc lập.";"";"";"screened-endpoint+history"
"1335";"v16.2.5";"v16.2.15";"src/librbd/crypto/ShutDownCryptoRequest.h";"";"M";"M";"0";"1";"FALSE";"100644";"100644";"68142800999d2f6e913e51e1211c05494ab88e1a";"cf402c1b4eac404ba08b3ffc1863074fb41ffedd";"10";"10-rados-rbd-clients";"P1";"runtime/source";"deep";"Chọn đọc sâu theo nhóm: implementation thuộc RADOS/RBD/client/class, snapshot, diff và object-map.";"";"trivial";"";"Đã đọc net diff và lịch sử; thay đổi feature, refactor, test hoặc công cụ thông thường không có causal chain nâng cấp độc lập.";"";"";"screened-endpoint+history"
"1336";"v16.2.5";"v16.2.15";"src/librbd/crypto/luks/FormatRequest.cc";"";"M";"M";"1";"2";"FALSE";"100644";"100644";"be2452fd924c37118e080332e857b434ed93ef2a";"9c10df61f60abcc32581c8592a1093722fb7a34a";"10";"10-rados-rbd-clients";"P1";"runtime/source";"deep";"Chọn đọc sâu theo nhóm: implementation thuộc RADOS/RBD/client/class, snapshot, diff và object-map.";"";"trivial";"";"Đã đọc net diff và lịch sử; thay đổi feature, refactor, test hoặc công cụ thông thường không có causal chain nâng cấp độc lập.";"";"";"screened-endpoint+history"
"1337";"v16.2.5";"v16.2.15";"src/librbd/crypto/luks/Header.cc";"";"M";"M";"2";"2";"FALSE";"100644";"100644";"6d00074efcf80157b98bb28f25019f44dade1104";"ee8c8b555240bc0859e98e253b215ddcf6f4eeb6";"10";"10-rados-rbd-clients";"P1";"runtime/source";"deep";"Chọn đọc sâu theo nhóm: implementation thuộc RADOS/RBD/client/class, snapshot, diff và object-map.";"";"trivial";"";"Đã đọc net diff và lịch sử; thay đổi feature, refactor, test hoặc công cụ thông thường không có causal chain nâng cấp độc lập.";"";"";"screened-endpoint+history"
"1338";"v16.2.5";"v16.2.15";"src/librbd/crypto/openssl/DataCryptor.cc";"";"M";"M";"8";"3";"FALSE";"100644";"100644";"0c164b048f9cdad73202183fa1254053ae243338";"aa9427a79b8c07e30211c5357d8d5aa152a843c4";"10";"10-rados-rbd-clients";"P1";"runtime/source";"deep";"Chọn đọc sâu theo nhóm: implementation thuộc RADOS/RBD/client/class, snapshot, diff và object-map.";"";"trivial";"";"Đã đọc net diff và lịch sử; thay đổi feature, refactor, test hoặc công cụ thông thường không có causal chain nâng cấp độc lập.";"";"";"screened-endpoint+history"
"1339";"v16.2.5";"v16.2.15";"src/librbd/crypto/openssl/DataCryptor.h";"";"M";"M";"1";"0";"FALSE";"100644";"100644";"c9a177ef595b4099609cf819cd40f9aa07cfc294";"af69568835ee7f25d54f300baafc2a81b748cb9a";"10";"10-rados-rbd-clients";"P1";"runtime/source";"deep";"Chọn đọc sâu theo nhóm: implementation thuộc RADOS/RBD/client/class, snapshot, diff và object-map.";"";"trivial";"";"Đã đọc net diff và lịch sử; thay đổi feature, refactor, test hoặc công cụ thông thường không có causal chain nâng cấp độc lập.";"";"";"screened-endpoint+history"
"1340";"v16.2.5";"v16.2.15";"src/librbd/deep_copy/ImageCopyRequest.cc";"";"M";"M";"21";"29";"FALSE";"100644";"100644";"2338dfde9d63bea340b6d096b423f619c30fa47c";"6688083402cb6c4e9d997d1de5180a0e51490105";"10";"10-rados-rbd-clients";"P1";"runtime/source";"deep";"Chọn đọc sâu theo nhóm: implementation thuộc RADOS/RBD/client/class, snapshot, diff và object-map.";"";"trivial";"";"Đã đọc net diff và lịch sử; thay đổi feature, refactor, test hoặc công cụ thông thường không có causal chain nâng cấp độc lập.";"";"";"screened-endpoint+history"
"1341";"v16.2.5";"v16.2.15";"src/librbd/deep_copy/ImageCopyRequest.h";"";"M";"M";"1";"1";"FALSE";"100644";"100644";"9b7934dd35adb9ae98ee3f0b7beb2015d7b2bd66";"cb8b83781a5c55908df397fe4beb1444bf8fd1bb";"10";"10-rados-rbd-clients";"P1";"runtime/source";"deep";"Chọn đọc sâu theo nhóm: implementation thuộc RADOS/RBD/client/class, snapshot, diff và object-map.";"";"trivial";"";"Đã đọc net diff và lịch sử; thay đổi feature, refactor, test hoặc công cụ thông thường không có causal chain nâng cấp độc lập.";"";"";"screened-endpoint+history"
"1342";"v16.2.5";"v16.2.15";"src/librbd/exclusive_lock/ImageDispatch.cc";"";"M";"M";"11";"9";"FALSE";"100644";"100644";"cd7f450f2751532677076413ab612c8378464f55";"5939c7a8196822a613026f14a2c64796037c11ce";"10";"10-rados-rbd-clients";"P1";"runtime/source";"deep";"Chọn đọc sâu theo nhóm: implementation thuộc RADOS/RBD/client/class, snapshot, diff và object-map.";"";"mixed";"RBD-001,RBD-007";"Exclusive-lock dispatch hỗ trợ snap-context cleanup và lock continuity.";"DiffIterate::execute; object_map::DiffRequest::process_object_map; ObjectMap::with_object_map | ManagedLock::send_acquire_lock; ImageWatcher::rewatch; RefreshRequest; rbd_support.Module";"2749dd34f1edddd33ba9b8c3d522d7df0e52eb90,9f7f52a88eaf5d67065909c69d1078911907f233,c06858d217d20bb59050d42ca53caeeadd918444,a92c533e56e65906e34a3a61e2af0f66c23d2954,ea3e1f47e400644e7a2b65fefa2af35ec68cdb6c,97b3d05d44c5bed76ef311231015342c5ed50c4c,ba3871568a8224a2b19c17e09d772eb2e427f765,5bc2d002e70959f177543ba72946d60e6d2ce4ab";"endpoint+history+tests-inspected"
"1343";"v16.2.5";"v16.2.15";"src/librbd/exclusive_lock/ImageDispatch.h";"";"M";"M";"5";"6";"FALSE";"100644";"100644";"77c101973efe3e5722194622702e33ace621f68f";"c0d9d49f54c4f53c547f3d8ba96e689664fa9898";"10";"10-rados-rbd-clients";"P1";"runtime/source";"deep";"Chọn đọc sâu theo nhóm: implementation thuộc RADOS/RBD/client/class, snapshot, diff và object-map.";"";"mixed";"RBD-001,RBD-007";"Exclusive-lock dispatch hỗ trợ snap-context cleanup và lock continuity.";"DiffIterate::execute; object_map::DiffRequest::process_object_map; ObjectMap::with_object_map | ManagedLock::send_acquire_lock; ImageWatcher::rewatch; RefreshRequest; rbd_support.Module";"2749dd34f1edddd33ba9b8c3d522d7df0e52eb90,9f7f52a88eaf5d67065909c69d1078911907f233,c06858d217d20bb59050d42ca53caeeadd918444,a92c533e56e65906e34a3a61e2af0f66c23d2954,ea3e1f47e400644e7a2b65fefa2af35ec68cdb6c,97b3d05d44c5bed76ef311231015342c5ed50c4c,ba3871568a8224a2b19c17e09d772eb2e427f765,5bc2d002e70959f177543ba72946d60e6d2ce4ab";"endpoint+history+tests-inspected"
"1344";"v16.2.5";"v16.2.15";"src/librbd/exclusive_lock/PreReleaseRequest.cc";"";"M";"M";"2";"1";"FALSE";"100644";"100644";"3adc3b54a45b248bd65338186bf94f72e4086611";"a9cd1248a7cbc31c0aab2de01403af19bd133cd3";"10";"10-rados-rbd-clients";"P1";"runtime/source";"deep";"Chọn đọc sâu theo nhóm: implementation thuộc RADOS/RBD/client/class, snapshot, diff và object-map.";"";"trivial";"";"Đã đọc net diff và lịch sử; thay đổi feature, refactor, test hoặc công cụ thông thường không có causal chain nâng cấp độc lập.";"";"";"screened-endpoint+history"
"1345";"v16.2.5";"v16.2.15";"src/librbd/image/CreateRequest.cc";"";"M";"M";"1";"2";"FALSE";"100644";"100644";"3d7c905a2c020027490b55904918c9f4b18c970a";"3fc1aa6136df20796e71d664cacba52491ca162d";"10";"10-rados-rbd-clients";"P1";"runtime/source";"deep";"Chọn đọc sâu theo nhóm: implementation thuộc RADOS/RBD/client/class, snapshot, diff và object-map.";"";"trivial";"";"Đã đọc net diff và lịch sử; thay đổi feature, refactor, test hoặc công cụ thông thường không có causal chain nâng cấp độc lập.";"";"";"screened-endpoint+history"
"1346";"v16.2.5";"v16.2.15";"src/librbd/image/OpenRequest.cc";"";"M";"M";"0";"1";"FALSE";"100644";"100644";"d34dd9ec89793ffaea1b2976565a2d488b68211f";"70008d712ca69b5cf8edb892aa8dceebb2001e2e";"10";"10-rados-rbd-clients";"P1";"runtime/source";"deep";"Chọn đọc sâu theo nhóm: implementation thuộc RADOS/RBD/client/class, snapshot, diff và object-map.";"";"trivial";"";"Đã đọc net diff và lịch sử; thay đổi feature, refactor, test hoặc công cụ thông thường không có causal chain nâng cấp độc lập.";"";"";"screened-endpoint+history"
"1347";"v16.2.5";"v16.2.15";"src/librbd/image/RefreshRequest.cc";"";"M";"M";"59";"29";"FALSE";"100644";"100644";"9b7138815af550a666672076173af9aaf1aa1b65";"24159c55bf2825dfa24f555b1493937b28ff8999";"10";"10-rados-rbd-clients";"P1";"runtime/source";"deep";"Chọn đọc sâu theo nhóm: implementation thuộc RADOS/RBD/client/class, snapshot, diff và object-map.";"";"conditional";"RBD-007";"Client lock/watch/open path hardening; kích hoạt ở blocklist, reconnect, concurrent init hoặc feature change.";"ManagedLock::send_acquire_lock; ImageWatcher::rewatch; RefreshRequest; rbd_support.Module";"ea3e1f47e400644e7a2b65fefa2af35ec68cdb6c,97b3d05d44c5bed76ef311231015342c5ed50c4c,ba3871568a8224a2b19c17e09d772eb2e427f765,5bc2d002e70959f177543ba72946d60e6d2ce4ab";"endpoint+history+tests-inspected"
"1348";"v16.2.5";"v16.2.15";"src/librbd/image/RefreshRequest.h";"";"M";"M";"31";"27";"FALSE";"100644";"100644";"6970a9b45626cd8e62759335cc45add3372f8084";"42f4b4669ef2c98b48694759851255ad3790fea8";"10";"10-rados-rbd-clients";"P1";"runtime/source";"deep";"Chọn đọc sâu theo nhóm: implementation thuộc RADOS/RBD/client/class, snapshot, diff và object-map.";"";"conditional";"RBD-007";"Client lock/watch/open path hardening; kích hoạt ở blocklist, reconnect, concurrent init hoặc feature change.";"ManagedLock::send_acquire_lock; ImageWatcher::rewatch; RefreshRequest; rbd_support.Module";"ea3e1f47e400644e7a2b65fefa2af35ec68cdb6c,97b3d05d44c5bed76ef311231015342c5ed50c4c,ba3871568a8224a2b19c17e09d772eb2e427f765,5bc2d002e70959f177543ba72946d60e6d2ce4ab";"endpoint+history+tests-inspected"
"1349";"v16.2.5";"v16.2.15";"src/librbd/image/RemoveRequest.h";"";"M";"M";"1";"1";"FALSE";"100644";"100644";"79512c932ce2ab7006aab11a1932add8b0f3023b";"b03f8fc7c21cb48c4d4bd4b4585c9120fa39fd79";"10";"10-rados-rbd-clients";"P1";"runtime/source";"deep";"Chọn đọc sâu theo nhóm: implementation thuộc RADOS/RBD/client/class, snapshot, diff và object-map.";"";"trivial";"";"Đã đọc net diff và lịch sử; thay đổi feature, refactor, test hoặc công cụ thông thường không có causal chain nâng cấp độc lập.";"";"";"screened-endpoint+history"
"1350";"v16.2.5";"v16.2.15";"src/librbd/image/ValidatePoolRequest.cc";"";"M";"M";"11";"12";"FALSE";"100644";"100644";"9e685dc477c7551ee6efba1f6ada7633e5fbe8fd";"6f2872e256291422f14eac639dd272f0da49429b";"10";"10-rados-rbd-clients";"P1";"runtime/source";"deep";"Chọn đọc sâu theo nhóm: implementation thuộc RADOS/RBD/client/class, snapshot, diff và object-map.";"";"conditional";"RBD-007";"Client lock/watch/open path hardening; kích hoạt ở blocklist, reconnect, concurrent init hoặc feature change.";"ManagedLock::send_acquire_lock; ImageWatcher::rewatch; RefreshRequest; rbd_support.Module";"ea3e1f47e400644e7a2b65fefa2af35ec68cdb6c,97b3d05d44c5bed76ef311231015342c5ed50c4c,ba3871568a8224a2b19c17e09d772eb2e427f765,5bc2d002e70959f177543ba72946d60e6d2ce4ab";"endpoint+history+tests-inspected"
"1351";"v16.2.5";"v16.2.15";"src/librbd/image/ValidatePoolRequest.h";"";"M";"M";"2";"5";"FALSE";"100644";"100644";"859bf4e13e3ee23de354177e66506f23ea4cc896";"74f38441749068723f0f1bc675858d993a3a1a2c";"10";"10-rados-rbd-clients";"P1";"runtime/source";"deep";"Chọn đọc sâu theo nhóm: implementation thuộc RADOS/RBD/client/class, snapshot, diff và object-map.";"";"conditional";"RBD-007";"Client lock/watch/open path hardening; kích hoạt ở blocklist, reconnect, concurrent init hoặc feature change.";"ManagedLock::send_acquire_lock; ImageWatcher::rewatch; RefreshRequest; rbd_support.Module";"ea3e1f47e400644e7a2b65fefa2af35ec68cdb6c,97b3d05d44c5bed76ef311231015342c5ed50c4c,ba3871568a8224a2b19c17e09d772eb2e427f765,5bc2d002e70959f177543ba72946d60e6d2ce4ab";"endpoint+history+tests-inspected"
"1352";"v16.2.5";"v16.2.15";"src/librbd/internal.cc";"";"M";"M";"16";"1";"FALSE";"100644";"100644";"db780956b561911c3f5f584a2ef139287008c97c";"f9ba5474b955196b1f9d4ba900891f88295b09a5";"10";"10-rados-rbd-clients";"P1";"runtime/source";"deep";"Chọn đọc sâu theo nhóm: implementation thuộc RADOS/RBD/client/class, snapshot, diff và object-map.";"";"trivial";"";"Đã đọc net diff và lịch sử; thay đổi feature, refactor, test hoặc công cụ thông thường không có causal chain nâng cấp độc lập.";"";"";"screened-endpoint+history"
"1353";"v16.2.5";"v16.2.15";"src/librbd/io/ImageDispatch.cc";"";"M";"M";"20";"21";"FALSE";"100644";"100644";"cc8519abeeeb88193f1811f6a21157a93f1b331e";"3286618a4f2435a68847041da1c9601dddd3098b";"10";"10-rados-rbd-clients";"P1";"runtime/source";"deep";"Chọn đọc sâu theo nhóm: implementation thuộc RADOS/RBD/client/class, snapshot, diff và object-map.";"";"mixed";"RBD-001";"Chứa snap-context correctness cho object-map/fast-diff cùng refactor khác.";"DiffIterate::execute; object_map::DiffRequest::process_object_map; ObjectMap::with_object_map";"2749dd34f1edddd33ba9b8c3d522d7df0e52eb90,9f7f52a88eaf5d67065909c69d1078911907f233,c06858d217d20bb59050d42ca53caeeadd918444,a92c533e56e65906e34a3a61e2af0f66c23d2954";"endpoint+history+tests-inspected"
"1354";"v16.2.5";"v16.2.15";"src/librbd/io/ImageDispatch.h";"";"M";"M";"8";"9";"FALSE";"100644";"100644";"3d302e9a62a0465739b8e14fb506b7daa327a251";"4a89c605450eeed4af2817ebeaf221011e0eb2b2";"10";"10-rados-rbd-clients";"P1";"runtime/source";"deep";"Chọn đọc sâu theo nhóm: implementation thuộc RADOS/RBD/client/class, snapshot, diff và object-map.";"";"trivial";"";"Đã đọc net diff và lịch sử; thay đổi feature, refactor, test hoặc công cụ thông thường không có causal chain nâng cấp độc lập.";"";"";"screened-endpoint+history"
"1355";"v16.2.5";"v16.2.15";"src/librbd/io/ImageDispatchInterface.h";"";"M";"M";"8";"9";"FALSE";"100644";"100644";"64cea861286d9ede047fea7e566bc61f2d89af42";"7e2ae739960065d762afd2b57021804ac25f78b3";"10";"10-rados-rbd-clients";"P1";"runtime/source";"deep";"Chọn đọc sâu theo nhóm: implementation thuộc RADOS/RBD/client/class, snapshot, diff và object-map.";"";"support";"RBD-001";"Dispatch-interface cleanup hỗ trợ snap-context correctness; không là risk độc lập.";"DiffIterate::execute; object_map::DiffRequest::process_object_map; ObjectMap::with_object_map";"2749dd34f1edddd33ba9b8c3d522d7df0e52eb90,9f7f52a88eaf5d67065909c69d1078911907f233,c06858d217d20bb59050d42ca53caeeadd918444,a92c533e56e65906e34a3a61e2af0f66c23d2954";"support-inspected"
"1356";"v16.2.5";"v16.2.15";"src/librbd/io/ImageDispatchSpec.h";"";"M";"M";"12";"13";"FALSE";"100644";"100644";"ee95f21be63f75cfce67eb529afcddf8501220b5";"8771f5bc6eca4439c41da0f1b3ea9a5dbdde1431";"10";"10-rados-rbd-clients";"P1";"runtime/source";"deep";"Chọn đọc sâu theo nhóm: implementation thuộc RADOS/RBD/client/class, snapshot, diff và object-map.";"";"support";"RBD-001";"Dispatch-interface cleanup hỗ trợ snap-context correctness; không là risk độc lập.";"DiffIterate::execute; object_map::DiffRequest::process_object_map; ObjectMap::with_object_map";"2749dd34f1edddd33ba9b8c3d522d7df0e52eb90,9f7f52a88eaf5d67065909c69d1078911907f233,c06858d217d20bb59050d42ca53caeeadd918444,a92c533e56e65906e34a3a61e2af0f66c23d2954";"support-inspected"
"1357";"v16.2.5";"v16.2.15";"src/librbd/io/ImageDispatcher.cc";"";"M";"M";"9";"12";"FALSE";"100644";"100644";"7060f8328fb539587dbb90b6df2627544707ed10";"17dea5bf157ee70540e466d3c8468cadba097f17";"10";"10-rados-rbd-clients";"P1";"runtime/source";"deep";"Chọn đọc sâu theo nhóm: implementation thuộc RADOS/RBD/client/class, snapshot, diff và object-map.";"";"trivial";"";"Đã đọc net diff và lịch sử; thay đổi feature, refactor, test hoặc công cụ thông thường không có causal chain nâng cấp độc lập.";"";"";"screened-endpoint+history"
"1358";"v16.2.5";"v16.2.15";"src/librbd/io/ImageRequest.cc";"";"M";"M";"57";"65";"FALSE";"100644";"100644";"5f8d2f0da39bf750c61febc46c56338762aa869a";"82b5254ec43e3ffaca8c619456c3d45dde5cc303";"10";"10-rados-rbd-clients";"P1";"runtime/source";"deep";"Chọn đọc sâu theo nhóm: implementation thuộc RADOS/RBD/client/class, snapshot, diff và object-map.";"";"mixed";"RBD-001,RBD-004";"Chứa snap-context correctness và journal/discard fix cùng hunk khác.";"DiffIterate::execute; object_map::DiffRequest::process_object_map; ObjectMap::with_object_map | AbstractImageWriteRequest::append_journal_event; Journal::wait_event; AbstractImageDiscardRequest";"2749dd34f1edddd33ba9b8c3d522d7df0e52eb90,9f7f52a88eaf5d67065909c69d1078911907f233,c06858d217d20bb59050d42ca53caeeadd918444,a92c533e56e65906e34a3a61e2af0f66c23d2954,336204670b7a64b4014c55c35ac9217812343d27,2d6f6a115036078060b4eff0c56bb46b83bbd78a";"endpoint+history+tests-inspected"
"1359";"v16.2.5";"v16.2.15";"src/librbd/io/ImageRequest.h";"";"M";"M";"35";"48";"FALSE";"100644";"100644";"2c05c3847f0d98fb7733e0082fb63472713c1eb9";"bf0b9d72ff9214b847b2bef963e897dd77016c0a";"10";"10-rados-rbd-clients";"P1";"runtime/source";"deep";"Chọn đọc sâu theo nhóm: implementation thuộc RADOS/RBD/client/class, snapshot, diff và object-map.";"";"mixed";"RBD-001,RBD-004";"Chứa snap-context correctness và journal/discard fix cùng hunk khác.";"DiffIterate::execute; object_map::DiffRequest::process_object_map; ObjectMap::with_object_map | AbstractImageWriteRequest::append_journal_event; Journal::wait_event; AbstractImageDiscardRequest";"2749dd34f1edddd33ba9b8c3d522d7df0e52eb90,9f7f52a88eaf5d67065909c69d1078911907f233,c06858d217d20bb59050d42ca53caeeadd918444,a92c533e56e65906e34a3a61e2af0f66c23d2954,336204670b7a64b4014c55c35ac9217812343d27,2d6f6a115036078060b4eff0c56bb46b83bbd78a";"endpoint+history+tests-inspected"
"1360";"v16.2.5";"v16.2.15";"src/librbd/io/ObjectRequest.cc";"";"M";"M";"8";"7";"FALSE";"100644";"100644";"87c3cd7dd5289acb1f4368710eda768804f0007a";"68ae5e27e4d6e022233a2781cacf5289a65ba974";"10";"10-rados-rbd-clients";"P1";"runtime/source";"deep";"Chọn đọc sâu theo nhóm: implementation thuộc RADOS/RBD/client/class, snapshot, diff và object-map.";"";"trivial";"";"Đã đọc net diff và lịch sử; thay đổi feature, refactor, test hoặc công cụ thông thường không có causal chain nâng cấp độc lập.";"";"";"screened-endpoint+history"
"1361";"v16.2.5";"v16.2.15";"src/librbd/io/QosImageDispatch.cc";"";"M";"M";"8";"9";"FALSE";"100644";"100644";"9ca88ac1916aa0c625ffd6526818f29c0d33b2a6";"2b8ec7bbd0a25755e19c404f2797723ffb1029d6";"10";"10-rados-rbd-clients";"P1";"runtime/source";"deep";"Chọn đọc sâu theo nhóm: implementation thuộc RADOS/RBD/client/class, snapshot, diff và object-map.";"";"support";"RBD-001";"Dispatch-interface cleanup hỗ trợ snap-context correctness; không là risk độc lập.";"DiffIterate::execute; object_map::DiffRequest::process_object_map; ObjectMap::with_object_map";"2749dd34f1edddd33ba9b8c3d522d7df0e52eb90,9f7f52a88eaf5d67065909c69d1078911907f233,c06858d217d20bb59050d42ca53caeeadd918444,a92c533e56e65906e34a3a61e2af0f66c23d2954";"support-inspected"
"1362";"v16.2.5";"v16.2.15";"src/librbd/io/QosImageDispatch.h";"";"M";"M";"8";"9";"FALSE";"100644";"100644";"baf16da02be0e9c73d5b9c8c95982cdbec323fc4";"0ca6634cf15073f3cfe9ed605e996bd5413d48b2";"10";"10-rados-rbd-clients";"P1";"runtime/source";"deep";"Chọn đọc sâu theo nhóm: implementation thuộc RADOS/RBD/client/class, snapshot, diff và object-map.";"";"support";"RBD-001";"Dispatch-interface cleanup hỗ trợ snap-context correctness; không là risk độc lập.";"DiffIterate::execute; object_map::DiffRequest::process_object_map; ObjectMap::with_object_map";"2749dd34f1edddd33ba9b8c3d522d7df0e52eb90,9f7f52a88eaf5d67065909c69d1078911907f233,c06858d217d20bb59050d42ca53caeeadd918444,a92c533e56e65906e34a3a61e2af0f66c23d2954";"support-inspected"
"1363";"v16.2.5";"v16.2.15";"src/librbd/io/QueueImageDispatch.cc";"";"M";"M";"7";"8";"FALSE";"100644";"100644";"e80d39e44210e64994ae3a66b9c5877aa4e2b2a0";"ea5ed63b4be5092c7360442a31b536737ca73909";"10";"10-rados-rbd-clients";"P1";"runtime/source";"deep";"Chọn đọc sâu theo nhóm: implementation thuộc RADOS/RBD/client/class, snapshot, diff và object-map.";"";"support";"RBD-001";"Dispatch-interface cleanup hỗ trợ snap-context correctness; không là risk độc lập.";"DiffIterate::execute; object_map::DiffRequest::process_object_map; ObjectMap::with_object_map";"2749dd34f1edddd33ba9b8c3d522d7df0e52eb90,9f7f52a88eaf5d67065909c69d1078911907f233,c06858d217d20bb59050d42ca53caeeadd918444,a92c533e56e65906e34a3a61e2af0f66c23d2954";"support-inspected"
"1364";"v16.2.5";"v16.2.15";"src/librbd/io/QueueImageDispatch.h";"";"M";"M";"8";"9";"FALSE";"100644";"100644";"60ee467502dad5e0fed87fe43e6e9b87409c6cf4";"9a41927ba379b54582d0fd1500afd85f884f4cf1";"10";"10-rados-rbd-clients";"P1";"runtime/source";"deep";"Chọn đọc sâu theo nhóm: implementation thuộc RADOS/RBD/client/class, snapshot, diff và object-map.";"";"support";"RBD-001";"Dispatch-interface cleanup hỗ trợ snap-context correctness; không là risk độc lập.";"DiffIterate::execute; object_map::DiffRequest::process_object_map; ObjectMap::with_object_map";"2749dd34f1edddd33ba9b8c3d522d7df0e52eb90,9f7f52a88eaf5d67065909c69d1078911907f233,c06858d217d20bb59050d42ca53caeeadd918444,a92c533e56e65906e34a3a61e2af0f66c23d2954";"support-inspected"
"1365";"v16.2.5";"v16.2.15";"src/librbd/io/RefreshImageDispatch.cc";"";"M";"M";"8";"9";"FALSE";"100644";"100644";"5199f01d85d8f257cad62e86d9ce84103f856bdd";"3141faf2526f6745c408964f48e57d31ed5ba2e2";"10";"10-rados-rbd-clients";"P1";"runtime/source";"deep";"Chọn đọc sâu theo nhóm: implementation thuộc RADOS/RBD/client/class, snapshot, diff và object-map.";"";"support";"RBD-001";"Dispatch-interface cleanup hỗ trợ snap-context correctness; không là risk độc lập.";"DiffIterate::execute; object_map::DiffRequest::process_object_map; ObjectMap::with_object_map";"2749dd34f1edddd33ba9b8c3d522d7df0e52eb90,9f7f52a88eaf5d67065909c69d1078911907f233,c06858d217d20bb59050d42ca53caeeadd918444,a92c533e56e65906e34a3a61e2af0f66c23d2954";"support-inspected"
"1366";"v16.2.5";"v16.2.15";"src/librbd/io/RefreshImageDispatch.h";"";"M";"M";"8";"9";"FALSE";"100644";"100644";"1bcb3c312cf7ae7997be8b10919bacea011d90d5";"668dec4195a4dfc479491d080e8d557533e8767a";"10";"10-rados-rbd-clients";"P1";"runtime/source";"deep";"Chọn đọc sâu theo nhóm: implementation thuộc RADOS/RBD/client/class, snapshot, diff và object-map.";"";"support";"RBD-001";"Dispatch-interface cleanup hỗ trợ snap-context correctness; không là risk độc lập.";"DiffIterate::execute; object_map::DiffRequest::process_object_map; ObjectMap::with_object_map";"2749dd34f1edddd33ba9b8c3d522d7df0e52eb90,9f7f52a88eaf5d67065909c69d1078911907f233,c06858d217d20bb59050d42ca53caeeadd918444,a92c533e56e65906e34a3a61e2af0f66c23d2954";"support-inspected"
"1367";"v16.2.5";"v16.2.15";"src/librbd/io/SimpleSchedulerObjectDispatch.cc";"";"M";"M";"2";"1";"FALSE";"100644";"100644";"6b50c46ad528214ee20f4eb9c548b2437ad608b2";"cd2ffb1975d183ad2f60aeb586d7209058227c59";"10";"10-rados-rbd-clients";"P1";"runtime/source";"deep";"Chọn đọc sâu theo nhóm: implementation thuộc RADOS/RBD/client/class, snapshot, diff và object-map.";"";"trivial";"";"Đã đọc net diff và lịch sử; thay đổi feature, refactor, test hoặc công cụ thông thường không có causal chain nâng cấp độc lập.";"";"";"screened-endpoint+history"
"1368";"v16.2.5";"v16.2.15";"src/librbd/io/TypeTraits.h";"";"M";"M";"1";"1";"FALSE";"100644";"100644";"34703158a3e68abf20b298fd336bc2de1b3292cb";"2f3a6b7efcf2959e6eaea41eab9a3f2e51b4c305";"10";"10-rados-rbd-clients";"P1";"runtime/source";"deep";"Chọn đọc sâu theo nhóm: implementation thuộc RADOS/RBD/client/class, snapshot, diff và object-map.";"";"trivial";"";"Đã đọc net diff và lịch sử; thay đổi feature, refactor, test hoặc công cụ thông thường không có causal chain nâng cấp độc lập.";"";"";"screened-endpoint+history"
"1369";"v16.2.5";"v16.2.15";"src/librbd/io/WriteBlockImageDispatch.cc";"";"M";"M";"8";"9";"FALSE";"100644";"100644";"4439a15a797edd41978f45909fbc0878886d6037";"57d181d20e30df99d015311fae805b6c10f38ede";"10";"10-rados-rbd-clients";"P1";"runtime/source";"deep";"Chọn đọc sâu theo nhóm: implementation thuộc RADOS/RBD/client/class, snapshot, diff và object-map.";"";"support";"RBD-001";"Dispatch-interface cleanup hỗ trợ snap-context correctness; không là risk độc lập.";"DiffIterate::execute; object_map::DiffRequest::process_object_map; ObjectMap::with_object_map";"2749dd34f1edddd33ba9b8c3d522d7df0e52eb90,9f7f52a88eaf5d67065909c69d1078911907f233,c06858d217d20bb59050d42ca53caeeadd918444,a92c533e56e65906e34a3a61e2af0f66c23d2954";"support-inspected"
"1370";"v16.2.5";"v16.2.15";"src/librbd/io/WriteBlockImageDispatch.h";"";"M";"M";"8";"9";"FALSE";"100644";"100644";"9d200fb975306c624696eda3f1f1f9ca95d70aa5";"b1d0ddb0ed094c9ad2692c118233c95e64e7581e";"10";"10-rados-rbd-clients";"P1";"runtime/source";"deep";"Chọn đọc sâu theo nhóm: implementation thuộc RADOS/RBD/client/class, snapshot, diff và object-map.";"";"support";"RBD-001";"Dispatch-interface cleanup hỗ trợ snap-context correctness; không là risk độc lập.";"DiffIterate::execute; object_map::DiffRequest::process_object_map; ObjectMap::with_object_map";"2749dd34f1edddd33ba9b8c3d522d7df0e52eb90,9f7f52a88eaf5d67065909c69d1078911907f233,c06858d217d20bb59050d42ca53caeeadd918444,a92c533e56e65906e34a3a61e2af0f66c23d2954";"support-inspected"
"1371";"v16.2.5";"v16.2.15";"src/librbd/journal/CreateRequest.h";"";"M";"M";"1";"1";"FALSE";"100644";"100644";"8a4e40f88c442d37bdfae5653f87df37f8e987ba";"6fab409c43021792ce49acc8e8753104853b5b35";"10";"10-rados-rbd-clients";"P1";"runtime/source";"deep";"Chọn đọc sâu theo nhóm: implementation thuộc RADOS/RBD/client/class, snapshot, diff và object-map.";"";"trivial";"";"Đã đọc net diff và lịch sử; thay đổi feature, refactor, test hoặc công cụ thông thường không có causal chain nâng cấp độc lập.";"";"";"screened-endpoint+history"
"1372";"v16.2.5";"v16.2.15";"src/librbd/journal/RemoveRequest.h";"";"M";"M";"1";"1";"FALSE";"100644";"100644";"13dff87a08e7e548675eb2ad7781e6564d7ef2e7";"14b1c4dc59e6db8c19d7bd3c9fd9ebb50eec2b86";"10";"10-rados-rbd-clients";"P1";"runtime/source";"deep";"Chọn đọc sâu theo nhóm: implementation thuộc RADOS/RBD/client/class, snapshot, diff và object-map.";"";"trivial";"";"Đã đọc net diff và lịch sử; thay đổi feature, refactor, test hoặc công cụ thông thường không có causal chain nâng cấp độc lập.";"";"";"screened-endpoint+history"
"1373";"v16.2.5";"v16.2.15";"src/librbd/journal/Replay.cc";"";"M";"M";"4";"8";"FALSE";"100644";"100644";"db73edb610947e6f77258a5ccdeeacb65892ed23";"93f3d6ca95ef97eb31fc37bd6715f17c8433529d";"10";"10-rados-rbd-clients";"P1";"runtime/source";"deep";"Chọn đọc sâu theo nhóm: implementation thuộc RADOS/RBD/client/class, snapshot, diff và object-map.";"";"mixed";"RBD-001";"Chứa snap-context correctness cho object-map/fast-diff cùng refactor khác.";"DiffIterate::execute; object_map::DiffRequest::process_object_map; ObjectMap::with_object_map";"2749dd34f1edddd33ba9b8c3d522d7df0e52eb90,9f7f52a88eaf5d67065909c69d1078911907f233,c06858d217d20bb59050d42ca53caeeadd918444,a92c533e56e65906e34a3a61e2af0f66c23d2954";"endpoint+history+tests-inspected"
"1374";"v16.2.5";"v16.2.15";"src/librbd/journal/ResetRequest.h";"";"M";"M";"1";"1";"FALSE";"100644";"100644";"44f5ac8a6bd7e07545b565eec8b56f10217f33aa";"f9331f6446490ff3884ba4decd45a3dfe74b983f";"10";"10-rados-rbd-clients";"P1";"runtime/source";"deep";"Chọn đọc sâu theo nhóm: implementation thuộc RADOS/RBD/client/class, snapshot, diff và object-map.";"";"trivial";"";"Đã đọc net diff và lịch sử; thay đổi feature, refactor, test hoặc công cụ thông thường không có causal chain nâng cấp độc lập.";"";"";"screened-endpoint+history"
"1375";"v16.2.5";"v16.2.15";"src/librbd/librbd.cc";"";"M";"M";"41";"31";"FALSE";"100644";"100644";"f099143d24600ce33981a34eec54c338570442d0";"eb2df58e7987bd637eaa5190d676a41d2c7c4ede";"10";"10-rados-rbd-clients";"P1";"runtime/source";"deep";"Chọn đọc sâu theo nhóm: implementation thuộc RADOS/RBD/client/class, snapshot, diff và object-map.";"";"trivial";"";"Đã đọc net diff và lịch sử; thay đổi feature, refactor, test hoặc công cụ thông thường không có causal chain nâng cấp độc lập.";"";"";"screened-endpoint+history"
"1376";"v16.2.5";"v16.2.15";"src/librbd/managed_lock/GetLockerRequest.cc";"";"M";"M";"5";"5";"FALSE";"100644";"100644";"6b2c27342bff1a912639ee9ca0cae8db1bf21e61";"ea898ab96fdecd75d50326f2cf5282ce3cb2187a";"10";"10-rados-rbd-clients";"P1";"runtime/source";"deep";"Chọn đọc sâu theo nhóm: implementation thuộc RADOS/RBD/client/class, snapshot, diff và object-map.";"";"trivial";"";"Đã đọc net diff và lịch sử; thay đổi feature, refactor, test hoặc công cụ thông thường không có causal chain nâng cấp độc lập.";"";"";"screened-endpoint+history"
"1377";"v16.2.5";"v16.2.15";"src/librbd/migration/ImageDispatch.cc";"";"M";"M";"5";"6";"FALSE";"100644";"100644";"3aa2eeb0bcb0a9a7096b53cc985f1ec7069758cf";"1ae143d78615a1c56603f2b5c76b3dcdbfb79b9c";"10";"10-rados-rbd-clients";"P1";"runtime/source";"deep";"Chọn đọc sâu theo nhóm: implementation thuộc RADOS/RBD/client/class, snapshot, diff và object-map.";"";"support";"RBD-001";"Dispatch-interface cleanup hỗ trợ snap-context correctness; không là risk độc lập.";"DiffIterate::execute; object_map::DiffRequest::process_object_map; ObjectMap::with_object_map";"2749dd34f1edddd33ba9b8c3d522d7df0e52eb90,9f7f52a88eaf5d67065909c69d1078911907f233,c06858d217d20bb59050d42ca53caeeadd918444,a92c533e56e65906e34a3a61e2af0f66c23d2954";"support-inspected"
"1378";"v16.2.5";"v16.2.15";"src/librbd/migration/ImageDispatch.h";"";"M";"M";"5";"6";"FALSE";"100644";"100644";"03bb3aa5213739060ff7dde38ea285a12f533384";"cd96141c0cc749e13b5169d456953ea1a9963404";"10";"10-rados-rbd-clients";"P1";"runtime/source";"deep";"Chọn đọc sâu theo nhóm: implementation thuộc RADOS/RBD/client/class, snapshot, diff và object-map.";"";"support";"RBD-001";"Dispatch-interface cleanup hỗ trợ snap-context correctness; không là risk độc lập.";"DiffIterate::execute; object_map::DiffRequest::process_object_map; ObjectMap::with_object_map";"2749dd34f1edddd33ba9b8c3d522d7df0e52eb90,9f7f52a88eaf5d67065909c69d1078911907f233,c06858d217d20bb59050d42ca53caeeadd918444,a92c533e56e65906e34a3a61e2af0f66c23d2954";"support-inspected"
"1379";"v16.2.5";"v16.2.15";"src/librbd/mirror/PromoteRequest.cc";"";"M";"M";"2";"1";"FALSE";"100644";"100644";"b7ae9366e20e4f073fdea0f6ce3505c4705eced1";"b119e4edcd95b3d761ea738743d173d66602b018";"10";"10-rados-rbd-clients";"P1";"runtime/source";"deep";"Chọn đọc sâu theo nhóm: implementation thuộc RADOS/RBD/client/class, snapshot, diff và object-map.";"";"conditional";"RBD-006";"Mirror snapshot lifecycle/failover metadata path; áp dụng khi RBD mirroring được dùng.";"CreatePrimaryRequest; UnlinkPeerRequest; ImageReplayer::stop; snapshot::Replayer";"3885255ea0ccc56a6c55bcef26729301fd6f787b,ba5364196433a54368532b0ae6ac2f58e568f65f,7d63ab5f97192b2bde876f6d0acd818d4789e612,8d242edf1c61410461b05570d7968dad0b67f118";"endpoint+history+tests-inspected"
"1380";"v16.2.5";"v16.2.15";"src/librbd/mirror/snapshot/CreatePrimaryRequest.cc";"";"M";"M";"54";"50";"FALSE";"100644";"100644";"13f7894156ed16cc91513668cad470a9c0b384c9";"7c88ea1ce0a6b1e3157d6e51eaa0db152f2b1b45";"10";"10-rados-rbd-clients";"P1";"runtime/source";"deep";"Chọn đọc sâu theo nhóm: implementation thuộc RADOS/RBD/client/class, snapshot, diff và object-map.";"";"conditional";"RBD-006";"Mirror snapshot lifecycle/failover metadata path; áp dụng khi RBD mirroring được dùng.";"CreatePrimaryRequest; UnlinkPeerRequest; ImageReplayer::stop; snapshot::Replayer";"3885255ea0ccc56a6c55bcef26729301fd6f787b,ba5364196433a54368532b0ae6ac2f58e568f65f,7d63ab5f97192b2bde876f6d0acd818d4789e612,8d242edf1c61410461b05570d7968dad0b67f118";"endpoint+history+tests-inspected"
"1381";"v16.2.5";"v16.2.15";"src/librbd/mirror/snapshot/PromoteRequest.h";"";"M";"M";"1";"1";"FALSE";"100644";"100644";"9fdd5ed71a5d9c1d893c9d3f8dc9dc80e27b9a65";"1d9a862a0afb3ef53390ab6f88f4b3d27d434743";"10";"10-rados-rbd-clients";"P1";"runtime/source";"deep";"Chọn đọc sâu theo nhóm: implementation thuộc RADOS/RBD/client/class, snapshot, diff và object-map.";"";"conditional";"RBD-006";"Mirror snapshot lifecycle/failover metadata path; áp dụng khi RBD mirroring được dùng.";"CreatePrimaryRequest; UnlinkPeerRequest; ImageReplayer::stop; snapshot::Replayer";"3885255ea0ccc56a6c55bcef26729301fd6f787b,ba5364196433a54368532b0ae6ac2f58e568f65f,7d63ab5f97192b2bde876f6d0acd818d4789e612,8d242edf1c61410461b05570d7968dad0b67f118";"endpoint+history+tests-inspected"
"1382";"v16.2.5";"v16.2.15";"src/librbd/mirror/snapshot/UnlinkPeerRequest.cc";"";"M";"M";"38";"43";"FALSE";"100644";"100644";"6e1884249360690f5a6e8f7696471eed14eeaaff";"4c5c50e6439748fe289c550e2d697f3de3daf671";"10";"10-rados-rbd-clients";"P1";"runtime/source";"deep";"Chọn đọc sâu theo nhóm: implementation thuộc RADOS/RBD/client/class, snapshot, diff và object-map.";"";"conditional";"RBD-006";"Mirror snapshot lifecycle/failover metadata path; áp dụng khi RBD mirroring được dùng.";"CreatePrimaryRequest; UnlinkPeerRequest; ImageReplayer::stop; snapshot::Replayer";"3885255ea0ccc56a6c55bcef26729301fd6f787b,ba5364196433a54368532b0ae6ac2f58e568f65f,7d63ab5f97192b2bde876f6d0acd818d4789e612,8d242edf1c61410461b05570d7968dad0b67f118";"endpoint+history+tests-inspected"
"1383";"v16.2.5";"v16.2.15";"src/librbd/mirror/snapshot/UnlinkPeerRequest.h";"";"M";"M";"10";"7";"FALSE";"100644";"100644";"9ef47269d87609e51e3ab85d271c59b89e5f127a";"192b40d6e5e676a6357e365695868f5b3fb386fc";"10";"10-rados-rbd-clients";"P1";"runtime/source";"deep";"Chọn đọc sâu theo nhóm: implementation thuộc RADOS/RBD/client/class, snapshot, diff và object-map.";"";"conditional";"RBD-006";"Mirror snapshot lifecycle/failover metadata path; áp dụng khi RBD mirroring được dùng.";"CreatePrimaryRequest; UnlinkPeerRequest; ImageReplayer::stop; snapshot::Replayer";"3885255ea0ccc56a6c55bcef26729301fd6f787b,ba5364196433a54368532b0ae6ac2f58e568f65f,7d63ab5f97192b2bde876f6d0acd818d4789e612,8d242edf1c61410461b05570d7968dad0b67f118";"endpoint+history+tests-inspected"
"1384";"v16.2.5";"v16.2.15";"src/librbd/object_map/DiffRequest.cc";"";"M";"M";"249";"131";"FALSE";"100644";"100644";"a8331bc5afc47490be536917cebdac7f18c55832";"488e355b912ce6718d8aeb6cc3c6a6c463a12c3a";"10";"10-rados-rbd-clients";"P1";"runtime/source";"deep";"Chọn đọc sâu theo nhóm: implementation thuộc RADOS/RBD/client/class, snapshot, diff và object-map.";"";"conditional";"RBD-001";"Fast-diff/object-map đổi correctness hoặc đường thực thi; áp dụng khi workload dùng diff/export/backup.";"DiffIterate::execute; object_map::DiffRequest::process_object_map; ObjectMap::with_object_map";"2749dd34f1edddd33ba9b8c3d522d7df0e52eb90,9f7f52a88eaf5d67065909c69d1078911907f233,c06858d217d20bb59050d42ca53caeeadd918444,a92c533e56e65906e34a3a61e2af0f66c23d2954";"endpoint+history+tests-inspected"
"1385";"v16.2.5";"v16.2.15";"src/librbd/object_map/DiffRequest.h";"";"M";"M";"16";"13";"FALSE";"100644";"100644";"e83a1629e62339023c81090a9f7e3ec767d54cde";"740f4e02a11742b279fb12c3a5eb5ed9041907fc";"10";"10-rados-rbd-clients";"P1";"runtime/source";"deep";"Chọn đọc sâu theo nhóm: implementation thuộc RADOS/RBD/client/class, snapshot, diff và object-map.";"";"conditional";"RBD-001";"Fast-diff/object-map đổi correctness hoặc đường thực thi; áp dụng khi workload dùng diff/export/backup.";"DiffIterate::execute; object_map::DiffRequest::process_object_map; ObjectMap::with_object_map";"2749dd34f1edddd33ba9b8c3d522d7df0e52eb90,9f7f52a88eaf5d67065909c69d1078911907f233,c06858d217d20bb59050d42ca53caeeadd918444,a92c533e56e65906e34a3a61e2af0f66c23d2954";"endpoint+history+tests-inspected"
"1386";"v16.2.5";"v16.2.15";"src/librbd/object_map/Types.h";"";"M";"M";"11";"4";"FALSE";"100644";"100644";"0ce91bd96a1c140ecc0cf94f5e9c49bcb5984ce2";"576ea0e4b6b70f774db57a5c46f0eb6b888db8aa";"10";"10-rados-rbd-clients";"P1";"runtime/source";"deep";"Chọn đọc sâu theo nhóm: implementation thuộc RADOS/RBD/client/class, snapshot, diff và object-map.";"";"conditional";"RBD-001";"Fast-diff/object-map đổi correctness hoặc đường thực thi; áp dụng khi workload dùng diff/export/backup.";"DiffIterate::execute; object_map::DiffRequest::process_object_map; ObjectMap::with_object_map";"2749dd34f1edddd33ba9b8c3d522d7df0e52eb90,9f7f52a88eaf5d67065909c69d1078911907f233,c06858d217d20bb59050d42ca53caeeadd918444,a92c533e56e65906e34a3a61e2af0f66c23d2954";"endpoint+history+tests-inspected"
"1387";"v16.2.5";"v16.2.15";"src/librbd/operation/SnapshotRemoveRequest.cc";"";"M";"M";"3";"2";"FALSE";"100644";"100644";"b78be8a0af6bb4fb403d52a9139ea31d263d5ca3";"a8bb8fa7996214971146c8059d44cf125d8888d1";"10";"10-rados-rbd-clients";"P1";"runtime/source";"deep";"Chọn đọc sâu theo nhóm: implementation thuộc RADOS/RBD/client/class, snapshot, diff và object-map.";"";"support";"RBD-006";"Snapshot removal path hỗ trợ mirror lifecycle; không là finding độc lập.";"CreatePrimaryRequest; UnlinkPeerRequest; ImageReplayer::stop; snapshot::Replayer";"3885255ea0ccc56a6c55bcef26729301fd6f787b,ba5364196433a54368532b0ae6ac2f58e568f65f,7d63ab5f97192b2bde876f6d0acd818d4789e612,8d242edf1c61410461b05570d7968dad0b67f118";"support-inspected"
"1388";"v16.2.5";"v16.2.15";"src/librbd/plugin/Api.h";"";"M";"M";"1";"2";"FALSE";"100644";"100644";"2d55c17c19fe06128bbdd1a46e57d62a42f61bef";"04f77e5c3e76d6ff34e93c0ea9f298ccffd70cc8";"10";"10-rados-rbd-clients";"P1";"runtime/source";"deep";"Chọn đọc sâu theo nhóm: implementation thuộc RADOS/RBD/client/class, snapshot, diff và object-map.";"";"trivial";"";"Đã đọc net diff và lịch sử; thay đổi feature, refactor, test hoặc công cụ thông thường không có causal chain nâng cấp độc lập.";"";"";"screened-endpoint+history"
"1547";"v16.2.5";"v16.2.15";"src/neorados/CMakeLists.txt";"";"M";"M";"2";"3";"FALSE";"100644";"100644";"50272374d2b5e0727a9fe053d3c313193e760374";"5f61a0ba3d3330f3cb9cc79d1926b242527142e9";"10";"10-rados-rbd-clients";"P1";"build/package";"deep";"Đọc sâu khi ảnh hưởng build, package, quyền hoặc service: RADOS/RBD/client/class, snapshot, diff và object-map.";"";"trivial";"";"Đã đọc net diff và lịch sử; thay đổi feature, refactor, test hoặc công cụ thông thường không có causal chain nâng cấp độc lập.";"";"";"screened-endpoint+history"
"1548";"v16.2.5";"v16.2.15";"src/neorados/RADOS.cc";"";"M";"M";"25";"8";"FALSE";"100644";"100644";"c3666820acb6c8126242fe2354360a0dcecc9263";"927f995cce660ccafc3a53d30bf6824bd018b9b1";"10";"10-rados-rbd-clients";"P1";"runtime/source";"deep";"Chọn đọc sâu theo nhóm: implementation thuộc RADOS/RBD/client/class, snapshot, diff và object-map.";"";"trivial";"";"Đã đọc net diff và lịch sử; thay đổi feature, refactor, test hoặc công cụ thông thường không có causal chain nâng cấp độc lập.";"";"";"screened-endpoint+history"
"1549";"v16.2.5";"v16.2.15";"src/neorados/RADOSImpl.cc";"";"M";"M";"1";"1";"FALSE";"100644";"100644";"bddd62c2f8ba16e6f1172fdcd7d20f35ca19eb03";"6c9c210a85cde02f391758e5920ebcc97a11e7c7";"10";"10-rados-rbd-clients";"P1";"runtime/source";"deep";"Chọn đọc sâu theo nhóm: implementation thuộc RADOS/RBD/client/class, snapshot, diff và object-map.";"";"trivial";"";"Đã đọc net diff và lịch sử; thay đổi feature, refactor, test hoặc công cụ thông thường không có causal chain nâng cấp độc lập.";"";"";"screened-endpoint+history"
"1550";"v16.2.5";"v16.2.15";"src/neorados/cls/fifo.cc";"";"D";"D";"0";"385";"FALSE";"100644";"0";"fa99275b25f96cbf3350830f35a72504b89070d1";"0";"10";"10-rados-rbd-clients";"P1";"runtime/source";"deep";"Chọn đọc sâu theo nhóm: implementation thuộc RADOS/RBD/client/class, snapshot, diff và object-map.";"";"trivial";"";"Đã đọc net diff và lịch sử; thay đổi feature, refactor, test hoặc công cụ thông thường không có causal chain nâng cấp độc lập.";"";"";"screened-endpoint+history"
"1551";"v16.2.5";"v16.2.15";"src/neorados/cls/fifo.h";"";"D";"D";"0";"1754";"FALSE";"100644";"0";"05865dccace3c4e5c92261ce2d36ad160db4d4e9";"0";"10";"10-rados-rbd-clients";"P1";"runtime/source";"deep";"Chọn đọc sâu theo nhóm: implementation thuộc RADOS/RBD/client/class, snapshot, diff và object-map.";"";"trivial";"";"Đã đọc net diff và lịch sử; thay đổi feature, refactor, test hoặc công cụ thông thường không có causal chain nâng cấp độc lập.";"";"";"screened-endpoint+history"
"1617";"v16.2.5";"v16.2.15";"src/osdc/Journaler.cc";"";"M";"M";"32";"9";"FALSE";"100644";"100644";"6e1cbd930ac2cf4500cc2f2dab8ce24e7095ba69";"35641b17665b26ed43bd6738b15fd48d0cade2f1";"10";"10-rados-rbd-clients";"P1";"runtime/source";"deep";"Chọn đọc sâu theo nhóm: implementation thuộc RADOS/RBD/client/class, snapshot, diff và object-map.";"";"trivial";"";"Đã đọc net diff và lịch sử; thay đổi feature, refactor, test hoặc công cụ thông thường không có causal chain nâng cấp độc lập.";"";"";"screened-endpoint+history"
"1618";"v16.2.5";"v16.2.15";"src/osdc/Journaler.h";"";"M";"M";"4";"1";"FALSE";"100644";"100644";"3e8f0f6650b8f01f79e275891f47a4b166b5f402";"d41c1ede6788e67f8ccf8bf7a887424810807025";"10";"10-rados-rbd-clients";"P1";"runtime/source";"deep";"Chọn đọc sâu theo nhóm: implementation thuộc RADOS/RBD/client/class, snapshot, diff và object-map.";"";"trivial";"";"Đã đọc net diff và lịch sử; thay đổi feature, refactor, test hoặc công cụ thông thường không có causal chain nâng cấp độc lập.";"";"";"screened-endpoint+history"
"1619";"v16.2.5";"v16.2.15";"src/osdc/ObjectCacher.cc";"";"M";"M";"1";"0";"FALSE";"100644";"100644";"7522c8258c83fe7dfa8bc9c160b69d0071826fa4";"f2b6d9736749f0941556dfe76dca57d42f2c3e06";"10";"10-rados-rbd-clients";"P1";"runtime/source";"deep";"Chọn đọc sâu theo nhóm: implementation thuộc RADOS/RBD/client/class, snapshot, diff và object-map.";"";"trivial";"";"Đã đọc net diff và lịch sử; thay đổi feature, refactor, test hoặc công cụ thông thường không có causal chain nâng cấp độc lập.";"";"";"screened-endpoint+history"
"1620";"v16.2.5";"v16.2.15";"src/osdc/ObjectCacher.h";"";"M";"M";"7";"0";"FALSE";"100644";"100644";"d5a77cd18aa19f6feee5b30694d485c12ea1d22b";"2101692e14054311ae1b510139cfb19bfe09cad8";"10";"10-rados-rbd-clients";"P1";"runtime/source";"deep";"Chọn đọc sâu theo nhóm: implementation thuộc RADOS/RBD/client/class, snapshot, diff và object-map.";"";"trivial";"";"Đã đọc net diff và lịch sử; thay đổi feature, refactor, test hoặc công cụ thông thường không có causal chain nâng cấp độc lập.";"";"";"screened-endpoint+history"
"1621";"v16.2.5";"v16.2.15";"src/osdc/Objecter.cc";"";"M";"M";"19";"5";"FALSE";"100644";"100644";"d935b73adb948a32d77d914f1c5b044416e441e9";"a1df651f496850b43ad7e7a7428a39809e059233";"10";"10-rados-rbd-clients";"P1";"runtime/source";"deep";"Chọn đọc sâu theo nhóm: implementation thuộc RADOS/RBD/client/class, snapshot, diff và object-map.";"";"trivial";"";"Đã đọc net diff và lịch sử; thay đổi feature, refactor, test hoặc công cụ thông thường không có causal chain nâng cấp độc lập.";"";"";"screened-endpoint+history"
"1622";"v16.2.5";"v16.2.15";"src/osdc/Objecter.h";"";"M";"M";"1";"5";"FALSE";"100644";"100644";"5af605913c06d1cbffa8e43791aa35a89534fdd4";"163a3359de799f6b909c7e4ef1465cbc40ca062c";"10";"10-rados-rbd-clients";"P1";"runtime/source";"deep";"Chọn đọc sâu theo nhóm: implementation thuộc RADOS/RBD/client/class, snapshot, diff và object-map.";"";"trivial";"";"Đã đọc net diff và lịch sử; thay đổi feature, refactor, test hoặc công cụ thông thường không có causal chain nâng cấp độc lập.";"";"";"screened-endpoint+history"
"2171";"v16.2.5";"v16.2.15";"src/pybind/mgr/mirroring/fs/dir_map/policy.py";"";"M";"M";"6";"1";"FALSE";"100644";"100644";"608a92bf541bfaf014901eeb27813d5a19929f83";"aef90b55fe5f4afedfeb704754a691a599da077a";"10";"10-rados-rbd-clients";"P1";"runtime/source";"deep";"Chọn đọc sâu theo nhóm: implementation thuộc RADOS/RBD/client/class, snapshot, diff và object-map.";"";"trivial";"";"Đã đọc net diff và lịch sử; thay đổi feature, refactor, test hoặc công cụ thông thường không có causal chain nâng cấp độc lập.";"";"";"screened-endpoint+history"
"2172";"v16.2.5";"v16.2.15";"src/pybind/mgr/mirroring/fs/snapshot_mirror.py";"";"M";"M";"33";"36";"FALSE";"100644";"100644";"583a8037b6118be078877922e7f0a87f96d349a1";"6fa8d0c4c53382b635c27d1fff0516d2354dc1c5";"10";"10-rados-rbd-clients";"P1";"runtime/source";"deep";"Chọn đọc sâu theo nhóm: implementation thuộc RADOS/RBD/client/class, snapshot, diff và object-map.";"";"trivial";"";"Đã đọc net diff và lịch sử; thay đổi feature, refactor, test hoặc công cụ thông thường không có causal chain nâng cấp độc lập.";"";"";"screened-endpoint+history"
"2173";"v16.2.5";"v16.2.15";"src/pybind/mgr/mirroring/module.py";"";"M";"M";"5";"5";"FALSE";"100644";"100644";"19b0f76edbac9bbfcb9f24548ca04ed1b0fc141c";"4b4354ab2b9c4e0ede13153b2cac5d62f560137a";"10";"10-rados-rbd-clients";"P1";"runtime/source";"deep";"Chọn đọc sâu theo nhóm: implementation thuộc RADOS/RBD/client/class, snapshot, diff và object-map.";"";"trivial";"";"Đã đọc net diff và lịch sử; thay đổi feature, refactor, test hoặc công cụ thông thường không có causal chain nâng cấp độc lập.";"";"";"screened-endpoint+history"
"2197";"v16.2.5";"v16.2.15";"src/pybind/mgr/rbd_support/mirror_snapshot_schedule.py";"";"M";"M";"79";"194";"FALSE";"100644";"100644";"e5a14e46787769c7ab9be1c6299caa2bbc500aff";"a8b56b165cb846710145ccdf19783ffc96d5a0c1";"10";"10-rados-rbd-clients";"P1";"runtime/source";"deep";"Chọn đọc sâu theo nhóm: implementation thuộc RADOS/RBD/client/class, snapshot, diff và object-map.";"";"mixed";"RBD-007";"Chứa blocklist auto-recovery của rbd_support cùng schedule/perf feature work.";"ManagedLock::send_acquire_lock; ImageWatcher::rewatch; RefreshRequest; rbd_support.Module";"ea3e1f47e400644e7a2b65fefa2af35ec68cdb6c,97b3d05d44c5bed76ef311231015342c5ed50c4c,ba3871568a8224a2b19c17e09d772eb2e427f765,5bc2d002e70959f177543ba72946d60e6d2ce4ab";"endpoint+history+tests-inspected"
"2198";"v16.2.5";"v16.2.15";"src/pybind/mgr/rbd_support/module.py";"";"M";"M";"56";"1";"FALSE";"100644";"100644";"82bd06e6238d1035d65542e7571723e906b4ce48";"79944a1d82c5ff5b972635b75dc61b35952f181d";"10";"10-rados-rbd-clients";"P1";"runtime/source";"deep";"Chọn đọc sâu theo nhóm: implementation thuộc RADOS/RBD/client/class, snapshot, diff và object-map.";"";"mixed";"RBD-007";"Chứa blocklist auto-recovery của rbd_support cùng schedule/perf feature work.";"ManagedLock::send_acquire_lock; ImageWatcher::rewatch; RefreshRequest; rbd_support.Module";"ea3e1f47e400644e7a2b65fefa2af35ec68cdb6c,97b3d05d44c5bed76ef311231015342c5ed50c4c,ba3871568a8224a2b19c17e09d772eb2e427f765,5bc2d002e70959f177543ba72946d60e6d2ce4ab";"endpoint+history+tests-inspected"
"2199";"v16.2.5";"v16.2.15";"src/pybind/mgr/rbd_support/perf.py";"";"M";"M";"25";"11";"FALSE";"100644";"100644";"c5accf1140c5584221f6509305eabc5df47facc5";"469309c60f1e997c3ea488e9ac556e33e19bdb1b";"10";"10-rados-rbd-clients";"P1";"runtime/source";"deep";"Chọn đọc sâu theo nhóm: implementation thuộc RADOS/RBD/client/class, snapshot, diff và object-map.";"";"mixed";"RBD-007";"Chứa blocklist auto-recovery của rbd_support cùng schedule/perf feature work.";"ManagedLock::send_acquire_lock; ImageWatcher::rewatch; RefreshRequest; rbd_support.Module";"ea3e1f47e400644e7a2b65fefa2af35ec68cdb6c,97b3d05d44c5bed76ef311231015342c5ed50c4c,ba3871568a8224a2b19c17e09d772eb2e427f765,5bc2d002e70959f177543ba72946d60e6d2ce4ab";"endpoint+history+tests-inspected"
"2200";"v16.2.5";"v16.2.15";"src/pybind/mgr/rbd_support/schedule.py";"";"M";"M";"19";"12";"FALSE";"100644";"100644";"09e9a26a9ea79e45b81d0f50a48a05cd2fc83b30";"d9ffb6f72316b49af1cfde3353267cb8cbc7d1aa";"10";"10-rados-rbd-clients";"P1";"runtime/source";"deep";"Chọn đọc sâu theo nhóm: implementation thuộc RADOS/RBD/client/class, snapshot, diff và object-map.";"";"mixed";"RBD-007";"Chứa blocklist auto-recovery của rbd_support cùng schedule/perf feature work.";"ManagedLock::send_acquire_lock; ImageWatcher::rewatch; RefreshRequest; rbd_support.Module";"ea3e1f47e400644e7a2b65fefa2af35ec68cdb6c,97b3d05d44c5bed76ef311231015342c5ed50c4c,ba3871568a8224a2b19c17e09d772eb2e427f765,5bc2d002e70959f177543ba72946d60e6d2ce4ab";"endpoint+history+tests-inspected"
"2201";"v16.2.5";"v16.2.15";"src/pybind/mgr/rbd_support/task.py";"";"M";"M";"29";"13";"FALSE";"100644";"100644";"87d43eca15a6e97bd103d088df2a793614e6d18b";"ca3005c0c14a33f11e21f2e63560ba2fe90fccfe";"10";"10-rados-rbd-clients";"P1";"runtime/source";"deep";"Chọn đọc sâu theo nhóm: implementation thuộc RADOS/RBD/client/class, snapshot, diff và object-map.";"";"mixed";"RBD-007";"Chứa blocklist auto-recovery của rbd_support cùng schedule/perf feature work.";"ManagedLock::send_acquire_lock; ImageWatcher::rewatch; RefreshRequest; rbd_support.Module";"ea3e1f47e400644e7a2b65fefa2af35ec68cdb6c,97b3d05d44c5bed76ef311231015342c5ed50c4c,ba3871568a8224a2b19c17e09d772eb2e427f765,5bc2d002e70959f177543ba72946d60e6d2ce4ab";"endpoint+history+tests-inspected"
"2202";"v16.2.5";"v16.2.15";"src/pybind/mgr/rbd_support/trash_purge_schedule.py";"";"M";"M";"74";"44";"FALSE";"100644";"100644";"930607d4843073edd7209d876b52b8e021fff6b7";"9b8e7b9e8c05941264bae88a3646c5b685804ed6";"10";"10-rados-rbd-clients";"P1";"runtime/source";"deep";"Chọn đọc sâu theo nhóm: implementation thuộc RADOS/RBD/client/class, snapshot, diff và object-map.";"";"mixed";"RBD-007";"Chứa blocklist auto-recovery của rbd_support cùng schedule/perf feature work.";"ManagedLock::send_acquire_lock; ImageWatcher::rewatch; RefreshRequest; rbd_support.Module";"ea3e1f47e400644e7a2b65fefa2af35ec68cdb6c,97b3d05d44c5bed76ef311231015342c5ed50c4c,ba3871568a8224a2b19c17e09d772eb2e427f765,5bc2d002e70959f177543ba72946d60e6d2ce4ab";"endpoint+history+tests-inspected"
"2237";"v16.2.5";"v16.2.15";"src/pybind/rados/c_rados.pxd";"";"M";"M";"9";"0";"FALSE";"100644";"100644";"97ee5d0b9063c5ce846a36bbd1a91900e689b2f8";"51564c03c66273541074c4d3a1a4aa9198cd0480";"10";"10-rados-rbd-clients";"P1";"runtime/source";"deep";"Chọn đọc sâu theo nhóm: implementation thuộc RADOS/RBD/client/class, snapshot, diff và object-map.";"";"trivial";"";"Đã đọc net diff và lịch sử; thay đổi feature, refactor, test hoặc công cụ thông thường không có causal chain nâng cấp độc lập.";"";"";"screened-endpoint+history"
"2238";"v16.2.5";"v16.2.15";"src/pybind/rados/mock_rados.pxi";"";"M";"M";"11";"0";"FALSE";"100644";"100644";"38053af8020e3efa384d3eaad16b6480d07c760e";"4c1fe858b1a5fbc9fe0f97ac7db7bb7bf27a2775";"10";"10-rados-rbd-clients";"P1";"runtime/source";"deep";"Chọn đọc sâu theo nhóm: implementation thuộc RADOS/RBD/client/class, snapshot, diff và object-map.";"";"trivial";"";"Đã đọc net diff và lịch sử; thay đổi feature, refactor, test hoặc công cụ thông thường không có causal chain nâng cấp độc lập.";"";"";"screened-endpoint+history"
"2239";"v16.2.5";"v16.2.15";"src/pybind/rados/rados.pyx";"";"M";"M";"44";"8";"FALSE";"100644";"100644";"0c300ca4047782b36826b390533f742572145671";"9638a96eb98a08c031066c4f5959444a1b4b5922";"10";"10-rados-rbd-clients";"P1";"runtime/source";"deep";"Chọn đọc sâu theo nhóm: implementation thuộc RADOS/RBD/client/class, snapshot, diff và object-map.";"";"trivial";"";"Đã đọc net diff và lịch sử; thay đổi feature, refactor, test hoặc công cụ thông thường không có causal chain nâng cấp độc lập.";"";"";"screened-endpoint+history"
"2240";"v16.2.5";"v16.2.15";"src/pybind/rbd/rbd.pyx";"";"M";"M";"26";"13";"FALSE";"100644";"100644";"82dd0b47fce383f103b61b56a0a117a3ffb902a5";"e2a22ef183a44c8879efb50cbead53f6b1c737f4";"10";"10-rados-rbd-clients";"P1";"runtime/source";"deep";"Chọn đọc sâu theo nhóm: implementation thuộc RADOS/RBD/client/class, snapshot, diff và object-map.";"";"trivial";"";"Đã đọc net diff và lịch sử; thay đổi feature, refactor, test hoặc công cụ thông thường không có causal chain nâng cấp độc lập.";"";"";"screened-endpoint+history"
"2257";"v16.2.5";"v16.2.15";"src/rbd_fuse/rbd-fuse.cc";"";"M";"M";"18";"9";"FALSE";"100644";"100644";"6d6db311929c5899b40df42de9ae365b671dab5a";"12e30ceb04c61d638eae810d6d219a8e34492172";"10";"10-rados-rbd-clients";"P1";"runtime/source";"deep";"Chọn đọc sâu theo nhóm: implementation thuộc RADOS/RBD/client/class, snapshot, diff và object-map.";"";"trivial";"";"Đã đọc net diff và lịch sử; thay đổi feature, refactor, test hoặc công cụ thông thường không có causal chain nâng cấp độc lập.";"";"";"screened-endpoint+history"
"2409";"v16.2.5";"v16.2.15";"src/test/cls_fifo/CMakeLists.txt";"";"D";"D";"0";"34";"FALSE";"100644";"0";"3abf7634a2fe7a0718d2bf41594d8cae0f5e1e94";"0";"10";"10-rados-rbd-clients";"P2";"test/QA";"reference-only";"Không đọc độc lập";"";"trivial";"";"Đã đọc net diff và lịch sử; thay đổi feature, refactor, test hoặc công cụ thông thường không có causal chain nâng cấp độc lập.";"";"";"screened-endpoint+history"
"2410";"v16.2.5";"v16.2.15";"src/test/cls_fifo/bench_cls_fifo.cc";"";"D";"D";"0";"462";"FALSE";"100644";"0";"df390cd3171252d24baa86962d40f03f50a0f10b";"0";"10";"10-rados-rbd-clients";"P2";"test/QA";"reference-only";"Không đọc độc lập";"";"trivial";"";"Đã đọc net diff và lịch sử; thay đổi feature, refactor, test hoặc công cụ thông thường không có causal chain nâng cấp độc lập.";"";"";"screened-endpoint+history"
"2411";"v16.2.5";"v16.2.15";"src/test/cls_fifo/test_cls_fifo.cc";"";"D";"D";"0";"739";"FALSE";"100644";"0";"484248c0c81ca3178df8ae4c5e234ab9c0f305ff";"0";"10";"10-rados-rbd-clients";"P2";"test/QA";"reference-only";"Không đọc độc lập";"";"trivial";"";"Đã đọc net diff và lịch sử; thay đổi feature, refactor, test hoặc công cụ thông thường không có causal chain nâng cấp độc lập.";"";"";"screened-endpoint+history"
"2412";"v16.2.5";"v16.2.15";"src/test/cls_rbd/test_cls_rbd.cc";"";"M";"M";"35";"22";"FALSE";"100644";"100644";"d01e04704ff6424f9229f37de5134fb013244dcf";"a7da3a1cdd68e2b985dad3260ec4479eaa046014";"10";"10-rados-rbd-clients";"P2";"test/QA";"reference-only";"Không đọc độc lập";"";"trivial";"";"Đã đọc net diff và lịch sử; thay đổi feature, refactor, test hoặc công cụ thông thường không có causal chain nâng cấp độc lập.";"";"";"screened-endpoint+history"
"2423";"v16.2.5";"v16.2.15";"src/test/fio/CMakeLists.txt";"";"M";"M";"0";"24";"FALSE";"100644";"100644";"5f2a51491ea642a2f78a18b43a0c2c741c8cd293";"60731a0c5ed1246bc66bb85aa8b75a58699dd487";"10";"10-rados-rbd-clients";"P2";"test/QA";"reference-only";"Không đọc độc lập";"";"trivial";"";"Đã đọc net diff và lịch sử; thay đổi feature, refactor, test hoặc công cụ thông thường không có causal chain nâng cấp độc lập.";"";"";"screened-endpoint+history"
"2424";"v16.2.5";"v16.2.15";"src/test/fio/fio_ceph_messenger.cc";"";"M";"M";"1";"1";"FALSE";"100644";"100644";"4a4cf4fb575125d88dba96815095d93e7f68500f";"e5e170288ffe25c21b9eaa2bf86c861624038c4d";"10";"10-rados-rbd-clients";"P2";"test/QA";"reference-only";"Không đọc độc lập";"";"trivial";"";"Đã đọc net diff và lịch sử; thay đổi feature, refactor, test hoặc công cụ thông thường không có causal chain nâng cấp độc lập.";"";"";"screened-endpoint+history"
"2425";"v16.2.5";"v16.2.15";"src/test/fio/fio_librgw.cc";"";"M";"M";"1";"1";"FALSE";"100644";"100644";"0def8aac7240b63c49924b32654c6cca464acd57";"b088b68f96c5ceb1296edc59a0e7d2fc1e700a3f";"10";"10-rados-rbd-clients";"P2";"test/QA";"reference-only";"Không đọc độc lập";"";"trivial";"";"Đã đọc net diff và lịch sử; thay đổi feature, refactor, test hoặc công cụ thông thường không có causal chain nâng cấp độc lập.";"";"";"screened-endpoint+history"
"2436";"v16.2.5";"v16.2.15";"src/test/librados/TestCase.cc";"";"M";"M";"9";"4";"FALSE";"100644";"100644";"1066587b5ec91b2ff2f9e7563d267f55ea1a2416";"45ab25b2eafa6926ac48e7288c236a7947bfe0d7";"10";"10-rados-rbd-clients";"P2";"test/QA";"reference-only";"Không đọc độc lập";"";"trivial";"";"Đã đọc net diff và lịch sử; thay đổi feature, refactor, test hoặc công cụ thông thường không có causal chain nâng cấp độc lập.";"";"";"screened-endpoint+history"
"2437";"v16.2.5";"v16.2.15";"src/test/librados/aio.cc";"";"M";"M";"35";"2";"FALSE";"100644";"100644";"2ffff1c342db2be48d20f9a244b94d9dd5cc53f5";"9e9ff26d93ef546337ee117049c37c531d718b90";"10";"10-rados-rbd-clients";"P2";"test/QA";"reference-only";"Không đọc độc lập";"";"trivial";"";"Đã đọc net diff và lịch sử; thay đổi feature, refactor, test hoặc công cụ thông thường không có causal chain nâng cấp độc lập.";"";"";"screened-endpoint+history"
"2438";"v16.2.5";"v16.2.15";"src/test/librados/aio_cxx.cc";"";"M";"M";"236";"119";"FALSE";"100644";"100644";"84ea454e85ccfe82b3a1524fe501f2afb3f05606";"c889677e67bdb6883922bc4c87dbf3f9e0d7768f";"10";"10-rados-rbd-clients";"P2";"test/QA";"reference-only";"Không đọc độc lập";"";"trivial";"";"Đã đọc net diff và lịch sử; thay đổi feature, refactor, test hoặc công cụ thông thường không có causal chain nâng cấp độc lập.";"";"";"screened-endpoint+history"
"2439";"v16.2.5";"v16.2.15";"src/test/librados/misc.cc";"";"M";"M";"24";"18";"FALSE";"100644";"100644";"bffab46cbe1f60934db1f2e7d1973d5571e05256";"9cf58543e7e31d731516f650fe8ff312fa6d8645";"10";"10-rados-rbd-clients";"P2";"test/QA";"reference-only";"Không đọc độc lập";"";"trivial";"";"Đã đọc net diff và lịch sử; thay đổi feature, refactor, test hoặc công cụ thông thường không có causal chain nâng cấp độc lập.";"";"";"screened-endpoint+history"
"2440";"v16.2.5";"v16.2.15";"src/test/librados/pool.cc";"";"M";"M";"34";"0";"FALSE";"100644";"100644";"4b0a3cc0246a9b24a4a990b9b54d475178fe6c14";"19a170ed27bf99b23816931120d39b8fa1f888c6";"10";"10-rados-rbd-clients";"P2";"test/QA";"reference-only";"Không đọc độc lập";"";"trivial";"";"Đã đọc net diff và lịch sử; thay đổi feature, refactor, test hoặc công cụ thông thường không có causal chain nâng cấp độc lập.";"";"";"screened-endpoint+history"
"2441";"v16.2.5";"v16.2.15";"src/test/librados/service.cc";"";"M";"M";"2";"2";"FALSE";"100644";"100644";"39f9796f414df0873a9c2286ee3dc29475c19c19";"223dc967b9af268271b997c2777faa32723c2d21";"10";"10-rados-rbd-clients";"P2";"test/QA";"reference-only";"Không đọc độc lập";"";"trivial";"";"Đã đọc net diff và lịch sử; thay đổi feature, refactor, test hoặc công cụ thông thường không có causal chain nâng cấp độc lập.";"";"";"screened-endpoint+history"
"2442";"v16.2.5";"v16.2.15";"src/test/librados/snapshots_cxx.cc";"";"M";"M";"53";"7";"FALSE";"100644";"100644";"dee17ddb8d7a3d4abefab0957121bbef140ca5c4";"2e74688643a6c09e0ffe328db98ebae841f9f674";"10";"10-rados-rbd-clients";"P2";"test/QA";"reference-only";"Không đọc độc lập";"";"support";"RBD-005";"Test phân biệt 0/1/lỗi cho selfmanaged-snapshot query.";"RadosClient::pool_is_in_selfmanaged_snaps_mode; Rados::pool_is_in_selfmanaged_snaps_mode; rados cppool";"319ada6774d5e6f4fdf0b06eace63da7f82941b7";"support-inspected"
"2443";"v16.2.5";"v16.2.15";"src/test/librados/test_shared.h";"";"M";"M";"1";"1";"FALSE";"100644";"100644";"6f3747e7b41c13cd2154bb6ce90b63ca3411b9e0";"3a18e916e2e4d4a8e42ae8bce52a57669f2a8cef";"10";"10-rados-rbd-clients";"P2";"test/QA";"reference-only";"Không đọc độc lập";"";"trivial";"";"Đã đọc net diff và lịch sử; thay đổi feature, refactor, test hoặc công cụ thông thường không có causal chain nâng cấp độc lập.";"";"";"screened-endpoint+history"
"2444";"v16.2.5";"v16.2.15";"src/test/librados/testcase_cxx.cc";"";"M";"M";"17";"8";"FALSE";"100644";"100644";"b660014be1cb4ff12514b65e503f73f83dfe48c8";"42235adbc1c5a9b49b7a65835ab03bd9b91bcb14";"10";"10-rados-rbd-clients";"P2";"test/QA";"reference-only";"Không đọc độc lập";"";"trivial";"";"Đã đọc net diff và lịch sử; thay đổi feature, refactor, test hoặc công cụ thông thường không có causal chain nâng cấp độc lập.";"";"";"screened-endpoint+history"
"2445";"v16.2.5";"v16.2.15";"src/test/librados/tier_cxx.cc";"";"M";"M";"137";"47";"FALSE";"100644";"100644";"d3cd46a908980631896806dd372d9287f592b258";"08ccb608213bd43694768df664f0d787c7b704e3";"10";"10-rados-rbd-clients";"P2";"test/QA";"reference-only";"Không đọc độc lập";"";"trivial";"";"Đã đọc net diff và lịch sử; thay đổi feature, refactor, test hoặc công cụ thông thường không có causal chain nâng cấp độc lập.";"";"";"screened-endpoint+history"
"2446";"v16.2.5";"v16.2.15";"src/test/librados/watch_notify.cc";"";"M";"M";"67";"16";"FALSE";"100644";"100644";"e5ea22744a04395d799340141e361ea42788b8ab";"2b0cc90ade25e8af4357f5d2611c3931e0bbcf11";"10";"10-rados-rbd-clients";"P2";"test/QA";"reference-only";"Không đọc độc lập";"";"trivial";"";"Đã đọc net diff và lịch sử; thay đổi feature, refactor, test hoặc công cụ thông thường không có causal chain nâng cấp độc lập.";"";"";"screened-endpoint+history"
"2447";"v16.2.5";"v16.2.15";"src/test/librados/watch_notify_cxx.cc";"";"M";"M";"38";"2";"FALSE";"100644";"100644";"624f417dad19419a215170c6dcbf1d72aabab982";"0a145addd1f42fe414a0753218e70a24ef6a1294";"10";"10-rados-rbd-clients";"P2";"test/QA";"reference-only";"Không đọc độc lập";"";"trivial";"";"Đã đọc net diff và lịch sử; thay đổi feature, refactor, test hoặc công cụ thông thường không có causal chain nâng cấp độc lập.";"";"";"screened-endpoint+history"
"2448";"v16.2.5";"v16.2.15";"src/test/librados_test_stub/LibradosTestStub.cc";"";"M";"M";"10";"3";"FALSE";"100644";"100644";"c16cc436aa4a229f5fc6b76195e00be7d851768a";"742ee8dd8c0a783ec7ecb5da130d961fe7be9fe3";"10";"10-rados-rbd-clients";"P2";"test/QA";"reference-only";"Không đọc độc lập";"";"trivial";"";"Đã đọc net diff và lịch sử; thay đổi feature, refactor, test hoặc công cụ thông thường không có causal chain nâng cấp độc lập.";"";"";"screened-endpoint+history"
"2449";"v16.2.5";"v16.2.15";"src/test/librados_test_stub/MockTestMemIoCtxImpl.h";"";"M";"M";"7";"5";"FALSE";"100644";"100644";"7937e221ad7d49247ddff5030419ec7db8648247";"aed431c11b9eba9708132d73acb736d2eabbca6b";"10";"10-rados-rbd-clients";"P2";"test/QA";"reference-only";"Không đọc độc lập";"";"trivial";"";"Đã đọc net diff và lịch sử; thay đổi feature, refactor, test hoặc công cụ thông thường không có causal chain nâng cấp độc lập.";"";"";"screened-endpoint+history"
"2450";"v16.2.5";"v16.2.15";"src/test/librados_test_stub/NeoradosTestStub.cc";"";"M";"M";"5";"1";"FALSE";"100644";"100644";"03d729466b6e575bc75c007c41b1a37f7a686a1a";"540d86cd8c09be0bcc5630acd8a15881dfd1a1ea";"10";"10-rados-rbd-clients";"P2";"test/QA";"reference-only";"Không đọc độc lập";"";"trivial";"";"Đã đọc net diff và lịch sử; thay đổi feature, refactor, test hoặc công cụ thông thường không có causal chain nâng cấp độc lập.";"";"";"screened-endpoint+history"
"2451";"v16.2.5";"v16.2.15";"src/test/librados_test_stub/TestIoCtxImpl.cc";"";"M";"M";"1";"1";"FALSE";"100644";"100644";"73bc8d4a885364030b774dafc99c50ac9c06c003";"5ec6b135341ef0d6562601eb05fa8a4f4cb2364b";"10";"10-rados-rbd-clients";"P2";"test/QA";"reference-only";"Không đọc độc lập";"";"trivial";"";"Đã đọc net diff và lịch sử; thay đổi feature, refactor, test hoặc công cụ thông thường không có causal chain nâng cấp độc lập.";"";"";"screened-endpoint+history"
"2452";"v16.2.5";"v16.2.15";"src/test/librados_test_stub/TestIoCtxImpl.h";"";"M";"M";"1";"1";"FALSE";"100644";"100644";"3c6ff590da628a607b1c63d4ef56e005a476ac19";"fdda17cfdf916ac854fe213d9683b937e5ac6fee";"10";"10-rados-rbd-clients";"P2";"test/QA";"reference-only";"Không đọc độc lập";"";"trivial";"";"Đã đọc net diff và lịch sử; thay đổi feature, refactor, test hoặc công cụ thông thường không có causal chain nâng cấp độc lập.";"";"";"screened-endpoint+history"
"2453";"v16.2.5";"v16.2.15";"src/test/librados_test_stub/TestMemCluster.cc";"";"M";"M";"6";"3";"FALSE";"100644";"100644";"f829dd52c4ef421b6a295c6240ceb9e9d311b55a";"f0995788b0f275c9d12db2913dedce4830ca271f";"10";"10-rados-rbd-clients";"P2";"test/QA";"reference-only";"Không đọc độc lập";"";"trivial";"";"Đã đọc net diff và lịch sử; thay đổi feature, refactor, test hoặc công cụ thông thường không có causal chain nâng cấp độc lập.";"";"";"screened-endpoint+history"
"2454";"v16.2.5";"v16.2.15";"src/test/librados_test_stub/TestWatchNotify.cc";"";"M";"M";"10";"1";"FALSE";"100644";"100644";"3b18026bbf0fcfa17daa422a97c503d4cd31068c";"e015efc5e3ea6e625c116d96cc925c022ff9a08e";"10";"10-rados-rbd-clients";"P2";"test/QA";"reference-only";"Không đọc độc lập";"";"trivial";"";"Đã đọc net diff và lịch sử; thay đổi feature, refactor, test hoặc công cụ thông thường không có causal chain nâng cấp độc lập.";"";"";"screened-endpoint+history"
"2455";"v16.2.5";"v16.2.15";"src/test/librbd/CMakeLists.txt";"";"M";"M";"2";"1";"FALSE";"100644";"100644";"6d8371fd22f68d5fb042e121f8409a22db2dda73";"6fdba5a6c058187bce0653da1c81094440123ce9";"10";"10-rados-rbd-clients";"P2";"test/QA";"reference-only";"Không đọc độc lập";"";"trivial";"";"Đã đọc net diff và lịch sử; thay đổi feature, refactor, test hoặc công cụ thông thường không có causal chain nâng cấp độc lập.";"";"";"screened-endpoint+history"
"2456";"v16.2.5";"v16.2.15";"src/test/librbd/cache/pwl/test_mock_ReplicatedWriteLog.cc";"";"M";"M";"13";"34";"FALSE";"100644";"100644";"e01f1b585e45d511dde419b2608923ec399ad2ad";"a37f5803897422d6f8d3fbb83feecde104df8443";"10";"10-rados-rbd-clients";"P2";"test/QA";"reference-only";"Không đọc độc lập";"";"support";"RBD-002,RBD-003";"Tài liệu hoặc QA PWL hỗ trợ format/recovery finding; chưa phải runtime validation đã chạy.";"WriteLogPoolRoot::layout_version; SSD_LAYOUT_VERSION; ssd::WriteLog::initialize_pool | AbstractWriteLog::pwl_init; ssd::WriteLog::load_existing_entries; ImageCacheState::init_from_metadata";"010b0524d0f6a6a92bfbf723759b162067c8d546,15f62d23d1a7540820ebf57bb7b41b504fdfa356,24a30a83491b2002914806a29a2a26448d1e4a4e,c5b13b73c596c0e0219ef087f8cc164c0ceff6f0,17791d999fa9161c574e9333053cfff34e1beab0,b388a34470d27f7cc7965b467f554741c52cc766,311bcf17d5fca40edd07b04d847434ade3e29410";"support-inspected"
"2457";"v16.2.5";"v16.2.15";"src/test/librbd/cache/pwl/test_mock_SSDWriteLog.cc";"";"M";"M";"13";"34";"FALSE";"100644";"100644";"822aebb0cbcdc0d77c2ec986407625fa4ba8d903";"72a44dcc9e1110bed21371a18a5e8b65dc009ff6";"10";"10-rados-rbd-clients";"P2";"test/QA";"reference-only";"Không đọc độc lập";"";"support";"RBD-002,RBD-003";"Tài liệu hoặc QA PWL hỗ trợ format/recovery finding; chưa phải runtime validation đã chạy.";"WriteLogPoolRoot::layout_version; SSD_LAYOUT_VERSION; ssd::WriteLog::initialize_pool | AbstractWriteLog::pwl_init; ssd::WriteLog::load_existing_entries; ImageCacheState::init_from_metadata";"010b0524d0f6a6a92bfbf723759b162067c8d546,15f62d23d1a7540820ebf57bb7b41b504fdfa356,24a30a83491b2002914806a29a2a26448d1e4a4e,c5b13b73c596c0e0219ef087f8cc164c0ceff6f0,17791d999fa9161c574e9333053cfff34e1beab0,b388a34470d27f7cc7965b467f554741c52cc766,311bcf17d5fca40edd07b04d847434ade3e29410";"support-inspected"
"2458";"v16.2.5";"v16.2.15";"src/test/librbd/cache/test_mock_ParentCacheObjectDispatch.cc";"";"M";"M";"2";"2";"FALSE";"100644";"100644";"2b26282512728927a2a6476db0b949bbd1f23cb8";"05e56f52066eb05657ccce03a694702547e9892e";"10";"10-rados-rbd-clients";"P2";"test/QA";"reference-only";"Không đọc độc lập";"";"trivial";"";"Đã đọc net diff và lịch sử; thay đổi feature, refactor, test hoặc công cụ thông thường không có causal chain nâng cấp độc lập.";"";"";"screened-endpoint+history"
"2459";"v16.2.5";"v16.2.15";"src/test/librbd/cache/test_mock_WriteAroundObjectDispatch.cc";"";"M";"M";"25";"1";"FALSE";"100644";"100644";"52d2bd295069f7dcf96498369ab9b1e9a197ac14";"abfd185e31db424ef1c5329e40a17be815c55293";"10";"10-rados-rbd-clients";"P2";"test/QA";"reference-only";"Không đọc độc lập";"";"trivial";"";"Đã đọc net diff và lịch sử; thay đổi feature, refactor, test hoặc công cụ thông thường không có causal chain nâng cấp độc lập.";"";"";"screened-endpoint+history"
"2460";"v16.2.5";"v16.2.15";"src/test/librbd/crypto/luks/test_mock_FormatRequest.cc";"";"M";"M";"5";"0";"FALSE";"100644";"100644";"189c666debc5e0f90311873104311fa8b47f0eaa";"d27c3fe12853d484a22655a9a736fdbb027fea60";"10";"10-rados-rbd-clients";"P2";"test/QA";"reference-only";"Không đọc độc lập";"";"trivial";"";"Đã đọc net diff và lịch sử; thay đổi feature, refactor, test hoặc công cụ thông thường không có causal chain nâng cấp độc lập.";"";"";"screened-endpoint+history"
"2461";"v16.2.5";"v16.2.15";"src/test/librbd/crypto/luks/test_mock_LoadRequest.cc";"";"M";"M";"1";"0";"FALSE";"100644";"100644";"b67b5862fdd4cb5a078a8699585b14423c139a31";"1a2300616abc21f68ca83b83ca64714f2c130f95";"10";"10-rados-rbd-clients";"P2";"test/QA";"reference-only";"Không đọc độc lập";"";"trivial";"";"Đã đọc net diff và lịch sử; thay đổi feature, refactor, test hoặc công cụ thông thường không có causal chain nâng cấp độc lập.";"";"";"screened-endpoint+history"
"2462";"v16.2.5";"v16.2.15";"src/test/librbd/crypto/openssl/test_DataCryptor.cc";"";"M";"M";"2";"1";"FALSE";"100644";"100644";"69e2b450778eae8ca7420e7e08909f76c4841fca";"a3ba4c883ead06a1d432d0117bcfe9a42a8ef731";"10";"10-rados-rbd-clients";"P2";"test/QA";"reference-only";"Không đọc độc lập";"";"trivial";"";"Đã đọc net diff và lịch sử; thay đổi feature, refactor, test hoặc công cụ thông thường không có causal chain nâng cấp độc lập.";"";"";"screened-endpoint+history"
"2463";"v16.2.5";"v16.2.15";"src/test/librbd/crypto/test_mock_BlockCrypto.cc";"";"M";"M";"26";"11";"FALSE";"100644";"100644";"6d0a42172331a0f8b9ec2bf120d5b330dc96242a";"07dc19437de33d2d17f0cb520e1fc5c9777aae3c";"10";"10-rados-rbd-clients";"P2";"test/QA";"reference-only";"Không đọc độc lập";"";"trivial";"";"Đã đọc net diff và lịch sử; thay đổi feature, refactor, test hoặc công cụ thông thường không có causal chain nâng cấp độc lập.";"";"";"screened-endpoint+history"
"2464";"v16.2.5";"v16.2.15";"src/test/librbd/crypto/test_mock_CryptoObjectDispatch.cc";"";"M";"M";"1";"0";"FALSE";"100644";"100644";"f0160f1074a6eef2286b69ee78e5d30b7496200c";"04b6b8962b012dbb04d9a2e59a768abab420f19d";"10";"10-rados-rbd-clients";"P2";"test/QA";"reference-only";"Không đọc độc lập";"";"trivial";"";"Đã đọc net diff và lịch sử; thay đổi feature, refactor, test hoặc công cụ thông thường không có causal chain nâng cấp độc lập.";"";"";"screened-endpoint+history"
"2465";"v16.2.5";"v16.2.15";"src/test/librbd/crypto/test_mock_LoadRequest.cc";"";"M";"M";"1";"1";"FALSE";"100644";"100644";"ddf57d26de74ed909e6ebc581b4ac0a2b71cb128";"f87d4eea2d40bdf78a15bd6b9692d4ecca536f70";"10";"10-rados-rbd-clients";"P2";"test/QA";"reference-only";"Không đọc độc lập";"";"trivial";"";"Đã đọc net diff và lịch sử; thay đổi feature, refactor, test hoặc công cụ thông thường không có causal chain nâng cấp độc lập.";"";"";"screened-endpoint+history"
"2466";"v16.2.5";"v16.2.15";"src/test/librbd/crypto/test_mock_ShutDownCryptoRequest.cc";"";"M";"M";"4";"1";"FALSE";"100644";"100644";"4a98873d0aae5e551800c7f0adf05cff48108d69";"7585ba2925af495c03ec5551045f98cc8b0f3b95";"10";"10-rados-rbd-clients";"P2";"test/QA";"reference-only";"Không đọc độc lập";"";"trivial";"";"Đã đọc net diff và lịch sử; thay đổi feature, refactor, test hoặc công cụ thông thường không có causal chain nâng cấp độc lập.";"";"";"screened-endpoint+history"
"2467";"v16.2.5";"v16.2.15";"src/test/librbd/deep_copy/test_mock_ImageCopyRequest.cc";"";"M";"M";"107";"0";"FALSE";"100644";"100644";"4fac9ea41dc7408f1ffe31fe5cc04a14ae968ebc";"caebd0b6342b5f97a60122b746ad2040d8c35fe1";"10";"10-rados-rbd-clients";"P2";"test/QA";"reference-only";"Không đọc độc lập";"";"support";"RBD-001";"Test/workunit trực tiếp chứng minh fast-diff/object-map behavior.";"DiffIterate::execute; object_map::DiffRequest::process_object_map; ObjectMap::with_object_map";"2749dd34f1edddd33ba9b8c3d522d7df0e52eb90,9f7f52a88eaf5d67065909c69d1078911907f233,c06858d217d20bb59050d42ca53caeeadd918444,a92c533e56e65906e34a3a61e2af0f66c23d2954";"support-inspected"
"2468";"v16.2.5";"v16.2.15";"src/test/librbd/exclusive_lock/test_mock_PreReleaseRequest.cc";"";"M";"M";"6";"1";"FALSE";"100644";"100644";"ceb45ca2e68b45c5b646c2419e2bb9b737deef03";"466a3ab421e545de01afb8111eb2499b161429f0";"10";"10-rados-rbd-clients";"P2";"test/QA";"reference-only";"Không đọc độc lập";"";"support";"RBD-007";"Test/workunit trực tiếp hỗ trợ lock, blocklist, refresh hoặc pool-init continuity.";"ManagedLock::send_acquire_lock; ImageWatcher::rewatch; RefreshRequest; rbd_support.Module";"ea3e1f47e400644e7a2b65fefa2af35ec68cdb6c,97b3d05d44c5bed76ef311231015342c5ed50c4c,ba3871568a8224a2b19c17e09d772eb2e427f765,5bc2d002e70959f177543ba72946d60e6d2ce4ab";"support-inspected"
"2469";"v16.2.5";"v16.2.15";"src/test/librbd/fsx.cc";"";"M";"M";"25";"1";"FALSE";"100644";"100644";"b8be4708e2d01c9b1c8f9dfb46770c4a11c6ade4";"94c454bf3c16e4ba6429dfc8cdb256bbda8e35f4";"10";"10-rados-rbd-clients";"P2";"test/QA";"reference-only";"Không đọc độc lập";"";"trivial";"";"Đã đọc net diff và lịch sử; thay đổi feature, refactor, test hoặc công cụ thông thường không có causal chain nâng cấp độc lập.";"";"";"screened-endpoint+history"
"2470";"v16.2.5";"v16.2.15";"src/test/librbd/image/test_mock_RefreshRequest.cc";"";"M";"M";"188";"14";"FALSE";"100644";"100644";"96b8fe306737b5ae4dfe174c268d4c4c81c4cf5a";"e60409615ecd0a6d61c9df5cf5e4c4046914cc2e";"10";"10-rados-rbd-clients";"P2";"test/QA";"reference-only";"Không đọc độc lập";"";"support";"RBD-007";"Test/workunit trực tiếp hỗ trợ lock, blocklist, refresh hoặc pool-init continuity.";"ManagedLock::send_acquire_lock; ImageWatcher::rewatch; RefreshRequest; rbd_support.Module";"ea3e1f47e400644e7a2b65fefa2af35ec68cdb6c,97b3d05d44c5bed76ef311231015342c5ed50c4c,ba3871568a8224a2b19c17e09d772eb2e427f765,5bc2d002e70959f177543ba72946d60e6d2ce4ab";"support-inspected"
"2471";"v16.2.5";"v16.2.15";"src/test/librbd/image/test_mock_ValidatePoolRequest.cc";"";"M";"M";"8";"16";"FALSE";"100644";"100644";"65460eab785da1d7653cd90ed99aaebeaa0f8324";"f5204ac2049417a45f33484e04a9d010017beac3";"10";"10-rados-rbd-clients";"P2";"test/QA";"reference-only";"Không đọc độc lập";"";"support";"RBD-007";"Test/workunit trực tiếp hỗ trợ lock, blocklist, refresh hoặc pool-init continuity.";"ManagedLock::send_acquire_lock; ImageWatcher::rewatch; RefreshRequest; rbd_support.Module";"ea3e1f47e400644e7a2b65fefa2af35ec68cdb6c,97b3d05d44c5bed76ef311231015342c5ed50c4c,ba3871568a8224a2b19c17e09d772eb2e427f765,5bc2d002e70959f177543ba72946d60e6d2ce4ab";"support-inspected"
"2472";"v16.2.5";"v16.2.15";"src/test/librbd/io/test_mock_ImageRequest.cc";"";"M";"M";"185";"14";"FALSE";"100644";"100644";"d1390bcf85d85eeae893a75c75eb84cf270bf81a";"c2d74364d3ad3e0358c1b677779a5ea460ed4adc";"10";"10-rados-rbd-clients";"P2";"test/QA";"reference-only";"Không đọc độc lập";"";"support";"RBD-001,RBD-004";"Mock test bao phủ snap-context và aligned discard/journal behavior.";"DiffIterate::execute; object_map::DiffRequest::process_object_map; ObjectMap::with_object_map | AbstractImageWriteRequest::append_journal_event; Journal::wait_event; AbstractImageDiscardRequest";"2749dd34f1edddd33ba9b8c3d522d7df0e52eb90,9f7f52a88eaf5d67065909c69d1078911907f233,c06858d217d20bb59050d42ca53caeeadd918444,a92c533e56e65906e34a3a61e2af0f66c23d2954,336204670b7a64b4014c55c35ac9217812343d27,2d6f6a115036078060b4eff0c56bb46b83bbd78a";"support-inspected"
"2473";"v16.2.5";"v16.2.15";"src/test/librbd/io/test_mock_ObjectRequest.cc";"";"M";"M";"111";"4";"FALSE";"100644";"100644";"c9fa33c43e1cff5024a91da5afa2ef8169fe7952";"f1dd79e604f7d49371c323c9e89a051f8569a077";"10";"10-rados-rbd-clients";"P2";"test/QA";"reference-only";"Không đọc độc lập";"";"trivial";"";"Đã đọc net diff và lịch sử; thay đổi feature, refactor, test hoặc công cụ thông thường không có causal chain nâng cấp độc lập.";"";"";"screened-endpoint+history"
"2474";"v16.2.5";"v16.2.15";"src/test/librbd/journal/test_Entries.cc";"";"M";"M";"63";"0";"FALSE";"100644";"100644";"d89c4f8e423d225e2415382e396551fa92a2b3ee";"e7033a848f9d786f4fbd45ece7d5992af55aba45";"10";"10-rados-rbd-clients";"P2";"test/QA";"reference-only";"Không đọc độc lập";"";"support";"RBD-004";"Regression/stress test cho journal-discard finding.";"AbstractImageWriteRequest::append_journal_event; Journal::wait_event; AbstractImageDiscardRequest";"336204670b7a64b4014c55c35ac9217812343d27,2d6f6a115036078060b4eff0c56bb46b83bbd78a";"support-inspected"
"2475";"v16.2.5";"v16.2.15";"src/test/librbd/journal/test_Stress.cc";"";"A";"A";"121";"0";"FALSE";"0";"100644";"0";"d3df9147ae6aedeefa335352beb924dbb92f8035";"10";"10-rados-rbd-clients";"P2";"test/QA";"reference-only";"Không đọc độc lập";"";"support";"RBD-004";"Regression/stress test cho journal-discard finding.";"AbstractImageWriteRequest::append_journal_event; Journal::wait_event; AbstractImageDiscardRequest";"336204670b7a64b4014c55c35ac9217812343d27,2d6f6a115036078060b4eff0c56bb46b83bbd78a";"support-inspected"
"2476";"v16.2.5";"v16.2.15";"src/test/librbd/journal/test_mock_Replay.cc";"";"M";"M";"7";"8";"FALSE";"100644";"100644";"b902e0f95924570ad03b1ef725837c673ac68d52";"77d92db949b78710bf1c45ec329235ff83ad6bce";"10";"10-rados-rbd-clients";"P2";"test/QA";"reference-only";"Không đọc độc lập";"";"trivial";"";"Đã đọc net diff và lịch sử; thay đổi feature, refactor, test hoặc công cụ thông thường không có causal chain nâng cấp độc lập.";"";"";"screened-endpoint+history"
"2477";"v16.2.5";"v16.2.15";"src/test/librbd/managed_lock/test_mock_GetLockerRequest.cc";"";"M";"M";"44";"0";"FALSE";"100644";"100644";"8cad1f09258c55422b78c690ca1d1bad02ad3692";"4ee0cf0f90be0d30ca2a6ca23e6b376922e41fe0";"10";"10-rados-rbd-clients";"P2";"test/QA";"reference-only";"Không đọc độc lập";"";"support";"RBD-007";"Test/workunit trực tiếp hỗ trợ lock, blocklist, refresh hoặc pool-init continuity.";"ManagedLock::send_acquire_lock; ImageWatcher::rewatch; RefreshRequest; rbd_support.Module";"ea3e1f47e400644e7a2b65fefa2af35ec68cdb6c,97b3d05d44c5bed76ef311231015342c5ed50c4c,ba3871568a8224a2b19c17e09d772eb2e427f765,5bc2d002e70959f177543ba72946d60e6d2ce4ab";"support-inspected"
"2478";"v16.2.5";"v16.2.15";"src/test/librbd/migration/test_mock_HttpClient.cc";"";"M";"M";"21";"1";"FALSE";"100644";"100644";"7a47c4f72a1e09229874ab459183d57b4f8e95b6";"f3888755c79e584b83574479e8ebbfbf634a24ec";"10";"10-rados-rbd-clients";"P2";"test/QA";"reference-only";"Không đọc độc lập";"";"trivial";"";"Đã đọc net diff và lịch sử; thay đổi feature, refactor, test hoặc công cụ thông thường không có causal chain nâng cấp độc lập.";"";"";"screened-endpoint+history"
"2479";"v16.2.5";"v16.2.15";"src/test/librbd/mirror/snapshot/test_mock_CreatePrimaryRequest.cc";"";"M";"M";"419";"16";"FALSE";"100644";"100644";"9826bf9b0a410215e77115a7a00cde78a542b185";"464bd971720991f2f530950665415bdb2a2cde8d";"10";"10-rados-rbd-clients";"P2";"test/QA";"reference-only";"Không đọc độc lập";"";"support";"RBD-006";"Test/workunit/doc hỗ trợ mirror failover/deletion finding.";"CreatePrimaryRequest; UnlinkPeerRequest; ImageReplayer::stop; snapshot::Replayer";"3885255ea0ccc56a6c55bcef26729301fd6f787b,ba5364196433a54368532b0ae6ac2f58e568f65f,7d63ab5f97192b2bde876f6d0acd818d4789e612,8d242edf1c61410461b05570d7968dad0b67f118";"support-inspected"
"2480";"v16.2.5";"v16.2.15";"src/test/librbd/mirror/snapshot/test_mock_UnlinkPeerRequest.cc";"";"M";"M";"126";"10";"FALSE";"100644";"100644";"456b6ccdca11ece0d8340625e07ed722e144faac";"920f5d0077e710130d7b406d82d872754c0aebaf";"10";"10-rados-rbd-clients";"P2";"test/QA";"reference-only";"Không đọc độc lập";"";"support";"RBD-006";"Test/workunit/doc hỗ trợ mirror failover/deletion finding.";"CreatePrimaryRequest; UnlinkPeerRequest; ImageReplayer::stop; snapshot::Replayer";"3885255ea0ccc56a6c55bcef26729301fd6f787b,ba5364196433a54368532b0ae6ac2f58e568f65f,7d63ab5f97192b2bde876f6d0acd818d4789e612,8d242edf1c61410461b05570d7968dad0b67f118";"support-inspected"
"2481";"v16.2.5";"v16.2.15";"src/test/librbd/mock/MockObjectMap.h";"";"M";"M";"10";"2";"FALSE";"100644";"100644";"d72408403e8e91ed995ac5cb63cd3f9c692c4127";"429e279ad800aae71c1bcc2c5746a4116a407682";"10";"10-rados-rbd-clients";"P2";"test/QA";"reference-only";"Không đọc độc lập";"";"support";"RBD-001";"Test/workunit trực tiếp chứng minh fast-diff/object-map behavior.";"DiffIterate::execute; object_map::DiffRequest::process_object_map; ObjectMap::with_object_map";"2749dd34f1edddd33ba9b8c3d522d7df0e52eb90,9f7f52a88eaf5d67065909c69d1078911907f233,c06858d217d20bb59050d42ca53caeeadd918444,a92c533e56e65906e34a3a61e2af0f66c23d2954";"support-inspected"
"2482";"v16.2.5";"v16.2.15";"src/test/librbd/mock/io/MockImageDispatch.h";"";"M";"M";"8";"9";"FALSE";"100644";"100644";"02dff3487b6a98fb1eea9d847680c3835d500718";"f9552bebeffc22f30df47fb61f993050190f6bfc";"10";"10-rados-rbd-clients";"P2";"test/QA";"reference-only";"Không đọc độc lập";"";"trivial";"";"Đã đọc net diff và lịch sử; thay đổi feature, refactor, test hoặc công cụ thông thường không có causal chain nâng cấp độc lập.";"";"";"screened-endpoint+history"
"2483";"v16.2.5";"v16.2.15";"src/test/librbd/object_map/test_mock_DiffRequest.cc";"";"M";"M";"2060";"269";"FALSE";"100644";"100644";"f90d488a555bbd4eaa0d558fdf1fafae8badca37";"9b88f0d75ca9e87121168fbf7124c2a7890b0c97";"10";"10-rados-rbd-clients";"P2";"test/QA";"reference-only";"Không đọc độc lập";"";"support";"RBD-001";"Test/workunit trực tiếp chứng minh fast-diff/object-map behavior.";"DiffIterate::execute; object_map::DiffRequest::process_object_map; ObjectMap::with_object_map";"2749dd34f1edddd33ba9b8c3d522d7df0e52eb90,9f7f52a88eaf5d67065909c69d1078911907f233,c06858d217d20bb59050d42ca53caeeadd918444,a92c533e56e65906e34a3a61e2af0f66c23d2954";"support-inspected"
"2484";"v16.2.5";"v16.2.15";"src/test/librbd/operation/test_mock_SnapshotRemoveRequest.cc";"";"M";"M";"52";"4";"FALSE";"100644";"100644";"886ac768e74b2ad8223ff9c5cdd0e41effb2e260";"d872a2112979ca6bea5a5a3b2b8bc29136a6784b";"10";"10-rados-rbd-clients";"P2";"test/QA";"reference-only";"Không đọc độc lập";"";"trivial";"";"Đã đọc net diff và lịch sử; thay đổi feature, refactor, test hoặc công cụ thông thường không có causal chain nâng cấp độc lập.";"";"";"screened-endpoint+history"
"2485";"v16.2.5";"v16.2.15";"src/test/librbd/test_internal.cc";"";"M";"M";"72";"0";"FALSE";"100644";"100644";"4a793a021b6024356951bb1cc3d50186af78ccce";"b57d0b074c34f5ac4308c70c01ffdf7dca169619";"10";"10-rados-rbd-clients";"P2";"test/QA";"reference-only";"Không đọc độc lập";"";"support";"RBD-007";"Test/workunit trực tiếp hỗ trợ lock, blocklist, refresh hoặc pool-init continuity.";"ManagedLock::send_acquire_lock; ImageWatcher::rewatch; RefreshRequest; rbd_support.Module";"ea3e1f47e400644e7a2b65fefa2af35ec68cdb6c,97b3d05d44c5bed76ef311231015342c5ed50c4c,ba3871568a8224a2b19c17e09d772eb2e427f765,5bc2d002e70959f177543ba72946d60e6d2ce4ab";"support-inspected"
"2486";"v16.2.5";"v16.2.15";"src/test/librbd/test_librbd.cc";"";"M";"M";"758";"61";"FALSE";"100644";"100644";"4dbd2e2442a8d979d0afcd21489af55e4e4fcb5c";"6931e3fccfbc560377ddfa1ffae699de311d5ae6";"10";"10-rados-rbd-clients";"P2";"test/QA";"reference-only";"Không đọc độc lập";"";"mixed";"RBD-001,RBD-003,RBD-007";"Integration tests hỗ trợ fast-diff, PWL và pool/client continuity cùng nhiều test thường.";"DiffIterate::execute; object_map::DiffRequest::process_object_map; ObjectMap::with_object_map | AbstractWriteLog::pwl_init; ssd::WriteLog::load_existing_entries; ImageCacheState::init_from_metadata | ManagedLock::send_acquire_lock; ImageWatcher::rewatch; RefreshRequest; rbd_support.Module";"2749dd34f1edddd33ba9b8c3d522d7df0e52eb90,9f7f52a88eaf5d67065909c69d1078911907f233,c06858d217d20bb59050d42ca53caeeadd918444,a92c533e56e65906e34a3a61e2af0f66c23d2954,24a30a83491b2002914806a29a2a26448d1e4a4e,c5b13b73c596c0e0219ef087f8cc164c0ceff6f0,17791d999fa9161c574e9333053cfff34e1beab0,b388a34470d27f7cc7965b467f554741c52cc766,311bcf17d5fca40edd07b04d847434ade3e29410,ea3e1f47e400644e7a2b65fefa2af35ec68cdb6c,97b3d05d44c5bed76ef311231015342c5ed50c4c,ba3871568a8224a2b19c17e09d772eb2e427f765,5bc2d002e70959f177543ba72946d60e6d2ce4ab";"endpoint+history+tests-inspected"
"2487";"v16.2.5";"v16.2.15";"src/test/librbd/test_main.cc";"";"M";"M";"2";"0";"FALSE";"100644";"100644";"2ff9f69dea97731bc760ef0e841a973c5297bc21";"82b72b1ef7e85e424764faa89b8043e2ad9f958b";"10";"10-rados-rbd-clients";"P2";"test/QA";"reference-only";"Không đọc độc lập";"";"trivial";"";"Đã đọc net diff và lịch sử; thay đổi feature, refactor, test hoặc công cụ thông thường không có causal chain nâng cấp độc lập.";"";"";"screened-endpoint+history"
"2488";"v16.2.5";"v16.2.15";"src/test/librbd/test_mirroring.cc";"";"M";"M";"12";"10";"FALSE";"100644";"100644";"4fe1d97b9ed32955338a8b65921db18f33f4beb0";"e075c918a78a0a259fc05b70c74b685161fa72ba";"10";"10-rados-rbd-clients";"P2";"test/QA";"reference-only";"Không đọc độc lập";"";"trivial";"";"Đã đọc net diff và lịch sử; thay đổi feature, refactor, test hoặc công cụ thông thường không có causal chain nâng cấp độc lập.";"";"";"screened-endpoint+history"
"2489";"v16.2.5";"v16.2.15";"src/test/librbd/test_mock_Journal.cc";"";"M";"M";"1";"1";"FALSE";"100644";"100644";"b57c66e8907cdfc43f003f46248cc5c3a814a4d0";"e717bce1aa627393fd49d65e3b5b06390978eb2b";"10";"10-rados-rbd-clients";"P2";"test/QA";"reference-only";"Không đọc độc lập";"";"support";"RBD-004";"Regression/stress test cho journal-discard finding.";"AbstractImageWriteRequest::append_journal_event; Journal::wait_event; AbstractImageDiscardRequest";"336204670b7a64b4014c55c35ac9217812343d27,2d6f6a115036078060b4eff0c56bb46b83bbd78a";"support-inspected"
"2490";"v16.2.5";"v16.2.15";"src/test/librbd/test_mock_ManagedLock.cc";"";"M";"M";"28";"1";"FALSE";"100644";"100644";"3e6b15f6112f68afd22aa7dc0b31d901a45c215a";"202072997498baae67195c594e725db5ace5f05a";"10";"10-rados-rbd-clients";"P2";"test/QA";"reference-only";"Không đọc độc lập";"";"support";"RBD-007";"Test/workunit trực tiếp hỗ trợ lock, blocklist, refresh hoặc pool-init continuity.";"ManagedLock::send_acquire_lock; ImageWatcher::rewatch; RefreshRequest; rbd_support.Module";"ea3e1f47e400644e7a2b65fefa2af35ec68cdb6c,97b3d05d44c5bed76ef311231015342c5ed50c4c,ba3871568a8224a2b19c17e09d772eb2e427f765,5bc2d002e70959f177543ba72946d60e6d2ce4ab";"support-inspected"
"2491";"v16.2.5";"v16.2.15";"src/test/librbd/test_notify.py";"";"M";"M";"7";"5";"FALSE";"100755";"100755";"25c5b3f4e4b7c2bbddbd3939c8c93e682a30c5ff";"4e929d74fa46585aaec58242aa95b79e05e0bae1";"10";"10-rados-rbd-clients";"P2";"test/QA";"reference-only";"Không đọc độc lập";"";"trivial";"";"Đã đọc net diff và lịch sử; thay đổi feature, refactor, test hoặc công cụ thông thường không có causal chain nâng cấp độc lập.";"";"";"screened-endpoint+history"
"2518";"v16.2.5";"v16.2.15";"src/test/rbd_mirror/image_deleter/test_mock_TrashMoveRequest.cc";"";"M";"M";"49";"10";"FALSE";"100644";"100644";"c3702a9cc33bf2433667a27edbe7a55ab4854846";"e1a52c87602c8d8a9444cf547071d7b79e4fe303";"10";"10-rados-rbd-clients";"P2";"test/QA";"reference-only";"Không đọc độc lập";"";"support";"RBD-006";"Test/workunit/doc hỗ trợ mirror failover/deletion finding.";"CreatePrimaryRequest; UnlinkPeerRequest; ImageReplayer::stop; snapshot::Replayer";"3885255ea0ccc56a6c55bcef26729301fd6f787b,ba5364196433a54368532b0ae6ac2f58e568f65f,7d63ab5f97192b2bde876f6d0acd818d4789e612,8d242edf1c61410461b05570d7968dad0b67f118";"support-inspected"
"2519";"v16.2.5";"v16.2.15";"src/test/rbd_mirror/image_replayer/journal/test_mock_PrepareReplayRequest.cc";"";"M";"M";"28";"102";"FALSE";"100644";"100644";"9f75e69e609a60f193251905947f0747adcb15f5";"4aa9516294d0635d4a25f55a3c1f1f7ccb8b785a";"10";"10-rados-rbd-clients";"P2";"test/QA";"reference-only";"Không đọc độc lập";"";"support";"RBD-006";"Test/workunit/doc hỗ trợ mirror failover/deletion finding.";"CreatePrimaryRequest; UnlinkPeerRequest; ImageReplayer::stop; snapshot::Replayer";"3885255ea0ccc56a6c55bcef26729301fd6f787b,ba5364196433a54368532b0ae6ac2f58e568f65f,7d63ab5f97192b2bde876f6d0acd818d4789e612,8d242edf1c61410461b05570d7968dad0b67f118";"support-inspected"
"2520";"v16.2.5";"v16.2.15";"src/test/rbd_mirror/image_replayer/snapshot/test_mock_Replayer.cc";"";"M";"M";"848";"35";"FALSE";"100644";"100644";"5567312f2acfae657ca5e6e0a2b5713a81d617d6";"4f92517dfb8bfc3217ffd1553a91cda560248f89";"10";"10-rados-rbd-clients";"P2";"test/QA";"reference-only";"Không đọc độc lập";"";"support";"RBD-006";"Test/workunit/doc hỗ trợ mirror failover/deletion finding.";"CreatePrimaryRequest; UnlinkPeerRequest; ImageReplayer::stop; snapshot::Replayer";"3885255ea0ccc56a6c55bcef26729301fd6f787b,ba5364196433a54368532b0ae6ac2f58e568f65f,7d63ab5f97192b2bde876f6d0acd818d4789e612,8d242edf1c61410461b05570d7968dad0b67f118";"support-inspected"
"2521";"v16.2.5";"v16.2.15";"src/test/rbd_mirror/image_replayer/test_mock_BootstrapRequest.cc";"";"M";"M";"179";"1";"FALSE";"100644";"100644";"53a69a84eefafdf4cca5b377d06c9c777338f61d";"d8d7ed2da5615c174682682adbfe4a5dd4a473fd";"10";"10-rados-rbd-clients";"P2";"test/QA";"reference-only";"Không đọc độc lập";"";"support";"RBD-006";"Test/workunit/doc hỗ trợ mirror failover/deletion finding.";"CreatePrimaryRequest; UnlinkPeerRequest; ImageReplayer::stop; snapshot::Replayer";"3885255ea0ccc56a6c55bcef26729301fd6f787b,ba5364196433a54368532b0ae6ac2f58e568f65f,7d63ab5f97192b2bde876f6d0acd818d4789e612,8d242edf1c61410461b05570d7968dad0b67f118";"support-inspected"
"2522";"v16.2.5";"v16.2.15";"src/test/rbd_mirror/image_replayer/test_mock_PrepareLocalImageRequest.cc";"";"M";"M";"100";"0";"FALSE";"100644";"100644";"0b0a87e8de52d2b5980e18e4caddfe32f4523d7b";"54c3b24efac963092f7df35396e58a94126a55d8";"10";"10-rados-rbd-clients";"P2";"test/QA";"reference-only";"Không đọc độc lập";"";"support";"RBD-006";"Test/workunit/doc hỗ trợ mirror failover/deletion finding.";"CreatePrimaryRequest; UnlinkPeerRequest; ImageReplayer::stop; snapshot::Replayer";"3885255ea0ccc56a6c55bcef26729301fd6f787b,ba5364196433a54368532b0ae6ac2f58e568f65f,7d63ab5f97192b2bde876f6d0acd818d4789e612,8d242edf1c61410461b05570d7968dad0b67f118";"support-inspected"
"2523";"v16.2.5";"v16.2.15";"src/test/rbd_mirror/image_replayer/test_mock_PrepareRemoteImageRequest.cc";"";"M";"M";"224";"4";"FALSE";"100644";"100644";"e49b40821821a5190fdcadbf304dc091dd553c58";"e5b473c0f07c7d0a046e9ea973c989d6c2b207cd";"10";"10-rados-rbd-clients";"P2";"test/QA";"reference-only";"Không đọc độc lập";"";"support";"RBD-006";"Test/workunit/doc hỗ trợ mirror failover/deletion finding.";"CreatePrimaryRequest; UnlinkPeerRequest; ImageReplayer::stop; snapshot::Replayer";"3885255ea0ccc56a6c55bcef26729301fd6f787b,ba5364196433a54368532b0ae6ac2f58e568f65f,7d63ab5f97192b2bde876f6d0acd818d4789e612,8d242edf1c61410461b05570d7968dad0b67f118";"support-inspected"
"2524";"v16.2.5";"v16.2.15";"src/test/rbd_mirror/test_ImageReplayer.cc";"";"M";"M";"1";"1";"FALSE";"100644";"100644";"cb21fc7239619fd02b842d71c0d409df718fdd0c";"76a6919d5adbb8b83556cb96579a7b7ed0f04599";"10";"10-rados-rbd-clients";"P2";"test/QA";"reference-only";"Không đọc độc lập";"";"support";"RBD-006";"Test/workunit/doc hỗ trợ mirror failover/deletion finding.";"CreatePrimaryRequest; UnlinkPeerRequest; ImageReplayer::stop; snapshot::Replayer";"3885255ea0ccc56a6c55bcef26729301fd6f787b,ba5364196433a54368532b0ae6ac2f58e568f65f,7d63ab5f97192b2bde876f6d0acd818d4789e612,8d242edf1c61410461b05570d7968dad0b67f118";"support-inspected"
"2525";"v16.2.5";"v16.2.15";"src/test/rbd_mirror/test_main.cc";"";"M";"M";"2";"1";"FALSE";"100644";"100644";"e6c708c97db080324bf09ea437d5d01360bf74e2";"ed6641e2ea3e08a72a933ce458854865f33cddd2";"10";"10-rados-rbd-clients";"P2";"test/QA";"reference-only";"Không đọc độc lập";"";"support";"RBD-006";"Test/workunit/doc hỗ trợ mirror failover/deletion finding.";"CreatePrimaryRequest; UnlinkPeerRequest; ImageReplayer::stop; snapshot::Replayer";"3885255ea0ccc56a6c55bcef26729301fd6f787b,ba5364196433a54368532b0ae6ac2f58e568f65f,7d63ab5f97192b2bde876f6d0acd818d4789e612,8d242edf1c61410461b05570d7968dad0b67f118";"support-inspected"
"2526";"v16.2.5";"v16.2.15";"src/test/rbd_mirror/test_mock_ImageReplayer.cc";"";"M";"M";"204";"15";"FALSE";"100644";"100644";"20693e3223b7b35b3b69f8753d8af4a0bca69253";"32a4f82b53b444e47fa62739cc0af557e3ac1e70";"10";"10-rados-rbd-clients";"P2";"test/QA";"reference-only";"Không đọc độc lập";"";"support";"RBD-006";"Test/workunit/doc hỗ trợ mirror failover/deletion finding.";"CreatePrimaryRequest; UnlinkPeerRequest; ImageReplayer::stop; snapshot::Replayer";"3885255ea0ccc56a6c55bcef26729301fd6f787b,ba5364196433a54368532b0ae6ac2f58e568f65f,7d63ab5f97192b2bde876f6d0acd818d4789e612,8d242edf1c61410461b05570d7968dad0b67f118";"support-inspected"
"2527";"v16.2.5";"v16.2.15";"src/test/rbd_mirror/test_mock_MirrorStatusUpdater.cc";"";"M";"M";"138";"8";"FALSE";"100644";"100644";"057159ceb4b884bde21d2d0ca293b28e44df85fd";"ef2af00f26140b30f97d04b4c29f7466ed39bb4c";"10";"10-rados-rbd-clients";"P2";"test/QA";"reference-only";"Không đọc độc lập";"";"support";"RBD-006";"Test/workunit/doc hỗ trợ mirror failover/deletion finding.";"CreatePrimaryRequest; UnlinkPeerRequest; ImageReplayer::stop; snapshot::Replayer";"3885255ea0ccc56a6c55bcef26729301fd6f787b,ba5364196433a54368532b0ae6ac2f58e568f65f,7d63ab5f97192b2bde876f6d0acd818d4789e612,8d242edf1c61410461b05570d7968dad0b67f118";"support-inspected"
"2588";"v16.2.5";"v16.2.15";"src/tools/immutable_object_cache/ObjectCacheStore.cc";"";"M";"M";"2";"2";"FALSE";"100644";"100644";"483687ffe5fc9af95fb2fb38d36d7a4abbccc924";"1b1eef1e38360e196eba63475ed8341fba8d7e9b";"10";"10-rados-rbd-clients";"P1";"tool/script";"conditional";"Đọc theo điều kiện sử dụng";"";"trivial";"";"Đã đọc net diff và lịch sử; thay đổi feature, refactor, test hoặc công cụ thông thường không có causal chain nâng cấp độc lập.";"";"";"screened-endpoint+history"
"2589";"v16.2.5";"v16.2.15";"src/tools/immutable_object_cache/ObjectCacheStore.h";"";"M";"M";"1";"0";"FALSE";"100644";"100644";"607921320aef4541f4f6c9565ab08ee501e15f11";"51e5a77b855d01e1cf28ff95ab57f2799503d88b";"10";"10-rados-rbd-clients";"P1";"tool/script";"conditional";"Đọc theo điều kiện sử dụng";"";"trivial";"";"Đã đọc net diff và lịch sử; thay đổi feature, refactor, test hoặc công cụ thông thường không có causal chain nâng cấp độc lập.";"";"";"screened-endpoint+history"
"2592";"v16.2.5";"v16.2.15";"src/tools/rados/rados.cc";"";"M";"M";"15";"5";"FALSE";"100644";"100644";"7564fc7f0f2ad7bfc38253392412b95865fac55f";"912d8c92d98c0d4489c471d01016a5a62bab0451";"10";"10-rados-rbd-clients";"P1";"tool/script";"conditional";"Đọc theo điều kiện sử dụng";"";"mixed";"RBD-005";"Chứa reliable selfmanaged-snapshot query/caller guard cùng thay đổi librados khác.";"RadosClient::pool_is_in_selfmanaged_snaps_mode; Rados::pool_is_in_selfmanaged_snaps_mode; rados cppool";"319ada6774d5e6f4fdf0b06eace63da7f82941b7";"endpoint+history+tests-inspected"
"2593";"v16.2.5";"v16.2.15";"src/tools/rbd/ArgumentTypes.h";"";"M";"M";"2";"1";"FALSE";"100644";"100644";"57473f31c6564cb455f4c18e795bafabd23a0f35";"39d374c64c3cd5e2ad86e2c4b3aecc851b7b7d64";"10";"10-rados-rbd-clients";"P1";"tool/script";"conditional";"Đọc theo điều kiện sử dụng";"";"trivial";"";"Đã đọc net diff và lịch sử; thay đổi feature, refactor, test hoặc công cụ thông thường không có causal chain nâng cấp độc lập.";"";"";"screened-endpoint+history"
"2594";"v16.2.5";"v16.2.15";"src/tools/rbd/CMakeLists.txt";"";"M";"M";"1";"1";"FALSE";"100644";"100644";"6fe867af3611cca4c5721c4f5cdda067cc71464b";"5a895354d536519e9890061154a785b0f62b68f6";"10";"10-rados-rbd-clients";"P1";"build/package";"deep";"Đọc sâu khi ảnh hưởng build, package, quyền hoặc service: RADOS/RBD/client/class, snapshot, diff và object-map.";"";"trivial";"";"Đã đọc net diff và lịch sử; thay đổi feature, refactor, test hoặc công cụ thông thường không có causal chain nâng cấp độc lập.";"";"";"screened-endpoint+history"
"2595";"v16.2.5";"v16.2.15";"src/tools/rbd/OptionPrinter.cc";"";"M";"M";"13";"0";"FALSE";"100644";"100644";"5a5bf9504989cc77a33150aa4778e2c94c32a218";"0fea6b691f1bd07aebd68b52197d4ec293691932";"10";"10-rados-rbd-clients";"P1";"tool/script";"conditional";"Đọc theo điều kiện sử dụng";"";"trivial";"";"Đã đọc net diff và lịch sử; thay đổi feature, refactor, test hoặc công cụ thông thường không có causal chain nâng cấp độc lập.";"";"";"screened-endpoint+history"
"2596";"v16.2.5";"v16.2.15";"src/tools/rbd/Schedule.cc";"";"M";"M";"12";"4";"FALSE";"100644";"100644";"d7fcf1253deb6b95a05428777eb8e220892fc48f";"15dda3aee7ef940941d2d89b9ee07d4d55824865";"10";"10-rados-rbd-clients";"P1";"tool/script";"conditional";"Đọc theo điều kiện sử dụng";"";"trivial";"";"Đã đọc net diff và lịch sử; thay đổi feature, refactor, test hoặc công cụ thông thường không có causal chain nâng cấp độc lập.";"";"";"screened-endpoint+history"
"2597";"v16.2.5";"v16.2.15";"src/tools/rbd/Schedule.h";"";"M";"M";"1";"1";"FALSE";"100644";"100644";"90e78eb7f682c734cfd6d4ca0f17b2ebf058c931";"bf0964bb1e51b6fd948cf4c730b769cabc176fe1";"10";"10-rados-rbd-clients";"P1";"tool/script";"conditional";"Đọc theo điều kiện sử dụng";"";"trivial";"";"Đã đọc net diff và lịch sử; thay đổi feature, refactor, test hoặc công cụ thông thường không có causal chain nâng cấp độc lập.";"";"";"screened-endpoint+history"
"2598";"v16.2.5";"v16.2.15";"src/tools/rbd/Shell.cc";"";"M";"M";"14";"11";"FALSE";"100644";"100644";"b3d33e9c81f6f151c82d4e979c209b4304dd038f";"05052ff98dd8b395bb6651ab6efbf3bdbfa51eb2";"10";"10-rados-rbd-clients";"P1";"tool/script";"conditional";"Đọc theo điều kiện sử dụng";"";"trivial";"";"Đã đọc net diff và lịch sử; thay đổi feature, refactor, test hoặc công cụ thông thường không có causal chain nâng cấp độc lập.";"";"";"screened-endpoint+history"
"2599";"v16.2.5";"v16.2.15";"src/tools/rbd/Utils.cc";"";"M";"M";"57";"3";"FALSE";"100644";"100644";"27789df1d6eb01f48f62b3cac927ab1cceb88298";"2d250fa6b99c18aa584d2627376a6424ad00d828";"10";"10-rados-rbd-clients";"P1";"tool/script";"conditional";"Đọc theo điều kiện sử dụng";"";"trivial";"";"Đã đọc net diff và lịch sử; thay đổi feature, refactor, test hoặc công cụ thông thường không có causal chain nâng cấp độc lập.";"";"";"screened-endpoint+history"
"2600";"v16.2.5";"v16.2.15";"src/tools/rbd/Utils.h";"";"M";"M";"9";"2";"FALSE";"100644";"100644";"a3f9baac7d338423e31e11c975f0bfc5ad6448c7";"bd00765f8ed7511600f31fde492f7e5dbbe80eac";"10";"10-rados-rbd-clients";"P1";"tool/script";"conditional";"Đọc theo điều kiện sử dụng";"";"trivial";"";"Đã đọc net diff và lịch sử; thay đổi feature, refactor, test hoặc công cụ thông thường không có causal chain nâng cấp độc lập.";"";"";"screened-endpoint+history"
"2601";"v16.2.5";"v16.2.15";"src/tools/rbd/action/Children.cc";"";"M";"M";"1";"0";"FALSE";"100644";"100644";"f459e92b761c3a0e9b9456e3b9cdd2e28f38f356";"58e861b6928bcf31f070a0a6133eb50bde649624";"10";"10-rados-rbd-clients";"P1";"tool/script";"conditional";"Đọc theo điều kiện sử dụng";"";"trivial";"";"Đã đọc net diff và lịch sử; thay đổi feature, refactor, test hoặc công cụ thông thường không có causal chain nâng cấp độc lập.";"";"";"screened-endpoint+history"
"2602";"v16.2.5";"v16.2.15";"src/tools/rbd/action/Device.cc";"";"M";"M";"71";"2";"FALSE";"100644";"100644";"9ab906311628b223af8d145f3a2a22bbc4a36554";"078f944cc6de127d19c4dba77332eb297b7f08d1";"10";"10-rados-rbd-clients";"P1";"tool/script";"conditional";"Đọc theo điều kiện sử dụng";"";"trivial";"";"Đã đọc net diff và lịch sử; thay đổi feature, refactor, test hoặc công cụ thông thường không có causal chain nâng cấp độc lập.";"";"";"screened-endpoint+history"
"2603";"v16.2.5";"v16.2.15";"src/tools/rbd/action/Diff.cc";"";"M";"M";"0";"1";"FALSE";"100644";"100644";"3729469c50dad4f0bced6b3e1919ad2a0371ee96";"838ef6cc5109cf1a1a4a30730a2382e503088171";"10";"10-rados-rbd-clients";"P1";"tool/script";"conditional";"Đọc theo điều kiện sử dụng";"";"trivial";"";"Đã đọc net diff và lịch sử; thay đổi feature, refactor, test hoặc công cụ thông thường không có causal chain nâng cấp độc lập.";"";"";"screened-endpoint+history"
"2604";"v16.2.5";"v16.2.15";"src/tools/rbd/action/Export.cc";"";"M";"M";"0";"1";"FALSE";"100644";"100644";"5551c8ee881df96f08d37ed346c6625c6d99fb3c";"f40c587cc537711a4168f13555c736d0a698fcfd";"10";"10-rados-rbd-clients";"P1";"tool/script";"conditional";"Đọc theo điều kiện sử dụng";"";"trivial";"";"Đã đọc net diff và lịch sử; thay đổi feature, refactor, test hoặc công cụ thông thường không có causal chain nâng cấp độc lập.";"";"";"screened-endpoint+history"
"2605";"v16.2.5";"v16.2.15";"src/tools/rbd/action/Ggate.cc";"";"M";"M";"34";"55";"FALSE";"100644";"100644";"74cd57dd5a2d0fc7dd0c9eedc0f9972ae2101c28";"11782d70ada88997794ff60b06011b9d1449acdd";"10";"10-rados-rbd-clients";"P1";"tool/script";"conditional";"Đọc theo điều kiện sử dụng";"";"trivial";"";"Đã đọc net diff và lịch sử; thay đổi feature, refactor, test hoặc công cụ thông thường không có causal chain nâng cấp độc lập.";"";"";"screened-endpoint+history"
"2606";"v16.2.5";"v16.2.15";"src/tools/rbd/action/Group.cc";"";"M";"M";"1";"1";"FALSE";"100644";"100644";"e4d49bdac73c7da01f6773344ad66cf25f69e063";"5c2232a6fc68f960cee6d0dd0a5e00e662e8b6e2";"10";"10-rados-rbd-clients";"P1";"tool/script";"conditional";"Đọc theo điều kiện sử dụng";"";"trivial";"";"Đã đọc net diff và lịch sử; thay đổi feature, refactor, test hoặc công cụ thông thường không có causal chain nâng cấp độc lập.";"";"";"screened-endpoint+history"
"2607";"v16.2.5";"v16.2.15";"src/tools/rbd/action/ImageCache.cc";"";"D";"D";"0";"71";"FALSE";"100644";"0";"0edd2893125853061ed476c765cd9f832da63b98";"0";"10";"10-rados-rbd-clients";"P1";"tool/script";"conditional";"Đọc theo điều kiện sử dụng";"";"trivial";"";"Đã đọc net diff và lịch sử; thay đổi feature, refactor, test hoặc công cụ thông thường không có causal chain nâng cấp độc lập.";"";"";"screened-endpoint+history"
"2608";"v16.2.5";"v16.2.15";"src/tools/rbd/action/Kernel.cc";"";"M";"M";"46";"5";"FALSE";"100644";"100644";"3ed8e59037b0950042971587369030cb6ea1d6aa";"02ceb77238b7fe125d1f720590b78f5f1eb30f6c";"10";"10-rados-rbd-clients";"P1";"tool/script";"conditional";"Đọc theo điều kiện sử dụng";"";"trivial";"";"Đã đọc net diff và lịch sử; thay đổi feature, refactor, test hoặc công cụ thông thường không có causal chain nâng cấp độc lập.";"";"";"screened-endpoint+history"
"2609";"v16.2.5";"v16.2.15";"src/tools/rbd/action/List.cc";"";"M";"M";"1";"1";"FALSE";"100644";"100644";"b63f97aeb23bc1468a55cfc7aed2321b912a491d";"e70835102b6c79da1a929b79ab7137ade2664548";"10";"10-rados-rbd-clients";"P1";"tool/script";"conditional";"Đọc theo điều kiện sử dụng";"";"trivial";"";"Đã đọc net diff và lịch sử; thay đổi feature, refactor, test hoặc công cụ thông thường không có causal chain nâng cấp độc lập.";"";"";"screened-endpoint+history"
"2610";"v16.2.5";"v16.2.15";"src/tools/rbd/action/Migration.cc";"";"M";"M";"2";"0";"FALSE";"100644";"100644";"05b15f1869ccad0a147402484b3fdb5ebbce5d3e";"1ce6201d96489c44ce1c9356c75512412fcbbfbd";"10";"10-rados-rbd-clients";"P1";"tool/script";"conditional";"Đọc theo điều kiện sử dụng";"";"trivial";"";"Đã đọc net diff và lịch sử; thay đổi feature, refactor, test hoặc công cụ thông thường không có causal chain nâng cấp độc lập.";"";"";"screened-endpoint+history"
"2611";"v16.2.5";"v16.2.15";"src/tools/rbd/action/MirrorImage.cc";"";"M";"M";"2";"1";"FALSE";"100644";"100644";"ab037b296e3060ae89c8b22509a190b8008243ad";"505d377f4807f694ba6bdc286f6b4a99d4652b5f";"10";"10-rados-rbd-clients";"P1";"tool/script";"conditional";"Đọc theo điều kiện sử dụng";"";"trivial";"";"Đã đọc net diff và lịch sử; thay đổi feature, refactor, test hoặc công cụ thông thường không có causal chain nâng cấp độc lập.";"";"";"screened-endpoint+history"
"2612";"v16.2.5";"v16.2.15";"src/tools/rbd/action/MirrorPool.cc";"";"M";"M";"11";"11";"FALSE";"100644";"100644";"052df75f8d874538c9f32921c32aa54b66415877";"b714c3babadec338b876aff722aac670d7080494";"10";"10-rados-rbd-clients";"P1";"tool/script";"conditional";"Đọc theo điều kiện sử dụng";"";"trivial";"";"Đã đọc net diff và lịch sử; thay đổi feature, refactor, test hoặc công cụ thông thường không có causal chain nâng cấp độc lập.";"";"";"screened-endpoint+history"
"2613";"v16.2.5";"v16.2.15";"src/tools/rbd/action/MirrorSnapshotSchedule.cc";"";"M";"M";"2";"2";"FALSE";"100644";"100644";"af684944017d118d13e235874c154471443351ba";"3f269c2ad8717b6d1df7a3fb1f5ead4dc00cb774";"10";"10-rados-rbd-clients";"P1";"tool/script";"conditional";"Đọc theo điều kiện sử dụng";"";"trivial";"";"Đã đọc net diff và lịch sử; thay đổi feature, refactor, test hoặc công cụ thông thường không có causal chain nâng cấp độc lập.";"";"";"screened-endpoint+history"
"2614";"v16.2.5";"v16.2.15";"src/tools/rbd/action/Namespace.cc";"";"M";"M";"3";"3";"FALSE";"100644";"100644";"746ab40c2b26cdecc419edc127557606a1d5c2db";"12d92bff86e892643f231ebd5a01b01b2a4ffba2";"10";"10-rados-rbd-clients";"P1";"tool/script";"conditional";"Đọc theo điều kiện sử dụng";"";"trivial";"";"Đã đọc net diff và lịch sử; thay đổi feature, refactor, test hoặc công cụ thông thường không có causal chain nâng cấp độc lập.";"";"";"screened-endpoint+history"
"2615";"v16.2.5";"v16.2.15";"src/tools/rbd/action/Nbd.cc";"";"M";"M";"124";"55";"FALSE";"100644";"100644";"bb6ef982920d8dfbd405148d9e59c5444004ee87";"061fdfa306a66c5df9f493079c18e02ce53a12db";"10";"10-rados-rbd-clients";"P1";"tool/script";"conditional";"Đọc theo điều kiện sử dụng";"";"trivial";"";"Đã đọc net diff và lịch sử; thay đổi feature, refactor, test hoặc công cụ thông thường không có causal chain nâng cấp độc lập.";"";"";"screened-endpoint+history"
"2616";"v16.2.5";"v16.2.15";"src/tools/rbd/action/Perf.cc";"";"M";"M";"12";"4";"FALSE";"100644";"100644";"c38e02780650db6c43f23b937a3f541e7a528388";"b39beac9148e4b3ada134dc42022933c493332fb";"10";"10-rados-rbd-clients";"P1";"tool/script";"conditional";"Đọc theo điều kiện sử dụng";"";"trivial";"";"Đã đọc net diff và lịch sử; thay đổi feature, refactor, test hoặc công cụ thông thường không có causal chain nâng cấp độc lập.";"";"";"screened-endpoint+history"
"2617";"v16.2.5";"v16.2.15";"src/tools/rbd/action/PersistentCache.cc";"";"A";"A";"122";"0";"FALSE";"0";"100644";"0";"949006b828fc498edfcc72cb8e3414549de65392";"10";"10-rados-rbd-clients";"P1";"tool/script";"conditional";"Đọc theo điều kiện sử dụng";"";"support";"RBD-003";"CLI/status hỗ trợ quan sát và flush PWL; không tự đổi compatibility.";"AbstractWriteLog::pwl_init; ssd::WriteLog::load_existing_entries; ImageCacheState::init_from_metadata";"24a30a83491b2002914806a29a2a26448d1e4a4e,c5b13b73c596c0e0219ef087f8cc164c0ceff6f0,17791d999fa9161c574e9333053cfff34e1beab0,b388a34470d27f7cc7965b467f554741c52cc766,311bcf17d5fca40edd07b04d847434ade3e29410";"support-inspected"
"2618";"v16.2.5";"v16.2.15";"src/tools/rbd/action/Pool.cc";"";"M";"M";"2";"2";"FALSE";"100644";"100644";"f1718eb1e1325a74bf5686dedc4b99f8c93fb32a";"2ad8e17ff8e2488c25ac8076114517c512fd1f36";"10";"10-rados-rbd-clients";"P1";"tool/script";"conditional";"Đọc theo điều kiện sử dụng";"";"trivial";"";"Đã đọc net diff và lịch sử; thay đổi feature, refactor, test hoặc công cụ thông thường không có causal chain nâng cấp độc lập.";"";"";"screened-endpoint+history"
"2619";"v16.2.5";"v16.2.15";"src/tools/rbd/action/Status.cc";"";"M";"M";"124";"14";"FALSE";"100644";"100644";"b63c455dd7b054611f9d19912a6039131380958c";"958a686c4167854d530d16c0985ed72b2a2a022f";"10";"10-rados-rbd-clients";"P1";"tool/script";"conditional";"Đọc theo điều kiện sử dụng";"";"support";"RBD-003";"CLI/status hỗ trợ quan sát và flush PWL; không tự đổi compatibility.";"AbstractWriteLog::pwl_init; ssd::WriteLog::load_existing_entries; ImageCacheState::init_from_metadata";"24a30a83491b2002914806a29a2a26448d1e4a4e,c5b13b73c596c0e0219ef087f8cc164c0ceff6f0,17791d999fa9161c574e9333053cfff34e1beab0,b388a34470d27f7cc7965b467f554741c52cc766,311bcf17d5fca40edd07b04d847434ade3e29410";"support-inspected"
"2620";"v16.2.5";"v16.2.15";"src/tools/rbd/action/Trash.cc";"";"M";"M";"2";"4";"FALSE";"100644";"100644";"05cc724589b374c4a7595bc532b0d87d4c60e95d";"6765fbb3eb4af90e7ce0316c3fa1d1ddc301b4e7";"10";"10-rados-rbd-clients";"P1";"tool/script";"conditional";"Đọc theo điều kiện sử dụng";"";"trivial";"";"Đã đọc net diff và lịch sử; thay đổi feature, refactor, test hoặc công cụ thông thường không có causal chain nâng cấp độc lập.";"";"";"screened-endpoint+history"
"2621";"v16.2.5";"v16.2.15";"src/tools/rbd/action/TrashPurgeSchedule.cc";"";"M";"M";"5";"3";"FALSE";"100644";"100644";"f090754c4b9713e5e1d153d6426a5fdebfec78d6";"5c133c29580492f557e5e4bda180b6b97cac85f9";"10";"10-rados-rbd-clients";"P1";"tool/script";"conditional";"Đọc theo điều kiện sử dụng";"";"trivial";"";"Đã đọc net diff và lịch sử; thay đổi feature, refactor, test hoặc công cụ thông thường không có causal chain nâng cấp độc lập.";"";"";"screened-endpoint+history"
"2622";"v16.2.5";"v16.2.15";"src/tools/rbd/action/Wnbd.cc";"";"M";"M";"45";"67";"FALSE";"100644";"100644";"4e5b20b61b03c88992500f564dfc51832cee27f4";"85d2c7057bfab6db4ce404206eb3372c5a7bcf6d";"10";"10-rados-rbd-clients";"P1";"tool/script";"conditional";"Đọc theo điều kiện sử dụng";"";"trivial";"";"Đã đọc net diff và lịch sử; thay đổi feature, refactor, test hoặc công cụ thông thường không có causal chain nâng cấp độc lập.";"";"";"screened-endpoint+history"
"2623";"v16.2.5";"v16.2.15";"src/tools/rbd_mirror/ImageDeleter.h";"";"M";"M";"1";"1";"FALSE";"100644";"100644";"d9f4e14a7e2ccb7eedf0d5cf7a852e830eb31690";"5fe79496bc998797c039262c86f7ad76801f5e82";"10";"10-rados-rbd-clients";"P1";"tool/script";"conditional";"Đọc theo điều kiện sử dụng";"";"trivial";"";"Đã đọc net diff và lịch sử; thay đổi feature, refactor, test hoặc công cụ thông thường không có causal chain nâng cấp độc lập.";"";"";"screened-endpoint+history"
"2624";"v16.2.5";"v16.2.15";"src/tools/rbd_mirror/ImageMap.cc";"";"M";"M";"1";"1";"FALSE";"100644";"100644";"4493e073b98bc9a0827d369fa585b48184866a84";"d352fcb2c14034b17e4e8466be607b4dd2b28d84";"10";"10-rados-rbd-clients";"P1";"tool/script";"conditional";"Đọc theo điều kiện sử dụng";"";"trivial";"";"Đã đọc net diff và lịch sử; thay đổi feature, refactor, test hoặc công cụ thông thường không có causal chain nâng cấp độc lập.";"";"";"screened-endpoint+history"
"2625";"v16.2.5";"v16.2.15";"src/tools/rbd_mirror/ImageReplayer.cc";"";"M";"M";"113";"64";"FALSE";"100644";"100644";"f5cd65fe821ecde22b3988f714ec504b1159af9d";"ccdcdf8cefd47a16c701bc9e3e13f4063f1b6e5e";"10";"10-rados-rbd-clients";"P1";"tool/script";"conditional";"Đọc theo điều kiện sử dụng";"";"mixed";"RBD-006";"Rbd-mirror lifecycle/failover/deletion fix cùng hunk refactor/logging.";"CreatePrimaryRequest; UnlinkPeerRequest; ImageReplayer::stop; snapshot::Replayer";"3885255ea0ccc56a6c55bcef26729301fd6f787b,ba5364196433a54368532b0ae6ac2f58e568f65f,7d63ab5f97192b2bde876f6d0acd818d4789e612,8d242edf1c61410461b05570d7968dad0b67f118";"endpoint+history+tests-inspected"
"2626";"v16.2.5";"v16.2.15";"src/tools/rbd_mirror/ImageReplayer.h";"";"M";"M";"9";"5";"FALSE";"100644";"100644";"47f221278706bd01283aa5e9ce00b195a621596d";"432fdf225750c8ddd9461f3cd9908e1cff7db4db";"10";"10-rados-rbd-clients";"P1";"tool/script";"conditional";"Đọc theo điều kiện sử dụng";"";"mixed";"RBD-006";"Rbd-mirror lifecycle/failover/deletion fix cùng hunk refactor/logging.";"CreatePrimaryRequest; UnlinkPeerRequest; ImageReplayer::stop; snapshot::Replayer";"3885255ea0ccc56a6c55bcef26729301fd6f787b,ba5364196433a54368532b0ae6ac2f58e568f65f,7d63ab5f97192b2bde876f6d0acd818d4789e612,8d242edf1c61410461b05570d7968dad0b67f118";"endpoint+history+tests-inspected"
"2627";"v16.2.5";"v16.2.15";"src/tools/rbd_mirror/InstanceReplayer.cc";"";"M";"M";"1";"0";"FALSE";"100644";"100644";"7ef2a6ef6cffe71a90555412e476033b23bf8e70";"e625bf36504298f574eb15f7f56a7323856d73ca";"10";"10-rados-rbd-clients";"P1";"tool/script";"conditional";"Đọc theo điều kiện sử dụng";"";"mixed";"RBD-006";"Rbd-mirror lifecycle/failover/deletion fix cùng hunk refactor/logging.";"CreatePrimaryRequest; UnlinkPeerRequest; ImageReplayer::stop; snapshot::Replayer";"3885255ea0ccc56a6c55bcef26729301fd6f787b,ba5364196433a54368532b0ae6ac2f58e568f65f,7d63ab5f97192b2bde876f6d0acd818d4789e612,8d242edf1c61410461b05570d7968dad0b67f118";"endpoint+history+tests-inspected"
"2628";"v16.2.5";"v16.2.15";"src/tools/rbd_mirror/MirrorStatusUpdater.cc";"";"M";"M";"32";"6";"FALSE";"100644";"100644";"0530db601f3bc2ca6ecb07432827f8c7144b464f";"257cb1df27cf7a9e559d5f1192aa5f6d6de9cb2b";"10";"10-rados-rbd-clients";"P1";"tool/script";"conditional";"Đọc theo điều kiện sử dụng";"";"mixed";"RBD-006";"Rbd-mirror lifecycle/failover/deletion fix cùng hunk refactor/logging.";"CreatePrimaryRequest; UnlinkPeerRequest; ImageReplayer::stop; snapshot::Replayer";"3885255ea0ccc56a6c55bcef26729301fd6f787b,ba5364196433a54368532b0ae6ac2f58e568f65f,7d63ab5f97192b2bde876f6d0acd818d4789e612,8d242edf1c61410461b05570d7968dad0b67f118";"endpoint+history+tests-inspected"
"2629";"v16.2.5";"v16.2.15";"src/tools/rbd_mirror/MirrorStatusUpdater.h";"";"M";"M";"4";"1";"FALSE";"100644";"100644";"60ae68ce2c7cd30fb6f254b64f1d30199b091a5d";"783b818fc56e84d2ee52f33d478b1371aaa2f1cf";"10";"10-rados-rbd-clients";"P1";"tool/script";"conditional";"Đọc theo điều kiện sử dụng";"";"mixed";"RBD-006";"Rbd-mirror lifecycle/failover/deletion fix cùng hunk refactor/logging.";"CreatePrimaryRequest; UnlinkPeerRequest; ImageReplayer::stop; snapshot::Replayer";"3885255ea0ccc56a6c55bcef26729301fd6f787b,ba5364196433a54368532b0ae6ac2f58e568f65f,7d63ab5f97192b2bde876f6d0acd818d4789e612,8d242edf1c61410461b05570d7968dad0b67f118";"endpoint+history+tests-inspected"
"2630";"v16.2.5";"v16.2.15";"src/tools/rbd_mirror/PoolReplayer.cc";"";"M";"M";"1";"1";"FALSE";"100644";"100644";"a240b11c45ca3a329e6568844f2fb2140f5a90b2";"de0d60241e3fb7085cb3bda5bb80bd6fb2d7dd0b";"10";"10-rados-rbd-clients";"P1";"tool/script";"conditional";"Đọc theo điều kiện sử dụng";"";"trivial";"";"Đã đọc net diff và lịch sử; thay đổi feature, refactor, test hoặc công cụ thông thường không có causal chain nâng cấp độc lập.";"";"";"screened-endpoint+history"
"2631";"v16.2.5";"v16.2.15";"src/tools/rbd_mirror/RemotePoolPoller.cc";"";"M";"M";"2";"2";"FALSE";"100644";"100644";"4f5994f1da6781a487465952cec2d140095b683b";"8bfb35d4af1efeb1fd2e40235ca6fec0353a434e";"10";"10-rados-rbd-clients";"P1";"tool/script";"conditional";"Đọc theo điều kiện sử dụng";"";"trivial";"";"Đã đọc net diff và lịch sử; thay đổi feature, refactor, test hoặc công cụ thông thường không có causal chain nâng cấp độc lập.";"";"";"screened-endpoint+history"
"2632";"v16.2.5";"v16.2.15";"src/tools/rbd_mirror/Threads.h";"";"M";"M";"1";"1";"FALSE";"100644";"100644";"91c923ab4a04e30860610756c2422ad23af9c236";"35c0b0f1cfa3e86e7fbc319a1611989cede8d3f7";"10";"10-rados-rbd-clients";"P1";"tool/script";"conditional";"Đọc theo điều kiện sử dụng";"";"trivial";"";"Đã đọc net diff và lịch sử; thay đổi feature, refactor, test hoặc công cụ thông thường không có causal chain nâng cấp độc lập.";"";"";"screened-endpoint+history"
"2633";"v16.2.5";"v16.2.15";"src/tools/rbd_mirror/Types.cc";"";"M";"M";"1";"1";"FALSE";"100644";"100644";"aa9bc7c3fe55f556d0e27563f79f49b7799514ca";"cd71c73b1cc69e76db6755238a65e85a1f69b6e3";"10";"10-rados-rbd-clients";"P1";"tool/script";"conditional";"Đọc theo điều kiện sử dụng";"";"trivial";"";"Đã đọc net diff và lịch sử; thay đổi feature, refactor, test hoặc công cụ thông thường không có causal chain nâng cấp độc lập.";"";"";"screened-endpoint+history"
"2634";"v16.2.5";"v16.2.15";"src/tools/rbd_mirror/Types.h";"";"M";"M";"7";"2";"FALSE";"100644";"100644";"c299aabe3145b4583d31350d143a7191d5e502ee";"7b2a3b5cea5fa2a834e954409fb6365fafdf51ec";"10";"10-rados-rbd-clients";"P1";"tool/script";"conditional";"Đọc theo điều kiện sử dụng";"";"trivial";"";"Đã đọc net diff và lịch sử; thay đổi feature, refactor, test hoặc công cụ thông thường không có causal chain nâng cấp độc lập.";"";"";"screened-endpoint+history"
"2635";"v16.2.5";"v16.2.15";"src/tools/rbd_mirror/image_deleter/TrashMoveRequest.cc";"";"M";"M";"16";"7";"FALSE";"100644";"100644";"7f718cb9c66e2f390feb4993093fca4f434a48f9";"e53923ef38730650aaf88d1ff2192908c69b4c01";"10";"10-rados-rbd-clients";"P1";"tool/script";"conditional";"Đọc theo điều kiện sử dụng";"";"mixed";"RBD-006";"Rbd-mirror lifecycle/failover/deletion fix cùng hunk refactor/logging.";"CreatePrimaryRequest; UnlinkPeerRequest; ImageReplayer::stop; snapshot::Replayer";"3885255ea0ccc56a6c55bcef26729301fd6f787b,ba5364196433a54368532b0ae6ac2f58e568f65f,7d63ab5f97192b2bde876f6d0acd818d4789e612,8d242edf1c61410461b05570d7968dad0b67f118";"endpoint+history+tests-inspected"
"2636";"v16.2.5";"v16.2.15";"src/tools/rbd_mirror/image_map/LoadRequest.cc";"";"M";"M";"77";"1";"FALSE";"100644";"100644";"7387b476cc0ff284d138a40a3ef769be2a3d3653";"46564a1607a2b1d944836bc2f421b85040f21a9c";"10";"10-rados-rbd-clients";"P1";"tool/script";"conditional";"Đọc theo điều kiện sử dụng";"";"mixed";"RBD-006";"Rbd-mirror lifecycle/failover/deletion fix cùng hunk refactor/logging.";"CreatePrimaryRequest; UnlinkPeerRequest; ImageReplayer::stop; snapshot::Replayer";"3885255ea0ccc56a6c55bcef26729301fd6f787b,ba5364196433a54368532b0ae6ac2f58e568f65f,7d63ab5f97192b2bde876f6d0acd818d4789e612,8d242edf1c61410461b05570d7968dad0b67f118";"endpoint+history+tests-inspected"
"2637";"v16.2.5";"v16.2.15";"src/tools/rbd_mirror/image_map/LoadRequest.h";"";"M";"M";"13";"0";"FALSE";"100644";"100644";"7657e1108a0687f55fb3b56f1a7e013fb1044992";"9b1be96857aeb0c71758740632040cd405a1bb6a";"10";"10-rados-rbd-clients";"P1";"tool/script";"conditional";"Đọc theo điều kiện sử dụng";"";"mixed";"RBD-006";"Rbd-mirror lifecycle/failover/deletion fix cùng hunk refactor/logging.";"CreatePrimaryRequest; UnlinkPeerRequest; ImageReplayer::stop; snapshot::Replayer";"3885255ea0ccc56a6c55bcef26729301fd6f787b,ba5364196433a54368532b0ae6ac2f58e568f65f,7d63ab5f97192b2bde876f6d0acd818d4789e612,8d242edf1c61410461b05570d7968dad0b67f118";"endpoint+history+tests-inspected"
"2638";"v16.2.5";"v16.2.15";"src/tools/rbd_mirror/image_map/Policy.cc";"";"M";"M";"1";"0";"FALSE";"100644";"100644";"ccf188742a10705c74c8b4687ef8b74fb9663368";"62fbd12dc0bc8df4f83396815932572dc79134c2";"10";"10-rados-rbd-clients";"P1";"tool/script";"conditional";"Đọc theo điều kiện sử dụng";"";"trivial";"";"Đã đọc net diff và lịch sử; thay đổi feature, refactor, test hoặc công cụ thông thường không có causal chain nâng cấp độc lập.";"";"";"screened-endpoint+history"
"2639";"v16.2.5";"v16.2.15";"src/tools/rbd_mirror/image_replayer/BootstrapRequest.cc";"";"M";"M";"25";"13";"FALSE";"100644";"100644";"1671bb9f6a65bcfae76ec1a40984f0119451e552";"bda5b5f9bd760c19a1938ff8d8bbf971205f7779";"10";"10-rados-rbd-clients";"P1";"tool/script";"conditional";"Đọc theo điều kiện sử dụng";"";"mixed";"RBD-006";"Rbd-mirror lifecycle/failover/deletion fix cùng hunk refactor/logging.";"CreatePrimaryRequest; UnlinkPeerRequest; ImageReplayer::stop; snapshot::Replayer";"3885255ea0ccc56a6c55bcef26729301fd6f787b,ba5364196433a54368532b0ae6ac2f58e568f65f,7d63ab5f97192b2bde876f6d0acd818d4789e612,8d242edf1c61410461b05570d7968dad0b67f118";"endpoint+history+tests-inspected"
"2640";"v16.2.5";"v16.2.15";"src/tools/rbd_mirror/image_replayer/BootstrapRequest.h";"";"M";"M";"1";"1";"FALSE";"100644";"100644";"3d17ae48bc2fd26fda5212c00bbcb1617e5592ef";"f5bb8dd8a16cf181c34ec7cbdd2782f93bd39661";"10";"10-rados-rbd-clients";"P1";"tool/script";"conditional";"Đọc theo điều kiện sử dụng";"";"mixed";"RBD-006";"Rbd-mirror lifecycle/failover/deletion fix cùng hunk refactor/logging.";"CreatePrimaryRequest; UnlinkPeerRequest; ImageReplayer::stop; snapshot::Replayer";"3885255ea0ccc56a6c55bcef26729301fd6f787b,ba5364196433a54368532b0ae6ac2f58e568f65f,7d63ab5f97192b2bde876f6d0acd818d4789e612,8d242edf1c61410461b05570d7968dad0b67f118";"endpoint+history+tests-inspected"
"2641";"v16.2.5";"v16.2.15";"src/tools/rbd_mirror/image_replayer/PrepareLocalImageRequest.cc";"";"M";"M";"29";"3";"FALSE";"100644";"100644";"a64117425d93f5bedcc221303024d8a01078ac99";"b1fef7254760a1178045d8c47229fe759f205015";"10";"10-rados-rbd-clients";"P1";"tool/script";"conditional";"Đọc theo điều kiện sử dụng";"";"mixed";"RBD-006";"Rbd-mirror lifecycle/failover/deletion fix cùng hunk refactor/logging.";"CreatePrimaryRequest; UnlinkPeerRequest; ImageReplayer::stop; snapshot::Replayer";"3885255ea0ccc56a6c55bcef26729301fd6f787b,ba5364196433a54368532b0ae6ac2f58e568f65f,7d63ab5f97192b2bde876f6d0acd818d4789e612,8d242edf1c61410461b05570d7968dad0b67f118";"endpoint+history+tests-inspected"
"2642";"v16.2.5";"v16.2.15";"src/tools/rbd_mirror/image_replayer/PrepareLocalImageRequest.h";"";"M";"M";"7";"0";"FALSE";"100644";"100644";"8285ca060b3e322e027f290dab0d70ecd7d5cfd9";"6372169ff05507ade5c7e23391e76143dc47454c";"10";"10-rados-rbd-clients";"P1";"tool/script";"conditional";"Đọc theo điều kiện sử dụng";"";"mixed";"RBD-006";"Rbd-mirror lifecycle/failover/deletion fix cùng hunk refactor/logging.";"CreatePrimaryRequest; UnlinkPeerRequest; ImageReplayer::stop; snapshot::Replayer";"3885255ea0ccc56a6c55bcef26729301fd6f787b,ba5364196433a54368532b0ae6ac2f58e568f65f,7d63ab5f97192b2bde876f6d0acd818d4789e612,8d242edf1c61410461b05570d7968dad0b67f118";"endpoint+history+tests-inspected"
"2643";"v16.2.5";"v16.2.15";"src/tools/rbd_mirror/image_replayer/PrepareRemoteImageRequest.cc";"";"M";"M";"10";"25";"FALSE";"100644";"100644";"54a9dbf1650d532bb5b7a464d86e8d283780677a";"45a44a300e88bf3beeb496212054e9080cab5dd0";"10";"10-rados-rbd-clients";"P1";"tool/script";"conditional";"Đọc theo điều kiện sử dụng";"";"mixed";"RBD-006";"Rbd-mirror lifecycle/failover/deletion fix cùng hunk refactor/logging.";"CreatePrimaryRequest; UnlinkPeerRequest; ImageReplayer::stop; snapshot::Replayer";"3885255ea0ccc56a6c55bcef26729301fd6f787b,ba5364196433a54368532b0ae6ac2f58e568f65f,7d63ab5f97192b2bde876f6d0acd818d4789e612,8d242edf1c61410461b05570d7968dad0b67f118";"endpoint+history+tests-inspected"
"2644";"v16.2.5";"v16.2.15";"src/tools/rbd_mirror/image_replayer/PrepareRemoteImageRequest.h";"";"M";"M";"1";"1";"FALSE";"100644";"100644";"0d0129d55826bb98ec44bb13699a298ef75cccf6";"483cfc00195f93c0d00f3f7213732bbfab60891a";"10";"10-rados-rbd-clients";"P1";"tool/script";"conditional";"Đọc theo điều kiện sử dụng";"";"mixed";"RBD-006";"Rbd-mirror lifecycle/failover/deletion fix cùng hunk refactor/logging.";"CreatePrimaryRequest; UnlinkPeerRequest; ImageReplayer::stop; snapshot::Replayer";"3885255ea0ccc56a6c55bcef26729301fd6f787b,ba5364196433a54368532b0ae6ac2f58e568f65f,7d63ab5f97192b2bde876f6d0acd818d4789e612,8d242edf1c61410461b05570d7968dad0b67f118";"endpoint+history+tests-inspected"
"2645";"v16.2.5";"v16.2.15";"src/tools/rbd_mirror/image_replayer/StateBuilder.cc";"";"M";"M";"20";"5";"FALSE";"100644";"100644";"3cd03e51e5cab85e3a0bcbf9d2e5cd2d8df212be";"55fb3509d19d20fa477e2abaaf3f5f05db2a889b";"10";"10-rados-rbd-clients";"P1";"tool/script";"conditional";"Đọc theo điều kiện sử dụng";"";"mixed";"RBD-006";"Rbd-mirror lifecycle/failover/deletion fix cùng hunk refactor/logging.";"CreatePrimaryRequest; UnlinkPeerRequest; ImageReplayer::stop; snapshot::Replayer";"3885255ea0ccc56a6c55bcef26729301fd6f787b,ba5364196433a54368532b0ae6ac2f58e568f65f,7d63ab5f97192b2bde876f6d0acd818d4789e612,8d242edf1c61410461b05570d7968dad0b67f118";"endpoint+history+tests-inspected"
"2646";"v16.2.5";"v16.2.15";"src/tools/rbd_mirror/image_replayer/StateBuilder.h";"";"M";"M";"7";"6";"FALSE";"100644";"100644";"d055c84e02068fcad5aca354314a9e1aacc4efd2";"51cf8668c1eff3c612e007211a9520173672f49b";"10";"10-rados-rbd-clients";"P1";"tool/script";"conditional";"Đọc theo điều kiện sử dụng";"";"mixed";"RBD-006";"Rbd-mirror lifecycle/failover/deletion fix cùng hunk refactor/logging.";"CreatePrimaryRequest; UnlinkPeerRequest; ImageReplayer::stop; snapshot::Replayer";"3885255ea0ccc56a6c55bcef26729301fd6f787b,ba5364196433a54368532b0ae6ac2f58e568f65f,7d63ab5f97192b2bde876f6d0acd818d4789e612,8d242edf1c61410461b05570d7968dad0b67f118";"endpoint+history+tests-inspected"
"2647";"v16.2.5";"v16.2.15";"src/tools/rbd_mirror/image_replayer/journal/PrepareReplayRequest.cc";"";"M";"M";"0";"11";"FALSE";"100644";"100644";"69631f27587ede2a4a9264a323b0bcfa347a829e";"c8a96a4ad364c7d1fa4607f091e480b61ce83ff6";"10";"10-rados-rbd-clients";"P1";"tool/script";"conditional";"Đọc theo điều kiện sử dụng";"";"mixed";"RBD-006";"Rbd-mirror lifecycle/failover/deletion fix cùng hunk refactor/logging.";"CreatePrimaryRequest; UnlinkPeerRequest; ImageReplayer::stop; snapshot::Replayer";"3885255ea0ccc56a6c55bcef26729301fd6f787b,ba5364196433a54368532b0ae6ac2f58e568f65f,7d63ab5f97192b2bde876f6d0acd818d4789e612,8d242edf1c61410461b05570d7968dad0b67f118";"endpoint+history+tests-inspected"
"2648";"v16.2.5";"v16.2.15";"src/tools/rbd_mirror/image_replayer/journal/PrepareReplayRequest.h";"";"M";"M";"2";"6";"FALSE";"100644";"100644";"4538c94a4ad94077365f177d2d70631c676983cb";"2b6fb659be3434ae48c1f792e09ea61213d5d833";"10";"10-rados-rbd-clients";"P1";"tool/script";"conditional";"Đọc theo điều kiện sử dụng";"";"mixed";"RBD-006";"Rbd-mirror lifecycle/failover/deletion fix cùng hunk refactor/logging.";"CreatePrimaryRequest; UnlinkPeerRequest; ImageReplayer::stop; snapshot::Replayer";"3885255ea0ccc56a6c55bcef26729301fd6f787b,ba5364196433a54368532b0ae6ac2f58e568f65f,7d63ab5f97192b2bde876f6d0acd818d4789e612,8d242edf1c61410461b05570d7968dad0b67f118";"endpoint+history+tests-inspected"
"2649";"v16.2.5";"v16.2.15";"src/tools/rbd_mirror/image_replayer/journal/Replayer.cc";"";"M";"M";"6";"6";"FALSE";"100644";"100644";"a2d47f5505155156ef5a6b5776b1394cf0682adc";"3ce9104d247bd48ace93d53eb18863fe714be039";"10";"10-rados-rbd-clients";"P1";"tool/script";"conditional";"Đọc theo điều kiện sử dụng";"";"mixed";"RBD-006";"Rbd-mirror lifecycle/failover/deletion fix cùng hunk refactor/logging.";"CreatePrimaryRequest; UnlinkPeerRequest; ImageReplayer::stop; snapshot::Replayer";"3885255ea0ccc56a6c55bcef26729301fd6f787b,ba5364196433a54368532b0ae6ac2f58e568f65f,7d63ab5f97192b2bde876f6d0acd818d4789e612,8d242edf1c61410461b05570d7968dad0b67f118";"endpoint+history+tests-inspected"
"2650";"v16.2.5";"v16.2.15";"src/tools/rbd_mirror/image_replayer/journal/StateBuilder.cc";"";"M";"M";"4";"5";"FALSE";"100644";"100644";"8d391580ed7c0b121a7453f399d0ecfc27a34bcc";"5f1fb0e2f09fc073fbe7567ac06275d1387cd00e";"10";"10-rados-rbd-clients";"P1";"tool/script";"conditional";"Đọc theo điều kiện sử dụng";"";"mixed";"RBD-006";"Rbd-mirror lifecycle/failover/deletion fix cùng hunk refactor/logging.";"CreatePrimaryRequest; UnlinkPeerRequest; ImageReplayer::stop; snapshot::Replayer";"3885255ea0ccc56a6c55bcef26729301fd6f787b,ba5364196433a54368532b0ae6ac2f58e568f65f,7d63ab5f97192b2bde876f6d0acd818d4789e612,8d242edf1c61410461b05570d7968dad0b67f118";"endpoint+history+tests-inspected"
"2651";"v16.2.5";"v16.2.15";"src/tools/rbd_mirror/image_replayer/journal/StateBuilder.h";"";"M";"M";"5";"1";"FALSE";"100644";"100644";"1d4fa83cbb041b75ef4d7b1cd1f9391a93777db6";"790d1390bec6a588e411d132061cca6f22c184a4";"10";"10-rados-rbd-clients";"P1";"tool/script";"conditional";"Đọc theo điều kiện sử dụng";"";"mixed";"RBD-006";"Rbd-mirror lifecycle/failover/deletion fix cùng hunk refactor/logging.";"CreatePrimaryRequest; UnlinkPeerRequest; ImageReplayer::stop; snapshot::Replayer";"3885255ea0ccc56a6c55bcef26729301fd6f787b,ba5364196433a54368532b0ae6ac2f58e568f65f,7d63ab5f97192b2bde876f6d0acd818d4789e612,8d242edf1c61410461b05570d7968dad0b67f118";"endpoint+history+tests-inspected"
"2652";"v16.2.5";"v16.2.15";"src/tools/rbd_mirror/image_replayer/snapshot/PrepareReplayRequest.h";"";"M";"M";"2";"6";"FALSE";"100644";"100644";"315080238f7dcabce9000da3e8a59800695c1ab0";"4e9246acd6a99aa2302c0c410fdfe7f0485b4314";"10";"10-rados-rbd-clients";"P1";"tool/script";"conditional";"Đọc theo điều kiện sử dụng";"";"mixed";"RBD-006";"Rbd-mirror lifecycle/failover/deletion fix cùng hunk refactor/logging.";"CreatePrimaryRequest; UnlinkPeerRequest; ImageReplayer::stop; snapshot::Replayer";"3885255ea0ccc56a6c55bcef26729301fd6f787b,ba5364196433a54368532b0ae6ac2f58e568f65f,7d63ab5f97192b2bde876f6d0acd818d4789e612,8d242edf1c61410461b05570d7968dad0b67f118";"endpoint+history+tests-inspected"
"2653";"v16.2.5";"v16.2.15";"src/tools/rbd_mirror/image_replayer/snapshot/Replayer.cc";"";"M";"M";"125";"29";"FALSE";"100644";"100644";"bde5150847506236f662c251e5a82c0f546c71e7";"b068eddb738e53c7d43ad8723fe005ea19c165e3";"10";"10-rados-rbd-clients";"P1";"tool/script";"conditional";"Đọc theo điều kiện sử dụng";"";"mixed";"RBD-006";"Rbd-mirror lifecycle/failover/deletion fix cùng hunk refactor/logging.";"CreatePrimaryRequest; UnlinkPeerRequest; ImageReplayer::stop; snapshot::Replayer";"3885255ea0ccc56a6c55bcef26729301fd6f787b,ba5364196433a54368532b0ae6ac2f58e568f65f,7d63ab5f97192b2bde876f6d0acd818d4789e612,8d242edf1c61410461b05570d7968dad0b67f118";"endpoint+history+tests-inspected"
"2654";"v16.2.5";"v16.2.15";"src/tools/rbd_mirror/image_replayer/snapshot/Replayer.h";"";"M";"M";"14";"0";"FALSE";"100644";"100644";"c2c28171f87dcb63d79480e8f5f5553d004bb891";"17d45f6bc802d693f42835bd6a7a5745f02c7076";"10";"10-rados-rbd-clients";"P1";"tool/script";"conditional";"Đọc theo điều kiện sử dụng";"";"mixed";"RBD-006";"Rbd-mirror lifecycle/failover/deletion fix cùng hunk refactor/logging.";"CreatePrimaryRequest; UnlinkPeerRequest; ImageReplayer::stop; snapshot::Replayer";"3885255ea0ccc56a6c55bcef26729301fd6f787b,ba5364196433a54368532b0ae6ac2f58e568f65f,7d63ab5f97192b2bde876f6d0acd818d4789e612,8d242edf1c61410461b05570d7968dad0b67f118";"endpoint+history+tests-inspected"
"2655";"v16.2.5";"v16.2.15";"src/tools/rbd_mirror/image_replayer/snapshot/StateBuilder.cc";"";"M";"M";"4";"5";"FALSE";"100644";"100644";"2fb2534d642063f40546d4bb6b949e188fac95c4";"ca3e6918babc8cf0f89e852ff4c598584402f9fe";"10";"10-rados-rbd-clients";"P1";"tool/script";"conditional";"Đọc theo điều kiện sử dụng";"";"mixed";"RBD-006";"Rbd-mirror lifecycle/failover/deletion fix cùng hunk refactor/logging.";"CreatePrimaryRequest; UnlinkPeerRequest; ImageReplayer::stop; snapshot::Replayer";"3885255ea0ccc56a6c55bcef26729301fd6f787b,ba5364196433a54368532b0ae6ac2f58e568f65f,7d63ab5f97192b2bde876f6d0acd818d4789e612,8d242edf1c61410461b05570d7968dad0b67f118";"endpoint+history+tests-inspected"
"2656";"v16.2.5";"v16.2.15";"src/tools/rbd_mirror/image_replayer/snapshot/StateBuilder.h";"";"M";"M";"3";"1";"FALSE";"100644";"100644";"ab326255fdb863fd6a0861fb9b33fe24d6cc1048";"a4ab82982c103e34b0ee1c3d9156ec31c0c84c5d";"10";"10-rados-rbd-clients";"P1";"tool/script";"conditional";"Đọc theo điều kiện sử dụng";"";"mixed";"RBD-006";"Rbd-mirror lifecycle/failover/deletion fix cùng hunk refactor/logging.";"CreatePrimaryRequest; UnlinkPeerRequest; ImageReplayer::stop; snapshot::Replayer";"3885255ea0ccc56a6c55bcef26729301fd6f787b,ba5364196433a54368532b0ae6ac2f58e568f65f,7d63ab5f97192b2bde876f6d0acd818d4789e612,8d242edf1c61410461b05570d7968dad0b67f118";"endpoint+history+tests-inspected"
"2657";"v16.2.5";"v16.2.15";"src/tools/rbd_mirror/main.cc";"";"M";"M";"33";"14";"FALSE";"100644";"100644";"ab350a014cf8030e254f49543a3e76c35598aa99";"74c97272e15908e579b29018147d6839a7d4ac81";"10";"10-rados-rbd-clients";"P1";"tool/script";"conditional";"Đọc theo điều kiện sử dụng";"";"trivial";"";"Đã đọc net diff và lịch sử; thay đổi feature, refactor, test hoặc công cụ thông thường không có causal chain nâng cấp độc lập.";"";"";"screened-endpoint+history"
"2658";"v16.2.5";"v16.2.15";"src/tools/rbd_nbd/nbd-netlink.h";"";"M";"M";"1";"0";"FALSE";"100644";"100644";"c5d0ef7aa7d5c25cdf8b0bebe935f353a7231311";"2d0b90964227a068a0950ae549c70b4128bd3c72";"10";"10-rados-rbd-clients";"P1";"tool/script";"conditional";"Đọc theo điều kiện sử dụng";"";"trivial";"";"Đã đọc net diff và lịch sử; thay đổi feature, refactor, test hoặc công cụ thông thường không có causal chain nâng cấp độc lập.";"";"";"screened-endpoint+history"
"2659";"v16.2.5";"v16.2.15";"src/tools/rbd_nbd/rbd-nbd.cc";"";"M";"M";"143";"33";"FALSE";"100644";"100644";"044808830084c65100786133cabb73f590dd4b6a";"55445cd0b2f60c9d2416d60bf1b0c70ccf630183";"10";"10-rados-rbd-clients";"P1";"tool/script";"conditional";"Đọc theo điều kiện sử dụng";"";"conditional";"RBD-007";"Client lock/watch/open path hardening; kích hoạt ở blocklist, reconnect, concurrent init hoặc feature change.";"ManagedLock::send_acquire_lock; ImageWatcher::rewatch; RefreshRequest; rbd_support.Module";"ea3e1f47e400644e7a2b65fefa2af35ec68cdb6c,97b3d05d44c5bed76ef311231015342c5ed50c4c,ba3871568a8224a2b19c17e09d772eb2e427f765,5bc2d002e70959f177543ba72946d60e6d2ce4ab";"endpoint+history+tests-inspected"
