"index";"base_tag";"target_tag";"path";"old_path";"status";"status_detail";"additions";"deletions";"binary";"old_mode";"new_mode";"old_blob";"new_blob";"group";"owner_report";"priority";"file_type";"review_mode";"analysis_decision";"diff_note";"upgrade_disposition";"finding_id";"disposition_reason";"symbols";"commit_shas";"evidence_status"
"66";"v16.2.5";"v16.2.15";"doc/cephfs/.gitignore";"";"D";"D";"0";"1";"FALSE";"100644";"0";"e8232139cc945318fc02b68103506538ba8fb026";"0";"11";"11-cephfs-mds";"P2";"documentation";"reference-only";"Không phân tích code sâu";"";"trivial";"";"Đã đọc net diff và lịch sử; thay đổi feature, refactor, test hoặc công cụ thông thường không có causal chain nâng cấp độc lập.";"";"";"screened-endpoint+history"
"67";"v16.2.5";"v16.2.15";"doc/cephfs/add-remove-mds.rst";"";"M";"M";"10";"1";"FALSE";"100644";"100644";"6a6bc08de8f59a22137982d039746c1b282d9067";"4f5ee06aa8b72f20ed362de20db8a5346f5b252f";"11";"11-cephfs-mds";"P2";"documentation";"reference-only";"Không phân tích code sâu";"";"support";"CEPHFS-002";"Test/QA hoặc tài liệu gắn trực tiếp với finding; dùng làm bằng chứng hỗ trợ, không tự tạo rủi ro production.";"FSMap::is_upgradeable,FSMap::promote,MDSMap::get_compat_set,allow_standby_replay";"0c3026b3f65dd1c28a60df0a05bff42f6a96267b,a84a3b5a61ade029568a4165aa7fa40c8b1c38aa,aea19718eb2111fa2f5abec20367b38b1f41e2d4";"history+test/docs"
"68";"v16.2.5";"v16.2.15";"doc/cephfs/administration.rst";"";"M";"M";"40";"45";"FALSE";"100644";"100644";"c53161313c9bd322514ae2fd094775c468f836e0";"ad9599b109e2d1c1fbb05a53d676804dfdeee2d9";"11";"11-cephfs-mds";"P2";"documentation";"reference-only";"Không phân tích code sâu";"";"trivial";"";"Đã đọc net diff và lịch sử; thay đổi feature, refactor, test hoặc công cụ thông thường không có causal chain nâng cấp độc lập.";"";"";"screened-endpoint+history"
"69";"v16.2.5";"v16.2.15";"doc/cephfs/ceph-dokan.rst";"";"M";"M";"2";"0";"FALSE";"100644";"100644";"8545c2c384163419392335d8b4fd150534079a85";"b9fb6c59287b5d69e1181bcb4030dca774a8b336";"11";"11-cephfs-mds";"P2";"documentation";"reference-only";"Không phân tích code sâu";"";"trivial";"";"Đã đọc net diff và lịch sử; thay đổi feature, refactor, test hoặc công cụ thông thường không có causal chain nâng cấp độc lập.";"";"";"screened-endpoint+history"
"70";"v16.2.5";"v16.2.15";"doc/cephfs/cephfs-mirroring.rst";"";"M";"M";"130";"47";"FALSE";"100644";"100644";"e485ea3fef51028edfa310b01275b28f519999b5";"7d5dfa6cfd7853e298a5035fa99077ad39491d7f";"11";"11-cephfs-mds";"P2";"documentation";"reference-only";"Không phân tích code sâu";"";"support";"CEPHFS-008";"Test/QA hoặc tài liệu gắn trực tiếp với finding; dùng làm bằng chứng hỗ trợ, không tự tạo rủi ro production.";"PeerReplayer::restart,Mirror::handle_replayer_status,InstanceWatcher,SnapshotReplayer";"679a2e36cb0aac737203323f0a999b6b67ec1eb1,6fc530dc42e3fed1396d8bf9979d89364e2b2b76,80f7f4e96ab06a0d0e8c1202d34cd407d0734771";"history+test/docs"
"71";"v16.2.5";"v16.2.15";"doc/cephfs/cephfs-shell.rst";"";"M";"M";"4";"4";"FALSE";"100644";"100644";"244d78bda12a54e1bff2d470e8df42fb110a3fa9";"6e6a1b1e36b449cc805122d5773e64a23567a799";"11";"11-cephfs-mds";"P2";"documentation";"reference-only";"Không phân tích code sâu";"";"trivial";"";"Đã đọc net diff và lịch sử; thay đổi feature, refactor, test hoặc công cụ thông thường không có causal chain nâng cấp độc lập.";"";"";"screened-endpoint+history"
"72";"v16.2.5";"v16.2.15";"doc/cephfs/cephfs-top.png";"";"M";"M";"";"";"TRUE";"100644";"100644";"f65aea1d2b9011701999729c8c71f9f00344c845";"7299c82fbcffabb01e569373900bd7db808c4f27";"11";"11-cephfs-mds";"P2";"binary/asset";"reference-only";"Không đọc nội dung sâu";"";"trivial";"";"Đã đọc net diff và lịch sử; thay đổi feature, refactor, test hoặc công cụ thông thường không có causal chain nâng cấp độc lập.";"";"";"screened-endpoint+history"
"73";"v16.2.5";"v16.2.15";"doc/cephfs/cephfs-top.rst";"";"M";"M";"40";"7";"FALSE";"100644";"100644";"47e80df9d2f14a4062628cc012557a337cb553f7";"511d0437cb7db4b2c49a17a4978928388c0f9e42";"11";"11-cephfs-mds";"P2";"documentation";"reference-only";"Không phân tích code sâu";"";"trivial";"";"Đã đọc net diff và lịch sử; thay đổi feature, refactor, test hoặc công cụ thông thường không có causal chain nâng cấp độc lập.";"";"";"screened-endpoint+history"
"74";"v16.2.5";"v16.2.15";"doc/cephfs/client-auth.rst";"";"M";"M";"10";"0";"FALSE";"100644";"100644";"fd0faa83963a2edd78868f100a885b13a4770ccf";"a7dea52518bdd3626c8f02d92c29973350c9ee50";"11";"11-cephfs-mds";"P2";"documentation";"reference-only";"Không phân tích code sâu";"";"support";"CEPHFS-004";"Test/QA hoặc tài liệu gắn trực tiếp với finding; dùng làm bằng chứng hỗ trợ, không tự tạo rủi ro production.";"Client::build_client_request,CEPHFS_FEATURE_32BITS_RETRY_FWD,Client::handle_client_session,Client::flush_caps";"1c2334b778b18719fd259d44d60fc3cd8e19a2a4,798cb2c306ec648d10cf14296de28f903df27e9d,10124022411a787cda8dd183a188f09784fb7355";"history+test/docs"
"75";"v16.2.5";"v16.2.15";"doc/cephfs/disaster-recovery-experts.rst";"";"M";"M";"32";"32";"FALSE";"100644";"100644";"11df16e3813c257eb86e790c46cd525db0f59e1f";"d817f6d1799a452dfca39a5a3569b59ed1339e6d";"11";"11-cephfs-mds";"P2";"documentation";"reference-only";"Không phân tích code sâu";"";"support";"CEPHFS-003";"Test/QA hoặc tài liệu gắn trực tiếp với finding; dùng làm bằng chứng hỗ trợ, không tự tạo rủi ro production.";"MDLog::_recovery_thread,Journaler::check_isreadable,SessionMap::replay,Server::replay_request";"5987e4d994101f1ff6a9573d2673a6d68ec97497,261c5de3a1fab444275712d5c220621ccf76bade,0117f97e365e3e143a0831209efb23b1e229a9b1";"history+test/docs"
"76";"v16.2.5";"v16.2.15";"doc/cephfs/file-layouts.rst";"";"M";"M";"40";"0";"FALSE";"100644";"100644";"3eaf82a4141ed42df0bfcc50d4f6b8611cf6f07f";"2cdb26efc1e132f6e8355b6f3111cd513ecc4715";"11";"11-cephfs-mds";"P2";"documentation";"reference-only";"Không phân tích code sâu";"";"trivial";"";"Đã đọc net diff và lịch sử; thay đổi feature, refactor, test hoặc công cụ thông thường không có causal chain nâng cấp độc lập.";"";"";"screened-endpoint+history"
"77";"v16.2.5";"v16.2.15";"doc/cephfs/fs-nfs-exports.rst";"";"D";"D";"0";"343";"FALSE";"100644";"0";"b11c88a19fc2883296f4fe85b407a8e78c8e277e";"0";"11";"11-cephfs-mds";"P2";"documentation";"reference-only";"Không phân tích code sâu";"";"support";"CEPHFS-007";"Test/QA hoặc tài liệu gắn trực tiếp với finding; dùng làm bằng chứng hỗ trợ, không tự tạo rủi ro production.";"NFSRados,ExportMgr.create_export,ExportMgr.apply_export,cephfs_path_is_dir";"5253e1b7fb899b50911f4d1578768323629e5d34,62869f4c0972f366b1d7c70729459d6e7738142c,e80b0b8e11e6be9ba125e796c4dde1b011374796";"history+test/docs"
"78";"v16.2.5";"v16.2.15";"doc/cephfs/fs-volumes.rst";"";"M";"M";"577";"184";"FALSE";"100644";"100644";"203509f83c005325ec360c39e0acf02d757cbb62";"10857c50bed099c8acc58fe744b44da964682ac4";"11";"11-cephfs-mds";"P2";"documentation";"reference-only";"Không phân tích code sâu";"";"support";"CEPHFS-005,CEPHFS-006";"Test/QA hoặc tài liệu gắn trực tiếp với finding; dùng làm bằng chứng hỗ trợ, không tự tạo rủi ro production.";"MetadataManager,SubvolumeBase.discover,SubvolumeV1.open,legacy_config_path,Cloner,AsyncJobs,SubvolumeBase.remove,VolumeClient,open_volume_lockless";"1d7e95ba3a34436ea0dee4042dc41db884a283b4,cf41172621f7462aef745ad72fb1a9b0512f11ad,d49120cd5a8da516a8157ff58d2627198cc045a5,ef373d8aea3133a15bb22ae62d97886b75eaca0c,3616d9284dd801838c3c38c298087155e0639739";"history+test/docs+advisory"
"79";"v16.2.5";"v16.2.15";"doc/cephfs/health-messages.rst";"";"M";"M";"15";"1";"FALSE";"100644";"100644";"28ceb704a9d032a99050f78cde2374ddd400904b";"bb461be7b60645ee8a63f9aedd58e637336e7049";"11";"11-cephfs-mds";"P2";"documentation";"reference-only";"Không phân tích code sâu";"";"support";"CEPHFS-001,CEPHFS-002";"Test/QA hoặc tài liệu gắn trực tiếp với finding; dùng làm bằng chứng hỗ trợ, không tự tạo rủi ro production.";"SessionMap::validate_and_encode_session,SessionMap::save_if_dirty,mds_session_metadata_threshold,mdthresh_evicted,FSMap::is_upgradeable,FSMap::promote,MDSMap::get_compat_set,allow_standby_replay";"45a9bfd3055343ba6cad4d296e664d166b4e1a92,f5b106c2c86c8238fdc2fb61de6b466878072eda,0c3026b3f65dd1c28a60df0a05bff42f6a96267b,a84a3b5a61ade029568a4165aa7fa40c8b1c38aa,aea19718eb2111fa2f5abec20367b38b1f41e2d4";"history+test/docs"
"80";"v16.2.5";"v16.2.15";"doc/cephfs/index.rst";"";"M";"M";"1";"1";"FALSE";"100644";"100644";"02ae3e9b2934696a0d88872e89f9f0b122e9c920";"ad38639858e5ac3bc4d7043a6c3962583f04595a";"11";"11-cephfs-mds";"P2";"documentation";"reference-only";"Không phân tích code sâu";"";"trivial";"";"Đã đọc net diff và lịch sử; thay đổi feature, refactor, test hoặc công cụ thông thường không có causal chain nâng cấp độc lập.";"";"";"screened-endpoint+history"
"81";"v16.2.5";"v16.2.15";"doc/cephfs/mds-config-ref.rst";"";"M";"M";"25";"0";"FALSE";"100644";"100644";"741f6c92bf2d7b56afeba90dc0a57f34758ebd79";"2b22a844f3aaca31151ea0eefafc74d5248910da";"11";"11-cephfs-mds";"P2";"documentation";"reference-only";"Không phân tích code sâu";"";"support";"CEPHFS-001,CEPHFS-002";"Test/QA hoặc tài liệu gắn trực tiếp với finding; dùng làm bằng chứng hỗ trợ, không tự tạo rủi ro production.";"SessionMap::validate_and_encode_session,SessionMap::save_if_dirty,mds_session_metadata_threshold,mdthresh_evicted,FSMap::is_upgradeable,FSMap::promote,MDSMap::get_compat_set,allow_standby_replay";"45a9bfd3055343ba6cad4d296e664d166b4e1a92,f5b106c2c86c8238fdc2fb61de6b466878072eda,0c3026b3f65dd1c28a60df0a05bff42f6a96267b,a84a3b5a61ade029568a4165aa7fa40c8b1c38aa,aea19718eb2111fa2f5abec20367b38b1f41e2d4";"history+test/docs"
"82";"v16.2.5";"v16.2.15";"doc/cephfs/mds-state-diagram.dot";"";"M";"M";"2";"0";"FALSE";"100644";"100644";"3ad192ef19ddadef298e0c79fb5b0e4918bef52d";"8c9fa25d0f57ab7ad872d4f73ff1d9f5a7930ce5";"11";"11-cephfs-mds";"P2";"documentation";"reference-only";"Không phân tích code sâu";"";"support";"CEPHFS-002";"Test/QA hoặc tài liệu gắn trực tiếp với finding; dùng làm bằng chứng hỗ trợ, không tự tạo rủi ro production.";"FSMap::is_upgradeable,FSMap::promote,MDSMap::get_compat_set,allow_standby_replay";"0c3026b3f65dd1c28a60df0a05bff42f6a96267b,a84a3b5a61ade029568a4165aa7fa40c8b1c38aa,aea19718eb2111fa2f5abec20367b38b1f41e2d4";"history+test/docs"
"83";"v16.2.5";"v16.2.15";"doc/cephfs/mount-prerequisites.rst";"";"M";"M";"5";"3";"FALSE";"100644";"100644";"2f9a22c31bc6b7173888ab287a6cd9363b0c8a79";"6ed8a19b620584e7f4fee608158adf70694e00bf";"11";"11-cephfs-mds";"P2";"documentation";"reference-only";"Không phân tích code sâu";"";"trivial";"";"Đã đọc net diff và lịch sử; thay đổi feature, refactor, test hoặc công cụ thông thường không có causal chain nâng cấp độc lập.";"";"";"screened-endpoint+history"
"84";"v16.2.5";"v16.2.15";"doc/cephfs/mount-using-fuse.rst";"";"M";"M";"4";"9";"FALSE";"100644";"100644";"98b19211dcba1ca74e97777c22c7f8b6ff2ad1a7";"bd098dc91de32fc2505aa8a7e0a259b8f54a1dc6";"11";"11-cephfs-mds";"P2";"documentation";"reference-only";"Không phân tích code sâu";"";"support";"CEPHFS-004";"Test/QA hoặc tài liệu gắn trực tiếp với finding; dùng làm bằng chứng hỗ trợ, không tự tạo rủi ro production.";"Client::build_client_request,CEPHFS_FEATURE_32BITS_RETRY_FWD,Client::handle_client_session,Client::flush_caps";"1c2334b778b18719fd259d44d60fc3cd8e19a2a4,798cb2c306ec648d10cf14296de28f903df27e9d,10124022411a787cda8dd183a188f09784fb7355";"history+test/docs"
"85";"v16.2.5";"v16.2.15";"doc/cephfs/mount-using-kernel-driver.rst";"";"M";"M";"22";"0";"FALSE";"100644";"100644";"5bd98dd51a7cb84532c6c36377f6298e1f111f74";"4aaf480df978722bfe76a5db74a645df950d722a";"11";"11-cephfs-mds";"P2";"documentation";"reference-only";"Không phân tích code sâu";"";"support";"CEPHFS-004";"Test/QA hoặc tài liệu gắn trực tiếp với finding; dùng làm bằng chứng hỗ trợ, không tự tạo rủi ro production.";"Client::build_client_request,CEPHFS_FEATURE_32BITS_RETRY_FWD,Client::handle_client_session,Client::flush_caps";"1c2334b778b18719fd259d44d60fc3cd8e19a2a4,798cb2c306ec648d10cf14296de28f903df27e9d,10124022411a787cda8dd183a188f09784fb7355";"history+test/docs"
"86";"v16.2.5";"v16.2.15";"doc/cephfs/multimds.rst";"";"M";"M";"4";"0";"FALSE";"100644";"100644";"dcbbfc51e094d1ebb1a20fcc1cbe103fdf5ff55e";"db9b52f3a55763634a90bbe841e7b64178014ad0";"11";"11-cephfs-mds";"P2";"documentation";"reference-only";"Không phân tích code sâu";"";"support";"CEPHFS-002";"Test/QA hoặc tài liệu gắn trực tiếp với finding; dùng làm bằng chứng hỗ trợ, không tự tạo rủi ro production.";"FSMap::is_upgradeable,FSMap::promote,MDSMap::get_compat_set,allow_standby_replay";"0c3026b3f65dd1c28a60df0a05bff42f6a96267b,a84a3b5a61ade029568a4165aa7fa40c8b1c38aa,aea19718eb2111fa2f5abec20367b38b1f41e2d4";"history+test/docs"
"87";"v16.2.5";"v16.2.15";"doc/cephfs/nfs.rst";"";"M";"M";"26";"8";"FALSE";"100644";"100644";"17bf4303eb13294465b7f7650ecf36ff2f093f0f";"f06911d5cbd0481e7cc5e0b97606b45201cb51f0";"11";"11-cephfs-mds";"P2";"documentation";"reference-only";"Không phân tích code sâu";"";"support";"CEPHFS-007";"Test/QA hoặc tài liệu gắn trực tiếp với finding; dùng làm bằng chứng hỗ trợ, không tự tạo rủi ro production.";"NFSRados,ExportMgr.create_export,ExportMgr.apply_export,cephfs_path_is_dir";"5253e1b7fb899b50911f4d1578768323629e5d34,62869f4c0972f366b1d7c70729459d6e7738142c,e80b0b8e11e6be9ba125e796c4dde1b011374796";"history+test/docs"
"88";"v16.2.5";"v16.2.15";"doc/cephfs/posix.rst";"";"M";"M";"6";"8";"FALSE";"100644";"100644";"a2c9c2017c72b671e24e7650f8c70826f8867ae7";"d80cbe67e9c4f28d77cc1ee2de51f2c8904a38e2";"11";"11-cephfs-mds";"P2";"documentation";"reference-only";"Không phân tích code sâu";"";"trivial";"";"Đã đọc net diff và lịch sử; thay đổi feature, refactor, test hoặc công cụ thông thường không có causal chain nâng cấp độc lập.";"";"";"screened-endpoint+history"
"89";"v16.2.5";"v16.2.15";"doc/cephfs/quota.rst";"";"M";"M";"73";"0";"FALSE";"100644";"100644";"951982d16431a250e7a5924d7a07b0d44ac04f0b";"0f1be4e321ec3936f77f5950d7f4971a68acb169";"11";"11-cephfs-mds";"P2";"documentation";"reference-only";"Không phân tích code sâu";"";"trivial";"";"Đã đọc net diff và lịch sử; thay đổi feature, refactor, test hoặc công cụ thông thường không có causal chain nâng cấp độc lập.";"";"";"screened-endpoint+history"
"90";"v16.2.5";"v16.2.15";"doc/cephfs/recover-fs-after-mon-store-loss.rst";"";"A";"A";"51";"0";"FALSE";"0";"100644";"0";"d44269c831880da15ec91ff946fa01e7146df62b";"11";"11-cephfs-mds";"P2";"documentation";"reference-only";"Không phân tích code sâu";"";"support";"CEPHFS-003";"Test/QA hoặc tài liệu gắn trực tiếp với finding; dùng làm bằng chứng hỗ trợ, không tự tạo rủi ro production.";"MDLog::_recovery_thread,Journaler::check_isreadable,SessionMap::replay,Server::replay_request";"5987e4d994101f1ff6a9573d2673a6d68ec97497,261c5de3a1fab444275712d5c220621ccf76bade,0117f97e365e3e143a0831209efb23b1e229a9b1";"history+test/docs"
"91";"v16.2.5";"v16.2.15";"doc/cephfs/scrub.rst";"";"M";"M";"23";"0";"FALSE";"100644";"100644";"7f55df9503073e36954da9522b1f31e2a89b8908";"5b813f1c41ad822051169f2e6fb59c6c26568698";"11";"11-cephfs-mds";"P2";"documentation";"reference-only";"Không phân tích code sâu";"";"trivial";"";"Đã đọc net diff và lịch sử; thay đổi feature, refactor, test hoặc công cụ thông thường không có causal chain nâng cấp độc lập.";"";"";"screened-endpoint+history"
"92";"v16.2.5";"v16.2.15";"doc/cephfs/snap-schedule.rst";"";"M";"M";"42";"11";"FALSE";"100644";"100644";"6a9c0d1769b061961d499526da6bb5bc77655ce8";"5c4b2c1dec64cc4cb5f8ae6aa6cb516c569c3f3c";"11";"11-cephfs-mds";"P2";"documentation";"reference-only";"Không phân tích code sâu";"";"trivial";"";"Đã đọc net diff và lịch sử; thay đổi feature, refactor, test hoặc công cụ thông thường không có causal chain nâng cấp độc lập.";"";"";"screened-endpoint+history"
"93";"v16.2.5";"v16.2.15";"doc/cephfs/troubleshooting.rst";"";"M";"M";"92";"0";"FALSE";"100644";"100644";"78ad18ddeb4d153de08a8dbe0d33874d0eefe4b7";"60de0c1a3b99b16f0ddb8c5574b77afb1dde7b26";"11";"11-cephfs-mds";"P2";"documentation";"reference-only";"Không phân tích code sâu";"";"support";"CEPHFS-003";"Test/QA hoặc tài liệu gắn trực tiếp với finding; dùng làm bằng chứng hỗ trợ, không tự tạo rủi ro production.";"MDLog::_recovery_thread,Journaler::check_isreadable,SessionMap::replay,Server::replay_request";"5987e4d994101f1ff6a9573d2673a6d68ec97497,261c5de3a1fab444275712d5c220621ccf76bade,0117f97e365e3e143a0831209efb23b1e229a9b1";"history+test/docs"
"94";"v16.2.5";"v16.2.15";"doc/cephfs/upgrading.rst";"";"M";"M";"7";"32";"FALSE";"100644";"100644";"e9df8c0c74300738ef751caaf2c24d680ff85a46";"2dc29e1298bb1fc5c7815f5f09bacb63ab8e51b6";"11";"11-cephfs-mds";"P2";"documentation";"reference-only";"Không phân tích code sâu";"";"support";"CEPHFS-002";"Test/QA hoặc tài liệu gắn trực tiếp với finding; dùng làm bằng chứng hỗ trợ, không tự tạo rủi ro production.";"FSMap::is_upgradeable,FSMap::promote,MDSMap::get_compat_set,allow_standby_replay";"0c3026b3f65dd1c28a60df0a05bff42f6a96267b,a84a3b5a61ade029568a4165aa7fa40c8b1c38aa,aea19718eb2111fa2f5abec20367b38b1f41e2d4";"history+test/docs"
"359";"v16.2.5";"v16.2.15";"qa/cephfs/conf/client.yaml";"";"M";"M";"2";"2";"FALSE";"100644";"100644";"286706a5c6789998bbed46e205169557d45891b3";"4b37d03b45a463574f36545c09e6f3b1519488e8";"11";"11-cephfs-mds";"P2";"test/QA";"reference-only";"Không đọc độc lập";"";"trivial";"";"Đã đọc net diff và lịch sử; thay đổi feature, refactor, test hoặc công cụ thông thường không có causal chain nâng cấp độc lập.";"";"";"screened-endpoint+history"
"360";"v16.2.5";"v16.2.15";"qa/cephfs/conf/mds.yaml";"";"M";"M";"3";"2";"FALSE";"100644";"100644";"922f7167ae4742c742d851582ace9d09d5fde5dd";"b1c7a58694449cca6eb08582bc7a1b6e756e7267";"11";"11-cephfs-mds";"P2";"test/QA";"reference-only";"Không đọc độc lập";"";"trivial";"";"Đã đọc net diff và lịch sử; thay đổi feature, refactor, test hoặc công cụ thông thường không có causal chain nâng cấp độc lập.";"";"";"screened-endpoint+history"
"361";"v16.2.5";"v16.2.15";"qa/cephfs/overrides/frag.yaml";"qa/cephfs/overrides/frag_enable.yaml";"R";"R086";"2";"2";"FALSE";"100644";"100644";"f1ccc1c9d808d127923ce781f920d90a26bc5b51";"f05b3f48fe0268ac5c6355aeb7acc466ce647977";"11";"11-cephfs-mds";"P2";"test/QA";"reference-only";"Không đọc độc lập";"";"trivial";"";"Đã đọc net diff và lịch sử; thay đổi feature, refactor, test hoặc công cụ thông thường không có causal chain nâng cấp độc lập.";"";"";"screened-endpoint+history"
"362";"v16.2.5";"v16.2.15";"qa/cephfs/overrides/ignorelist_health.yaml";"";"A";"A";"22";"0";"FALSE";"0";"100644";"0";"a698da517b4d27a8413bf270351bbc1e3a3031b2";"11";"11-cephfs-mds";"P2";"test/QA";"reference-only";"Không đọc độc lập";"";"trivial";"";"Đã đọc net diff và lịch sử; thay đổi feature, refactor, test hoặc công cụ thông thường không có causal chain nâng cấp độc lập.";"";"";"screened-endpoint+history"
"363";"v16.2.5";"v16.2.15";"qa/cephfs/overrides/ignorelist_wrongly_marked_down.yaml";"qa/cephfs/overrides/whitelist_wrongly_marked_down.yaml";"R";"R075";"4";"2";"FALSE";"100644";"100644";"41ba84f04db5e97abb176735acb7b315f5f08616";"64c8c24f597862d3258ac05e1e4f9c620584e57f";"11";"11-cephfs-mds";"P2";"test/QA";"reference-only";"Không đọc độc lập";"";"trivial";"";"Đã đọc net diff và lịch sử; thay đổi feature, refactor, test hoặc công cụ thông thường không có causal chain nâng cấp độc lập.";"";"";"screened-endpoint+history"
"404";"v16.2.5";"v16.2.15";"qa/suites/fs/32bits/overrides/frag_enable.yaml";"";"D";"D";"0";"1";"FALSE";"120000";"0";"34a39a368cf158fb1235183778b881477d56750c";"0";"11";"11-cephfs-mds";"P2";"test/QA";"reference-only";"Không đọc độc lập";"";"trivial";"";"Đã đọc net diff và lịch sử; thay đổi feature, refactor, test hoặc công cụ thông thường không có causal chain nâng cấp độc lập.";"";"";"screened-endpoint+history"
"405";"v16.2.5";"v16.2.15";"qa/suites/fs/32bits/overrides/ignorelist_health.yaml";"";"A";"A";"1";"0";"FALSE";"0";"120000";"0";"5cb891a95c3c84f2fcf67c2b0e5e678593400537";"11";"11-cephfs-mds";"P2";"test/QA";"reference-only";"Không đọc độc lập";"";"trivial";"";"Đã đọc net diff và lịch sử; thay đổi feature, refactor, test hoặc công cụ thông thường không có causal chain nâng cấp độc lập.";"";"";"screened-endpoint+history"
"406";"v16.2.5";"v16.2.15";"qa/suites/fs/32bits/overrides/ignorelist_wrongly_marked_down.yaml";"";"A";"A";"1";"0";"FALSE";"0";"120000";"0";"f317cb714ca2801799ef0daff43abd435caa47f3";"11";"11-cephfs-mds";"P2";"test/QA";"reference-only";"Không đọc độc lập";"";"trivial";"";"Đã đọc net diff và lịch sử; thay đổi feature, refactor, test hoặc công cụ thông thường không có causal chain nâng cấp độc lập.";"";"";"screened-endpoint+history"
"407";"v16.2.5";"v16.2.15";"qa/suites/fs/32bits/overrides/whitelist_health.yaml";"";"D";"D";"0";"1";"FALSE";"120000";"0";"74f39a49b27edc0caacda2bcd930b79b06781d40";"0";"11";"11-cephfs-mds";"P2";"test/QA";"reference-only";"Không đọc độc lập";"";"trivial";"";"Đã đọc net diff và lịch sử; thay đổi feature, refactor, test hoặc công cụ thông thường không có causal chain nâng cấp độc lập.";"";"";"screened-endpoint+history"
"408";"v16.2.5";"v16.2.15";"qa/suites/fs/32bits/overrides/whitelist_wrongly_marked_down.yaml";"";"D";"D";"0";"1";"FALSE";"120000";"0";"b4528c0f8c096bc9e80dd8ead702ab458aec3b13";"0";"11";"11-cephfs-mds";"P2";"test/QA";"reference-only";"Không đọc độc lập";"";"trivial";"";"Đã đọc net diff và lịch sử; thay đổi feature, refactor, test hoặc công cụ thông thường không có causal chain nâng cấp độc lập.";"";"";"screened-endpoint+history"
"409";"v16.2.5";"v16.2.15";"qa/suites/fs/bugs/client_trim_caps/overrides/frag_enable.yaml";"";"D";"D";"0";"1";"FALSE";"120000";"0";"34a39a368cf158fb1235183778b881477d56750c";"0";"11";"11-cephfs-mds";"P2";"test/QA";"reference-only";"Không đọc độc lập";"";"support";"CEPHFS-004";"Test/QA hoặc tài liệu gắn trực tiếp với finding; dùng làm bằng chứng hỗ trợ, không tự tạo rủi ro production.";"Client::build_client_request,CEPHFS_FEATURE_32BITS_RETRY_FWD,Client::handle_client_session,Client::flush_caps";"1c2334b778b18719fd259d44d60fc3cd8e19a2a4,798cb2c306ec648d10cf14296de28f903df27e9d,10124022411a787cda8dd183a188f09784fb7355";"history+test/docs"
"410";"v16.2.5";"v16.2.15";"qa/suites/fs/bugs/client_trim_caps/overrides/ignorelist_health.yaml";"";"A";"A";"1";"0";"FALSE";"0";"120000";"0";"5cb891a95c3c84f2fcf67c2b0e5e678593400537";"11";"11-cephfs-mds";"P2";"test/QA";"reference-only";"Không đọc độc lập";"";"support";"CEPHFS-004";"Test/QA hoặc tài liệu gắn trực tiếp với finding; dùng làm bằng chứng hỗ trợ, không tự tạo rủi ro production.";"Client::build_client_request,CEPHFS_FEATURE_32BITS_RETRY_FWD,Client::handle_client_session,Client::flush_caps";"1c2334b778b18719fd259d44d60fc3cd8e19a2a4,798cb2c306ec648d10cf14296de28f903df27e9d,10124022411a787cda8dd183a188f09784fb7355";"history+test/docs"
"411";"v16.2.5";"v16.2.15";"qa/suites/fs/bugs/client_trim_caps/overrides/ignorelist_wrongly_marked_down.yaml";"";"A";"A";"1";"0";"FALSE";"0";"120000";"0";"f317cb714ca2801799ef0daff43abd435caa47f3";"11";"11-cephfs-mds";"P2";"test/QA";"reference-only";"Không đọc độc lập";"";"support";"CEPHFS-004";"Test/QA hoặc tài liệu gắn trực tiếp với finding; dùng làm bằng chứng hỗ trợ, không tự tạo rủi ro production.";"Client::build_client_request,CEPHFS_FEATURE_32BITS_RETRY_FWD,Client::handle_client_session,Client::flush_caps";"1c2334b778b18719fd259d44d60fc3cd8e19a2a4,798cb2c306ec648d10cf14296de28f903df27e9d,10124022411a787cda8dd183a188f09784fb7355";"history+test/docs"
"412";"v16.2.5";"v16.2.15";"qa/suites/fs/bugs/client_trim_caps/overrides/whitelist_health.yaml";"";"D";"D";"0";"1";"FALSE";"120000";"0";"74f39a49b27edc0caacda2bcd930b79b06781d40";"0";"11";"11-cephfs-mds";"P2";"test/QA";"reference-only";"Không đọc độc lập";"";"support";"CEPHFS-004";"Test/QA hoặc tài liệu gắn trực tiếp với finding; dùng làm bằng chứng hỗ trợ, không tự tạo rủi ro production.";"Client::build_client_request,CEPHFS_FEATURE_32BITS_RETRY_FWD,Client::handle_client_session,Client::flush_caps";"1c2334b778b18719fd259d44d60fc3cd8e19a2a4,798cb2c306ec648d10cf14296de28f903df27e9d,10124022411a787cda8dd183a188f09784fb7355";"history+test/docs"
"413";"v16.2.5";"v16.2.15";"qa/suites/fs/bugs/client_trim_caps/overrides/whitelist_wrongly_marked_down.yaml";"";"D";"D";"0";"1";"FALSE";"120000";"0";"b4528c0f8c096bc9e80dd8ead702ab458aec3b13";"0";"11";"11-cephfs-mds";"P2";"test/QA";"reference-only";"Không đọc độc lập";"";"support";"CEPHFS-004";"Test/QA hoặc tài liệu gắn trực tiếp với finding; dùng làm bằng chứng hỗ trợ, không tự tạo rủi ro production.";"Client::build_client_request,CEPHFS_FEATURE_32BITS_RETRY_FWD,Client::handle_client_session,Client::flush_caps";"1c2334b778b18719fd259d44d60fc3cd8e19a2a4,798cb2c306ec648d10cf14296de28f903df27e9d,10124022411a787cda8dd183a188f09784fb7355";"history+test/docs"
"414";"v16.2.5";"v16.2.15";"qa/suites/fs/full/overrides/frag_enable.yaml";"";"D";"D";"0";"1";"FALSE";"120000";"0";"34a39a368cf158fb1235183778b881477d56750c";"0";"11";"11-cephfs-mds";"P2";"test/QA";"reference-only";"Không đọc độc lập";"";"trivial";"";"Đã đọc net diff và lịch sử; thay đổi feature, refactor, test hoặc công cụ thông thường không có causal chain nâng cấp độc lập.";"";"";"screened-endpoint+history"
"415";"v16.2.5";"v16.2.15";"qa/suites/fs/full/overrides/ignorelist_health.yaml";"";"A";"A";"1";"0";"FALSE";"0";"120000";"0";"5cb891a95c3c84f2fcf67c2b0e5e678593400537";"11";"11-cephfs-mds";"P2";"test/QA";"reference-only";"Không đọc độc lập";"";"trivial";"";"Đã đọc net diff và lịch sử; thay đổi feature, refactor, test hoặc công cụ thông thường không có causal chain nâng cấp độc lập.";"";"";"screened-endpoint+history"
"416";"v16.2.5";"v16.2.15";"qa/suites/fs/full/overrides/ignorelist_wrongly_marked_down.yaml";"";"A";"A";"1";"0";"FALSE";"0";"120000";"0";"f317cb714ca2801799ef0daff43abd435caa47f3";"11";"11-cephfs-mds";"P2";"test/QA";"reference-only";"Không đọc độc lập";"";"trivial";"";"Đã đọc net diff và lịch sử; thay đổi feature, refactor, test hoặc công cụ thông thường không có causal chain nâng cấp độc lập.";"";"";"screened-endpoint+history"
"417";"v16.2.5";"v16.2.15";"qa/suites/fs/full/overrides/whitelist_health.yaml";"";"D";"D";"0";"1";"FALSE";"120000";"0";"74f39a49b27edc0caacda2bcd930b79b06781d40";"0";"11";"11-cephfs-mds";"P2";"test/QA";"reference-only";"Không đọc độc lập";"";"trivial";"";"Đã đọc net diff và lịch sử; thay đổi feature, refactor, test hoặc công cụ thông thường không có causal chain nâng cấp độc lập.";"";"";"screened-endpoint+history"
"418";"v16.2.5";"v16.2.15";"qa/suites/fs/full/overrides/whitelist_wrongly_marked_down.yaml";"";"D";"D";"0";"1";"FALSE";"120000";"0";"b4528c0f8c096bc9e80dd8ead702ab458aec3b13";"0";"11";"11-cephfs-mds";"P2";"test/QA";"reference-only";"Không đọc độc lập";"";"trivial";"";"Đã đọc net diff và lịch sử; thay đổi feature, refactor, test hoặc công cụ thông thường không có causal chain nâng cấp độc lập.";"";"";"screened-endpoint+history"
"419";"v16.2.5";"v16.2.15";"qa/suites/fs/full/tasks/mgr-osd-full.yaml";"";"M";"M";"11";"1";"FALSE";"100644";"100644";"88d6527bf82af7bc14f09ad96873efb16aa13c54";"b4f673e395794300dee48224886607c76e8368d7";"11";"11-cephfs-mds";"P2";"test/QA";"reference-only";"Không đọc độc lập";"";"trivial";"";"Đã đọc net diff và lịch sử; thay đổi feature, refactor, test hoặc công cụ thông thường không có causal chain nâng cấp độc lập.";"";"";"screened-endpoint+history"
"420";"v16.2.5";"v16.2.15";"qa/suites/fs/functional/overrides/frag_enable.yaml";"";"D";"D";"0";"1";"FALSE";"120000";"0";"34a39a368cf158fb1235183778b881477d56750c";"0";"11";"11-cephfs-mds";"P2";"test/QA";"reference-only";"Không đọc độc lập";"";"trivial";"";"Đã đọc net diff và lịch sử; thay đổi feature, refactor, test hoặc công cụ thông thường không có causal chain nâng cấp độc lập.";"";"";"screened-endpoint+history"
"421";"v16.2.5";"v16.2.15";"qa/suites/fs/functional/overrides/ignorelist_health.yaml";"";"A";"A";"1";"0";"FALSE";"0";"120000";"0";"5cb891a95c3c84f2fcf67c2b0e5e678593400537";"11";"11-cephfs-mds";"P2";"test/QA";"reference-only";"Không đọc độc lập";"";"trivial";"";"Đã đọc net diff và lịch sử; thay đổi feature, refactor, test hoặc công cụ thông thường không có causal chain nâng cấp độc lập.";"";"";"screened-endpoint+history"
"422";"v16.2.5";"v16.2.15";"qa/suites/fs/functional/overrides/ignorelist_wrongly_marked_down.yaml";"";"A";"A";"1";"0";"FALSE";"0";"120000";"0";"f317cb714ca2801799ef0daff43abd435caa47f3";"11";"11-cephfs-mds";"P2";"test/QA";"reference-only";"Không đọc độc lập";"";"trivial";"";"Đã đọc net diff và lịch sử; thay đổi feature, refactor, test hoặc công cụ thông thường không có causal chain nâng cấp độc lập.";"";"";"screened-endpoint+history"
"423";"v16.2.5";"v16.2.15";"qa/suites/fs/functional/overrides/whitelist_health.yaml";"";"D";"D";"0";"1";"FALSE";"120000";"0";"74f39a49b27edc0caacda2bcd930b79b06781d40";"0";"11";"11-cephfs-mds";"P2";"test/QA";"reference-only";"Không đọc độc lập";"";"trivial";"";"Đã đọc net diff và lịch sử; thay đổi feature, refactor, test hoặc công cụ thông thường không có causal chain nâng cấp độc lập.";"";"";"screened-endpoint+history"
"424";"v16.2.5";"v16.2.15";"qa/suites/fs/functional/overrides/whitelist_wrongly_marked_down.yaml";"";"D";"D";"0";"1";"FALSE";"120000";"0";"b4528c0f8c096bc9e80dd8ead702ab458aec3b13";"0";"11";"11-cephfs-mds";"P2";"test/QA";"reference-only";"Không đọc độc lập";"";"trivial";"";"Đã đọc net diff và lịch sử; thay đổi feature, refactor, test hoặc công cụ thông thường không có causal chain nâng cấp độc lập.";"";"";"screened-endpoint+history"
"425";"v16.2.5";"v16.2.15";"qa/suites/fs/functional/tasks/alternate-pool.yaml";"";"M";"M";"0";"1";"FALSE";"100644";"100644";"3bff0ffe9599da4bf1041a8080ca52c5117eda14";"7a1caa47300e88fe1345c352f3823beb32130eab";"11";"11-cephfs-mds";"P2";"test/QA";"reference-only";"Không đọc độc lập";"";"trivial";"";"Đã đọc net diff và lịch sử; thay đổi feature, refactor, test hoặc công cụ thông thường không có causal chain nâng cấp độc lập.";"";"";"screened-endpoint+history"
"426";"v16.2.5";"v16.2.15";"qa/suites/fs/functional/tasks/client-recovery.yaml";"";"M";"M";"3";"0";"FALSE";"100644";"100644";"d927fd11b6c7b4df4a236fed5fd77ad588cd0f5f";"b3edcfa87f3a6d688bc5e1d4ccd5925567d01d04";"11";"11-cephfs-mds";"P2";"test/QA";"reference-only";"Không đọc độc lập";"";"support";"CEPHFS-002,CEPHFS-003";"Test/QA hoặc tài liệu gắn trực tiếp với finding; dùng làm bằng chứng hỗ trợ, không tự tạo rủi ro production.";"FSMap::is_upgradeable,FSMap::promote,MDSMap::get_compat_set,allow_standby_replay,MDLog::_recovery_thread,Journaler::check_isreadable,SessionMap::replay,Server::replay_request";"0c3026b3f65dd1c28a60df0a05bff42f6a96267b,a84a3b5a61ade029568a4165aa7fa40c8b1c38aa,aea19718eb2111fa2f5abec20367b38b1f41e2d4,5987e4d994101f1ff6a9573d2673a6d68ec97497,261c5de3a1fab444275712d5c220621ccf76bade,0117f97e365e3e143a0831209efb23b1e229a9b1";"history+test/docs"
"427";"v16.2.5";"v16.2.15";"qa/suites/fs/functional/tasks/damage.yaml";"";"M";"M";"2";"0";"FALSE";"100644";"100644";"917c4b1a3d63e80bded1e7b9917adc5362b22c88";"7703aee9322dd75bbbcf3e3b23002a09c245603e";"11";"11-cephfs-mds";"P2";"test/QA";"reference-only";"Không đọc độc lập";"";"support";"CEPHFS-002,CEPHFS-003";"Test/QA hoặc tài liệu gắn trực tiếp với finding; dùng làm bằng chứng hỗ trợ, không tự tạo rủi ro production.";"FSMap::is_upgradeable,FSMap::promote,MDSMap::get_compat_set,allow_standby_replay,MDLog::_recovery_thread,Journaler::check_isreadable,SessionMap::replay,Server::replay_request";"0c3026b3f65dd1c28a60df0a05bff42f6a96267b,a84a3b5a61ade029568a4165aa7fa40c8b1c38aa,aea19718eb2111fa2f5abec20367b38b1f41e2d4,5987e4d994101f1ff6a9573d2673a6d68ec97497,261c5de3a1fab444275712d5c220621ccf76bade,0117f97e365e3e143a0831209efb23b1e229a9b1";"history+test/docs"
"428";"v16.2.5";"v16.2.15";"qa/suites/fs/functional/tasks/forward-scrub.yaml";"";"M";"M";"1";"0";"FALSE";"100644";"100644";"f444455f1fef6755b354736e0e595aae6d50192f";"961d25db06d0dd90f9e17da13585f3c9b3f9f7eb";"11";"11-cephfs-mds";"P2";"test/QA";"reference-only";"Không đọc độc lập";"";"trivial";"";"Đã đọc net diff và lịch sử; thay đổi feature, refactor, test hoặc công cụ thông thường không có causal chain nâng cấp độc lập.";"";"";"screened-endpoint+history"
"429";"v16.2.5";"v16.2.15";"qa/suites/fs/functional/tasks/journal-repair.yaml";"";"M";"M";"1";"0";"FALSE";"100644";"100644";"d6f87f871bafcf0824484a2319963fb3fa67054d";"0dae6143cb61105146b8c8563ccd54a4f125b91e";"11";"11-cephfs-mds";"P2";"test/QA";"reference-only";"Không đọc độc lập";"";"support";"CEPHFS-002,CEPHFS-003";"Test/QA hoặc tài liệu gắn trực tiếp với finding; dùng làm bằng chứng hỗ trợ, không tự tạo rủi ro production.";"FSMap::is_upgradeable,FSMap::promote,MDSMap::get_compat_set,allow_standby_replay,MDLog::_recovery_thread,Journaler::check_isreadable,SessionMap::replay,Server::replay_request";"0c3026b3f65dd1c28a60df0a05bff42f6a96267b,a84a3b5a61ade029568a4165aa7fa40c8b1c38aa,aea19718eb2111fa2f5abec20367b38b1f41e2d4,5987e4d994101f1ff6a9573d2673a6d68ec97497,261c5de3a1fab444275712d5c220621ccf76bade,0117f97e365e3e143a0831209efb23b1e229a9b1";"history+test/docs"
"430";"v16.2.5";"v16.2.15";"qa/suites/fs/functional/tasks/mds-full.yaml";"";"M";"M";"2";"0";"FALSE";"100644";"100644";"0c869287750c92ea08a0e5aecba7e31b9b364eb3";"9399890c46f37b028dce13bef0787481fc6072b0";"11";"11-cephfs-mds";"P2";"test/QA";"reference-only";"Không đọc độc lập";"";"trivial";"";"Đã đọc net diff và lịch sử; thay đổi feature, refactor, test hoặc công cụ thông thường không có causal chain nâng cấp độc lập.";"";"";"screened-endpoint+history"
"431";"v16.2.5";"v16.2.15";"qa/suites/fs/functional/tasks/recovery-fs.yaml";"";"A";"A";"4";"0";"FALSE";"0";"100644";"0";"d354e9fbe23e76d824deee3dbeade01f8a40e0dd";"11";"11-cephfs-mds";"P2";"test/QA";"reference-only";"Không đọc độc lập";"";"support";"CEPHFS-002,CEPHFS-003";"Test/QA hoặc tài liệu gắn trực tiếp với finding; dùng làm bằng chứng hỗ trợ, không tự tạo rủi ro production.";"FSMap::is_upgradeable,FSMap::promote,MDSMap::get_compat_set,allow_standby_replay,MDLog::_recovery_thread,Journaler::check_isreadable,SessionMap::replay,Server::replay_request";"0c3026b3f65dd1c28a60df0a05bff42f6a96267b,a84a3b5a61ade029568a4165aa7fa40c8b1c38aa,aea19718eb2111fa2f5abec20367b38b1f41e2d4,5987e4d994101f1ff6a9573d2673a6d68ec97497,261c5de3a1fab444275712d5c220621ccf76bade,0117f97e365e3e143a0831209efb23b1e229a9b1";"history+test/docs"
"432";"v16.2.5";"v16.2.15";"qa/suites/fs/functional/tasks/snap_schedule_snapdir.yaml";"";"A";"A";"30";"0";"FALSE";"0";"100644";"0";"7bbcf000fe787b915dd8c4b06415b51538373a22";"11";"11-cephfs-mds";"P2";"test/QA";"reference-only";"Không đọc độc lập";"";"trivial";"";"Đã đọc net diff và lịch sử; thay đổi feature, refactor, test hoặc công cụ thông thường không có causal chain nâng cấp độc lập.";"";"";"screened-endpoint+history"
"433";"v16.2.5";"v16.2.15";"qa/suites/fs/functional/tasks/workunit/dir-max-entries.yaml";"";"A";"A";"5";"0";"FALSE";"0";"100644";"0";"087dcc3d5c25d866edf12dd041a93d4d9afb9988";"11";"11-cephfs-mds";"P2";"test/QA";"reference-only";"Không đọc độc lập";"";"trivial";"";"Đã đọc net diff và lịch sử; thay đổi feature, refactor, test hoặc công cụ thông thường không có causal chain nâng cấp độc lập.";"";"";"screened-endpoint+history"
"434";"v16.2.5";"v16.2.15";"qa/suites/fs/libcephfs/overrides/frag_enable.yaml";"";"D";"D";"0";"1";"FALSE";"120000";"0";"34a39a368cf158fb1235183778b881477d56750c";"0";"11";"11-cephfs-mds";"P2";"test/QA";"reference-only";"Không đọc độc lập";"";"trivial";"";"Đã đọc net diff và lịch sử; thay đổi feature, refactor, test hoặc công cụ thông thường không có causal chain nâng cấp độc lập.";"";"";"screened-endpoint+history"
"435";"v16.2.5";"v16.2.15";"qa/suites/fs/libcephfs/overrides/ignorelist_health.yaml";"";"A";"A";"1";"0";"FALSE";"0";"120000";"0";"5cb891a95c3c84f2fcf67c2b0e5e678593400537";"11";"11-cephfs-mds";"P2";"test/QA";"reference-only";"Không đọc độc lập";"";"trivial";"";"Đã đọc net diff và lịch sử; thay đổi feature, refactor, test hoặc công cụ thông thường không có causal chain nâng cấp độc lập.";"";"";"screened-endpoint+history"
"436";"v16.2.5";"v16.2.15";"qa/suites/fs/libcephfs/overrides/ignorelist_wrongly_marked_down.yaml";"";"A";"A";"1";"0";"FALSE";"0";"120000";"0";"f317cb714ca2801799ef0daff43abd435caa47f3";"11";"11-cephfs-mds";"P2";"test/QA";"reference-only";"Không đọc độc lập";"";"trivial";"";"Đã đọc net diff và lịch sử; thay đổi feature, refactor, test hoặc công cụ thông thường không có causal chain nâng cấp độc lập.";"";"";"screened-endpoint+history"
"437";"v16.2.5";"v16.2.15";"qa/suites/fs/libcephfs/overrides/whitelist_health.yaml";"";"D";"D";"0";"1";"FALSE";"120000";"0";"74f39a49b27edc0caacda2bcd930b79b06781d40";"0";"11";"11-cephfs-mds";"P2";"test/QA";"reference-only";"Không đọc độc lập";"";"trivial";"";"Đã đọc net diff và lịch sử; thay đổi feature, refactor, test hoặc công cụ thông thường không có causal chain nâng cấp độc lập.";"";"";"screened-endpoint+history"
"438";"v16.2.5";"v16.2.15";"qa/suites/fs/libcephfs/overrides/whitelist_wrongly_marked_down.yaml";"";"D";"D";"0";"1";"FALSE";"120000";"0";"b4528c0f8c096bc9e80dd8ead702ab458aec3b13";"0";"11";"11-cephfs-mds";"P2";"test/QA";"reference-only";"Không đọc độc lập";"";"trivial";"";"Đã đọc net diff và lịch sử; thay đổi feature, refactor, test hoặc công cụ thông thường không có causal chain nâng cấp độc lập.";"";"";"screened-endpoint+history"
"439";"v16.2.5";"v16.2.15";"qa/suites/fs/libcephfs/tasks/libcephfs/+";"qa/suites/rbd/persistent-writeback-cache/2-cluster/+";"R";"R100";"0";"0";"FALSE";"100644";"100644";"e69de29bb2d1d6434b8b29ae775ad8c2e48c5391";"e69de29bb2d1d6434b8b29ae775ad8c2e48c5391";"11";"11-cephfs-mds";"P2";"mechanical/zero-LOC";"reference-only";"Không đọc nội dung độc lập";"";"trivial";"";"Đã đọc net diff và lịch sử; thay đổi feature, refactor, test hoặc công cụ thông thường không có causal chain nâng cấp độc lập.";"";"";"screened-endpoint+history"
"440";"v16.2.5";"v16.2.15";"qa/suites/fs/libcephfs/tasks/libcephfs/.qa";"";"A";"A";"1";"0";"FALSE";"0";"120000";"0";"fea2489fdf6d9c5d189a12524b23f3f8daedd85a";"11";"11-cephfs-mds";"P2";"test/QA";"reference-only";"Không đọc độc lập";"";"trivial";"";"Đã đọc net diff và lịch sử; thay đổi feature, refactor, test hoặc công cụ thông thường không có causal chain nâng cấp độc lập.";"";"";"screened-endpoint+history"
"441";"v16.2.5";"v16.2.15";"qa/suites/fs/libcephfs/tasks/libcephfs/frag.yaml";"";"A";"A";"1";"0";"FALSE";"0";"120000";"0";"5e5cdaed8c7ecaf516cc1063138617e81f06489e";"11";"11-cephfs-mds";"P2";"test/QA";"reference-only";"Không đọc độc lập";"";"trivial";"";"Đã đọc net diff và lịch sử; thay đổi feature, refactor, test hoặc công cụ thông thường không có causal chain nâng cấp độc lập.";"";"";"screened-endpoint+history"
"442";"v16.2.5";"v16.2.15";"qa/suites/fs/libcephfs/tasks/libcephfs/test.yaml";"qa/suites/fs/libcephfs/tasks/libcephfs.yaml";"R";"R100";"0";"0";"FALSE";"100644";"100644";"70afa2da3f2b03eebfeada170fc4eca24fdbfe0e";"70afa2da3f2b03eebfeada170fc4eca24fdbfe0e";"11";"11-cephfs-mds";"P2";"mechanical/zero-LOC";"reference-only";"Không đọc nội dung độc lập";"";"trivial";"";"Đã đọc net diff và lịch sử; thay đổi feature, refactor, test hoặc công cụ thông thường không có causal chain nâng cấp độc lập.";"";"";"screened-endpoint+history"
"443";"v16.2.5";"v16.2.15";"qa/suites/fs/mirror-ha/%";"src/pybind/mgr/dashboard/frontend/src/app/ceph/block/mirroring/edit-site-name-modal/edit-site-name-modal.component.scss";"R";"R100";"0";"0";"FALSE";"100644";"100644";"e69de29bb2d1d6434b8b29ae775ad8c2e48c5391";"e69de29bb2d1d6434b8b29ae775ad8c2e48c5391";"11";"11-cephfs-mds";"P2";"mechanical/zero-LOC";"reference-only";"Không đọc nội dung độc lập";"";"trivial";"";"Đã đọc net diff và lịch sử; thay đổi feature, refactor, test hoặc công cụ thông thường không có causal chain nâng cấp độc lập.";"";"";"screened-endpoint+history"
"444";"v16.2.5";"v16.2.15";"qa/suites/fs/mirror-ha/.qa";"";"A";"A";"1";"0";"FALSE";"0";"120000";"0";"fea2489fdf6d9c5d189a12524b23f3f8daedd85a";"11";"11-cephfs-mds";"P2";"test/QA";"reference-only";"Không đọc độc lập";"";"support";"CEPHFS-008";"Test/QA hoặc tài liệu gắn trực tiếp với finding; dùng làm bằng chứng hỗ trợ, không tự tạo rủi ro production.";"PeerReplayer::restart,Mirror::handle_replayer_status,InstanceWatcher,SnapshotReplayer";"679a2e36cb0aac737203323f0a999b6b67ec1eb1,6fc530dc42e3fed1396d8bf9979d89364e2b2b76,80f7f4e96ab06a0d0e8c1202d34cd407d0734771";"history+test/docs"
"445";"v16.2.5";"v16.2.15";"qa/suites/fs/mirror-ha/begin.yaml";"";"A";"A";"1";"0";"FALSE";"0";"120000";"0";"311d404f7c2760adc7ba00a5277164bdba1299f9";"11";"11-cephfs-mds";"P2";"test/QA";"reference-only";"Không đọc độc lập";"";"support";"CEPHFS-008";"Test/QA hoặc tài liệu gắn trực tiếp với finding; dùng làm bằng chứng hỗ trợ, không tự tạo rủi ro production.";"PeerReplayer::restart,Mirror::handle_replayer_status,InstanceWatcher,SnapshotReplayer";"679a2e36cb0aac737203323f0a999b6b67ec1eb1,6fc530dc42e3fed1396d8bf9979d89364e2b2b76,80f7f4e96ab06a0d0e8c1202d34cd407d0734771";"history+test/docs"
"446";"v16.2.5";"v16.2.15";"qa/suites/fs/mirror-ha/cephfs-mirror/+";"";"A";"A";"0";"0";"FALSE";"0";"100644";"0";"e69de29bb2d1d6434b8b29ae775ad8c2e48c5391";"11";"11-cephfs-mds";"P2";"mechanical/zero-LOC";"reference-only";"Không đọc nội dung độc lập";"";"trivial";"";"Đã đọc net diff và lịch sử; thay đổi feature, refactor, test hoặc công cụ thông thường không có causal chain nâng cấp độc lập.";"";"";"screened-endpoint+history"
"447";"v16.2.5";"v16.2.15";"qa/suites/fs/mirror-ha/cephfs-mirror/1-volume-create-rm.yaml";"";"A";"A";"14";"0";"FALSE";"0";"100644";"0";"4ee16e1c98369810ac9071cf15e6a1422cd8f292";"11";"11-cephfs-mds";"P2";"test/QA";"reference-only";"Không đọc độc lập";"";"support";"CEPHFS-008";"Test/QA hoặc tài liệu gắn trực tiếp với finding; dùng làm bằng chứng hỗ trợ, không tự tạo rủi ro production.";"PeerReplayer::restart,Mirror::handle_replayer_status,InstanceWatcher,SnapshotReplayer";"679a2e36cb0aac737203323f0a999b6b67ec1eb1,6fc530dc42e3fed1396d8bf9979d89364e2b2b76,80f7f4e96ab06a0d0e8c1202d34cd407d0734771";"history+test/docs"
"448";"v16.2.5";"v16.2.15";"qa/suites/fs/mirror-ha/cephfs-mirror/2-three-per-cluster.yaml";"";"A";"A";"12";"0";"FALSE";"0";"100644";"0";"095f0893ac26a94fc15c290dddbf2d4741bc67d3";"11";"11-cephfs-mds";"P2";"test/QA";"reference-only";"Không đọc độc lập";"";"support";"CEPHFS-008";"Test/QA hoặc tài liệu gắn trực tiếp với finding; dùng làm bằng chứng hỗ trợ, không tự tạo rủi ro production.";"PeerReplayer::restart,Mirror::handle_replayer_status,InstanceWatcher,SnapshotReplayer";"679a2e36cb0aac737203323f0a999b6b67ec1eb1,6fc530dc42e3fed1396d8bf9979d89364e2b2b76,80f7f4e96ab06a0d0e8c1202d34cd407d0734771";"history+test/docs"
"449";"v16.2.5";"v16.2.15";"qa/suites/fs/mirror-ha/clients/+";"";"A";"A";"0";"0";"FALSE";"0";"100644";"0";"e69de29bb2d1d6434b8b29ae775ad8c2e48c5391";"11";"11-cephfs-mds";"P2";"mechanical/zero-LOC";"reference-only";"Không đọc nội dung độc lập";"";"trivial";"";"Đã đọc net diff và lịch sử; thay đổi feature, refactor, test hoặc công cụ thông thường không có causal chain nâng cấp độc lập.";"";"";"screened-endpoint+history"
"450";"v16.2.5";"v16.2.15";"qa/suites/fs/mirror-ha/clients/.qa";"";"A";"A";"1";"0";"FALSE";"0";"120000";"0";"fea2489fdf6d9c5d189a12524b23f3f8daedd85a";"11";"11-cephfs-mds";"P2";"test/QA";"reference-only";"Không đọc độc lập";"";"support";"CEPHFS-008";"Test/QA hoặc tài liệu gắn trực tiếp với finding; dùng làm bằng chứng hỗ trợ, không tự tạo rủi ro production.";"PeerReplayer::restart,Mirror::handle_replayer_status,InstanceWatcher,SnapshotReplayer";"679a2e36cb0aac737203323f0a999b6b67ec1eb1,6fc530dc42e3fed1396d8bf9979d89364e2b2b76,80f7f4e96ab06a0d0e8c1202d34cd407d0734771";"history+test/docs"
"451";"v16.2.5";"v16.2.15";"qa/suites/fs/mirror-ha/clients/mirror.yaml";"";"A";"A";"32";"0";"FALSE";"0";"100644";"0";"620c821e1170e2da467d8f7e703c4ba1b81242fd";"11";"11-cephfs-mds";"P2";"test/QA";"reference-only";"Không đọc độc lập";"";"support";"CEPHFS-008";"Test/QA hoặc tài liệu gắn trực tiếp với finding; dùng làm bằng chứng hỗ trợ, không tự tạo rủi ro production.";"PeerReplayer::restart,Mirror::handle_replayer_status,InstanceWatcher,SnapshotReplayer";"679a2e36cb0aac737203323f0a999b6b67ec1eb1,6fc530dc42e3fed1396d8bf9979d89364e2b2b76,80f7f4e96ab06a0d0e8c1202d34cd407d0734771";"history+test/docs"
"452";"v16.2.5";"v16.2.15";"qa/suites/fs/mirror-ha/cluster/+";"";"A";"A";"0";"0";"FALSE";"0";"100644";"0";"e69de29bb2d1d6434b8b29ae775ad8c2e48c5391";"11";"11-cephfs-mds";"P2";"mechanical/zero-LOC";"reference-only";"Không đọc nội dung độc lập";"";"trivial";"";"Đã đọc net diff và lịch sử; thay đổi feature, refactor, test hoặc công cụ thông thường không có causal chain nâng cấp độc lập.";"";"";"screened-endpoint+history"
"453";"v16.2.5";"v16.2.15";"qa/suites/fs/mirror-ha/cluster/1-node.yaml";"";"A";"A";"20";"0";"FALSE";"0";"100644";"0";"cc70c106d67e48202d7574de46c6782ea5a32897";"11";"11-cephfs-mds";"P2";"test/QA";"reference-only";"Không đọc độc lập";"";"support";"CEPHFS-008";"Test/QA hoặc tài liệu gắn trực tiếp với finding; dùng làm bằng chứng hỗ trợ, không tự tạo rủi ro production.";"PeerReplayer::restart,Mirror::handle_replayer_status,InstanceWatcher,SnapshotReplayer";"679a2e36cb0aac737203323f0a999b6b67ec1eb1,6fc530dc42e3fed1396d8bf9979d89364e2b2b76,80f7f4e96ab06a0d0e8c1202d34cd407d0734771";"history+test/docs"
"454";"v16.2.5";"v16.2.15";"qa/suites/fs/mirror-ha/objectstore/.qa";"";"A";"A";"1";"0";"FALSE";"0";"120000";"0";"fea2489fdf6d9c5d189a12524b23f3f8daedd85a";"11";"11-cephfs-mds";"P2";"test/QA";"reference-only";"Không đọc độc lập";"";"support";"CEPHFS-008";"Test/QA hoặc tài liệu gắn trực tiếp với finding; dùng làm bằng chứng hỗ trợ, không tự tạo rủi ro production.";"PeerReplayer::restart,Mirror::handle_replayer_status,InstanceWatcher,SnapshotReplayer";"679a2e36cb0aac737203323f0a999b6b67ec1eb1,6fc530dc42e3fed1396d8bf9979d89364e2b2b76,80f7f4e96ab06a0d0e8c1202d34cd407d0734771";"history+test/docs"
"455";"v16.2.5";"v16.2.15";"qa/suites/fs/mirror-ha/objectstore/bluestore-bitmap.yaml";"";"A";"A";"1";"0";"FALSE";"0";"120000";"0";"a59cf5175069a8d125e2c4f1bab72d354c02627c";"11";"11-cephfs-mds";"P2";"test/QA";"reference-only";"Không đọc độc lập";"";"support";"CEPHFS-008";"Test/QA hoặc tài liệu gắn trực tiếp với finding; dùng làm bằng chứng hỗ trợ, không tự tạo rủi ro production.";"PeerReplayer::restart,Mirror::handle_replayer_status,InstanceWatcher,SnapshotReplayer";"679a2e36cb0aac737203323f0a999b6b67ec1eb1,6fc530dc42e3fed1396d8bf9979d89364e2b2b76,80f7f4e96ab06a0d0e8c1202d34cd407d0734771";"history+test/docs"
"456";"v16.2.5";"v16.2.15";"qa/suites/fs/mirror-ha/overrides/+";"";"A";"A";"0";"0";"FALSE";"0";"100644";"0";"e69de29bb2d1d6434b8b29ae775ad8c2e48c5391";"11";"11-cephfs-mds";"P2";"mechanical/zero-LOC";"reference-only";"Không đọc nội dung độc lập";"";"trivial";"";"Đã đọc net diff và lịch sử; thay đổi feature, refactor, test hoặc công cụ thông thường không có causal chain nâng cấp độc lập.";"";"";"screened-endpoint+history"
"457";"v16.2.5";"v16.2.15";"qa/suites/fs/mirror-ha/overrides/.qa";"";"A";"A";"1";"0";"FALSE";"0";"120000";"0";"fea2489fdf6d9c5d189a12524b23f3f8daedd85a";"11";"11-cephfs-mds";"P2";"test/QA";"reference-only";"Không đọc độc lập";"";"support";"CEPHFS-008";"Test/QA hoặc tài liệu gắn trực tiếp với finding; dùng làm bằng chứng hỗ trợ, không tự tạo rủi ro production.";"PeerReplayer::restart,Mirror::handle_replayer_status,InstanceWatcher,SnapshotReplayer";"679a2e36cb0aac737203323f0a999b6b67ec1eb1,6fc530dc42e3fed1396d8bf9979d89364e2b2b76,80f7f4e96ab06a0d0e8c1202d34cd407d0734771";"history+test/docs"
"458";"v16.2.5";"v16.2.15";"qa/suites/fs/mirror-ha/overrides/whitelist_health.yaml";"qa/cephfs/overrides/whitelist_health.yaml";"R";"R080";"2";"0";"FALSE";"100644";"100644";"7f0d49eab63c70f2ef6e02a0c594ea0eb84b0f6d";"d40fa4cb82ce7412d0250502e664b5c0fe6fb007";"11";"11-cephfs-mds";"P2";"test/QA";"reference-only";"Không đọc độc lập";"";"support";"CEPHFS-008";"Test/QA hoặc tài liệu gắn trực tiếp với finding; dùng làm bằng chứng hỗ trợ, không tự tạo rủi ro production.";"PeerReplayer::restart,Mirror::handle_replayer_status,InstanceWatcher,SnapshotReplayer";"679a2e36cb0aac737203323f0a999b6b67ec1eb1,6fc530dc42e3fed1396d8bf9979d89364e2b2b76,80f7f4e96ab06a0d0e8c1202d34cd407d0734771";"history+test/docs"
"459";"v16.2.5";"v16.2.15";"qa/suites/fs/mirror-ha/supported-random-distro$";"qa/suites/rbd/persistent-writeback-cache/3-supported-random-distro$";"R";"R100";"0";"0";"FALSE";"120000";"120000";"0862b4457b37a038999a4485572780a8bd3c07db";"0862b4457b37a038999a4485572780a8bd3c07db";"11";"11-cephfs-mds";"P2";"mechanical/zero-LOC";"reference-only";"Không đọc nội dung độc lập";"";"trivial";"";"Đã đọc net diff và lịch sử; thay đổi feature, refactor, test hoặc công cụ thông thường không có causal chain nâng cấp độc lập.";"";"";"screened-endpoint+history"
"460";"v16.2.5";"v16.2.15";"qa/suites/fs/mirror-ha/workloads/.qa";"";"A";"A";"1";"0";"FALSE";"0";"120000";"0";"fea2489fdf6d9c5d189a12524b23f3f8daedd85a";"11";"11-cephfs-mds";"P2";"test/QA";"reference-only";"Không đọc độc lập";"";"support";"CEPHFS-008";"Test/QA hoặc tài liệu gắn trực tiếp với finding; dùng làm bằng chứng hỗ trợ, không tự tạo rủi ro production.";"PeerReplayer::restart,Mirror::handle_replayer_status,InstanceWatcher,SnapshotReplayer";"679a2e36cb0aac737203323f0a999b6b67ec1eb1,6fc530dc42e3fed1396d8bf9979d89364e2b2b76,80f7f4e96ab06a0d0e8c1202d34cd407d0734771";"history+test/docs"
"461";"v16.2.5";"v16.2.15";"qa/suites/fs/mirror-ha/workloads/cephfs-mirror-ha-workunit.yaml";"";"A";"A";"33";"0";"FALSE";"0";"100644";"0";"ce4dddf78d51e4a68a41d0d71ab8fee045f512f1";"11";"11-cephfs-mds";"P2";"test/QA";"reference-only";"Không đọc độc lập";"";"support";"CEPHFS-008";"Test/QA hoặc tài liệu gắn trực tiếp với finding; dùng làm bằng chứng hỗ trợ, không tự tạo rủi ro production.";"PeerReplayer::restart,Mirror::handle_replayer_status,InstanceWatcher,SnapshotReplayer";"679a2e36cb0aac737203323f0a999b6b67ec1eb1,6fc530dc42e3fed1396d8bf9979d89364e2b2b76,80f7f4e96ab06a0d0e8c1202d34cd407d0734771";"history+test/docs"
"462";"v16.2.5";"v16.2.15";"qa/suites/fs/mirror/tasks/mirror.yaml";"";"M";"M";"1";"1";"FALSE";"100644";"100644";"af60495e53f8b9b05cc1efe1eafe969b3b23aaa7";"07c1e24efbf8e766d5f4b5a809fafd1c8f17ad2c";"11";"11-cephfs-mds";"P2";"test/QA";"reference-only";"Không đọc độc lập";"";"support";"CEPHFS-008";"Test/QA hoặc tài liệu gắn trực tiếp với finding; dùng làm bằng chứng hỗ trợ, không tự tạo rủi ro production.";"PeerReplayer::restart,Mirror::handle_replayer_status,InstanceWatcher,SnapshotReplayer";"679a2e36cb0aac737203323f0a999b6b67ec1eb1,6fc530dc42e3fed1396d8bf9979d89364e2b2b76,80f7f4e96ab06a0d0e8c1202d34cd407d0734771";"history+test/docs"
"463";"v16.2.5";"v16.2.15";"qa/suites/fs/mixed-clients/overrides/frag_enable.yaml";"";"D";"D";"0";"1";"FALSE";"120000";"0";"34a39a368cf158fb1235183778b881477d56750c";"0";"11";"11-cephfs-mds";"P2";"test/QA";"reference-only";"Không đọc độc lập";"";"support";"CEPHFS-004";"Test/QA hoặc tài liệu gắn trực tiếp với finding; dùng làm bằng chứng hỗ trợ, không tự tạo rủi ro production.";"Client::build_client_request,CEPHFS_FEATURE_32BITS_RETRY_FWD,Client::handle_client_session,Client::flush_caps";"1c2334b778b18719fd259d44d60fc3cd8e19a2a4,798cb2c306ec648d10cf14296de28f903df27e9d,10124022411a787cda8dd183a188f09784fb7355";"history+test/docs"
"464";"v16.2.5";"v16.2.15";"qa/suites/fs/mixed-clients/overrides/ignorelist_health.yaml";"";"A";"A";"1";"0";"FALSE";"0";"120000";"0";"5cb891a95c3c84f2fcf67c2b0e5e678593400537";"11";"11-cephfs-mds";"P2";"test/QA";"reference-only";"Không đọc độc lập";"";"support";"CEPHFS-004";"Test/QA hoặc tài liệu gắn trực tiếp với finding; dùng làm bằng chứng hỗ trợ, không tự tạo rủi ro production.";"Client::build_client_request,CEPHFS_FEATURE_32BITS_RETRY_FWD,Client::handle_client_session,Client::flush_caps";"1c2334b778b18719fd259d44d60fc3cd8e19a2a4,798cb2c306ec648d10cf14296de28f903df27e9d,10124022411a787cda8dd183a188f09784fb7355";"history+test/docs"
"465";"v16.2.5";"v16.2.15";"qa/suites/fs/mixed-clients/overrides/ignorelist_wrongly_marked_down.yaml";"";"A";"A";"1";"0";"FALSE";"0";"120000";"0";"f317cb714ca2801799ef0daff43abd435caa47f3";"11";"11-cephfs-mds";"P2";"test/QA";"reference-only";"Không đọc độc lập";"";"support";"CEPHFS-004";"Test/QA hoặc tài liệu gắn trực tiếp với finding; dùng làm bằng chứng hỗ trợ, không tự tạo rủi ro production.";"Client::build_client_request,CEPHFS_FEATURE_32BITS_RETRY_FWD,Client::handle_client_session,Client::flush_caps";"1c2334b778b18719fd259d44d60fc3cd8e19a2a4,798cb2c306ec648d10cf14296de28f903df27e9d,10124022411a787cda8dd183a188f09784fb7355";"history+test/docs"
"466";"v16.2.5";"v16.2.15";"qa/suites/fs/mixed-clients/overrides/whitelist_health.yaml";"";"D";"D";"0";"1";"FALSE";"120000";"0";"74f39a49b27edc0caacda2bcd930b79b06781d40";"0";"11";"11-cephfs-mds";"P2";"test/QA";"reference-only";"Không đọc độc lập";"";"support";"CEPHFS-004";"Test/QA hoặc tài liệu gắn trực tiếp với finding; dùng làm bằng chứng hỗ trợ, không tự tạo rủi ro production.";"Client::build_client_request,CEPHFS_FEATURE_32BITS_RETRY_FWD,Client::handle_client_session,Client::flush_caps";"1c2334b778b18719fd259d44d60fc3cd8e19a2a4,798cb2c306ec648d10cf14296de28f903df27e9d,10124022411a787cda8dd183a188f09784fb7355";"history+test/docs"
"467";"v16.2.5";"v16.2.15";"qa/suites/fs/mixed-clients/overrides/whitelist_wrongly_marked_down.yaml";"";"D";"D";"0";"1";"FALSE";"120000";"0";"b4528c0f8c096bc9e80dd8ead702ab458aec3b13";"0";"11";"11-cephfs-mds";"P2";"test/QA";"reference-only";"Không đọc độc lập";"";"support";"CEPHFS-004";"Test/QA hoặc tài liệu gắn trực tiếp với finding; dùng làm bằng chứng hỗ trợ, không tự tạo rủi ro production.";"Client::build_client_request,CEPHFS_FEATURE_32BITS_RETRY_FWD,Client::handle_client_session,Client::flush_caps";"1c2334b778b18719fd259d44d60fc3cd8e19a2a4,798cb2c306ec648d10cf14296de28f903df27e9d,10124022411a787cda8dd183a188f09784fb7355";"history+test/docs"
"468";"v16.2.5";"v16.2.15";"qa/suites/fs/multiclient/overrides/frag_enable.yaml";"";"D";"D";"0";"1";"FALSE";"120000";"0";"34a39a368cf158fb1235183778b881477d56750c";"0";"11";"11-cephfs-mds";"P2";"test/QA";"reference-only";"Không đọc độc lập";"";"trivial";"";"Đã đọc net diff và lịch sử; thay đổi feature, refactor, test hoặc công cụ thông thường không có causal chain nâng cấp độc lập.";"";"";"screened-endpoint+history"
"469";"v16.2.5";"v16.2.15";"qa/suites/fs/multiclient/overrides/ignorelist_health.yaml";"";"A";"A";"1";"0";"FALSE";"0";"120000";"0";"5cb891a95c3c84f2fcf67c2b0e5e678593400537";"11";"11-cephfs-mds";"P2";"test/QA";"reference-only";"Không đọc độc lập";"";"trivial";"";"Đã đọc net diff và lịch sử; thay đổi feature, refactor, test hoặc công cụ thông thường không có causal chain nâng cấp độc lập.";"";"";"screened-endpoint+history"
"470";"v16.2.5";"v16.2.15";"qa/suites/fs/multiclient/overrides/ignorelist_wrongly_marked_down.yaml";"";"A";"A";"1";"0";"FALSE";"0";"120000";"0";"f317cb714ca2801799ef0daff43abd435caa47f3";"11";"11-cephfs-mds";"P2";"test/QA";"reference-only";"Không đọc độc lập";"";"trivial";"";"Đã đọc net diff và lịch sử; thay đổi feature, refactor, test hoặc công cụ thông thường không có causal chain nâng cấp độc lập.";"";"";"screened-endpoint+history"
"471";"v16.2.5";"v16.2.15";"qa/suites/fs/multiclient/overrides/whitelist_health.yaml";"";"D";"D";"0";"1";"FALSE";"120000";"0";"74f39a49b27edc0caacda2bcd930b79b06781d40";"0";"11";"11-cephfs-mds";"P2";"test/QA";"reference-only";"Không đọc độc lập";"";"trivial";"";"Đã đọc net diff và lịch sử; thay đổi feature, refactor, test hoặc công cụ thông thường không có causal chain nâng cấp độc lập.";"";"";"screened-endpoint+history"
"472";"v16.2.5";"v16.2.15";"qa/suites/fs/multiclient/overrides/whitelist_wrongly_marked_down.yaml";"";"D";"D";"0";"1";"FALSE";"120000";"0";"b4528c0f8c096bc9e80dd8ead702ab458aec3b13";"0";"11";"11-cephfs-mds";"P2";"test/QA";"reference-only";"Không đọc độc lập";"";"trivial";"";"Đã đọc net diff và lịch sử; thay đổi feature, refactor, test hoặc công cụ thông thường không có causal chain nâng cấp độc lập.";"";"";"screened-endpoint+history"
"473";"v16.2.5";"v16.2.15";"qa/suites/fs/multiclient/tasks/cephfs_misc_tests.yaml";"";"M";"M";"1";"0";"FALSE";"100644";"100644";"40d63ba792b11ea5110d73e8de0cff99488bc55d";"e6d6ef99b15d6ac2a6cdc1affe948fd7685ee97f";"11";"11-cephfs-mds";"P2";"test/QA";"reference-only";"Không đọc độc lập";"";"trivial";"";"Đã đọc net diff và lịch sử; thay đổi feature, refactor, test hoặc công cụ thông thường không có causal chain nâng cấp độc lập.";"";"";"screened-endpoint+history"
"474";"v16.2.5";"v16.2.15";"qa/suites/fs/multifs/overrides/frag_enable.yaml";"";"D";"D";"0";"1";"FALSE";"120000";"0";"34a39a368cf158fb1235183778b881477d56750c";"0";"11";"11-cephfs-mds";"P2";"test/QA";"reference-only";"Không đọc độc lập";"";"trivial";"";"Đã đọc net diff và lịch sử; thay đổi feature, refactor, test hoặc công cụ thông thường không có causal chain nâng cấp độc lập.";"";"";"screened-endpoint+history"
"475";"v16.2.5";"v16.2.15";"qa/suites/fs/multifs/overrides/ignorelist_health.yaml";"";"A";"A";"1";"0";"FALSE";"0";"120000";"0";"5cb891a95c3c84f2fcf67c2b0e5e678593400537";"11";"11-cephfs-mds";"P2";"test/QA";"reference-only";"Không đọc độc lập";"";"trivial";"";"Đã đọc net diff và lịch sử; thay đổi feature, refactor, test hoặc công cụ thông thường không có causal chain nâng cấp độc lập.";"";"";"screened-endpoint+history"
"476";"v16.2.5";"v16.2.15";"qa/suites/fs/multifs/overrides/ignorelist_wrongly_marked_down.yaml";"";"A";"A";"1";"0";"FALSE";"0";"120000";"0";"f317cb714ca2801799ef0daff43abd435caa47f3";"11";"11-cephfs-mds";"P2";"test/QA";"reference-only";"Không đọc độc lập";"";"trivial";"";"Đã đọc net diff và lịch sử; thay đổi feature, refactor, test hoặc công cụ thông thường không có causal chain nâng cấp độc lập.";"";"";"screened-endpoint+history"
"477";"v16.2.5";"v16.2.15";"qa/suites/fs/multifs/overrides/whitelist_health.yaml";"";"D";"D";"0";"1";"FALSE";"120000";"0";"74f39a49b27edc0caacda2bcd930b79b06781d40";"0";"11";"11-cephfs-mds";"P2";"test/QA";"reference-only";"Không đọc độc lập";"";"trivial";"";"Đã đọc net diff và lịch sử; thay đổi feature, refactor, test hoặc công cụ thông thường không có causal chain nâng cấp độc lập.";"";"";"screened-endpoint+history"
"478";"v16.2.5";"v16.2.15";"qa/suites/fs/multifs/overrides/whitelist_wrongly_marked_down.yaml";"";"D";"D";"0";"1";"FALSE";"120000";"0";"b4528c0f8c096bc9e80dd8ead702ab458aec3b13";"0";"11";"11-cephfs-mds";"P2";"test/QA";"reference-only";"Không đọc độc lập";"";"trivial";"";"Đã đọc net diff và lịch sử; thay đổi feature, refactor, test hoặc công cụ thông thường không có causal chain nâng cấp độc lập.";"";"";"screened-endpoint+history"
"479";"v16.2.5";"v16.2.15";"qa/suites/fs/multifs/tasks/failover.yaml";"";"M";"M";"2";"0";"FALSE";"100644";"100644";"4a95f01da9c73f02629d54b8493c8cdf506f5262";"9c403c76db6c8b48f49e8977bbd7f52285b72c10";"11";"11-cephfs-mds";"P2";"test/QA";"reference-only";"Không đọc độc lập";"";"support";"CEPHFS-002,CEPHFS-003";"Test/QA hoặc tài liệu gắn trực tiếp với finding; dùng làm bằng chứng hỗ trợ, không tự tạo rủi ro production.";"FSMap::is_upgradeable,FSMap::promote,MDSMap::get_compat_set,allow_standby_replay,MDLog::_recovery_thread,Journaler::check_isreadable,SessionMap::replay,Server::replay_request";"0c3026b3f65dd1c28a60df0a05bff42f6a96267b,a84a3b5a61ade029568a4165aa7fa40c8b1c38aa,aea19718eb2111fa2f5abec20367b38b1f41e2d4,5987e4d994101f1ff6a9573d2673a6d68ec97497,261c5de3a1fab444275712d5c220621ccf76bade,0117f97e365e3e143a0831209efb23b1e229a9b1";"history+test/docs"
"480";"v16.2.5";"v16.2.15";"qa/suites/fs/permission/overrides/frag_enable.yaml";"";"D";"D";"0";"1";"FALSE";"120000";"0";"34a39a368cf158fb1235183778b881477d56750c";"0";"11";"11-cephfs-mds";"P2";"test/QA";"reference-only";"Không đọc độc lập";"";"trivial";"";"Đã đọc net diff và lịch sử; thay đổi feature, refactor, test hoặc công cụ thông thường không có causal chain nâng cấp độc lập.";"";"";"screened-endpoint+history"
"481";"v16.2.5";"v16.2.15";"qa/suites/fs/permission/overrides/ignorelist_health.yaml";"";"A";"A";"1";"0";"FALSE";"0";"120000";"0";"5cb891a95c3c84f2fcf67c2b0e5e678593400537";"11";"11-cephfs-mds";"P2";"test/QA";"reference-only";"Không đọc độc lập";"";"trivial";"";"Đã đọc net diff và lịch sử; thay đổi feature, refactor, test hoặc công cụ thông thường không có causal chain nâng cấp độc lập.";"";"";"screened-endpoint+history"
"482";"v16.2.5";"v16.2.15";"qa/suites/fs/permission/overrides/ignorelist_wrongly_marked_down.yaml";"";"A";"A";"1";"0";"FALSE";"0";"120000";"0";"f317cb714ca2801799ef0daff43abd435caa47f3";"11";"11-cephfs-mds";"P2";"test/QA";"reference-only";"Không đọc độc lập";"";"trivial";"";"Đã đọc net diff và lịch sử; thay đổi feature, refactor, test hoặc công cụ thông thường không có causal chain nâng cấp độc lập.";"";"";"screened-endpoint+history"
"483";"v16.2.5";"v16.2.15";"qa/suites/fs/permission/overrides/whitelist_health.yaml";"";"D";"D";"0";"1";"FALSE";"120000";"0";"74f39a49b27edc0caacda2bcd930b79b06781d40";"0";"11";"11-cephfs-mds";"P2";"test/QA";"reference-only";"Không đọc độc lập";"";"trivial";"";"Đã đọc net diff và lịch sử; thay đổi feature, refactor, test hoặc công cụ thông thường không có causal chain nâng cấp độc lập.";"";"";"screened-endpoint+history"
"484";"v16.2.5";"v16.2.15";"qa/suites/fs/permission/overrides/whitelist_wrongly_marked_down.yaml";"";"D";"D";"0";"1";"FALSE";"120000";"0";"b4528c0f8c096bc9e80dd8ead702ab458aec3b13";"0";"11";"11-cephfs-mds";"P2";"test/QA";"reference-only";"Không đọc độc lập";"";"trivial";"";"Đã đọc net diff và lịch sử; thay đổi feature, refactor, test hoặc công cụ thông thường không có causal chain nâng cấp độc lập.";"";"";"screened-endpoint+history"
"485";"v16.2.5";"v16.2.15";"qa/suites/fs/permission/tasks/cfuse_workunit_misc.yaml";"";"M";"M";"1";"0";"FALSE";"100644";"100644";"6ff6195bfb473959daeaa716863598307b93df9d";"ca026c45ff1ec3c49ecf3768d28e14dc84e0ad97";"11";"11-cephfs-mds";"P2";"test/QA";"reference-only";"Không đọc độc lập";"";"trivial";"";"Đã đọc net diff và lịch sử; thay đổi feature, refactor, test hoặc công cụ thông thường không có causal chain nâng cấp độc lập.";"";"";"screened-endpoint+history"
"486";"v16.2.5";"v16.2.15";"qa/suites/fs/shell/overrides/frag_enable.yaml";"";"D";"D";"0";"1";"FALSE";"120000";"0";"34a39a368cf158fb1235183778b881477d56750c";"0";"11";"11-cephfs-mds";"P2";"test/QA";"reference-only";"Không đọc độc lập";"";"trivial";"";"Đã đọc net diff và lịch sử; thay đổi feature, refactor, test hoặc công cụ thông thường không có causal chain nâng cấp độc lập.";"";"";"screened-endpoint+history"
"487";"v16.2.5";"v16.2.15";"qa/suites/fs/shell/overrides/ignorelist_health.yaml";"";"A";"A";"1";"0";"FALSE";"0";"120000";"0";"5cb891a95c3c84f2fcf67c2b0e5e678593400537";"11";"11-cephfs-mds";"P2";"test/QA";"reference-only";"Không đọc độc lập";"";"trivial";"";"Đã đọc net diff và lịch sử; thay đổi feature, refactor, test hoặc công cụ thông thường không có causal chain nâng cấp độc lập.";"";"";"screened-endpoint+history"
"488";"v16.2.5";"v16.2.15";"qa/suites/fs/shell/overrides/ignorelist_wrongly_marked_down.yaml";"";"A";"A";"1";"0";"FALSE";"0";"120000";"0";"f317cb714ca2801799ef0daff43abd435caa47f3";"11";"11-cephfs-mds";"P2";"test/QA";"reference-only";"Không đọc độc lập";"";"trivial";"";"Đã đọc net diff và lịch sử; thay đổi feature, refactor, test hoặc công cụ thông thường không có causal chain nâng cấp độc lập.";"";"";"screened-endpoint+history"
"489";"v16.2.5";"v16.2.15";"qa/suites/fs/shell/overrides/whitelist_health.yaml";"";"D";"D";"0";"1";"FALSE";"120000";"0";"74f39a49b27edc0caacda2bcd930b79b06781d40";"0";"11";"11-cephfs-mds";"P2";"test/QA";"reference-only";"Không đọc độc lập";"";"trivial";"";"Đã đọc net diff và lịch sử; thay đổi feature, refactor, test hoặc công cụ thông thường không có causal chain nâng cấp độc lập.";"";"";"screened-endpoint+history"
"490";"v16.2.5";"v16.2.15";"qa/suites/fs/shell/overrides/whitelist_wrongly_marked_down.yaml";"";"D";"D";"0";"1";"FALSE";"120000";"0";"b4528c0f8c096bc9e80dd8ead702ab458aec3b13";"0";"11";"11-cephfs-mds";"P2";"test/QA";"reference-only";"Không đọc độc lập";"";"trivial";"";"Đã đọc net diff và lịch sử; thay đổi feature, refactor, test hoặc công cụ thông thường không có causal chain nâng cấp độc lập.";"";"";"screened-endpoint+history"
"491";"v16.2.5";"v16.2.15";"qa/suites/fs/snaps/overrides/frag_enable.yaml";"";"D";"D";"0";"1";"FALSE";"120000";"0";"34a39a368cf158fb1235183778b881477d56750c";"0";"11";"11-cephfs-mds";"P2";"test/QA";"reference-only";"Không đọc độc lập";"";"trivial";"";"Đã đọc net diff và lịch sử; thay đổi feature, refactor, test hoặc công cụ thông thường không có causal chain nâng cấp độc lập.";"";"";"screened-endpoint+history"
"492";"v16.2.5";"v16.2.15";"qa/suites/fs/snaps/overrides/ignorelist_health.yaml";"";"A";"A";"1";"0";"FALSE";"0";"120000";"0";"5cb891a95c3c84f2fcf67c2b0e5e678593400537";"11";"11-cephfs-mds";"P2";"test/QA";"reference-only";"Không đọc độc lập";"";"trivial";"";"Đã đọc net diff và lịch sử; thay đổi feature, refactor, test hoặc công cụ thông thường không có causal chain nâng cấp độc lập.";"";"";"screened-endpoint+history"
"493";"v16.2.5";"v16.2.15";"qa/suites/fs/snaps/overrides/ignorelist_wrongly_marked_down.yaml";"";"A";"A";"1";"0";"FALSE";"0";"120000";"0";"f317cb714ca2801799ef0daff43abd435caa47f3";"11";"11-cephfs-mds";"P2";"test/QA";"reference-only";"Không đọc độc lập";"";"trivial";"";"Đã đọc net diff và lịch sử; thay đổi feature, refactor, test hoặc công cụ thông thường không có causal chain nâng cấp độc lập.";"";"";"screened-endpoint+history"
"494";"v16.2.5";"v16.2.15";"qa/suites/fs/snaps/overrides/whitelist_health.yaml";"";"D";"D";"0";"1";"FALSE";"120000";"0";"74f39a49b27edc0caacda2bcd930b79b06781d40";"0";"11";"11-cephfs-mds";"P2";"test/QA";"reference-only";"Không đọc độc lập";"";"trivial";"";"Đã đọc net diff và lịch sử; thay đổi feature, refactor, test hoặc công cụ thông thường không có causal chain nâng cấp độc lập.";"";"";"screened-endpoint+history"
"495";"v16.2.5";"v16.2.15";"qa/suites/fs/snaps/overrides/whitelist_wrongly_marked_down.yaml";"";"D";"D";"0";"1";"FALSE";"120000";"0";"b4528c0f8c096bc9e80dd8ead702ab458aec3b13";"0";"11";"11-cephfs-mds";"P2";"test/QA";"reference-only";"Không đọc độc lập";"";"trivial";"";"Đã đọc net diff và lịch sử; thay đổi feature, refactor, test hoặc công cụ thông thường không có causal chain nâng cấp độc lập.";"";"";"screened-endpoint+history"
"496";"v16.2.5";"v16.2.15";"qa/suites/fs/thrash/multifs/overrides/client-shutdown.yaml";"";"A";"A";"6";"0";"FALSE";"0";"100644";"0";"30b2ea98150b52f8df5a6cc6421a87fd06a1d3b9";"11";"11-cephfs-mds";"P2";"test/QA";"reference-only";"Không đọc độc lập";"";"trivial";"";"Đã đọc net diff và lịch sử; thay đổi feature, refactor, test hoặc công cụ thông thường không có causal chain nâng cấp độc lập.";"";"";"screened-endpoint+history"
"497";"v16.2.5";"v16.2.15";"qa/suites/fs/thrash/multifs/overrides/frag.yaml";"";"A";"A";"1";"0";"FALSE";"0";"120000";"0";"5e5cdaed8c7ecaf516cc1063138617e81f06489e";"11";"11-cephfs-mds";"P2";"test/QA";"reference-only";"Không đọc độc lập";"";"trivial";"";"Đã đọc net diff và lịch sử; thay đổi feature, refactor, test hoặc công cụ thông thường không có causal chain nâng cấp độc lập.";"";"";"screened-endpoint+history"
"498";"v16.2.5";"v16.2.15";"qa/suites/fs/thrash/multifs/overrides/frag_enable.yaml";"";"D";"D";"0";"1";"FALSE";"120000";"0";"34a39a368cf158fb1235183778b881477d56750c";"0";"11";"11-cephfs-mds";"P2";"test/QA";"reference-only";"Không đọc độc lập";"";"trivial";"";"Đã đọc net diff và lịch sử; thay đổi feature, refactor, test hoặc công cụ thông thường không có causal chain nâng cấp độc lập.";"";"";"screened-endpoint+history"
"499";"v16.2.5";"v16.2.15";"qa/suites/fs/thrash/multifs/overrides/ignorelist_health.yaml";"";"A";"A";"1";"0";"FALSE";"0";"120000";"0";"5cb891a95c3c84f2fcf67c2b0e5e678593400537";"11";"11-cephfs-mds";"P2";"test/QA";"reference-only";"Không đọc độc lập";"";"trivial";"";"Đã đọc net diff và lịch sử; thay đổi feature, refactor, test hoặc công cụ thông thường không có causal chain nâng cấp độc lập.";"";"";"screened-endpoint+history"
"500";"v16.2.5";"v16.2.15";"qa/suites/fs/thrash/multifs/overrides/ignorelist_wrongly_marked_down.yaml";"";"A";"A";"1";"0";"FALSE";"0";"120000";"0";"f317cb714ca2801799ef0daff43abd435caa47f3";"11";"11-cephfs-mds";"P2";"test/QA";"reference-only";"Không đọc độc lập";"";"trivial";"";"Đã đọc net diff và lịch sử; thay đổi feature, refactor, test hoặc công cụ thông thường không có causal chain nâng cấp độc lập.";"";"";"screened-endpoint+history"
"501";"v16.2.5";"v16.2.15";"qa/suites/fs/thrash/multifs/overrides/whitelist_health.yaml";"";"D";"D";"0";"1";"FALSE";"120000";"0";"74f39a49b27edc0caacda2bcd930b79b06781d40";"0";"11";"11-cephfs-mds";"P2";"test/QA";"reference-only";"Không đọc độc lập";"";"trivial";"";"Đã đọc net diff và lịch sử; thay đổi feature, refactor, test hoặc công cụ thông thường không có causal chain nâng cấp độc lập.";"";"";"screened-endpoint+history"
"502";"v16.2.5";"v16.2.15";"qa/suites/fs/thrash/multifs/overrides/whitelist_wrongly_marked_down.yaml";"";"D";"D";"0";"1";"FALSE";"120000";"0";"b4528c0f8c096bc9e80dd8ead702ab458aec3b13";"0";"11";"11-cephfs-mds";"P2";"test/QA";"reference-only";"Không đọc độc lập";"";"trivial";"";"Đã đọc net diff và lịch sử; thay đổi feature, refactor, test hoặc công cụ thông thường không có causal chain nâng cấp độc lập.";"";"";"screened-endpoint+history"
"503";"v16.2.5";"v16.2.15";"qa/suites/fs/thrash/workloads/overrides/%";"";"A";"A";"0";"0";"FALSE";"0";"100644";"0";"e69de29bb2d1d6434b8b29ae775ad8c2e48c5391";"11";"11-cephfs-mds";"P2";"mechanical/zero-LOC";"reference-only";"Không đọc nội dung độc lập";"";"trivial";"";"Đã đọc net diff và lịch sử; thay đổi feature, refactor, test hoặc công cụ thông thường không có causal chain nâng cấp độc lập.";"";"";"screened-endpoint+history"
"504";"v16.2.5";"v16.2.15";"qa/suites/fs/thrash/workloads/overrides/client-shutdown.yaml";"";"A";"A";"6";"0";"FALSE";"0";"100644";"0";"30b2ea98150b52f8df5a6cc6421a87fd06a1d3b9";"11";"11-cephfs-mds";"P2";"test/QA";"reference-only";"Không đọc độc lập";"";"trivial";"";"Đã đọc net diff và lịch sử; thay đổi feature, refactor, test hoặc công cụ thông thường không có causal chain nâng cấp độc lập.";"";"";"screened-endpoint+history"
"505";"v16.2.5";"v16.2.15";"qa/suites/fs/thrash/workloads/overrides/frag.yaml";"";"A";"A";"1";"0";"FALSE";"0";"120000";"0";"5e5cdaed8c7ecaf516cc1063138617e81f06489e";"11";"11-cephfs-mds";"P2";"test/QA";"reference-only";"Không đọc độc lập";"";"trivial";"";"Đã đọc net diff và lịch sử; thay đổi feature, refactor, test hoặc công cụ thông thường không có causal chain nâng cấp độc lập.";"";"";"screened-endpoint+history"
"506";"v16.2.5";"v16.2.15";"qa/suites/fs/thrash/workloads/overrides/frag_enable.yaml";"";"D";"D";"0";"1";"FALSE";"120000";"0";"34a39a368cf158fb1235183778b881477d56750c";"0";"11";"11-cephfs-mds";"P2";"test/QA";"reference-only";"Không đọc độc lập";"";"trivial";"";"Đã đọc net diff và lịch sử; thay đổi feature, refactor, test hoặc công cụ thông thường không có causal chain nâng cấp độc lập.";"";"";"screened-endpoint+history"
"507";"v16.2.5";"v16.2.15";"qa/suites/fs/thrash/workloads/overrides/ignorelist_health.yaml";"";"A";"A";"1";"0";"FALSE";"0";"120000";"0";"5cb891a95c3c84f2fcf67c2b0e5e678593400537";"11";"11-cephfs-mds";"P2";"test/QA";"reference-only";"Không đọc độc lập";"";"trivial";"";"Đã đọc net diff và lịch sử; thay đổi feature, refactor, test hoặc công cụ thông thường không có causal chain nâng cấp độc lập.";"";"";"screened-endpoint+history"
"508";"v16.2.5";"v16.2.15";"qa/suites/fs/thrash/workloads/overrides/ignorelist_wrongly_marked_down.yaml";"";"A";"A";"1";"0";"FALSE";"0";"120000";"0";"f317cb714ca2801799ef0daff43abd435caa47f3";"11";"11-cephfs-mds";"P2";"test/QA";"reference-only";"Không đọc độc lập";"";"trivial";"";"Đã đọc net diff và lịch sử; thay đổi feature, refactor, test hoặc công cụ thông thường không có causal chain nâng cấp độc lập.";"";"";"screened-endpoint+history"
"509";"v16.2.5";"v16.2.15";"qa/suites/fs/thrash/workloads/overrides/prefetch_dirfrags/no.yaml";"";"A";"A";"5";"0";"FALSE";"0";"100644";"0";"91b45367934cb5875f5499a32b56f377f11e6b9b";"11";"11-cephfs-mds";"P2";"test/QA";"reference-only";"Không đọc độc lập";"";"trivial";"";"Đã đọc net diff và lịch sử; thay đổi feature, refactor, test hoặc công cụ thông thường không có causal chain nâng cấp độc lập.";"";"";"screened-endpoint+history"
"510";"v16.2.5";"v16.2.15";"qa/suites/fs/thrash/workloads/overrides/prefetch_dirfrags/yes.yaml";"";"A";"A";"5";"0";"FALSE";"0";"100644";"0";"bd202f988c8697a75b14715d69c385ec19e161d9";"11";"11-cephfs-mds";"P2";"test/QA";"reference-only";"Không đọc độc lập";"";"trivial";"";"Đã đọc net diff và lịch sử; thay đổi feature, refactor, test hoặc công cụ thông thường không có causal chain nâng cấp độc lập.";"";"";"screened-endpoint+history"
"511";"v16.2.5";"v16.2.15";"qa/suites/fs/thrash/workloads/overrides/races.yaml";"";"A";"A";"5";"0";"FALSE";"0";"100644";"0";"e7d75389699535261347c4246ddc9e5e5f45fedd";"11";"11-cephfs-mds";"P2";"test/QA";"reference-only";"Không đọc độc lập";"";"trivial";"";"Đã đọc net diff và lịch sử; thay đổi feature, refactor, test hoặc công cụ thông thường không có causal chain nâng cấp độc lập.";"";"";"screened-endpoint+history"
"512";"v16.2.5";"v16.2.15";"qa/suites/fs/thrash/workloads/overrides/whitelist_health.yaml";"";"D";"D";"0";"1";"FALSE";"120000";"0";"74f39a49b27edc0caacda2bcd930b79b06781d40";"0";"11";"11-cephfs-mds";"P2";"test/QA";"reference-only";"Không đọc độc lập";"";"trivial";"";"Đã đọc net diff và lịch sử; thay đổi feature, refactor, test hoặc công cụ thông thường không có causal chain nâng cấp độc lập.";"";"";"screened-endpoint+history"
"513";"v16.2.5";"v16.2.15";"qa/suites/fs/thrash/workloads/overrides/whitelist_wrongly_marked_down.yaml";"";"D";"D";"0";"1";"FALSE";"120000";"0";"b4528c0f8c096bc9e80dd8ead702ab458aec3b13";"0";"11";"11-cephfs-mds";"P2";"test/QA";"reference-only";"Không đọc độc lập";"";"trivial";"";"Đã đọc net diff và lịch sử; thay đổi feature, refactor, test hoặc công cụ thông thường không có causal chain nâng cấp độc lập.";"";"";"screened-endpoint+history"
"514";"v16.2.5";"v16.2.15";"qa/suites/fs/thrash/workloads/tasks/1-thrash/osd.yaml";"";"M";"M";"1";"0";"FALSE";"100644";"100644";"62e30ba230fa4c94fa3c882116c10356b053aea9";"037d399a702d4932e73008d203f10782931cfd5d";"11";"11-cephfs-mds";"P2";"test/QA";"reference-only";"Không đọc độc lập";"";"trivial";"";"Đã đọc net diff và lịch sử; thay đổi feature, refactor, test hoặc công cụ thông thường không có causal chain nâng cấp độc lập.";"";"";"screened-endpoint+history"
"515";"v16.2.5";"v16.2.15";"qa/suites/fs/top/cluster/1-node.yaml";"";"M";"M";"3";"1";"FALSE";"100644";"100644";"c5313bb0492a86580a147743fdd48c4f758168d3";"48c4996e77f8a167b9ac142145a7ca64e6111ec6";"11";"11-cephfs-mds";"P2";"test/QA";"reference-only";"Không đọc độc lập";"";"trivial";"";"Đã đọc net diff và lịch sử; thay đổi feature, refactor, test hoặc công cụ thông thường không có causal chain nâng cấp độc lập.";"";"";"screened-endpoint+history"
"516";"v16.2.5";"v16.2.15";"qa/suites/fs/top/overrides/ignorelist_health.yaml";"";"A";"A";"1";"0";"FALSE";"0";"120000";"0";"5cb891a95c3c84f2fcf67c2b0e5e678593400537";"11";"11-cephfs-mds";"P2";"test/QA";"reference-only";"Không đọc độc lập";"";"trivial";"";"Đã đọc net diff và lịch sử; thay đổi feature, refactor, test hoặc công cụ thông thường không có causal chain nâng cấp độc lập.";"";"";"screened-endpoint+history"
"517";"v16.2.5";"v16.2.15";"qa/suites/fs/top/overrides/whitelist_health.yaml";"";"D";"D";"0";"1";"FALSE";"120000";"0";"3f8d0af872a498284a04865b222f22aafd82c953";"0";"11";"11-cephfs-mds";"P2";"test/QA";"reference-only";"Không đọc độc lập";"";"trivial";"";"Đã đọc net diff và lịch sử; thay đổi feature, refactor, test hoặc công cụ thông thường không có causal chain nâng cấp độc lập.";"";"";"screened-endpoint+history"
"518";"v16.2.5";"v16.2.15";"qa/suites/fs/traceless/overrides/frag.yaml";"";"A";"A";"1";"0";"FALSE";"0";"120000";"0";"5e5cdaed8c7ecaf516cc1063138617e81f06489e";"11";"11-cephfs-mds";"P2";"test/QA";"reference-only";"Không đọc độc lập";"";"trivial";"";"Đã đọc net diff và lịch sử; thay đổi feature, refactor, test hoặc công cụ thông thường không có causal chain nâng cấp độc lập.";"";"";"screened-endpoint+history"
"519";"v16.2.5";"v16.2.15";"qa/suites/fs/traceless/overrides/frag_enable.yaml";"";"D";"D";"0";"1";"FALSE";"120000";"0";"34a39a368cf158fb1235183778b881477d56750c";"0";"11";"11-cephfs-mds";"P2";"test/QA";"reference-only";"Không đọc độc lập";"";"trivial";"";"Đã đọc net diff và lịch sử; thay đổi feature, refactor, test hoặc công cụ thông thường không có causal chain nâng cấp độc lập.";"";"";"screened-endpoint+history"
"520";"v16.2.5";"v16.2.15";"qa/suites/fs/traceless/overrides/ignorelist_health.yaml";"";"A";"A";"1";"0";"FALSE";"0";"120000";"0";"5cb891a95c3c84f2fcf67c2b0e5e678593400537";"11";"11-cephfs-mds";"P2";"test/QA";"reference-only";"Không đọc độc lập";"";"trivial";"";"Đã đọc net diff và lịch sử; thay đổi feature, refactor, test hoặc công cụ thông thường không có causal chain nâng cấp độc lập.";"";"";"screened-endpoint+history"
"521";"v16.2.5";"v16.2.15";"qa/suites/fs/traceless/overrides/ignorelist_wrongly_marked_down.yaml";"";"A";"A";"1";"0";"FALSE";"0";"120000";"0";"f317cb714ca2801799ef0daff43abd435caa47f3";"11";"11-cephfs-mds";"P2";"test/QA";"reference-only";"Không đọc độc lập";"";"trivial";"";"Đã đọc net diff và lịch sử; thay đổi feature, refactor, test hoặc công cụ thông thường không có causal chain nâng cấp độc lập.";"";"";"screened-endpoint+history"
"522";"v16.2.5";"v16.2.15";"qa/suites/fs/traceless/overrides/whitelist_health.yaml";"";"D";"D";"0";"1";"FALSE";"120000";"0";"74f39a49b27edc0caacda2bcd930b79b06781d40";"0";"11";"11-cephfs-mds";"P2";"test/QA";"reference-only";"Không đọc độc lập";"";"trivial";"";"Đã đọc net diff và lịch sử; thay đổi feature, refactor, test hoặc công cụ thông thường không có causal chain nâng cấp độc lập.";"";"";"screened-endpoint+history"
"523";"v16.2.5";"v16.2.15";"qa/suites/fs/traceless/overrides/whitelist_wrongly_marked_down.yaml";"";"D";"D";"0";"1";"FALSE";"120000";"0";"b4528c0f8c096bc9e80dd8ead702ab458aec3b13";"0";"11";"11-cephfs-mds";"P2";"test/QA";"reference-only";"Không đọc độc lập";"";"trivial";"";"Đã đọc net diff và lịch sử; thay đổi feature, refactor, test hoặc công cụ thông thường không có causal chain nâng cấp độc lập.";"";"";"screened-endpoint+history"
"524";"v16.2.5";"v16.2.15";"qa/suites/fs/upgrade/featureful_client/old_client/overrides/frag_enable.yaml";"";"D";"D";"0";"1";"FALSE";"120000";"0";"34a39a368cf158fb1235183778b881477d56750c";"0";"11";"11-cephfs-mds";"P2";"test/QA";"reference-only";"Không đọc độc lập";"";"support";"CEPHFS-004";"Test/QA hoặc tài liệu gắn trực tiếp với finding; dùng làm bằng chứng hỗ trợ, không tự tạo rủi ro production.";"Client::build_client_request,CEPHFS_FEATURE_32BITS_RETRY_FWD,Client::handle_client_session,Client::flush_caps";"1c2334b778b18719fd259d44d60fc3cd8e19a2a4,798cb2c306ec648d10cf14296de28f903df27e9d,10124022411a787cda8dd183a188f09784fb7355";"history+test/docs"
"525";"v16.2.5";"v16.2.15";"qa/suites/fs/upgrade/featureful_client/old_client/overrides/ignorelist_health.yaml";"";"A";"A";"1";"0";"FALSE";"0";"120000";"0";"5cb891a95c3c84f2fcf67c2b0e5e678593400537";"11";"11-cephfs-mds";"P2";"test/QA";"reference-only";"Không đọc độc lập";"";"support";"CEPHFS-004";"Test/QA hoặc tài liệu gắn trực tiếp với finding; dùng làm bằng chứng hỗ trợ, không tự tạo rủi ro production.";"Client::build_client_request,CEPHFS_FEATURE_32BITS_RETRY_FWD,Client::handle_client_session,Client::flush_caps";"1c2334b778b18719fd259d44d60fc3cd8e19a2a4,798cb2c306ec648d10cf14296de28f903df27e9d,10124022411a787cda8dd183a188f09784fb7355";"history+test/docs"
"526";"v16.2.5";"v16.2.15";"qa/suites/fs/upgrade/featureful_client/old_client/overrides/ignorelist_wrongly_marked_down.yaml";"";"A";"A";"1";"0";"FALSE";"0";"120000";"0";"f317cb714ca2801799ef0daff43abd435caa47f3";"11";"11-cephfs-mds";"P2";"test/QA";"reference-only";"Không đọc độc lập";"";"support";"CEPHFS-004";"Test/QA hoặc tài liệu gắn trực tiếp với finding; dùng làm bằng chứng hỗ trợ, không tự tạo rủi ro production.";"Client::build_client_request,CEPHFS_FEATURE_32BITS_RETRY_FWD,Client::handle_client_session,Client::flush_caps";"1c2334b778b18719fd259d44d60fc3cd8e19a2a4,798cb2c306ec648d10cf14296de28f903df27e9d,10124022411a787cda8dd183a188f09784fb7355";"history+test/docs"
"527";"v16.2.5";"v16.2.15";"qa/suites/fs/upgrade/featureful_client/old_client/overrides/whitelist_health.yaml";"";"D";"D";"0";"1";"FALSE";"120000";"0";"74f39a49b27edc0caacda2bcd930b79b06781d40";"0";"11";"11-cephfs-mds";"P2";"test/QA";"reference-only";"Không đọc độc lập";"";"support";"CEPHFS-004";"Test/QA hoặc tài liệu gắn trực tiếp với finding; dùng làm bằng chứng hỗ trợ, không tự tạo rủi ro production.";"Client::build_client_request,CEPHFS_FEATURE_32BITS_RETRY_FWD,Client::handle_client_session,Client::flush_caps";"1c2334b778b18719fd259d44d60fc3cd8e19a2a4,798cb2c306ec648d10cf14296de28f903df27e9d,10124022411a787cda8dd183a188f09784fb7355";"history+test/docs"
"528";"v16.2.5";"v16.2.15";"qa/suites/fs/upgrade/featureful_client/old_client/overrides/whitelist_wrongly_marked_down.yaml";"";"D";"D";"0";"1";"FALSE";"120000";"0";"b4528c0f8c096bc9e80dd8ead702ab458aec3b13";"0";"11";"11-cephfs-mds";"P2";"test/QA";"reference-only";"Không đọc độc lập";"";"support";"CEPHFS-004";"Test/QA hoặc tài liệu gắn trực tiếp với finding; dùng làm bằng chứng hỗ trợ, không tự tạo rủi ro production.";"Client::build_client_request,CEPHFS_FEATURE_32BITS_RETRY_FWD,Client::handle_client_session,Client::flush_caps";"1c2334b778b18719fd259d44d60fc3cd8e19a2a4,798cb2c306ec648d10cf14296de28f903df27e9d,10124022411a787cda8dd183a188f09784fb7355";"history+test/docs"
"529";"v16.2.5";"v16.2.15";"qa/suites/fs/upgrade/featureful_client/old_client/tasks/2-upgrade.yaml";"";"M";"M";"1";"1";"FALSE";"100644";"100644";"0d22a26a612fae8ea3d8bb0ba6bbb6b3a6dc21cb";"6e5ef07922ecb235dc1f2eccebe582567f0e1bc5";"11";"11-cephfs-mds";"P2";"test/QA";"reference-only";"Không đọc độc lập";"";"support";"CEPHFS-004";"Test/QA hoặc tài liệu gắn trực tiếp với finding; dùng làm bằng chứng hỗ trợ, không tự tạo rủi ro production.";"Client::build_client_request,CEPHFS_FEATURE_32BITS_RETRY_FWD,Client::handle_client_session,Client::flush_caps";"1c2334b778b18719fd259d44d60fc3cd8e19a2a4,798cb2c306ec648d10cf14296de28f903df27e9d,10124022411a787cda8dd183a188f09784fb7355";"history+test/docs"
"530";"v16.2.5";"v16.2.15";"qa/suites/fs/upgrade/featureful_client/upgraded_client/overrides/frag_enable.yaml";"";"D";"D";"0";"1";"FALSE";"120000";"0";"34a39a368cf158fb1235183778b881477d56750c";"0";"11";"11-cephfs-mds";"P2";"test/QA";"reference-only";"Không đọc độc lập";"";"support";"CEPHFS-004";"Test/QA hoặc tài liệu gắn trực tiếp với finding; dùng làm bằng chứng hỗ trợ, không tự tạo rủi ro production.";"Client::build_client_request,CEPHFS_FEATURE_32BITS_RETRY_FWD,Client::handle_client_session,Client::flush_caps";"1c2334b778b18719fd259d44d60fc3cd8e19a2a4,798cb2c306ec648d10cf14296de28f903df27e9d,10124022411a787cda8dd183a188f09784fb7355";"history+test/docs"
"531";"v16.2.5";"v16.2.15";"qa/suites/fs/upgrade/featureful_client/upgraded_client/overrides/ignorelist_health.yaml";"";"A";"A";"1";"0";"FALSE";"0";"120000";"0";"5cb891a95c3c84f2fcf67c2b0e5e678593400537";"11";"11-cephfs-mds";"P2";"test/QA";"reference-only";"Không đọc độc lập";"";"support";"CEPHFS-004";"Test/QA hoặc tài liệu gắn trực tiếp với finding; dùng làm bằng chứng hỗ trợ, không tự tạo rủi ro production.";"Client::build_client_request,CEPHFS_FEATURE_32BITS_RETRY_FWD,Client::handle_client_session,Client::flush_caps";"1c2334b778b18719fd259d44d60fc3cd8e19a2a4,798cb2c306ec648d10cf14296de28f903df27e9d,10124022411a787cda8dd183a188f09784fb7355";"history+test/docs"
"532";"v16.2.5";"v16.2.15";"qa/suites/fs/upgrade/featureful_client/upgraded_client/overrides/ignorelist_wrongly_marked_down.yaml";"";"A";"A";"1";"0";"FALSE";"0";"120000";"0";"f317cb714ca2801799ef0daff43abd435caa47f3";"11";"11-cephfs-mds";"P2";"test/QA";"reference-only";"Không đọc độc lập";"";"support";"CEPHFS-004";"Test/QA hoặc tài liệu gắn trực tiếp với finding; dùng làm bằng chứng hỗ trợ, không tự tạo rủi ro production.";"Client::build_client_request,CEPHFS_FEATURE_32BITS_RETRY_FWD,Client::handle_client_session,Client::flush_caps";"1c2334b778b18719fd259d44d60fc3cd8e19a2a4,798cb2c306ec648d10cf14296de28f903df27e9d,10124022411a787cda8dd183a188f09784fb7355";"history+test/docs"
"533";"v16.2.5";"v16.2.15";"qa/suites/fs/upgrade/featureful_client/upgraded_client/overrides/whitelist_health.yaml";"";"D";"D";"0";"1";"FALSE";"120000";"0";"74f39a49b27edc0caacda2bcd930b79b06781d40";"0";"11";"11-cephfs-mds";"P2";"test/QA";"reference-only";"Không đọc độc lập";"";"support";"CEPHFS-004";"Test/QA hoặc tài liệu gắn trực tiếp với finding; dùng làm bằng chứng hỗ trợ, không tự tạo rủi ro production.";"Client::build_client_request,CEPHFS_FEATURE_32BITS_RETRY_FWD,Client::handle_client_session,Client::flush_caps";"1c2334b778b18719fd259d44d60fc3cd8e19a2a4,798cb2c306ec648d10cf14296de28f903df27e9d,10124022411a787cda8dd183a188f09784fb7355";"history+test/docs"
"534";"v16.2.5";"v16.2.15";"qa/suites/fs/upgrade/featureful_client/upgraded_client/overrides/whitelist_wrongly_marked_down.yaml";"";"D";"D";"0";"1";"FALSE";"120000";"0";"b4528c0f8c096bc9e80dd8ead702ab458aec3b13";"0";"11";"11-cephfs-mds";"P2";"test/QA";"reference-only";"Không đọc độc lập";"";"support";"CEPHFS-004";"Test/QA hoặc tài liệu gắn trực tiếp với finding; dùng làm bằng chứng hỗ trợ, không tự tạo rủi ro production.";"Client::build_client_request,CEPHFS_FEATURE_32BITS_RETRY_FWD,Client::handle_client_session,Client::flush_caps";"1c2334b778b18719fd259d44d60fc3cd8e19a2a4,798cb2c306ec648d10cf14296de28f903df27e9d,10124022411a787cda8dd183a188f09784fb7355";"history+test/docs"
"535";"v16.2.5";"v16.2.15";"qa/suites/fs/upgrade/featureful_client/upgraded_client/tasks/2-upgrade.yaml";"";"M";"M";"1";"1";"FALSE";"100644";"100644";"687cac4e57b4d8aae49942d7215dcf0f4d5fb1fe";"9d3f3c9eaa851fc66e20de80e9da9e31a934fd23";"11";"11-cephfs-mds";"P2";"test/QA";"reference-only";"Không đọc độc lập";"";"support";"CEPHFS-004";"Test/QA hoặc tài liệu gắn trực tiếp với finding; dùng làm bằng chứng hỗ trợ, không tự tạo rủi ro production.";"Client::build_client_request,CEPHFS_FEATURE_32BITS_RETRY_FWD,Client::handle_client_session,Client::flush_caps";"1c2334b778b18719fd259d44d60fc3cd8e19a2a4,798cb2c306ec648d10cf14296de28f903df27e9d,10124022411a787cda8dd183a188f09784fb7355";"history+test/docs"
"536";"v16.2.5";"v16.2.15";"qa/suites/fs/upgrade/mds_upgrade_sequence/%";"";"A";"A";"0";"0";"FALSE";"0";"100644";"0";"e69de29bb2d1d6434b8b29ae775ad8c2e48c5391";"11";"11-cephfs-mds";"P2";"mechanical/zero-LOC";"reference-only";"Không đọc nội dung độc lập";"";"trivial";"";"Đã đọc net diff và lịch sử; thay đổi feature, refactor, test hoặc công cụ thông thường không có causal chain nâng cấp độc lập.";"";"";"screened-endpoint+history"
"537";"v16.2.5";"v16.2.15";"qa/suites/fs/upgrade/mds_upgrade_sequence/.qa";"qa/suites/krbd/singleton/msgr-failures/.qa";"R";"R100";"0";"0";"FALSE";"120000";"120000";"a602a0353e7510e9ac07370ceaed121e2e528fa2";"a602a0353e7510e9ac07370ceaed121e2e528fa2";"11";"11-cephfs-mds";"P2";"mechanical/zero-LOC";"reference-only";"Không đọc nội dung độc lập";"";"trivial";"";"Đã đọc net diff và lịch sử; thay đổi feature, refactor, test hoặc công cụ thông thường không có causal chain nâng cấp độc lập.";"";"";"screened-endpoint+history"
"538";"v16.2.5";"v16.2.15";"qa/suites/fs/upgrade/mds_upgrade_sequence/bluestore-bitmap.yaml";"";"A";"A";"1";"0";"FALSE";"0";"120000";"0";"fb603bc9a64c85a6aa223cfa8606159f11208c3e";"11";"11-cephfs-mds";"P2";"test/QA";"reference-only";"Không đọc độc lập";"";"support";"CEPHFS-002";"Test/QA hoặc tài liệu gắn trực tiếp với finding; dùng làm bằng chứng hỗ trợ, không tự tạo rủi ro production.";"FSMap::is_upgradeable,FSMap::promote,MDSMap::get_compat_set,allow_standby_replay";"0c3026b3f65dd1c28a60df0a05bff42f6a96267b,a84a3b5a61ade029568a4165aa7fa40c8b1c38aa,aea19718eb2111fa2f5abec20367b38b1f41e2d4";"history+test/docs"
"539";"v16.2.5";"v16.2.15";"qa/suites/fs/upgrade/mds_upgrade_sequence/centos_8.stream_container_tools.yaml";"";"A";"A";"1";"0";"FALSE";"0";"120000";"0";"7a86f967f0203edafda26f1e53831cc5640b09c6";"11";"11-cephfs-mds";"P2";"test/QA";"reference-only";"Không đọc độc lập";"";"support";"CEPHFS-002";"Test/QA hoặc tài liệu gắn trực tiếp với finding; dùng làm bằng chứng hỗ trợ, không tự tạo rủi ro production.";"FSMap::is_upgradeable,FSMap::promote,MDSMap::get_compat_set,allow_standby_replay";"0c3026b3f65dd1c28a60df0a05bff42f6a96267b,a84a3b5a61ade029568a4165aa7fa40c8b1c38aa,aea19718eb2111fa2f5abec20367b38b1f41e2d4";"history+test/docs"
"540";"v16.2.5";"v16.2.15";"qa/suites/fs/upgrade/mds_upgrade_sequence/conf";"";"A";"A";"1";"0";"FALSE";"0";"120000";"0";"6d47129847fad8b2d2ed8ecb208215a17d76d554";"11";"11-cephfs-mds";"P2";"test/QA";"reference-only";"Không đọc độc lập";"";"support";"CEPHFS-002";"Test/QA hoặc tài liệu gắn trực tiếp với finding; dùng làm bằng chứng hỗ trợ, không tự tạo rủi ro production.";"FSMap::is_upgradeable,FSMap::promote,MDSMap::get_compat_set,allow_standby_replay";"0c3026b3f65dd1c28a60df0a05bff42f6a96267b,a84a3b5a61ade029568a4165aa7fa40c8b1c38aa,aea19718eb2111fa2f5abec20367b38b1f41e2d4";"history+test/docs"
"541";"v16.2.5";"v16.2.15";"qa/suites/fs/upgrade/mds_upgrade_sequence/overrides/%";"";"A";"A";"0";"0";"FALSE";"0";"100644";"0";"e69de29bb2d1d6434b8b29ae775ad8c2e48c5391";"11";"11-cephfs-mds";"P2";"mechanical/zero-LOC";"reference-only";"Không đọc nội dung độc lập";"";"trivial";"";"Đã đọc net diff và lịch sử; thay đổi feature, refactor, test hoặc công cụ thông thường không có causal chain nâng cấp độc lập.";"";"";"screened-endpoint+history"
"542";"v16.2.5";"v16.2.15";"qa/suites/fs/upgrade/mds_upgrade_sequence/overrides/.qa";"qa/suites/rbd/persistent-writeback-cache/.qa";"R";"R100";"0";"0";"FALSE";"120000";"120000";"a602a0353e7510e9ac07370ceaed121e2e528fa2";"a602a0353e7510e9ac07370ceaed121e2e528fa2";"11";"11-cephfs-mds";"P2";"mechanical/zero-LOC";"reference-only";"Không đọc nội dung độc lập";"";"trivial";"";"Đã đọc net diff và lịch sử; thay đổi feature, refactor, test hoặc công cụ thông thường không có causal chain nâng cấp độc lập.";"";"";"screened-endpoint+history"
"543";"v16.2.5";"v16.2.15";"qa/suites/fs/upgrade/mds_upgrade_sequence/overrides/ignorelist_health.yaml";"";"A";"A";"1";"0";"FALSE";"0";"120000";"0";"5cb891a95c3c84f2fcf67c2b0e5e678593400537";"11";"11-cephfs-mds";"P2";"test/QA";"reference-only";"Không đọc độc lập";"";"support";"CEPHFS-002";"Test/QA hoặc tài liệu gắn trực tiếp với finding; dùng làm bằng chứng hỗ trợ, không tự tạo rủi ro production.";"FSMap::is_upgradeable,FSMap::promote,MDSMap::get_compat_set,allow_standby_replay";"0c3026b3f65dd1c28a60df0a05bff42f6a96267b,a84a3b5a61ade029568a4165aa7fa40c8b1c38aa,aea19718eb2111fa2f5abec20367b38b1f41e2d4";"history+test/docs"
"544";"v16.2.5";"v16.2.15";"qa/suites/fs/upgrade/mds_upgrade_sequence/overrides/ignorelist_wrongly_marked_down.yaml";"";"A";"A";"1";"0";"FALSE";"0";"120000";"0";"f317cb714ca2801799ef0daff43abd435caa47f3";"11";"11-cephfs-mds";"P2";"test/QA";"reference-only";"Không đọc độc lập";"";"support";"CEPHFS-002";"Test/QA hoặc tài liệu gắn trực tiếp với finding; dùng làm bằng chứng hỗ trợ, không tự tạo rủi ro production.";"FSMap::is_upgradeable,FSMap::promote,MDSMap::get_compat_set,allow_standby_replay";"0c3026b3f65dd1c28a60df0a05bff42f6a96267b,a84a3b5a61ade029568a4165aa7fa40c8b1c38aa,aea19718eb2111fa2f5abec20367b38b1f41e2d4";"history+test/docs"
"545";"v16.2.5";"v16.2.15";"qa/suites/fs/upgrade/mds_upgrade_sequence/overrides/pg-warn.yaml";"";"A";"A";"5";"0";"FALSE";"0";"100644";"0";"4ae54a40d3195ab57baa1e23d53c49ba34d750dc";"11";"11-cephfs-mds";"P2";"test/QA";"reference-only";"Không đọc độc lập";"";"support";"CEPHFS-002";"Test/QA hoặc tài liệu gắn trực tiếp với finding; dùng làm bằng chứng hỗ trợ, không tự tạo rủi ro production.";"FSMap::is_upgradeable,FSMap::promote,MDSMap::get_compat_set,allow_standby_replay";"0c3026b3f65dd1c28a60df0a05bff42f6a96267b,a84a3b5a61ade029568a4165aa7fa40c8b1c38aa,aea19718eb2111fa2f5abec20367b38b1f41e2d4";"history+test/docs"
"546";"v16.2.5";"v16.2.15";"qa/suites/fs/upgrade/mds_upgrade_sequence/roles.yaml";"";"A";"A";"11";"0";"FALSE";"0";"100644";"0";"bce4ecd34ccb32b187ca9219a827e25651de020e";"11";"11-cephfs-mds";"P2";"test/QA";"reference-only";"Không đọc độc lập";"";"support";"CEPHFS-002";"Test/QA hoặc tài liệu gắn trực tiếp với finding; dùng làm bằng chứng hỗ trợ, không tự tạo rủi ro production.";"FSMap::is_upgradeable,FSMap::promote,MDSMap::get_compat_set,allow_standby_replay";"0c3026b3f65dd1c28a60df0a05bff42f6a96267b,a84a3b5a61ade029568a4165aa7fa40c8b1c38aa,aea19718eb2111fa2f5abec20367b38b1f41e2d4";"history+test/docs"
"547";"v16.2.5";"v16.2.15";"qa/suites/fs/upgrade/mds_upgrade_sequence/tasks/%";"";"A";"A";"0";"0";"FALSE";"0";"100644";"0";"e69de29bb2d1d6434b8b29ae775ad8c2e48c5391";"11";"11-cephfs-mds";"P2";"mechanical/zero-LOC";"reference-only";"Không đọc nội dung độc lập";"";"trivial";"";"Đã đọc net diff và lịch sử; thay đổi feature, refactor, test hoặc công cụ thông thường không có causal chain nâng cấp độc lập.";"";"";"screened-endpoint+history"
"548";"v16.2.5";"v16.2.15";"qa/suites/fs/upgrade/mds_upgrade_sequence/tasks/.qa";"qa/suites/rbd/persistent-writeback-cache/2-cluster/.qa";"R";"R100";"0";"0";"FALSE";"120000";"120000";"a602a0353e7510e9ac07370ceaed121e2e528fa2";"a602a0353e7510e9ac07370ceaed121e2e528fa2";"11";"11-cephfs-mds";"P2";"mechanical/zero-LOC";"reference-only";"Không đọc nội dung độc lập";"";"trivial";"";"Đã đọc net diff và lịch sử; thay đổi feature, refactor, test hoặc công cụ thông thường không có causal chain nâng cấp độc lập.";"";"";"screened-endpoint+history"
"549";"v16.2.5";"v16.2.15";"qa/suites/fs/upgrade/mds_upgrade_sequence/tasks/0-from/.qa";"qa/suites/rbd/persistent-writeback-cache/6-workloads/.qa";"R";"R100";"0";"0";"FALSE";"120000";"120000";"a602a0353e7510e9ac07370ceaed121e2e528fa2";"a602a0353e7510e9ac07370ceaed121e2e528fa2";"11";"11-cephfs-mds";"P2";"mechanical/zero-LOC";"reference-only";"Không đọc nội dung độc lập";"";"trivial";"";"Đã đọc net diff và lịch sử; thay đổi feature, refactor, test hoặc công cụ thông thường không có causal chain nâng cấp độc lập.";"";"";"screened-endpoint+history"
"550";"v16.2.5";"v16.2.15";"qa/suites/fs/upgrade/mds_upgrade_sequence/tasks/0-from/v16.2.4.yaml";"";"A";"A";"30";"0";"FALSE";"0";"100644";"0";"47166a9aff8e70ce930d8f9b12c1cc1018f586c8";"11";"11-cephfs-mds";"P2";"test/QA";"reference-only";"Không đọc độc lập";"";"support";"CEPHFS-002";"Test/QA hoặc tài liệu gắn trực tiếp với finding; dùng làm bằng chứng hỗ trợ, không tự tạo rủi ro production.";"FSMap::is_upgradeable,FSMap::promote,MDSMap::get_compat_set,allow_standby_replay";"0c3026b3f65dd1c28a60df0a05bff42f6a96267b,a84a3b5a61ade029568a4165aa7fa40c8b1c38aa,aea19718eb2111fa2f5abec20367b38b1f41e2d4";"history+test/docs"
"551";"v16.2.5";"v16.2.15";"qa/suites/fs/upgrade/mds_upgrade_sequence/tasks/1-volume/%";"";"A";"A";"0";"0";"FALSE";"0";"100644";"0";"e69de29bb2d1d6434b8b29ae775ad8c2e48c5391";"11";"11-cephfs-mds";"P2";"mechanical/zero-LOC";"reference-only";"Không đọc nội dung độc lập";"";"trivial";"";"Đã đọc net diff và lịch sử; thay đổi feature, refactor, test hoặc công cụ thông thường không có causal chain nâng cấp độc lập.";"";"";"screened-endpoint+history"
"552";"v16.2.5";"v16.2.15";"qa/suites/fs/upgrade/mds_upgrade_sequence/tasks/1-volume/.qa";"";"A";"A";"1";"0";"FALSE";"0";"120000";"0";"a602a0353e7510e9ac07370ceaed121e2e528fa2";"11";"11-cephfs-mds";"P2";"test/QA";"reference-only";"Không đọc độc lập";"";"support";"CEPHFS-002";"Test/QA hoặc tài liệu gắn trực tiếp với finding; dùng làm bằng chứng hỗ trợ, không tự tạo rủi ro production.";"FSMap::is_upgradeable,FSMap::promote,MDSMap::get_compat_set,allow_standby_replay";"0c3026b3f65dd1c28a60df0a05bff42f6a96267b,a84a3b5a61ade029568a4165aa7fa40c8b1c38aa,aea19718eb2111fa2f5abec20367b38b1f41e2d4";"history+test/docs"
"553";"v16.2.5";"v16.2.15";"qa/suites/fs/upgrade/mds_upgrade_sequence/tasks/1-volume/0-create.yaml";"";"A";"A";"5";"0";"FALSE";"0";"100644";"0";"5ee0022c6bd6ea07faaa0a0bb370ffc63e3ea24a";"11";"11-cephfs-mds";"P2";"test/QA";"reference-only";"Không đọc độc lập";"";"support";"CEPHFS-002";"Test/QA hoặc tài liệu gắn trực tiếp với finding; dùng làm bằng chứng hỗ trợ, không tự tạo rủi ro production.";"FSMap::is_upgradeable,FSMap::promote,MDSMap::get_compat_set,allow_standby_replay";"0c3026b3f65dd1c28a60df0a05bff42f6a96267b,a84a3b5a61ade029568a4165aa7fa40c8b1c38aa,aea19718eb2111fa2f5abec20367b38b1f41e2d4";"history+test/docs"
"554";"v16.2.5";"v16.2.15";"qa/suites/fs/upgrade/mds_upgrade_sequence/tasks/1-volume/1-ranks/.qa";"";"A";"A";"1";"0";"FALSE";"0";"120000";"0";"a602a0353e7510e9ac07370ceaed121e2e528fa2";"11";"11-cephfs-mds";"P2";"test/QA";"reference-only";"Không đọc độc lập";"";"support";"CEPHFS-002";"Test/QA hoặc tài liệu gắn trực tiếp với finding; dùng làm bằng chứng hỗ trợ, không tự tạo rủi ro production.";"FSMap::is_upgradeable,FSMap::promote,MDSMap::get_compat_set,allow_standby_replay";"0c3026b3f65dd1c28a60df0a05bff42f6a96267b,a84a3b5a61ade029568a4165aa7fa40c8b1c38aa,aea19718eb2111fa2f5abec20367b38b1f41e2d4";"history+test/docs"
"555";"v16.2.5";"v16.2.15";"qa/suites/fs/upgrade/mds_upgrade_sequence/tasks/1-volume/1-ranks/1.yaml";"";"A";"A";"4";"0";"FALSE";"0";"100644";"0";"8c1cd2fe0a1cd9fab73c7b679dcc2eddb5151b52";"11";"11-cephfs-mds";"P2";"test/QA";"reference-only";"Không đọc độc lập";"";"support";"CEPHFS-002";"Test/QA hoặc tài liệu gắn trực tiếp với finding; dùng làm bằng chứng hỗ trợ, không tự tạo rủi ro production.";"FSMap::is_upgradeable,FSMap::promote,MDSMap::get_compat_set,allow_standby_replay";"0c3026b3f65dd1c28a60df0a05bff42f6a96267b,a84a3b5a61ade029568a4165aa7fa40c8b1c38aa,aea19718eb2111fa2f5abec20367b38b1f41e2d4";"history+test/docs"
"556";"v16.2.5";"v16.2.15";"qa/suites/fs/upgrade/mds_upgrade_sequence/tasks/1-volume/1-ranks/2.yaml";"";"A";"A";"4";"0";"FALSE";"0";"100644";"0";"fcd3b1ea42ea7f085c484f360b012cb46c935902";"11";"11-cephfs-mds";"P2";"test/QA";"reference-only";"Không đọc độc lập";"";"support";"CEPHFS-002";"Test/QA hoặc tài liệu gắn trực tiếp với finding; dùng làm bằng chứng hỗ trợ, không tự tạo rủi ro production.";"FSMap::is_upgradeable,FSMap::promote,MDSMap::get_compat_set,allow_standby_replay";"0c3026b3f65dd1c28a60df0a05bff42f6a96267b,a84a3b5a61ade029568a4165aa7fa40c8b1c38aa,aea19718eb2111fa2f5abec20367b38b1f41e2d4";"history+test/docs"
"557";"v16.2.5";"v16.2.15";"qa/suites/fs/upgrade/mds_upgrade_sequence/tasks/1-volume/2-allow_standby_replay/.qa";"";"A";"A";"1";"0";"FALSE";"0";"120000";"0";"a602a0353e7510e9ac07370ceaed121e2e528fa2";"11";"11-cephfs-mds";"P2";"test/QA";"reference-only";"Không đọc độc lập";"";"support";"CEPHFS-002";"Test/QA hoặc tài liệu gắn trực tiếp với finding; dùng làm bằng chứng hỗ trợ, không tự tạo rủi ro production.";"FSMap::is_upgradeable,FSMap::promote,MDSMap::get_compat_set,allow_standby_replay";"0c3026b3f65dd1c28a60df0a05bff42f6a96267b,a84a3b5a61ade029568a4165aa7fa40c8b1c38aa,aea19718eb2111fa2f5abec20367b38b1f41e2d4";"history+test/docs"
"558";"v16.2.5";"v16.2.15";"qa/suites/fs/upgrade/mds_upgrade_sequence/tasks/1-volume/2-allow_standby_replay/no.yaml";"";"A";"A";"4";"0";"FALSE";"0";"100644";"0";"3dbc81089946508ad7068a2c465d5f6f0697008f";"11";"11-cephfs-mds";"P2";"test/QA";"reference-only";"Không đọc độc lập";"";"support";"CEPHFS-002";"Test/QA hoặc tài liệu gắn trực tiếp với finding; dùng làm bằng chứng hỗ trợ, không tự tạo rủi ro production.";"FSMap::is_upgradeable,FSMap::promote,MDSMap::get_compat_set,allow_standby_replay";"0c3026b3f65dd1c28a60df0a05bff42f6a96267b,a84a3b5a61ade029568a4165aa7fa40c8b1c38aa,aea19718eb2111fa2f5abec20367b38b1f41e2d4";"history+test/docs"
"559";"v16.2.5";"v16.2.15";"qa/suites/fs/upgrade/mds_upgrade_sequence/tasks/1-volume/2-allow_standby_replay/yes.yaml";"";"A";"A";"4";"0";"FALSE";"0";"100644";"0";"fb894425e990cb9585aef87d5b955ce1352002b9";"11";"11-cephfs-mds";"P2";"test/QA";"reference-only";"Không đọc độc lập";"";"support";"CEPHFS-002";"Test/QA hoặc tài liệu gắn trực tiếp với finding; dùng làm bằng chứng hỗ trợ, không tự tạo rủi ro production.";"FSMap::is_upgradeable,FSMap::promote,MDSMap::get_compat_set,allow_standby_replay";"0c3026b3f65dd1c28a60df0a05bff42f6a96267b,a84a3b5a61ade029568a4165aa7fa40c8b1c38aa,aea19718eb2111fa2f5abec20367b38b1f41e2d4";"history+test/docs"
"560";"v16.2.5";"v16.2.15";"qa/suites/fs/upgrade/mds_upgrade_sequence/tasks/1-volume/3-inline/no.yaml";"";"A";"A";"4";"0";"FALSE";"0";"100644";"0";"107f30ecd218e1813cae9254e6a8c7b0447bef16";"11";"11-cephfs-mds";"P2";"test/QA";"reference-only";"Không đọc độc lập";"";"support";"CEPHFS-002";"Test/QA hoặc tài liệu gắn trực tiếp với finding; dùng làm bằng chứng hỗ trợ, không tự tạo rủi ro production.";"FSMap::is_upgradeable,FSMap::promote,MDSMap::get_compat_set,allow_standby_replay";"0c3026b3f65dd1c28a60df0a05bff42f6a96267b,a84a3b5a61ade029568a4165aa7fa40c8b1c38aa,aea19718eb2111fa2f5abec20367b38b1f41e2d4";"history+test/docs"
"561";"v16.2.5";"v16.2.15";"qa/suites/fs/upgrade/mds_upgrade_sequence/tasks/1-volume/3-inline/yes.yaml";"";"A";"A";"4";"0";"FALSE";"0";"100644";"0";"246ed71b448f1d980b2e1978e374c5831a08e9f4";"11";"11-cephfs-mds";"P2";"test/QA";"reference-only";"Không đọc độc lập";"";"support";"CEPHFS-002";"Test/QA hoặc tài liệu gắn trực tiếp với finding; dùng làm bằng chứng hỗ trợ, không tự tạo rủi ro production.";"FSMap::is_upgradeable,FSMap::promote,MDSMap::get_compat_set,allow_standby_replay";"0c3026b3f65dd1c28a60df0a05bff42f6a96267b,a84a3b5a61ade029568a4165aa7fa40c8b1c38aa,aea19718eb2111fa2f5abec20367b38b1f41e2d4";"history+test/docs"
"562";"v16.2.5";"v16.2.15";"qa/suites/fs/upgrade/mds_upgrade_sequence/tasks/1-volume/4-verify.yaml";"";"A";"A";"7";"0";"FALSE";"0";"100644";"0";"e71365ad113c9c94ff98a39ee0bdcacf0ee74a73";"11";"11-cephfs-mds";"P2";"test/QA";"reference-only";"Không đọc độc lập";"";"support";"CEPHFS-002";"Test/QA hoặc tài liệu gắn trực tiếp với finding; dùng làm bằng chứng hỗ trợ, không tự tạo rủi ro production.";"FSMap::is_upgradeable,FSMap::promote,MDSMap::get_compat_set,allow_standby_replay";"0c3026b3f65dd1c28a60df0a05bff42f6a96267b,a84a3b5a61ade029568a4165aa7fa40c8b1c38aa,aea19718eb2111fa2f5abec20367b38b1f41e2d4";"history+test/docs"
"563";"v16.2.5";"v16.2.15";"qa/suites/fs/upgrade/mds_upgrade_sequence/tasks/2-client.yaml";"";"A";"A";"3";"0";"FALSE";"0";"100644";"0";"92b9dda84794f2bff4a183d355941703633e1c6d";"11";"11-cephfs-mds";"P2";"test/QA";"reference-only";"Không đọc độc lập";"";"support";"CEPHFS-002";"Test/QA hoặc tài liệu gắn trực tiếp với finding; dùng làm bằng chứng hỗ trợ, không tự tạo rủi ro production.";"FSMap::is_upgradeable,FSMap::promote,MDSMap::get_compat_set,allow_standby_replay";"0c3026b3f65dd1c28a60df0a05bff42f6a96267b,a84a3b5a61ade029568a4165aa7fa40c8b1c38aa,aea19718eb2111fa2f5abec20367b38b1f41e2d4";"history+test/docs"
"564";"v16.2.5";"v16.2.15";"qa/suites/fs/upgrade/mds_upgrade_sequence/tasks/3-upgrade-with-workload.yaml";"";"A";"A";"33";"0";"FALSE";"0";"100644";"0";"457b7e3c7ff8b3bbde287d0b1d721d8a21c050be";"11";"11-cephfs-mds";"P2";"test/QA";"reference-only";"Không đọc độc lập";"";"support";"CEPHFS-002";"Test/QA hoặc tài liệu gắn trực tiếp với finding; dùng làm bằng chứng hỗ trợ, không tự tạo rủi ro production.";"FSMap::is_upgradeable,FSMap::promote,MDSMap::get_compat_set,allow_standby_replay";"0c3026b3f65dd1c28a60df0a05bff42f6a96267b,a84a3b5a61ade029568a4165aa7fa40c8b1c38aa,aea19718eb2111fa2f5abec20367b38b1f41e2d4";"history+test/docs"
"565";"v16.2.5";"v16.2.15";"qa/suites/fs/upgrade/mds_upgrade_sequence/tasks/4-verify.yaml";"";"A";"A";"5";"0";"FALSE";"0";"100644";"0";"c2b657e5a3b8af75cd430b3c4626022aa0d0399c";"11";"11-cephfs-mds";"P2";"test/QA";"reference-only";"Không đọc độc lập";"";"support";"CEPHFS-002";"Test/QA hoặc tài liệu gắn trực tiếp với finding; dùng làm bằng chứng hỗ trợ, không tự tạo rủi ro production.";"FSMap::is_upgradeable,FSMap::promote,MDSMap::get_compat_set,allow_standby_replay";"0c3026b3f65dd1c28a60df0a05bff42f6a96267b,a84a3b5a61ade029568a4165aa7fa40c8b1c38aa,aea19718eb2111fa2f5abec20367b38b1f41e2d4";"history+test/docs"
"566";"v16.2.5";"v16.2.15";"qa/suites/fs/upgrade/nofs/%";"";"A";"A";"0";"0";"FALSE";"0";"100644";"0";"e69de29bb2d1d6434b8b29ae775ad8c2e48c5391";"11";"11-cephfs-mds";"P2";"mechanical/zero-LOC";"reference-only";"Không đọc nội dung độc lập";"";"trivial";"";"Đã đọc net diff và lịch sử; thay đổi feature, refactor, test hoặc công cụ thông thường không có causal chain nâng cấp độc lập.";"";"";"screened-endpoint+history"
"567";"v16.2.5";"v16.2.15";"qa/suites/fs/upgrade/nofs/.qa";"";"A";"A";"1";"0";"FALSE";"0";"120000";"0";"a602a0353e7510e9ac07370ceaed121e2e528fa2";"11";"11-cephfs-mds";"P2";"test/QA";"reference-only";"Không đọc độc lập";"";"trivial";"";"Đã đọc net diff và lịch sử; thay đổi feature, refactor, test hoặc công cụ thông thường không có causal chain nâng cấp độc lập.";"";"";"screened-endpoint+history"
"568";"v16.2.5";"v16.2.15";"qa/suites/fs/upgrade/nofs/README";"";"A";"A";"3";"0";"FALSE";"0";"100644";"0";"e7f6960ef0b4869bc5989a66755595bb3ead68a6";"11";"11-cephfs-mds";"P2";"documentation";"reference-only";"Không phân tích code sâu";"";"trivial";"";"Đã đọc net diff và lịch sử; thay đổi feature, refactor, test hoặc công cụ thông thường không có causal chain nâng cấp độc lập.";"";"";"screened-endpoint+history"
"569";"v16.2.5";"v16.2.15";"qa/suites/fs/upgrade/nofs/bluestore-bitmap.yaml";"";"A";"A";"1";"0";"FALSE";"0";"120000";"0";"fb603bc9a64c85a6aa223cfa8606159f11208c3e";"11";"11-cephfs-mds";"P2";"test/QA";"reference-only";"Không đọc độc lập";"";"trivial";"";"Đã đọc net diff và lịch sử; thay đổi feature, refactor, test hoặc công cụ thông thường không có causal chain nâng cấp độc lập.";"";"";"screened-endpoint+history"
"570";"v16.2.5";"v16.2.15";"qa/suites/fs/upgrade/nofs/centos_latest.yaml";"";"A";"A";"1";"0";"FALSE";"0";"120000";"0";"bd9854e702982762b598166261d958dfd20825bf";"11";"11-cephfs-mds";"P2";"test/QA";"reference-only";"Không đọc độc lập";"";"trivial";"";"Đã đọc net diff và lịch sử; thay đổi feature, refactor, test hoặc công cụ thông thường không có causal chain nâng cấp độc lập.";"";"";"screened-endpoint+history"
"571";"v16.2.5";"v16.2.15";"qa/suites/fs/upgrade/nofs/conf";"";"A";"A";"1";"0";"FALSE";"0";"120000";"0";"6d47129847fad8b2d2ed8ecb208215a17d76d554";"11";"11-cephfs-mds";"P2";"test/QA";"reference-only";"Không đọc độc lập";"";"trivial";"";"Đã đọc net diff và lịch sử; thay đổi feature, refactor, test hoặc công cụ thông thường không có causal chain nâng cấp độc lập.";"";"";"screened-endpoint+history"
"572";"v16.2.5";"v16.2.15";"qa/suites/fs/upgrade/nofs/no-mds-cluster.yaml";"";"A";"A";"6";"0";"FALSE";"0";"100644";"0";"33c6fb16b2ad834ee897a3f25b87041e15e88afb";"11";"11-cephfs-mds";"P2";"test/QA";"reference-only";"Không đọc độc lập";"";"trivial";"";"Đã đọc net diff và lịch sử; thay đổi feature, refactor, test hoặc công cụ thông thường không có causal chain nâng cấp độc lập.";"";"";"screened-endpoint+history"
"573";"v16.2.5";"v16.2.15";"qa/suites/fs/upgrade/nofs/overrides/%";"";"A";"A";"0";"0";"FALSE";"0";"100644";"0";"e69de29bb2d1d6434b8b29ae775ad8c2e48c5391";"11";"11-cephfs-mds";"P2";"mechanical/zero-LOC";"reference-only";"Không đọc nội dung độc lập";"";"trivial";"";"Đã đọc net diff và lịch sử; thay đổi feature, refactor, test hoặc công cụ thông thường không có causal chain nâng cấp độc lập.";"";"";"screened-endpoint+history"
"574";"v16.2.5";"v16.2.15";"qa/suites/fs/upgrade/nofs/overrides/.qa";"";"A";"A";"1";"0";"FALSE";"0";"120000";"0";"a602a0353e7510e9ac07370ceaed121e2e528fa2";"11";"11-cephfs-mds";"P2";"test/QA";"reference-only";"Không đọc độc lập";"";"trivial";"";"Đã đọc net diff và lịch sử; thay đổi feature, refactor, test hoặc công cụ thông thường không có causal chain nâng cấp độc lập.";"";"";"screened-endpoint+history"
"575";"v16.2.5";"v16.2.15";"qa/suites/fs/upgrade/nofs/overrides/ignorelist_health.yaml";"";"A";"A";"1";"0";"FALSE";"0";"120000";"0";"5cb891a95c3c84f2fcf67c2b0e5e678593400537";"11";"11-cephfs-mds";"P2";"test/QA";"reference-only";"Không đọc độc lập";"";"trivial";"";"Đã đọc net diff và lịch sử; thay đổi feature, refactor, test hoặc công cụ thông thường không có causal chain nâng cấp độc lập.";"";"";"screened-endpoint+history"
"576";"v16.2.5";"v16.2.15";"qa/suites/fs/upgrade/nofs/overrides/ignorelist_wrongly_marked_down.yaml";"";"A";"A";"1";"0";"FALSE";"0";"120000";"0";"f317cb714ca2801799ef0daff43abd435caa47f3";"11";"11-cephfs-mds";"P2";"test/QA";"reference-only";"Không đọc độc lập";"";"trivial";"";"Đã đọc net diff và lịch sử; thay đổi feature, refactor, test hoặc công cụ thông thường không có causal chain nâng cấp độc lập.";"";"";"screened-endpoint+history"
"577";"v16.2.5";"v16.2.15";"qa/suites/fs/upgrade/nofs/overrides/pg-warn.yaml";"";"A";"A";"5";"0";"FALSE";"0";"100644";"0";"4ae54a40d3195ab57baa1e23d53c49ba34d750dc";"11";"11-cephfs-mds";"P2";"test/QA";"reference-only";"Không đọc độc lập";"";"trivial";"";"Đã đọc net diff và lịch sử; thay đổi feature, refactor, test hoặc công cụ thông thường không có causal chain nâng cấp độc lập.";"";"";"screened-endpoint+history"
"578";"v16.2.5";"v16.2.15";"qa/suites/fs/upgrade/nofs/tasks/%";"";"A";"A";"0";"0";"FALSE";"0";"100644";"0";"e69de29bb2d1d6434b8b29ae775ad8c2e48c5391";"11";"11-cephfs-mds";"P2";"mechanical/zero-LOC";"reference-only";"Không đọc nội dung độc lập";"";"trivial";"";"Đã đọc net diff và lịch sử; thay đổi feature, refactor, test hoặc công cụ thông thường không có causal chain nâng cấp độc lập.";"";"";"screened-endpoint+history"
"579";"v16.2.5";"v16.2.15";"qa/suites/fs/upgrade/nofs/tasks/.qa";"";"A";"A";"1";"0";"FALSE";"0";"120000";"0";"a602a0353e7510e9ac07370ceaed121e2e528fa2";"11";"11-cephfs-mds";"P2";"test/QA";"reference-only";"Không đọc độc lập";"";"trivial";"";"Đã đọc net diff và lịch sử; thay đổi feature, refactor, test hoặc công cụ thông thường không có causal chain nâng cấp độc lập.";"";"";"screened-endpoint+history"
"580";"v16.2.5";"v16.2.15";"qa/suites/fs/upgrade/nofs/tasks/0-octopus.yaml";"";"A";"A";"38";"0";"FALSE";"0";"100644";"0";"40d34753da1b8eba1708c69d3fb2590bf9ecaaf4";"11";"11-cephfs-mds";"P2";"test/QA";"reference-only";"Không đọc độc lập";"";"trivial";"";"Đã đọc net diff và lịch sử; thay đổi feature, refactor, test hoặc công cụ thông thường không có causal chain nâng cấp độc lập.";"";"";"screened-endpoint+history"
"581";"v16.2.5";"v16.2.15";"qa/suites/fs/upgrade/nofs/tasks/1-upgrade.yaml";"";"A";"A";"45";"0";"FALSE";"0";"100644";"0";"c27504ae8d75298beb848f7ff402f61e666e611b";"11";"11-cephfs-mds";"P2";"test/QA";"reference-only";"Không đọc độc lập";"";"trivial";"";"Đã đọc net diff và lịch sử; thay đổi feature, refactor, test hoặc công cụ thông thường không có causal chain nâng cấp độc lập.";"";"";"screened-endpoint+history"
"582";"v16.2.5";"v16.2.15";"qa/suites/fs/upgrade/upgraded_client/.qa";"";"A";"A";"1";"0";"FALSE";"0";"120000";"0";"a602a0353e7510e9ac07370ceaed121e2e528fa2";"11";"11-cephfs-mds";"P2";"test/QA";"reference-only";"Không đọc độc lập";"";"support";"CEPHFS-004";"Test/QA hoặc tài liệu gắn trực tiếp với finding; dùng làm bằng chứng hỗ trợ, không tự tạo rủi ro production.";"Client::build_client_request,CEPHFS_FEATURE_32BITS_RETRY_FWD,Client::handle_client_session,Client::flush_caps";"1c2334b778b18719fd259d44d60fc3cd8e19a2a4,798cb2c306ec648d10cf14296de28f903df27e9d,10124022411a787cda8dd183a188f09784fb7355";"history+test/docs"
"583";"v16.2.5";"v16.2.15";"qa/suites/fs/upgrade/upgraded_client/from_nautilus/%";"";"A";"A";"0";"0";"FALSE";"0";"100644";"0";"e69de29bb2d1d6434b8b29ae775ad8c2e48c5391";"11";"11-cephfs-mds";"P2";"mechanical/zero-LOC";"reference-only";"Không đọc nội dung độc lập";"";"trivial";"";"Đã đọc net diff và lịch sử; thay đổi feature, refactor, test hoặc công cụ thông thường không có causal chain nâng cấp độc lập.";"";"";"screened-endpoint+history"
"584";"v16.2.5";"v16.2.15";"qa/suites/fs/upgrade/upgraded_client/from_nautilus/.qa";"";"A";"A";"1";"0";"FALSE";"0";"120000";"0";"a602a0353e7510e9ac07370ceaed121e2e528fa2";"11";"11-cephfs-mds";"P2";"test/QA";"reference-only";"Không đọc độc lập";"";"support";"CEPHFS-004";"Test/QA hoặc tài liệu gắn trực tiếp với finding; dùng làm bằng chứng hỗ trợ, không tự tạo rủi ro production.";"Client::build_client_request,CEPHFS_FEATURE_32BITS_RETRY_FWD,Client::handle_client_session,Client::flush_caps";"1c2334b778b18719fd259d44d60fc3cd8e19a2a4,798cb2c306ec648d10cf14296de28f903df27e9d,10124022411a787cda8dd183a188f09784fb7355";"history+test/docs"
"585";"v16.2.5";"v16.2.15";"qa/suites/fs/upgrade/upgraded_client/from_nautilus/bluestore-bitmap.yaml";"";"A";"A";"1";"0";"FALSE";"0";"120000";"0";"17ad98e799ee56f2ff5c6a3bc18202a12ff61a61";"11";"11-cephfs-mds";"P2";"test/QA";"reference-only";"Không đọc độc lập";"";"support";"CEPHFS-004";"Test/QA hoặc tài liệu gắn trực tiếp với finding; dùng làm bằng chứng hỗ trợ, không tự tạo rủi ro production.";"Client::build_client_request,CEPHFS_FEATURE_32BITS_RETRY_FWD,Client::handle_client_session,Client::flush_caps";"1c2334b778b18719fd259d44d60fc3cd8e19a2a4,798cb2c306ec648d10cf14296de28f903df27e9d,10124022411a787cda8dd183a188f09784fb7355";"history+test/docs"
"586";"v16.2.5";"v16.2.15";"qa/suites/fs/upgrade/upgraded_client/from_nautilus/centos_latest.yaml";"";"A";"A";"1";"0";"FALSE";"0";"120000";"0";"bd9854e702982762b598166261d958dfd20825bf";"11";"11-cephfs-mds";"P2";"test/QA";"reference-only";"Không đọc độc lập";"";"support";"CEPHFS-004";"Test/QA hoặc tài liệu gắn trực tiếp với finding; dùng làm bằng chứng hỗ trợ, không tự tạo rủi ro production.";"Client::build_client_request,CEPHFS_FEATURE_32BITS_RETRY_FWD,Client::handle_client_session,Client::flush_caps";"1c2334b778b18719fd259d44d60fc3cd8e19a2a4,798cb2c306ec648d10cf14296de28f903df27e9d,10124022411a787cda8dd183a188f09784fb7355";"history+test/docs"
"587";"v16.2.5";"v16.2.15";"qa/suites/fs/upgrade/upgraded_client/from_nautilus/clusters/%";"";"A";"A";"0";"0";"FALSE";"0";"100644";"0";"e69de29bb2d1d6434b8b29ae775ad8c2e48c5391";"11";"11-cephfs-mds";"P2";"mechanical/zero-LOC";"reference-only";"Không đọc nội dung độc lập";"";"trivial";"";"Đã đọc net diff và lịch sử; thay đổi feature, refactor, test hoặc công cụ thông thường không có causal chain nâng cấp độc lập.";"";"";"screened-endpoint+history"
"588";"v16.2.5";"v16.2.15";"qa/suites/fs/upgrade/upgraded_client/from_nautilus/clusters/.qa";"";"A";"A";"1";"0";"FALSE";"0";"120000";"0";"fea2489fdf6d9c5d189a12524b23f3f8daedd85a";"11";"11-cephfs-mds";"P2";"test/QA";"reference-only";"Không đọc độc lập";"";"support";"CEPHFS-004";"Test/QA hoặc tài liệu gắn trực tiếp với finding; dùng làm bằng chứng hỗ trợ, không tự tạo rủi ro production.";"Client::build_client_request,CEPHFS_FEATURE_32BITS_RETRY_FWD,Client::handle_client_session,Client::flush_caps";"1c2334b778b18719fd259d44d60fc3cd8e19a2a4,798cb2c306ec648d10cf14296de28f903df27e9d,10124022411a787cda8dd183a188f09784fb7355";"history+test/docs"
"589";"v16.2.5";"v16.2.15";"qa/suites/fs/upgrade/upgraded_client/from_nautilus/clusters/1-mds-1-client-micro.yaml";"";"A";"A";"1";"0";"FALSE";"0";"120000";"0";"50ffb6d5399b40c52a37301c11f19298bbf66e35";"11";"11-cephfs-mds";"P2";"test/QA";"reference-only";"Không đọc độc lập";"";"support";"CEPHFS-004";"Test/QA hoặc tài liệu gắn trực tiếp với finding; dùng làm bằng chứng hỗ trợ, không tự tạo rủi ro production.";"Client::build_client_request,CEPHFS_FEATURE_32BITS_RETRY_FWD,Client::handle_client_session,Client::flush_caps";"1c2334b778b18719fd259d44d60fc3cd8e19a2a4,798cb2c306ec648d10cf14296de28f903df27e9d,10124022411a787cda8dd183a188f09784fb7355";"history+test/docs"
"590";"v16.2.5";"v16.2.15";"qa/suites/fs/upgrade/upgraded_client/from_nautilus/conf";"";"A";"A";"1";"0";"FALSE";"0";"120000";"0";"6d47129847fad8b2d2ed8ecb208215a17d76d554";"11";"11-cephfs-mds";"P2";"test/QA";"reference-only";"Không đọc độc lập";"";"support";"CEPHFS-004";"Test/QA hoặc tài liệu gắn trực tiếp với finding; dùng làm bằng chứng hỗ trợ, không tự tạo rủi ro production.";"Client::build_client_request,CEPHFS_FEATURE_32BITS_RETRY_FWD,Client::handle_client_session,Client::flush_caps";"1c2334b778b18719fd259d44d60fc3cd8e19a2a4,798cb2c306ec648d10cf14296de28f903df27e9d,10124022411a787cda8dd183a188f09784fb7355";"history+test/docs"
"591";"v16.2.5";"v16.2.15";"qa/suites/fs/upgrade/upgraded_client/from_nautilus/overrides/%";"";"A";"A";"0";"0";"FALSE";"0";"100644";"0";"e69de29bb2d1d6434b8b29ae775ad8c2e48c5391";"11";"11-cephfs-mds";"P2";"mechanical/zero-LOC";"reference-only";"Không đọc nội dung độc lập";"";"trivial";"";"Đã đọc net diff và lịch sử; thay đổi feature, refactor, test hoặc công cụ thông thường không có causal chain nâng cấp độc lập.";"";"";"screened-endpoint+history"
"592";"v16.2.5";"v16.2.15";"qa/suites/fs/upgrade/upgraded_client/from_nautilus/overrides/.qa";"";"A";"A";"1";"0";"FALSE";"0";"120000";"0";"a602a0353e7510e9ac07370ceaed121e2e528fa2";"11";"11-cephfs-mds";"P2";"test/QA";"reference-only";"Không đọc độc lập";"";"support";"CEPHFS-004";"Test/QA hoặc tài liệu gắn trực tiếp với finding; dùng làm bằng chứng hỗ trợ, không tự tạo rủi ro production.";"Client::build_client_request,CEPHFS_FEATURE_32BITS_RETRY_FWD,Client::handle_client_session,Client::flush_caps";"1c2334b778b18719fd259d44d60fc3cd8e19a2a4,798cb2c306ec648d10cf14296de28f903df27e9d,10124022411a787cda8dd183a188f09784fb7355";"history+test/docs"
"593";"v16.2.5";"v16.2.15";"qa/suites/fs/upgrade/upgraded_client/from_nautilus/overrides/ignorelist_health.yaml";"";"A";"A";"1";"0";"FALSE";"0";"120000";"0";"5cb891a95c3c84f2fcf67c2b0e5e678593400537";"11";"11-cephfs-mds";"P2";"test/QA";"reference-only";"Không đọc độc lập";"";"support";"CEPHFS-004";"Test/QA hoặc tài liệu gắn trực tiếp với finding; dùng làm bằng chứng hỗ trợ, không tự tạo rủi ro production.";"Client::build_client_request,CEPHFS_FEATURE_32BITS_RETRY_FWD,Client::handle_client_session,Client::flush_caps";"1c2334b778b18719fd259d44d60fc3cd8e19a2a4,798cb2c306ec648d10cf14296de28f903df27e9d,10124022411a787cda8dd183a188f09784fb7355";"history+test/docs"
"594";"v16.2.5";"v16.2.15";"qa/suites/fs/upgrade/upgraded_client/from_nautilus/overrides/ignorelist_wrongly_marked_down.yaml";"";"A";"A";"1";"0";"FALSE";"0";"120000";"0";"f317cb714ca2801799ef0daff43abd435caa47f3";"11";"11-cephfs-mds";"P2";"test/QA";"reference-only";"Không đọc độc lập";"";"support";"CEPHFS-004";"Test/QA hoặc tài liệu gắn trực tiếp với finding; dùng làm bằng chứng hỗ trợ, không tự tạo rủi ro production.";"Client::build_client_request,CEPHFS_FEATURE_32BITS_RETRY_FWD,Client::handle_client_session,Client::flush_caps";"1c2334b778b18719fd259d44d60fc3cd8e19a2a4,798cb2c306ec648d10cf14296de28f903df27e9d,10124022411a787cda8dd183a188f09784fb7355";"history+test/docs"
"595";"v16.2.5";"v16.2.15";"qa/suites/fs/upgrade/upgraded_client/from_nautilus/overrides/pg-warn.yaml";"";"A";"A";"5";"0";"FALSE";"0";"100644";"0";"4ae54a40d3195ab57baa1e23d53c49ba34d750dc";"11";"11-cephfs-mds";"P2";"test/QA";"reference-only";"Không đọc độc lập";"";"support";"CEPHFS-004";"Test/QA hoặc tài liệu gắn trực tiếp với finding; dùng làm bằng chứng hỗ trợ, không tự tạo rủi ro production.";"Client::build_client_request,CEPHFS_FEATURE_32BITS_RETRY_FWD,Client::handle_client_session,Client::flush_caps";"1c2334b778b18719fd259d44d60fc3cd8e19a2a4,798cb2c306ec648d10cf14296de28f903df27e9d,10124022411a787cda8dd183a188f09784fb7355";"history+test/docs"
"596";"v16.2.5";"v16.2.15";"qa/suites/fs/upgrade/upgraded_client/from_nautilus/tasks/%";"";"A";"A";"0";"0";"FALSE";"0";"100644";"0";"e69de29bb2d1d6434b8b29ae775ad8c2e48c5391";"11";"11-cephfs-mds";"P2";"mechanical/zero-LOC";"reference-only";"Không đọc nội dung độc lập";"";"trivial";"";"Đã đọc net diff và lịch sử; thay đổi feature, refactor, test hoặc công cụ thông thường không có causal chain nâng cấp độc lập.";"";"";"screened-endpoint+history"
"597";"v16.2.5";"v16.2.15";"qa/suites/fs/upgrade/upgraded_client/from_nautilus/tasks/.qa";"";"A";"A";"1";"0";"FALSE";"0";"120000";"0";"a602a0353e7510e9ac07370ceaed121e2e528fa2";"11";"11-cephfs-mds";"P2";"test/QA";"reference-only";"Không đọc độc lập";"";"support";"CEPHFS-004";"Test/QA hoặc tài liệu gắn trực tiếp với finding; dùng làm bằng chứng hỗ trợ, không tự tạo rủi ro production.";"Client::build_client_request,CEPHFS_FEATURE_32BITS_RETRY_FWD,Client::handle_client_session,Client::flush_caps";"1c2334b778b18719fd259d44d60fc3cd8e19a2a4,798cb2c306ec648d10cf14296de28f903df27e9d,10124022411a787cda8dd183a188f09784fb7355";"history+test/docs"
"598";"v16.2.5";"v16.2.15";"qa/suites/fs/upgrade/upgraded_client/from_nautilus/tasks/0-nautilus.yaml";"";"A";"A";"44";"0";"FALSE";"0";"100644";"0";"2b6d3753e52a1c5a38db49884d618c5c0f9b099b";"11";"11-cephfs-mds";"P2";"test/QA";"reference-only";"Không đọc độc lập";"";"support";"CEPHFS-004";"Test/QA hoặc tài liệu gắn trực tiếp với finding; dùng làm bằng chứng hỗ trợ, không tự tạo rủi ro production.";"Client::build_client_request,CEPHFS_FEATURE_32BITS_RETRY_FWD,Client::handle_client_session,Client::flush_caps";"1c2334b778b18719fd259d44d60fc3cd8e19a2a4,798cb2c306ec648d10cf14296de28f903df27e9d,10124022411a787cda8dd183a188f09784fb7355";"history+test/docs"
"599";"v16.2.5";"v16.2.15";"qa/suites/fs/upgrade/upgraded_client/from_nautilus/tasks/1-client-upgrade.yaml";"";"A";"A";"7";"0";"FALSE";"0";"100644";"0";"99b99e642aaae87d3256c05d7c75411910ec4111";"11";"11-cephfs-mds";"P2";"test/QA";"reference-only";"Không đọc độc lập";"";"support";"CEPHFS-004";"Test/QA hoặc tài liệu gắn trực tiếp với finding; dùng làm bằng chứng hỗ trợ, không tự tạo rủi ro production.";"Client::build_client_request,CEPHFS_FEATURE_32BITS_RETRY_FWD,Client::handle_client_session,Client::flush_caps";"1c2334b778b18719fd259d44d60fc3cd8e19a2a4,798cb2c306ec648d10cf14296de28f903df27e9d,10124022411a787cda8dd183a188f09784fb7355";"history+test/docs"
"600";"v16.2.5";"v16.2.15";"qa/suites/fs/upgrade/upgraded_client/from_nautilus/tasks/2-client-sanity.yaml";"";"A";"A";"4";"0";"FALSE";"0";"100644";"0";"9508cce65affab9326fd8e321fe78bdab6b6ccb5";"11";"11-cephfs-mds";"P2";"test/QA";"reference-only";"Không đọc độc lập";"";"support";"CEPHFS-004";"Test/QA hoặc tài liệu gắn trực tiếp với finding; dùng làm bằng chứng hỗ trợ, không tự tạo rủi ro production.";"Client::build_client_request,CEPHFS_FEATURE_32BITS_RETRY_FWD,Client::handle_client_session,Client::flush_caps";"1c2334b778b18719fd259d44d60fc3cd8e19a2a4,798cb2c306ec648d10cf14296de28f903df27e9d,10124022411a787cda8dd183a188f09784fb7355";"history+test/docs"
"601";"v16.2.5";"v16.2.15";"qa/suites/fs/upgrade/volumes/import-legacy/overrides/frag_enable.yaml";"";"D";"D";"0";"1";"FALSE";"120000";"0";"34a39a368cf158fb1235183778b881477d56750c";"0";"11";"11-cephfs-mds";"P2";"test/QA";"reference-only";"Không đọc độc lập";"";"support";"CEPHFS-005,CEPHFS-006";"Test/QA hoặc tài liệu gắn trực tiếp với finding; dùng làm bằng chứng hỗ trợ, không tự tạo rủi ro production.";"MetadataManager,SubvolumeBase.discover,SubvolumeV1.open,legacy_config_path,Cloner,AsyncJobs,SubvolumeBase.remove,VolumeClient,open_volume_lockless";"1d7e95ba3a34436ea0dee4042dc41db884a283b4,cf41172621f7462aef745ad72fb1a9b0512f11ad,d49120cd5a8da516a8157ff58d2627198cc045a5,ef373d8aea3133a15bb22ae62d97886b75eaca0c,3616d9284dd801838c3c38c298087155e0639739";"history+test/docs+advisory"
"602";"v16.2.5";"v16.2.15";"qa/suites/fs/upgrade/volumes/import-legacy/overrides/ignorelist_health.yaml";"";"A";"A";"1";"0";"FALSE";"0";"120000";"0";"5cb891a95c3c84f2fcf67c2b0e5e678593400537";"11";"11-cephfs-mds";"P2";"test/QA";"reference-only";"Không đọc độc lập";"";"support";"CEPHFS-005,CEPHFS-006";"Test/QA hoặc tài liệu gắn trực tiếp với finding; dùng làm bằng chứng hỗ trợ, không tự tạo rủi ro production.";"MetadataManager,SubvolumeBase.discover,SubvolumeV1.open,legacy_config_path,Cloner,AsyncJobs,SubvolumeBase.remove,VolumeClient,open_volume_lockless";"1d7e95ba3a34436ea0dee4042dc41db884a283b4,cf41172621f7462aef745ad72fb1a9b0512f11ad,d49120cd5a8da516a8157ff58d2627198cc045a5,ef373d8aea3133a15bb22ae62d97886b75eaca0c,3616d9284dd801838c3c38c298087155e0639739";"history+test/docs+advisory"
"603";"v16.2.5";"v16.2.15";"qa/suites/fs/upgrade/volumes/import-legacy/overrides/ignorelist_wrongly_marked_down.yaml";"";"A";"A";"1";"0";"FALSE";"0";"120000";"0";"f317cb714ca2801799ef0daff43abd435caa47f3";"11";"11-cephfs-mds";"P2";"test/QA";"reference-only";"Không đọc độc lập";"";"support";"CEPHFS-005,CEPHFS-006";"Test/QA hoặc tài liệu gắn trực tiếp với finding; dùng làm bằng chứng hỗ trợ, không tự tạo rủi ro production.";"MetadataManager,SubvolumeBase.discover,SubvolumeV1.open,legacy_config_path,Cloner,AsyncJobs,SubvolumeBase.remove,VolumeClient,open_volume_lockless";"1d7e95ba3a34436ea0dee4042dc41db884a283b4,cf41172621f7462aef745ad72fb1a9b0512f11ad,d49120cd5a8da516a8157ff58d2627198cc045a5,ef373d8aea3133a15bb22ae62d97886b75eaca0c,3616d9284dd801838c3c38c298087155e0639739";"history+test/docs+advisory"
"604";"v16.2.5";"v16.2.15";"qa/suites/fs/upgrade/volumes/import-legacy/overrides/whitelist_health.yaml";"";"D";"D";"0";"1";"FALSE";"120000";"0";"74f39a49b27edc0caacda2bcd930b79b06781d40";"0";"11";"11-cephfs-mds";"P2";"test/QA";"reference-only";"Không đọc độc lập";"";"support";"CEPHFS-005,CEPHFS-006";"Test/QA hoặc tài liệu gắn trực tiếp với finding; dùng làm bằng chứng hỗ trợ, không tự tạo rủi ro production.";"MetadataManager,SubvolumeBase.discover,SubvolumeV1.open,legacy_config_path,Cloner,AsyncJobs,SubvolumeBase.remove,VolumeClient,open_volume_lockless";"1d7e95ba3a34436ea0dee4042dc41db884a283b4,cf41172621f7462aef745ad72fb1a9b0512f11ad,d49120cd5a8da516a8157ff58d2627198cc045a5,ef373d8aea3133a15bb22ae62d97886b75eaca0c,3616d9284dd801838c3c38c298087155e0639739";"history+test/docs+advisory"
"605";"v16.2.5";"v16.2.15";"qa/suites/fs/upgrade/volumes/import-legacy/overrides/whitelist_wrongly_marked_down.yaml";"";"D";"D";"0";"1";"FALSE";"120000";"0";"b4528c0f8c096bc9e80dd8ead702ab458aec3b13";"0";"11";"11-cephfs-mds";"P2";"test/QA";"reference-only";"Không đọc độc lập";"";"support";"CEPHFS-005,CEPHFS-006";"Test/QA hoặc tài liệu gắn trực tiếp với finding; dùng làm bằng chứng hỗ trợ, không tự tạo rủi ro production.";"MetadataManager,SubvolumeBase.discover,SubvolumeV1.open,legacy_config_path,Cloner,AsyncJobs,SubvolumeBase.remove,VolumeClient,open_volume_lockless";"1d7e95ba3a34436ea0dee4042dc41db884a283b4,cf41172621f7462aef745ad72fb1a9b0512f11ad,d49120cd5a8da516a8157ff58d2627198cc045a5,ef373d8aea3133a15bb22ae62d97886b75eaca0c,3616d9284dd801838c3c38c298087155e0639739";"history+test/docs+advisory"
"606";"v16.2.5";"v16.2.15";"qa/suites/fs/upgrade/volumes/import-legacy/tasks/0-nautilus.yaml";"";"M";"M";"2";"1";"FALSE";"100644";"100644";"a7673068feaca193bebaeae3e97e3ac5bc575bc4";"54898030975e3c440ddb6516c1c97b13ad04c3af";"11";"11-cephfs-mds";"P2";"test/QA";"reference-only";"Không đọc độc lập";"";"support";"CEPHFS-005,CEPHFS-006";"Test/QA hoặc tài liệu gắn trực tiếp với finding; dùng làm bằng chứng hỗ trợ, không tự tạo rủi ro production.";"MetadataManager,SubvolumeBase.discover,SubvolumeV1.open,legacy_config_path,Cloner,AsyncJobs,SubvolumeBase.remove,VolumeClient,open_volume_lockless";"1d7e95ba3a34436ea0dee4042dc41db884a283b4,cf41172621f7462aef745ad72fb1a9b0512f11ad,d49120cd5a8da516a8157ff58d2627198cc045a5,ef373d8aea3133a15bb22ae62d97886b75eaca0c,3616d9284dd801838c3c38c298087155e0639739";"history+test/docs+advisory"
"607";"v16.2.5";"v16.2.15";"qa/suites/fs/upgrade/volumes/import-legacy/tasks/2-upgrade.yaml";"";"M";"M";"1";"1";"FALSE";"100644";"100644";"488dbf7efc0ca11ab8afd7baa2836c5572334293";"053a4e2365cd0605a4440f9c23e7b833487ec8ca";"11";"11-cephfs-mds";"P2";"test/QA";"reference-only";"Không đọc độc lập";"";"support";"CEPHFS-005,CEPHFS-006";"Test/QA hoặc tài liệu gắn trực tiếp với finding; dùng làm bằng chứng hỗ trợ, không tự tạo rủi ro production.";"MetadataManager,SubvolumeBase.discover,SubvolumeV1.open,legacy_config_path,Cloner,AsyncJobs,SubvolumeBase.remove,VolumeClient,open_volume_lockless";"1d7e95ba3a34436ea0dee4042dc41db884a283b4,cf41172621f7462aef745ad72fb1a9b0512f11ad,d49120cd5a8da516a8157ff58d2627198cc045a5,ef373d8aea3133a15bb22ae62d97886b75eaca0c,3616d9284dd801838c3c38c298087155e0639739";"history+test/docs+advisory"
"608";"v16.2.5";"v16.2.15";"qa/suites/fs/upgrade/volumes/import-legacy/tasks/3-verify.yaml";"";"M";"M";"2";"2";"FALSE";"100644";"100644";"e14b48383a74fb5781b95f53d637a839664e618a";"a9b184b54e398307734eadb1ea893a8e38d15df6";"11";"11-cephfs-mds";"P2";"test/QA";"reference-only";"Không đọc độc lập";"";"support";"CEPHFS-005,CEPHFS-006";"Test/QA hoặc tài liệu gắn trực tiếp với finding; dùng làm bằng chứng hỗ trợ, không tự tạo rủi ro production.";"MetadataManager,SubvolumeBase.discover,SubvolumeV1.open,legacy_config_path,Cloner,AsyncJobs,SubvolumeBase.remove,VolumeClient,open_volume_lockless";"1d7e95ba3a34436ea0dee4042dc41db884a283b4,cf41172621f7462aef745ad72fb1a9b0512f11ad,d49120cd5a8da516a8157ff58d2627198cc045a5,ef373d8aea3133a15bb22ae62d97886b75eaca0c,3616d9284dd801838c3c38c298087155e0639739";"history+test/docs+advisory"
"609";"v16.2.5";"v16.2.15";"qa/suites/fs/valgrind/mirror/tasks/mirror.yaml";"";"M";"M";"1";"1";"FALSE";"100644";"100644";"af60495e53f8b9b05cc1efe1eafe969b3b23aaa7";"07c1e24efbf8e766d5f4b5a809fafd1c8f17ad2c";"11";"11-cephfs-mds";"P2";"test/QA";"reference-only";"Không đọc độc lập";"";"support";"CEPHFS-008";"Test/QA hoặc tài liệu gắn trực tiếp với finding; dùng làm bằng chứng hỗ trợ, không tự tạo rủi ro production.";"PeerReplayer::restart,Mirror::handle_replayer_status,InstanceWatcher,SnapshotReplayer";"679a2e36cb0aac737203323f0a999b6b67ec1eb1,6fc530dc42e3fed1396d8bf9979d89364e2b2b76,80f7f4e96ab06a0d0e8c1202d34cd407d0734771";"history+test/docs"
"610";"v16.2.5";"v16.2.15";"qa/suites/fs/verify/overrides/frag_enable.yaml";"";"D";"D";"0";"1";"FALSE";"120000";"0";"34a39a368cf158fb1235183778b881477d56750c";"0";"11";"11-cephfs-mds";"P2";"test/QA";"reference-only";"Không đọc độc lập";"";"trivial";"";"Đã đọc net diff và lịch sử; thay đổi feature, refactor, test hoặc công cụ thông thường không có causal chain nâng cấp độc lập.";"";"";"screened-endpoint+history"
"611";"v16.2.5";"v16.2.15";"qa/suites/fs/verify/overrides/ignorelist_health.yaml";"";"A";"A";"1";"0";"FALSE";"0";"120000";"0";"5cb891a95c3c84f2fcf67c2b0e5e678593400537";"11";"11-cephfs-mds";"P2";"test/QA";"reference-only";"Không đọc độc lập";"";"trivial";"";"Đã đọc net diff và lịch sử; thay đổi feature, refactor, test hoặc công cụ thông thường không có causal chain nâng cấp độc lập.";"";"";"screened-endpoint+history"
"612";"v16.2.5";"v16.2.15";"qa/suites/fs/verify/overrides/ignorelist_wrongly_marked_down.yaml";"";"A";"A";"1";"0";"FALSE";"0";"120000";"0";"f317cb714ca2801799ef0daff43abd435caa47f3";"11";"11-cephfs-mds";"P2";"test/QA";"reference-only";"Không đọc độc lập";"";"trivial";"";"Đã đọc net diff và lịch sử; thay đổi feature, refactor, test hoặc công cụ thông thường không có causal chain nâng cấp độc lập.";"";"";"screened-endpoint+history"
"613";"v16.2.5";"v16.2.15";"qa/suites/fs/verify/overrides/whitelist_health.yaml";"";"D";"D";"0";"1";"FALSE";"120000";"0";"74f39a49b27edc0caacda2bcd930b79b06781d40";"0";"11";"11-cephfs-mds";"P2";"test/QA";"reference-only";"Không đọc độc lập";"";"trivial";"";"Đã đọc net diff và lịch sử; thay đổi feature, refactor, test hoặc công cụ thông thường không có causal chain nâng cấp độc lập.";"";"";"screened-endpoint+history"
"614";"v16.2.5";"v16.2.15";"qa/suites/fs/verify/overrides/whitelist_wrongly_marked_down.yaml";"";"D";"D";"0";"1";"FALSE";"120000";"0";"b4528c0f8c096bc9e80dd8ead702ab458aec3b13";"0";"11";"11-cephfs-mds";"P2";"test/QA";"reference-only";"Không đọc độc lập";"";"trivial";"";"Đã đọc net diff và lịch sử; thay đổi feature, refactor, test hoặc công cụ thông thường không có causal chain nâng cấp độc lập.";"";"";"screened-endpoint+history"
"615";"v16.2.5";"v16.2.15";"qa/suites/fs/volumes/overrides/frag_enable.yaml";"";"D";"D";"0";"1";"FALSE";"120000";"0";"34a39a368cf158fb1235183778b881477d56750c";"0";"11";"11-cephfs-mds";"P2";"test/QA";"reference-only";"Không đọc độc lập";"";"support";"CEPHFS-006";"Test/QA hoặc tài liệu gắn trực tiếp với finding; dùng làm bằng chứng hỗ trợ, không tự tạo rủi ro production.";"Cloner,AsyncJobs,SubvolumeBase.remove,VolumeClient,open_volume_lockless";"d49120cd5a8da516a8157ff58d2627198cc045a5,ef373d8aea3133a15bb22ae62d97886b75eaca0c,3616d9284dd801838c3c38c298087155e0639739";"history+test/docs"
"616";"v16.2.5";"v16.2.15";"qa/suites/fs/volumes/overrides/ignorelist_health.yaml";"";"A";"A";"1";"0";"FALSE";"0";"120000";"0";"5cb891a95c3c84f2fcf67c2b0e5e678593400537";"11";"11-cephfs-mds";"P2";"test/QA";"reference-only";"Không đọc độc lập";"";"support";"CEPHFS-006";"Test/QA hoặc tài liệu gắn trực tiếp với finding; dùng làm bằng chứng hỗ trợ, không tự tạo rủi ro production.";"Cloner,AsyncJobs,SubvolumeBase.remove,VolumeClient,open_volume_lockless";"d49120cd5a8da516a8157ff58d2627198cc045a5,ef373d8aea3133a15bb22ae62d97886b75eaca0c,3616d9284dd801838c3c38c298087155e0639739";"history+test/docs"
"617";"v16.2.5";"v16.2.15";"qa/suites/fs/volumes/overrides/ignorelist_wrongly_marked_down.yaml";"";"A";"A";"1";"0";"FALSE";"0";"120000";"0";"f317cb714ca2801799ef0daff43abd435caa47f3";"11";"11-cephfs-mds";"P2";"test/QA";"reference-only";"Không đọc độc lập";"";"support";"CEPHFS-006";"Test/QA hoặc tài liệu gắn trực tiếp với finding; dùng làm bằng chứng hỗ trợ, không tự tạo rủi ro production.";"Cloner,AsyncJobs,SubvolumeBase.remove,VolumeClient,open_volume_lockless";"d49120cd5a8da516a8157ff58d2627198cc045a5,ef373d8aea3133a15bb22ae62d97886b75eaca0c,3616d9284dd801838c3c38c298087155e0639739";"history+test/docs"
"618";"v16.2.5";"v16.2.15";"qa/suites/fs/volumes/overrides/whitelist_health.yaml";"";"D";"D";"0";"1";"FALSE";"120000";"0";"74f39a49b27edc0caacda2bcd930b79b06781d40";"0";"11";"11-cephfs-mds";"P2";"test/QA";"reference-only";"Không đọc độc lập";"";"support";"CEPHFS-006";"Test/QA hoặc tài liệu gắn trực tiếp với finding; dùng làm bằng chứng hỗ trợ, không tự tạo rủi ro production.";"Cloner,AsyncJobs,SubvolumeBase.remove,VolumeClient,open_volume_lockless";"d49120cd5a8da516a8157ff58d2627198cc045a5,ef373d8aea3133a15bb22ae62d97886b75eaca0c,3616d9284dd801838c3c38c298087155e0639739";"history+test/docs"
"619";"v16.2.5";"v16.2.15";"qa/suites/fs/volumes/overrides/whitelist_wrongly_marked_down.yaml";"";"D";"D";"0";"1";"FALSE";"120000";"0";"b4528c0f8c096bc9e80dd8ead702ab458aec3b13";"0";"11";"11-cephfs-mds";"P2";"test/QA";"reference-only";"Không đọc độc lập";"";"support";"CEPHFS-006";"Test/QA hoặc tài liệu gắn trực tiếp với finding; dùng làm bằng chứng hỗ trợ, không tự tạo rủi ro production.";"Cloner,AsyncJobs,SubvolumeBase.remove,VolumeClient,open_volume_lockless";"d49120cd5a8da516a8157ff58d2627198cc045a5,ef373d8aea3133a15bb22ae62d97886b75eaca0c,3616d9284dd801838c3c38c298087155e0639739";"history+test/docs"
"620";"v16.2.5";"v16.2.15";"qa/suites/fs/volumes/tasks/volumes/test/basic.yaml";"";"M";"M";"1";"0";"FALSE";"100644";"100644";"3e54df2a9bb8d499f02cc2be4471f3609aca854b";"b4c65cfc58ffb3a2564af572c49f86a737630794";"11";"11-cephfs-mds";"P2";"test/QA";"reference-only";"Không đọc độc lập";"";"support";"CEPHFS-006";"Test/QA hoặc tài liệu gắn trực tiếp với finding; dùng làm bằng chứng hỗ trợ, không tự tạo rủi ro production.";"Cloner,AsyncJobs,SubvolumeBase.remove,VolumeClient,open_volume_lockless";"d49120cd5a8da516a8157ff58d2627198cc045a5,ef373d8aea3133a15bb22ae62d97886b75eaca0c,3616d9284dd801838c3c38c298087155e0639739";"history+test/docs"
"621";"v16.2.5";"v16.2.15";"qa/suites/fs/volumes/tasks/volumes/test/finisher_per_module.yaml";"";"A";"A";"13";"0";"FALSE";"0";"100644";"0";"ec8335fe0cfb30d11f2dee22319203f3df7ef09c";"11";"11-cephfs-mds";"P2";"test/QA";"reference-only";"Không đọc độc lập";"";"support";"CEPHFS-006";"Test/QA hoặc tài liệu gắn trực tiếp với finding; dùng làm bằng chứng hỗ trợ, không tự tạo rủi ro production.";"Cloner,AsyncJobs,SubvolumeBase.remove,VolumeClient,open_volume_lockless";"d49120cd5a8da516a8157ff58d2627198cc045a5,ef373d8aea3133a15bb22ae62d97886b75eaca0c,3616d9284dd801838c3c38c298087155e0639739";"history+test/docs"
"622";"v16.2.5";"v16.2.15";"qa/suites/fs/workload/ms_mode/$";"";"A";"A";"0";"0";"FALSE";"0";"100644";"0";"e69de29bb2d1d6434b8b29ae775ad8c2e48c5391";"11";"11-cephfs-mds";"P2";"mechanical/zero-LOC";"reference-only";"Không đọc nội dung độc lập";"";"trivial";"";"Đã đọc net diff và lịch sử; thay đổi feature, refactor, test hoặc công cụ thông thường không có causal chain nâng cấp độc lập.";"";"";"screened-endpoint+history"
"623";"v16.2.5";"v16.2.15";"qa/suites/fs/workload/ms_mode/crc.yaml";"";"A";"A";"3";"0";"FALSE";"0";"100644";"0";"7efada467b338e243f84ce7a149188a2dfcbd882";"11";"11-cephfs-mds";"P2";"test/QA";"reference-only";"Không đọc độc lập";"";"trivial";"";"Đã đọc net diff và lịch sử; thay đổi feature, refactor, test hoặc công cụ thông thường không có causal chain nâng cấp độc lập.";"";"";"screened-endpoint+history"
"624";"v16.2.5";"v16.2.15";"qa/suites/fs/workload/ms_mode/legacy.yaml";"";"A";"A";"3";"0";"FALSE";"0";"100644";"0";"8a68a7756681c360f8ce43ecdb213ff0f34a98b0";"11";"11-cephfs-mds";"P2";"test/QA";"reference-only";"Không đọc độc lập";"";"trivial";"";"Đã đọc net diff và lịch sử; thay đổi feature, refactor, test hoặc công cụ thông thường không có causal chain nâng cấp độc lập.";"";"";"screened-endpoint+history"
"625";"v16.2.5";"v16.2.15";"qa/suites/fs/workload/ms_mode/secure.yaml";"";"A";"A";"3";"0";"FALSE";"0";"100644";"0";"b4a4221d51dd1fa204170a389257e131efa03cc8";"11";"11-cephfs-mds";"P2";"test/QA";"reference-only";"Không đọc độc lập";"";"trivial";"";"Đã đọc net diff và lịch sử; thay đổi feature, refactor, test hoặc công cụ thông thường không có causal chain nâng cấp độc lập.";"";"";"screened-endpoint+history"
"626";"v16.2.5";"v16.2.15";"qa/suites/fs/workload/overrides/frag.yaml";"";"A";"A";"1";"0";"FALSE";"0";"120000";"0";"5e5cdaed8c7ecaf516cc1063138617e81f06489e";"11";"11-cephfs-mds";"P2";"test/QA";"reference-only";"Không đọc độc lập";"";"trivial";"";"Đã đọc net diff và lịch sử; thay đổi feature, refactor, test hoặc công cụ thông thường không có causal chain nâng cấp độc lập.";"";"";"screened-endpoint+history"
"627";"v16.2.5";"v16.2.15";"qa/suites/fs/workload/overrides/frag_enable.yaml";"";"D";"D";"0";"1";"FALSE";"120000";"0";"34a39a368cf158fb1235183778b881477d56750c";"0";"11";"11-cephfs-mds";"P2";"test/QA";"reference-only";"Không đọc độc lập";"";"trivial";"";"Đã đọc net diff và lịch sử; thay đổi feature, refactor, test hoặc công cụ thông thường không có causal chain nâng cấp độc lập.";"";"";"screened-endpoint+history"
"628";"v16.2.5";"v16.2.15";"qa/suites/fs/workload/overrides/ignorelist_health.yaml";"";"A";"A";"1";"0";"FALSE";"0";"120000";"0";"5cb891a95c3c84f2fcf67c2b0e5e678593400537";"11";"11-cephfs-mds";"P2";"test/QA";"reference-only";"Không đọc độc lập";"";"trivial";"";"Đã đọc net diff và lịch sử; thay đổi feature, refactor, test hoặc công cụ thông thường không có causal chain nâng cấp độc lập.";"";"";"screened-endpoint+history"
"629";"v16.2.5";"v16.2.15";"qa/suites/fs/workload/overrides/ignorelist_wrongly_marked_down.yaml";"";"A";"A";"1";"0";"FALSE";"0";"120000";"0";"f317cb714ca2801799ef0daff43abd435caa47f3";"11";"11-cephfs-mds";"P2";"test/QA";"reference-only";"Không đọc độc lập";"";"trivial";"";"Đã đọc net diff và lịch sử; thay đổi feature, refactor, test hoặc công cụ thông thường không có causal chain nâng cấp độc lập.";"";"";"screened-endpoint+history"
"630";"v16.2.5";"v16.2.15";"qa/suites/fs/workload/overrides/whitelist_health.yaml";"";"D";"D";"0";"1";"FALSE";"120000";"0";"74f39a49b27edc0caacda2bcd930b79b06781d40";"0";"11";"11-cephfs-mds";"P2";"test/QA";"reference-only";"Không đọc độc lập";"";"trivial";"";"Đã đọc net diff và lịch sử; thay đổi feature, refactor, test hoặc công cụ thông thường không có causal chain nâng cấp độc lập.";"";"";"screened-endpoint+history"
"631";"v16.2.5";"v16.2.15";"qa/suites/fs/workload/overrides/whitelist_wrongly_marked_down.yaml";"";"D";"D";"0";"1";"FALSE";"120000";"0";"b4528c0f8c096bc9e80dd8ead702ab458aec3b13";"0";"11";"11-cephfs-mds";"P2";"test/QA";"reference-only";"Không đọc độc lập";"";"trivial";"";"Đã đọc net diff và lịch sử; thay đổi feature, refactor, test hoặc công cụ thông thường không có causal chain nâng cấp độc lập.";"";"";"screened-endpoint+history"
"632";"v16.2.5";"v16.2.15";"qa/suites/fs/workload/subvolume/$";"";"A";"A";"0";"0";"FALSE";"0";"100644";"0";"e69de29bb2d1d6434b8b29ae775ad8c2e48c5391";"11";"11-cephfs-mds";"P2";"mechanical/zero-LOC";"reference-only";"Không đọc nội dung độc lập";"";"trivial";"";"Đã đọc net diff và lịch sử; thay đổi feature, refactor, test hoặc công cụ thông thường không có causal chain nâng cấp độc lập.";"";"";"screened-endpoint+history"
"633";"v16.2.5";"v16.2.15";"qa/suites/fs/workload/subvolume/no-subvolume.yaml";"";"A";"A";"0";"0";"FALSE";"0";"100644";"0";"e69de29bb2d1d6434b8b29ae775ad8c2e48c5391";"11";"11-cephfs-mds";"P2";"mechanical/zero-LOC";"reference-only";"Không đọc nội dung độc lập";"";"trivial";"";"Đã đọc net diff và lịch sử; thay đổi feature, refactor, test hoặc công cụ thông thường không có causal chain nâng cấp độc lập.";"";"";"screened-endpoint+history"
"634";"v16.2.5";"v16.2.15";"qa/suites/fs/workload/subvolume/with-namespace-isolated-and-quota.yaml";"";"A";"A";"11";"0";"FALSE";"0";"100644";"0";"7129e54b57a6b3873a0917cc69702efa70f6b3a8";"11";"11-cephfs-mds";"P2";"test/QA";"reference-only";"Không đọc độc lập";"";"trivial";"";"Đã đọc net diff và lịch sử; thay đổi feature, refactor, test hoặc công cụ thông thường không có causal chain nâng cấp độc lập.";"";"";"screened-endpoint+history"
"635";"v16.2.5";"v16.2.15";"qa/suites/fs/workload/subvolume/with-namespace-isolated.yaml";"";"A";"A";"11";"0";"FALSE";"0";"100644";"0";"2ac901fefd11a1e0087fb6cca3167828249a4dc4";"11";"11-cephfs-mds";"P2";"test/QA";"reference-only";"Không đọc độc lập";"";"trivial";"";"Đã đọc net diff và lịch sử; thay đổi feature, refactor, test hoặc công cụ thông thường không có causal chain nâng cấp độc lập.";"";"";"screened-endpoint+history"
"636";"v16.2.5";"v16.2.15";"qa/suites/fs/workload/subvolume/with-no-extra-options.yaml";"";"A";"A";"10";"0";"FALSE";"0";"100644";"0";"40f98c2bc57766760d0d6cebebcb7961f4ca3440";"11";"11-cephfs-mds";"P2";"test/QA";"reference-only";"Không đọc độc lập";"";"trivial";"";"Đã đọc net diff và lịch sử; thay đổi feature, refactor, test hoặc công cụ thông thường không có causal chain nâng cấp độc lập.";"";"";"screened-endpoint+history"
"637";"v16.2.5";"v16.2.15";"qa/suites/fs/workload/subvolume/with-quota.yaml";"";"A";"A";"11";"0";"FALSE";"0";"100644";"0";"6cda00d4a232d1cf03a4a84609f2af357a0134e5";"11";"11-cephfs-mds";"P2";"test/QA";"reference-only";"Không đọc độc lập";"";"trivial";"";"Đã đọc net diff và lịch sử; thay đổi feature, refactor, test hoặc công cụ thông thường không có causal chain nâng cấp độc lập.";"";"";"screened-endpoint+history"
"945";"v16.2.5";"v16.2.15";"qa/tasks/ceph_fuse.py";"";"M";"M";"15";"1";"FALSE";"100644";"100644";"d2db2973220d9d7b40cf557ad8290b75044f3fe8";"b443516230c07744b197a5ee219ccd5eec60cf7c";"11";"11-cephfs-mds";"P2";"test/QA";"reference-only";"Không đọc độc lập";"";"trivial";"";"Đã đọc net diff và lịch sử; thay đổi feature, refactor, test hoặc công cụ thông thường không có causal chain nâng cấp độc lập.";"";"";"screened-endpoint+history"
"952";"v16.2.5";"v16.2.15";"qa/tasks/cephfs/caps_helper.py";"";"M";"M";"1";"1";"FALSE";"100644";"100644";"a6633354623cbac80114af35761e8c61b0a2f9ba";"39b5963befa6abb6dd2e5e4aff19b6fe174f3a43";"11";"11-cephfs-mds";"P2";"test/QA";"reference-only";"Không đọc độc lập";"";"support";"CEPHFS-004";"Test/QA hoặc tài liệu gắn trực tiếp với finding; dùng làm bằng chứng hỗ trợ, không tự tạo rủi ro production.";"Client::build_client_request,CEPHFS_FEATURE_32BITS_RETRY_FWD,Client::handle_client_session,Client::flush_caps";"1c2334b778b18719fd259d44d60fc3cd8e19a2a4,798cb2c306ec648d10cf14296de28f903df27e9d,10124022411a787cda8dd183a188f09784fb7355";"history+test/docs"
"953";"v16.2.5";"v16.2.15";"qa/tasks/cephfs/cephfs_test_case.py";"";"M";"M";"24";"34";"FALSE";"100644";"100644";"9ef7989d9468d67a6631c1be088a09e9f2be0a0c";"e15658c7d378263633d9209fddd588ffe1adb680";"11";"11-cephfs-mds";"P2";"test/QA";"reference-only";"Không đọc độc lập";"";"trivial";"";"Đã đọc net diff và lịch sử; thay đổi feature, refactor, test hoặc công cụ thông thường không có causal chain nâng cấp độc lập.";"";"";"screened-endpoint+history"
"954";"v16.2.5";"v16.2.15";"qa/tasks/cephfs/filesystem.py";"";"M";"M";"197";"51";"FALSE";"100644";"100644";"34ee42f13ec6d0cb12c1744292698113129d4a24";"b2f762d39c1806315f91116f4b7f8e5fe8ff89fc";"11";"11-cephfs-mds";"P2";"test/QA";"reference-only";"Không đọc độc lập";"";"trivial";"";"Đã đọc net diff và lịch sử; thay đổi feature, refactor, test hoặc công cụ thông thường không có causal chain nâng cấp độc lập.";"";"";"screened-endpoint+history"
"955";"v16.2.5";"v16.2.15";"qa/tasks/cephfs/fuse_mount.py";"";"M";"M";"5";"8";"FALSE";"100644";"100644";"29dcc6d3be660bcb5b48a4611f75d394504b3dba";"e87f6ad9eb5f49a7b8eff66c3f0c38d080df1747";"11";"11-cephfs-mds";"P2";"test/QA";"reference-only";"Không đọc độc lập";"";"trivial";"";"Đã đọc net diff và lịch sử; thay đổi feature, refactor, test hoặc công cụ thông thường không có causal chain nâng cấp độc lập.";"";"";"screened-endpoint+history"
"956";"v16.2.5";"v16.2.15";"qa/tasks/cephfs/kernel_mount.py";"";"M";"M";"86";"56";"FALSE";"100644";"100644";"9845454199ad7aea555653cf70bd7531899d370c";"37c0f62109883ba3c226147bc81f6e9af1884464";"11";"11-cephfs-mds";"P2";"test/QA";"reference-only";"Không đọc độc lập";"";"trivial";"";"Đã đọc net diff và lịch sử; thay đổi feature, refactor, test hoặc công cụ thông thường không có causal chain nâng cấp độc lập.";"";"";"screened-endpoint+history"
"957";"v16.2.5";"v16.2.15";"qa/tasks/cephfs/mount.py";"";"M";"M";"203";"67";"FALSE";"100644";"100644";"d7e775f64e022164e244f1e45d83470096b03b97";"0f18702f984e19884c29d3b774c877004f4d4656";"11";"11-cephfs-mds";"P2";"test/QA";"reference-only";"Không đọc độc lập";"";"trivial";"";"Đã đọc net diff và lịch sử; thay đổi feature, refactor, test hoặc công cụ thông thường không có causal chain nâng cấp độc lập.";"";"";"screened-endpoint+history"
"958";"v16.2.5";"v16.2.15";"qa/tasks/cephfs/test_admin.py";"";"M";"M";"306";"3";"FALSE";"100644";"100644";"c10b9a482e02d5897242c80f168f10562d04eb9d";"bbf069066e335d16ec71a371da91a21f774d295d";"11";"11-cephfs-mds";"P2";"test/QA";"reference-only";"Không đọc độc lập";"";"trivial";"";"Đã đọc net diff và lịch sử; thay đổi feature, refactor, test hoặc công cụ thông thường không có causal chain nâng cấp độc lập.";"";"";"screened-endpoint+history"
"959";"v16.2.5";"v16.2.15";"qa/tasks/cephfs/test_cap_flush.py";"";"M";"M";"2";"2";"FALSE";"100644";"100644";"2fc9410d13a77bb12d5fffe01ab6c6515eae5e55";"c472e85bd5dde3cd36208e86b784de19d57de0a2";"11";"11-cephfs-mds";"P2";"test/QA";"reference-only";"Không đọc độc lập";"";"trivial";"";"Đã đọc net diff và lịch sử; thay đổi feature, refactor, test hoặc công cụ thông thường không có causal chain nâng cấp độc lập.";"";"";"screened-endpoint+history"
"960";"v16.2.5";"v16.2.15";"qa/tasks/cephfs/test_cephfs_shell.py";"";"M";"M";"78";"96";"FALSE";"100644";"100644";"2833c3ea2d89a2ccb77afd22f8a13795556cc0bb";"477d0ae09da3dc82119555746431a8407f3e5b4b";"11";"11-cephfs-mds";"P2";"test/QA";"reference-only";"Không đọc độc lập";"";"trivial";"";"Đã đọc net diff và lịch sử; thay đổi feature, refactor, test hoặc công cụ thông thường không có causal chain nâng cấp độc lập.";"";"";"screened-endpoint+history"
"961";"v16.2.5";"v16.2.15";"qa/tasks/cephfs/test_client_limits.py";"";"M";"M";"85";"14";"FALSE";"100644";"100644";"4ea6576af5c58b8e22aad6fdb7dda8870e69c734";"74cb176788d7aa461c0e007e9f1976a10a85425e";"11";"11-cephfs-mds";"P2";"test/QA";"reference-only";"Không đọc độc lập";"";"support";"CEPHFS-001,CEPHFS-004";"Test/QA hoặc tài liệu gắn trực tiếp với finding; dùng làm bằng chứng hỗ trợ, không tự tạo rủi ro production.";"SessionMap::validate_and_encode_session,SessionMap::save_if_dirty,mds_session_metadata_threshold,mdthresh_evicted,Client::build_client_request,CEPHFS_FEATURE_32BITS_RETRY_FWD,Client::handle_client_session,Client::flush_caps";"45a9bfd3055343ba6cad4d296e664d166b4e1a92,f5b106c2c86c8238fdc2fb61de6b466878072eda,1c2334b778b18719fd259d44d60fc3cd8e19a2a4,798cb2c306ec648d10cf14296de28f903df27e9d,10124022411a787cda8dd183a188f09784fb7355";"history+test/docs"
"962";"v16.2.5";"v16.2.15";"qa/tasks/cephfs/test_client_recovery.py";"";"M";"M";"135";"17";"FALSE";"100644";"100644";"3ae208a69925b6706c7cee264238af471dd6b321";"082e7fa84d2b8bddc875dd7404584943c0a67338";"11";"11-cephfs-mds";"P2";"test/QA";"reference-only";"Không đọc độc lập";"";"support";"CEPHFS-002,CEPHFS-003";"Test/QA hoặc tài liệu gắn trực tiếp với finding; dùng làm bằng chứng hỗ trợ, không tự tạo rủi ro production.";"FSMap::is_upgradeable,FSMap::promote,MDSMap::get_compat_set,allow_standby_replay,MDLog::_recovery_thread,Journaler::check_isreadable,SessionMap::replay,Server::replay_request";"0c3026b3f65dd1c28a60df0a05bff42f6a96267b,a84a3b5a61ade029568a4165aa7fa40c8b1c38aa,aea19718eb2111fa2f5abec20367b38b1f41e2d4,5987e4d994101f1ff6a9573d2673a6d68ec97497,261c5de3a1fab444275712d5c220621ccf76bade,0117f97e365e3e143a0831209efb23b1e229a9b1";"history+test/docs"
"963";"v16.2.5";"v16.2.15";"qa/tasks/cephfs/test_damage.py";"";"M";"M";"99";"0";"FALSE";"100644";"100644";"4d019442976b6594577d20a50610651f8445a73d";"bfaa23453b0fa5f1c8dcaa08663f51a39d859758";"11";"11-cephfs-mds";"P2";"test/QA";"reference-only";"Không đọc độc lập";"";"support";"CEPHFS-002,CEPHFS-003";"Test/QA hoặc tài liệu gắn trực tiếp với finding; dùng làm bằng chứng hỗ trợ, không tự tạo rủi ro production.";"FSMap::is_upgradeable,FSMap::promote,MDSMap::get_compat_set,allow_standby_replay,MDLog::_recovery_thread,Journaler::check_isreadable,SessionMap::replay,Server::replay_request";"0c3026b3f65dd1c28a60df0a05bff42f6a96267b,a84a3b5a61ade029568a4165aa7fa40c8b1c38aa,aea19718eb2111fa2f5abec20367b38b1f41e2d4,5987e4d994101f1ff6a9573d2673a6d68ec97497,261c5de3a1fab444275712d5c220621ccf76bade,0117f97e365e3e143a0831209efb23b1e229a9b1";"history+test/docs"
"964";"v16.2.5";"v16.2.15";"qa/tasks/cephfs/test_data_scan.py";"";"M";"M";"96";"23";"FALSE";"100644";"100644";"933a7f67d76056014eddf05184d25ab3e64b3fe3";"ee8de4c134700c1afe4c34ffa7effc9b24e60128";"11";"11-cephfs-mds";"P2";"test/QA";"reference-only";"Không đọc độc lập";"";"trivial";"";"Đã đọc net diff và lịch sử; thay đổi feature, refactor, test hoặc công cụ thông thường không có causal chain nâng cấp độc lập.";"";"";"screened-endpoint+history"
"965";"v16.2.5";"v16.2.15";"qa/tasks/cephfs/test_exports.py";"";"M";"M";"63";"0";"FALSE";"100644";"100644";"d2421bedcbbc44be9fa1aa6f3ce65187644fe1fe";"b72cc6394c6e8c7da0aa100d6fbd3ba375ac6bc8";"11";"11-cephfs-mds";"P2";"test/QA";"reference-only";"Không đọc độc lập";"";"trivial";"";"Đã đọc net diff và lịch sử; thay đổi feature, refactor, test hoặc công cụ thông thường không có causal chain nâng cấp độc lập.";"";"";"screened-endpoint+history"
"966";"v16.2.5";"v16.2.15";"qa/tasks/cephfs/test_failover.py";"";"M";"M";"99";"31";"FALSE";"100644";"100644";"45e343dcd2ae902fa41c2d7363fdf0b142bc2b3a";"2ea58ab3affaf5917c797d2e23f069414334194e";"11";"11-cephfs-mds";"P2";"test/QA";"reference-only";"Không đọc độc lập";"";"support";"CEPHFS-002,CEPHFS-003";"Test/QA hoặc tài liệu gắn trực tiếp với finding; dùng làm bằng chứng hỗ trợ, không tự tạo rủi ro production.";"FSMap::is_upgradeable,FSMap::promote,MDSMap::get_compat_set,allow_standby_replay,MDLog::_recovery_thread,Journaler::check_isreadable,SessionMap::replay,Server::replay_request";"0c3026b3f65dd1c28a60df0a05bff42f6a96267b,a84a3b5a61ade029568a4165aa7fa40c8b1c38aa,aea19718eb2111fa2f5abec20367b38b1f41e2d4,5987e4d994101f1ff6a9573d2673a6d68ec97497,261c5de3a1fab444275712d5c220621ccf76bade,0117f97e365e3e143a0831209efb23b1e229a9b1";"history+test/docs"
"967";"v16.2.5";"v16.2.15";"qa/tasks/cephfs/test_forward_scrub.py";"";"M";"M";"10";"3";"FALSE";"100644";"100644";"82630e069587b7105c524f93add50e8237eac45b";"29496dc50ac30718fdc1c9c609ca4ef90e7089f1";"11";"11-cephfs-mds";"P2";"test/QA";"reference-only";"Không đọc độc lập";"";"trivial";"";"Đã đọc net diff và lịch sử; thay đổi feature, refactor, test hoặc công cụ thông thường không có causal chain nâng cấp độc lập.";"";"";"screened-endpoint+history"
"968";"v16.2.5";"v16.2.15";"qa/tasks/cephfs/test_fragment.py";"";"M";"M";"48";"5";"FALSE";"100644";"100644";"6e2823b4a215635fa9b375dd551d9b9980743850";"7d35ec0dfd53ec25c4301ec2ccb38043a2da7797";"11";"11-cephfs-mds";"P2";"test/QA";"reference-only";"Không đọc độc lập";"";"trivial";"";"Đã đọc net diff và lịch sử; thay đổi feature, refactor, test hoặc công cụ thông thường không có causal chain nâng cấp độc lập.";"";"";"screened-endpoint+history"
"969";"v16.2.5";"v16.2.15";"qa/tasks/cephfs/test_fstop.py";"";"M";"M";"94";"7";"FALSE";"100644";"100644";"08617807eb665268abb979951c4f6bb08830639f";"8294fceec926b51706413a40a4d61a73e3073f2b";"11";"11-cephfs-mds";"P2";"test/QA";"reference-only";"Không đọc độc lập";"";"trivial";"";"Đã đọc net diff và lịch sử; thay đổi feature, refactor, test hoặc công cụ thông thường không có causal chain nâng cấp độc lập.";"";"";"screened-endpoint+history"
"970";"v16.2.5";"v16.2.15";"qa/tasks/cephfs/test_full.py";"";"M";"M";"20";"22";"FALSE";"100644";"100644";"54152548677d5d6a8b5c529203f4088cb58613cc";"8282b4e0c6663050605bf99d6a7b501c465ddd14";"11";"11-cephfs-mds";"P2";"test/QA";"reference-only";"Không đọc độc lập";"";"trivial";"";"Đã đọc net diff và lịch sử; thay đổi feature, refactor, test hoặc công cụ thông thường không có causal chain nâng cấp độc lập.";"";"";"screened-endpoint+history"
"971";"v16.2.5";"v16.2.15";"qa/tasks/cephfs/test_mds_metrics.py";"";"M";"M";"318";"14";"FALSE";"100644";"100644";"e8fa3c413f987f1f920c376a030383a792e576b3";"0a4b54a5f20d2c6a159923e6d981df1e60c7c231";"11";"11-cephfs-mds";"P2";"test/QA";"reference-only";"Không đọc độc lập";"";"trivial";"";"Đã đọc net diff và lịch sử; thay đổi feature, refactor, test hoặc công cụ thông thường không có causal chain nâng cấp độc lập.";"";"";"screened-endpoint+history"
"972";"v16.2.5";"v16.2.15";"qa/tasks/cephfs/test_mirroring.py";"";"M";"M";"152";"22";"FALSE";"100644";"100644";"6ea3d5d3022550caa05e8eae63206609493bf399";"c1a940e3f7598cdf8aa1cecbef806f7f179b8228";"11";"11-cephfs-mds";"P2";"test/QA";"reference-only";"Không đọc độc lập";"";"support";"CEPHFS-008";"Test/QA hoặc tài liệu gắn trực tiếp với finding; dùng làm bằng chứng hỗ trợ, không tự tạo rủi ro production.";"PeerReplayer::restart,Mirror::handle_replayer_status,InstanceWatcher,SnapshotReplayer";"679a2e36cb0aac737203323f0a999b6b67ec1eb1,6fc530dc42e3fed1396d8bf9979d89364e2b2b76,80f7f4e96ab06a0d0e8c1202d34cd407d0734771";"history+test/docs"
"973";"v16.2.5";"v16.2.15";"qa/tasks/cephfs/test_misc.py";"";"M";"M";"170";"2";"FALSE";"100644";"100644";"cf3b1a1bf8cd83c95da143fabc8f07cbd3cca15d";"c8b6741c44014dba579c3c64b5966ea5d692ac03";"11";"11-cephfs-mds";"P2";"test/QA";"reference-only";"Không đọc độc lập";"";"trivial";"";"Đã đọc net diff và lịch sử; thay đổi feature, refactor, test hoặc công cụ thông thường không có causal chain nâng cấp độc lập.";"";"";"screened-endpoint+history"
"974";"v16.2.5";"v16.2.15";"qa/tasks/cephfs/test_newops.py";"";"A";"A";"25";"0";"FALSE";"0";"100644";"0";"4c34dabdd10351bc86d2033ac8f19c5569a9e479";"11";"11-cephfs-mds";"P2";"test/QA";"reference-only";"Không đọc độc lập";"";"trivial";"";"Đã đọc net diff và lịch sử; thay đổi feature, refactor, test hoặc công cụ thông thường không có causal chain nâng cấp độc lập.";"";"";"screened-endpoint+history"
"975";"v16.2.5";"v16.2.15";"qa/tasks/cephfs/test_nfs.py";"";"M";"M";"321";"80";"FALSE";"100644";"100644";"83c4797b2818f99e0bd966629c86e99b0bd164ac";"61dce16f8dd9ed8f88b75f3fc62bdef61cc99f83";"11";"11-cephfs-mds";"P2";"test/QA";"reference-only";"Không đọc độc lập";"";"support";"CEPHFS-007";"Test/QA hoặc tài liệu gắn trực tiếp với finding; dùng làm bằng chứng hỗ trợ, không tự tạo rủi ro production.";"NFSRados,ExportMgr.create_export,ExportMgr.apply_export,cephfs_path_is_dir";"5253e1b7fb899b50911f4d1578768323629e5d34,62869f4c0972f366b1d7c70729459d6e7738142c,e80b0b8e11e6be9ba125e796c4dde1b011374796";"history+test/docs"
"976";"v16.2.5";"v16.2.15";"qa/tasks/cephfs/test_openfiletable.py";"";"M";"M";"3";"3";"FALSE";"100644";"100644";"6df29762a2b0a6762ae261647f1c64200d595982";"eff6b50932e4ac78614f90e14391c2e7c1938a94";"11";"11-cephfs-mds";"P2";"test/QA";"reference-only";"Không đọc độc lập";"";"trivial";"";"Đã đọc net diff và lịch sử; thay đổi feature, refactor, test hoặc công cụ thông thường không có causal chain nâng cấp độc lập.";"";"";"screened-endpoint+history"
"977";"v16.2.5";"v16.2.15";"qa/tasks/cephfs/test_readahead.py";"";"M";"M";"1";"2";"FALSE";"100644";"100644";"b1484ab0713e5a8cb3197a865e6395f9be293400";"7e6270f035d22b6d51d8afe358b714f05a63ede8";"11";"11-cephfs-mds";"P2";"test/QA";"reference-only";"Không đọc độc lập";"";"trivial";"";"Đã đọc net diff và lịch sử; thay đổi feature, refactor, test hoặc công cụ thông thường không có causal chain nâng cấp độc lập.";"";"";"screened-endpoint+history"
"978";"v16.2.5";"v16.2.15";"qa/tasks/cephfs/test_recovery_fs.py";"";"A";"A";"38";"0";"FALSE";"0";"100644";"0";"bbcdf97697277023feaf8fb960afdb7335f4919e";"11";"11-cephfs-mds";"P2";"test/QA";"reference-only";"Không đọc độc lập";"";"support";"CEPHFS-002,CEPHFS-003";"Test/QA hoặc tài liệu gắn trực tiếp với finding; dùng làm bằng chứng hỗ trợ, không tự tạo rủi ro production.";"FSMap::is_upgradeable,FSMap::promote,MDSMap::get_compat_set,allow_standby_replay,MDLog::_recovery_thread,Journaler::check_isreadable,SessionMap::replay,Server::replay_request";"0c3026b3f65dd1c28a60df0a05bff42f6a96267b,a84a3b5a61ade029568a4165aa7fa40c8b1c38aa,aea19718eb2111fa2f5abec20367b38b1f41e2d4,5987e4d994101f1ff6a9573d2673a6d68ec97497,261c5de3a1fab444275712d5c220621ccf76bade,0117f97e365e3e143a0831209efb23b1e229a9b1";"history+test/docs"
"979";"v16.2.5";"v16.2.15";"qa/tasks/cephfs/test_recovery_pool.py";"";"M";"M";"53";"77";"FALSE";"100644";"100644";"9926b3670cac3b4bd30b2fd6b28d99c4384587c3";"be7b63c35c9fb2fb554a1dd700f9ab632dba915b";"11";"11-cephfs-mds";"P2";"test/QA";"reference-only";"Không đọc độc lập";"";"support";"CEPHFS-002,CEPHFS-003";"Test/QA hoặc tài liệu gắn trực tiếp với finding; dùng làm bằng chứng hỗ trợ, không tự tạo rủi ro production.";"FSMap::is_upgradeable,FSMap::promote,MDSMap::get_compat_set,allow_standby_replay,MDLog::_recovery_thread,Journaler::check_isreadable,SessionMap::replay,Server::replay_request";"0c3026b3f65dd1c28a60df0a05bff42f6a96267b,a84a3b5a61ade029568a4165aa7fa40c8b1c38aa,aea19718eb2111fa2f5abec20367b38b1f41e2d4,5987e4d994101f1ff6a9573d2673a6d68ec97497,261c5de3a1fab444275712d5c220621ccf76bade,0117f97e365e3e143a0831209efb23b1e229a9b1";"history+test/docs"
"980";"v16.2.5";"v16.2.15";"qa/tasks/cephfs/test_scrub.py";"";"M";"M";"9";"0";"FALSE";"100644";"100644";"dd7c11af50b39a6517b2267d1f5e88c4f99a8e6a";"647860129d8d9aaa07cb53b516d95ecbf93d12c1";"11";"11-cephfs-mds";"P2";"test/QA";"reference-only";"Không đọc độc lập";"";"trivial";"";"Đã đọc net diff và lịch sử; thay đổi feature, refactor, test hoặc công cụ thông thường không có causal chain nâng cấp độc lập.";"";"";"screened-endpoint+history"
"981";"v16.2.5";"v16.2.15";"qa/tasks/cephfs/test_scrub_checks.py";"";"M";"M";"50";"9";"FALSE";"100644";"100644";"f1af604802866ec962b6c66aafdeeb26da122414";"e41b997a6eebc0a693eca7c30bfd0f49d7ffcc24";"11";"11-cephfs-mds";"P2";"test/QA";"reference-only";"Không đọc độc lập";"";"trivial";"";"Đã đọc net diff và lịch sử; thay đổi feature, refactor, test hoặc công cụ thông thường không có causal chain nâng cấp độc lập.";"";"";"screened-endpoint+history"
"982";"v16.2.5";"v16.2.15";"qa/tasks/cephfs/test_sessionmap.py";"";"M";"M";"12";"6";"FALSE";"100644";"100644";"79f1fb45e243a05f57a32b30c0b464f6de2f80cf";"ad6fd1d609cb9b21701caed068a68cde1fa6285d";"11";"11-cephfs-mds";"P2";"test/QA";"reference-only";"Không đọc độc lập";"";"support";"CEPHFS-002,CEPHFS-003";"Test/QA hoặc tài liệu gắn trực tiếp với finding; dùng làm bằng chứng hỗ trợ, không tự tạo rủi ro production.";"FSMap::is_upgradeable,FSMap::promote,MDSMap::get_compat_set,allow_standby_replay,MDLog::_recovery_thread,Journaler::check_isreadable,SessionMap::replay,Server::replay_request";"0c3026b3f65dd1c28a60df0a05bff42f6a96267b,a84a3b5a61ade029568a4165aa7fa40c8b1c38aa,aea19718eb2111fa2f5abec20367b38b1f41e2d4,5987e4d994101f1ff6a9573d2673a6d68ec97497,261c5de3a1fab444275712d5c220621ccf76bade,0117f97e365e3e143a0831209efb23b1e229a9b1";"history+test/docs"
"983";"v16.2.5";"v16.2.15";"qa/tasks/cephfs/test_snap_schedules.py";"";"M";"M";"244";"28";"FALSE";"100644";"100644";"1f65106c8eab51a3d170e9b98872212451c0082a";"41438ef865ca9ce067b0899beb6edcf1390c7822";"11";"11-cephfs-mds";"P2";"test/QA";"reference-only";"Không đọc độc lập";"";"trivial";"";"Đã đọc net diff và lịch sử; thay đổi feature, refactor, test hoặc công cụ thông thường không có causal chain nâng cấp độc lập.";"";"";"screened-endpoint+history"
"984";"v16.2.5";"v16.2.15";"qa/tasks/cephfs/test_snapshots.py";"";"M";"M";"76";"11";"FALSE";"100644";"100644";"fa4d9431fefdfab4a3dfe03898439874d3bf95d9";"30ac4485df07e83be84d39654be6674e5b4a98a9";"11";"11-cephfs-mds";"P2";"test/QA";"reference-only";"Không đọc độc lập";"";"trivial";"";"Đã đọc net diff và lịch sử; thay đổi feature, refactor, test hoặc công cụ thông thường không có causal chain nâng cấp độc lập.";"";"";"screened-endpoint+history"
"985";"v16.2.5";"v16.2.15";"qa/tasks/cephfs/test_strays.py";"";"M";"M";"162";"82";"FALSE";"100644";"100644";"f8313badd03584c3ab69c112b978972cb7ac7e56";"9dd71c7bf6e3141f8ebf4c36697dcaad782a2ba2";"11";"11-cephfs-mds";"P2";"test/QA";"reference-only";"Không đọc độc lập";"";"trivial";"";"Đã đọc net diff và lịch sử; thay đổi feature, refactor, test hoặc công cụ thông thường không có causal chain nâng cấp độc lập.";"";"";"screened-endpoint+history"
"986";"v16.2.5";"v16.2.15";"qa/tasks/cephfs/test_subvolume.py";"";"A";"A";"170";"0";"FALSE";"0";"100644";"0";"1ebb137dda93e52d92e3a2c8f24f254d03d7fd90";"11";"11-cephfs-mds";"P2";"test/QA";"reference-only";"Không đọc độc lập";"";"trivial";"";"Đã đọc net diff và lịch sử; thay đổi feature, refactor, test hoặc công cụ thông thường không có causal chain nâng cấp độc lập.";"";"";"screened-endpoint+history"
"987";"v16.2.5";"v16.2.15";"qa/tasks/cephfs/test_volumes.py";"";"M";"M";"5075";"1876";"FALSE";"100644";"100644";"a759d55ec3a09849b3ee26d0d11ec7d1c4f23085";"50cbdef3f83bef6d683f79cb9121268b326c9d60";"11";"11-cephfs-mds";"P2";"test/QA";"reference-only";"Không đọc độc lập";"";"support";"CEPHFS-006";"Test/QA hoặc tài liệu gắn trực tiếp với finding; dùng làm bằng chứng hỗ trợ, không tự tạo rủi ro production.";"Cloner,AsyncJobs,SubvolumeBase.remove,VolumeClient,open_volume_lockless";"d49120cd5a8da516a8157ff58d2627198cc045a5,ef373d8aea3133a15bb22ae62d97886b75eaca0c,3616d9284dd801838c3c38c298087155e0639739";"history+test/docs"
"988";"v16.2.5";"v16.2.15";"qa/tasks/cephfs/xfstests_dev.py";"";"M";"M";"3";"6";"FALSE";"100644";"100644";"c0bdf338e1671ba1db4761d7cf9414a516c7f199";"ea9e14b893dc109198378e016b34a0a8cc260fe2";"11";"11-cephfs-mds";"P2";"test/QA";"reference-only";"Không đọc độc lập";"";"trivial";"";"Đã đọc net diff và lịch sử; thay đổi feature, refactor, test hoặc công cụ thông thường không có causal chain nâng cấp độc lập.";"";"";"screened-endpoint+history"
"989";"v16.2.5";"v16.2.15";"qa/tasks/cephfs_mirror.py";"";"M";"M";"2";"0";"FALSE";"100644";"100644";"42c01aaea0342e92d8d2020b5470c2ac89bf64e9";"9602a5a7f9711ea93a1dac9030668c9419743512";"11";"11-cephfs-mds";"P2";"test/QA";"reference-only";"Không đọc độc lập";"";"support";"CEPHFS-008";"Test/QA hoặc tài liệu gắn trực tiếp với finding; dùng làm bằng chứng hỗ trợ, không tự tạo rủi ro production.";"PeerReplayer::restart,Mirror::handle_replayer_status,InstanceWatcher,SnapshotReplayer";"679a2e36cb0aac737203323f0a999b6b67ec1eb1,6fc530dc42e3fed1396d8bf9979d89364e2b2b76,80f7f4e96ab06a0d0e8c1202d34cd407d0734771";"history+test/docs"
"990";"v16.2.5";"v16.2.15";"qa/tasks/cephfs_mirror_thrash.py";"";"A";"A";"219";"0";"FALSE";"0";"100644";"0";"91f60ac50137c956f38f66dcb8e6550b17da5177";"11";"11-cephfs-mds";"P2";"test/QA";"reference-only";"Không đọc độc lập";"";"support";"CEPHFS-008";"Test/QA hoặc tài liệu gắn trực tiếp với finding; dùng làm bằng chứng hỗ trợ, không tự tạo rủi ro production.";"PeerReplayer::restart,Mirror::handle_replayer_status,InstanceWatcher,SnapshotReplayer";"679a2e36cb0aac737203323f0a999b6b67ec1eb1,6fc530dc42e3fed1396d8bf9979d89364e2b2b76,80f7f4e96ab06a0d0e8c1202d34cd407d0734771";"history+test/docs"
"994";"v16.2.5";"v16.2.15";"qa/tasks/fs.py";"";"M";"M";"68";"0";"FALSE";"100644";"100644";"71d7b22e814620e168dcb0e04d6bd9beb0871d12";"f7a9330e29b50541e97bac6ff3aea3601ba2c9f8";"11";"11-cephfs-mds";"P2";"test/QA";"reference-only";"Không đọc độc lập";"";"trivial";"";"Đã đọc net diff và lịch sử; thay đổi feature, refactor, test hoặc công cụ thông thường không có causal chain nâng cấp độc lập.";"";"";"screened-endpoint+history"
"997";"v16.2.5";"v16.2.15";"qa/tasks/mds_pre_upgrade.py";"";"M";"M";"2";"18";"FALSE";"100644";"100644";"0856d48337c436c20d03311161727a4a552f16cc";"812d402edee454b51ef1855850969d2705b24b04";"11";"11-cephfs-mds";"P2";"test/QA";"reference-only";"Không đọc độc lập";"";"support";"CEPHFS-002";"Test/QA hoặc tài liệu gắn trực tiếp với finding; dùng làm bằng chứng hỗ trợ, không tự tạo rủi ro production.";"FSMap::is_upgradeable,FSMap::promote,MDSMap::get_compat_set,allow_standby_replay";"0c3026b3f65dd1c28a60df0a05bff42f6a96267b,a84a3b5a61ade029568a4165aa7fa40c8b1c38aa,aea19718eb2111fa2f5abec20367b38b1f41e2d4";"history+test/docs"
"1038";"v16.2.5";"v16.2.15";"qa/tasks/vstart_runner.py";"";"M";"M";"13";"18";"FALSE";"100644";"100644";"61ca076151add3169c30c07e1b0d88e84481bbf7";"5399e825de9b3009812b566dc1d2f47289231096";"11";"11-cephfs-mds";"P2";"test/QA";"reference-only";"Không đọc độc lập";"";"trivial";"";"Đã đọc net diff và lịch sử; thay đổi feature, refactor, test hoặc công cụ thông thường không có causal chain nâng cấp độc lập.";"";"";"screened-endpoint+history"
"1048";"v16.2.5";"v16.2.15";"qa/workunits/fs/cephfs_mirror_ha_gen.sh";"";"A";"A";"69";"0";"FALSE";"0";"100755";"0";"35ee9d4c7ee349e336ed6ccd125b4f1806cb82fd";"11";"11-cephfs-mds";"P2";"test/QA";"reference-only";"Không đọc độc lập";"";"support";"CEPHFS-008";"Test/QA hoặc tài liệu gắn trực tiếp với finding; dùng làm bằng chứng hỗ trợ, không tự tạo rủi ro production.";"PeerReplayer::restart,Mirror::handle_replayer_status,InstanceWatcher,SnapshotReplayer";"679a2e36cb0aac737203323f0a999b6b67ec1eb1,6fc530dc42e3fed1396d8bf9979d89364e2b2b76,80f7f4e96ab06a0d0e8c1202d34cd407d0734771";"history+test/docs"
"1049";"v16.2.5";"v16.2.15";"qa/workunits/fs/cephfs_mirror_ha_verify.sh";"";"A";"A";"40";"0";"FALSE";"0";"100755";"0";"8d8b3859cb6bab200f761894f8fc17c48396e88f";"11";"11-cephfs-mds";"P2";"test/QA";"reference-only";"Không đọc độc lập";"";"support";"CEPHFS-008";"Test/QA hoặc tài liệu gắn trực tiếp với finding; dùng làm bằng chứng hỗ trợ, không tự tạo rủi ro production.";"PeerReplayer::restart,Mirror::handle_replayer_status,InstanceWatcher,SnapshotReplayer";"679a2e36cb0aac737203323f0a999b6b67ec1eb1,6fc530dc42e3fed1396d8bf9979d89364e2b2b76,80f7f4e96ab06a0d0e8c1202d34cd407d0734771";"history+test/docs"
"1050";"v16.2.5";"v16.2.15";"qa/workunits/fs/cephfs_mirror_helpers.sh";"";"A";"A";"66";"0";"FALSE";"0";"100644";"0";"69f1c6f3d77e086674ac661ace0febc91c061955";"11";"11-cephfs-mds";"P2";"test/QA";"reference-only";"Không đọc độc lập";"";"support";"CEPHFS-008";"Test/QA hoặc tài liệu gắn trực tiếp với finding; dùng làm bằng chứng hỗ trợ, không tự tạo rủi ro production.";"PeerReplayer::restart,Mirror::handle_replayer_status,InstanceWatcher,SnapshotReplayer";"679a2e36cb0aac737203323f0a999b6b67ec1eb1,6fc530dc42e3fed1396d8bf9979d89364e2b2b76,80f7f4e96ab06a0d0e8c1202d34cd407d0734771";"history+test/docs"
"1051";"v16.2.5";"v16.2.15";"qa/workunits/fs/full/subvolume_clone.sh";"";"A";"A";"114";"0";"FALSE";"0";"100755";"0";"a11131215b41969d51165605bd1a38072154f8e5";"11";"11-cephfs-mds";"P2";"test/QA";"reference-only";"Không đọc độc lập";"";"trivial";"";"Đã đọc net diff và lịch sử; thay đổi feature, refactor, test hoặc công cụ thông thường không có causal chain nâng cấp độc lập.";"";"";"screened-endpoint+history"
"1052";"v16.2.5";"v16.2.15";"qa/workunits/fs/full/subvolume_rm.sh";"";"M";"M";"10";"0";"FALSE";"100755";"100755";"d0f9e240347e56a973f34faac7a01f29c332e4a8";"a464e30f56e9599986265902ac7b08fffc19194c";"11";"11-cephfs-mds";"P2";"test/QA";"reference-only";"Không đọc độc lập";"";"trivial";"";"Đã đọc net diff và lịch sử; thay đổi feature, refactor, test hoặc công cụ thông thường không có causal chain nâng cấp độc lập.";"";"";"screened-endpoint+history"
"1053";"v16.2.5";"v16.2.15";"qa/workunits/fs/full/subvolume_snapshot_rm.sh";"";"A";"A";"86";"0";"FALSE";"0";"100755";"0";"f6d0add9fda40e8b7b49d38637d5be9be7811b05";"11";"11-cephfs-mds";"P2";"test/QA";"reference-only";"Không đọc độc lập";"";"trivial";"";"Đã đọc net diff và lịch sử; thay đổi feature, refactor, test hoặc công cụ thông thường không có causal chain nâng cấp độc lập.";"";"";"screened-endpoint+history"
"1054";"v16.2.5";"v16.2.15";"qa/workunits/fs/maxentries/maxentries.sh";"";"A";"A";"155";"0";"FALSE";"0";"100755";"0";"d48fd956e2cac8294f54d4836db7fa41575e0116";"11";"11-cephfs-mds";"P2";"test/QA";"reference-only";"Không đọc độc lập";"";"trivial";"";"Đã đọc net diff và lịch sử; thay đổi feature, refactor, test hoặc công cụ thông thường không có causal chain nâng cấp độc lập.";"";"";"screened-endpoint+history"
"1055";"v16.2.5";"v16.2.15";"qa/workunits/fs/misc/dac_override.sh";"";"A";"A";"19";"0";"FALSE";"0";"100755";"0";"dfb1a909128dae2b2fe63f1953fae7741ca5705b";"11";"11-cephfs-mds";"P2";"test/QA";"reference-only";"Không đọc độc lập";"";"trivial";"";"Đã đọc net diff và lịch sử; thay đổi feature, refactor, test hoặc công cụ thông thường không có causal chain nâng cấp độc lập.";"";"";"screened-endpoint+history"
"1056";"v16.2.5";"v16.2.15";"qa/workunits/fs/misc/subvolume.sh";"";"D";"D";"0";"63";"FALSE";"100755";"0";"75716a6cf6bbe28ddaf13c2e599d11a307f69837";"0";"11";"11-cephfs-mds";"P2";"test/QA";"reference-only";"Không đọc độc lập";"";"trivial";"";"Đã đọc net diff và lịch sử; thay đổi feature, refactor, test hoặc công cụ thông thường không có causal chain nâng cấp độc lập.";"";"";"screened-endpoint+history"
"1057";"v16.2.5";"v16.2.15";"qa/workunits/fs/snaps/snaptest-git-ceph.sh";"";"M";"M";"1";"1";"FALSE";"100755";"100755";"0d11efedb73d46ba309bbf178a9e6510db01d97e";"f7f16c166ce7062b15ae8737daae65e8b20ee9b5";"11";"11-cephfs-mds";"P2";"test/QA";"reference-only";"Không đọc độc lập";"";"trivial";"";"Đã đọc net diff và lịch sử; thay đổi feature, refactor, test hoặc công cụ thông thường không có causal chain nâng cấp độc lập.";"";"";"screened-endpoint+history"
"1059";"v16.2.5";"v16.2.15";"qa/workunits/libcephfs/test.sh";"";"M";"M";"2";"0";"FALSE";"100755";"100755";"9d3656be735c2fb2890448897694601668e5d0fd";"c53fe893c13b270ed97351f28e2e1c71a1fb7b0e";"11";"11-cephfs-mds";"P2";"test/QA";"reference-only";"Không đọc độc lập";"";"trivial";"";"Đã đọc net diff và lịch sử; thay đổi feature, refactor, test hoặc công cụ thông thường không có causal chain nâng cấp độc lập.";"";"";"screened-endpoint+history"
"1170";"v16.2.5";"v16.2.15";"src/ceph_fuse.cc";"";"M";"M";"19";"7";"FALSE";"100644";"100644";"b7f8a4d4b90197879f6972e2cf9fa32d9d7816f5";"ea941e9cc4651185d6817a5415acd4301f89185a";"11";"11-cephfs-mds";"P1";"runtime/source";"deep";"Chọn đọc sâu theo nhóm: implementation thuộc CephFS/MDS/client, session, caps, volumes và NFS.";"";"mixed";"CEPHFS-004";"File chứa hunk finding-relevant cùng thay đổi chức năng/refactor khác; tác động phụ thuộc session, failover, client hoặc workflow quản trị tương ứng.";"Client::build_client_request,CEPHFS_FEATURE_32BITS_RETRY_FWD,Client::handle_client_session,Client::flush_caps";"1c2334b778b18719fd259d44d60fc3cd8e19a2a4,798cb2c306ec648d10cf14296de28f903df27e9d,10124022411a787cda8dd183a188f09784fb7355";"endpoint+history"
"1176";"v16.2.5";"v16.2.15";"src/client/Client.cc";"";"M";"M";"893";"337";"FALSE";"100644";"100644";"7d052bad879d590ef52a64b787ee6f8a4ee15314";"d43336180e8b6d6f91e4c0fd5794ceafdabecd42";"11";"11-cephfs-mds";"P1";"runtime/source";"deep";"Chọn đọc sâu theo nhóm: implementation thuộc CephFS/MDS/client, session, caps, volumes và NFS.";"";"mixed";"CEPHFS-004";"File chứa hunk finding-relevant cùng thay đổi chức năng/refactor khác; tác động phụ thuộc session, failover, client hoặc workflow quản trị tương ứng.";"Client::build_client_request,CEPHFS_FEATURE_32BITS_RETRY_FWD,Client::handle_client_session,Client::flush_caps";"1c2334b778b18719fd259d44d60fc3cd8e19a2a4,798cb2c306ec648d10cf14296de28f903df27e9d,10124022411a787cda8dd183a188f09784fb7355";"endpoint+history"
"1177";"v16.2.5";"v16.2.15";"src/client/Client.h";"";"M";"M";"56";"16";"FALSE";"100644";"100644";"88e8f4429a6d4d6ddbe245f1e0391e2cc868bdab";"3f737c93f4524253504343979785e777ff8b5e59";"11";"11-cephfs-mds";"P1";"runtime/source";"deep";"Chọn đọc sâu theo nhóm: implementation thuộc CephFS/MDS/client, session, caps, volumes và NFS.";"";"mixed";"CEPHFS-004";"File chứa hunk finding-relevant cùng thay đổi chức năng/refactor khác; tác động phụ thuộc session, failover, client hoặc workflow quản trị tương ứng.";"Client::build_client_request,CEPHFS_FEATURE_32BITS_RETRY_FWD,Client::handle_client_session,Client::flush_caps";"1c2334b778b18719fd259d44d60fc3cd8e19a2a4,798cb2c306ec648d10cf14296de28f903df27e9d,10124022411a787cda8dd183a188f09784fb7355";"endpoint+history"
"1178";"v16.2.5";"v16.2.15";"src/client/Dentry.h";"";"M";"M";"1";"0";"FALSE";"100644";"100644";"483a31eccb324b56dd704f1931dbe1a68cea26e6";"63669609caacc75687d2321993b420ac6ff2e814";"11";"11-cephfs-mds";"P1";"runtime/source";"deep";"Chọn đọc sâu theo nhóm: implementation thuộc CephFS/MDS/client, session, caps, volumes và NFS.";"";"mixed";"CEPHFS-004";"File chứa hunk finding-relevant cùng thay đổi chức năng/refactor khác; tác động phụ thuộc session, failover, client hoặc workflow quản trị tương ứng.";"Client::build_client_request,CEPHFS_FEATURE_32BITS_RETRY_FWD,Client::handle_client_session,Client::flush_caps";"1c2334b778b18719fd259d44d60fc3cd8e19a2a4,798cb2c306ec648d10cf14296de28f903df27e9d,10124022411a787cda8dd183a188f09784fb7355";"endpoint+history"
"1179";"v16.2.5";"v16.2.15";"src/client/Inode.cc";"";"M";"M";"17";"2";"FALSE";"100644";"100644";"efeedb1ef358b4d915b64611e8a1f8ed704cedd3";"dd2a711f7496f901097d33e61c0ad78471710a67";"11";"11-cephfs-mds";"P1";"runtime/source";"deep";"Chọn đọc sâu theo nhóm: implementation thuộc CephFS/MDS/client, session, caps, volumes và NFS.";"";"mixed";"CEPHFS-004";"File chứa hunk finding-relevant cùng thay đổi chức năng/refactor khác; tác động phụ thuộc session, failover, client hoặc workflow quản trị tương ứng.";"Client::build_client_request,CEPHFS_FEATURE_32BITS_RETRY_FWD,Client::handle_client_session,Client::flush_caps";"1c2334b778b18719fd259d44d60fc3cd8e19a2a4,798cb2c306ec648d10cf14296de28f903df27e9d,10124022411a787cda8dd183a188f09784fb7355";"endpoint+history"
"1180";"v16.2.5";"v16.2.15";"src/client/Inode.h";"";"M";"M";"1";"1";"FALSE";"100644";"100644";"86c08871ac4ce9febe05e0e2eb3c990e9ca52440";"1cb6285ba47364cde6bfef333098308d17fbb091";"11";"11-cephfs-mds";"P1";"runtime/source";"deep";"Chọn đọc sâu theo nhóm: implementation thuộc CephFS/MDS/client, session, caps, volumes và NFS.";"";"mixed";"CEPHFS-004";"File chứa hunk finding-relevant cùng thay đổi chức năng/refactor khác; tác động phụ thuộc session, failover, client hoặc workflow quản trị tương ứng.";"Client::build_client_request,CEPHFS_FEATURE_32BITS_RETRY_FWD,Client::handle_client_session,Client::flush_caps";"1c2334b778b18719fd259d44d60fc3cd8e19a2a4,798cb2c306ec648d10cf14296de28f903df27e9d,10124022411a787cda8dd183a188f09784fb7355";"endpoint+history"
"1181";"v16.2.5";"v16.2.15";"src/client/MetaRequest.cc";"";"M";"M";"2";"2";"FALSE";"100644";"100644";"2450a1f681c9caf02429ece635d2f3c6c085ce77";"3994424e79360800a24badf79f322cb88d691d22";"11";"11-cephfs-mds";"P1";"runtime/source";"deep";"Chọn đọc sâu theo nhóm: implementation thuộc CephFS/MDS/client, session, caps, volumes và NFS.";"";"mixed";"CEPHFS-004";"File chứa hunk finding-relevant cùng thay đổi chức năng/refactor khác; tác động phụ thuộc session, failover, client hoặc workflow quản trị tương ứng.";"Client::build_client_request,CEPHFS_FEATURE_32BITS_RETRY_FWD,Client::handle_client_session,Client::flush_caps";"1c2334b778b18719fd259d44d60fc3cd8e19a2a4,798cb2c306ec648d10cf14296de28f903df27e9d,10124022411a787cda8dd183a188f09784fb7355";"endpoint+history"
"1182";"v16.2.5";"v16.2.15";"src/client/MetaRequest.h";"";"M";"M";"42";"8";"FALSE";"100644";"100644";"db134a705832c9de039eedf53e9b5eb5e862d691";"c770a78394a19cb864aac589a337052336e17ae2";"11";"11-cephfs-mds";"P1";"runtime/source";"deep";"Chọn đọc sâu theo nhóm: implementation thuộc CephFS/MDS/client, session, caps, volumes và NFS.";"";"mixed";"CEPHFS-004";"File chứa hunk finding-relevant cùng thay đổi chức năng/refactor khác; tác động phụ thuộc session, failover, client hoặc workflow quản trị tương ứng.";"Client::build_client_request,CEPHFS_FEATURE_32BITS_RETRY_FWD,Client::handle_client_session,Client::flush_caps";"1c2334b778b18719fd259d44d60fc3cd8e19a2a4,798cb2c306ec648d10cf14296de28f903df27e9d,10124022411a787cda8dd183a188f09784fb7355";"endpoint+history"
"1183";"v16.2.5";"v16.2.15";"src/client/MetaSession.h";"";"M";"M";"12";"0";"FALSE";"100644";"100644";"c28cd0b83b6e786725bc90d05121d57b3a443a41";"89a179981fcfdd8ea9e63b19de9efff59e2a2077";"11";"11-cephfs-mds";"P1";"runtime/source";"deep";"Chọn đọc sâu theo nhóm: implementation thuộc CephFS/MDS/client, session, caps, volumes và NFS.";"";"mixed";"CEPHFS-004";"File chứa hunk finding-relevant cùng thay đổi chức năng/refactor khác; tác động phụ thuộc session, failover, client hoặc workflow quản trị tương ứng.";"Client::build_client_request,CEPHFS_FEATURE_32BITS_RETRY_FWD,Client::handle_client_session,Client::flush_caps";"1c2334b778b18719fd259d44d60fc3cd8e19a2a4,798cb2c306ec648d10cf14296de28f903df27e9d,10124022411a787cda8dd183a188f09784fb7355";"endpoint+history"
"1184";"v16.2.5";"v16.2.15";"src/client/fuse_ll.cc";"";"M";"M";"212";"67";"FALSE";"100644";"100644";"d49c1fbeb848b06d4a6f236707f400253f7a8791";"fd9d1f55bf821bcd669c6d1b77fcf4a8f44e076e";"11";"11-cephfs-mds";"P1";"runtime/source";"deep";"Chọn đọc sâu theo nhóm: implementation thuộc CephFS/MDS/client, session, caps, volumes và NFS.";"";"mixed";"CEPHFS-004";"File chứa hunk finding-relevant cùng thay đổi chức năng/refactor khác; tác động phụ thuộc session, failover, client hoặc workflow quản trị tương ứng.";"Client::build_client_request,CEPHFS_FEATURE_32BITS_RETRY_FWD,Client::handle_client_session,Client::flush_caps";"1c2334b778b18719fd259d44d60fc3cd8e19a2a4,798cb2c306ec648d10cf14296de28f903df27e9d,10124022411a787cda8dd183a188f09784fb7355";"endpoint+history"
"1185";"v16.2.5";"v16.2.15";"src/client/hypertable/CephBroker.cc";"";"M";"M";"1";"1";"FALSE";"100644";"100644";"d3f283a0b070b0613c5c32c8ee4666e82fba8e6f";"596e722871f1bb761287db401993f16022ef5064";"11";"11-cephfs-mds";"P1";"runtime/source";"deep";"Chọn đọc sâu theo nhóm: implementation thuộc CephFS/MDS/client, session, caps, volumes và NFS.";"";"trivial";"";"Đã đọc net diff và lịch sử; thay đổi feature, refactor, test hoặc công cụ thông thường không có causal chain nâng cấp độc lập.";"";"";"screened-endpoint+history"
"1186";"v16.2.5";"v16.2.15";"src/cls/cephfs/cls_cephfs.h";"";"M";"M";"4";"1";"FALSE";"100644";"100644";"37d656f113a3d45b7d8feb68d5fe4b0ff5a281e8";"8a595ae1f117876aa04742d624cda7ae22cee7bb";"11";"11-cephfs-mds";"P1";"runtime/source";"deep";"Chọn đọc sâu theo nhóm: implementation thuộc CephFS/MDS/client, session, caps, volumes và NFS.";"";"trivial";"";"Đã đọc net diff và lịch sử; thay đổi feature, refactor, test hoặc công cụ thông thường không có causal chain nâng cấp độc lập.";"";"";"screened-endpoint+history"
"1187";"v16.2.5";"v16.2.15";"src/cls/cephfs/cls_cephfs_client.cc";"";"M";"M";"30";"5";"FALSE";"100644";"100644";"d776443fe996205b4a7dd6eea2c7a5d86a1214da";"4859194b5df0d1dc5155c4c8335c5740eb4e6547";"11";"11-cephfs-mds";"P1";"runtime/source";"deep";"Chọn đọc sâu theo nhóm: implementation thuộc CephFS/MDS/client, session, caps, volumes và NFS.";"";"trivial";"";"Đã đọc net diff và lịch sử; thay đổi feature, refactor, test hoặc công cụ thông thường không có causal chain nâng cấp độc lập.";"";"";"screened-endpoint+history"
"1188";"v16.2.5";"v16.2.15";"src/cls/cephfs/cls_cephfs_client.h";"";"M";"M";"1";"0";"FALSE";"100644";"100644";"e2b23b4a6f97e321a41e50ecd25832185c53095d";"7925780a849d03438d040a3bef0ab69b4b137e93";"11";"11-cephfs-mds";"P1";"runtime/source";"deep";"Chọn đọc sâu theo nhóm: implementation thuộc CephFS/MDS/client, session, caps, volumes và NFS.";"";"trivial";"";"Đã đọc net diff và lịch sử; thay đổi feature, refactor, test hoặc công cụ thông thường không có causal chain nâng cấp độc lập.";"";"";"screened-endpoint+history"
"1248";"v16.2.5";"v16.2.15";"src/include/cephfs/ceph_ll_client.h";"";"M";"M";"20";"3";"FALSE";"100644";"100644";"78731db218d6823fa001aeb5bb201f28050f675c";"eecc72dbfcabf91dbd0a4dca89359eb327f346cb";"11";"11-cephfs-mds";"P1";"runtime/source";"deep";"Chọn đọc sâu theo nhóm: implementation thuộc CephFS/MDS/client, session, caps, volumes và NFS.";"";"mixed";"CEPHFS-004";"File chứa hunk finding-relevant cùng thay đổi chức năng/refactor khác; tác động phụ thuộc session, failover, client hoặc workflow quản trị tương ứng.";"Client::build_client_request,CEPHFS_FEATURE_32BITS_RETRY_FWD,Client::handle_client_session,Client::flush_caps";"1c2334b778b18719fd259d44d60fc3cd8e19a2a4,798cb2c306ec648d10cf14296de28f903df27e9d,10124022411a787cda8dd183a188f09784fb7355";"endpoint+history"
"1249";"v16.2.5";"v16.2.15";"src/include/cephfs/libcephfs.h";"";"M";"M";"18";"13";"FALSE";"100644";"100644";"4e20549dc385f95890ddfa7f33a763f02f2450af";"45a110338b33e79150e297b79e3b4d854768f9b6";"11";"11-cephfs-mds";"P1";"runtime/source";"deep";"Chọn đọc sâu theo nhóm: implementation thuộc CephFS/MDS/client, session, caps, volumes và NFS.";"";"mixed";"CEPHFS-004";"File chứa hunk finding-relevant cùng thay đổi chức năng/refactor khác; tác động phụ thuộc session, failover, client hoặc workflow quản trị tương ứng.";"Client::build_client_request,CEPHFS_FEATURE_32BITS_RETRY_FWD,Client::handle_client_session,Client::flush_caps";"1c2334b778b18719fd259d44d60fc3cd8e19a2a4,798cb2c306ec648d10cf14296de28f903df27e9d,10124022411a787cda8dd183a188f09784fb7355";"endpoint+history"
"1250";"v16.2.5";"v16.2.15";"src/include/cephfs/metrics/Types.h";"";"M";"M";"247";"68";"FALSE";"100644";"100644";"0c12de7c3b199747f14d4b46719e763fcf33fab9";"a81a69537f6e66d91ec4155b88a45ec0c881ceb4";"11";"11-cephfs-mds";"P1";"runtime/source";"deep";"Chọn đọc sâu theo nhóm: implementation thuộc CephFS/MDS/client, session, caps, volumes và NFS.";"";"trivial";"";"Đã đọc net diff và lịch sử; thay đổi feature, refactor, test hoặc công cụ thông thường không có causal chain nâng cấp độc lập.";"";"";"screened-endpoint+history"
"1265";"v16.2.5";"v16.2.15";"src/journal/JournalMetadata.h";"";"M";"M";"1";"2";"FALSE";"100644";"100644";"1b6911daecbad689f9126649b9d0e7e07e50f12d";"071456f56ecc02a4b64d4e129eb378785c11f1fa";"11";"11-cephfs-mds";"P1";"runtime/source";"deep";"Chọn đọc sâu theo nhóm: implementation thuộc CephFS/MDS/client, session, caps, volumes và NFS.";"";"mixed";"CEPHFS-003";"File chứa hunk finding-relevant cùng thay đổi chức năng/refactor khác; tác động phụ thuộc session, failover, client hoặc workflow quản trị tương ứng.";"MDLog::_recovery_thread,Journaler::check_isreadable,SessionMap::replay,Server::replay_request";"5987e4d994101f1ff6a9573d2673a6d68ec97497,261c5de3a1fab444275712d5c220621ccf76bade,0117f97e365e3e143a0831209efb23b1e229a9b1";"endpoint+history"
"1266";"v16.2.5";"v16.2.15";"src/journal/JournalPlayer.h";"";"M";"M";"1";"2";"FALSE";"100644";"100644";"f2ab14d7b43c87805e2abccc34b49794de60dd14";"a71117a836a19e3d79ac4cdf9e4b11da88646447";"11";"11-cephfs-mds";"P1";"runtime/source";"deep";"Chọn đọc sâu theo nhóm: implementation thuộc CephFS/MDS/client, session, caps, volumes và NFS.";"";"mixed";"CEPHFS-003";"File chứa hunk finding-relevant cùng thay đổi chức năng/refactor khác; tác động phụ thuộc session, failover, client hoặc workflow quản trị tương ứng.";"MDLog::_recovery_thread,Journaler::check_isreadable,SessionMap::replay,Server::replay_request";"5987e4d994101f1ff6a9573d2673a6d68ec97497,261c5de3a1fab444275712d5c220621ccf76bade,0117f97e365e3e143a0831209efb23b1e229a9b1";"endpoint+history"
"1267";"v16.2.5";"v16.2.15";"src/journal/JournalRecorder.h";"";"M";"M";"1";"2";"FALSE";"100644";"100644";"680dbcdfead58a2fb4017ad01325bbe80eed2878";"9d8ea6c10f3d924a73dc78a72b6d7b82ace440b7";"11";"11-cephfs-mds";"P1";"runtime/source";"deep";"Chọn đọc sâu theo nhóm: implementation thuộc CephFS/MDS/client, session, caps, volumes và NFS.";"";"mixed";"CEPHFS-003";"File chứa hunk finding-relevant cùng thay đổi chức năng/refactor khác; tác động phụ thuộc session, failover, client hoặc workflow quản trị tương ứng.";"MDLog::_recovery_thread,Journaler::check_isreadable,SessionMap::replay,Server::replay_request";"5987e4d994101f1ff6a9573d2673a6d68ec97497,261c5de3a1fab444275712d5c220621ccf76bade,0117f97e365e3e143a0831209efb23b1e229a9b1";"endpoint+history"
"1268";"v16.2.5";"v16.2.15";"src/journal/Journaler.h";"";"M";"M";"1";"1";"FALSE";"100644";"100644";"fe44401848aca931297f2561cf292221cc43105b";"f42513c5d67fe5fe40e0214e17f5c2e41d438500";"11";"11-cephfs-mds";"P1";"runtime/source";"deep";"Chọn đọc sâu theo nhóm: implementation thuộc CephFS/MDS/client, session, caps, volumes và NFS.";"";"mixed";"CEPHFS-003";"File chứa hunk finding-relevant cùng thay đổi chức năng/refactor khác; tác động phụ thuộc session, failover, client hoặc workflow quản trị tương ứng.";"MDLog::_recovery_thread,Journaler::check_isreadable,SessionMap::replay,Server::replay_request";"5987e4d994101f1ff6a9573d2673a6d68ec97497,261c5de3a1fab444275712d5c220621ccf76bade,0117f97e365e3e143a0831209efb23b1e229a9b1";"endpoint+history"
"1269";"v16.2.5";"v16.2.15";"src/journal/ObjectPlayer.h";"";"M";"M";"1";"2";"FALSE";"100644";"100644";"41641dd150ac90ca3d2be7b65d8792b98815ab4a";"b9446252a2744e40feae44ea80bf88c028c07586";"11";"11-cephfs-mds";"P1";"runtime/source";"deep";"Chọn đọc sâu theo nhóm: implementation thuộc CephFS/MDS/client, session, caps, volumes và NFS.";"";"mixed";"CEPHFS-003";"File chứa hunk finding-relevant cùng thay đổi chức năng/refactor khác; tác động phụ thuộc session, failover, client hoặc workflow quản trị tương ứng.";"MDLog::_recovery_thread,Journaler::check_isreadable,SessionMap::replay,Server::replay_request";"5987e4d994101f1ff6a9573d2673a6d68ec97497,261c5de3a1fab444275712d5c220621ccf76bade,0117f97e365e3e143a0831209efb23b1e229a9b1";"endpoint+history"
"1270";"v16.2.5";"v16.2.15";"src/journal/ObjectRecorder.h";"";"M";"M";"1";"2";"FALSE";"100644";"100644";"7281879fcf722027fae6857cd7e805de482e74ce";"5c5f88c86db96f130ccb979620c587310adb5c62";"11";"11-cephfs-mds";"P1";"runtime/source";"deep";"Chọn đọc sâu theo nhóm: implementation thuộc CephFS/MDS/client, session, caps, volumes và NFS.";"";"mixed";"CEPHFS-003";"File chứa hunk finding-relevant cùng thay đổi chức năng/refactor khác; tác động phụ thuộc session, failover, client hoặc workflow quản trị tương ứng.";"MDLog::_recovery_thread,Journaler::check_isreadable,SessionMap::replay,Server::replay_request";"5987e4d994101f1ff6a9573d2673a6d68ec97497,261c5de3a1fab444275712d5c220621ccf76bade,0117f97e365e3e143a0831209efb23b1e229a9b1";"endpoint+history"
"1393";"v16.2.5";"v16.2.15";"src/mds/Beacon.cc";"";"M";"M";"31";"4";"FALSE";"100644";"100644";"89654759187ace4338b4bfafc7a428a37e38eab9";"ffd3056b697cf1c8c544433c320ca345ce0c88d4";"11";"11-cephfs-mds";"P1";"runtime/source";"deep";"Chọn đọc sâu theo nhóm: implementation thuộc CephFS/MDS/client, session, caps, volumes và NFS.";"";"mixed";"CEPHFS-002";"File chứa hunk finding-relevant cùng thay đổi chức năng/refactor khác; tác động phụ thuộc session, failover, client hoặc workflow quản trị tương ứng.";"FSMap::is_upgradeable,FSMap::promote,MDSMap::get_compat_set,allow_standby_replay";"0c3026b3f65dd1c28a60df0a05bff42f6a96267b,a84a3b5a61ade029568a4165aa7fa40c8b1c38aa,aea19718eb2111fa2f5abec20367b38b1f41e2d4";"endpoint+history"
"1394";"v16.2.5";"v16.2.15";"src/mds/CDentry.cc";"";"M";"M";"62";"0";"FALSE";"100644";"100644";"7d8170f73167ab12c299e9ffa496b7bdcf1d9f55";"6f57afc79919e20ed8866bf3af83bd1adf8ab8b6";"11";"11-cephfs-mds";"P1";"runtime/source";"deep";"Chọn đọc sâu theo nhóm: implementation thuộc CephFS/MDS/client, session, caps, volumes và NFS.";"";"trivial";"";"Đã đọc net diff và lịch sử; thay đổi feature, refactor, test hoặc công cụ thông thường không có causal chain nâng cấp độc lập.";"";"";"screened-endpoint+history"
"1395";"v16.2.5";"v16.2.15";"src/mds/CDentry.h";"";"M";"M";"7";"0";"FALSE";"100644";"100644";"dff250bcac332f2309492a4fae84f43c36dac842";"3312c051b0a30967c503a56e855014ccfcf46e8e";"11";"11-cephfs-mds";"P1";"runtime/source";"deep";"Chọn đọc sâu theo nhóm: implementation thuộc CephFS/MDS/client, session, caps, volumes và NFS.";"";"trivial";"";"Đã đọc net diff và lịch sử; thay đổi feature, refactor, test hoặc công cụ thông thường không có causal chain nâng cấp độc lập.";"";"";"screened-endpoint+history"
"1396";"v16.2.5";"v16.2.15";"src/mds/CDir.cc";"";"M";"M";"94";"59";"FALSE";"100644";"100644";"ef3e6a0d0c27f395ecd6c9f752ab389de917130d";"718b5aaece6daa7a85583a74fd0f62574cea31ae";"11";"11-cephfs-mds";"P1";"runtime/source";"deep";"Chọn đọc sâu theo nhóm: implementation thuộc CephFS/MDS/client, session, caps, volumes và NFS.";"";"trivial";"";"Đã đọc net diff và lịch sử; thay đổi feature, refactor, test hoặc công cụ thông thường không có causal chain nâng cấp độc lập.";"";"";"screened-endpoint+history"
"1397";"v16.2.5";"v16.2.15";"src/mds/CDir.h";"";"M";"M";"7";"7";"FALSE";"100644";"100644";"a6793e6a8377dc67bd8f97200b75612dd0fd5064";"7817ea398302fe20069ebe95b3e8daf7e9272a86";"11";"11-cephfs-mds";"P1";"runtime/source";"deep";"Chọn đọc sâu theo nhóm: implementation thuộc CephFS/MDS/client, session, caps, volumes và NFS.";"";"trivial";"";"Đã đọc net diff và lịch sử; thay đổi feature, refactor, test hoặc công cụ thông thường không có causal chain nâng cấp độc lập.";"";"";"screened-endpoint+history"
"1398";"v16.2.5";"v16.2.15";"src/mds/CInode.cc";"";"M";"M";"17";"4";"FALSE";"100644";"100644";"4e47fdf7869aa26dd91f1dee0febbb9226b29f9b";"05066dd711973b0f538a2c025b036e820aef14c9";"11";"11-cephfs-mds";"P1";"runtime/source";"deep";"Chọn đọc sâu theo nhóm: implementation thuộc CephFS/MDS/client, session, caps, volumes và NFS.";"";"trivial";"";"Đã đọc net diff và lịch sử; thay đổi feature, refactor, test hoặc công cụ thông thường không có causal chain nâng cấp độc lập.";"";"";"screened-endpoint+history"
"1399";"v16.2.5";"v16.2.15";"src/mds/CInode.h";"";"M";"M";"1";"0";"FALSE";"100644";"100644";"fcf215c709bb25ca66866fcd43b97523d7f66fe3";"0487d4a0762638c9f7f8e0b15271ab607018c94f";"11";"11-cephfs-mds";"P1";"runtime/source";"deep";"Chọn đọc sâu theo nhóm: implementation thuộc CephFS/MDS/client, session, caps, volumes và NFS.";"";"trivial";"";"Đã đọc net diff và lịch sử; thay đổi feature, refactor, test hoặc công cụ thông thường không có causal chain nâng cấp độc lập.";"";"";"screened-endpoint+history"
"1400";"v16.2.5";"v16.2.15";"src/mds/Capability.cc";"";"M";"M";"45";"0";"FALSE";"100644";"100644";"b6258e466df38b6013edb1950b01ffcb4a95dff2";"de2a16e1ab19870bdcb7dc9d4a94dcfae6cb4168";"11";"11-cephfs-mds";"P1";"runtime/source";"deep";"Chọn đọc sâu theo nhóm: implementation thuộc CephFS/MDS/client, session, caps, volumes và NFS.";"";"mixed";"CEPHFS-004";"File chứa hunk finding-relevant cùng thay đổi chức năng/refactor khác; tác động phụ thuộc session, failover, client hoặc workflow quản trị tương ứng.";"Client::build_client_request,CEPHFS_FEATURE_32BITS_RETRY_FWD,Client::handle_client_session,Client::flush_caps";"1c2334b778b18719fd259d44d60fc3cd8e19a2a4,798cb2c306ec648d10cf14296de28f903df27e9d,10124022411a787cda8dd183a188f09784fb7355";"endpoint+history"
"1401";"v16.2.5";"v16.2.15";"src/mds/Capability.h";"";"M";"M";"1";"28";"FALSE";"100644";"100644";"f7119f002e1381698343a029c2a8ede2b6b4cf7d";"3fd6d2ce6d4f0d5924d839099098bd618da68dab";"11";"11-cephfs-mds";"P1";"runtime/source";"deep";"Chọn đọc sâu theo nhóm: implementation thuộc CephFS/MDS/client, session, caps, volumes và NFS.";"";"mixed";"CEPHFS-004";"File chứa hunk finding-relevant cùng thay đổi chức năng/refactor khác; tác động phụ thuộc session, failover, client hoặc workflow quản trị tương ứng.";"Client::build_client_request,CEPHFS_FEATURE_32BITS_RETRY_FWD,Client::handle_client_session,Client::flush_caps";"1c2334b778b18719fd259d44d60fc3cd8e19a2a4,798cb2c306ec648d10cf14296de28f903df27e9d,10124022411a787cda8dd183a188f09784fb7355";"endpoint+history"
"1402";"v16.2.5";"v16.2.15";"src/mds/DamageTable.cc";"";"M";"M";"8";"10";"FALSE";"100644";"100644";"150ad5764825712d592e0ac98220d121dfa57a0e";"22802079d85d4879b64bfdf71d3cbc4167b9cf69";"11";"11-cephfs-mds";"P1";"runtime/source";"deep";"Chọn đọc sâu theo nhóm: implementation thuộc CephFS/MDS/client, session, caps, volumes và NFS.";"";"trivial";"";"Đã đọc net diff và lịch sử; thay đổi feature, refactor, test hoặc công cụ thông thường không có causal chain nâng cấp độc lập.";"";"";"screened-endpoint+history"
"1403";"v16.2.5";"v16.2.15";"src/mds/FSMap.cc";"";"M";"M";"89";"52";"FALSE";"100644";"100644";"2a3c674e92465e50833f5b2eae8780879525ea46";"d16ffd3f03f49b8cfcdeae61970a43b26c136a8c";"11";"11-cephfs-mds";"P1";"runtime/source";"deep";"Chọn đọc sâu theo nhóm: implementation thuộc CephFS/MDS/client, session, caps, volumes và NFS.";"";"mixed";"CEPHFS-002";"File chứa hunk finding-relevant cùng thay đổi chức năng/refactor khác; tác động phụ thuộc session, failover, client hoặc workflow quản trị tương ứng.";"FSMap::is_upgradeable,FSMap::promote,MDSMap::get_compat_set,allow_standby_replay";"0c3026b3f65dd1c28a60df0a05bff42f6a96267b,a84a3b5a61ade029568a4165aa7fa40c8b1c38aa,aea19718eb2111fa2f5abec20367b38b1f41e2d4";"endpoint+history"
"1404";"v16.2.5";"v16.2.15";"src/mds/FSMap.h";"";"M";"M";"54";"27";"FALSE";"100644";"100644";"8a3a6b69cb4e2c316c3aabb76a81cb00df8db07f";"f6c24e4d45eda94e4d8f15d54cbfe46250bae630";"11";"11-cephfs-mds";"P1";"runtime/source";"deep";"Chọn đọc sâu theo nhóm: implementation thuộc CephFS/MDS/client, session, caps, volumes và NFS.";"";"mixed";"CEPHFS-002";"File chứa hunk finding-relevant cùng thay đổi chức năng/refactor khác; tác động phụ thuộc session, failover, client hoặc workflow quản trị tương ứng.";"FSMap::is_upgradeable,FSMap::promote,MDSMap::get_compat_set,allow_standby_replay";"0c3026b3f65dd1c28a60df0a05bff42f6a96267b,a84a3b5a61ade029568a4165aa7fa40c8b1c38aa,aea19718eb2111fa2f5abec20367b38b1f41e2d4";"endpoint+history"
"1405";"v16.2.5";"v16.2.15";"src/mds/Locker.cc";"";"M";"M";"76";"45";"FALSE";"100644";"100644";"e6b6e41c2a7a2b9d91b2d8203c3678accee2aad0";"b40b1647d84d924178cbf777f92285da676bcc59";"11";"11-cephfs-mds";"P1";"runtime/source";"deep";"Chọn đọc sâu theo nhóm: implementation thuộc CephFS/MDS/client, session, caps, volumes và NFS.";"";"mixed";"CEPHFS-004";"File chứa hunk finding-relevant cùng thay đổi chức năng/refactor khác; tác động phụ thuộc session, failover, client hoặc workflow quản trị tương ứng.";"Client::build_client_request,CEPHFS_FEATURE_32BITS_RETRY_FWD,Client::handle_client_session,Client::flush_caps";"1c2334b778b18719fd259d44d60fc3cd8e19a2a4,798cb2c306ec648d10cf14296de28f903df27e9d,10124022411a787cda8dd183a188f09784fb7355";"endpoint+history"
"1406";"v16.2.5";"v16.2.15";"src/mds/Locker.h";"";"M";"M";"4";"2";"FALSE";"100644";"100644";"9cc0b80ef7b132ed062b380fbb7c8bc424f958e7";"3aff8db0bf17b9045380a3d0fef6c500da78f031";"11";"11-cephfs-mds";"P1";"runtime/source";"deep";"Chọn đọc sâu theo nhóm: implementation thuộc CephFS/MDS/client, session, caps, volumes và NFS.";"";"mixed";"CEPHFS-004";"File chứa hunk finding-relevant cùng thay đổi chức năng/refactor khác; tác động phụ thuộc session, failover, client hoặc workflow quản trị tương ứng.";"Client::build_client_request,CEPHFS_FEATURE_32BITS_RETRY_FWD,Client::handle_client_session,Client::flush_caps";"1c2334b778b18719fd259d44d60fc3cd8e19a2a4,798cb2c306ec648d10cf14296de28f903df27e9d,10124022411a787cda8dd183a188f09784fb7355";"endpoint+history"
"1407";"v16.2.5";"v16.2.15";"src/mds/MDBalancer.cc";"";"M";"M";"14";"1";"FALSE";"100644";"100644";"90e67127cb05338aa53b14ae038e8d8534df4a22";"383884c2ce47fd4f615c19c6ce0a69644335e92b";"11";"11-cephfs-mds";"P1";"runtime/source";"deep";"Chọn đọc sâu theo nhóm: implementation thuộc CephFS/MDS/client, session, caps, volumes và NFS.";"";"trivial";"";"Đã đọc net diff và lịch sử; thay đổi feature, refactor, test hoặc công cụ thông thường không có causal chain nâng cấp độc lập.";"";"";"screened-endpoint+history"
"1408";"v16.2.5";"v16.2.15";"src/mds/MDBalancer.h";"";"M";"M";"2";"0";"FALSE";"100644";"100644";"d8834fce43c91a2ad86d2289099e6e3499d5ba3b";"d9172e565e1084542e299085a32047202d2fed4b";"11";"11-cephfs-mds";"P1";"runtime/source";"deep";"Chọn đọc sâu theo nhóm: implementation thuộc CephFS/MDS/client, session, caps, volumes và NFS.";"";"trivial";"";"Đã đọc net diff và lịch sử; thay đổi feature, refactor, test hoặc công cụ thông thường không có causal chain nâng cấp độc lập.";"";"";"screened-endpoint+history"
"1409";"v16.2.5";"v16.2.15";"src/mds/MDCache.cc";"";"M";"M";"128";"69";"FALSE";"100644";"100644";"b368dff83ebe0057c45dd8180808b7d7329d45ae";"4da1fc8f0b38ff4b755576e5e28581da503b72ad";"11";"11-cephfs-mds";"P1";"runtime/source";"deep";"Chọn đọc sâu theo nhóm: implementation thuộc CephFS/MDS/client, session, caps, volumes và NFS.";"";"trivial";"";"Đã đọc net diff và lịch sử; thay đổi feature, refactor, test hoặc công cụ thông thường không có causal chain nâng cấp độc lập.";"";"";"screened-endpoint+history"
"1410";"v16.2.5";"v16.2.15";"src/mds/MDCache.h";"";"M";"M";"26";"2";"FALSE";"100644";"100644";"1805c54e39602045b32e4872cd47a06cbbfa544b";"9bfab20e8b722415535b1bce609467d836ef161d";"11";"11-cephfs-mds";"P1";"runtime/source";"deep";"Chọn đọc sâu theo nhóm: implementation thuộc CephFS/MDS/client, session, caps, volumes và NFS.";"";"trivial";"";"Đã đọc net diff và lịch sử; thay đổi feature, refactor, test hoặc công cụ thông thường không có causal chain nâng cấp độc lập.";"";"";"screened-endpoint+history"
"1411";"v16.2.5";"v16.2.15";"src/mds/MDLog.cc";"";"M";"M";"46";"47";"FALSE";"100644";"100644";"1be70934fd2405ac89511463cb89e83390598310";"25413ee5bbec4677a6b5f7135d158230afbdade6";"11";"11-cephfs-mds";"P1";"runtime/source";"deep";"Chọn đọc sâu theo nhóm: implementation thuộc CephFS/MDS/client, session, caps, volumes và NFS.";"";"mixed";"CEPHFS-003";"File chứa hunk finding-relevant cùng thay đổi chức năng/refactor khác; tác động phụ thuộc session, failover, client hoặc workflow quản trị tương ứng.";"MDLog::_recovery_thread,Journaler::check_isreadable,SessionMap::replay,Server::replay_request";"5987e4d994101f1ff6a9573d2673a6d68ec97497,261c5de3a1fab444275712d5c220621ccf76bade,0117f97e365e3e143a0831209efb23b1e229a9b1";"endpoint+history"
"1412";"v16.2.5";"v16.2.15";"src/mds/MDLog.h";"";"M";"M";"7";"4";"FALSE";"100644";"100644";"bb91c39e2cd717919b3d35b43a74b654058ac06d";"dcc6e3f1b41d93024a0b57aaf7de5baec86a6641";"11";"11-cephfs-mds";"P1";"runtime/source";"deep";"Chọn đọc sâu theo nhóm: implementation thuộc CephFS/MDS/client, session, caps, volumes và NFS.";"";"mixed";"CEPHFS-003";"File chứa hunk finding-relevant cùng thay đổi chức năng/refactor khác; tác động phụ thuộc session, failover, client hoặc workflow quản trị tương ứng.";"MDLog::_recovery_thread,Journaler::check_isreadable,SessionMap::replay,Server::replay_request";"5987e4d994101f1ff6a9573d2673a6d68ec97497,261c5de3a1fab444275712d5c220621ccf76bade,0117f97e365e3e143a0831209efb23b1e229a9b1";"endpoint+history"
"1413";"v16.2.5";"v16.2.15";"src/mds/MDSAuthCaps.cc";"";"M";"M";"8";"10";"FALSE";"100644";"100644";"b78ebd6615b792f8ec9be0d99893e7d10f03df3c";"d6bc6abe429bd98ed74196ebf64f7f7b66d23418";"11";"11-cephfs-mds";"P1";"runtime/source";"deep";"Chọn đọc sâu theo nhóm: implementation thuộc CephFS/MDS/client, session, caps, volumes và NFS.";"";"trivial";"";"Đã đọc net diff và lịch sử; thay đổi feature, refactor, test hoặc công cụ thông thường không có causal chain nâng cấp độc lập.";"";"";"screened-endpoint+history"
"1414";"v16.2.5";"v16.2.15";"src/mds/MDSAuthCaps.h";"";"M";"M";"2";"4";"FALSE";"100644";"100644";"395c921fd5fe25f1dc0ab33afc51067d747892a2";"5fcbb1f2fbbf0d12cc6cd328b9d4e8f091a5b2dc";"11";"11-cephfs-mds";"P1";"runtime/source";"deep";"Chọn đọc sâu theo nhóm: implementation thuộc CephFS/MDS/client, session, caps, volumes và NFS.";"";"trivial";"";"Đã đọc net diff và lịch sử; thay đổi feature, refactor, test hoặc công cụ thông thường không có causal chain nâng cấp độc lập.";"";"";"screened-endpoint+history"
"1415";"v16.2.5";"v16.2.15";"src/mds/MDSContext.cc";"";"M";"M";"1";"0";"FALSE";"100644";"100644";"fcf6f764fe4c1cf2538a9f89b547f475eca953d6";"210c836b1fca821d1ae972b7b6650983341e665e";"11";"11-cephfs-mds";"P1";"runtime/source";"deep";"Chọn đọc sâu theo nhóm: implementation thuộc CephFS/MDS/client, session, caps, volumes và NFS.";"";"trivial";"";"Đã đọc net diff và lịch sử; thay đổi feature, refactor, test hoặc công cụ thông thường không có causal chain nâng cấp độc lập.";"";"";"screened-endpoint+history"
"1416";"v16.2.5";"v16.2.15";"src/mds/MDSDaemon.cc";"";"M";"M";"8";"4";"FALSE";"100644";"100644";"8b653c063f5dabce03a84cc6556328ed65358a5f";"198c5f16452123e6a9e847a134af478aff5438b2";"11";"11-cephfs-mds";"P1";"runtime/source";"deep";"Chọn đọc sâu theo nhóm: implementation thuộc CephFS/MDS/client, session, caps, volumes và NFS.";"";"trivial";"";"Đã đọc net diff và lịch sử; thay đổi feature, refactor, test hoặc công cụ thông thường không có causal chain nâng cấp độc lập.";"";"";"screened-endpoint+history"
"1417";"v16.2.5";"v16.2.15";"src/mds/MDSDaemon.h";"";"M";"M";"4";"3";"FALSE";"100644";"100644";"d92658934bd85227c525a75dafcd8d25f5871dca";"35a9330f1b59145b39176139d8325568502e56cf";"11";"11-cephfs-mds";"P1";"runtime/source";"deep";"Chọn đọc sâu theo nhóm: implementation thuộc CephFS/MDS/client, session, caps, volumes và NFS.";"";"trivial";"";"Đã đọc net diff và lịch sử; thay đổi feature, refactor, test hoặc công cụ thông thường không có causal chain nâng cấp độc lập.";"";"";"screened-endpoint+history"
"1418";"v16.2.5";"v16.2.15";"src/mds/MDSMap.cc";"";"M";"M";"85";"23";"FALSE";"100644";"100644";"d372786eed97bab64b624069a233ad64e4992554";"f611d86a5ba640544d6c89f79d69a8ee6b7dfbc5";"11";"11-cephfs-mds";"P1";"runtime/source";"deep";"Chọn đọc sâu theo nhóm: implementation thuộc CephFS/MDS/client, session, caps, volumes và NFS.";"";"mixed";"CEPHFS-002";"File chứa hunk finding-relevant cùng thay đổi chức năng/refactor khác; tác động phụ thuộc session, failover, client hoặc workflow quản trị tương ứng.";"FSMap::is_upgradeable,FSMap::promote,MDSMap::get_compat_set,allow_standby_replay";"0c3026b3f65dd1c28a60df0a05bff42f6a96267b,a84a3b5a61ade029568a4165aa7fa40c8b1c38aa,aea19718eb2111fa2f5abec20367b38b1f41e2d4";"endpoint+history"
"1419";"v16.2.5";"v16.2.15";"src/mds/MDSMap.h";"";"M";"M";"35";"20";"FALSE";"100644";"100644";"fde5e2c4279da69dc600ea15dac79a942bf788ce";"3b2ad1bfd693007fb7f78d03c704617ebf24bfc8";"11";"11-cephfs-mds";"P1";"runtime/source";"deep";"Chọn đọc sâu theo nhóm: implementation thuộc CephFS/MDS/client, session, caps, volumes và NFS.";"";"mixed";"CEPHFS-002";"File chứa hunk finding-relevant cùng thay đổi chức năng/refactor khác; tác động phụ thuộc session, failover, client hoặc workflow quản trị tương ứng.";"FSMap::is_upgradeable,FSMap::promote,MDSMap::get_compat_set,allow_standby_replay";"0c3026b3f65dd1c28a60df0a05bff42f6a96267b,a84a3b5a61ade029568a4165aa7fa40c8b1c38aa,aea19718eb2111fa2f5abec20367b38b1f41e2d4";"endpoint+history"
"1420";"v16.2.5";"v16.2.15";"src/mds/MDSMetaRequest.h";"";"A";"A";"33";"0";"FALSE";"0";"100644";"0";"ad4720410686943fa882608c7eadc2335fd85c0d";"11";"11-cephfs-mds";"P1";"runtime/source";"deep";"Chọn đọc sâu theo nhóm: implementation thuộc CephFS/MDS/client, session, caps, volumes và NFS.";"";"trivial";"";"Đã đọc net diff và lịch sử; thay đổi feature, refactor, test hoặc công cụ thông thường không có causal chain nâng cấp độc lập.";"";"";"screened-endpoint+history"
"1421";"v16.2.5";"v16.2.15";"src/mds/MDSPerfMetricTypes.h";"";"M";"M";"107";"11";"FALSE";"100644";"100644";"de69a4277b4aa958f40239df893f6444f1f12c24";"78b838c892d92f4166528cf73fe6149b374782c5";"11";"11-cephfs-mds";"P1";"runtime/source";"deep";"Chọn đọc sâu theo nhóm: implementation thuộc CephFS/MDS/client, session, caps, volumes và NFS.";"";"trivial";"";"Đã đọc net diff và lịch sử; thay đổi feature, refactor, test hoặc công cụ thông thường không có causal chain nâng cấp độc lập.";"";"";"screened-endpoint+history"
"1422";"v16.2.5";"v16.2.15";"src/mds/MDSRank.cc";"";"M";"M";"138";"30";"FALSE";"100644";"100644";"f085e266979c0ed25abce20050606fa9a4e3bdf4";"4f2e13b90be7ff09dd5a65c872c54ac72c88b507";"11";"11-cephfs-mds";"P1";"runtime/source";"deep";"Chọn đọc sâu theo nhóm: implementation thuộc CephFS/MDS/client, session, caps, volumes và NFS.";"";"mixed";"CEPHFS-001,CEPHFS-003";"File chứa hunk finding-relevant cùng thay đổi chức năng/refactor khác; tác động phụ thuộc session, failover, client hoặc workflow quản trị tương ứng.";"SessionMap::validate_and_encode_session,SessionMap::save_if_dirty,mds_session_metadata_threshold,mdthresh_evicted,MDLog::_recovery_thread,Journaler::check_isreadable,SessionMap::replay,Server::replay_request";"45a9bfd3055343ba6cad4d296e664d166b4e1a92,f5b106c2c86c8238fdc2fb61de6b466878072eda,5987e4d994101f1ff6a9573d2673a6d68ec97497,261c5de3a1fab444275712d5c220621ccf76bade,0117f97e365e3e143a0831209efb23b1e229a9b1";"endpoint+history"
"1423";"v16.2.5";"v16.2.15";"src/mds/MDSRank.h";"";"M";"M";"41";"12";"FALSE";"100644";"100644";"7ec785c14ffccddaed7c1e7a0a974408d0ca6e4b";"31effdaae3bd68c74485afe45dc21aef9f7a8542";"11";"11-cephfs-mds";"P1";"runtime/source";"deep";"Chọn đọc sâu theo nhóm: implementation thuộc CephFS/MDS/client, session, caps, volumes và NFS.";"";"trivial";"";"Đã đọc net diff và lịch sử; thay đổi feature, refactor, test hoặc công cụ thông thường không có causal chain nâng cấp độc lập.";"";"";"screened-endpoint+history"
"1424";"v16.2.5";"v16.2.15";"src/mds/MDSTableClient.h";"";"M";"M";"4";"0";"FALSE";"100644";"100644";"2952ec4069d20d72c285926d5796e04e553315bb";"0bc88aaf29fed5d2ccc476a0211b088c9f795de1";"11";"11-cephfs-mds";"P1";"runtime/source";"deep";"Chọn đọc sâu theo nhóm: implementation thuộc CephFS/MDS/client, session, caps, volumes và NFS.";"";"trivial";"";"Đã đọc net diff và lịch sử; thay đổi feature, refactor, test hoặc công cụ thông thường không có causal chain nâng cấp độc lập.";"";"";"screened-endpoint+history"
"1425";"v16.2.5";"v16.2.15";"src/mds/Mantle.cc";"";"M";"M";"5";"0";"FALSE";"100644";"100644";"653d47d6665edcac205a162ff1ca973938f2d2ea";"e9033bbd94c1478ce7eb4eae82ab20c36e242632";"11";"11-cephfs-mds";"P1";"runtime/source";"deep";"Chọn đọc sâu theo nhóm: implementation thuộc CephFS/MDS/client, session, caps, volumes và NFS.";"";"trivial";"";"Đã đọc net diff và lịch sử; thay đổi feature, refactor, test hoặc công cụ thông thường không có causal chain nâng cấp độc lập.";"";"";"screened-endpoint+history"
"1426";"v16.2.5";"v16.2.15";"src/mds/MetricAggregator.cc";"";"M";"M";"48";"0";"FALSE";"100644";"100644";"8d98db5fd49d09586ff06d1bf730c851bdc14e96";"6487084fb639cde750ce7e22e643056bf630ebd1";"11";"11-cephfs-mds";"P1";"runtime/source";"deep";"Chọn đọc sâu theo nhóm: implementation thuộc CephFS/MDS/client, session, caps, volumes và NFS.";"";"trivial";"";"Đã đọc net diff và lịch sử; thay đổi feature, refactor, test hoặc công cụ thông thường không có causal chain nâng cấp độc lập.";"";"";"screened-endpoint+history"
"1427";"v16.2.5";"v16.2.15";"src/mds/MetricsHandler.cc";"";"M";"M";"62";"11";"FALSE";"100644";"100644";"f003c5459576b01cefb87af3d99b0cec2cc8db57";"b28b06b7ad294cbe0225b1d47ac3ea2d47c1dad4";"11";"11-cephfs-mds";"P1";"runtime/source";"deep";"Chọn đọc sâu theo nhóm: implementation thuộc CephFS/MDS/client, session, caps, volumes và NFS.";"";"trivial";"";"Đã đọc net diff và lịch sử; thay đổi feature, refactor, test hoặc công cụ thông thường không có causal chain nâng cấp độc lập.";"";"";"screened-endpoint+history"
"1428";"v16.2.5";"v16.2.15";"src/mds/MetricsHandler.h";"";"M";"M";"2";"0";"FALSE";"100644";"100644";"65bcf488b5f064fb7c958155e43fef28700c0538";"0b75b0248607703bdb92d0e5bf17e9b352436525";"11";"11-cephfs-mds";"P1";"runtime/source";"deep";"Chọn đọc sâu theo nhóm: implementation thuộc CephFS/MDS/client, session, caps, volumes và NFS.";"";"trivial";"";"Đã đọc net diff và lịch sử; thay đổi feature, refactor, test hoặc công cụ thông thường không có causal chain nâng cấp độc lập.";"";"";"screened-endpoint+history"
"1429";"v16.2.5";"v16.2.15";"src/mds/Migrator.cc";"";"M";"M";"0";"2";"FALSE";"100644";"100644";"13bd2652aab2a947e0d1c5c00bb9095c97b0ee17";"af4ac061f691aad3b7d759a5fad43ad3e0ffab7b";"11";"11-cephfs-mds";"P1";"runtime/source";"deep";"Chọn đọc sâu theo nhóm: implementation thuộc CephFS/MDS/client, session, caps, volumes và NFS.";"";"trivial";"";"Đã đọc net diff và lịch sử; thay đổi feature, refactor, test hoặc công cụ thông thường không có causal chain nâng cấp độc lập.";"";"";"screened-endpoint+history"
"1430";"v16.2.5";"v16.2.15";"src/mds/Mutation.h";"";"M";"M";"7";"0";"FALSE";"100644";"100644";"6d4073aafb3e1e1a444116d6ba2446a18f94f6f9";"16b0700e151bad63eccd1228b38797b8ebb176cf";"11";"11-cephfs-mds";"P1";"runtime/source";"deep";"Chọn đọc sâu theo nhóm: implementation thuộc CephFS/MDS/client, session, caps, volumes và NFS.";"";"trivial";"";"Đã đọc net diff và lịch sử; thay đổi feature, refactor, test hoặc công cụ thông thường không có causal chain nâng cấp độc lập.";"";"";"screened-endpoint+history"
"1431";"v16.2.5";"v16.2.15";"src/mds/OpenFileTable.cc";"";"M";"M";"13";"5";"FALSE";"100644";"100644";"d3b0a33bbb56762f57a1dea65d5e668f761ee9d3";"687ddc3e95d47fbbdbe8723c05343cdd06f0dabf";"11";"11-cephfs-mds";"P1";"runtime/source";"deep";"Chọn đọc sâu theo nhóm: implementation thuộc CephFS/MDS/client, session, caps, volumes và NFS.";"";"trivial";"";"Đã đọc net diff và lịch sử; thay đổi feature, refactor, test hoặc công cụ thông thường không có causal chain nâng cấp độc lập.";"";"";"screened-endpoint+history"
"1432";"v16.2.5";"v16.2.15";"src/mds/OpenFileTable.h";"";"M";"M";"0";"1";"FALSE";"100644";"100644";"058055575e4854508dd20f3642cec837de78251c";"bfe7e098fed16aa0080b8c9729b55edfe581d633";"11";"11-cephfs-mds";"P1";"runtime/source";"deep";"Chọn đọc sâu theo nhóm: implementation thuộc CephFS/MDS/client, session, caps, volumes và NFS.";"";"trivial";"";"Đã đọc net diff và lịch sử; thay đổi feature, refactor, test hoặc công cụ thông thường không có causal chain nâng cấp độc lập.";"";"";"screened-endpoint+history"
"1433";"v16.2.5";"v16.2.15";"src/mds/PurgeQueue.cc";"";"M";"M";"7";"8";"FALSE";"100644";"100644";"977be2c118c51e450ce12769d691ac6f551714ce";"dfa5764c01d036b7d977ae9dbd55df8d85299090";"11";"11-cephfs-mds";"P1";"runtime/source";"deep";"Chọn đọc sâu theo nhóm: implementation thuộc CephFS/MDS/client, session, caps, volumes và NFS.";"";"trivial";"";"Đã đọc net diff và lịch sử; thay đổi feature, refactor, test hoặc công cụ thông thường không có causal chain nâng cấp độc lập.";"";"";"screened-endpoint+history"
"1434";"v16.2.5";"v16.2.15";"src/mds/ScrubHeader.h";"";"M";"M";"4";"2";"FALSE";"100644";"100644";"eb79090b0073c2f691725d5c3bd9c588b7f57a70";"a5d35f61ce4281a63a9f87c37bae20e6f255ad2a";"11";"11-cephfs-mds";"P1";"runtime/source";"deep";"Chọn đọc sâu theo nhóm: implementation thuộc CephFS/MDS/client, session, caps, volumes và NFS.";"";"trivial";"";"Đã đọc net diff và lịch sử; thay đổi feature, refactor, test hoặc công cụ thông thường không có causal chain nâng cấp độc lập.";"";"";"screened-endpoint+history"
"1435";"v16.2.5";"v16.2.15";"src/mds/ScrubStack.cc";"";"M";"M";"66";"6";"FALSE";"100644";"100644";"84441fcf6620350c1fef7329e7dd79d672ffba62";"9df6443aea0356ad2a06804164e7921d1c4d4b8d";"11";"11-cephfs-mds";"P1";"runtime/source";"deep";"Chọn đọc sâu theo nhóm: implementation thuộc CephFS/MDS/client, session, caps, volumes và NFS.";"";"trivial";"";"Đã đọc net diff và lịch sử; thay đổi feature, refactor, test hoặc công cụ thông thường không có causal chain nâng cấp độc lập.";"";"";"screened-endpoint+history"
"1436";"v16.2.5";"v16.2.15";"src/mds/ScrubStack.h";"";"M";"M";"2";"0";"FALSE";"100644";"100644";"62a4a529944d21ee8c1de0b290f8757138c07da6";"756ebd9cb0e95975be54e6996a13984a5bc715b2";"11";"11-cephfs-mds";"P1";"runtime/source";"deep";"Chọn đọc sâu theo nhóm: implementation thuộc CephFS/MDS/client, session, caps, volumes và NFS.";"";"trivial";"";"Đã đọc net diff và lịch sử; thay đổi feature, refactor, test hoặc công cụ thông thường không có causal chain nâng cấp độc lập.";"";"";"screened-endpoint+history"
"1437";"v16.2.5";"v16.2.15";"src/mds/Server.cc";"";"M";"M";"691";"159";"FALSE";"100644";"100644";"37aaef04a30ae8cff1323da8bd6298a0f088e507";"dbb0067020d4e386ed2b4495662ad689a63f2926";"11";"11-cephfs-mds";"P1";"runtime/source";"deep";"Chọn đọc sâu theo nhóm: implementation thuộc CephFS/MDS/client, session, caps, volumes và NFS.";"";"mixed";"CEPHFS-003,CEPHFS-004";"File chứa hunk finding-relevant cùng thay đổi chức năng/refactor khác; tác động phụ thuộc session, failover, client hoặc workflow quản trị tương ứng.";"MDLog::_recovery_thread,Journaler::check_isreadable,SessionMap::replay,Server::replay_request,Client::build_client_request,CEPHFS_FEATURE_32BITS_RETRY_FWD,Client::handle_client_session,Client::flush_caps";"5987e4d994101f1ff6a9573d2673a6d68ec97497,261c5de3a1fab444275712d5c220621ccf76bade,0117f97e365e3e143a0831209efb23b1e229a9b1,1c2334b778b18719fd259d44d60fc3cd8e19a2a4,798cb2c306ec648d10cf14296de28f903df27e9d,10124022411a787cda8dd183a188f09784fb7355";"endpoint+history"
"1438";"v16.2.5";"v16.2.15";"src/mds/Server.h";"";"M";"M";"56";"4";"FALSE";"100644";"100644";"7297fd56b62313a8907844df9dd39b1253ddfa54";"a3da04cae9834c59355029670efe1e44df30e9d0";"11";"11-cephfs-mds";"P1";"runtime/source";"deep";"Chọn đọc sâu theo nhóm: implementation thuộc CephFS/MDS/client, session, caps, volumes và NFS.";"";"mixed";"CEPHFS-003,CEPHFS-004";"File chứa hunk finding-relevant cùng thay đổi chức năng/refactor khác; tác động phụ thuộc session, failover, client hoặc workflow quản trị tương ứng.";"MDLog::_recovery_thread,Journaler::check_isreadable,SessionMap::replay,Server::replay_request,Client::build_client_request,CEPHFS_FEATURE_32BITS_RETRY_FWD,Client::handle_client_session,Client::flush_caps";"5987e4d994101f1ff6a9573d2673a6d68ec97497,261c5de3a1fab444275712d5c220621ccf76bade,0117f97e365e3e143a0831209efb23b1e229a9b1,1c2334b778b18719fd259d44d60fc3cd8e19a2a4,798cb2c306ec648d10cf14296de28f903df27e9d,10124022411a787cda8dd183a188f09784fb7355";"endpoint+history"
"1439";"v16.2.5";"v16.2.15";"src/mds/SessionMap.cc";"";"M";"M";"67";"15";"FALSE";"100644";"100644";"b96fc37d60784f6843ad6a5f31ce50a350d550d1";"76678c624aab1d78a2ae8faf86be7ad5c738f4d8";"11";"11-cephfs-mds";"P1";"runtime/source";"deep";"Chọn đọc sâu theo nhóm: implementation thuộc CephFS/MDS/client, session, caps, volumes và NFS.";"";"mixed";"CEPHFS-001,CEPHFS-003";"File chứa hunk finding-relevant cùng thay đổi chức năng/refactor khác; tác động phụ thuộc session, failover, client hoặc workflow quản trị tương ứng.";"SessionMap::validate_and_encode_session,SessionMap::save_if_dirty,mds_session_metadata_threshold,mdthresh_evicted,MDLog::_recovery_thread,Journaler::check_isreadable,SessionMap::replay,Server::replay_request";"45a9bfd3055343ba6cad4d296e664d166b4e1a92,f5b106c2c86c8238fdc2fb61de6b466878072eda,5987e4d994101f1ff6a9573d2673a6d68ec97497,261c5de3a1fab444275712d5c220621ccf76bade,0117f97e365e3e143a0831209efb23b1e229a9b1";"endpoint+history"
"1440";"v16.2.5";"v16.2.15";"src/mds/SessionMap.h";"";"M";"M";"12";"1";"FALSE";"100644";"100644";"e59f7f26484501083d98d76ea31e5415c75feb25";"360dd66a27bb5c24dc3696822d01381450cbf1c8";"11";"11-cephfs-mds";"P1";"runtime/source";"deep";"Chọn đọc sâu theo nhóm: implementation thuộc CephFS/MDS/client, session, caps, volumes và NFS.";"";"mixed";"CEPHFS-001,CEPHFS-003";"File chứa hunk finding-relevant cùng thay đổi chức năng/refactor khác; tác động phụ thuộc session, failover, client hoặc workflow quản trị tương ứng.";"SessionMap::validate_and_encode_session,SessionMap::save_if_dirty,mds_session_metadata_threshold,mdthresh_evicted,MDLog::_recovery_thread,Journaler::check_isreadable,SessionMap::replay,Server::replay_request";"45a9bfd3055343ba6cad4d296e664d166b4e1a92,f5b106c2c86c8238fdc2fb61de6b466878072eda,5987e4d994101f1ff6a9573d2673a6d68ec97497,261c5de3a1fab444275712d5c220621ccf76bade,0117f97e365e3e143a0831209efb23b1e229a9b1";"endpoint+history"
"1441";"v16.2.5";"v16.2.15";"src/mds/SimpleLock.h";"";"M";"M";"4";"2";"FALSE";"100644";"100644";"5c625b6af06f2819b80bbd2df7984f038f1c3d34";"2a7a5fc806e7476f294cf1b6fb1caa929e605ceb";"11";"11-cephfs-mds";"P1";"runtime/source";"deep";"Chọn đọc sâu theo nhóm: implementation thuộc CephFS/MDS/client, session, caps, volumes và NFS.";"";"trivial";"";"Đã đọc net diff và lịch sử; thay đổi feature, refactor, test hoặc công cụ thông thường không có causal chain nâng cấp độc lập.";"";"";"screened-endpoint+history"
"1442";"v16.2.5";"v16.2.15";"src/mds/SnapClient.h";"";"M";"M";"1";"0";"FALSE";"100644";"100644";"e259f7924932d0beab636dd75e4b6f4ced5287a6";"b3d5ca3cb86b47f47f1d7626759c9f6de099ef78";"11";"11-cephfs-mds";"P1";"runtime/source";"deep";"Chọn đọc sâu theo nhóm: implementation thuộc CephFS/MDS/client, session, caps, volumes và NFS.";"";"trivial";"";"Đã đọc net diff và lịch sử; thay đổi feature, refactor, test hoặc công cụ thông thường không có causal chain nâng cấp độc lập.";"";"";"screened-endpoint+history"
"1443";"v16.2.5";"v16.2.15";"src/mds/SnapRealm.cc";"";"M";"M";"3";"1";"FALSE";"100644";"100644";"09ddd9181edb65ebea9d8ac18e4d6571d7f0c376";"a93da3e98b778529ba3acd382150edfd8095582e";"11";"11-cephfs-mds";"P1";"runtime/source";"deep";"Chọn đọc sâu theo nhóm: implementation thuộc CephFS/MDS/client, session, caps, volumes và NFS.";"";"trivial";"";"Đã đọc net diff và lịch sử; thay đổi feature, refactor, test hoặc công cụ thông thường không có causal chain nâng cấp độc lập.";"";"";"screened-endpoint+history"
"1444";"v16.2.5";"v16.2.15";"src/mds/StrayManager.cc";"";"M";"M";"33";"5";"FALSE";"100644";"100644";"9bf1a83d3a6e6d025f7f42d500201db4ddf4237f";"98764e243bd5d53d8ddd5d901db87d2d91ed3113";"11";"11-cephfs-mds";"P1";"runtime/source";"deep";"Chọn đọc sâu theo nhóm: implementation thuộc CephFS/MDS/client, session, caps, volumes và NFS.";"";"trivial";"";"Đã đọc net diff và lịch sử; thay đổi feature, refactor, test hoặc công cụ thông thường không có causal chain nâng cấp độc lập.";"";"";"screened-endpoint+history"
"1445";"v16.2.5";"v16.2.15";"src/mds/StrayManager.h";"";"M";"M";"16";"1";"FALSE";"100644";"100644";"86b6941a513138918e86a389a366405233ef1d7f";"874fbbb9a8dcd449375780ac5bbc4d2fddf7a3b4";"11";"11-cephfs-mds";"P1";"runtime/source";"deep";"Chọn đọc sâu theo nhóm: implementation thuộc CephFS/MDS/client, session, caps, volumes và NFS.";"";"trivial";"";"Đã đọc net diff và lịch sử; thay đổi feature, refactor, test hoặc công cụ thông thường không có causal chain nâng cấp độc lập.";"";"";"screened-endpoint+history"
"1446";"v16.2.5";"v16.2.15";"src/mds/cephfs_features.cc";"";"M";"M";"3";"0";"FALSE";"100644";"100644";"deec59a286045f0bd8f2a7cffff11aadc6f83a42";"e1e108325eb0fd7160055272b3609ce8e1653d3e";"11";"11-cephfs-mds";"P1";"runtime/source";"deep";"Chọn đọc sâu theo nhóm: implementation thuộc CephFS/MDS/client, session, caps, volumes và NFS.";"";"mixed";"CEPHFS-004";"File chứa hunk finding-relevant cùng thay đổi chức năng/refactor khác; tác động phụ thuộc session, failover, client hoặc workflow quản trị tương ứng.";"Client::build_client_request,CEPHFS_FEATURE_32BITS_RETRY_FWD,Client::handle_client_session,Client::flush_caps";"1c2334b778b18719fd259d44d60fc3cd8e19a2a4,798cb2c306ec648d10cf14296de28f903df27e9d,10124022411a787cda8dd183a188f09784fb7355";"endpoint+history"
"1447";"v16.2.5";"v16.2.15";"src/mds/cephfs_features.h";"";"M";"M";"28";"14";"FALSE";"100644";"100644";"3ab0f5344bd0778f3379a52acc08e1ddb126fd13";"d2553101eb9baf977b66c95f3aba243d452c1893";"11";"11-cephfs-mds";"P1";"runtime/source";"deep";"Chọn đọc sâu theo nhóm: implementation thuộc CephFS/MDS/client, session, caps, volumes và NFS.";"";"mixed";"CEPHFS-004";"File chứa hunk finding-relevant cùng thay đổi chức năng/refactor khác; tác động phụ thuộc session, failover, client hoặc workflow quản trị tương ứng.";"Client::build_client_request,CEPHFS_FEATURE_32BITS_RETRY_FWD,Client::handle_client_session,Client::flush_caps";"1c2334b778b18719fd259d44d60fc3cd8e19a2a4,798cb2c306ec648d10cf14296de28f903df27e9d,10124022411a787cda8dd183a188f09784fb7355";"endpoint+history"
"1448";"v16.2.5";"v16.2.15";"src/mds/events/EMetaBlob.h";"";"M";"M";"8";"5";"FALSE";"100644";"100644";"d555627a3c638419a672263337683b30e4844407";"357dab970579d91b03334ade15e2a080bd6ec502";"11";"11-cephfs-mds";"P1";"runtime/source";"deep";"Chọn đọc sâu theo nhóm: implementation thuộc CephFS/MDS/client, session, caps, volumes và NFS.";"";"trivial";"";"Đã đọc net diff và lịch sử; thay đổi feature, refactor, test hoặc công cụ thông thường không có causal chain nâng cấp độc lập.";"";"";"screened-endpoint+history"
"1449";"v16.2.5";"v16.2.15";"src/mds/journal.cc";"";"M";"M";"63";"38";"FALSE";"100644";"100644";"ae64a4232a4940ca29fbd5646a9acb4b34b95570";"d769dd0ca1a549eba10089cb40ae025b8c25065b";"11";"11-cephfs-mds";"P1";"runtime/source";"deep";"Chọn đọc sâu theo nhóm: implementation thuộc CephFS/MDS/client, session, caps, volumes và NFS.";"";"mixed";"CEPHFS-003";"File chứa hunk finding-relevant cùng thay đổi chức năng/refactor khác; tác động phụ thuộc session, failover, client hoặc workflow quản trị tương ứng.";"MDLog::_recovery_thread,Journaler::check_isreadable,SessionMap::replay,Server::replay_request";"5987e4d994101f1ff6a9573d2673a6d68ec97497,261c5de3a1fab444275712d5c220621ccf76bade,0117f97e365e3e143a0831209efb23b1e229a9b1";"endpoint+history"
"1450";"v16.2.5";"v16.2.15";"src/mds/locks.c";"";"M";"M";"1";"1";"FALSE";"100644";"100644";"dbe3ab8eb00abf9843c8038ab8f66494c621901d";"f6ff8b9824a187143d7c50120fd6d578eeb7807e";"11";"11-cephfs-mds";"P1";"runtime/source";"deep";"Chọn đọc sâu theo nhóm: implementation thuộc CephFS/MDS/client, session, caps, volumes và NFS.";"";"trivial";"";"Đã đọc net diff và lịch sử; thay đổi feature, refactor, test hoặc công cụ thông thường không có causal chain nâng cấp độc lập.";"";"";"screened-endpoint+history"
"1451";"v16.2.5";"v16.2.15";"src/mds/mdstypes.cc";"";"M";"M";"9";"4";"FALSE";"100644";"100644";"9d46c8d867924da8688659441b196794473eda1c";"1588c1acf9eddcfd95346161f1742d8284b40653";"11";"11-cephfs-mds";"P1";"runtime/source";"deep";"Chọn đọc sâu theo nhóm: implementation thuộc CephFS/MDS/client, session, caps, volumes và NFS.";"";"trivial";"";"Đã đọc net diff và lịch sử; thay đổi feature, refactor, test hoặc công cụ thông thường không có causal chain nâng cấp độc lập.";"";"";"screened-endpoint+history"
"1525";"v16.2.5";"v16.2.15";"src/mount.fuse.ceph";"";"M";"M";"5";"2";"FALSE";"100755";"100755";"c61625a8c2f58bd2b02b8347ba17552f2eac2486";"c18ff335118e1243e0530dd2fb2b11ebc09ee95b";"11";"11-cephfs-mds";"P1";"runtime/source";"deep";"Chọn đọc sâu theo nhóm: implementation thuộc CephFS/MDS/client, session, caps, volumes và NFS.";"";"trivial";"";"Đã đọc net diff và lịch sử; thay đổi feature, refactor, test hoặc công cụ thông thường không có causal chain nâng cấp độc lập.";"";"";"screened-endpoint+history"
"1626";"v16.2.5";"v16.2.15";"src/pybind/cephfs/cephfs.pyx";"";"M";"M";"19";"11";"FALSE";"100644";"100644";"493b3a2c77636807881fd9f4cc9ff278d014b8af";"9e183dc2caece533611d5f61223ccf140583aea4";"11";"11-cephfs-mds";"P1";"runtime/source";"deep";"Chọn đọc sâu theo nhóm: implementation thuộc CephFS/MDS/client, session, caps, volumes và NFS.";"";"trivial";"";"Đã đọc net diff và lịch sử; thay đổi feature, refactor, test hoặc công cụ thông thường không có causal chain nâng cấp độc lập.";"";"";"screened-endpoint+history"
"2174";"v16.2.5";"v16.2.15";"src/pybind/mgr/nfs/__init__.py";"";"M";"M";"6";"0";"FALSE";"100644";"100644";"8f210ac9247ea49624b20582ca8206e56055fbcd";"4e22577887e8b1ac39fbdc082f37153609ebaccd";"11";"11-cephfs-mds";"P1";"runtime/source";"deep";"Chọn đọc sâu theo nhóm: implementation thuộc CephFS/MDS/client, session, caps, volumes và NFS.";"";"mixed";"CEPHFS-007";"File chứa hunk finding-relevant cùng thay đổi chức năng/refactor khác; tác động phụ thuộc session, failover, client hoặc workflow quản trị tương ứng.";"NFSRados,ExportMgr.create_export,ExportMgr.apply_export,cephfs_path_is_dir";"5253e1b7fb899b50911f4d1578768323629e5d34,62869f4c0972f366b1d7c70729459d6e7738142c,e80b0b8e11e6be9ba125e796c4dde1b011374796";"endpoint+history"
"2175";"v16.2.5";"v16.2.15";"src/pybind/mgr/nfs/cluster.py";"";"M";"M";"103";"95";"FALSE";"100644";"100644";"556bdd8c7b853017ee35a2298927e52f15bb5695";"1d80544113243a58b6a721c9c7fbec764eda14b1";"11";"11-cephfs-mds";"P1";"runtime/source";"deep";"Chọn đọc sâu theo nhóm: implementation thuộc CephFS/MDS/client, session, caps, volumes và NFS.";"";"mixed";"CEPHFS-007";"File chứa hunk finding-relevant cùng thay đổi chức năng/refactor khác; tác động phụ thuộc session, failover, client hoặc workflow quản trị tương ứng.";"NFSRados,ExportMgr.create_export,ExportMgr.apply_export,cephfs_path_is_dir";"5253e1b7fb899b50911f4d1578768323629e5d34,62869f4c0972f366b1d7c70729459d6e7738142c,e80b0b8e11e6be9ba125e796c4dde1b011374796";"endpoint+history"
"2176";"v16.2.5";"v16.2.15";"src/pybind/mgr/nfs/exception.py";"";"M";"M";"9";"8";"FALSE";"100644";"100644";"00a9ebe154cb4483790aba9cbc286a10f0c4bca7";"6c6e3d9f35468578993fe119d439e8cb5df7ae0a";"11";"11-cephfs-mds";"P1";"runtime/source";"deep";"Chọn đọc sâu theo nhóm: implementation thuộc CephFS/MDS/client, session, caps, volumes và NFS.";"";"mixed";"CEPHFS-007";"File chứa hunk finding-relevant cùng thay đổi chức năng/refactor khác; tác động phụ thuộc session, failover, client hoặc workflow quản trị tương ứng.";"NFSRados,ExportMgr.create_export,ExportMgr.apply_export,cephfs_path_is_dir";"5253e1b7fb899b50911f4d1578768323629e5d34,62869f4c0972f366b1d7c70729459d6e7738142c,e80b0b8e11e6be9ba125e796c4dde1b011374796";"endpoint+history"
"2177";"v16.2.5";"v16.2.15";"src/pybind/mgr/nfs/export.py";"";"M";"M";"657";"316";"FALSE";"100644";"100644";"d7f4f7b29f023178e377bfc2c86f78875274f7f0";"6296acdd14f3e6baea7bfc3c394d40dd2f2a1d52";"11";"11-cephfs-mds";"P1";"runtime/source";"deep";"Chọn đọc sâu theo nhóm: implementation thuộc CephFS/MDS/client, session, caps, volumes và NFS.";"";"mixed";"CEPHFS-007";"File chứa hunk finding-relevant cùng thay đổi chức năng/refactor khác; tác động phụ thuộc session, failover, client hoặc workflow quản trị tương ứng.";"NFSRados,ExportMgr.create_export,ExportMgr.apply_export,cephfs_path_is_dir";"5253e1b7fb899b50911f4d1578768323629e5d34,62869f4c0972f366b1d7c70729459d6e7738142c,e80b0b8e11e6be9ba125e796c4dde1b011374796";"endpoint+history"
"2178";"v16.2.5";"v16.2.15";"src/pybind/mgr/nfs/export_utils.py";"";"M";"M";"342";"126";"FALSE";"100644";"100644";"2cfe00f8220b221602158a96220af5d7eddc113a";"a2e6ee97f4dd205116d79d2aac388a6a5bd0e3c9";"11";"11-cephfs-mds";"P1";"runtime/source";"deep";"Chọn đọc sâu theo nhóm: implementation thuộc CephFS/MDS/client, session, caps, volumes và NFS.";"";"mixed";"CEPHFS-007";"File chứa hunk finding-relevant cùng thay đổi chức năng/refactor khác; tác động phụ thuộc session, failover, client hoặc workflow quản trị tương ứng.";"NFSRados,ExportMgr.create_export,ExportMgr.apply_export,cephfs_path_is_dir";"5253e1b7fb899b50911f4d1578768323629e5d34,62869f4c0972f366b1d7c70729459d6e7738142c,e80b0b8e11e6be9ba125e796c4dde1b011374796";"endpoint+history"
"2179";"v16.2.5";"v16.2.15";"src/pybind/mgr/nfs/module.py";"";"M";"M";"110";"45";"FALSE";"100644";"100644";"5bd1e9260e88140a7123dbe5199b1c827513efe4";"340792e81b33b228a0dbecd600e9fc279b065c5e";"11";"11-cephfs-mds";"P1";"runtime/source";"deep";"Chọn đọc sâu theo nhóm: implementation thuộc CephFS/MDS/client, session, caps, volumes và NFS.";"";"mixed";"CEPHFS-007";"File chứa hunk finding-relevant cùng thay đổi chức năng/refactor khác; tác động phụ thuộc session, failover, client hoặc workflow quản trị tương ứng.";"NFSRados,ExportMgr.create_export,ExportMgr.apply_export,cephfs_path_is_dir";"5253e1b7fb899b50911f4d1578768323629e5d34,62869f4c0972f366b1d7c70729459d6e7738142c,e80b0b8e11e6be9ba125e796c4dde1b011374796";"endpoint+history"
"2180";"v16.2.5";"v16.2.15";"src/pybind/mgr/nfs/tests/__init__.py";"";"A";"A";"0";"0";"FALSE";"0";"100644";"0";"e69de29bb2d1d6434b8b29ae775ad8c2e48c5391";"11";"11-cephfs-mds";"P2";"mechanical/zero-LOC";"reference-only";"Không đọc nội dung độc lập";"";"support";"CEPHFS-007";"Test/QA hoặc tài liệu gắn trực tiếp với finding; dùng làm bằng chứng hỗ trợ, không tự tạo rủi ro production.";"NFSRados,ExportMgr.create_export,ExportMgr.apply_export,cephfs_path_is_dir";"5253e1b7fb899b50911f4d1578768323629e5d34,62869f4c0972f366b1d7c70729459d6e7738142c,e80b0b8e11e6be9ba125e796c4dde1b011374796";"history+test/docs"
"2181";"v16.2.5";"v16.2.15";"src/pybind/mgr/nfs/tests/test_nfs.py";"";"A";"A";"1147";"0";"FALSE";"0";"100644";"0";"a1caba5ea0f767269b81ca987cacefd1283167bc";"11";"11-cephfs-mds";"P2";"test/QA";"reference-only";"Không đọc độc lập";"";"support";"CEPHFS-007";"Test/QA hoặc tài liệu gắn trực tiếp với finding; dùng làm bằng chứng hỗ trợ, không tự tạo rủi ro production.";"NFSRados,ExportMgr.create_export,ExportMgr.apply_export,cephfs_path_is_dir";"5253e1b7fb899b50911f4d1578768323629e5d34,62869f4c0972f366b1d7c70729459d6e7738142c,e80b0b8e11e6be9ba125e796c4dde1b011374796";"history+test/docs"
"2182";"v16.2.5";"v16.2.15";"src/pybind/mgr/nfs/utils.py";"";"M";"M";"48";"5";"FALSE";"100644";"100644";"f899e1ce91329a68f5d32e29f070d4f82356eb86";"110aa3a94ed879f1887f818dc84ca20ff170f320";"11";"11-cephfs-mds";"P1";"runtime/source";"deep";"Chọn đọc sâu theo nhóm: implementation thuộc CephFS/MDS/client, session, caps, volumes và NFS.";"";"mixed";"CEPHFS-007";"File chứa hunk finding-relevant cùng thay đổi chức năng/refactor khác; tác động phụ thuộc session, failover, client hoặc workflow quản trị tương ứng.";"NFSRados,ExportMgr.create_export,ExportMgr.apply_export,cephfs_path_is_dir";"5253e1b7fb899b50911f4d1578768323629e5d34,62869f4c0972f366b1d7c70729459d6e7738142c,e80b0b8e11e6be9ba125e796c4dde1b011374796";"endpoint+history"
"2208";"v16.2.5";"v16.2.15";"src/pybind/mgr/snap_schedule/fs/schedule.py";"";"M";"M";"17";"10";"FALSE";"100644";"100644";"233795fac835d3898e874b02677133454218a15d";"1bb1861ca676ab7c682ec5ba8d6f689622a19ffb";"11";"11-cephfs-mds";"P1";"runtime/source";"deep";"Chọn đọc sâu theo nhóm: implementation thuộc CephFS/MDS/client, session, caps, volumes và NFS.";"";"trivial";"";"Đã đọc net diff và lịch sử; thay đổi feature, refactor, test hoặc công cụ thông thường không có causal chain nâng cấp độc lập.";"";"";"screened-endpoint+history"
"2209";"v16.2.5";"v16.2.15";"src/pybind/mgr/snap_schedule/fs/schedule_client.py";"";"M";"M";"226";"103";"FALSE";"100644";"100644";"f02d94cc5b6fea97156c76f1adf5dcda0f88e390";"39bde3c1faf9889205941835bcc87eb479fc175c";"11";"11-cephfs-mds";"P1";"runtime/source";"deep";"Chọn đọc sâu theo nhóm: implementation thuộc CephFS/MDS/client, session, caps, volumes và NFS.";"";"trivial";"";"Đã đọc net diff và lịch sử; thay đổi feature, refactor, test hoặc công cụ thông thường không có causal chain nâng cấp độc lập.";"";"";"screened-endpoint+history"
"2210";"v16.2.5";"v16.2.15";"src/pybind/mgr/snap_schedule/module.py";"";"M";"M";"66";"44";"FALSE";"100644";"100644";"701c1551e4f5d24b67032ba0de4aeb7bad741eb9";"94876506e7f4f6b6ae4c5a41e8924ec39964773e";"11";"11-cephfs-mds";"P1";"runtime/source";"deep";"Chọn đọc sâu theo nhóm: implementation thuộc CephFS/MDS/client, session, caps, volumes và NFS.";"";"trivial";"";"Đã đọc net diff và lịch sử; thay đổi feature, refactor, test hoặc công cụ thông thường không có causal chain nâng cấp độc lập.";"";"";"screened-endpoint+history"
"2211";"v16.2.5";"v16.2.15";"src/pybind/mgr/snap_schedule/tests/fs/test_schedule_client.py";"";"M";"M";"18";"1";"FALSE";"100644";"100644";"4ebed8d03b8f8bc458f39db94f975b396d077164";"177e8cd9f3ba4807a31b5d47c120c9ea920d5b1b";"11";"11-cephfs-mds";"P2";"test/QA";"reference-only";"Không đọc độc lập";"";"trivial";"";"Đã đọc net diff và lịch sử; thay đổi feature, refactor, test hoặc công cụ thông thường không có causal chain nâng cấp độc lập.";"";"";"screened-endpoint+history"
"2222";"v16.2.5";"v16.2.15";"src/pybind/mgr/volumes/fs/async_cloner.py";"";"M";"M";"123";"57";"FALSE";"100644";"100644";"28c0f385d32c8051c3f9d6452683c82f340592f8";"95f7d64e1b36422995b5941032c9e4bf39656b18";"11";"11-cephfs-mds";"P1";"runtime/source";"deep";"Chọn đọc sâu theo nhóm: implementation thuộc CephFS/MDS/client, session, caps, volumes và NFS.";"";"mixed";"CEPHFS-006";"File chứa hunk finding-relevant cùng thay đổi chức năng/refactor khác; tác động phụ thuộc session, failover, client hoặc workflow quản trị tương ứng.";"Cloner,AsyncJobs,SubvolumeBase.remove,VolumeClient,open_volume_lockless";"d49120cd5a8da516a8157ff58d2627198cc045a5,ef373d8aea3133a15bb22ae62d97886b75eaca0c,3616d9284dd801838c3c38c298087155e0639739";"endpoint+history"
"2223";"v16.2.5";"v16.2.15";"src/pybind/mgr/volumes/fs/async_job.py";"";"M";"M";"9";"6";"FALSE";"100644";"100644";"6f7741fc99d8def00e7ea2cb7d03a0aa045f96f2";"0006724e0be0e83e13dd4de64944b818c24fbd81";"11";"11-cephfs-mds";"P1";"runtime/source";"deep";"Chọn đọc sâu theo nhóm: implementation thuộc CephFS/MDS/client, session, caps, volumes và NFS.";"";"mixed";"CEPHFS-006";"File chứa hunk finding-relevant cùng thay đổi chức năng/refactor khác; tác động phụ thuộc session, failover, client hoặc workflow quản trị tương ứng.";"Cloner,AsyncJobs,SubvolumeBase.remove,VolumeClient,open_volume_lockless";"d49120cd5a8da516a8157ff58d2627198cc045a5,ef373d8aea3133a15bb22ae62d97886b75eaca0c,3616d9284dd801838c3c38c298087155e0639739";"endpoint+history"
"2224";"v16.2.5";"v16.2.15";"src/pybind/mgr/volumes/fs/fs_util.py";"";"M";"M";"51";"8";"FALSE";"100644";"100644";"65d929adac314a91805708e2a02f87fbbf219da3";"96e7b9fae2ef8e8ab6f6fcd8d906e6b04c6eb5ea";"11";"11-cephfs-mds";"P1";"runtime/source";"deep";"Chọn đọc sâu theo nhóm: implementation thuộc CephFS/MDS/client, session, caps, volumes và NFS.";"";"mixed";"CEPHFS-006";"File chứa hunk finding-relevant cùng thay đổi chức năng/refactor khác; tác động phụ thuộc session, failover, client hoặc workflow quản trị tương ứng.";"Cloner,AsyncJobs,SubvolumeBase.remove,VolumeClient,open_volume_lockless";"d49120cd5a8da516a8157ff58d2627198cc045a5,ef373d8aea3133a15bb22ae62d97886b75eaca0c,3616d9284dd801838c3c38c298087155e0639739";"endpoint+history"
"2225";"v16.2.5";"v16.2.15";"src/pybind/mgr/volumes/fs/operations/group.py";"";"M";"M";"141";"30";"FALSE";"100644";"100644";"bcf1bc2fd73324ea8057dc2f51a5d9bdd61d1fc2";"c91969278022b1ddf195f97b1e3e4bd85576e601";"11";"11-cephfs-mds";"P1";"runtime/source";"deep";"Chọn đọc sâu theo nhóm: implementation thuộc CephFS/MDS/client, session, caps, volumes và NFS.";"";"mixed";"CEPHFS-006";"File chứa hunk finding-relevant cùng thay đổi chức năng/refactor khác; tác động phụ thuộc session, failover, client hoặc workflow quản trị tương ứng.";"Cloner,AsyncJobs,SubvolumeBase.remove,VolumeClient,open_volume_lockless";"d49120cd5a8da516a8157ff58d2627198cc045a5,ef373d8aea3133a15bb22ae62d97886b75eaca0c,3616d9284dd801838c3c38c298087155e0639739";"endpoint+history"
"2226";"v16.2.5";"v16.2.15";"src/pybind/mgr/volumes/fs/operations/template.py";"";"M";"M";"31";"23";"FALSE";"100644";"100644";"35c5d0c190cdc83572abce59e06ed22bc2e7dc23";"eb55bd7432519cc3f9d5e5bc3f87773bcd968ff8";"11";"11-cephfs-mds";"P1";"runtime/source";"deep";"Chọn đọc sâu theo nhóm: implementation thuộc CephFS/MDS/client, session, caps, volumes và NFS.";"";"mixed";"CEPHFS-006";"File chứa hunk finding-relevant cùng thay đổi chức năng/refactor khác; tác động phụ thuộc session, failover, client hoặc workflow quản trị tương ứng.";"Cloner,AsyncJobs,SubvolumeBase.remove,VolumeClient,open_volume_lockless";"d49120cd5a8da516a8157ff58d2627198cc045a5,ef373d8aea3133a15bb22ae62d97886b75eaca0c,3616d9284dd801838c3c38c298087155e0639739";"endpoint+history"
"2227";"v16.2.5";"v16.2.15";"src/pybind/mgr/volumes/fs/operations/versions/__init__.py";"";"M";"M";"4";"1";"FALSE";"100644";"100644";"3dcdd7c10ab1001af4929a2314bca860cd84bf31";"544afa165f975c6d77d6c7d524986d7ebc6b2227";"11";"11-cephfs-mds";"P1";"runtime/source";"deep";"Chọn đọc sâu theo nhóm: implementation thuộc CephFS/MDS/client, session, caps, volumes và NFS.";"";"mixed";"CEPHFS-006";"File chứa hunk finding-relevant cùng thay đổi chức năng/refactor khác; tác động phụ thuộc session, failover, client hoặc workflow quản trị tương ứng.";"Cloner,AsyncJobs,SubvolumeBase.remove,VolumeClient,open_volume_lockless";"d49120cd5a8da516a8157ff58d2627198cc045a5,ef373d8aea3133a15bb22ae62d97886b75eaca0c,3616d9284dd801838c3c38c298087155e0639739";"endpoint+history"
"2228";"v16.2.5";"v16.2.15";"src/pybind/mgr/volumes/fs/operations/versions/metadata_manager.py";"";"M";"M";"98";"42";"FALSE";"100644";"100644";"1b6c432783783f9b378a1b9409c51551880ec60c";"718735d91b131a323a40e0382da4396b543c52c0";"11";"11-cephfs-mds";"P1";"runtime/source";"deep";"Chọn đọc sâu theo nhóm: implementation thuộc CephFS/MDS/client, session, caps, volumes và NFS.";"";"mixed";"CEPHFS-005,CEPHFS-006";"File chứa hunk finding-relevant cùng thay đổi chức năng/refactor khác; tác động phụ thuộc session, failover, client hoặc workflow quản trị tương ứng.";"MetadataManager,SubvolumeBase.discover,SubvolumeV1.open,legacy_config_path,Cloner,AsyncJobs,SubvolumeBase.remove,VolumeClient,open_volume_lockless";"1d7e95ba3a34436ea0dee4042dc41db884a283b4,cf41172621f7462aef745ad72fb1a9b0512f11ad,d49120cd5a8da516a8157ff58d2627198cc045a5,ef373d8aea3133a15bb22ae62d97886b75eaca0c,3616d9284dd801838c3c38c298087155e0639739";"endpoint+history+advisory"
"2229";"v16.2.5";"v16.2.15";"src/pybind/mgr/volumes/fs/operations/versions/subvolume_base.py";"";"M";"M";"121";"6";"FALSE";"100644";"100644";"2840a9f2ea354553cdddffd3118bd5b2dbebbd08";"72fc45a420ae780bdf6bfa8a779d5c16f16f2c90";"11";"11-cephfs-mds";"P1";"runtime/source";"deep";"Chọn đọc sâu theo nhóm: implementation thuộc CephFS/MDS/client, session, caps, volumes và NFS.";"";"mixed";"CEPHFS-005,CEPHFS-006";"File chứa hunk finding-relevant cùng thay đổi chức năng/refactor khác; tác động phụ thuộc session, failover, client hoặc workflow quản trị tương ứng.";"MetadataManager,SubvolumeBase.discover,SubvolumeV1.open,legacy_config_path,Cloner,AsyncJobs,SubvolumeBase.remove,VolumeClient,open_volume_lockless";"1d7e95ba3a34436ea0dee4042dc41db884a283b4,cf41172621f7462aef745ad72fb1a9b0512f11ad,d49120cd5a8da516a8157ff58d2627198cc045a5,ef373d8aea3133a15bb22ae62d97886b75eaca0c,3616d9284dd801838c3c38c298087155e0639739";"endpoint+history+advisory"
"2230";"v16.2.5";"v16.2.15";"src/pybind/mgr/volumes/fs/operations/versions/subvolume_v1.py";"";"M";"M";"140";"13";"FALSE";"100644";"100644";"34f151c454ff700600902344821f3871176b82ee";"b5a10dd6c7f61b6647463fc8fd39739d6306f764";"11";"11-cephfs-mds";"P1";"runtime/source";"deep";"Chọn đọc sâu theo nhóm: implementation thuộc CephFS/MDS/client, session, caps, volumes và NFS.";"";"mixed";"CEPHFS-005,CEPHFS-006";"File chứa hunk finding-relevant cùng thay đổi chức năng/refactor khác; tác động phụ thuộc session, failover, client hoặc workflow quản trị tương ứng.";"MetadataManager,SubvolumeBase.discover,SubvolumeV1.open,legacy_config_path,Cloner,AsyncJobs,SubvolumeBase.remove,VolumeClient,open_volume_lockless";"1d7e95ba3a34436ea0dee4042dc41db884a283b4,cf41172621f7462aef745ad72fb1a9b0512f11ad,d49120cd5a8da516a8157ff58d2627198cc045a5,ef373d8aea3133a15bb22ae62d97886b75eaca0c,3616d9284dd801838c3c38c298087155e0639739";"endpoint+history+advisory"
"2231";"v16.2.5";"v16.2.15";"src/pybind/mgr/volumes/fs/operations/versions/subvolume_v2.py";"";"M";"M";"31";"7";"FALSE";"100644";"100644";"1dd6f3fe3aa82e6eb0d02ff45fd5c46d7845d368";"03085d049713f2c24d1742455c51a805b9ce69fc";"11";"11-cephfs-mds";"P1";"runtime/source";"deep";"Chọn đọc sâu theo nhóm: implementation thuộc CephFS/MDS/client, session, caps, volumes và NFS.";"";"mixed";"CEPHFS-006";"File chứa hunk finding-relevant cùng thay đổi chức năng/refactor khác; tác động phụ thuộc session, failover, client hoặc workflow quản trị tương ứng.";"Cloner,AsyncJobs,SubvolumeBase.remove,VolumeClient,open_volume_lockless";"d49120cd5a8da516a8157ff58d2627198cc045a5,ef373d8aea3133a15bb22ae62d97886b75eaca0c,3616d9284dd801838c3c38c298087155e0639739";"endpoint+history"
"2232";"v16.2.5";"v16.2.15";"src/pybind/mgr/volumes/fs/operations/volume.py";"";"M";"M";"36";"4";"FALSE";"100644";"100644";"e809f264d791930cae44e996fe8eb2304882b8b1";"c013596f10bc36b76332654740388d3531f12f33";"11";"11-cephfs-mds";"P1";"runtime/source";"deep";"Chọn đọc sâu theo nhóm: implementation thuộc CephFS/MDS/client, session, caps, volumes và NFS.";"";"mixed";"CEPHFS-006";"File chứa hunk finding-relevant cùng thay đổi chức năng/refactor khác; tác động phụ thuộc session, failover, client hoặc workflow quản trị tương ứng.";"Cloner,AsyncJobs,SubvolumeBase.remove,VolumeClient,open_volume_lockless";"d49120cd5a8da516a8157ff58d2627198cc045a5,ef373d8aea3133a15bb22ae62d97886b75eaca0c,3616d9284dd801838c3c38c298087155e0639739";"endpoint+history"
"2233";"v16.2.5";"v16.2.15";"src/pybind/mgr/volumes/fs/purge_queue.py";"";"M";"M";"14";"14";"FALSE";"100644";"100644";"7c902572e7aecbccbb97b9cd5dc006f82e080981";"d67ef9af373f6fcaaf347c4ca5695ec42e78115b";"11";"11-cephfs-mds";"P1";"runtime/source";"deep";"Chọn đọc sâu theo nhóm: implementation thuộc CephFS/MDS/client, session, caps, volumes và NFS.";"";"mixed";"CEPHFS-006";"File chứa hunk finding-relevant cùng thay đổi chức năng/refactor khác; tác động phụ thuộc session, failover, client hoặc workflow quản trị tương ứng.";"Cloner,AsyncJobs,SubvolumeBase.remove,VolumeClient,open_volume_lockless";"d49120cd5a8da516a8157ff58d2627198cc045a5,ef373d8aea3133a15bb22ae62d97886b75eaca0c,3616d9284dd801838c3c38c298087155e0639739";"endpoint+history"
"2234";"v16.2.5";"v16.2.15";"src/pybind/mgr/volumes/fs/vol_spec.py";"";"M";"M";"9";"0";"FALSE";"100644";"100644";"e18ab06906279488a7879204aa707cb89faa7753";"2a4ffd1b3aa2f4d11368a94127fb515eedf00196";"11";"11-cephfs-mds";"P1";"runtime/source";"deep";"Chọn đọc sâu theo nhóm: implementation thuộc CephFS/MDS/client, session, caps, volumes và NFS.";"";"mixed";"CEPHFS-006";"File chứa hunk finding-relevant cùng thay đổi chức năng/refactor khác; tác động phụ thuộc session, failover, client hoặc workflow quản trị tương ứng.";"Cloner,AsyncJobs,SubvolumeBase.remove,VolumeClient,open_volume_lockless";"d49120cd5a8da516a8157ff58d2627198cc045a5,ef373d8aea3133a15bb22ae62d97886b75eaca0c,3616d9284dd801838c3c38c298087155e0639739";"endpoint+history"
"2235";"v16.2.5";"v16.2.15";"src/pybind/mgr/volumes/fs/volume.py";"";"M";"M";"313";"22";"FALSE";"100644";"100644";"ececd16e39ecb7cee42b89ef2671901b6bd317f9";"b7319c75301f547721332d4d2880687f86501525";"11";"11-cephfs-mds";"P1";"runtime/source";"deep";"Chọn đọc sâu theo nhóm: implementation thuộc CephFS/MDS/client, session, caps, volumes và NFS.";"";"mixed";"CEPHFS-006";"File chứa hunk finding-relevant cùng thay đổi chức năng/refactor khác; tác động phụ thuộc session, failover, client hoặc workflow quản trị tương ứng.";"Cloner,AsyncJobs,SubvolumeBase.remove,VolumeClient,open_volume_lockless";"d49120cd5a8da516a8157ff58d2627198cc045a5,ef373d8aea3133a15bb22ae62d97886b75eaca0c,3616d9284dd801838c3c38c298087155e0639739";"endpoint+history"
"2236";"v16.2.5";"v16.2.15";"src/pybind/mgr/volumes/module.py";"";"M";"M";"223";"5";"FALSE";"100644";"100644";"6a52206951a8d376f63fb86359a2d2e04274e6b4";"1933a56c681b64c4ff38e9cb6223479d1f04fd7d";"11";"11-cephfs-mds";"P1";"runtime/source";"deep";"Chọn đọc sâu theo nhóm: implementation thuộc CephFS/MDS/client, session, caps, volumes và NFS.";"";"mixed";"CEPHFS-006";"File chứa hunk finding-relevant cùng thay đổi chức năng/refactor khác; tác động phụ thuộc session, failover, client hoặc workflow quản trị tương ứng.";"Cloner,AsyncJobs,SubvolumeBase.remove,VolumeClient,open_volume_lockless";"d49120cd5a8da516a8157ff58d2627198cc045a5,ef373d8aea3133a15bb22ae62d97886b75eaca0c,3616d9284dd801838c3c38c298087155e0639739";"endpoint+history"
"2405";"v16.2.5";"v16.2.15";"src/test/client/CMakeLists.txt";"";"M";"M";"1";"0";"FALSE";"100644";"100644";"66d403c7e9e5361bd18485cf20d004ec011a533f";"1937bdd0b55423d63adcaa39dfeea3f6e39fedbb";"11";"11-cephfs-mds";"P2";"test/QA";"reference-only";"Không đọc độc lập";"";"trivial";"";"Đã đọc net diff và lịch sử; thay đổi feature, refactor, test hoặc công cụ thông thường không có causal chain nâng cấp độc lập.";"";"";"screened-endpoint+history"
"2406";"v16.2.5";"v16.2.15";"src/test/client/TestClient.h";"";"M";"M";"68";"3";"FALSE";"100644";"100644";"e1c0199b3105b70603eb502285e000db60ece143";"bf3b274af603ebdfdd4d666f0fb7bcef155a4571";"11";"11-cephfs-mds";"P2";"test/QA";"reference-only";"Không đọc độc lập";"";"trivial";"";"Đã đọc net diff và lịch sử; thay đổi feature, refactor, test hoặc công cụ thông thường không có causal chain nâng cấp độc lập.";"";"";"screened-endpoint+history"
"2407";"v16.2.5";"v16.2.15";"src/test/client/ops.cc";"";"A";"A";"45";"0";"FALSE";"0";"100644";"0";"e6e25135e236498cb177422f38796c0dfd9fa5cd";"11";"11-cephfs-mds";"P2";"test/QA";"reference-only";"Không đọc độc lập";"";"trivial";"";"Đã đọc net diff và lịch sử; thay đổi feature, refactor, test hoặc công cụ thông thường không có causal chain nâng cấp độc lập.";"";"";"screened-endpoint+history"
"2429";"v16.2.5";"v16.2.15";"src/test/libcephfs/CMakeLists.txt";"";"M";"M";"29";"0";"FALSE";"100644";"100644";"4ede0ecaa954a6b6fe73ba7de859dba60e288de8";"01ebe4dec5321de490324b90c8ef53f2912961d2";"11";"11-cephfs-mds";"P2";"test/QA";"reference-only";"Không đọc độc lập";"";"trivial";"";"Đã đọc net diff và lịch sử; thay đổi feature, refactor, test hoặc công cụ thông thường không có causal chain nâng cấp độc lập.";"";"";"screened-endpoint+history"
"2430";"v16.2.5";"v16.2.15";"src/test/libcephfs/acl.cc";"";"M";"M";"54";"0";"FALSE";"100644";"100644";"a6c4a65963d92778645610b7d264a9bdde1885bb";"2827a9b4b788b613d69b4444cc3161cb204a1255";"11";"11-cephfs-mds";"P2";"test/QA";"reference-only";"Không đọc độc lập";"";"trivial";"";"Đã đọc net diff và lịch sử; thay đổi feature, refactor, test hoặc công cụ thông thường không có causal chain nâng cấp độc lập.";"";"";"screened-endpoint+history"
"2431";"v16.2.5";"v16.2.15";"src/test/libcephfs/multiclient.cc";"";"M";"M";"83";"1";"FALSE";"100644";"100644";"465bbd8f77246f0362d55b5a16ed8ba5b8fc37a4";"570fdb11bb83411569b9c452f42cdfd79d5c3f88";"11";"11-cephfs-mds";"P2";"test/QA";"reference-only";"Không đọc độc lập";"";"trivial";"";"Đã đọc net diff và lịch sử; thay đổi feature, refactor, test hoặc công cụ thông thường không có causal chain nâng cấp độc lập.";"";"";"screened-endpoint+history"
"2432";"v16.2.5";"v16.2.15";"src/test/libcephfs/newops.cc";"";"A";"A";"86";"0";"FALSE";"0";"100644";"0";"9897cb8c6a0b687c2151d5c731f31b6db1f65f85";"11";"11-cephfs-mds";"P2";"test/QA";"reference-only";"Không đọc độc lập";"";"trivial";"";"Đã đọc net diff và lịch sử; thay đổi feature, refactor, test hoặc công cụ thông thường không có causal chain nâng cấp độc lập.";"";"";"screened-endpoint+history"
"2433";"v16.2.5";"v16.2.15";"src/test/libcephfs/suidsgid.cc";"";"A";"A";"331";"0";"FALSE";"0";"100644";"0";"d750613ebd814626636504183928fe65c49a55d3";"11";"11-cephfs-mds";"P2";"test/QA";"reference-only";"Không đọc độc lập";"";"trivial";"";"Đã đọc net diff và lịch sử; thay đổi feature, refactor, test hoặc công cụ thông thường không có causal chain nâng cấp độc lập.";"";"";"screened-endpoint+history"
"2434";"v16.2.5";"v16.2.15";"src/test/libcephfs/test.cc";"";"M";"M";"183";"117";"FALSE";"100644";"100644";"1c28bb051b2e59ab6b0532e4ebc02ac16bb62296";"7c9943cccb4c0d9f971b22d851baea0c69ed1ea1";"11";"11-cephfs-mds";"P2";"test/QA";"reference-only";"Không đọc độc lập";"";"trivial";"";"Đã đọc net diff và lịch sử; thay đổi feature, refactor, test hoặc công cụ thông thường không có causal chain nâng cấp độc lập.";"";"";"screened-endpoint+history"
"2435";"v16.2.5";"v16.2.15";"src/test/libcephfs/vxattr.cc";"";"A";"A";"381";"0";"FALSE";"0";"100644";"0";"4a67c55d51a1e589d53320412f528188eb0f4848";"11";"11-cephfs-mds";"P2";"test/QA";"reference-only";"Không đọc độc lập";"";"trivial";"";"Đã đọc net diff và lịch sử; thay đổi feature, refactor, test hoặc công cụ thông thường không có causal chain nâng cấp độc lập.";"";"";"screened-endpoint+history"
"2493";"v16.2.5";"v16.2.15";"src/test/mds/TestMDSAuthCaps.cc";"";"M";"M";"16";"16";"FALSE";"100644";"100644";"3556a8591c1b80f84165a3fec5b0427cd30de810";"d8c5da2d7d68059cf66120bd2b0a0cbd0dd058a1";"11";"11-cephfs-mds";"P2";"test/QA";"reference-only";"Không đọc độc lập";"";"trivial";"";"Đã đọc net diff và lịch sử; thay đổi feature, refactor, test hoặc công cụ thông thường không có causal chain nâng cấp độc lập.";"";"";"screened-endpoint+history"
"2566";"v16.2.5";"v16.2.15";"src/tools/cephfs/CMakeLists.txt";"";"M";"M";"1";"6";"FALSE";"100644";"100644";"7449e3704b002f95504b0818120a59444d35723c";"5d40f8ffb17cb1bf4c5d2a9f2f52f316ed86331d";"11";"11-cephfs-mds";"P1";"build/package";"deep";"Đọc sâu khi ảnh hưởng build, package, quyền hoặc service: CephFS/MDS/client, session, caps, volumes và NFS.";"";"trivial";"";"Đã đọc net diff và lịch sử; thay đổi feature, refactor, test hoặc công cụ thông thường không có causal chain nâng cấp độc lập.";"";"";"screened-endpoint+history"
"2567";"v16.2.5";"v16.2.15";"src/tools/cephfs/DataScan.cc";"";"M";"M";"241";"61";"FALSE";"100644";"100644";"649e96b15ad3fcdacdbb2ef9371c22d71d08d66f";"35c171da075d25cee72c7365048d0dd9c342b6ad";"11";"11-cephfs-mds";"P1";"tool/script";"conditional";"Đọc theo điều kiện sử dụng";"";"trivial";"";"Đã đọc net diff và lịch sử; thay đổi feature, refactor, test hoặc công cụ thông thường không có causal chain nâng cấp độc lập.";"";"";"screened-endpoint+history"
"2568";"v16.2.5";"v16.2.15";"src/tools/cephfs/DataScan.h";"";"M";"M";"2";"0";"FALSE";"100644";"100644";"5c87fe2bdec4a89a169209ba49445f8e3964d5be";"a48b3f7dccef57bde428a64873865c163098591c";"11";"11-cephfs-mds";"P1";"tool/script";"conditional";"Đọc theo điều kiện sử dụng";"";"trivial";"";"Đã đọc net diff và lịch sử; thay đổi feature, refactor, test hoặc công cụ thông thường không có causal chain nâng cấp độc lập.";"";"";"screened-endpoint+history"
"2569";"v16.2.5";"v16.2.15";"src/tools/cephfs/JournalTool.cc";"";"M";"M";"1";"1";"FALSE";"100644";"100644";"ec98609803a46a3998f44efae380440a2f9592aa";"0836ee8b3d2c36491af18a102141f23772dc9ae4";"11";"11-cephfs-mds";"P1";"tool/script";"conditional";"Đọc theo điều kiện sử dụng";"";"trivial";"";"Đã đọc net diff và lịch sử; thay đổi feature, refactor, test hoặc công cụ thông thường không có causal chain nâng cấp độc lập.";"";"";"screened-endpoint+history"
"2570";"v16.2.5";"v16.2.15";"src/tools/cephfs/shell/CMakeLists.txt";"";"A";"A";"7";"0";"FALSE";"0";"100644";"0";"5a1f6ad8020e3e6d526c708158d638193a84974a";"11";"11-cephfs-mds";"P1";"build/package";"deep";"Đọc sâu khi ảnh hưởng build, package, quyền hoặc service: CephFS/MDS/client, session, caps, volumes và NFS.";"";"trivial";"";"Đã đọc net diff và lịch sử; thay đổi feature, refactor, test hoặc công cụ thông thường không có causal chain nâng cấp độc lập.";"";"";"screened-endpoint+history"
"2571";"v16.2.5";"v16.2.15";"src/tools/cephfs/shell/cephfs-shell";"src/tools/cephfs/cephfs-shell";"R";"R097";"35";"38";"FALSE";"100755";"100755";"4c88cb8cd71ba8cf3dfece92d6a167eeff8721a0";"51bd569e07d15ec1a31a7eee273603def99e7116";"11";"11-cephfs-mds";"P1";"tool/script";"conditional";"Đọc theo điều kiện sử dụng";"";"trivial";"";"Đã đọc net diff và lịch sử; thay đổi feature, refactor, test hoặc công cụ thông thường không có causal chain nâng cấp độc lập.";"";"";"screened-endpoint+history"
"2572";"v16.2.5";"v16.2.15";"src/tools/cephfs/shell/setup.py";"src/tools/cephfs/setup.py";"R";"R100";"0";"0";"FALSE";"100644";"100644";"8cf7f28f7d54ecc0cd9f6dc81224084862da15bf";"8cf7f28f7d54ecc0cd9f6dc81224084862da15bf";"11";"11-cephfs-mds";"P2";"mechanical/zero-LOC";"reference-only";"Không đọc nội dung độc lập";"";"trivial";"";"Đã đọc net diff và lịch sử; thay đổi feature, refactor, test hoặc công cụ thông thường không có causal chain nâng cấp độc lập.";"";"";"screened-endpoint+history"
"2573";"v16.2.5";"v16.2.15";"src/tools/cephfs/shell/tox.ini";"src/tools/cephfs/tox.ini";"R";"R100";"0";"0";"FALSE";"100644";"100644";"c1cbff051369ab76f895d9f2c01089de700f9d8b";"c1cbff051369ab76f895d9f2c01089de700f9d8b";"11";"11-cephfs-mds";"P2";"mechanical/zero-LOC";"reference-only";"Không đọc nội dung độc lập";"";"trivial";"";"Đã đọc net diff và lịch sử; thay đổi feature, refactor, test hoặc công cụ thông thường không có causal chain nâng cấp độc lập.";"";"";"screened-endpoint+history"
"2574";"v16.2.5";"v16.2.15";"src/tools/cephfs/top/CMakeLists.txt";"";"M";"M";"4";"0";"FALSE";"100644";"100644";"49750c850af046ea07380df7d44c819b29368990";"8f9df018775196040033b34a48e4425c0b97add7";"11";"11-cephfs-mds";"P1";"build/package";"deep";"Đọc sâu khi ảnh hưởng build, package, quyền hoặc service: CephFS/MDS/client, session, caps, volumes và NFS.";"";"trivial";"";"Đã đọc net diff và lịch sử; thay đổi feature, refactor, test hoặc công cụ thông thường không có causal chain nâng cấp độc lập.";"";"";"screened-endpoint+history"
"2575";"v16.2.5";"v16.2.15";"src/tools/cephfs/top/cephfs-top";"";"M";"M";"973";"189";"FALSE";"100755";"100755";"55f9e633d38fbf8edda363dd7e68d547f57d4a5f";"880ef56f521373377b65ebdab7d59d2c10975638";"11";"11-cephfs-mds";"P1";"tool/script";"conditional";"Đọc theo điều kiện sử dụng";"";"trivial";"";"Đã đọc net diff và lịch sử; thay đổi feature, refactor, test hoặc công cụ thông thường không có causal chain nâng cấp độc lập.";"";"";"screened-endpoint+history"
"2576";"v16.2.5";"v16.2.15";"src/tools/cephfs_mirror/ClusterWatcher.cc";"";"M";"M";"9";"1";"FALSE";"100644";"100644";"a5d04717a97bf5c7cf1e7c77fb99f2f45f547680";"b5f6f81d7f772eabae3297e8108e6cf869d532cc";"11";"11-cephfs-mds";"P1";"tool/script";"conditional";"Đọc theo điều kiện sử dụng";"";"conditional";"CEPHFS-008";"Runtime/tool path có hunk finding-relevant; chỉ kích hoạt khi deployment dùng feature tương ứng hoặc đi qua failure path.";"PeerReplayer::restart,Mirror::handle_replayer_status,InstanceWatcher,SnapshotReplayer";"679a2e36cb0aac737203323f0a999b6b67ec1eb1,6fc530dc42e3fed1396d8bf9979d89364e2b2b76,80f7f4e96ab06a0d0e8c1202d34cd407d0734771";"endpoint+history"
"2577";"v16.2.5";"v16.2.15";"src/tools/cephfs_mirror/ClusterWatcher.h";"";"M";"M";"1";"0";"FALSE";"100644";"100644";"e3bf6298b507cee9705e8cee5993801fbc14f898";"a418898f555ef91a5798b410598501e06c0a43ea";"11";"11-cephfs-mds";"P1";"tool/script";"conditional";"Đọc theo điều kiện sử dụng";"";"conditional";"CEPHFS-008";"Runtime/tool path có hunk finding-relevant; chỉ kích hoạt khi deployment dùng feature tương ứng hoặc đi qua failure path.";"PeerReplayer::restart,Mirror::handle_replayer_status,InstanceWatcher,SnapshotReplayer";"679a2e36cb0aac737203323f0a999b6b67ec1eb1,6fc530dc42e3fed1396d8bf9979d89364e2b2b76,80f7f4e96ab06a0d0e8c1202d34cd407d0734771";"endpoint+history"
"2578";"v16.2.5";"v16.2.15";"src/tools/cephfs_mirror/FSMirror.h";"";"M";"M";"24";"0";"FALSE";"100644";"100644";"bae5a38e1b53cb93b70d546631e2be18f34d26f8";"e469b2cc948a129bfdd624b483bc62cf686ebcbd";"11";"11-cephfs-mds";"P1";"tool/script";"conditional";"Đọc theo điều kiện sử dụng";"";"conditional";"CEPHFS-008";"Runtime/tool path có hunk finding-relevant; chỉ kích hoạt khi deployment dùng feature tương ứng hoặc đi qua failure path.";"PeerReplayer::restart,Mirror::handle_replayer_status,InstanceWatcher,SnapshotReplayer";"679a2e36cb0aac737203323f0a999b6b67ec1eb1,6fc530dc42e3fed1396d8bf9979d89364e2b2b76,80f7f4e96ab06a0d0e8c1202d34cd407d0734771";"endpoint+history"
"2579";"v16.2.5";"v16.2.15";"src/tools/cephfs_mirror/InstanceWatcher.cc";"";"M";"M";"3";"0";"FALSE";"100644";"100644";"9c357da318548138d7f80bf5323d80cd880b51fb";"9320a90454aec5a34ae5766cc2aa9859e2941da4";"11";"11-cephfs-mds";"P1";"tool/script";"conditional";"Đọc theo điều kiện sử dụng";"";"conditional";"CEPHFS-008";"Runtime/tool path có hunk finding-relevant; chỉ kích hoạt khi deployment dùng feature tương ứng hoặc đi qua failure path.";"PeerReplayer::restart,Mirror::handle_replayer_status,InstanceWatcher,SnapshotReplayer";"679a2e36cb0aac737203323f0a999b6b67ec1eb1,6fc530dc42e3fed1396d8bf9979d89364e2b2b76,80f7f4e96ab06a0d0e8c1202d34cd407d0734771";"endpoint+history"
"2580";"v16.2.5";"v16.2.15";"src/tools/cephfs_mirror/InstanceWatcher.h";"";"M";"M";"13";"0";"FALSE";"100644";"100644";"06edf5da97a27a8e559503e783e970f9a03dff71";"a27faa70465646a62adcc27d6704666be312ba99";"11";"11-cephfs-mds";"P1";"tool/script";"conditional";"Đọc theo điều kiện sử dụng";"";"conditional";"CEPHFS-008";"Runtime/tool path có hunk finding-relevant; chỉ kích hoạt khi deployment dùng feature tương ứng hoặc đi qua failure path.";"PeerReplayer::restart,Mirror::handle_replayer_status,InstanceWatcher,SnapshotReplayer";"679a2e36cb0aac737203323f0a999b6b67ec1eb1,6fc530dc42e3fed1396d8bf9979d89364e2b2b76,80f7f4e96ab06a0d0e8c1202d34cd407d0734771";"endpoint+history"
"2581";"v16.2.5";"v16.2.15";"src/tools/cephfs_mirror/Mirror.cc";"";"M";"M";"21";"32";"FALSE";"100644";"100644";"a4d7742df0f08c6ae0d4dcb3ac4ae896e07db3ad";"edf903b921fb3a8d9fb2fcccb54d78effa385bcd";"11";"11-cephfs-mds";"P1";"tool/script";"conditional";"Đọc theo điều kiện sử dụng";"";"conditional";"CEPHFS-008";"Runtime/tool path có hunk finding-relevant; chỉ kích hoạt khi deployment dùng feature tương ứng hoặc đi qua failure path.";"PeerReplayer::restart,Mirror::handle_replayer_status,InstanceWatcher,SnapshotReplayer";"679a2e36cb0aac737203323f0a999b6b67ec1eb1,6fc530dc42e3fed1396d8bf9979d89364e2b2b76,80f7f4e96ab06a0d0e8c1202d34cd407d0734771";"endpoint+history"
"2582";"v16.2.5";"v16.2.15";"src/tools/cephfs_mirror/Mirror.h";"";"M";"M";"16";"3";"FALSE";"100644";"100644";"f0ffdd51625625dfb41be76110254a5f973d2573";"2081b5b53050f0e08f098aa1cf6f18a2b4f9f191";"11";"11-cephfs-mds";"P1";"tool/script";"conditional";"Đọc theo điều kiện sử dụng";"";"conditional";"CEPHFS-008";"Runtime/tool path có hunk finding-relevant; chỉ kích hoạt khi deployment dùng feature tương ứng hoặc đi qua failure path.";"PeerReplayer::restart,Mirror::handle_replayer_status,InstanceWatcher,SnapshotReplayer";"679a2e36cb0aac737203323f0a999b6b67ec1eb1,6fc530dc42e3fed1396d8bf9979d89364e2b2b76,80f7f4e96ab06a0d0e8c1202d34cd407d0734771";"endpoint+history"
"2583";"v16.2.5";"v16.2.15";"src/tools/cephfs_mirror/MirrorWatcher.cc";"";"M";"M";"3";"0";"FALSE";"100644";"100644";"26b88d077e59809b8565eea6d29fe5f5b3906574";"b3770d103ea3ef00371ee92de5b89a09d5802796";"11";"11-cephfs-mds";"P1";"tool/script";"conditional";"Đọc theo điều kiện sử dụng";"";"conditional";"CEPHFS-008";"Runtime/tool path có hunk finding-relevant; chỉ kích hoạt khi deployment dùng feature tương ứng hoặc đi qua failure path.";"PeerReplayer::restart,Mirror::handle_replayer_status,InstanceWatcher,SnapshotReplayer";"679a2e36cb0aac737203323f0a999b6b67ec1eb1,6fc530dc42e3fed1396d8bf9979d89364e2b2b76,80f7f4e96ab06a0d0e8c1202d34cd407d0734771";"endpoint+history"
"2584";"v16.2.5";"v16.2.15";"src/tools/cephfs_mirror/MirrorWatcher.h";"";"M";"M";"13";"0";"FALSE";"100644";"100644";"c4d4f452294d8459d4c53ad7b6ed97fb8f03e732";"54e185b95b04eed14b3f0dbc2dd36a09b1c98859";"11";"11-cephfs-mds";"P1";"tool/script";"conditional";"Đọc theo điều kiện sử dụng";"";"conditional";"CEPHFS-008";"Runtime/tool path có hunk finding-relevant; chỉ kích hoạt khi deployment dùng feature tương ứng hoặc đi qua failure path.";"PeerReplayer::restart,Mirror::handle_replayer_status,InstanceWatcher,SnapshotReplayer";"679a2e36cb0aac737203323f0a999b6b67ec1eb1,6fc530dc42e3fed1396d8bf9979d89364e2b2b76,80f7f4e96ab06a0d0e8c1202d34cd407d0734771";"endpoint+history"
"2585";"v16.2.5";"v16.2.15";"src/tools/cephfs_mirror/PeerReplayer.cc";"";"M";"M";"36";"10";"FALSE";"100644";"100644";"6c2e6ee5b884ccb7092e72609cd870d3bc85e152";"6ff1c057e3c6d9aeeb5925f1ea004d218054b607";"11";"11-cephfs-mds";"P1";"tool/script";"conditional";"Đọc theo điều kiện sử dụng";"";"conditional";"CEPHFS-008";"Runtime/tool path có hunk finding-relevant; chỉ kích hoạt khi deployment dùng feature tương ứng hoặc đi qua failure path.";"PeerReplayer::restart,Mirror::handle_replayer_status,InstanceWatcher,SnapshotReplayer";"679a2e36cb0aac737203323f0a999b6b67ec1eb1,6fc530dc42e3fed1396d8bf9979d89364e2b2b76,80f7f4e96ab06a0d0e8c1202d34cd407d0734771";"endpoint+history"
"2586";"v16.2.5";"v16.2.15";"src/tools/cephfs_mirror/PeerReplayer.h";"";"M";"M";"3";"10";"FALSE";"100644";"100644";"f32064278695427b4da09f119d7f027dea6b321c";"10768f3761f35841a83808a695517e72511e1615";"11";"11-cephfs-mds";"P1";"tool/script";"conditional";"Đọc theo điều kiện sử dụng";"";"conditional";"CEPHFS-008";"Runtime/tool path có hunk finding-relevant; chỉ kích hoạt khi deployment dùng feature tương ứng hoặc đi qua failure path.";"PeerReplayer::restart,Mirror::handle_replayer_status,InstanceWatcher,SnapshotReplayer";"679a2e36cb0aac737203323f0a999b6b67ec1eb1,6fc530dc42e3fed1396d8bf9979d89364e2b2b76,80f7f4e96ab06a0d0e8c1202d34cd407d0734771";"endpoint+history"
"2587";"v16.2.5";"v16.2.15";"src/tools/cephfs_mirror/ServiceDaemon.h";"";"M";"M";"1";"2";"FALSE";"100644";"100644";"393c7d5cffd65674d06e96a0dac6a58fa23ff25d";"83eee286d41eb687706d2780b22e4eb2eaec18ca";"11";"11-cephfs-mds";"P1";"tool/script";"conditional";"Đọc theo điều kiện sử dụng";"";"conditional";"CEPHFS-008";"Runtime/tool path có hunk finding-relevant; chỉ kích hoạt khi deployment dùng feature tương ứng hoặc đi qua failure path.";"PeerReplayer::restart,Mirror::handle_replayer_status,InstanceWatcher,SnapshotReplayer";"679a2e36cb0aac737203323f0a999b6b67ec1eb1,6fc530dc42e3fed1396d8bf9979d89364e2b2b76,80f7f4e96ab06a0d0e8c1202d34cd407d0734771";"endpoint+history"
