"index";"base_tag";"target_tag";"path";"old_path";"status";"status_detail";"additions";"deletions";"binary";"old_mode";"new_mode";"old_blob";"new_blob";"group";"owner_report";"priority";"file_type";"review_mode";"analysis_decision";"diff_note";"upgrade_disposition";"finding_id";"disposition_reason";"symbols";"commit_shas";"evidence_status"
"206";"v16.2.5";"v16.2.15";"doc/radosgw/STS.rst";"";"M";"M";"26";"5";"FALSE";"100644";"100644";"d843ea5d37c1a7d9bdc5e8f69ee9b484c497c115";"1678f86d54f200437b843f954e8ba02554e127ba";"12";"12-rgw";"P2";"documentation";"reference-only";"Không phân tích code sâu";"";"support";"RGW-006";"Test/QA hoặc tài liệu gắn trực tiếp với finding; dùng làm bằng chứng hỗ trợ, không tự tạo rủi ro production.";"read_obj_policy,Policy::eval,RGWSTS,RGWRole,RGWAuthRegistry";"36d428be572ecf6fb7bc3cceb15489a1be323207,f4ab5e2e4a537cfb79ed062bb85acbb15a06111f,7df41ea66e7f5a12c2c89837dfba9359e7c42698";"history+test/docs"
"207";"v16.2.5";"v16.2.15";"doc/radosgw/STSLite.rst";"";"M";"M";"1";"1";"FALSE";"100644";"100644";"bccc1694e4767ddff197f67453349541a8c40432";"63164e48d3b7531fd061059477420029b2b236ba";"12";"12-rgw";"P2";"documentation";"reference-only";"Không phân tích code sâu";"";"support";"RGW-006";"Test/QA hoặc tài liệu gắn trực tiếp với finding; dùng làm bằng chứng hỗ trợ, không tự tạo rủi ro production.";"read_obj_policy,Policy::eval,RGWSTS,RGWRole,RGWAuthRegistry";"36d428be572ecf6fb7bc3cceb15489a1be323207,f4ab5e2e4a537cfb79ed062bb85acbb15a06111f,7df41ea66e7f5a12c2c89837dfba9359e7c42698";"history+test/docs"
"208";"v16.2.5";"v16.2.15";"doc/radosgw/config-ref.rst";"";"M";"M";"7";"0";"FALSE";"100644";"100644";"e9d419fd3c064795f080a38962b6f9694ea3e457";"1ed6085a6c76791379964ac3655c32f63a4b3ed4";"12";"12-rgw";"P2";"documentation";"reference-only";"Không phân tích code sâu";"";"trivial";"";"Đã đọc net diff và lịch sử; thay đổi feature, refactor, test hoặc công cụ thông thường không có causal chain nâng cấp độc lập.";"";"";"screened-endpoint+history"
"209";"v16.2.5";"v16.2.15";"doc/radosgw/dynamicresharding.rst";"";"M";"M";"3";"2";"FALSE";"100644";"100644";"a7698e7bbc9325d49ffe6ed3eea4e35b9eb4fc56";"277a8878edbcf8dc1affb5c64fb64eff1c75057a";"12";"12-rgw";"P2";"documentation";"reference-only";"Không phân tích code sâu";"";"support";"RGW-003,RGW-008";"Test/QA hoặc tài liệu gắn trực tiếp với finding; dùng làm bằng chứng hỗ trợ, không tự tạo rủi ro production.";"RGWRados::guard_reshard,RGWBucketReshard,cls_rgw_bucket_complete_op,complete_remove_obj,RGWBucketAdminOp::check_index,RGWBucket::check_index,RGWRados::bucket_check_index";"b11c10acc9026d92b90cfb88f6a3381274ccb9bc,315981003ed5ccf2bc567e960a4d699e956e8d6f,1e575378b00fc2c8b56b09834276e68dddbb1385,1c1569b66084754511f2933d2247d132cf6018b6,d828c761a114138914eb6e0ab6e237b6c22c8059,4817bcaf9d385cb60ef36373ac0262e466953994";"history+test/docs"
"210";"v16.2.5";"v16.2.15";"doc/radosgw/frontends.rst";"";"M";"M";"41";"0";"FALSE";"100644";"100644";"e4a013590851c06fbe815352bd7e551c42d94791";"e1aa1571a7f030cfd703160d6c3fa1d4757eb13d";"12";"12-rgw";"P2";"documentation";"reference-only";"Không phân tích code sâu";"";"support";"RGW-007";"Test/QA hoặc tài liệu gắn trực tiếp với finding; dùng làm bằng chứng hỗ trợ, không tự tạo rủi ro production.";"RGWAsioFrontend,Connection::timeout_handler,StreamIO,RGWWebsite,RGWDeleteMultiObj";"671de0a3923831224655c76bb365b56494670b55,403c285a09fe50d0bf9daad033904ee9981c95d8,584cc66ee133a2a75b5ae1b4920b680d06ce4aee";"history+test/docs"
"211";"v16.2.5";"v16.2.15";"doc/radosgw/index.rst";"";"M";"M";"11";"9";"FALSE";"100644";"100644";"e9d30a43281960ef3e493a62f1e758203414fba3";"efdb12d2827fdaa9aba29c1b47cb2579f37c42a6";"12";"12-rgw";"P2";"documentation";"reference-only";"Không phân tích code sâu";"";"support";"RGW-003,RGW-008";"Test/QA hoặc tài liệu gắn trực tiếp với finding; dùng làm bằng chứng hỗ trợ, không tự tạo rủi ro production.";"RGWRados::guard_reshard,RGWBucketReshard,cls_rgw_bucket_complete_op,complete_remove_obj,RGWBucketAdminOp::check_index,RGWBucket::check_index,RGWRados::bucket_check_index";"b11c10acc9026d92b90cfb88f6a3381274ccb9bc,315981003ed5ccf2bc567e960a4d699e956e8d6f,1e575378b00fc2c8b56b09834276e68dddbb1385,1c1569b66084754511f2933d2247d132cf6018b6,d828c761a114138914eb6e0ab6e237b6c22c8059,4817bcaf9d385cb60ef36373ac0262e466953994";"history+test/docs"
"212";"v16.2.5";"v16.2.15";"doc/radosgw/keycloak.rst";"";"M";"M";"100";"15";"FALSE";"100644";"100644";"ccb156d20da549533bcc3113a4ac4d3d7614d79b";"ec285a62f3f0c0da81225ed333b3f920cf105714";"12";"12-rgw";"P2";"documentation";"reference-only";"Không phân tích code sâu";"";"support";"RGW-006";"Test/QA hoặc tài liệu gắn trực tiếp với finding; dùng làm bằng chứng hỗ trợ, không tự tạo rủi ro production.";"read_obj_policy,Policy::eval,RGWSTS,RGWRole,RGWAuthRegistry";"36d428be572ecf6fb7bc3cceb15489a1be323207,f4ab5e2e4a537cfb79ed062bb85acbb15a06111f,7df41ea66e7f5a12c2c89837dfba9359e7c42698";"history+test/docs"
"213";"v16.2.5";"v16.2.15";"doc/radosgw/layout.rst";"";"M";"M";"1";"1";"FALSE";"100644";"100644";"6ee0bc2a8ed6c424c728866ae5e95fa57cb31d45";"37c3a72cd6e42d768ac122a31cf9275094c54d26";"12";"12-rgw";"P2";"documentation";"reference-only";"Không phân tích code sâu";"";"support";"RGW-003,RGW-008";"Test/QA hoặc tài liệu gắn trực tiếp với finding; dùng làm bằng chứng hỗ trợ, không tự tạo rủi ro production.";"RGWRados::guard_reshard,RGWBucketReshard,cls_rgw_bucket_complete_op,complete_remove_obj,RGWBucketAdminOp::check_index,RGWBucket::check_index,RGWRados::bucket_check_index";"b11c10acc9026d92b90cfb88f6a3381274ccb9bc,315981003ed5ccf2bc567e960a4d699e956e8d6f,1e575378b00fc2c8b56b09834276e68dddbb1385,1c1569b66084754511f2933d2247d132cf6018b6,d828c761a114138914eb6e0ab6e237b6c22c8059,4817bcaf9d385cb60ef36373ac0262e466953994";"history+test/docs"
"214";"v16.2.5";"v16.2.15";"doc/radosgw/multisite-sync-policy.rst";"";"M";"M";"2";"0";"FALSE";"100644";"100644";"56342473ce845a1dd6371e398ae6e2eb2cb082b0";"ba5d10ef5f53619b27372b8ba12f90e5841f59cd";"12";"12-rgw";"P2";"documentation";"reference-only";"Không phân tích code sâu";"";"support";"RGW-004";"Test/QA hoặc tài liệu gắn trực tiếp với finding; dùng làm bằng chứng hỗ trợ, không tự tạo rủi ro production.";"RGWDataSyncStatusManager,RGWMetaSyncStatusManager,RGWDataChangesLog,RGWSyncPolicyHandler";"9d7a80b5901351fe769df974f336714e62712d7b,097d574ab3e0cf288118759cb8575655452fbb94,46802213a28490d59bf6b546c0791382175d0fd9";"history+test/docs"
"215";"v16.2.5";"v16.2.15";"doc/radosgw/multisite.rst";"";"M";"M";"881";"691";"FALSE";"100644";"100644";"fc859594568f7f0acf640f24fbfe1a5c938507e5";"5421ce5438a52fb1718fd4568d48a6db73432cab";"12";"12-rgw";"P2";"documentation";"reference-only";"Không phân tích code sâu";"";"support";"RGW-004";"Test/QA hoặc tài liệu gắn trực tiếp với finding; dùng làm bằng chứng hỗ trợ, không tự tạo rủi ro production.";"RGWDataSyncStatusManager,RGWMetaSyncStatusManager,RGWDataChangesLog,RGWSyncPolicyHandler";"9d7a80b5901351fe769df974f336714e62712d7b,097d574ab3e0cf288118759cb8575655452fbb94,46802213a28490d59bf6b546c0791382175d0fd9";"history+test/docs"
"216";"v16.2.5";"v16.2.15";"doc/radosgw/nfs.rst";"";"M";"M";"20";"15";"FALSE";"100644";"100644";"853d0ec6e79877daec584c4e2288bc2082d48aeb";"0a506599ae71e41f6efcfb5375e7bac29c4eb7b7";"12";"12-rgw";"P2";"documentation";"reference-only";"Không phân tích code sâu";"";"trivial";"";"Đã đọc net diff và lịch sử; thay đổi feature, refactor, test hoặc công cụ thông thường không có causal chain nâng cấp độc lập.";"";"";"screened-endpoint+history"
"217";"v16.2.5";"v16.2.15";"doc/radosgw/notifications.rst";"";"M";"M";"213";"123";"FALSE";"100644";"100644";"d4b5069a8afba833cda48a5aa61ae9de3e52fb2a";"b011adc0107390ca1dba4fd0f3ee32fc2b919c39";"12";"12-rgw";"P2";"documentation";"reference-only";"Không phân tích code sâu";"";"support";"RGW-005";"Test/QA hoặc tài liệu gắn trực tiếp với finding; dùng làm bằng chứng hỗ trợ, không tự tạo rủi ro production.";"RGWLC::process,RGWPubSub,RGWAMQPManager,RGWGC,cls_fifo";"7abfaf086ba393959df15a684dabeddbb9ba188d,d59fe5c12d9e893179cb1c840120fbf50ca8b88d,48f34daa188beeb3293e8929d231ca0885b712dc";"history+test/docs"
"218";"v16.2.5";"v16.2.15";"doc/radosgw/placement.rst";"";"M";"M";"12";"0";"FALSE";"100644";"100644";"4931cc87d384e60d1acc69e813286a96bdbfc00b";"cf9a8b664a74e07d1df1975114b1c560b3b99051";"12";"12-rgw";"P2";"documentation";"reference-only";"Không phân tích code sâu";"";"trivial";"";"Đã đọc net diff và lịch sử; thay đổi feature, refactor, test hoặc công cụ thông thường không có causal chain nâng cấp độc lập.";"";"";"screened-endpoint+history"
"219";"v16.2.5";"v16.2.15";"doc/radosgw/pools.rst";"";"M";"M";"1";"1";"FALSE";"100644";"100644";"a9b00eac1d62edea8295b6ad660c43d3b623a177";"bb1246c1fcac922ef33133858967108686ca5159";"12";"12-rgw";"P2";"documentation";"reference-only";"Không phân tích code sâu";"";"trivial";"";"Đã đọc net diff và lịch sử; thay đổi feature, refactor, test hoặc công cụ thông thường không có causal chain nâng cấp độc lập.";"";"";"screened-endpoint+history"
"220";"v16.2.5";"v16.2.15";"doc/radosgw/role.rst";"";"M";"M";"112";"1";"FALSE";"100644";"100644";"4511e2fe13311462f662085102cffdf29c6498d3";"2e2697f57c831065dcab854f9b63bb6a342bc37a";"12";"12-rgw";"P2";"documentation";"reference-only";"Không phân tích code sâu";"";"support";"RGW-006";"Test/QA hoặc tài liệu gắn trực tiếp với finding; dùng làm bằng chứng hỗ trợ, không tự tạo rủi ro production.";"read_obj_policy,Policy::eval,RGWSTS,RGWRole,RGWAuthRegistry";"36d428be572ecf6fb7bc3cceb15489a1be323207,f4ab5e2e4a537cfb79ed062bb85acbb15a06111f,7df41ea66e7f5a12c2c89837dfba9359e7c42698";"history+test/docs"
"221";"v16.2.5";"v16.2.15";"doc/radosgw/s3-notification-compatibility.rst";"";"M";"M";"8";"0";"FALSE";"100644";"100644";"6a6538aec402419c86674a2132b9b33e77701fdc";"09054bed39245a87d20ac5eed064d1a4a05eb8ed";"12";"12-rgw";"P2";"documentation";"reference-only";"Không phân tích code sâu";"";"support";"RGW-005";"Test/QA hoặc tài liệu gắn trực tiếp với finding; dùng làm bằng chứng hỗ trợ, không tự tạo rủi ro production.";"RGWLC::process,RGWPubSub,RGWAMQPManager,RGWGC,cls_fifo";"7abfaf086ba393959df15a684dabeddbb9ba188d,d59fe5c12d9e893179cb1c840120fbf50ca8b88d,48f34daa188beeb3293e8929d231ca0885b712dc";"history+test/docs"
"222";"v16.2.5";"v16.2.15";"doc/radosgw/s3.rst";"";"M";"M";"2";"0";"FALSE";"100644";"100644";"9d23bfcb1981839d607ceec5ffdf637fd45986ef";"2eeb70ca34cd2245105caf04f2824092309a4507";"12";"12-rgw";"P2";"documentation";"reference-only";"Không phân tích code sâu";"";"support";"RGW-001,RGW-002,RGW-007";"Test/QA hoặc tài liệu gắn trực tiếp với finding; dùng làm bằng chứng hỗ trợ, không tự tạo rủi ro production.";"RGWPostObj_ObjStore_S3::get_params,RGWPolicyEnv::add_var,bucket,AtomicObjectProcessor::complete,RGWPostObj::execute,RadosWriter,MultipartObjectProcessor,RGWAsioFrontend,Connection::timeout_handler,StreamIO,RGWWebsite,RGWDeleteMultiObj";"479976538fe8f51edfea597443ba0c0209d3f39f,b1ef8f95eb533cb63695e54f11ce49d8b5e2a3cf,387cc1b14afdf0adc3fae9090e27626d7bcb102a,5a98f505fc4176f02b26673a0ab863b60c1ed92e,671de0a3923831224655c76bb365b56494670b55,403c285a09fe50d0bf9daad033904ee9981c95d8,584cc66ee133a2a75b5ae1b4920b680d06ce4aee";"history+test/docs+advisory"
"223";"v16.2.5";"v16.2.15";"doc/radosgw/s3select.rst";"";"M";"M";"46";"28";"FALSE";"100644";"100644";"faee08e265e8b9ed73146846b66b3e59dc946ec7";"83d2df47feabbcd7b7f09b5efe57d4d100acde8b";"12";"12-rgw";"P2";"documentation";"reference-only";"Không phân tích code sâu";"";"support";"RGW-001,RGW-002,RGW-007";"Test/QA hoặc tài liệu gắn trực tiếp với finding; dùng làm bằng chứng hỗ trợ, không tự tạo rủi ro production.";"RGWPostObj_ObjStore_S3::get_params,RGWPolicyEnv::add_var,bucket,AtomicObjectProcessor::complete,RGWPostObj::execute,RadosWriter,MultipartObjectProcessor,RGWAsioFrontend,Connection::timeout_handler,StreamIO,RGWWebsite,RGWDeleteMultiObj";"479976538fe8f51edfea597443ba0c0209d3f39f,b1ef8f95eb533cb63695e54f11ce49d8b5e2a3cf,387cc1b14afdf0adc3fae9090e27626d7bcb102a,5a98f505fc4176f02b26673a0ab863b60c1ed92e,671de0a3923831224655c76bb365b56494670b55,403c285a09fe50d0bf9daad033904ee9981c95d8,584cc66ee133a2a75b5ae1b4920b680d06ce4aee";"history+test/docs+advisory"
"224";"v16.2.5";"v16.2.15";"doc/radosgw/session-tags.rst";"";"A";"A";"427";"0";"FALSE";"0";"100644";"0";"bc3545966b4dc51f91f5e3e7f5bf1c1cd9da8cac";"12";"12-rgw";"P2";"documentation";"reference-only";"Không phân tích code sâu";"";"support";"RGW-006";"Test/QA hoặc tài liệu gắn trực tiếp với finding; dùng làm bằng chứng hỗ trợ, không tự tạo rủi ro production.";"read_obj_policy,Policy::eval,RGWSTS,RGWRole,RGWAuthRegistry";"36d428be572ecf6fb7bc3cceb15489a1be323207,f4ab5e2e4a537cfb79ed062bb85acbb15a06111f,7df41ea66e7f5a12c2c89837dfba9359e7c42698";"history+test/docs"
"225";"v16.2.5";"v16.2.15";"doc/radosgw/vault.rst";"";"M";"M";"13";"0";"FALSE";"100644";"100644";"840bc5a09b59aed32e671e3a1afcc3138c5ee950";"0f3cb8fd12105ff7883e3493f973a310ccb015c7";"12";"12-rgw";"P2";"documentation";"reference-only";"Không phân tích code sâu";"";"support";"RGW-006";"Test/QA hoặc tài liệu gắn trực tiếp với finding; dùng làm bằng chứng hỗ trợ, không tự tạo rủi ro production.";"read_obj_policy,Policy::eval,RGWSTS,RGWRole,RGWAuthRegistry";"36d428be572ecf6fb7bc3cceb15489a1be323207,f4ab5e2e4a537cfb79ed062bb85acbb15a06111f,7df41ea66e7f5a12c2c89837dfba9359e7c42698";"history+test/docs"
"389";"v16.2.5";"v16.2.15";"qa/rgw/ignore-pg-availability.yaml";"qa/suites/rgw/ignore-pg-availability.yaml";"R";"R059";"2";"0";"FALSE";"100644";"100644";"ad1d5d8a06368d8b12bb9892feb9af50b1099f4a";"5305d90f43f610ff4d6e521dc61b53eaf85bfdc8";"12";"12-rgw";"P2";"test/QA";"reference-only";"Không đọc độc lập";"";"trivial";"";"Đã đọc net diff và lịch sử; thay đổi feature, refactor, test hoặc công cụ thông thường không có causal chain nâng cấp độc lập.";"";"";"screened-endpoint+history"
"847";"v16.2.5";"v16.2.15";"qa/suites/rgw/crypt/2-kms/barbican.yaml";"";"M";"M";"2";"4";"FALSE";"100644";"100644";"94c43895f52adb832bba2c8b2c52b02d8ef5f7ef";"bc059c0a34da031a175546490304dcdb898f041a";"12";"12-rgw";"P2";"test/QA";"reference-only";"Không đọc độc lập";"";"trivial";"";"Đã đọc net diff và lịch sử; thay đổi feature, refactor, test hoặc công cụ thông thường không có causal chain nâng cấp độc lập.";"";"";"screened-endpoint+history"
"848";"v16.2.5";"v16.2.15";"qa/suites/rgw/crypt/2-kms/kmip.yaml";"";"M";"M";"3";"3";"FALSE";"100644";"100644";"4b2a13f42783dff11752776156b698e7ff0b89b5";"0057d954e320bdf46250882e473bf31f7f5846cf";"12";"12-rgw";"P2";"test/QA";"reference-only";"Không đọc độc lập";"";"trivial";"";"Đã đọc net diff và lịch sử; thay đổi feature, refactor, test hoặc công cụ thông thường không có causal chain nâng cấp độc lập.";"";"";"screened-endpoint+history"
"849";"v16.2.5";"v16.2.15";"qa/suites/rgw/crypt/ignore-pg-availability.yaml";"";"M";"M";"1";"1";"FALSE";"120000";"120000";"9889fd2d2dec059b8bda5460df33b11c043a880a";"32340b1fa8be86b8f7bd3d27be4902ac98a7f803";"12";"12-rgw";"P2";"test/QA";"reference-only";"Không đọc độc lập";"";"trivial";"";"Đã đọc net diff và lịch sử; thay đổi feature, refactor, test hoặc công cụ thông thường không có causal chain nâng cấp độc lập.";"";"";"screened-endpoint+history"
"850";"v16.2.5";"v16.2.15";"qa/suites/rgw/multifs/ignore-pg-availability.yaml";"";"M";"M";"1";"1";"FALSE";"120000";"120000";"9889fd2d2dec059b8bda5460df33b11c043a880a";"32340b1fa8be86b8f7bd3d27be4902ac98a7f803";"12";"12-rgw";"P2";"test/QA";"reference-only";"Không đọc độc lập";"";"trivial";"";"Đã đọc net diff và lịch sử; thay đổi feature, refactor, test hoặc công cụ thông thường không có causal chain nâng cấp độc lập.";"";"";"screened-endpoint+history"
"851";"v16.2.5";"v16.2.15";"qa/suites/rgw/multifs/tasks/rgw_bucket_quota.yaml";"";"M";"M";"0";"2";"FALSE";"100644";"100644";"eb4a67ea0aa5f6e80a9bdb4c9322b1d085fde80f";"e07c8b5ccfe85a95bec9ed42c46a0c0932c08d07";"12";"12-rgw";"P2";"test/QA";"reference-only";"Không đọc độc lập";"";"trivial";"";"Đã đọc net diff và lịch sử; thay đổi feature, refactor, test hoặc công cụ thông thường không có causal chain nâng cấp độc lập.";"";"";"screened-endpoint+history"
"852";"v16.2.5";"v16.2.15";"qa/suites/rgw/multifs/tasks/rgw_multipart_upload.yaml";"";"M";"M";"0";"2";"FALSE";"100644";"100644";"f7e561f073182c19300cc0f5fe5807e7b1ed9af5";"bac4f4016264e561659cdd94fa0f87d64e0a0549";"12";"12-rgw";"P2";"test/QA";"reference-only";"Không đọc độc lập";"";"support";"RGW-001,RGW-002,RGW-007";"Test/QA hoặc tài liệu gắn trực tiếp với finding; dùng làm bằng chứng hỗ trợ, không tự tạo rủi ro production.";"RGWPostObj_ObjStore_S3::get_params,RGWPolicyEnv::add_var,bucket,AtomicObjectProcessor::complete,RGWPostObj::execute,RadosWriter,MultipartObjectProcessor,RGWAsioFrontend,Connection::timeout_handler,StreamIO,RGWWebsite,RGWDeleteMultiObj";"479976538fe8f51edfea597443ba0c0209d3f39f,b1ef8f95eb533cb63695e54f11ce49d8b5e2a3cf,387cc1b14afdf0adc3fae9090e27626d7bcb102a,5a98f505fc4176f02b26673a0ab863b60c1ed92e,671de0a3923831224655c76bb365b56494670b55,403c285a09fe50d0bf9daad033904ee9981c95d8,584cc66ee133a2a75b5ae1b4920b680d06ce4aee";"history+test/docs+advisory"
"853";"v16.2.5";"v16.2.15";"qa/suites/rgw/multifs/tasks/rgw_user_quota.yaml";"";"M";"M";"0";"2";"FALSE";"100644";"100644";"e661ff33d101b56412dba157a5a56651931da049";"92c63d2e85019d1abd016d2cfc662bb1cf78e35f";"12";"12-rgw";"P2";"test/QA";"reference-only";"Không đọc độc lập";"";"trivial";"";"Đã đọc net diff và lịch sử; thay đổi feature, refactor, test hoặc công cụ thông thường không có causal chain nâng cấp độc lập.";"";"";"screened-endpoint+history"
"854";"v16.2.5";"v16.2.15";"qa/suites/rgw/multifs/ubuntu_latest.yaml";"";"A";"A";"1";"0";"FALSE";"0";"120000";"0";"3a09f9abb05ca992795e41874435c16dc4f071e7";"12";"12-rgw";"P2";"test/QA";"reference-only";"Không đọc độc lập";"";"trivial";"";"Đã đọc net diff và lịch sử; thay đổi feature, refactor, test hoặc công cụ thông thường không có causal chain nâng cấp độc lập.";"";"";"screened-endpoint+history"
"855";"v16.2.5";"v16.2.15";"qa/suites/rgw/multisite/ignore-pg-availability.yaml";"";"M";"M";"1";"1";"FALSE";"120000";"120000";"9889fd2d2dec059b8bda5460df33b11c043a880a";"32340b1fa8be86b8f7bd3d27be4902ac98a7f803";"12";"12-rgw";"P2";"test/QA";"reference-only";"Không đọc độc lập";"";"support";"RGW-004";"Test/QA hoặc tài liệu gắn trực tiếp với finding; dùng làm bằng chứng hỗ trợ, không tự tạo rủi ro production.";"RGWDataSyncStatusManager,RGWMetaSyncStatusManager,RGWDataChangesLog,RGWSyncPolicyHandler";"9d7a80b5901351fe769df974f336714e62712d7b,097d574ab3e0cf288118759cb8575655452fbb94,46802213a28490d59bf6b546c0791382175d0fd9";"history+test/docs"
"856";"v16.2.5";"v16.2.15";"qa/suites/rgw/multisite/overrides.yaml";"";"M";"M";"1";"0";"FALSE";"100644";"100644";"c9019e15499c10ce0b0d3cb654b169e5c275068a";"7fff1f49e3cfd6bd8693ecdf237c8d6a5a1e65f2";"12";"12-rgw";"P2";"test/QA";"reference-only";"Không đọc độc lập";"";"support";"RGW-004";"Test/QA hoặc tài liệu gắn trực tiếp với finding; dùng làm bằng chứng hỗ trợ, không tự tạo rủi ro production.";"RGWDataSyncStatusManager,RGWMetaSyncStatusManager,RGWDataChangesLog,RGWSyncPolicyHandler";"9d7a80b5901351fe769df974f336714e62712d7b,097d574ab3e0cf288118759cb8575655452fbb94,46802213a28490d59bf6b546c0791382175d0fd9";"history+test/docs"
"857";"v16.2.5";"v16.2.15";"qa/suites/rgw/multisite/realms/three-zones.yaml";"qa/suites/rgw/multisite/realms/three-zone-plus-pubsub.yaml";"R";"R084";"2";"3";"FALSE";"100644";"100644";"e77e5ade409be42cb3443b936b0c760a9900b40d";"cfa17e949d3da38717acb269cdda8d1dfeccfdee";"12";"12-rgw";"P2";"test/QA";"reference-only";"Không đọc độc lập";"";"support";"RGW-004";"Test/QA hoặc tài liệu gắn trực tiếp với finding; dùng làm bằng chứng hỗ trợ, không tự tạo rủi ro production.";"RGWDataSyncStatusManager,RGWMetaSyncStatusManager,RGWDataChangesLog,RGWSyncPolicyHandler";"9d7a80b5901351fe769df974f336714e62712d7b,097d574ab3e0cf288118759cb8575655452fbb94,46802213a28490d59bf6b546c0791382175d0fd9";"history+test/docs"
"858";"v16.2.5";"v16.2.15";"qa/suites/rgw/multisite/supported-random-distro$";"";"A";"A";"1";"0";"FALSE";"0";"120000";"0";"0862b4457b37a038999a4485572780a8bd3c07db";"12";"12-rgw";"P2";"test/QA";"reference-only";"Không đọc độc lập";"";"support";"RGW-004";"Test/QA hoặc tài liệu gắn trực tiếp với finding; dùng làm bằng chứng hỗ trợ, không tự tạo rủi ro production.";"RGWDataSyncStatusManager,RGWMetaSyncStatusManager,RGWDataChangesLog,RGWSyncPolicyHandler";"9d7a80b5901351fe769df974f336714e62712d7b,097d574ab3e0cf288118759cb8575655452fbb94,46802213a28490d59bf6b546c0791382175d0fd9";"history+test/docs"
"859";"v16.2.5";"v16.2.15";"qa/suites/rgw/multisite/tasks/test_multi.yaml";"";"M";"M";"0";"9";"FALSE";"100644";"100644";"3247f241619bb30b6631ad6f61c29f5b8c7d63ac";"1a65a67b5aa523d31ee50a325893399f4a0352cb";"12";"12-rgw";"P2";"test/QA";"reference-only";"Không đọc độc lập";"";"support";"RGW-004";"Test/QA hoặc tài liệu gắn trực tiếp với finding; dùng làm bằng chứng hỗ trợ, không tự tạo rủi ro production.";"RGWDataSyncStatusManager,RGWMetaSyncStatusManager,RGWDataChangesLog,RGWSyncPolicyHandler";"9d7a80b5901351fe769df974f336714e62712d7b,097d574ab3e0cf288118759cb8575655452fbb94,46802213a28490d59bf6b546c0791382175d0fd9";"history+test/docs"
"860";"v16.2.5";"v16.2.15";"qa/suites/rgw/multisite/valgrind.yaml";"";"D";"D";"0";"20";"FALSE";"100644";"0";"71c56fae4670ee87a71a9cdebf0c18a50fc72197";"0";"12";"12-rgw";"P2";"test/QA";"reference-only";"Không đọc độc lập";"";"support";"RGW-004";"Test/QA hoặc tài liệu gắn trực tiếp với finding; dùng làm bằng chứng hỗ trợ, không tự tạo rủi ro production.";"RGWDataSyncStatusManager,RGWMetaSyncStatusManager,RGWDataChangesLog,RGWSyncPolicyHandler";"9d7a80b5901351fe769df974f336714e62712d7b,097d574ab3e0cf288118759cb8575655452fbb94,46802213a28490d59bf6b546c0791382175d0fd9";"history+test/docs"
"861";"v16.2.5";"v16.2.15";"qa/suites/rgw/multisite/valgrind.yaml.disabled";"";"A";"A";"20";"0";"FALSE";"0";"100644";"0";"36e20f02c3e82550ee5fc0e785cd56852a50d868";"12";"12-rgw";"P2";"test/QA";"reference-only";"Không đọc độc lập";"";"support";"RGW-004";"Test/QA hoặc tài liệu gắn trực tiếp với finding; dùng làm bằng chứng hỗ trợ, không tự tạo rủi ro production.";"RGWDataSyncStatusManager,RGWMetaSyncStatusManager,RGWDataChangesLog,RGWSyncPolicyHandler";"9d7a80b5901351fe769df974f336714e62712d7b,097d574ab3e0cf288118759cb8575655452fbb94,46802213a28490d59bf6b546c0791382175d0fd9";"history+test/docs"
"862";"v16.2.5";"v16.2.15";"qa/suites/rgw/sts/.qa";"";"A";"A";"1";"0";"FALSE";"0";"120000";"0";"fea2489fdf6d9c5d189a12524b23f3f8daedd85a";"12";"12-rgw";"P2";"test/QA";"reference-only";"Không đọc độc lập";"";"support";"RGW-006";"Test/QA hoặc tài liệu gắn trực tiếp với finding; dùng làm bằng chứng hỗ trợ, không tự tạo rủi ro production.";"read_obj_policy,Policy::eval,RGWSTS,RGWRole,RGWAuthRegistry";"36d428be572ecf6fb7bc3cceb15489a1be323207,f4ab5e2e4a537cfb79ed062bb85acbb15a06111f,7df41ea66e7f5a12c2c89837dfba9359e7c42698";"history+test/docs"
"863";"v16.2.5";"v16.2.15";"qa/suites/rgw/sts/cluster.yaml";"";"A";"A";"1";"0";"FALSE";"0";"120000";"0";"230ff0fdab4126f8b7aed4317541c0ce278ffed7";"12";"12-rgw";"P2";"test/QA";"reference-only";"Không đọc độc lập";"";"support";"RGW-006";"Test/QA hoặc tài liệu gắn trực tiếp với finding; dùng làm bằng chứng hỗ trợ, không tự tạo rủi ro production.";"read_obj_policy,Policy::eval,RGWSTS,RGWRole,RGWAuthRegistry";"36d428be572ecf6fb7bc3cceb15489a1be323207,f4ab5e2e4a537cfb79ed062bb85acbb15a06111f,7df41ea66e7f5a12c2c89837dfba9359e7c42698";"history+test/docs"
"864";"v16.2.5";"v16.2.15";"qa/suites/rgw/sts/clusters/fixed-2.yaml";"";"D";"D";"0";"12";"FALSE";"100644";"0";"e4448bb2008834ec3e0480e0a9d83070be48b818";"0";"12";"12-rgw";"P2";"test/QA";"reference-only";"Không đọc độc lập";"";"support";"RGW-006";"Test/QA hoặc tài liệu gắn trực tiếp với finding; dùng làm bằng chứng hỗ trợ, không tự tạo rủi ro production.";"read_obj_policy,Policy::eval,RGWSTS,RGWRole,RGWAuthRegistry";"36d428be572ecf6fb7bc3cceb15489a1be323207,f4ab5e2e4a537cfb79ed062bb85acbb15a06111f,7df41ea66e7f5a12c2c89837dfba9359e7c42698";"history+test/docs"
"865";"v16.2.5";"v16.2.15";"qa/suites/rgw/sts/frontend/civetweb.yaml";"";"D";"D";"0";"3";"FALSE";"100644";"0";"57e8cc44fd88bc7cffd9c0896b5a0273570c4e32";"0";"12";"12-rgw";"P2";"test/QA";"reference-only";"Không đọc độc lập";"";"support";"RGW-006";"Test/QA hoặc tài liệu gắn trực tiếp với finding; dùng làm bằng chứng hỗ trợ, không tự tạo rủi ro production.";"read_obj_policy,Policy::eval,RGWSTS,RGWRole,RGWAuthRegistry";"36d428be572ecf6fb7bc3cceb15489a1be323207,f4ab5e2e4a537cfb79ed062bb85acbb15a06111f,7df41ea66e7f5a12c2c89837dfba9359e7c42698";"history+test/docs"
"866";"v16.2.5";"v16.2.15";"qa/suites/rgw/sts/ignore-pg-availability.yaml";"";"M";"M";"1";"1";"FALSE";"120000";"120000";"9889fd2d2dec059b8bda5460df33b11c043a880a";"32340b1fa8be86b8f7bd3d27be4902ac98a7f803";"12";"12-rgw";"P2";"test/QA";"reference-only";"Không đọc độc lập";"";"support";"RGW-006";"Test/QA hoặc tài liệu gắn trực tiếp với finding; dùng làm bằng chứng hỗ trợ, không tự tạo rủi ro production.";"read_obj_policy,Policy::eval,RGWSTS,RGWRole,RGWAuthRegistry";"36d428be572ecf6fb7bc3cceb15489a1be323207,f4ab5e2e4a537cfb79ed062bb85acbb15a06111f,7df41ea66e7f5a12c2c89837dfba9359e7c42698";"history+test/docs"
"867";"v16.2.5";"v16.2.15";"qa/suites/rgw/sts/objectstore.yaml";"";"A";"A";"1";"0";"FALSE";"0";"120000";"0";"a59cf5175069a8d125e2c4f1bab72d354c02627c";"12";"12-rgw";"P2";"test/QA";"reference-only";"Không đọc độc lập";"";"support";"RGW-006";"Test/QA hoặc tài liệu gắn trực tiếp với finding; dùng làm bằng chứng hỗ trợ, không tự tạo rủi ro production.";"read_obj_policy,Policy::eval,RGWSTS,RGWRole,RGWAuthRegistry";"36d428be572ecf6fb7bc3cceb15489a1be323207,f4ab5e2e4a537cfb79ed062bb85acbb15a06111f,7df41ea66e7f5a12c2c89837dfba9359e7c42698";"history+test/docs"
"868";"v16.2.5";"v16.2.15";"qa/suites/rgw/sts/objectstore/bluestore-bitmap.yaml";"";"D";"D";"0";"42";"FALSE";"100644";"0";"69c37aced6756c1f922dce6a0c2d88efeded8e06";"0";"12";"12-rgw";"P2";"test/QA";"reference-only";"Không đọc độc lập";"";"support";"RGW-006";"Test/QA hoặc tài liệu gắn trực tiếp với finding; dùng làm bằng chứng hỗ trợ, không tự tạo rủi ro production.";"read_obj_policy,Policy::eval,RGWSTS,RGWRole,RGWAuthRegistry";"36d428be572ecf6fb7bc3cceb15489a1be323207,f4ab5e2e4a537cfb79ed062bb85acbb15a06111f,7df41ea66e7f5a12c2c89837dfba9359e7c42698";"history+test/docs"
"869";"v16.2.5";"v16.2.15";"qa/suites/rgw/sts/objectstore/filestore-xfs.yaml";"";"D";"D";"0";"14";"FALSE";"100644";"0";"bd18aca1e5e7ffe687cb3e3f3ac0a07b57fa9ca2";"0";"12";"12-rgw";"P2";"test/QA";"reference-only";"Không đọc độc lập";"";"support";"RGW-006";"Test/QA hoặc tài liệu gắn trực tiếp với finding; dùng làm bằng chứng hỗ trợ, không tự tạo rủi ro production.";"read_obj_policy,Policy::eval,RGWSTS,RGWRole,RGWAuthRegistry";"36d428be572ecf6fb7bc3cceb15489a1be323207,f4ab5e2e4a537cfb79ed062bb85acbb15a06111f,7df41ea66e7f5a12c2c89837dfba9359e7c42698";"history+test/docs"
"870";"v16.2.5";"v16.2.15";"qa/suites/rgw/sts/pool-type.yaml";"";"A";"A";"1";"0";"FALSE";"0";"120000";"0";"697b33b2043c7ed9c194f3689fd89b95e24ff7f9";"12";"12-rgw";"P2";"test/QA";"reference-only";"Không đọc độc lập";"";"support";"RGW-006";"Test/QA hoặc tài liệu gắn trực tiếp với finding; dùng làm bằng chứng hỗ trợ, không tự tạo rủi ro production.";"read_obj_policy,Policy::eval,RGWSTS,RGWRole,RGWAuthRegistry";"36d428be572ecf6fb7bc3cceb15489a1be323207,f4ab5e2e4a537cfb79ed062bb85acbb15a06111f,7df41ea66e7f5a12c2c89837dfba9359e7c42698";"history+test/docs"
"871";"v16.2.5";"v16.2.15";"qa/suites/rgw/sts/rgw_frontend";"";"A";"A";"1";"0";"FALSE";"0";"120000";"0";"926a53e838346b801f4d2941d0379c38af7a1ef8";"12";"12-rgw";"P2";"test/QA";"reference-only";"Không đọc độc lập";"";"support";"RGW-006";"Test/QA hoặc tài liệu gắn trực tiếp với finding; dùng làm bằng chứng hỗ trợ, không tự tạo rủi ro production.";"read_obj_policy,Policy::eval,RGWSTS,RGWRole,RGWAuthRegistry";"36d428be572ecf6fb7bc3cceb15489a1be323207,f4ab5e2e4a537cfb79ed062bb85acbb15a06111f,7df41ea66e7f5a12c2c89837dfba9359e7c42698";"history+test/docs"
"872";"v16.2.5";"v16.2.15";"qa/suites/rgw/sts/rgw_pool_type/ec-profile.yaml";"";"D";"D";"0";"8";"FALSE";"100644";"0";"f6fbf35f7f9de167ebaeadc178a60ba8eecea563";"0";"12";"12-rgw";"P2";"test/QA";"reference-only";"Không đọc độc lập";"";"support";"RGW-006";"Test/QA hoặc tài liệu gắn trực tiếp với finding; dùng làm bằng chứng hỗ trợ, không tự tạo rủi ro production.";"read_obj_policy,Policy::eval,RGWSTS,RGWRole,RGWAuthRegistry";"36d428be572ecf6fb7bc3cceb15489a1be323207,f4ab5e2e4a537cfb79ed062bb85acbb15a06111f,7df41ea66e7f5a12c2c89837dfba9359e7c42698";"history+test/docs"
"873";"v16.2.5";"v16.2.15";"qa/suites/rgw/sts/rgw_pool_type/ec.yaml";"";"D";"D";"0";"3";"FALSE";"100644";"0";"7c0c5e6a0a3a9d4a32f841569edebde235eff236";"0";"12";"12-rgw";"P2";"test/QA";"reference-only";"Không đọc độc lập";"";"support";"RGW-006";"Test/QA hoặc tài liệu gắn trực tiếp với finding; dùng làm bằng chứng hỗ trợ, không tự tạo rủi ro production.";"read_obj_policy,Policy::eval,RGWSTS,RGWRole,RGWAuthRegistry";"36d428be572ecf6fb7bc3cceb15489a1be323207,f4ab5e2e4a537cfb79ed062bb85acbb15a06111f,7df41ea66e7f5a12c2c89837dfba9359e7c42698";"history+test/docs"
"874";"v16.2.5";"v16.2.15";"qa/suites/rgw/sts/rgw_pool_type/replicated.yaml";"";"D";"D";"0";"3";"FALSE";"100644";"0";"c91709eaae7edffc11bac557543d27bdd36a7ce2";"0";"12";"12-rgw";"P2";"test/QA";"reference-only";"Không đọc độc lập";"";"support";"RGW-006";"Test/QA hoặc tài liệu gắn trực tiếp với finding; dùng làm bằng chứng hỗ trợ, không tự tạo rủi ro production.";"read_obj_policy,Policy::eval,RGWSTS,RGWRole,RGWAuthRegistry";"36d428be572ecf6fb7bc3cceb15489a1be323207,f4ab5e2e4a537cfb79ed062bb85acbb15a06111f,7df41ea66e7f5a12c2c89837dfba9359e7c42698";"history+test/docs"
"875";"v16.2.5";"v16.2.15";"qa/suites/rgw/sts/supported-random-distro$";"";"A";"A";"1";"0";"FALSE";"0";"120000";"0";"0862b4457b37a038999a4485572780a8bd3c07db";"12";"12-rgw";"P2";"test/QA";"reference-only";"Không đọc độc lập";"";"support";"RGW-006";"Test/QA hoặc tài liệu gắn trực tiếp với finding; dùng làm bằng chứng hỗ trợ, không tự tạo rủi ro production.";"read_obj_policy,Policy::eval,RGWSTS,RGWRole,RGWAuthRegistry";"36d428be572ecf6fb7bc3cceb15489a1be323207,f4ab5e2e4a537cfb79ed062bb85acbb15a06111f,7df41ea66e7f5a12c2c89837dfba9359e7c42698";"history+test/docs"
"876";"v16.2.5";"v16.2.15";"qa/suites/rgw/sts/tasks/0-install.yaml";"";"M";"M";"0";"4";"FALSE";"100644";"100644";"ae75c1884d9e87fb21bcfa517368bcaa4a41db4c";"013ccbd26feaf313c357d3578f879825fd8198c7";"12";"12-rgw";"P2";"test/QA";"reference-only";"Không đọc độc lập";"";"support";"RGW-006";"Test/QA hoặc tài liệu gắn trực tiếp với finding; dùng làm bằng chứng hỗ trợ, không tự tạo rủi ro production.";"read_obj_policy,Policy::eval,RGWSTS,RGWRole,RGWAuthRegistry";"36d428be572ecf6fb7bc3cceb15489a1be323207,f4ab5e2e4a537cfb79ed062bb85acbb15a06111f,7df41ea66e7f5a12c2c89837dfba9359e7c42698";"history+test/docs"
"877";"v16.2.5";"v16.2.15";"qa/suites/rgw/sts/tasks/first.yaml";"qa/suites/rgw/sts/tasks/webidentity.yaml";"R";"R100";"0";"0";"FALSE";"100644";"100644";"8892f7082284b71988b7ed2a8d55d844f48e06f9";"8892f7082284b71988b7ed2a8d55d844f48e06f9";"12";"12-rgw";"P2";"mechanical/zero-LOC";"reference-only";"Không đọc nội dung độc lập";"";"trivial";"";"Đã đọc net diff và lịch sử; thay đổi feature, refactor, test hoặc công cụ thông thường không có causal chain nâng cấp độc lập.";"";"";"screened-endpoint+history"
"878";"v16.2.5";"v16.2.15";"qa/suites/rgw/tempest/tasks/rgw_tempest.yaml";"";"M";"M";"7";"7";"FALSE";"100644";"100644";"c08272dcd94902bcae41c50b3d9f57000a8a2491";"1413465a36b0918b61197ada732760c20efb05ba";"12";"12-rgw";"P2";"test/QA";"reference-only";"Không đọc độc lập";"";"support";"RGW-007";"Test/QA hoặc tài liệu gắn trực tiếp với finding; dùng làm bằng chứng hỗ trợ, không tự tạo rủi ro production.";"RGWAsioFrontend,Connection::timeout_handler,StreamIO,RGWWebsite,RGWDeleteMultiObj";"671de0a3923831224655c76bb365b56494670b55,403c285a09fe50d0bf9daad033904ee9981c95d8,584cc66ee133a2a75b5ae1b4920b680d06ce4aee";"history+test/docs"
"879";"v16.2.5";"v16.2.15";"qa/suites/rgw/thrash/ubuntu_latest.yaml";"";"A";"A";"1";"0";"FALSE";"0";"120000";"0";"3a09f9abb05ca992795e41874435c16dc4f071e7";"12";"12-rgw";"P2";"test/QA";"reference-only";"Không đọc độc lập";"";"trivial";"";"Đã đọc net diff và lịch sử; thay đổi feature, refactor, test hoặc công cụ thông thường không có causal chain nâng cấp độc lập.";"";"";"screened-endpoint+history"
"880";"v16.2.5";"v16.2.15";"qa/suites/rgw/thrash/workload/rgw_bucket_quota.yaml";"";"M";"M";"0";"2";"FALSE";"100644";"100644";"eef9ca3ec653635010d75967a13b38c4a6189987";"bc441ff326591d2a48a6d416f3ea6e08a0358c47";"12";"12-rgw";"P2";"test/QA";"reference-only";"Không đọc độc lập";"";"trivial";"";"Đã đọc net diff và lịch sử; thay đổi feature, refactor, test hoặc công cụ thông thường không có causal chain nâng cấp độc lập.";"";"";"screened-endpoint+history"
"881";"v16.2.5";"v16.2.15";"qa/suites/rgw/thrash/workload/rgw_multipart_upload.yaml";"";"M";"M";"0";"2";"FALSE";"100644";"100644";"f364f2d23bd02be93a4e7cbb88a6bced66ad1787";"1b98f26255828a7cedf98e88318f9992a6298d09";"12";"12-rgw";"P2";"test/QA";"reference-only";"Không đọc độc lập";"";"support";"RGW-001,RGW-002,RGW-007";"Test/QA hoặc tài liệu gắn trực tiếp với finding; dùng làm bằng chứng hỗ trợ, không tự tạo rủi ro production.";"RGWPostObj_ObjStore_S3::get_params,RGWPolicyEnv::add_var,bucket,AtomicObjectProcessor::complete,RGWPostObj::execute,RadosWriter,MultipartObjectProcessor,RGWAsioFrontend,Connection::timeout_handler,StreamIO,RGWWebsite,RGWDeleteMultiObj";"479976538fe8f51edfea597443ba0c0209d3f39f,b1ef8f95eb533cb63695e54f11ce49d8b5e2a3cf,387cc1b14afdf0adc3fae9090e27626d7bcb102a,5a98f505fc4176f02b26673a0ab863b60c1ed92e,671de0a3923831224655c76bb365b56494670b55,403c285a09fe50d0bf9daad033904ee9981c95d8,584cc66ee133a2a75b5ae1b4920b680d06ce4aee";"history+test/docs+advisory"
"882";"v16.2.5";"v16.2.15";"qa/suites/rgw/thrash/workload/rgw_user_quota.yaml";"";"M";"M";"0";"2";"FALSE";"100644";"100644";"670ac0c170a82599a0c6138d65375527d0f1f286";"75ba3d4749b4ae0e65f9d5b56370f4b9adb3e4bc";"12";"12-rgw";"P2";"test/QA";"reference-only";"Không đọc độc lập";"";"trivial";"";"Đã đọc net diff và lịch sử; thay đổi feature, refactor, test hoặc công cụ thông thường không có causal chain nâng cấp độc lập.";"";"";"screened-endpoint+history"
"883";"v16.2.5";"v16.2.15";"qa/suites/rgw/verify/ignore-pg-availability.yaml";"";"M";"M";"1";"1";"FALSE";"120000";"120000";"9889fd2d2dec059b8bda5460df33b11c043a880a";"32340b1fa8be86b8f7bd3d27be4902ac98a7f803";"12";"12-rgw";"P2";"test/QA";"reference-only";"Không đọc độc lập";"";"trivial";"";"Đã đọc net diff và lịch sử; thay đổi feature, refactor, test hoặc công cụ thông thường không có causal chain nâng cấp độc lập.";"";"";"screened-endpoint+history"
"884";"v16.2.5";"v16.2.15";"qa/suites/rgw/verify/tasks/bucket-check.yaml";"";"A";"A";"5";"0";"FALSE";"0";"100644";"0";"4955d41c6477bc156c88429668d9fb3a32343c56";"12";"12-rgw";"P2";"test/QA";"reference-only";"Không đọc độc lập";"";"support";"RGW-003,RGW-008";"Test/QA hoặc tài liệu gắn trực tiếp với finding; dùng làm bằng chứng hỗ trợ, không tự tạo rủi ro production.";"RGWRados::guard_reshard,RGWBucketReshard,cls_rgw_bucket_complete_op,complete_remove_obj,RGWBucketAdminOp::check_index,RGWBucket::check_index,RGWRados::bucket_check_index";"b11c10acc9026d92b90cfb88f6a3381274ccb9bc,315981003ed5ccf2bc567e960a4d699e956e8d6f,1e575378b00fc2c8b56b09834276e68dddbb1385,1c1569b66084754511f2933d2247d132cf6018b6,d828c761a114138914eb6e0ab6e237b6c22c8059,4817bcaf9d385cb60ef36373ac0262e466953994";"history+test/docs"
"885";"v16.2.5";"v16.2.15";"qa/suites/rgw/verify/tasks/s3tests-java.yaml";"";"M";"M";"1";"1";"FALSE";"100644";"100644";"06c134c37544fa211873a10027a1fdfd448d9fc0";"455f86485a6818e1efb833e9521fccd3d01693d2";"12";"12-rgw";"P2";"test/QA";"reference-only";"Không đọc độc lập";"";"support";"RGW-006";"Test/QA hoặc tài liệu gắn trực tiếp với finding; dùng làm bằng chứng hỗ trợ, không tự tạo rủi ro production.";"read_obj_policy,Policy::eval,RGWSTS,RGWRole,RGWAuthRegistry";"36d428be572ecf6fb7bc3cceb15489a1be323207,f4ab5e2e4a537cfb79ed062bb85acbb15a06111f,7df41ea66e7f5a12c2c89837dfba9359e7c42698";"history+test/docs"
"886";"v16.2.5";"v16.2.15";"qa/suites/rgw/verify/tasks/versioning.yaml";"";"A";"A";"5";"0";"FALSE";"0";"100644";"0";"ab928f270e453175b646fdfbb9be0359446d9f9f";"12";"12-rgw";"P2";"test/QA";"reference-only";"Không đọc độc lập";"";"support";"RGW-003,RGW-008";"Test/QA hoặc tài liệu gắn trực tiếp với finding; dùng làm bằng chứng hỗ trợ, không tự tạo rủi ro production.";"RGWRados::guard_reshard,RGWBucketReshard,cls_rgw_bucket_complete_op,complete_remove_obj,RGWBucketAdminOp::check_index,RGWBucket::check_index,RGWRados::bucket_check_index";"b11c10acc9026d92b90cfb88f6a3381274ccb9bc,315981003ed5ccf2bc567e960a4d699e956e8d6f,1e575378b00fc2c8b56b09834276e68dddbb1385,1c1569b66084754511f2933d2247d132cf6018b6,d828c761a114138914eb6e0ab6e237b6c22c8059,4817bcaf9d385cb60ef36373ac0262e466953994";"history+test/docs"
"887";"v16.2.5";"v16.2.15";"qa/suites/rgw/verify/validater/valgrind.yaml";"";"M";"M";"0";"4";"FALSE";"100644";"100644";"b3f412748cd13dbd8d97fc437deb89c67d471217";"7b7e4d45e522962a5091e7b6dad1c6ec093212af";"12";"12-rgw";"P2";"test/QA";"reference-only";"Không đọc độc lập";"";"trivial";"";"Đã đọc net diff và lịch sử; thay đổi feature, refactor, test hoặc công cụ thông thường không có causal chain nâng cấp độc lập.";"";"";"screened-endpoint+history"
"995";"v16.2.5";"v16.2.15";"qa/tasks/keycloak.py";"";"M";"M";"135";"7";"FALSE";"100644";"100644";"0f1fc9d7a38089df13fc3ff33b817ecc93061e00";"05590283698382b245c1917fb56c85e3e5cd1dac";"12";"12-rgw";"P2";"test/QA";"reference-only";"Không đọc độc lập";"";"support";"RGW-006";"Test/QA hoặc tài liệu gắn trực tiếp với finding; dùng làm bằng chứng hỗ trợ, không tự tạo rủi ro production.";"read_obj_policy,Policy::eval,RGWSTS,RGWRole,RGWAuthRegistry";"36d428be572ecf6fb7bc3cceb15489a1be323207,f4ab5e2e4a537cfb79ed062bb85acbb15a06111f,7df41ea66e7f5a12c2c89837dfba9359e7c42698";"history+test/docs"
"1028";"v16.2.5";"v16.2.15";"qa/tasks/rgw.py";"";"M";"M";"33";"4";"FALSE";"100644";"100644";"52d4d476dc295f237d622c8076fd9f23c9e61ec2";"36627f682265b51781a9b035c22ce97bdd2e3ff4";"12";"12-rgw";"P2";"test/QA";"reference-only";"Không đọc độc lập";"";"trivial";"";"Đã đọc net diff và lịch sử; thay đổi feature, refactor, test hoặc công cụ thông thường không có causal chain nâng cấp độc lập.";"";"";"screened-endpoint+history"
"1029";"v16.2.5";"v16.2.15";"qa/tasks/rgw_multisite.py";"";"M";"M";"1";"9";"FALSE";"100644";"100644";"266d0fb694fd7b51ce6978fc06c452a1649073fc";"f5a6f5a261519e184426d9fcb844a1bb9ae29371";"12";"12-rgw";"P2";"test/QA";"reference-only";"Không đọc độc lập";"";"support";"RGW-004";"Test/QA hoặc tài liệu gắn trực tiếp với finding; dùng làm bằng chứng hỗ trợ, không tự tạo rủi ro production.";"RGWDataSyncStatusManager,RGWMetaSyncStatusManager,RGWDataChangesLog,RGWSyncPolicyHandler";"9d7a80b5901351fe769df974f336714e62712d7b,097d574ab3e0cf288118759cb8575655452fbb94,46802213a28490d59bf6b546c0791382175d0fd9";"history+test/docs"
"1030";"v16.2.5";"v16.2.15";"qa/tasks/rgw_multisite_tests.py";"";"M";"M";"1";"4";"FALSE";"100644";"100644";"53aedf79248dd8c1cfe924e744f08066b82d02fb";"caa18578b325bcd11dec9c4053ab9756819106ab";"12";"12-rgw";"P2";"test/QA";"reference-only";"Không đọc độc lập";"";"support";"RGW-004";"Test/QA hoặc tài liệu gắn trực tiếp với finding; dùng làm bằng chứng hỗ trợ, không tự tạo rủi ro production.";"RGWDataSyncStatusManager,RGWMetaSyncStatusManager,RGWDataChangesLog,RGWSyncPolicyHandler";"9d7a80b5901351fe769df974f336714e62712d7b,097d574ab3e0cf288118759cb8575655452fbb94,46802213a28490d59bf6b546c0791382175d0fd9";"history+test/docs"
"1032";"v16.2.5";"v16.2.15";"qa/tasks/s3a_hadoop.py";"";"M";"M";"4";"2";"FALSE";"100644";"100644";"f06c9acfe9d5981fe9ab9ec96c5fc5e930020d93";"7b77359fcf2bb8a3c86dc9e9e0a2297a827f95b3";"12";"12-rgw";"P2";"test/QA";"reference-only";"Không đọc độc lập";"";"trivial";"";"Đã đọc net diff và lịch sử; thay đổi feature, refactor, test hoặc công cụ thông thường không có causal chain nâng cấp độc lập.";"";"";"screened-endpoint+history"
"1033";"v16.2.5";"v16.2.15";"qa/tasks/s3tests.py";"";"M";"M";"3";"0";"FALSE";"100644";"100644";"ea2c1623405fdc8012dca3cbd0cc6e26ed86ac7f";"8b40499e4bddc16f796db2b42f0f8ccc1f26f1c8";"12";"12-rgw";"P2";"test/QA";"reference-only";"Không đọc độc lập";"";"support";"RGW-006";"Test/QA hoặc tài liệu gắn trực tiếp với finding; dùng làm bằng chứng hỗ trợ, không tự tạo rủi ro production.";"read_obj_policy,Policy::eval,RGWSTS,RGWRole,RGWAuthRegistry";"36d428be572ecf6fb7bc3cceb15489a1be323207,f4ab5e2e4a537cfb79ed062bb85acbb15a06111f,7df41ea66e7f5a12c2c89837dfba9359e7c42698";"history+test/docs"
"1083";"v16.2.5";"v16.2.15";"qa/workunits/rgw/common.py";"";"A";"A";"103";"0";"FALSE";"0";"100755";"0";"2c9c5d035786d347c65bd5b39f003ec3e14b20cf";"12";"12-rgw";"P2";"test/QA";"reference-only";"Không đọc độc lập";"";"trivial";"";"Đã đọc net diff và lịch sử; thay đổi feature, refactor, test hoặc công cụ thông thường không có causal chain nâng cấp độc lập.";"";"";"screened-endpoint+history"
"1084";"v16.2.5";"v16.2.15";"qa/workunits/rgw/olh_noname_key";"";"A";"A";"1";"0";"FALSE";"0";"100644";"0";"6138c57cd0fd7eccd6cad228b5e3363c4b106d40";"12";"12-rgw";"P2";"test/QA";"reference-only";"Không đọc độc lập";"";"trivial";"";"Đã đọc net diff và lịch sử; thay đổi feature, refactor, test hoặc công cụ thông thường không có causal chain nâng cấp độc lập.";"";"";"screened-endpoint+history"
"1085";"v16.2.5";"v16.2.15";"qa/workunits/rgw/olh_noname_val";"";"A";"A";"";"";"TRUE";"0";"100644";"0";"ff442e1374c6e24735d85a9e6c9e4020c8fad591";"12";"12-rgw";"P2";"binary/asset";"reference-only";"Không đọc nội dung sâu";"";"trivial";"";"Đã đọc net diff và lịch sử; thay đổi feature, refactor, test hoặc công cụ thông thường không có causal chain nâng cấp độc lập.";"";"";"screened-endpoint+history"
"1086";"v16.2.5";"v16.2.15";"qa/workunits/rgw/run-bucket-check.sh";"";"A";"A";"19";"0";"FALSE";"0";"100755";"0";"85e02db5eb715e7812a1cc8b39f3f5d248ba14cc";"12";"12-rgw";"P2";"test/QA";"reference-only";"Không đọc độc lập";"";"support";"RGW-003,RGW-008";"Test/QA hoặc tài liệu gắn trực tiếp với finding; dùng làm bằng chứng hỗ trợ, không tự tạo rủi ro production.";"RGWRados::guard_reshard,RGWBucketReshard,cls_rgw_bucket_complete_op,complete_remove_obj,RGWBucketAdminOp::check_index,RGWBucket::check_index,RGWRados::bucket_check_index";"b11c10acc9026d92b90cfb88f6a3381274ccb9bc,315981003ed5ccf2bc567e960a4d699e956e8d6f,1e575378b00fc2c8b56b09834276e68dddbb1385,1c1569b66084754511f2933d2247d132cf6018b6,d828c761a114138914eb6e0ab6e237b6c22c8059,4817bcaf9d385cb60ef36373ac0262e466953994";"history+test/docs"
"1087";"v16.2.5";"v16.2.15";"qa/workunits/rgw/run-versioning.sh";"";"A";"A";"19";"0";"FALSE";"0";"100755";"0";"df60b7b03b2d5d403ee0847527a9210e2cb0e6e4";"12";"12-rgw";"P2";"test/QA";"reference-only";"Không đọc độc lập";"";"support";"RGW-003,RGW-008";"Test/QA hoặc tài liệu gắn trực tiếp với finding; dùng làm bằng chứng hỗ trợ, không tự tạo rủi ro production.";"RGWRados::guard_reshard,RGWBucketReshard,cls_rgw_bucket_complete_op,complete_remove_obj,RGWBucketAdminOp::check_index,RGWBucket::check_index,RGWRados::bucket_check_index";"b11c10acc9026d92b90cfb88f6a3381274ccb9bc,315981003ed5ccf2bc567e960a4d699e956e8d6f,1e575378b00fc2c8b56b09834276e68dddbb1385,1c1569b66084754511f2933d2247d132cf6018b6,d828c761a114138914eb6e0ab6e237b6c22c8059,4817bcaf9d385cb60ef36373ac0262e466953994";"history+test/docs"
"1088";"v16.2.5";"v16.2.15";"qa/workunits/rgw/s3_utilities.pm";"";"M";"M";"16";"3";"FALSE";"100644";"100644";"12e6af0ad65cb8ce8309aa87e72b2760967db4a5";"3c3fae900e835c24677c64da38ec2be9019f23a2";"12";"12-rgw";"P2";"test/QA";"reference-only";"Không đọc độc lập";"";"support";"RGW-001,RGW-002,RGW-007";"Test/QA hoặc tài liệu gắn trực tiếp với finding; dùng làm bằng chứng hỗ trợ, không tự tạo rủi ro production.";"RGWPostObj_ObjStore_S3::get_params,RGWPolicyEnv::add_var,bucket,AtomicObjectProcessor::complete,RGWPostObj::execute,RadosWriter,MultipartObjectProcessor,RGWAsioFrontend,Connection::timeout_handler,StreamIO,RGWWebsite,RGWDeleteMultiObj";"479976538fe8f51edfea597443ba0c0209d3f39f,b1ef8f95eb533cb63695e54f11ce49d8b5e2a3cf,387cc1b14afdf0adc3fae9090e27626d7bcb102a,5a98f505fc4176f02b26673a0ab863b60c1ed92e,671de0a3923831224655c76bb365b56494670b55,403c285a09fe50d0bf9daad033904ee9981c95d8,584cc66ee133a2a75b5ae1b4920b680d06ce4aee";"history+test/docs+advisory"
"1089";"v16.2.5";"v16.2.15";"qa/workunits/rgw/test_rgw_bucket_check.py";"";"A";"A";"194";"0";"FALSE";"0";"100755";"0";"bfa6d65d6e7796ce72dbcf5f16bc4036bcb60efc";"12";"12-rgw";"P2";"test/QA";"reference-only";"Không đọc độc lập";"";"support";"RGW-003,RGW-008";"Test/QA hoặc tài liệu gắn trực tiếp với finding; dùng làm bằng chứng hỗ trợ, không tự tạo rủi ro production.";"RGWRados::guard_reshard,RGWBucketReshard,cls_rgw_bucket_complete_op,complete_remove_obj,RGWBucketAdminOp::check_index,RGWBucket::check_index,RGWRados::bucket_check_index";"b11c10acc9026d92b90cfb88f6a3381274ccb9bc,315981003ed5ccf2bc567e960a4d699e956e8d6f,1e575378b00fc2c8b56b09834276e68dddbb1385,1c1569b66084754511f2933d2247d132cf6018b6,d828c761a114138914eb6e0ab6e237b6c22c8059,4817bcaf9d385cb60ef36373ac0262e466953994";"history+test/docs"
"1090";"v16.2.5";"v16.2.15";"qa/workunits/rgw/test_rgw_reshard.py";"";"M";"M";"61";"59";"FALSE";"100755";"100755";"14f4fe509946989e2e8f6ad59b78ad928cbea207";"eed6fc75e2375ccd9814ac3e90b417caff31c852";"12";"12-rgw";"P2";"test/QA";"reference-only";"Không đọc độc lập";"";"support";"RGW-003,RGW-008";"Test/QA hoặc tài liệu gắn trực tiếp với finding; dùng làm bằng chứng hỗ trợ, không tự tạo rủi ro production.";"RGWRados::guard_reshard,RGWBucketReshard,cls_rgw_bucket_complete_op,complete_remove_obj,RGWBucketAdminOp::check_index,RGWBucket::check_index,RGWRados::bucket_check_index";"b11c10acc9026d92b90cfb88f6a3381274ccb9bc,315981003ed5ccf2bc567e960a4d699e956e8d6f,1e575378b00fc2c8b56b09834276e68dddbb1385,1c1569b66084754511f2933d2247d132cf6018b6,d828c761a114138914eb6e0ab6e237b6c22c8059,4817bcaf9d385cb60ef36373ac0262e466953994";"history+test/docs"
"1091";"v16.2.5";"v16.2.15";"qa/workunits/rgw/test_rgw_versioning.py";"";"A";"A";"110";"0";"FALSE";"0";"100755";"0";"fc69e138d41fa9bb045eaaf38a088f95bc1115e8";"12";"12-rgw";"P2";"test/QA";"reference-only";"Không đọc độc lập";"";"support";"RGW-003,RGW-008";"Test/QA hoặc tài liệu gắn trực tiếp với finding; dùng làm bằng chứng hỗ trợ, không tự tạo rủi ro production.";"RGWRados::guard_reshard,RGWBucketReshard,cls_rgw_bucket_complete_op,complete_remove_obj,RGWBucketAdminOp::check_index,RGWBucket::check_index,RGWRados::bucket_check_index";"b11c10acc9026d92b90cfb88f6a3381274ccb9bc,315981003ed5ccf2bc567e960a4d699e956e8d6f,1e575378b00fc2c8b56b09834276e68dddbb1385,1c1569b66084754511f2933d2247d132cf6018b6,d828c761a114138914eb6e0ab6e237b6c22c8059,4817bcaf9d385cb60ef36373ac0262e466953994";"history+test/docs"
"1201";"v16.2.5";"v16.2.15";"src/cls/rgw/cls_rgw.cc";"";"M";"M";"697";"391";"FALSE";"100644";"100644";"bc455a04b36438abe475034098c519daa7120e03";"04e4b53c2fa9598a739b27ce80e8cb4eebc7445a";"12";"12-rgw";"P1";"runtime/source";"deep";"Chọn đọc sâu theo nhóm: implementation thuộc RGW, S3, auth/policy, bucket/object và multisite.";"";"mixed";"RGW-003";"File chứa hunk finding-relevant cùng thay đổi chức năng/refactor khác; tác động phụ thuộc API, workload hoặc topology RGW tương ứng.";"RGWRados::guard_reshard,RGWBucketReshard,cls_rgw_bucket_complete_op,complete_remove_obj";"b11c10acc9026d92b90cfb88f6a3381274ccb9bc,315981003ed5ccf2bc567e960a4d699e956e8d6f,1e575378b00fc2c8b56b09834276e68dddbb1385";"endpoint+history"
"1202";"v16.2.5";"v16.2.15";"src/cls/rgw/cls_rgw_client.cc";"";"M";"M";"182";"62";"FALSE";"100644";"100644";"95d6ffbc16a84ee00590a6054a1ba350e6ff454d";"cddd735c5abf708fe5d8a70850b3215b2e8648df";"12";"12-rgw";"P1";"runtime/source";"deep";"Chọn đọc sâu theo nhóm: implementation thuộc RGW, S3, auth/policy, bucket/object và multisite.";"";"mixed";"RGW-003";"File chứa hunk finding-relevant cùng thay đổi chức năng/refactor khác; tác động phụ thuộc API, workload hoặc topology RGW tương ứng.";"RGWRados::guard_reshard,RGWBucketReshard,cls_rgw_bucket_complete_op,complete_remove_obj";"b11c10acc9026d92b90cfb88f6a3381274ccb9bc,315981003ed5ccf2bc567e960a4d699e956e8d6f,1e575378b00fc2c8b56b09834276e68dddbb1385";"endpoint+history"
"1203";"v16.2.5";"v16.2.15";"src/cls/rgw/cls_rgw_client.h";"";"M";"M";"59";"68";"FALSE";"100644";"100644";"0eca7345dc65044e971acfabbd54222bb19ae473";"78c559d71eee1bc21d4f840c37152ad6dc4f4854";"12";"12-rgw";"P1";"runtime/source";"deep";"Chọn đọc sâu theo nhóm: implementation thuộc RGW, S3, auth/policy, bucket/object và multisite.";"";"mixed";"RGW-003";"File chứa hunk finding-relevant cùng thay đổi chức năng/refactor khác; tác động phụ thuộc API, workload hoặc topology RGW tương ứng.";"RGWRados::guard_reshard,RGWBucketReshard,cls_rgw_bucket_complete_op,complete_remove_obj";"b11c10acc9026d92b90cfb88f6a3381274ccb9bc,315981003ed5ccf2bc567e960a4d699e956e8d6f,1e575378b00fc2c8b56b09834276e68dddbb1385";"endpoint+history"
"1204";"v16.2.5";"v16.2.15";"src/cls/rgw/cls_rgw_const.h";"";"M";"M";"5";"0";"FALSE";"100644";"100644";"f39919d24b60b3fc5b4f8fa073a3560eb9ae0c26";"61f06eac982821d74a217775bdd7929f41af3f68";"12";"12-rgw";"P1";"runtime/source";"deep";"Chọn đọc sâu theo nhóm: implementation thuộc RGW, S3, auth/policy, bucket/object và multisite.";"";"trivial";"";"Đã đọc net diff và lịch sử; thay đổi feature, refactor, test hoặc công cụ thông thường không có causal chain nâng cấp độc lập.";"";"";"screened-endpoint+history"
"1205";"v16.2.5";"v16.2.15";"src/cls/rgw/cls_rgw_ops.h";"";"M";"M";"21";"5";"FALSE";"100644";"100644";"a1800a834b4eb79b18cc80c52ebe4d314527204a";"a25483bb88ad41c569a05e1031c01260f8bf32af";"12";"12-rgw";"P1";"runtime/source";"deep";"Chọn đọc sâu theo nhóm: implementation thuộc RGW, S3, auth/policy, bucket/object và multisite.";"";"mixed";"RGW-003";"File chứa hunk finding-relevant cùng thay đổi chức năng/refactor khác; tác động phụ thuộc API, workload hoặc topology RGW tương ứng.";"RGWRados::guard_reshard,RGWBucketReshard,cls_rgw_bucket_complete_op,complete_remove_obj";"b11c10acc9026d92b90cfb88f6a3381274ccb9bc,315981003ed5ccf2bc567e960a4d699e956e8d6f,1e575378b00fc2c8b56b09834276e68dddbb1385";"endpoint+history"
"1206";"v16.2.5";"v16.2.15";"src/cls/rgw/cls_rgw_types.cc";"";"M";"M";"40";"32";"FALSE";"100644";"100644";"2e306fe7e84715d6ce207b1065ec7c26ba2a4dfb";"4e93924276c7949b4148eb91296ae789be841291";"12";"12-rgw";"P1";"runtime/source";"deep";"Chọn đọc sâu theo nhóm: implementation thuộc RGW, S3, auth/policy, bucket/object và multisite.";"";"mixed";"RGW-003";"File chứa hunk finding-relevant cùng thay đổi chức năng/refactor khác; tác động phụ thuộc API, workload hoặc topology RGW tương ứng.";"RGWRados::guard_reshard,RGWBucketReshard,cls_rgw_bucket_complete_op,complete_remove_obj";"b11c10acc9026d92b90cfb88f6a3381274ccb9bc,315981003ed5ccf2bc567e960a4d699e956e8d6f,1e575378b00fc2c8b56b09834276e68dddbb1385";"endpoint+history"
"1207";"v16.2.5";"v16.2.15";"src/cls/rgw/cls_rgw_types.h";"";"M";"M";"66";"6";"FALSE";"100644";"100644";"434feceeed3701edb8506c5bbe111c7f09f72ec5";"5b0155584e27fb6deb89324300c94510b2a6e690";"12";"12-rgw";"P1";"runtime/source";"deep";"Chọn đọc sâu theo nhóm: implementation thuộc RGW, S3, auth/policy, bucket/object và multisite.";"";"mixed";"RGW-003";"File chứa hunk finding-relevant cùng thay đổi chức năng/refactor khác; tác động phụ thuộc API, workload hoặc topology RGW tương ứng.";"RGWRados::guard_reshard,RGWBucketReshard,cls_rgw_bucket_complete_op,complete_remove_obj";"b11c10acc9026d92b90cfb88f6a3381274ccb9bc,315981003ed5ccf2bc567e960a4d699e956e8d6f,1e575378b00fc2c8b56b09834276e68dddbb1385";"endpoint+history"
"2258";"v16.2.5";"v16.2.15";"src/rgw/CMakeLists.txt";"";"M";"M";"5";"6";"FALSE";"100644";"100644";"9e977ff03512e15ec97f6bd676039f798c4c456f";"3d4787f7087d85f42fd28aba435b7623958e80ac";"12";"12-rgw";"P1";"build/package";"deep";"Đọc sâu khi ảnh hưởng build, package, quyền hoặc service: RGW, S3, auth/policy, bucket/object và multisite.";"";"trivial";"";"Đã đọc net diff và lịch sử; thay đổi feature, refactor, test hoặc công cụ thông thường không có causal chain nâng cấp độc lập.";"";"";"screened-endpoint+history"
"2259";"v16.2.5";"v16.2.15";"src/rgw/cls_fifo_legacy.cc";"";"M";"M";"248";"199";"FALSE";"100644";"100644";"80af90055255a98bf882cc3b4a8c613d878c6278";"8e15091116c8efc2000a0ee6f18d0346ed677cfd";"12";"12-rgw";"P1";"runtime/source";"deep";"Chọn đọc sâu theo nhóm: implementation thuộc RGW, S3, auth/policy, bucket/object và multisite.";"";"conditional";"RGW-005";"Runtime path có hunk finding-relevant; tác động chỉ xuất hiện khi service/feature tương ứng được bật hoặc gặp failure path.";"RGWLC::process,RGWPubSub,RGWAMQPManager,RGWGC,cls_fifo";"7abfaf086ba393959df15a684dabeddbb9ba188d,d59fe5c12d9e893179cb1c840120fbf50ca8b88d,48f34daa188beeb3293e8929d231ca0885b712dc";"endpoint+history"
"2260";"v16.2.5";"v16.2.15";"src/rgw/cls_fifo_legacy.h";"";"M";"M";"12";"14";"FALSE";"100644";"100644";"93657ecd867b17257ea31bed7940a591b46051e1";"172ee1e9fa8f6c7a000bfcc01a5cf7e2ca281492";"12";"12-rgw";"P1";"runtime/source";"deep";"Chọn đọc sâu theo nhóm: implementation thuộc RGW, S3, auth/policy, bucket/object và multisite.";"";"conditional";"RGW-005";"Runtime path có hunk finding-relevant; tác động chỉ xuất hiện khi service/feature tương ứng được bật hoặc gặp failure path.";"RGWLC::process,RGWPubSub,RGWAMQPManager,RGWGC,cls_fifo";"7abfaf086ba393959df15a684dabeddbb9ba188d,d59fe5c12d9e893179cb1c840120fbf50ca8b88d,48f34daa188beeb3293e8929d231ca0885b712dc";"endpoint+history"
"2261";"v16.2.5";"v16.2.15";"src/rgw/jwt-cpp/jwt.h";"";"M";"M";"10";"0";"FALSE";"100644";"100644";"3d843861d654faa49bbf200b3aaad2a7b7c7a251";"b86fb57b032f677592b539810dd88333cb38435b";"12";"12-rgw";"P1";"runtime/source";"deep";"Chọn đọc sâu theo nhóm: implementation thuộc RGW, S3, auth/policy, bucket/object và multisite.";"";"trivial";"";"Đã đọc net diff và lịch sử; thay đổi feature, refactor, test hoặc công cụ thông thường không có causal chain nâng cấp độc lập.";"";"";"screened-endpoint+history"
"2262";"v16.2.5";"v16.2.15";"src/rgw/librgw.cc";"";"M";"M";"37";"5";"FALSE";"100644";"100644";"e626b1ba4f58482c77aa231639a9b952b9da4489";"4ed2a2b9985e19df957b31bae89578f8cfdb237c";"12";"12-rgw";"P1";"runtime/source";"deep";"Chọn đọc sâu theo nhóm: implementation thuộc RGW, S3, auth/policy, bucket/object và multisite.";"";"trivial";"";"Đã đọc net diff và lịch sử; thay đổi feature, refactor, test hoặc công cụ thông thường không có causal chain nâng cấp độc lập.";"";"";"screened-endpoint+history"
"2263";"v16.2.5";"v16.2.15";"src/rgw/rgw-orphan-list";"";"M";"M";"11";"8";"FALSE";"100755";"100755";"72feddd6a3f856cbf72eb296638a07a2012dc5f9";"989b50600fd8fba28e010c169909eaec4b655935";"12";"12-rgw";"P1";"runtime/source";"deep";"Chọn đọc sâu theo nhóm: implementation thuộc RGW, S3, auth/policy, bucket/object và multisite.";"";"trivial";"";"Đã đọc net diff và lịch sử; thay đổi feature, refactor, test hoặc công cụ thông thường không có causal chain nâng cấp độc lập.";"";"";"screened-endpoint+history"
"2264";"v16.2.5";"v16.2.15";"src/rgw/rgw_admin.cc";"";"M";"M";"162";"89";"FALSE";"100644";"100644";"cc0c53ab78b31dc4ba4aec66deedbb9276587587";"e8b63f51b1a603b950b09a1f775ad4e465eb3d52";"12";"12-rgw";"P1";"runtime/source";"deep";"Chọn đọc sâu theo nhóm: implementation thuộc RGW, S3, auth/policy, bucket/object và multisite.";"";"mixed";"RGW-003,RGW-004,RGW-008";"File chứa hunk finding-relevant cùng thay đổi chức năng/refactor khác; tác động phụ thuộc API, workload hoặc topology RGW tương ứng.";"RGWRados::guard_reshard,RGWBucketReshard,cls_rgw_bucket_complete_op,complete_remove_obj,RGWDataSyncStatusManager,RGWMetaSyncStatusManager,RGWDataChangesLog,RGWSyncPolicyHandler,RGWBucketAdminOp::check_index,RGWBucket::check_index,RGWRados::bucket_check_index";"b11c10acc9026d92b90cfb88f6a3381274ccb9bc,315981003ed5ccf2bc567e960a4d699e956e8d6f,1e575378b00fc2c8b56b09834276e68dddbb1385,9d7a80b5901351fe769df974f336714e62712d7b,097d574ab3e0cf288118759cb8575655452fbb94,46802213a28490d59bf6b546c0791382175d0fd9,1c1569b66084754511f2933d2247d132cf6018b6,d828c761a114138914eb6e0ab6e237b6c22c8059,4817bcaf9d385cb60ef36373ac0262e466953994";"endpoint+history"
"2265";"v16.2.5";"v16.2.15";"src/rgw/rgw_aio.cc";"";"M";"M";"2";"2";"FALSE";"100644";"100644";"56ef415e35036cef6c645e141bd56f8abe646859";"1d5a021d3ee275292287224fd6092acdbc9259a4";"12";"12-rgw";"P1";"runtime/source";"deep";"Chọn đọc sâu theo nhóm: implementation thuộc RGW, S3, auth/policy, bucket/object và multisite.";"";"trivial";"";"Đã đọc net diff và lịch sử; thay đổi feature, refactor, test hoặc công cụ thông thường không có causal chain nâng cấp độc lập.";"";"";"screened-endpoint+history"
"2266";"v16.2.5";"v16.2.15";"src/rgw/rgw_aio_throttle.h";"";"M";"M";"2";"2";"FALSE";"100644";"100644";"04e93aaa09e890265b402c0dde30e626e8a5c0d7";"26a3578cabff552e8d0823a450b1c17cfb1d53ea";"12";"12-rgw";"P1";"runtime/source";"deep";"Chọn đọc sâu theo nhóm: implementation thuộc RGW, S3, auth/policy, bucket/object và multisite.";"";"trivial";"";"Đã đọc net diff và lịch sử; thay đổi feature, refactor, test hoặc công cụ thông thường không có causal chain nâng cấp độc lập.";"";"";"screened-endpoint+history"
"2267";"v16.2.5";"v16.2.15";"src/rgw/rgw_amqp.cc";"";"M";"M";"23";"44";"FALSE";"100644";"100644";"7a1b9df50619bb4f218949a3266860486e1547fe";"d549bf18418a207f6beabd1b1d72fb7a8d9c32e4";"12";"12-rgw";"P1";"runtime/source";"deep";"Chọn đọc sâu theo nhóm: implementation thuộc RGW, S3, auth/policy, bucket/object và multisite.";"";"conditional";"RGW-005";"Runtime path có hunk finding-relevant; tác động chỉ xuất hiện khi service/feature tương ứng được bật hoặc gặp failure path.";"RGWLC::process,RGWPubSub,RGWAMQPManager,RGWGC,cls_fifo";"7abfaf086ba393959df15a684dabeddbb9ba188d,d59fe5c12d9e893179cb1c840120fbf50ca8b88d,48f34daa188beeb3293e8929d231ca0885b712dc";"endpoint+history"
"2268";"v16.2.5";"v16.2.15";"src/rgw/rgw_amqp.h";"";"M";"M";"0";"3";"FALSE";"100644";"100644";"7a2316858ca4326df7c54e1edc32b26f1c428995";"84d0650731c53139a032000b64911a25705faf24";"12";"12-rgw";"P1";"runtime/source";"deep";"Chọn đọc sâu theo nhóm: implementation thuộc RGW, S3, auth/policy, bucket/object và multisite.";"";"conditional";"RGW-005";"Runtime path có hunk finding-relevant; tác động chỉ xuất hiện khi service/feature tương ứng được bật hoặc gặp failure path.";"RGWLC::process,RGWPubSub,RGWAMQPManager,RGWGC,cls_fifo";"7abfaf086ba393959df15a684dabeddbb9ba188d,d59fe5c12d9e893179cb1c840120fbf50ca8b88d,48f34daa188beeb3293e8929d231ca0885b712dc";"endpoint+history"
"2269";"v16.2.5";"v16.2.15";"src/rgw/rgw_asio_client.cc";"";"M";"M";"1";"0";"FALSE";"100644";"100644";"ccafa3498b8effd7cd6431263dac89564d80418c";"d74393633351bc4cfeec274aa8b1b012c9e7cca8";"12";"12-rgw";"P1";"runtime/source";"deep";"Chọn đọc sâu theo nhóm: implementation thuộc RGW, S3, auth/policy, bucket/object và multisite.";"";"mixed";"RGW-007";"File chứa hunk finding-relevant cùng thay đổi chức năng/refactor khác; tác động phụ thuộc API, workload hoặc topology RGW tương ứng.";"RGWAsioFrontend,Connection::timeout_handler,StreamIO,RGWWebsite,RGWDeleteMultiObj";"671de0a3923831224655c76bb365b56494670b55,403c285a09fe50d0bf9daad033904ee9981c95d8,584cc66ee133a2a75b5ae1b4920b680d06ce4aee";"endpoint+history"
"2270";"v16.2.5";"v16.2.15";"src/rgw/rgw_asio_client.h";"";"M";"M";"3";"0";"FALSE";"100644";"100644";"a595b0351997ba452472c2bf7dd5f9ead1beebcf";"8b03fe2e3da8856cefd1ecb587f4c991693088ec";"12";"12-rgw";"P1";"runtime/source";"deep";"Chọn đọc sâu theo nhóm: implementation thuộc RGW, S3, auth/policy, bucket/object và multisite.";"";"mixed";"RGW-007";"File chứa hunk finding-relevant cùng thay đổi chức năng/refactor khác; tác động phụ thuộc API, workload hoặc topology RGW tương ứng.";"RGWAsioFrontend,Connection::timeout_handler,StreamIO,RGWWebsite,RGWDeleteMultiObj";"671de0a3923831224655c76bb365b56494670b55,403c285a09fe50d0bf9daad033904ee9981c95d8,584cc66ee133a2a75b5ae1b4920b680d06ce4aee";"endpoint+history"
"2271";"v16.2.5";"v16.2.15";"src/rgw/rgw_asio_frontend.cc";"";"M";"M";"182";"72";"FALSE";"100644";"100644";"b900e7dbc7793ceddf5a99041eda436c56541d6b";"8bbd87755fd8d61daaa278dd58dc7ee49173e036";"12";"12-rgw";"P1";"runtime/source";"deep";"Chọn đọc sâu theo nhóm: implementation thuộc RGW, S3, auth/policy, bucket/object và multisite.";"";"mixed";"RGW-007";"File chứa hunk finding-relevant cùng thay đổi chức năng/refactor khác; tác động phụ thuộc API, workload hoặc topology RGW tương ứng.";"RGWAsioFrontend,Connection::timeout_handler,StreamIO,RGWWebsite,RGWDeleteMultiObj";"671de0a3923831224655c76bb365b56494670b55,403c285a09fe50d0bf9daad033904ee9981c95d8,584cc66ee133a2a75b5ae1b4920b680d06ce4aee";"endpoint+history"
"2272";"v16.2.5";"v16.2.15";"src/rgw/rgw_asio_frontend_timer.h";"";"A";"A";"66";"0";"FALSE";"0";"100644";"0";"bc58790d62986fada91578cb450068aa092162fb";"12";"12-rgw";"P1";"runtime/source";"deep";"Chọn đọc sâu theo nhóm: implementation thuộc RGW, S3, auth/policy, bucket/object và multisite.";"";"mixed";"RGW-007";"File chứa hunk finding-relevant cùng thay đổi chức năng/refactor khác; tác động phụ thuộc API, workload hoặc topology RGW tương ứng.";"RGWAsioFrontend,Connection::timeout_handler,StreamIO,RGWWebsite,RGWDeleteMultiObj";"671de0a3923831224655c76bb365b56494670b55,403c285a09fe50d0bf9daad033904ee9981c95d8,584cc66ee133a2a75b5ae1b4920b680d06ce4aee";"endpoint+history"
"2273";"v16.2.5";"v16.2.15";"src/rgw/rgw_auth.cc";"";"M";"M";"118";"37";"FALSE";"100644";"100644";"9d0d3ea42b3347d5a6ab1b0f27fca00db1943d87";"1a1f5b113ead381cc84d7f0eb5527b545a27eaa6";"12";"12-rgw";"P1";"runtime/source";"deep";"Chọn đọc sâu theo nhóm: implementation thuộc RGW, S3, auth/policy, bucket/object và multisite.";"";"mixed";"RGW-006";"File chứa hunk finding-relevant cùng thay đổi chức năng/refactor khác; tác động phụ thuộc API, workload hoặc topology RGW tương ứng.";"read_obj_policy,Policy::eval,RGWSTS,RGWRole,RGWAuthRegistry";"36d428be572ecf6fb7bc3cceb15489a1be323207,f4ab5e2e4a537cfb79ed062bb85acbb15a06111f,7df41ea66e7f5a12c2c89837dfba9359e7c42698";"endpoint+history"
"2274";"v16.2.5";"v16.2.15";"src/rgw/rgw_auth.h";"";"M";"M";"105";"45";"FALSE";"100644";"100644";"c65f0b335b10565b358f6800f7fcaefa8bdc58e4";"dab41256c69b25a83224ed098a6396174db24fd5";"12";"12-rgw";"P1";"runtime/source";"deep";"Chọn đọc sâu theo nhóm: implementation thuộc RGW, S3, auth/policy, bucket/object và multisite.";"";"mixed";"RGW-006";"File chứa hunk finding-relevant cùng thay đổi chức năng/refactor khác; tác động phụ thuộc API, workload hoặc topology RGW tương ứng.";"read_obj_policy,Policy::eval,RGWSTS,RGWRole,RGWAuthRegistry";"36d428be572ecf6fb7bc3cceb15489a1be323207,f4ab5e2e4a537cfb79ed062bb85acbb15a06111f,7df41ea66e7f5a12c2c89837dfba9359e7c42698";"endpoint+history"
"2275";"v16.2.5";"v16.2.15";"src/rgw/rgw_auth_filters.h";"";"M";"M";"4";"0";"FALSE";"100644";"100644";"bea9665e4167d910868cf7859fd592780e69712e";"1b59f3bb25a1bed099bc862a664add518429b11b";"12";"12-rgw";"P1";"runtime/source";"deep";"Chọn đọc sâu theo nhóm: implementation thuộc RGW, S3, auth/policy, bucket/object và multisite.";"";"mixed";"RGW-006";"File chứa hunk finding-relevant cùng thay đổi chức năng/refactor khác; tác động phụ thuộc API, workload hoặc topology RGW tương ứng.";"read_obj_policy,Policy::eval,RGWSTS,RGWRole,RGWAuthRegistry";"36d428be572ecf6fb7bc3cceb15489a1be323207,f4ab5e2e4a537cfb79ed062bb85acbb15a06111f,7df41ea66e7f5a12c2c89837dfba9359e7c42698";"endpoint+history"
"2276";"v16.2.5";"v16.2.15";"src/rgw/rgw_auth_keystone.cc";"";"M";"M";"51";"26";"FALSE";"100644";"100644";"124b50793e4da3b7e63d1f9a8487c0155b5cbe67";"fced30f7740b07b1d2de659d7750441e98661ab3";"12";"12-rgw";"P1";"runtime/source";"deep";"Chọn đọc sâu theo nhóm: implementation thuộc RGW, S3, auth/policy, bucket/object và multisite.";"";"mixed";"RGW-006";"File chứa hunk finding-relevant cùng thay đổi chức năng/refactor khác; tác động phụ thuộc API, workload hoặc topology RGW tương ứng.";"read_obj_policy,Policy::eval,RGWSTS,RGWRole,RGWAuthRegistry";"36d428be572ecf6fb7bc3cceb15489a1be323207,f4ab5e2e4a537cfb79ed062bb85acbb15a06111f,7df41ea66e7f5a12c2c89837dfba9359e7c42698";"endpoint+history"
"2277";"v16.2.5";"v16.2.15";"src/rgw/rgw_auth_keystone.h";"";"M";"M";"4";"2";"FALSE";"100644";"100644";"4ad20442b96beb729e25c199461ef9821d2d2a55";"e68da934e49bf71d7b9cdda8fdaba49c85ffa311";"12";"12-rgw";"P1";"runtime/source";"deep";"Chọn đọc sâu theo nhóm: implementation thuộc RGW, S3, auth/policy, bucket/object và multisite.";"";"mixed";"RGW-006";"File chứa hunk finding-relevant cùng thay đổi chức năng/refactor khác; tác động phụ thuộc API, workload hoặc topology RGW tương ứng.";"read_obj_policy,Policy::eval,RGWSTS,RGWRole,RGWAuthRegistry";"36d428be572ecf6fb7bc3cceb15489a1be323207,f4ab5e2e4a537cfb79ed062bb85acbb15a06111f,7df41ea66e7f5a12c2c89837dfba9359e7c42698";"endpoint+history"
"2278";"v16.2.5";"v16.2.15";"src/rgw/rgw_auth_s3.cc";"";"M";"M";"91";"7";"FALSE";"100644";"100644";"6fa6e651e50cad95847e26e94cfeddf95ddfb5c6";"f34c867f6ba189053242746a8b681c24e94bd3a9";"12";"12-rgw";"P1";"runtime/source";"deep";"Chọn đọc sâu theo nhóm: implementation thuộc RGW, S3, auth/policy, bucket/object và multisite.";"";"mixed";"RGW-006";"File chứa hunk finding-relevant cùng thay đổi chức năng/refactor khác; tác động phụ thuộc API, workload hoặc topology RGW tương ứng.";"read_obj_policy,Policy::eval,RGWSTS,RGWRole,RGWAuthRegistry";"36d428be572ecf6fb7bc3cceb15489a1be323207,f4ab5e2e4a537cfb79ed062bb85acbb15a06111f,7df41ea66e7f5a12c2c89837dfba9359e7c42698";"endpoint+history"
"2279";"v16.2.5";"v16.2.15";"src/rgw/rgw_auth_s3.h";"";"M";"M";"13";"10";"FALSE";"100644";"100644";"4288bd2f0d4e040789f0fe28a660ce2e62b7e611";"3064555f75219bb142c7e4ded4687ba3a32356c7";"12";"12-rgw";"P1";"runtime/source";"deep";"Chọn đọc sâu theo nhóm: implementation thuộc RGW, S3, auth/policy, bucket/object và multisite.";"";"mixed";"RGW-006";"File chứa hunk finding-relevant cùng thay đổi chức năng/refactor khác; tác động phụ thuộc API, workload hoặc topology RGW tương ứng.";"read_obj_policy,Policy::eval,RGWSTS,RGWRole,RGWAuthRegistry";"36d428be572ecf6fb7bc3cceb15489a1be323207,f4ab5e2e4a537cfb79ed062bb85acbb15a06111f,7df41ea66e7f5a12c2c89837dfba9359e7c42698";"endpoint+history"
"2280";"v16.2.5";"v16.2.15";"src/rgw/rgw_bucket.cc";"";"M";"M";"443";"11";"FALSE";"100644";"100644";"7d836883fcacd148bc9649b32b4302ffecb1d75b";"d104bf3c05dad231cc4859d845d3799b8b310d6c";"12";"12-rgw";"P1";"runtime/source";"deep";"Chọn đọc sâu theo nhóm: implementation thuộc RGW, S3, auth/policy, bucket/object và multisite.";"";"mixed";"RGW-003,RGW-004,RGW-008";"File chứa hunk finding-relevant cùng thay đổi chức năng/refactor khác; tác động phụ thuộc API, workload hoặc topology RGW tương ứng.";"RGWRados::guard_reshard,RGWBucketReshard,cls_rgw_bucket_complete_op,complete_remove_obj,RGWDataSyncStatusManager,RGWMetaSyncStatusManager,RGWDataChangesLog,RGWSyncPolicyHandler,RGWBucketAdminOp::check_index,RGWBucket::check_index,RGWRados::bucket_check_index";"b11c10acc9026d92b90cfb88f6a3381274ccb9bc,315981003ed5ccf2bc567e960a4d699e956e8d6f,1e575378b00fc2c8b56b09834276e68dddbb1385,9d7a80b5901351fe769df974f336714e62712d7b,097d574ab3e0cf288118759cb8575655452fbb94,46802213a28490d59bf6b546c0791382175d0fd9,1c1569b66084754511f2933d2247d132cf6018b6,d828c761a114138914eb6e0ab6e237b6c22c8059,4817bcaf9d385cb60ef36373ac0262e466953994";"endpoint+history"
"2281";"v16.2.5";"v16.2.15";"src/rgw/rgw_bucket.h";"";"M";"M";"20";"4";"FALSE";"100644";"100644";"7ab2dfc81bdcd9416f3618c18fb6632231429e98";"09088e0d83ebf5c90595027b6153392dbaa3dd5a";"12";"12-rgw";"P1";"runtime/source";"deep";"Chọn đọc sâu theo nhóm: implementation thuộc RGW, S3, auth/policy, bucket/object và multisite.";"";"mixed";"RGW-003,RGW-004,RGW-008";"File chứa hunk finding-relevant cùng thay đổi chức năng/refactor khác; tác động phụ thuộc API, workload hoặc topology RGW tương ứng.";"RGWRados::guard_reshard,RGWBucketReshard,cls_rgw_bucket_complete_op,complete_remove_obj,RGWDataSyncStatusManager,RGWMetaSyncStatusManager,RGWDataChangesLog,RGWSyncPolicyHandler,RGWBucketAdminOp::check_index,RGWBucket::check_index,RGWRados::bucket_check_index";"b11c10acc9026d92b90cfb88f6a3381274ccb9bc,315981003ed5ccf2bc567e960a4d699e956e8d6f,1e575378b00fc2c8b56b09834276e68dddbb1385,9d7a80b5901351fe769df974f336714e62712d7b,097d574ab3e0cf288118759cb8575655452fbb94,46802213a28490d59bf6b546c0791382175d0fd9,1c1569b66084754511f2933d2247d132cf6018b6,d828c761a114138914eb6e0ab6e237b6c22c8059,4817bcaf9d385cb60ef36373ac0262e466953994";"endpoint+history"
"2282";"v16.2.5";"v16.2.15";"src/rgw/rgw_cache.cc";"";"M";"M";"3";"2";"FALSE";"100644";"100644";"e82c142eb024042ba06e742a3a408582910fe6a8";"346b86193c99a6dc597d9802f5702e572fff9541";"12";"12-rgw";"P1";"runtime/source";"deep";"Chọn đọc sâu theo nhóm: implementation thuộc RGW, S3, auth/policy, bucket/object và multisite.";"";"trivial";"";"Đã đọc net diff và lịch sử; thay đổi feature, refactor, test hoặc công cụ thông thường không có causal chain nâng cấp độc lập.";"";"";"screened-endpoint+history"
"2283";"v16.2.5";"v16.2.15";"src/rgw/rgw_cache.h";"";"M";"M";"5";"0";"FALSE";"100644";"100644";"852780cc6644664c941b34452b3ae0929e512ec3";"c00d1a36c8f51c4a01a93bdf2c032a48a33f2c04";"12";"12-rgw";"P1";"runtime/source";"deep";"Chọn đọc sâu theo nhóm: implementation thuộc RGW, S3, auth/policy, bucket/object và multisite.";"";"trivial";"";"Đã đọc net diff và lịch sử; thay đổi feature, refactor, test hoặc công cụ thông thường không có causal chain nâng cấp độc lập.";"";"";"screened-endpoint+history"
"2284";"v16.2.5";"v16.2.15";"src/rgw/rgw_common.cc";"";"M";"M";"153";"59";"FALSE";"100644";"100644";"57765bbfe922c14665c6d036ea6d879fcd1f8867";"bc55ed8b41109c41d6a5395376eef8b5167582a2";"12";"12-rgw";"P1";"runtime/source";"deep";"Chọn đọc sâu theo nhóm: implementation thuộc RGW, S3, auth/policy, bucket/object và multisite.";"";"mixed";"RGW-006";"File chứa hunk finding-relevant cùng thay đổi chức năng/refactor khác; tác động phụ thuộc API, workload hoặc topology RGW tương ứng.";"read_obj_policy,Policy::eval,RGWSTS,RGWRole,RGWAuthRegistry";"36d428be572ecf6fb7bc3cceb15489a1be323207,f4ab5e2e4a537cfb79ed062bb85acbb15a06111f,7df41ea66e7f5a12c2c89837dfba9359e7c42698";"endpoint+history"
"2285";"v16.2.5";"v16.2.15";"src/rgw/rgw_common.h";"";"M";"M";"27";"14";"FALSE";"100644";"100644";"7b20466775d2b209cbc11aed373a9c96cdab7989";"20bc5e4e49f3810c2bae9832f6fd911ec157e374";"12";"12-rgw";"P1";"runtime/source";"deep";"Chọn đọc sâu theo nhóm: implementation thuộc RGW, S3, auth/policy, bucket/object và multisite.";"";"mixed";"RGW-006";"File chứa hunk finding-relevant cùng thay đổi chức năng/refactor khác; tác động phụ thuộc API, workload hoặc topology RGW tương ứng.";"read_obj_policy,Policy::eval,RGWSTS,RGWRole,RGWAuthRegistry";"36d428be572ecf6fb7bc3cceb15489a1be323207,f4ab5e2e4a537cfb79ed062bb85acbb15a06111f,7df41ea66e7f5a12c2c89837dfba9359e7c42698";"endpoint+history"
"2286";"v16.2.5";"v16.2.15";"src/rgw/rgw_coroutine.cc";"";"M";"M";"16";"4";"FALSE";"100644";"100644";"98397655ee43528d9bc65890cb801950f656674a";"4a2bb15861d87292cbc32ddf503681ddb3765a5f";"12";"12-rgw";"P1";"runtime/source";"deep";"Chọn đọc sâu theo nhóm: implementation thuộc RGW, S3, auth/policy, bucket/object và multisite.";"";"trivial";"";"Đã đọc net diff và lịch sử; thay đổi feature, refactor, test hoặc công cụ thông thường không có causal chain nâng cấp độc lập.";"";"";"screened-endpoint+history"
"2287";"v16.2.5";"v16.2.15";"src/rgw/rgw_cors.h";"";"M";"M";"13";"0";"FALSE";"100644";"100644";"6679900953b6d9b376d829272fe32c2c88e0e572";"af0ed3c7910d9ba406c14abf2d27177f34ccb356";"12";"12-rgw";"P1";"runtime/source";"deep";"Chọn đọc sâu theo nhóm: implementation thuộc RGW, S3, auth/policy, bucket/object và multisite.";"";"trivial";"";"Đã đọc net diff và lịch sử; thay đổi feature, refactor, test hoặc công cụ thông thường không có causal chain nâng cấp độc lập.";"";"";"screened-endpoint+history"
"2288";"v16.2.5";"v16.2.15";"src/rgw/rgw_cr_rados.cc";"";"M";"M";"8";"2";"FALSE";"100644";"100644";"70975c22a4ee1166ec8beeba2e11358d26c90bb5";"1174a3fc33b751329e8a1bf6800c86dd643e8629";"12";"12-rgw";"P1";"runtime/source";"deep";"Chọn đọc sâu theo nhóm: implementation thuộc RGW, S3, auth/policy, bucket/object và multisite.";"";"mixed";"RGW-004";"File chứa hunk finding-relevant cùng thay đổi chức năng/refactor khác; tác động phụ thuộc API, workload hoặc topology RGW tương ứng.";"RGWDataSyncStatusManager,RGWMetaSyncStatusManager,RGWDataChangesLog,RGWSyncPolicyHandler";"9d7a80b5901351fe769df974f336714e62712d7b,097d574ab3e0cf288118759cb8575655452fbb94,46802213a28490d59bf6b546c0791382175d0fd9";"endpoint+history"
"2289";"v16.2.5";"v16.2.15";"src/rgw/rgw_cr_rados.h";"";"M";"M";"2";"0";"FALSE";"100644";"100644";"87fa65b5514a17ff4824435ffaa6a53e16879113";"c46c0394fefeb52f563a3c8c1aab89cdbe8e6c7a";"12";"12-rgw";"P1";"runtime/source";"deep";"Chọn đọc sâu theo nhóm: implementation thuộc RGW, S3, auth/policy, bucket/object và multisite.";"";"mixed";"RGW-004";"File chứa hunk finding-relevant cùng thay đổi chức năng/refactor khác; tác động phụ thuộc API, workload hoặc topology RGW tương ứng.";"RGWDataSyncStatusManager,RGWMetaSyncStatusManager,RGWDataChangesLog,RGWSyncPolicyHandler";"9d7a80b5901351fe769df974f336714e62712d7b,097d574ab3e0cf288118759cb8575655452fbb94,46802213a28490d59bf6b546c0791382175d0fd9";"endpoint+history"
"2290";"v16.2.5";"v16.2.15";"src/rgw/rgw_crypt.cc";"";"M";"M";"7";"5";"FALSE";"100644";"100644";"16d226edfefb947c64d196b7b5680eac04fcb5a2";"08837d39ef2aa7387b35d75f2cec7df1da3c2c15";"12";"12-rgw";"P1";"runtime/source";"deep";"Chọn đọc sâu theo nhóm: implementation thuộc RGW, S3, auth/policy, bucket/object và multisite.";"";"trivial";"";"Đã đọc net diff và lịch sử; thay đổi feature, refactor, test hoặc công cụ thông thường không có causal chain nâng cấp độc lập.";"";"";"screened-endpoint+history"
"2291";"v16.2.5";"v16.2.15";"src/rgw/rgw_data_sync.cc";"";"M";"M";"6";"18";"FALSE";"100644";"100644";"4f9dad49869be6e085194cdcd388de8559c70c51";"c769d95a7aa6bf5aeee51600c8d19c86dc09657b";"12";"12-rgw";"P1";"runtime/source";"deep";"Chọn đọc sâu theo nhóm: implementation thuộc RGW, S3, auth/policy, bucket/object và multisite.";"";"mixed";"RGW-004";"File chứa hunk finding-relevant cùng thay đổi chức năng/refactor khác; tác động phụ thuộc API, workload hoặc topology RGW tương ứng.";"RGWDataSyncStatusManager,RGWMetaSyncStatusManager,RGWDataChangesLog,RGWSyncPolicyHandler";"9d7a80b5901351fe769df974f336714e62712d7b,097d574ab3e0cf288118759cb8575655452fbb94,46802213a28490d59bf6b546c0791382175d0fd9";"endpoint+history"
"2292";"v16.2.5";"v16.2.15";"src/rgw/rgw_datalog.cc";"";"M";"M";"16";"9";"FALSE";"100644";"100644";"64d13270ac0492234ef726ce8730ae7b755d35f0";"545ec89370785225bc0c4d0a690603ecd08f8a2e";"12";"12-rgw";"P1";"runtime/source";"deep";"Chọn đọc sâu theo nhóm: implementation thuộc RGW, S3, auth/policy, bucket/object và multisite.";"";"mixed";"RGW-004";"File chứa hunk finding-relevant cùng thay đổi chức năng/refactor khác; tác động phụ thuộc API, workload hoặc topology RGW tương ứng.";"RGWDataSyncStatusManager,RGWMetaSyncStatusManager,RGWDataChangesLog,RGWSyncPolicyHandler";"9d7a80b5901351fe769df974f336714e62712d7b,097d574ab3e0cf288118759cb8575655452fbb94,46802213a28490d59bf6b546c0791382175d0fd9";"endpoint+history"
"2293";"v16.2.5";"v16.2.15";"src/rgw/rgw_datalog.h";"";"M";"M";"3";"3";"FALSE";"100644";"100644";"1ff714873367eb2e1359a11d49f2500e5dcbaa17";"f609a02bf365c2d88fc7f2df6284516c357f997c";"12";"12-rgw";"P1";"runtime/source";"deep";"Chọn đọc sâu theo nhóm: implementation thuộc RGW, S3, auth/policy, bucket/object và multisite.";"";"mixed";"RGW-004";"File chứa hunk finding-relevant cùng thay đổi chức năng/refactor khác; tác động phụ thuộc API, workload hoặc topology RGW tương ứng.";"RGWDataSyncStatusManager,RGWMetaSyncStatusManager,RGWDataChangesLog,RGWSyncPolicyHandler";"9d7a80b5901351fe769df974f336714e62712d7b,097d574ab3e0cf288118759cb8575655452fbb94,46802213a28490d59bf6b546c0791382175d0fd9";"endpoint+history"
"2294";"v16.2.5";"v16.2.15";"src/rgw/rgw_dencoder.cc";"";"M";"M";"19";"1";"FALSE";"100644";"100644";"227d20e82c121137a621bfc4a1091ae1079ac786";"10fc0eb303a26ead2d4f15c6b8c0f679f5170ec7";"12";"12-rgw";"P1";"runtime/source";"deep";"Chọn đọc sâu theo nhóm: implementation thuộc RGW, S3, auth/policy, bucket/object và multisite.";"";"trivial";"";"Đã đọc net diff và lịch sử; thay đổi feature, refactor, test hoặc công cụ thông thường không có causal chain nâng cấp độc lập.";"";"";"screened-endpoint+history"
"2295";"v16.2.5";"v16.2.15";"src/rgw/rgw_env.cc";"";"M";"M";"15";"0";"FALSE";"100644";"100644";"4e714d097a2e33fa76da3bc02a16566103b76a3c";"3e33ffc037fd631f8b69517cb8cc9904e1d4513b";"12";"12-rgw";"P1";"runtime/source";"deep";"Chọn đọc sâu theo nhóm: implementation thuộc RGW, S3, auth/policy, bucket/object và multisite.";"";"trivial";"";"Đã đọc net diff và lịch sử; thay đổi feature, refactor, test hoặc công cụ thông thường không có causal chain nâng cấp độc lập.";"";"";"screened-endpoint+history"
"2296";"v16.2.5";"v16.2.15";"src/rgw/rgw_etag_verifier.h";"";"M";"M";"8";"2";"FALSE";"100644";"100644";"48007cf169984d614bc16c0befc8317b25281c38";"563b1e8c78f8a0207b690d58a2a170c423393f80";"12";"12-rgw";"P1";"runtime/source";"deep";"Chọn đọc sâu theo nhóm: implementation thuộc RGW, S3, auth/policy, bucket/object và multisite.";"";"trivial";"";"Đã đọc net diff và lịch sử; thay đổi feature, refactor, test hoặc công cụ thông thường không có causal chain nâng cấp độc lập.";"";"";"screened-endpoint+history"
"2297";"v16.2.5";"v16.2.15";"src/rgw/rgw_file.cc";"";"M";"M";"61";"11";"FALSE";"100644";"100644";"77e4db05e2b73e66c84d1866973d012513630a62";"237b48163ee68ecc75c96079e455dfbb0f8c3f76";"12";"12-rgw";"P1";"runtime/source";"deep";"Chọn đọc sâu theo nhóm: implementation thuộc RGW, S3, auth/policy, bucket/object và multisite.";"";"trivial";"";"Đã đọc net diff và lịch sử; thay đổi feature, refactor, test hoặc công cụ thông thường không có causal chain nâng cấp độc lập.";"";"";"screened-endpoint+history"
"2298";"v16.2.5";"v16.2.15";"src/rgw/rgw_file.h";"";"M";"M";"66";"46";"FALSE";"100644";"100644";"60845d9d896b5c984c719e4a39fae8104690890c";"6d4b2689df390f5990a6c355170969c69a1c87dc";"12";"12-rgw";"P1";"runtime/source";"deep";"Chọn đọc sâu theo nhóm: implementation thuộc RGW, S3, auth/policy, bucket/object và multisite.";"";"trivial";"";"Đã đọc net diff và lịch sử; thay đổi feature, refactor, test hoặc công cụ thông thường không có causal chain nâng cấp độc lập.";"";"";"screened-endpoint+history"
"2299";"v16.2.5";"v16.2.15";"src/rgw/rgw_gc.cc";"";"M";"M";"51";"1";"FALSE";"100644";"100644";"6e907c5dbf9744e219ecceee9badc9b1972624dd";"5e2d6e1cb706017a0f3a9bea2ae61229d5128de1";"12";"12-rgw";"P1";"runtime/source";"deep";"Chọn đọc sâu theo nhóm: implementation thuộc RGW, S3, auth/policy, bucket/object và multisite.";"";"conditional";"RGW-005";"Runtime path có hunk finding-relevant; tác động chỉ xuất hiện khi service/feature tương ứng được bật hoặc gặp failure path.";"RGWLC::process,RGWPubSub,RGWAMQPManager,RGWGC,cls_fifo";"7abfaf086ba393959df15a684dabeddbb9ba188d,d59fe5c12d9e893179cb1c840120fbf50ca8b88d,48f34daa188beeb3293e8929d231ca0885b712dc";"endpoint+history"
"2300";"v16.2.5";"v16.2.15";"src/rgw/rgw_gc.h";"";"M";"M";"2";"1";"FALSE";"100644";"100644";"2345db85146edb23363c77b28d9211b42fcee4c9";"13d9ba64ae4d09bd077ab1390177d405c0755ba2";"12";"12-rgw";"P1";"runtime/source";"deep";"Chọn đọc sâu theo nhóm: implementation thuộc RGW, S3, auth/policy, bucket/object và multisite.";"";"conditional";"RGW-005";"Runtime path có hunk finding-relevant; tác động chỉ xuất hiện khi service/feature tương ứng được bật hoặc gặp failure path.";"RGWLC::process,RGWPubSub,RGWAMQPManager,RGWGC,cls_fifo";"7abfaf086ba393959df15a684dabeddbb9ba188d,d59fe5c12d9e893179cb1c840120fbf50ca8b88d,48f34daa188beeb3293e8929d231ca0885b712dc";"endpoint+history"
"2301";"v16.2.5";"v16.2.15";"src/rgw/rgw_http_client.cc";"";"M";"M";"16";"1";"FALSE";"100644";"100644";"1ade7dfe8284b72c60435383f65250e1cfb42e56";"01457a7c98ae9cce3e9360748d70143d6912af1d";"12";"12-rgw";"P1";"runtime/source";"deep";"Chọn đọc sâu theo nhóm: implementation thuộc RGW, S3, auth/policy, bucket/object và multisite.";"";"mixed";"RGW-007";"File chứa hunk finding-relevant cùng thay đổi chức năng/refactor khác; tác động phụ thuộc API, workload hoặc topology RGW tương ứng.";"RGWAsioFrontend,Connection::timeout_handler,StreamIO,RGWWebsite,RGWDeleteMultiObj";"671de0a3923831224655c76bb365b56494670b55,403c285a09fe50d0bf9daad033904ee9981c95d8,584cc66ee133a2a75b5ae1b4920b680d06ce4aee";"endpoint+history"
"2302";"v16.2.5";"v16.2.15";"src/rgw/rgw_http_client.h";"";"M";"M";"18";"0";"FALSE";"100644";"100644";"840ff88fe97d91d97b0c211b1542c4c72253d0ef";"79de60a179660cebaf90a00d55f88ed1a9eb4565";"12";"12-rgw";"P1";"runtime/source";"deep";"Chọn đọc sâu theo nhóm: implementation thuộc RGW, S3, auth/policy, bucket/object và multisite.";"";"mixed";"RGW-007";"File chứa hunk finding-relevant cùng thay đổi chức năng/refactor khác; tác động phụ thuộc API, workload hoặc topology RGW tương ứng.";"RGWAsioFrontend,Connection::timeout_handler,StreamIO,RGWWebsite,RGWDeleteMultiObj";"671de0a3923831224655c76bb365b56494670b55,403c285a09fe50d0bf9daad033904ee9981c95d8,584cc66ee133a2a75b5ae1b4920b680d06ce4aee";"endpoint+history"
"2303";"v16.2.5";"v16.2.15";"src/rgw/rgw_iam_policy.cc";"";"M";"M";"108";"21";"FALSE";"100644";"100644";"2265334a76f427b6de1ef993b1ec11eff3733ba0";"aa7124e14e804a8aa00a709e5492d09b4e1333fa";"12";"12-rgw";"P1";"runtime/source";"deep";"Chọn đọc sâu theo nhóm: implementation thuộc RGW, S3, auth/policy, bucket/object và multisite.";"";"mixed";"RGW-006";"File chứa hunk finding-relevant cùng thay đổi chức năng/refactor khác; tác động phụ thuộc API, workload hoặc topology RGW tương ứng.";"read_obj_policy,Policy::eval,RGWSTS,RGWRole,RGWAuthRegistry";"36d428be572ecf6fb7bc3cceb15489a1be323207,f4ab5e2e4a537cfb79ed062bb85acbb15a06111f,7df41ea66e7f5a12c2c89837dfba9359e7c42698";"endpoint+history"
"2304";"v16.2.5";"v16.2.15";"src/rgw/rgw_iam_policy.h";"";"M";"M";"67";"12";"FALSE";"100644";"100644";"4f2c144f29f4b362fa80208787910338b448022c";"eeda0a6452fb1ab2c839470eeaf558ff048db5d9";"12";"12-rgw";"P1";"runtime/source";"deep";"Chọn đọc sâu theo nhóm: implementation thuộc RGW, S3, auth/policy, bucket/object và multisite.";"";"mixed";"RGW-006";"File chứa hunk finding-relevant cùng thay đổi chức năng/refactor khác; tác động phụ thuộc API, workload hoặc topology RGW tương ứng.";"read_obj_policy,Policy::eval,RGWSTS,RGWRole,RGWAuthRegistry";"36d428be572ecf6fb7bc3cceb15489a1be323207,f4ab5e2e4a537cfb79ed062bb85acbb15a06111f,7df41ea66e7f5a12c2c89837dfba9359e7c42698";"endpoint+history"
"2305";"v16.2.5";"v16.2.15";"src/rgw/rgw_iam_policy_keywords.gperf";"";"M";"M";"6";"0";"FALSE";"100644";"100644";"4f6f22a9b73a7ffd01a71b68da7ed31668ee9151";"af73dd130749a0807b3e8d5ff0639db5137f1b5b";"12";"12-rgw";"P1";"runtime/source";"deep";"Chọn đọc sâu theo nhóm: implementation thuộc RGW, S3, auth/policy, bucket/object và multisite.";"";"mixed";"RGW-006";"File chứa hunk finding-relevant cùng thay đổi chức năng/refactor khác; tác động phụ thuộc API, workload hoặc topology RGW tương ứng.";"read_obj_policy,Policy::eval,RGWSTS,RGWRole,RGWAuthRegistry";"36d428be572ecf6fb7bc3cceb15489a1be323207,f4ab5e2e4a537cfb79ed062bb85acbb15a06111f,7df41ea66e7f5a12c2c89837dfba9359e7c42698";"endpoint+history"
"2306";"v16.2.5";"v16.2.15";"src/rgw/rgw_iam_policy_keywords.h";"";"M";"M";"3";"0";"FALSE";"100644";"100644";"584a2580b6d672843beceb851eddf51007b4e0d5";"1c94dfe17103956c95c0acd7c43880da0cc239f8";"12";"12-rgw";"P1";"runtime/source";"deep";"Chọn đọc sâu theo nhóm: implementation thuộc RGW, S3, auth/policy, bucket/object và multisite.";"";"mixed";"RGW-006";"File chứa hunk finding-relevant cùng thay đổi chức năng/refactor khác; tác động phụ thuộc API, workload hoặc topology RGW tương ứng.";"read_obj_policy,Policy::eval,RGWSTS,RGWRole,RGWAuthRegistry";"36d428be572ecf6fb7bc3cceb15489a1be323207,f4ab5e2e4a537cfb79ed062bb85acbb15a06111f,7df41ea66e7f5a12c2c89837dfba9359e7c42698";"endpoint+history"
"2307";"v16.2.5";"v16.2.15";"src/rgw/rgw_json_enc.cc";"";"M";"M";"8";"5";"FALSE";"100644";"100644";"b3ceff68e757062a37b88944e53e728ebfa451f5";"3b1a582436e6fd8f17ede27744bdee0577605dfe";"12";"12-rgw";"P1";"runtime/source";"deep";"Chọn đọc sâu theo nhóm: implementation thuộc RGW, S3, auth/policy, bucket/object và multisite.";"";"trivial";"";"Đã đọc net diff và lịch sử; thay đổi feature, refactor, test hoặc công cụ thông thường không có causal chain nâng cấp độc lập.";"";"";"screened-endpoint+history"
"2308";"v16.2.5";"v16.2.15";"src/rgw/rgw_keystone.cc";"";"M";"M";"2";"0";"FALSE";"100644";"100644";"e9c14bd13a0a77ced5e7a177f3f1bc6d710b93da";"fe37963691c4cf0cc550d924e3e11d523a89a7e9";"12";"12-rgw";"P1";"runtime/source";"deep";"Chọn đọc sâu theo nhóm: implementation thuộc RGW, S3, auth/policy, bucket/object và multisite.";"";"mixed";"RGW-006";"File chứa hunk finding-relevant cùng thay đổi chức năng/refactor khác; tác động phụ thuộc API, workload hoặc topology RGW tương ứng.";"read_obj_policy,Policy::eval,RGWSTS,RGWRole,RGWAuthRegistry";"36d428be572ecf6fb7bc3cceb15489a1be323207,f4ab5e2e4a537cfb79ed062bb85acbb15a06111f,7df41ea66e7f5a12c2c89837dfba9359e7c42698";"endpoint+history"
"2309";"v16.2.5";"v16.2.15";"src/rgw/rgw_kms.cc";"";"M";"M";"22";"7";"FALSE";"100644";"100644";"8542d483d48270de4e39ec2247b56bb04f5e295b";"2fced0d7e4ea9c79fca0060640363c6106d042c4";"12";"12-rgw";"P1";"runtime/source";"deep";"Chọn đọc sâu theo nhóm: implementation thuộc RGW, S3, auth/policy, bucket/object và multisite.";"";"mixed";"RGW-006";"File chứa hunk finding-relevant cùng thay đổi chức năng/refactor khác; tác động phụ thuộc API, workload hoặc topology RGW tương ứng.";"read_obj_policy,Policy::eval,RGWSTS,RGWRole,RGWAuthRegistry";"36d428be572ecf6fb7bc3cceb15489a1be323207,f4ab5e2e4a537cfb79ed062bb85acbb15a06111f,7df41ea66e7f5a12c2c89837dfba9359e7c42698";"endpoint+history"
"2310";"v16.2.5";"v16.2.15";"src/rgw/rgw_lc.cc";"";"M";"M";"41";"16";"FALSE";"100644";"100644";"b2f5a96d76fa9c283e9f63c1a4bf01ab748ed917";"4b6aaaa36bd884a38c9bee9191317fb67c0fd325";"12";"12-rgw";"P1";"runtime/source";"deep";"Chọn đọc sâu theo nhóm: implementation thuộc RGW, S3, auth/policy, bucket/object và multisite.";"";"conditional";"RGW-005";"Runtime path có hunk finding-relevant; tác động chỉ xuất hiện khi service/feature tương ứng được bật hoặc gặp failure path.";"RGWLC::process,RGWPubSub,RGWAMQPManager,RGWGC,cls_fifo";"7abfaf086ba393959df15a684dabeddbb9ba188d,d59fe5c12d9e893179cb1c840120fbf50ca8b88d,48f34daa188beeb3293e8929d231ca0885b712dc";"endpoint+history"
"2311";"v16.2.5";"v16.2.15";"src/rgw/rgw_ldap.h";"";"M";"M";"1";"3";"FALSE";"100644";"100644";"c37789acc591daeae834510a1ae70e274b9f7d7b";"06986e5f59ac71ab87e18f46186a9fc2dc966663";"12";"12-rgw";"P1";"runtime/source";"deep";"Chọn đọc sâu theo nhóm: implementation thuộc RGW, S3, auth/policy, bucket/object và multisite.";"";"mixed";"RGW-006";"File chứa hunk finding-relevant cùng thay đổi chức năng/refactor khác; tác động phụ thuộc API, workload hoặc topology RGW tương ứng.";"read_obj_policy,Policy::eval,RGWSTS,RGWRole,RGWAuthRegistry";"36d428be572ecf6fb7bc3cceb15489a1be323207,f4ab5e2e4a537cfb79ed062bb85acbb15a06111f,7df41ea66e7f5a12c2c89837dfba9359e7c42698";"endpoint+history"
"2312";"v16.2.5";"v16.2.15";"src/rgw/rgw_lib.h";"";"M";"M";"2";"2";"FALSE";"100644";"100644";"9f43593fc720c26d6e18d2689ec2cc079384a001";"91c325255e496862416cb83d0e368394c625932e";"12";"12-rgw";"P1";"runtime/source";"deep";"Chọn đọc sâu theo nhóm: implementation thuộc RGW, S3, auth/policy, bucket/object và multisite.";"";"trivial";"";"Đã đọc net diff và lịch sử; thay đổi feature, refactor, test hoặc công cụ thông thường không có causal chain nâng cấp độc lập.";"";"";"screened-endpoint+history"
"2313";"v16.2.5";"v16.2.15";"src/rgw/rgw_log.cc";"";"M";"M";"245";"53";"FALSE";"100644";"100644";"edfd0087b6df2a9752fa279405d4b5fcfb7571af";"f0509586cbcee7013fa2105799cace50cbaf186e";"12";"12-rgw";"P1";"runtime/source";"deep";"Chọn đọc sâu theo nhóm: implementation thuộc RGW, S3, auth/policy, bucket/object và multisite.";"";"trivial";"";"Đã đọc net diff và lịch sử; thay đổi feature, refactor, test hoặc công cụ thông thường không có causal chain nâng cấp độc lập.";"";"";"screened-endpoint+history"
"2314";"v16.2.5";"v16.2.15";"src/rgw/rgw_log.h";"";"M";"M";"149";"8";"FALSE";"100644";"100644";"1de5227939a114bd4de7d7f94b4b0159bce685d0";"5e0805b01f78bfcf5d458b8acc3c01832094a075";"12";"12-rgw";"P1";"runtime/source";"deep";"Chọn đọc sâu theo nhóm: implementation thuộc RGW, S3, auth/policy, bucket/object và multisite.";"";"trivial";"";"Đã đọc net diff và lịch sử; thay đổi feature, refactor, test hoặc công cụ thông thường không có causal chain nâng cấp độc lập.";"";"";"screened-endpoint+history"
"2315";"v16.2.5";"v16.2.15";"src/rgw/rgw_log_backing.h";"";"M";"M";"3";"9";"FALSE";"100644";"100644";"29b315b21642b9ca87b2a6d386974f8a3a550e22";"599ea4bd1030b4d34e38ee75aa5df6fc86169378";"12";"12-rgw";"P1";"runtime/source";"deep";"Chọn đọc sâu theo nhóm: implementation thuộc RGW, S3, auth/policy, bucket/object và multisite.";"";"trivial";"";"Đã đọc net diff và lịch sử; thay đổi feature, refactor, test hoặc công cụ thông thường không có causal chain nâng cấp độc lập.";"";"";"screened-endpoint+history"
"2316";"v16.2.5";"v16.2.15";"src/rgw/rgw_lua_request.cc";"";"M";"M";"12";"14";"FALSE";"100644";"100644";"ebf1edf7d58b206e4798dedee615da9baa60cd61";"a770f0cf7df6027fc89910dd8d29b5b9c1c1f2d4";"12";"12-rgw";"P1";"runtime/source";"deep";"Chọn đọc sâu theo nhóm: implementation thuộc RGW, S3, auth/policy, bucket/object và multisite.";"";"trivial";"";"Đã đọc net diff và lịch sử; thay đổi feature, refactor, test hoặc công cụ thông thường không có causal chain nâng cấp độc lập.";"";"";"screened-endpoint+history"
"2317";"v16.2.5";"v16.2.15";"src/rgw/rgw_lua_request.h";"";"M";"M";"3";"3";"FALSE";"100644";"100644";"5ace5bf157fc442c3d437cac6316c6a620c8c8a1";"b017464280b369c6cb8efdd95270541b1d19e7e4";"12";"12-rgw";"P1";"runtime/source";"deep";"Chọn đọc sâu theo nhóm: implementation thuộc RGW, S3, auth/policy, bucket/object và multisite.";"";"trivial";"";"Đã đọc net diff và lịch sử; thay đổi feature, refactor, test hoặc công cụ thông thường không có causal chain nâng cấp độc lập.";"";"";"screened-endpoint+history"
"2318";"v16.2.5";"v16.2.15";"src/rgw/rgw_main.cc";"";"M";"M";"27";"8";"FALSE";"100644";"100644";"8b0bbb663e90ae0640ada12f8232861bb1568ffc";"f7a477954f2844285d5b03252245de8d857f7453";"12";"12-rgw";"P1";"runtime/source";"deep";"Chọn đọc sâu theo nhóm: implementation thuộc RGW, S3, auth/policy, bucket/object và multisite.";"";"mixed";"RGW-007";"File chứa hunk finding-relevant cùng thay đổi chức năng/refactor khác; target đổi cả frontend behavior lẫn mặc định kết nối MON khi RGW restart.";"radosgw_Main,RGWAsioFrontend,Connection::timeout_handler,StreamIO,RGWWebsite,RGWDeleteMultiObj";"5943bb5a94bb37429bf3c1bb9f15d69ad636002d,77d704ab057c35e26004fe0a09386054da5235a4,671de0a3923831224655c76bb365b56494670b55,403c285a09fe50d0bf9daad033904ee9981c95d8,584cc66ee133a2a75b5ae1b4920b680d06ce4aee";"endpoint+history"
"2319";"v16.2.5";"v16.2.15";"src/rgw/rgw_multi.cc";"";"M";"M";"29";"19";"FALSE";"100644";"100644";"10bc6559f75d1256ff414559d5e52543734a949c";"989d17a14d8fda5dc8cfdb357e9b71a87b4b4f1c";"12";"12-rgw";"P1";"runtime/source";"deep";"Chọn đọc sâu theo nhóm: implementation thuộc RGW, S3, auth/policy, bucket/object và multisite.";"";"mixed";"RGW-002";"File chứa hunk finding-relevant cùng thay đổi chức năng/refactor khác; tác động phụ thuộc API, workload hoặc topology RGW tương ứng.";"AtomicObjectProcessor::complete,RGWPostObj::execute,RadosWriter,MultipartObjectProcessor";"b1ef8f95eb533cb63695e54f11ce49d8b5e2a3cf,387cc1b14afdf0adc3fae9090e27626d7bcb102a,5a98f505fc4176f02b26673a0ab863b60c1ed92e";"endpoint+history"
"2320";"v16.2.5";"v16.2.15";"src/rgw/rgw_multi.h";"";"M";"M";"14";"10";"FALSE";"100644";"100644";"c58901a9fb036dafb40dbc32996857137f2e7307";"31069417e9169f1848c2a7571a9982e00c06ca6e";"12";"12-rgw";"P1";"runtime/source";"deep";"Chọn đọc sâu theo nhóm: implementation thuộc RGW, S3, auth/policy, bucket/object và multisite.";"";"mixed";"RGW-002";"File chứa hunk finding-relevant cùng thay đổi chức năng/refactor khác; tác động phụ thuộc API, workload hoặc topology RGW tương ứng.";"AtomicObjectProcessor::complete,RGWPostObj::execute,RadosWriter,MultipartObjectProcessor";"b1ef8f95eb533cb63695e54f11ce49d8b5e2a3cf,387cc1b14afdf0adc3fae9090e27626d7bcb102a,5a98f505fc4176f02b26673a0ab863b60c1ed92e";"endpoint+history"
"2321";"v16.2.5";"v16.2.15";"src/rgw/rgw_notify.cc";"";"M";"M";"66";"43";"FALSE";"100644";"100644";"a4ad062005e70b607fab90f84cf25bf108be6e0b";"1f859dc52ac75cfd59fe05f751af2339eeace463";"12";"12-rgw";"P1";"runtime/source";"deep";"Chọn đọc sâu theo nhóm: implementation thuộc RGW, S3, auth/policy, bucket/object và multisite.";"";"conditional";"RGW-005";"Runtime path có hunk finding-relevant; tác động chỉ xuất hiện khi service/feature tương ứng được bật hoặc gặp failure path.";"RGWLC::process,RGWPubSub,RGWAMQPManager,RGWGC,cls_fifo";"7abfaf086ba393959df15a684dabeddbb9ba188d,d59fe5c12d9e893179cb1c840120fbf50ca8b88d,48f34daa188beeb3293e8929d231ca0885b712dc";"endpoint+history"
"2322";"v16.2.5";"v16.2.15";"src/rgw/rgw_notify.h";"";"M";"M";"4";"2";"FALSE";"100644";"100644";"b7bfc28342ce6582167e9401367a64bd7b235fd8";"9aee8fafe01ae411c25cf0bf55a451ebe45a7a48";"12";"12-rgw";"P1";"runtime/source";"deep";"Chọn đọc sâu theo nhóm: implementation thuộc RGW, S3, auth/policy, bucket/object và multisite.";"";"conditional";"RGW-005";"Runtime path có hunk finding-relevant; tác động chỉ xuất hiện khi service/feature tương ứng được bật hoặc gặp failure path.";"RGWLC::process,RGWPubSub,RGWAMQPManager,RGWGC,cls_fifo";"7abfaf086ba393959df15a684dabeddbb9ba188d,d59fe5c12d9e893179cb1c840120fbf50ca8b88d,48f34daa188beeb3293e8929d231ca0885b712dc";"endpoint+history"
"2323";"v16.2.5";"v16.2.15";"src/rgw/rgw_notify_event_type.cc";"";"M";"M";"4";"0";"FALSE";"100644";"100644";"10c77c2818455d3bdf82d2d8700533e9afdfb3a2";"4af9a32f7e3b36eb6e26028a4c685781bcdc0482";"12";"12-rgw";"P1";"runtime/source";"deep";"Chọn đọc sâu theo nhóm: implementation thuộc RGW, S3, auth/policy, bucket/object và multisite.";"";"conditional";"RGW-005";"Runtime path có hunk finding-relevant; tác động chỉ xuất hiện khi service/feature tương ứng được bật hoặc gặp failure path.";"RGWLC::process,RGWPubSub,RGWAMQPManager,RGWGC,cls_fifo";"7abfaf086ba393959df15a684dabeddbb9ba188d,d59fe5c12d9e893179cb1c840120fbf50ca8b88d,48f34daa188beeb3293e8929d231ca0885b712dc";"endpoint+history"
"2324";"v16.2.5";"v16.2.15";"src/rgw/rgw_notify_event_type.h";"";"M";"M";"2";"0";"FALSE";"100644";"100644";"0d86bf3f3219f3c81fe37ab742c59bd1dd55bbf8";"f255bfd744eb23971d1153d26dcc6efcba904fe8";"12";"12-rgw";"P1";"runtime/source";"deep";"Chọn đọc sâu theo nhóm: implementation thuộc RGW, S3, auth/policy, bucket/object và multisite.";"";"conditional";"RGW-005";"Runtime path có hunk finding-relevant; tác động chỉ xuất hiện khi service/feature tương ứng được bật hoặc gặp failure path.";"RGWLC::process,RGWPubSub,RGWAMQPManager,RGWGC,cls_fifo";"7abfaf086ba393959df15a684dabeddbb9ba188d,d59fe5c12d9e893179cb1c840120fbf50ca8b88d,48f34daa188beeb3293e8929d231ca0885b712dc";"endpoint+history"
"2325";"v16.2.5";"v16.2.15";"src/rgw/rgw_obj_manifest.cc";"";"M";"M";"6";"0";"FALSE";"100644";"100644";"87dbb9a942fbdbf82250e4cbacaa8ced7c3f1270";"ca8c0bae75a4c51fbdf1f01f2cd21b6a51ea68b5";"12";"12-rgw";"P1";"runtime/source";"deep";"Chọn đọc sâu theo nhóm: implementation thuộc RGW, S3, auth/policy, bucket/object và multisite.";"";"mixed";"RGW-002";"File chứa hunk finding-relevant cùng thay đổi chức năng/refactor khác; tác động phụ thuộc API, workload hoặc topology RGW tương ứng.";"AtomicObjectProcessor::complete,RGWPostObj::execute,RadosWriter,MultipartObjectProcessor";"b1ef8f95eb533cb63695e54f11ce49d8b5e2a3cf,387cc1b14afdf0adc3fae9090e27626d7bcb102a,5a98f505fc4176f02b26673a0ab863b60c1ed92e";"endpoint+history"
"2326";"v16.2.5";"v16.2.15";"src/rgw/rgw_object_lock.cc";"";"M";"M";"1";"1";"FALSE";"100644";"100644";"5c0119befaa10c2b17acc6abfb75bfea5f78bdce";"83156cd7863c4e9ae290e95be78b5a141d673c81";"12";"12-rgw";"P1";"runtime/source";"deep";"Chọn đọc sâu theo nhóm: implementation thuộc RGW, S3, auth/policy, bucket/object và multisite.";"";"trivial";"";"Đã đọc net diff và lịch sử; thay đổi feature, refactor, test hoặc công cụ thông thường không có causal chain nâng cấp độc lập.";"";"";"screened-endpoint+history"
"2327";"v16.2.5";"v16.2.15";"src/rgw/rgw_op.cc";"";"M";"M";"1243";"402";"FALSE";"100644";"100644";"352d54e89116e792d6242f45c10a421b785cc2df";"f3660d30b181f3d0977f623471ed66e40b2fc945";"12";"12-rgw";"P1";"runtime/source";"deep";"Chọn đọc sâu theo nhóm: implementation thuộc RGW, S3, auth/policy, bucket/object và multisite.";"";"mixed";"RGW-002,RGW-004,RGW-006,RGW-007";"File chứa hunk finding-relevant cùng thay đổi chức năng/refactor khác; tác động phụ thuộc API, workload hoặc topology RGW tương ứng.";"AtomicObjectProcessor::complete,RGWPostObj::execute,RadosWriter,MultipartObjectProcessor,RGWDataSyncStatusManager,RGWMetaSyncStatusManager,RGWDataChangesLog,RGWSyncPolicyHandler,read_obj_policy,Policy::eval,RGWSTS,RGWRole,RGWAuthRegistry,RGWAsioFrontend,Connection::timeout_handler,StreamIO,RGWWebsite,RGWDeleteMultiObj";"b1ef8f95eb533cb63695e54f11ce49d8b5e2a3cf,387cc1b14afdf0adc3fae9090e27626d7bcb102a,5a98f505fc4176f02b26673a0ab863b60c1ed92e,9d7a80b5901351fe769df974f336714e62712d7b,097d574ab3e0cf288118759cb8575655452fbb94,46802213a28490d59bf6b546c0791382175d0fd9,36d428be572ecf6fb7bc3cceb15489a1be323207,f4ab5e2e4a537cfb79ed062bb85acbb15a06111f,7df41ea66e7f5a12c2c89837dfba9359e7c42698,671de0a3923831224655c76bb365b56494670b55,403c285a09fe50d0bf9daad033904ee9981c95d8,584cc66ee133a2a75b5ae1b4920b680d06ce4aee";"endpoint+history"
"2328";"v16.2.5";"v16.2.15";"src/rgw/rgw_op.h";"";"M";"M";"34";"3";"FALSE";"100644";"100644";"db73d65cf542040c867d2d2ba0e92c514d3257ed";"9ba59c8ffb17e240d8a5b7ca119f888688a03bb1";"12";"12-rgw";"P1";"runtime/source";"deep";"Chọn đọc sâu theo nhóm: implementation thuộc RGW, S3, auth/policy, bucket/object và multisite.";"";"mixed";"RGW-002,RGW-006,RGW-007";"File chứa hunk finding-relevant cùng thay đổi chức năng/refactor khác; tác động phụ thuộc API, workload hoặc topology RGW tương ứng.";"AtomicObjectProcessor::complete,RGWPostObj::execute,RadosWriter,MultipartObjectProcessor,read_obj_policy,Policy::eval,RGWSTS,RGWRole,RGWAuthRegistry,RGWAsioFrontend,Connection::timeout_handler,StreamIO,RGWWebsite,RGWDeleteMultiObj";"b1ef8f95eb533cb63695e54f11ce49d8b5e2a3cf,387cc1b14afdf0adc3fae9090e27626d7bcb102a,5a98f505fc4176f02b26673a0ab863b60c1ed92e,36d428be572ecf6fb7bc3cceb15489a1be323207,f4ab5e2e4a537cfb79ed062bb85acbb15a06111f,7df41ea66e7f5a12c2c89837dfba9359e7c42698,671de0a3923831224655c76bb365b56494670b55,403c285a09fe50d0bf9daad033904ee9981c95d8,584cc66ee133a2a75b5ae1b4920b680d06ce4aee";"endpoint+history"
"2329";"v16.2.5";"v16.2.15";"src/rgw/rgw_op_type.h";"";"M";"M";"3";"0";"FALSE";"100644";"100644";"ff474f00728afff4e7a5f0ce23851c34e4b1fe13";"979ee943c2eabb1be507bb224927355e9b3fe3ac";"12";"12-rgw";"P1";"runtime/source";"deep";"Chọn đọc sâu theo nhóm: implementation thuộc RGW, S3, auth/policy, bucket/object và multisite.";"";"trivial";"";"Đã đọc net diff và lịch sử; thay đổi feature, refactor, test hoặc công cụ thông thường không có causal chain nâng cấp độc lập.";"";"";"screened-endpoint+history"
"2330";"v16.2.5";"v16.2.15";"src/rgw/rgw_opa.cc";"";"M";"M";"16";"5";"FALSE";"100644";"100644";"4e5770300267f5c95da203eea6416eefc0a0527a";"6255afbbbce32c773e40bd0425f4d63402083285";"12";"12-rgw";"P1";"runtime/source";"deep";"Chọn đọc sâu theo nhóm: implementation thuộc RGW, S3, auth/policy, bucket/object và multisite.";"";"mixed";"RGW-006";"File chứa hunk finding-relevant cùng thay đổi chức năng/refactor khác; tác động phụ thuộc API, workload hoặc topology RGW tương ứng.";"read_obj_policy,Policy::eval,RGWSTS,RGWRole,RGWAuthRegistry";"36d428be572ecf6fb7bc3cceb15489a1be323207,f4ab5e2e4a537cfb79ed062bb85acbb15a06111f,7df41ea66e7f5a12c2c89837dfba9359e7c42698";"endpoint+history"
"2331";"v16.2.5";"v16.2.15";"src/rgw/rgw_process.cc";"";"M";"M";"4";"4";"FALSE";"100644";"100644";"02c3acc43eebe2c8ba8caa6202709a7195e5882e";"67d0a67f9ece101dfec24dcee53a2a6481277542";"12";"12-rgw";"P1";"runtime/source";"deep";"Chọn đọc sâu theo nhóm: implementation thuộc RGW, S3, auth/policy, bucket/object và multisite.";"";"mixed";"RGW-007";"File chứa hunk finding-relevant cùng thay đổi chức năng/refactor khác; tác động phụ thuộc API, workload hoặc topology RGW tương ứng.";"RGWAsioFrontend,Connection::timeout_handler,StreamIO,RGWWebsite,RGWDeleteMultiObj";"671de0a3923831224655c76bb365b56494670b55,403c285a09fe50d0bf9daad033904ee9981c95d8,584cc66ee133a2a75b5ae1b4920b680d06ce4aee";"endpoint+history"
"2332";"v16.2.5";"v16.2.15";"src/rgw/rgw_process.h";"";"M";"M";"3";"3";"FALSE";"100644";"100644";"598da0b120dec5ba77ec8f48901c84a19c12c6e9";"0da1646dc13891cb874a220a0c969dffca7049af";"12";"12-rgw";"P1";"runtime/source";"deep";"Chọn đọc sâu theo nhóm: implementation thuộc RGW, S3, auth/policy, bucket/object và multisite.";"";"mixed";"RGW-007";"File chứa hunk finding-relevant cùng thay đổi chức năng/refactor khác; tác động phụ thuộc API, workload hoặc topology RGW tương ứng.";"RGWAsioFrontend,Connection::timeout_handler,StreamIO,RGWWebsite,RGWDeleteMultiObj";"671de0a3923831224655c76bb365b56494670b55,403c285a09fe50d0bf9daad033904ee9981c95d8,584cc66ee133a2a75b5ae1b4920b680d06ce4aee";"endpoint+history"
"2333";"v16.2.5";"v16.2.15";"src/rgw/rgw_pubsub.cc";"";"M";"M";"26";"2";"FALSE";"100644";"100644";"00d8ffdc8642e54e9223d6619ff11d48216840d1";"8a6341e6e9868eda4aaff687517ad3c2cb7574cb";"12";"12-rgw";"P1";"runtime/source";"deep";"Chọn đọc sâu theo nhóm: implementation thuộc RGW, S3, auth/policy, bucket/object và multisite.";"";"conditional";"RGW-005";"Runtime path có hunk finding-relevant; tác động chỉ xuất hiện khi service/feature tương ứng được bật hoặc gặp failure path.";"RGWLC::process,RGWPubSub,RGWAMQPManager,RGWGC,cls_fifo";"7abfaf086ba393959df15a684dabeddbb9ba188d,d59fe5c12d9e893179cb1c840120fbf50ca8b88d,48f34daa188beeb3293e8929d231ca0885b712dc";"endpoint+history"
"2334";"v16.2.5";"v16.2.15";"src/rgw/rgw_pubsub.h";"";"M";"M";"9";"3";"FALSE";"100644";"100644";"b82384e64ec5448d05084cd34ccee2cd010b2dfc";"096ff3ea6266f3193236857dafbafa917746b657";"12";"12-rgw";"P1";"runtime/source";"deep";"Chọn đọc sâu theo nhóm: implementation thuộc RGW, S3, auth/policy, bucket/object và multisite.";"";"conditional";"RGW-005";"Runtime path có hunk finding-relevant; tác động chỉ xuất hiện khi service/feature tương ứng được bật hoặc gặp failure path.";"RGWLC::process,RGWPubSub,RGWAMQPManager,RGWGC,cls_fifo";"7abfaf086ba393959df15a684dabeddbb9ba188d,d59fe5c12d9e893179cb1c840120fbf50ca8b88d,48f34daa188beeb3293e8929d231ca0885b712dc";"endpoint+history"
"2335";"v16.2.5";"v16.2.15";"src/rgw/rgw_pubsub_push.cc";"";"M";"M";"1";"0";"FALSE";"100644";"100644";"ca1b43b588d4d1cb70fc5296235ab02ca1744892";"7aff6eb443b230f0123031f9a992884afa389872";"12";"12-rgw";"P1";"runtime/source";"deep";"Chọn đọc sâu theo nhóm: implementation thuộc RGW, S3, auth/policy, bucket/object và multisite.";"";"conditional";"RGW-005";"Runtime path có hunk finding-relevant; tác động chỉ xuất hiện khi service/feature tương ứng được bật hoặc gặp failure path.";"RGWLC::process,RGWPubSub,RGWAMQPManager,RGWGC,cls_fifo";"7abfaf086ba393959df15a684dabeddbb9ba188d,d59fe5c12d9e893179cb1c840120fbf50ca8b88d,48f34daa188beeb3293e8929d231ca0885b712dc";"endpoint+history"
"2336";"v16.2.5";"v16.2.15";"src/rgw/rgw_putobj_processor.cc";"";"M";"M";"16";"0";"FALSE";"100644";"100644";"acfe1c1641298b62ba99e6b088c1eecf482dfc03";"e26f2949b6371c52a2b5b99ac0a257d7b485fe97";"12";"12-rgw";"P1";"runtime/source";"deep";"Chọn đọc sâu theo nhóm: implementation thuộc RGW, S3, auth/policy, bucket/object và multisite.";"";"mixed";"RGW-002";"File chứa hunk finding-relevant cùng thay đổi chức năng/refactor khác; tác động phụ thuộc API, workload hoặc topology RGW tương ứng.";"AtomicObjectProcessor::complete,RGWPostObj::execute,RadosWriter,MultipartObjectProcessor";"b1ef8f95eb533cb63695e54f11ce49d8b5e2a3cf,387cc1b14afdf0adc3fae9090e27626d7bcb102a,5a98f505fc4176f02b26673a0ab863b60c1ed92e";"endpoint+history"
"2337";"v16.2.5";"v16.2.15";"src/rgw/rgw_putobj_processor.h";"";"M";"M";"3";"0";"FALSE";"100644";"100644";"f6308ddb7fb2a3323017d3a9c919d1dcee71e2e8";"73fc0264b914c02ed80c880af5d9dc07f8453524";"12";"12-rgw";"P1";"runtime/source";"deep";"Chọn đọc sâu theo nhóm: implementation thuộc RGW, S3, auth/policy, bucket/object và multisite.";"";"mixed";"RGW-002";"File chứa hunk finding-relevant cùng thay đổi chức năng/refactor khác; tác động phụ thuộc API, workload hoặc topology RGW tương ứng.";"AtomicObjectProcessor::complete,RGWPostObj::execute,RadosWriter,MultipartObjectProcessor";"b1ef8f95eb533cb63695e54f11ce49d8b5e2a3cf,387cc1b14afdf0adc3fae9090e27626d7bcb102a,5a98f505fc4176f02b26673a0ab863b60c1ed92e";"endpoint+history"
"2338";"v16.2.5";"v16.2.15";"src/rgw/rgw_quota.cc";"";"M";"M";"6";"47";"FALSE";"100644";"100644";"6d821d8998451a0243e242ac4b2fe1f93a40c9bb";"35872284d12af9dd957b8a29efcd85ce110cdbe8";"12";"12-rgw";"P1";"runtime/source";"deep";"Chọn đọc sâu theo nhóm: implementation thuộc RGW, S3, auth/policy, bucket/object và multisite.";"";"trivial";"";"Đã đọc net diff và lịch sử; thay đổi feature, refactor, test hoặc công cụ thông thường không có causal chain nâng cấp độc lập.";"";"";"screened-endpoint+history"
"2339";"v16.2.5";"v16.2.15";"src/rgw/rgw_quota.h";"";"M";"M";"1";"11";"FALSE";"100644";"100644";"a1e446db16a6c7ba81d7657f5316fc5e8823f702";"b681a9193237b5daf05cbc8979a1fe3dc66055d8";"12";"12-rgw";"P1";"runtime/source";"deep";"Chọn đọc sâu theo nhóm: implementation thuộc RGW, S3, auth/policy, bucket/object và multisite.";"";"trivial";"";"Đã đọc net diff và lịch sử; thay đổi feature, refactor, test hoặc công cụ thông thường không có causal chain nâng cấp độc lập.";"";"";"screened-endpoint+history"
"2340";"v16.2.5";"v16.2.15";"src/rgw/rgw_rados.cc";"";"M";"M";"606";"280";"FALSE";"100644";"100644";"67b89c9c9aa94a288afb50eb406379c34a7a3a9f";"2885a4af02f946389d8f2fac2442f5032aba3339";"12";"12-rgw";"P1";"runtime/source";"deep";"Chọn đọc sâu theo nhóm: implementation thuộc RGW, S3, auth/policy, bucket/object và multisite.";"";"mixed";"RGW-002,RGW-003,RGW-004,RGW-008";"File chứa hunk finding-relevant cùng thay đổi chức năng/refactor khác; tác động phụ thuộc API, workload hoặc topology RGW tương ứng.";"AtomicObjectProcessor::complete,RGWPostObj::execute,RadosWriter,MultipartObjectProcessor,RGWRados::guard_reshard,RGWBucketReshard,cls_rgw_bucket_complete_op,complete_remove_obj,RGWDataSyncStatusManager,RGWMetaSyncStatusManager,RGWDataChangesLog,RGWSyncPolicyHandler,RGWBucketAdminOp::check_index,RGWBucket::check_index,RGWRados::bucket_check_index";"b1ef8f95eb533cb63695e54f11ce49d8b5e2a3cf,387cc1b14afdf0adc3fae9090e27626d7bcb102a,5a98f505fc4176f02b26673a0ab863b60c1ed92e,b11c10acc9026d92b90cfb88f6a3381274ccb9bc,315981003ed5ccf2bc567e960a4d699e956e8d6f,1e575378b00fc2c8b56b09834276e68dddbb1385,9d7a80b5901351fe769df974f336714e62712d7b,097d574ab3e0cf288118759cb8575655452fbb94,46802213a28490d59bf6b546c0791382175d0fd9,1c1569b66084754511f2933d2247d132cf6018b6,d828c761a114138914eb6e0ab6e237b6c22c8059,4817bcaf9d385cb60ef36373ac0262e466953994";"endpoint+history"
"2341";"v16.2.5";"v16.2.15";"src/rgw/rgw_rados.h";"";"M";"M";"53";"9";"FALSE";"100644";"100644";"b971edb0386b6de0f4dcfae67c046aa8d447ff58";"917d69afe9caa965697bc906076e1ab67e36465b";"12";"12-rgw";"P1";"runtime/source";"deep";"Chọn đọc sâu theo nhóm: implementation thuộc RGW, S3, auth/policy, bucket/object và multisite.";"";"mixed";"RGW-002,RGW-003,RGW-004,RGW-008";"File chứa hunk finding-relevant cùng thay đổi chức năng/refactor khác; tác động phụ thuộc API, workload hoặc topology RGW tương ứng.";"AtomicObjectProcessor::complete,RGWPostObj::execute,RadosWriter,MultipartObjectProcessor,RGWRados::guard_reshard,RGWBucketReshard,cls_rgw_bucket_complete_op,complete_remove_obj,RGWDataSyncStatusManager,RGWMetaSyncStatusManager,RGWDataChangesLog,RGWSyncPolicyHandler,RGWBucketAdminOp::check_index,RGWBucket::check_index,RGWRados::bucket_check_index";"b1ef8f95eb533cb63695e54f11ce49d8b5e2a3cf,387cc1b14afdf0adc3fae9090e27626d7bcb102a,5a98f505fc4176f02b26673a0ab863b60c1ed92e,b11c10acc9026d92b90cfb88f6a3381274ccb9bc,315981003ed5ccf2bc567e960a4d699e956e8d6f,1e575378b00fc2c8b56b09834276e68dddbb1385,9d7a80b5901351fe769df974f336714e62712d7b,097d574ab3e0cf288118759cb8575655452fbb94,46802213a28490d59bf6b546c0791382175d0fd9,1c1569b66084754511f2933d2247d132cf6018b6,d828c761a114138914eb6e0ab6e237b6c22c8059,4817bcaf9d385cb60ef36373ac0262e466953994";"endpoint+history"
"2342";"v16.2.5";"v16.2.15";"src/rgw/rgw_reshard.cc";"";"M";"M";"39";"27";"FALSE";"100644";"100644";"cc78ac108fcb8fb2dd2186da5706f11f63e3e3f8";"cbb233341ab876387556bc7483db361308c10807";"12";"12-rgw";"P1";"runtime/source";"deep";"Chọn đọc sâu theo nhóm: implementation thuộc RGW, S3, auth/policy, bucket/object và multisite.";"";"mixed";"RGW-003";"File chứa hunk finding-relevant cùng thay đổi chức năng/refactor khác; tác động phụ thuộc API, workload hoặc topology RGW tương ứng.";"RGWRados::guard_reshard,RGWBucketReshard,cls_rgw_bucket_complete_op,complete_remove_obj";"b11c10acc9026d92b90cfb88f6a3381274ccb9bc,315981003ed5ccf2bc567e960a4d699e956e8d6f,1e575378b00fc2c8b56b09834276e68dddbb1385";"endpoint+history"
"2343";"v16.2.5";"v16.2.15";"src/rgw/rgw_rest_bucket.cc";"";"M";"M";"8";"4";"FALSE";"100644";"100644";"7726da6ada8e3736e7dc5ca1fadd7230119a7cb0";"ea61006ed26c90234a0df12ab577c346531a62f0";"12";"12-rgw";"P1";"runtime/source";"deep";"Chọn đọc sâu theo nhóm: implementation thuộc RGW, S3, auth/policy, bucket/object và multisite.";"";"trivial";"";"Đã đọc net diff và lịch sử; thay đổi feature, refactor, test hoặc công cụ thông thường không có causal chain nâng cấp độc lập.";"";"";"screened-endpoint+history"
"2344";"v16.2.5";"v16.2.15";"src/rgw/rgw_rest_client.cc";"";"M";"M";"1";"1";"FALSE";"100644";"100644";"dc78e418bcc1d25b858854b24f291b796c475229";"30680101559acd8bb8fab6f9f2cd9ab97eed606b";"12";"12-rgw";"P1";"runtime/source";"deep";"Chọn đọc sâu theo nhóm: implementation thuộc RGW, S3, auth/policy, bucket/object và multisite.";"";"mixed";"RGW-007";"File chứa hunk finding-relevant cùng thay đổi chức năng/refactor khác; tác động phụ thuộc API, workload hoặc topology RGW tương ứng.";"RGWAsioFrontend,Connection::timeout_handler,StreamIO,RGWWebsite,RGWDeleteMultiObj";"671de0a3923831224655c76bb365b56494670b55,403c285a09fe50d0bf9daad033904ee9981c95d8,584cc66ee133a2a75b5ae1b4920b680d06ce4aee";"endpoint+history"
"2345";"v16.2.5";"v16.2.15";"src/rgw/rgw_rest_iam.cc";"";"M";"M";"6";"0";"FALSE";"100644";"100644";"fc050ae8bccfe7fca16c6c8554873bd884bec56e";"ffd450f79db89b5ad960938ff62267cc1e2bf172";"12";"12-rgw";"P1";"runtime/source";"deep";"Chọn đọc sâu theo nhóm: implementation thuộc RGW, S3, auth/policy, bucket/object và multisite.";"";"mixed";"RGW-006";"File chứa hunk finding-relevant cùng thay đổi chức năng/refactor khác; tác động phụ thuộc API, workload hoặc topology RGW tương ứng.";"read_obj_policy,Policy::eval,RGWSTS,RGWRole,RGWAuthRegistry";"36d428be572ecf6fb7bc3cceb15489a1be323207,f4ab5e2e4a537cfb79ed062bb85acbb15a06111f,7df41ea66e7f5a12c2c89837dfba9359e7c42698";"endpoint+history"
"2346";"v16.2.5";"v16.2.15";"src/rgw/rgw_rest_pubsub.cc";"";"M";"M";"1";"1";"FALSE";"100644";"100644";"272d98e62d05620459b5702f51bced6e5d32c396";"ad3fbdaac383f00b6d65500ea5646cbc2f14c5b8";"12";"12-rgw";"P1";"runtime/source";"deep";"Chọn đọc sâu theo nhóm: implementation thuộc RGW, S3, auth/policy, bucket/object và multisite.";"";"trivial";"";"Đã đọc net diff và lịch sử; thay đổi feature, refactor, test hoặc công cụ thông thường không có causal chain nâng cấp độc lập.";"";"";"screened-endpoint+history"
"2347";"v16.2.5";"v16.2.15";"src/rgw/rgw_rest_role.cc";"";"M";"M";"190";"10";"FALSE";"100644";"100644";"1e9cdf71b217d9dacd854035233358fe2c69b366";"66c38aedfa5357115e8bd49206c6f91eed955e0c";"12";"12-rgw";"P1";"runtime/source";"deep";"Chọn đọc sâu theo nhóm: implementation thuộc RGW, S3, auth/policy, bucket/object và multisite.";"";"mixed";"RGW-006";"File chứa hunk finding-relevant cùng thay đổi chức năng/refactor khác; tác động phụ thuộc API, workload hoặc topology RGW tương ứng.";"read_obj_policy,Policy::eval,RGWSTS,RGWRole,RGWAuthRegistry";"36d428be572ecf6fb7bc3cceb15489a1be323207,f4ab5e2e4a537cfb79ed062bb85acbb15a06111f,7df41ea66e7f5a12c2c89837dfba9359e7c42698";"endpoint+history"
"2348";"v16.2.5";"v16.2.15";"src/rgw/rgw_rest_role.h";"";"M";"M";"33";"0";"FALSE";"100644";"100644";"09f556b6cf6ee10083a1c0ec3e3dca63a85003e3";"5467502a7bfdd42e204c924a555133111fe19172";"12";"12-rgw";"P1";"runtime/source";"deep";"Chọn đọc sâu theo nhóm: implementation thuộc RGW, S3, auth/policy, bucket/object và multisite.";"";"mixed";"RGW-006";"File chứa hunk finding-relevant cùng thay đổi chức năng/refactor khác; tác động phụ thuộc API, workload hoặc topology RGW tương ứng.";"read_obj_policy,Policy::eval,RGWSTS,RGWRole,RGWAuthRegistry";"36d428be572ecf6fb7bc3cceb15489a1be323207,f4ab5e2e4a537cfb79ed062bb85acbb15a06111f,7df41ea66e7f5a12c2c89837dfba9359e7c42698";"endpoint+history"
"2349";"v16.2.5";"v16.2.15";"src/rgw/rgw_rest_s3.cc";"";"M";"M";"116";"79";"FALSE";"100644";"100644";"7910c461ea75dcd9650992f525ded19bb08766e3";"5f838e33bb1c04a0cf8f5a65f79f6c247dba8d82";"12";"12-rgw";"P1";"runtime/source";"deep";"Chọn đọc sâu theo nhóm: implementation thuộc RGW, S3, auth/policy, bucket/object và multisite.";"";"mixed";"RGW-001,RGW-006,RGW-007";"File chứa hunk finding-relevant cùng thay đổi chức năng/refactor khác; tác động phụ thuộc API, workload hoặc topology RGW tương ứng.";"RGWPostObj_ObjStore_S3::get_params,RGWPolicyEnv::add_var,bucket,read_obj_policy,Policy::eval,RGWSTS,RGWRole,RGWAuthRegistry,RGWAsioFrontend,Connection::timeout_handler,StreamIO,RGWWebsite,RGWDeleteMultiObj";"479976538fe8f51edfea597443ba0c0209d3f39f,36d428be572ecf6fb7bc3cceb15489a1be323207,f4ab5e2e4a537cfb79ed062bb85acbb15a06111f,7df41ea66e7f5a12c2c89837dfba9359e7c42698,671de0a3923831224655c76bb365b56494670b55,403c285a09fe50d0bf9daad033904ee9981c95d8,584cc66ee133a2a75b5ae1b4920b680d06ce4aee";"endpoint+history+advisory"
"2350";"v16.2.5";"v16.2.15";"src/rgw/rgw_rest_s3.h";"";"M";"M";"3";"2";"FALSE";"100644";"100644";"14b4e6b61ea78ba763795a1f90d6151c2f253550";"c01d8f6b4576d048b7cd14d50d76af22ee17878c";"12";"12-rgw";"P1";"runtime/source";"deep";"Chọn đọc sâu theo nhóm: implementation thuộc RGW, S3, auth/policy, bucket/object và multisite.";"";"mixed";"RGW-001,RGW-006,RGW-007";"File chứa hunk finding-relevant cùng thay đổi chức năng/refactor khác; tác động phụ thuộc API, workload hoặc topology RGW tương ứng.";"RGWPostObj_ObjStore_S3::get_params,RGWPolicyEnv::add_var,bucket,read_obj_policy,Policy::eval,RGWSTS,RGWRole,RGWAuthRegistry,RGWAsioFrontend,Connection::timeout_handler,StreamIO,RGWWebsite,RGWDeleteMultiObj";"479976538fe8f51edfea597443ba0c0209d3f39f,36d428be572ecf6fb7bc3cceb15489a1be323207,f4ab5e2e4a537cfb79ed062bb85acbb15a06111f,7df41ea66e7f5a12c2c89837dfba9359e7c42698,671de0a3923831224655c76bb365b56494670b55,403c285a09fe50d0bf9daad033904ee9981c95d8,584cc66ee133a2a75b5ae1b4920b680d06ce4aee";"endpoint+history+advisory"
"2351";"v16.2.5";"v16.2.15";"src/rgw/rgw_rest_sts.cc";"";"M";"M";"200";"45";"FALSE";"100644";"100644";"af1b96ce0d8e793a9ec3236100200d510b18b469";"1daf6863f51563ab1e629a3d5ef7bb14fa8d2cc2";"12";"12-rgw";"P1";"runtime/source";"deep";"Chọn đọc sâu theo nhóm: implementation thuộc RGW, S3, auth/policy, bucket/object và multisite.";"";"mixed";"RGW-006";"File chứa hunk finding-relevant cùng thay đổi chức năng/refactor khác; tác động phụ thuộc API, workload hoặc topology RGW tương ứng.";"read_obj_policy,Policy::eval,RGWSTS,RGWRole,RGWAuthRegistry";"36d428be572ecf6fb7bc3cceb15489a1be323207,f4ab5e2e4a537cfb79ed062bb85acbb15a06111f,7df41ea66e7f5a12c2c89837dfba9359e7c42698";"endpoint+history"
"2352";"v16.2.5";"v16.2.15";"src/rgw/rgw_rest_sts.h";"";"M";"M";"20";"7";"FALSE";"100644";"100644";"810ff242d734f53f757adf2e8a3fcb51ecdb6f84";"6bcad31db6f9a7c4f4d8915206671efc383f41a7";"12";"12-rgw";"P1";"runtime/source";"deep";"Chọn đọc sâu theo nhóm: implementation thuộc RGW, S3, auth/policy, bucket/object và multisite.";"";"mixed";"RGW-006";"File chứa hunk finding-relevant cùng thay đổi chức năng/refactor khác; tác động phụ thuộc API, workload hoặc topology RGW tương ứng.";"read_obj_policy,Policy::eval,RGWSTS,RGWRole,RGWAuthRegistry";"36d428be572ecf6fb7bc3cceb15489a1be323207,f4ab5e2e4a537cfb79ed062bb85acbb15a06111f,7df41ea66e7f5a12c2c89837dfba9359e7c42698";"endpoint+history"
"2353";"v16.2.5";"v16.2.15";"src/rgw/rgw_rest_swift.cc";"";"M";"M";"16";"5";"FALSE";"100644";"100644";"5ab5ab47709eabd8e427116c95bcbc3a688ff103";"c98c3c10d2597d93a3e0b5ad5e2afa153151e1f2";"12";"12-rgw";"P1";"runtime/source";"deep";"Chọn đọc sâu theo nhóm: implementation thuộc RGW, S3, auth/policy, bucket/object và multisite.";"";"mixed";"RGW-007";"File chứa hunk finding-relevant cùng thay đổi chức năng/refactor khác; tác động phụ thuộc API, workload hoặc topology RGW tương ứng.";"RGWAsioFrontend,Connection::timeout_handler,StreamIO,RGWWebsite,RGWDeleteMultiObj";"671de0a3923831224655c76bb365b56494670b55,403c285a09fe50d0bf9daad033904ee9981c95d8,584cc66ee133a2a75b5ae1b4920b680d06ce4aee";"endpoint+history"
"2354";"v16.2.5";"v16.2.15";"src/rgw/rgw_rest_user.cc";"";"M";"M";"43";"15";"FALSE";"100644";"100644";"1cdce91da70c5a801539e99419a633d5a9af44ac";"16dd0cdb0f959e3ac4b7c71786885fdd6bc3ff6a";"12";"12-rgw";"P1";"runtime/source";"deep";"Chọn đọc sâu theo nhóm: implementation thuộc RGW, S3, auth/policy, bucket/object và multisite.";"";"trivial";"";"Đã đọc net diff và lịch sử; thay đổi feature, refactor, test hoặc công cụ thông thường không có causal chain nâng cấp độc lập.";"";"";"screened-endpoint+history"
"2355";"v16.2.5";"v16.2.15";"src/rgw/rgw_rest_user_policy.cc";"";"M";"M";"13";"7";"FALSE";"100644";"100644";"dca93cf5c000976a90723aba8e91c715acf4c665";"22b347984dd26710d22352642d9cd5855f75da54";"12";"12-rgw";"P1";"runtime/source";"deep";"Chọn đọc sâu theo nhóm: implementation thuộc RGW, S3, auth/policy, bucket/object và multisite.";"";"mixed";"RGW-006";"File chứa hunk finding-relevant cùng thay đổi chức năng/refactor khác; tác động phụ thuộc API, workload hoặc topology RGW tương ứng.";"read_obj_policy,Policy::eval,RGWSTS,RGWRole,RGWAuthRegistry";"36d428be572ecf6fb7bc3cceb15489a1be323207,f4ab5e2e4a537cfb79ed062bb85acbb15a06111f,7df41ea66e7f5a12c2c89837dfba9359e7c42698";"endpoint+history"
"2356";"v16.2.5";"v16.2.15";"src/rgw/rgw_role.cc";"";"M";"M";"64";"1";"FALSE";"100644";"100644";"f69134174fe658846c84a2b52c0c6ea0799a4ebe";"089cd190346e2aac6492d53d1a1c1f42501d1aee";"12";"12-rgw";"P1";"runtime/source";"deep";"Chọn đọc sâu theo nhóm: implementation thuộc RGW, S3, auth/policy, bucket/object và multisite.";"";"mixed";"RGW-006";"File chứa hunk finding-relevant cùng thay đổi chức năng/refactor khác; tác động phụ thuộc API, workload hoặc topology RGW tương ứng.";"read_obj_policy,Policy::eval,RGWSTS,RGWRole,RGWAuthRegistry";"36d428be572ecf6fb7bc3cceb15489a1be323207,f4ab5e2e4a537cfb79ed062bb85acbb15a06111f,7df41ea66e7f5a12c2c89837dfba9359e7c42698";"endpoint+history"
"2357";"v16.2.5";"v16.2.15";"src/rgw/rgw_role.h";"";"M";"M";"9";"3";"FALSE";"100644";"100644";"91b4846d0060452478050282dcfc8eec3cef3f87";"44ffa1c19bc3cdc36fb4d1a395921a50d3155425";"12";"12-rgw";"P1";"runtime/source";"deep";"Chọn đọc sâu theo nhóm: implementation thuộc RGW, S3, auth/policy, bucket/object và multisite.";"";"mixed";"RGW-006";"File chứa hunk finding-relevant cùng thay đổi chức năng/refactor khác; tác động phụ thuộc API, workload hoặc topology RGW tương ứng.";"read_obj_policy,Policy::eval,RGWSTS,RGWRole,RGWAuthRegistry";"36d428be572ecf6fb7bc3cceb15489a1be323207,f4ab5e2e4a537cfb79ed062bb85acbb15a06111f,7df41ea66e7f5a12c2c89837dfba9359e7c42698";"endpoint+history"
"2358";"v16.2.5";"v16.2.15";"src/rgw/rgw_sal.h";"";"M";"M";"11";"3";"FALSE";"100644";"100644";"156bc8522688423c297479dc25f2613d378a70da";"fcf015e0a5b40a5a24da121d897621edb5d0554a";"12";"12-rgw";"P1";"runtime/source";"deep";"Chọn đọc sâu theo nhóm: implementation thuộc RGW, S3, auth/policy, bucket/object và multisite.";"";"mixed";"RGW-002,RGW-003";"File chứa hunk finding-relevant cùng thay đổi chức năng/refactor khác; tác động phụ thuộc API, workload hoặc topology RGW tương ứng.";"AtomicObjectProcessor::complete,RGWPostObj::execute,RadosWriter,MultipartObjectProcessor,RGWRados::guard_reshard,RGWBucketReshard,cls_rgw_bucket_complete_op,complete_remove_obj";"b1ef8f95eb533cb63695e54f11ce49d8b5e2a3cf,387cc1b14afdf0adc3fae9090e27626d7bcb102a,5a98f505fc4176f02b26673a0ab863b60c1ed92e,b11c10acc9026d92b90cfb88f6a3381274ccb9bc,315981003ed5ccf2bc567e960a4d699e956e8d6f,1e575378b00fc2c8b56b09834276e68dddbb1385";"endpoint+history"
"2359";"v16.2.5";"v16.2.15";"src/rgw/rgw_sal_rados.cc";"";"M";"M";"19";"13";"FALSE";"100644";"100644";"778bc9ba04917e27bb8de7922c8ae85fefdbaaaa";"b300e080826dd21baf3e703633f387a6c453ad17";"12";"12-rgw";"P1";"runtime/source";"deep";"Chọn đọc sâu theo nhóm: implementation thuộc RGW, S3, auth/policy, bucket/object và multisite.";"";"mixed";"RGW-002,RGW-003,RGW-005";"File chứa hunk finding-relevant cùng thay đổi chức năng/refactor khác; tác động phụ thuộc API, workload hoặc topology RGW tương ứng.";"AtomicObjectProcessor::complete,RGWPostObj::execute,RadosWriter,MultipartObjectProcessor,RGWRados::guard_reshard,RGWBucketReshard,cls_rgw_bucket_complete_op,complete_remove_obj,RGWLC::process,RGWPubSub,RGWAMQPManager,RGWGC,cls_fifo";"b1ef8f95eb533cb63695e54f11ce49d8b5e2a3cf,387cc1b14afdf0adc3fae9090e27626d7bcb102a,5a98f505fc4176f02b26673a0ab863b60c1ed92e,b11c10acc9026d92b90cfb88f6a3381274ccb9bc,315981003ed5ccf2bc567e960a4d699e956e8d6f,1e575378b00fc2c8b56b09834276e68dddbb1385,7abfaf086ba393959df15a684dabeddbb9ba188d,d59fe5c12d9e893179cb1c840120fbf50ca8b88d,48f34daa188beeb3293e8929d231ca0885b712dc";"endpoint+history"
"2360";"v16.2.5";"v16.2.15";"src/rgw/rgw_sal_rados.h";"";"M";"M";"4";"4";"FALSE";"100644";"100644";"7ea8fb443da1f1333d7f7ead67a10392b448be1b";"8000756370e4d1df7326417ac4c790cd0b049c50";"12";"12-rgw";"P1";"runtime/source";"deep";"Chọn đọc sâu theo nhóm: implementation thuộc RGW, S3, auth/policy, bucket/object và multisite.";"";"mixed";"RGW-002,RGW-003";"File chứa hunk finding-relevant cùng thay đổi chức năng/refactor khác; tác động phụ thuộc API, workload hoặc topology RGW tương ứng.";"AtomicObjectProcessor::complete,RGWPostObj::execute,RadosWriter,MultipartObjectProcessor,RGWRados::guard_reshard,RGWBucketReshard,cls_rgw_bucket_complete_op,complete_remove_obj";"b1ef8f95eb533cb63695e54f11ce49d8b5e2a3cf,387cc1b14afdf0adc3fae9090e27626d7bcb102a,5a98f505fc4176f02b26673a0ab863b60c1ed92e,b11c10acc9026d92b90cfb88f6a3381274ccb9bc,315981003ed5ccf2bc567e960a4d699e956e8d6f,1e575378b00fc2c8b56b09834276e68dddbb1385";"endpoint+history"
"2361";"v16.2.5";"v16.2.15";"src/rgw/rgw_string.h";"";"M";"M";"2";"0";"FALSE";"100644";"100644";"257daa9c1fe6e7c11b85c522be67ad962db9ddbe";"90e64f98a25874f27c7bd40169cfac3a1f5ebcf9";"12";"12-rgw";"P1";"runtime/source";"deep";"Chọn đọc sâu theo nhóm: implementation thuộc RGW, S3, auth/policy, bucket/object và multisite.";"";"trivial";"";"Đã đọc net diff và lịch sử; thay đổi feature, refactor, test hoặc công cụ thông thường không có causal chain nâng cấp độc lập.";"";"";"screened-endpoint+history"
"2362";"v16.2.5";"v16.2.15";"src/rgw/rgw_sts.cc";"";"M";"M";"12";"30";"FALSE";"100644";"100644";"741c16d397c011d4fec55f90d4485d92cb0cc46b";"22e067e0d77cc00a666506e8ba3f70c54b96b5a2";"12";"12-rgw";"P1";"runtime/source";"deep";"Chọn đọc sâu theo nhóm: implementation thuộc RGW, S3, auth/policy, bucket/object và multisite.";"";"mixed";"RGW-006";"File chứa hunk finding-relevant cùng thay đổi chức năng/refactor khác; tác động phụ thuộc API, workload hoặc topology RGW tương ứng.";"read_obj_policy,Policy::eval,RGWSTS,RGWRole,RGWAuthRegistry";"36d428be572ecf6fb7bc3cceb15489a1be323207,f4ab5e2e4a537cfb79ed062bb85acbb15a06111f,7df41ea66e7f5a12c2c89837dfba9359e7c42698";"endpoint+history"
"2363";"v16.2.5";"v16.2.15";"src/rgw/rgw_sts.h";"";"M";"M";"36";"28";"FALSE";"100644";"100644";"14c783c1cde014c4cd4f0dfd84426c4f356eaa78";"d0326404ee848edb2839862b6b1668eb7195d365";"12";"12-rgw";"P1";"runtime/source";"deep";"Chọn đọc sâu theo nhóm: implementation thuộc RGW, S3, auth/policy, bucket/object và multisite.";"";"mixed";"RGW-006";"File chứa hunk finding-relevant cùng thay đổi chức năng/refactor khác; tác động phụ thuộc API, workload hoặc topology RGW tương ứng.";"read_obj_policy,Policy::eval,RGWSTS,RGWRole,RGWAuthRegistry";"36d428be572ecf6fb7bc3cceb15489a1be323207,f4ab5e2e4a537cfb79ed062bb85acbb15a06111f,7df41ea66e7f5a12c2c89837dfba9359e7c42698";"endpoint+history"
"2364";"v16.2.5";"v16.2.15";"src/rgw/rgw_swift_auth.cc";"";"M";"M";"16";"7";"FALSE";"100644";"100644";"da0a370b71ab7b6f231ff4654e49710c4be80889";"539e900e941706bb00056e67d99a04f15f19fda1";"12";"12-rgw";"P1";"runtime/source";"deep";"Chọn đọc sâu theo nhóm: implementation thuộc RGW, S3, auth/policy, bucket/object và multisite.";"";"mixed";"RGW-006";"File chứa hunk finding-relevant cùng thay đổi chức năng/refactor khác; tác động phụ thuộc API, workload hoặc topology RGW tương ứng.";"read_obj_policy,Policy::eval,RGWSTS,RGWRole,RGWAuthRegistry";"36d428be572ecf6fb7bc3cceb15489a1be323207,f4ab5e2e4a537cfb79ed062bb85acbb15a06111f,7df41ea66e7f5a12c2c89837dfba9359e7c42698";"endpoint+history"
"2365";"v16.2.5";"v16.2.15";"src/rgw/rgw_swift_auth.h";"";"M";"M";"6";"4";"FALSE";"100644";"100644";"ba319405bfd47f385b46934308db1934d74dd455";"2aa89caf599c4c2ec0eaa53d43def557efc74062";"12";"12-rgw";"P1";"runtime/source";"deep";"Chọn đọc sâu theo nhóm: implementation thuộc RGW, S3, auth/policy, bucket/object và multisite.";"";"mixed";"RGW-006";"File chứa hunk finding-relevant cùng thay đổi chức năng/refactor khác; tác động phụ thuộc API, workload hoặc topology RGW tương ứng.";"read_obj_policy,Policy::eval,RGWSTS,RGWRole,RGWAuthRegistry";"36d428be572ecf6fb7bc3cceb15489a1be323207,f4ab5e2e4a537cfb79ed062bb85acbb15a06111f,7df41ea66e7f5a12c2c89837dfba9359e7c42698";"endpoint+history"
"2366";"v16.2.5";"v16.2.15";"src/rgw/rgw_sync.cc";"";"M";"M";"21";"12";"FALSE";"100644";"100644";"ac15956c6da99806739152da66c57361313733d6";"8eacd150fd06e4777538389a67b97bee87e88f2e";"12";"12-rgw";"P1";"runtime/source";"deep";"Chọn đọc sâu theo nhóm: implementation thuộc RGW, S3, auth/policy, bucket/object và multisite.";"";"mixed";"RGW-004";"File chứa hunk finding-relevant cùng thay đổi chức năng/refactor khác; tác động phụ thuộc API, workload hoặc topology RGW tương ứng.";"RGWDataSyncStatusManager,RGWMetaSyncStatusManager,RGWDataChangesLog,RGWSyncPolicyHandler";"9d7a80b5901351fe769df974f336714e62712d7b,097d574ab3e0cf288118759cb8575655452fbb94,46802213a28490d59bf6b546c0791382175d0fd9";"endpoint+history"
"2367";"v16.2.5";"v16.2.15";"src/rgw/rgw_sync_checkpoint.cc";"";"M";"M";"2";"2";"FALSE";"100644";"100644";"78fd802cfc469454f87d4404472be7f52a621594";"b908bbb970cda313eb8940ec5bb310319bbe7539";"12";"12-rgw";"P1";"runtime/source";"deep";"Chọn đọc sâu theo nhóm: implementation thuộc RGW, S3, auth/policy, bucket/object và multisite.";"";"mixed";"RGW-004";"File chứa hunk finding-relevant cùng thay đổi chức năng/refactor khác; tác động phụ thuộc API, workload hoặc topology RGW tương ứng.";"RGWDataSyncStatusManager,RGWMetaSyncStatusManager,RGWDataChangesLog,RGWSyncPolicyHandler";"9d7a80b5901351fe769df974f336714e62712d7b,097d574ab3e0cf288118759cb8575655452fbb94,46802213a28490d59bf6b546c0791382175d0fd9";"endpoint+history"
"2368";"v16.2.5";"v16.2.15";"src/rgw/rgw_sync_module_pubsub.cc";"";"M";"M";"1";"1";"FALSE";"100644";"100644";"d241ec4b9e6ea9fd28e8affc303449d040acc566";"662396ba4adb3455f66c57bf9de112fa3292ba30";"12";"12-rgw";"P1";"runtime/source";"deep";"Chọn đọc sâu theo nhóm: implementation thuộc RGW, S3, auth/policy, bucket/object và multisite.";"";"trivial";"";"Đã đọc net diff và lịch sử; thay đổi feature, refactor, test hoặc công cụ thông thường không có causal chain nâng cấp độc lập.";"";"";"screened-endpoint+history"
"2369";"v16.2.5";"v16.2.15";"src/rgw/rgw_sync_module_pubsub_rest.cc";"";"M";"M";"1";"1";"FALSE";"100644";"100644";"9600a465dc88c43104b405d687a0a5fd47588b48";"1aa46e4c05ddba4729a9163a45260f9570da952c";"12";"12-rgw";"P1";"runtime/source";"deep";"Chọn đọc sâu theo nhóm: implementation thuộc RGW, S3, auth/policy, bucket/object và multisite.";"";"trivial";"";"Đã đọc net diff và lịch sử; thay đổi feature, refactor, test hoặc công cụ thông thường không có causal chain nâng cấp độc lập.";"";"";"screened-endpoint+history"
"2370";"v16.2.5";"v16.2.15";"src/rgw/rgw_sync_policy.cc";"";"M";"M";"4";"0";"FALSE";"100644";"100644";"6b5ecf414e0f9246fe052b7d6ed0b90f8ce067b5";"df20c46a44ef0c25a23c8ca14e8a461226eb1d6f";"12";"12-rgw";"P1";"runtime/source";"deep";"Chọn đọc sâu theo nhóm: implementation thuộc RGW, S3, auth/policy, bucket/object và multisite.";"";"mixed";"RGW-004";"File chứa hunk finding-relevant cùng thay đổi chức năng/refactor khác; tác động phụ thuộc API, workload hoặc topology RGW tương ứng.";"RGWDataSyncStatusManager,RGWMetaSyncStatusManager,RGWDataChangesLog,RGWSyncPolicyHandler";"9d7a80b5901351fe769df974f336714e62712d7b,097d574ab3e0cf288118759cb8575655452fbb94,46802213a28490d59bf6b546c0791382175d0fd9";"endpoint+history"
"2371";"v16.2.5";"v16.2.15";"src/rgw/rgw_tag.cc";"";"M";"M";"8";"8";"FALSE";"100644";"100644";"f43a1824868562dc226eaf411cd031dcde1d8a31";"b9ca88f04ac6c2da7a6b36eb50dde0c9c9654994";"12";"12-rgw";"P1";"runtime/source";"deep";"Chọn đọc sâu theo nhóm: implementation thuộc RGW, S3, auth/policy, bucket/object và multisite.";"";"trivial";"";"Đã đọc net diff và lịch sử; thay đổi feature, refactor, test hoặc công cụ thông thường không có causal chain nâng cấp độc lập.";"";"";"screened-endpoint+history"
"2372";"v16.2.5";"v16.2.15";"src/rgw/rgw_tag.h";"";"M";"M";"4";"4";"FALSE";"100644";"100644";"e8531031dbf6fbabdb95a818123b96ca8fa6b32f";"88a4e6652288a0a45c383df2ce7c9118c3a1d8f3";"12";"12-rgw";"P1";"runtime/source";"deep";"Chọn đọc sâu theo nhóm: implementation thuộc RGW, S3, auth/policy, bucket/object và multisite.";"";"trivial";"";"Đã đọc net diff và lịch sử; thay đổi feature, refactor, test hoặc công cụ thông thường không có causal chain nâng cấp độc lập.";"";"";"screened-endpoint+history"
"2373";"v16.2.5";"v16.2.15";"src/rgw/rgw_tag_s3.cc";"";"M";"M";"3";"4";"FALSE";"100644";"100644";"b03607f73a7e68976e7ad6160e2f39cbc7ce0910";"494e6b8744f00c26b3794b86603967bb704ba39c";"12";"12-rgw";"P1";"runtime/source";"deep";"Chọn đọc sâu theo nhóm: implementation thuộc RGW, S3, auth/policy, bucket/object và multisite.";"";"trivial";"";"Đã đọc net diff và lịch sử; thay đổi feature, refactor, test hoặc công cụ thông thường không có causal chain nâng cấp độc lập.";"";"";"screened-endpoint+history"
"2374";"v16.2.5";"v16.2.15";"src/rgw/rgw_tools.cc";"";"M";"M";"2";"12";"FALSE";"100644";"100644";"4ed742ceffcbd8762dc2138fe665bed245e160a0";"5a73d7e363b44162dcbf0d8543b7c77c65d4ece1";"12";"12-rgw";"P1";"runtime/source";"deep";"Chọn đọc sâu theo nhóm: implementation thuộc RGW, S3, auth/policy, bucket/object và multisite.";"";"trivial";"";"Đã đọc net diff và lịch sử; thay đổi feature, refactor, test hoặc công cụ thông thường không có causal chain nâng cấp độc lập.";"";"";"screened-endpoint+history"
"2375";"v16.2.5";"v16.2.15";"src/rgw/rgw_tools.h";"";"M";"M";"7";"2";"FALSE";"100644";"100644";"c1da97c890892b827cbb7ab95711b7388842bc72";"c945f1d9ab35c9631c4a2249a014a5cc2ee5b31d";"12";"12-rgw";"P1";"runtime/source";"deep";"Chọn đọc sâu theo nhóm: implementation thuộc RGW, S3, auth/policy, bucket/object và multisite.";"";"trivial";"";"Đã đọc net diff và lịch sử; thay đổi feature, refactor, test hoặc công cụ thông thường không có causal chain nâng cấp độc lập.";"";"";"screened-endpoint+history"
"2376";"v16.2.5";"v16.2.15";"src/rgw/rgw_trim_bilog.cc";"";"M";"M";"4";"2";"FALSE";"100644";"100644";"1aa24517569cfb37f015829f1fb6ddacb63bc511";"a825a093c94969520796b8c7bbf337de02f393d1";"12";"12-rgw";"P1";"runtime/source";"deep";"Chọn đọc sâu theo nhóm: implementation thuộc RGW, S3, auth/policy, bucket/object và multisite.";"";"mixed";"RGW-004";"File chứa hunk finding-relevant cùng thay đổi chức năng/refactor khác; tác động phụ thuộc API, workload hoặc topology RGW tương ứng.";"RGWDataSyncStatusManager,RGWMetaSyncStatusManager,RGWDataChangesLog,RGWSyncPolicyHandler";"9d7a80b5901351fe769df974f336714e62712d7b,097d574ab3e0cf288118759cb8575655452fbb94,46802213a28490d59bf6b546c0791382175d0fd9";"endpoint+history"
"2377";"v16.2.5";"v16.2.15";"src/rgw/rgw_url.cc";"";"M";"M";"1";"1";"FALSE";"100644";"100644";"58f7b5490538c36b26764047fdf606fe2a241c77";"7fd4788d77c6d01500a3295d008fb1dc97914d60";"12";"12-rgw";"P1";"runtime/source";"deep";"Chọn đọc sâu theo nhóm: implementation thuộc RGW, S3, auth/policy, bucket/object và multisite.";"";"trivial";"";"Đã đọc net diff và lịch sử; thay đổi feature, refactor, test hoặc công cụ thông thường không có causal chain nâng cấp độc lập.";"";"";"screened-endpoint+history"
"2378";"v16.2.5";"v16.2.15";"src/rgw/rgw_user.cc";"";"M";"M";"63";"63";"FALSE";"100644";"100644";"41228237e78c4daa6714590e285982c36b08ac46";"2ac1f35356f86ad1ec752b80c5c8bb9775be18be";"12";"12-rgw";"P1";"runtime/source";"deep";"Chọn đọc sâu theo nhóm: implementation thuộc RGW, S3, auth/policy, bucket/object và multisite.";"";"trivial";"";"Đã đọc net diff và lịch sử; thay đổi feature, refactor, test hoặc công cụ thông thường không có causal chain nâng cấp độc lập.";"";"";"screened-endpoint+history"
"2379";"v16.2.5";"v16.2.15";"src/rgw/rgw_user.h";"";"M";"M";"2";"0";"FALSE";"100644";"100644";"1f138dcd7820adb1904df124c0d5f6dbce0a6ecd";"4628ce07a5021786f087c238c231acc7f055f2ed";"12";"12-rgw";"P1";"runtime/source";"deep";"Chọn đọc sâu theo nhóm: implementation thuộc RGW, S3, auth/policy, bucket/object và multisite.";"";"trivial";"";"Đã đọc net diff và lịch sử; thay đổi feature, refactor, test hoặc công cụ thông thường không có causal chain nâng cấp độc lập.";"";"";"screened-endpoint+history"
"2380";"v16.2.5";"v16.2.15";"src/rgw/rgw_web_idp.h";"";"M";"M";"2";"0";"FALSE";"100644";"100644";"f4af38b08a0af2ae7827bf8121d9a0f502ae2e6d";"089c4da665dc29cd89ea3219ccd388f86ddc3e97";"12";"12-rgw";"P1";"runtime/source";"deep";"Chọn đọc sâu theo nhóm: implementation thuộc RGW, S3, auth/policy, bucket/object và multisite.";"";"mixed";"RGW-006";"File chứa hunk finding-relevant cùng thay đổi chức năng/refactor khác; tác động phụ thuộc API, workload hoặc topology RGW tương ứng.";"read_obj_policy,Policy::eval,RGWSTS,RGWRole,RGWAuthRegistry";"36d428be572ecf6fb7bc3cceb15489a1be323207,f4ab5e2e4a537cfb79ed062bb85acbb15a06111f,7df41ea66e7f5a12c2c89837dfba9359e7c42698";"endpoint+history"
"2381";"v16.2.5";"v16.2.15";"src/rgw/rgw_website.cc";"";"M";"M";"3";"1";"FALSE";"100644";"100644";"4369ac752dc2376de146001c4798f1b8fa14227f";"ff58786c77d0fe79ed2383ba5752e54a84f13ddb";"12";"12-rgw";"P1";"runtime/source";"deep";"Chọn đọc sâu theo nhóm: implementation thuộc RGW, S3, auth/policy, bucket/object và multisite.";"";"mixed";"RGW-007";"File chứa hunk finding-relevant cùng thay đổi chức năng/refactor khác; tác động phụ thuộc API, workload hoặc topology RGW tương ứng.";"RGWAsioFrontend,Connection::timeout_handler,StreamIO,RGWWebsite,RGWDeleteMultiObj";"671de0a3923831224655c76bb365b56494670b55,403c285a09fe50d0bf9daad033904ee9981c95d8,584cc66ee133a2a75b5ae1b4920b680d06ce4aee";"endpoint+history"
"2382";"v16.2.5";"v16.2.15";"src/rgw/rgw_zone.cc";"";"M";"M";"2";"0";"FALSE";"100644";"100644";"51bf3b3f8fc2a084a406526e920a187a51c320eb";"80e7c75c199b310aa4dde1a3f292228afa90a6f2";"12";"12-rgw";"P1";"runtime/source";"deep";"Chọn đọc sâu theo nhóm: implementation thuộc RGW, S3, auth/policy, bucket/object và multisite.";"";"mixed";"RGW-004";"File chứa hunk finding-relevant cùng thay đổi chức năng/refactor khác; tác động phụ thuộc API, workload hoặc topology RGW tương ứng.";"RGWDataSyncStatusManager,RGWMetaSyncStatusManager,RGWDataChangesLog,RGWSyncPolicyHandler";"9d7a80b5901351fe769df974f336714e62712d7b,097d574ab3e0cf288118759cb8575655452fbb94,46802213a28490d59bf6b546c0791382175d0fd9";"endpoint+history"
"2383";"v16.2.5";"v16.2.15";"src/rgw/services/svc_bucket_sobj.cc";"";"M";"M";"1";"2";"FALSE";"100644";"100644";"13aeedf03d6eb980123d43d0a500d47b788175f1";"5272a17d08d1e9ed849c8a586299e13e57fd4b67";"12";"12-rgw";"P1";"runtime/source";"deep";"Chọn đọc sâu theo nhóm: implementation thuộc RGW, S3, auth/policy, bucket/object và multisite.";"";"mixed";"RGW-003";"File chứa hunk finding-relevant cùng thay đổi chức năng/refactor khác; tác động phụ thuộc API, workload hoặc topology RGW tương ứng.";"RGWRados::guard_reshard,RGWBucketReshard,cls_rgw_bucket_complete_op,complete_remove_obj";"b11c10acc9026d92b90cfb88f6a3381274ccb9bc,315981003ed5ccf2bc567e960a4d699e956e8d6f,1e575378b00fc2c8b56b09834276e68dddbb1385";"endpoint+history"
"2384";"v16.2.5";"v16.2.15";"src/rgw/services/svc_notify.cc";"";"M";"M";"109";"94";"FALSE";"100644";"100644";"25ccfdbfba74b9dcafbf700ffe4ecb131dfbf4f9";"41384fead57a8e13eb0ca92274d4fbc3bc6c5b7d";"12";"12-rgw";"P1";"runtime/source";"deep";"Chọn đọc sâu theo nhóm: implementation thuộc RGW, S3, auth/policy, bucket/object và multisite.";"";"conditional";"RGW-005";"Runtime path có hunk finding-relevant; tác động chỉ xuất hiện khi service/feature tương ứng được bật hoặc gặp failure path.";"RGWLC::process,RGWPubSub,RGWAMQPManager,RGWGC,cls_fifo";"7abfaf086ba393959df15a684dabeddbb9ba188d,d59fe5c12d9e893179cb1c840120fbf50ca8b88d,48f34daa188beeb3293e8929d231ca0885b712dc";"endpoint+history"
"2385";"v16.2.5";"v16.2.15";"src/rgw/services/svc_notify.h";"";"M";"M";"6";"5";"FALSE";"100644";"100644";"5b01d77b7bfc05c477fcfb5589ab3188a720bfc7";"bb95beb27f22f7d84afa3d9284b78075950c2d60";"12";"12-rgw";"P1";"runtime/source";"deep";"Chọn đọc sâu theo nhóm: implementation thuộc RGW, S3, auth/policy, bucket/object và multisite.";"";"conditional";"RGW-005";"Runtime path có hunk finding-relevant; tác động chỉ xuất hiện khi service/feature tương ứng được bật hoặc gặp failure path.";"RGWLC::process,RGWPubSub,RGWAMQPManager,RGWGC,cls_fifo";"7abfaf086ba393959df15a684dabeddbb9ba188d,d59fe5c12d9e893179cb1c840120fbf50ca8b88d,48f34daa188beeb3293e8929d231ca0885b712dc";"endpoint+history"
"2386";"v16.2.5";"v16.2.15";"src/rgw/services/svc_rados.cc";"";"M";"M";"7";"0";"FALSE";"100644";"100644";"32a6b3a3e39ad2e74c4b841d001abc64562c13b3";"5949917e9d3b09ad027ad1fb650f53d27584349f";"12";"12-rgw";"P1";"runtime/source";"deep";"Chọn đọc sâu theo nhóm: implementation thuộc RGW, S3, auth/policy, bucket/object và multisite.";"";"mixed";"RGW-002,RGW-007";"File chứa hunk finding-relevant cùng thay đổi chức năng/refactor khác; tác động phụ thuộc API, workload hoặc topology RGW tương ứng.";"AtomicObjectProcessor::complete,RGWPostObj::execute,RadosWriter,MultipartObjectProcessor,RGWAsioFrontend,Connection::timeout_handler,StreamIO,RGWWebsite,RGWDeleteMultiObj";"b1ef8f95eb533cb63695e54f11ce49d8b5e2a3cf,387cc1b14afdf0adc3fae9090e27626d7bcb102a,5a98f505fc4176f02b26673a0ab863b60c1ed92e,671de0a3923831224655c76bb365b56494670b55,403c285a09fe50d0bf9daad033904ee9981c95d8,584cc66ee133a2a75b5ae1b4920b680d06ce4aee";"endpoint+history"
"2387";"v16.2.5";"v16.2.15";"src/rgw/services/svc_rados.h";"";"M";"M";"1";"0";"FALSE";"100644";"100644";"d3fa393140b8d932071e3e4e42a394d5cfe40f5d";"0a6e262ece49c432c46d734fc04056300d06d2f4";"12";"12-rgw";"P1";"runtime/source";"deep";"Chọn đọc sâu theo nhóm: implementation thuộc RGW, S3, auth/policy, bucket/object và multisite.";"";"mixed";"RGW-002,RGW-007";"File chứa hunk finding-relevant cùng thay đổi chức năng/refactor khác; tác động phụ thuộc API, workload hoặc topology RGW tương ứng.";"AtomicObjectProcessor::complete,RGWPostObj::execute,RadosWriter,MultipartObjectProcessor,RGWAsioFrontend,Connection::timeout_handler,StreamIO,RGWWebsite,RGWDeleteMultiObj";"b1ef8f95eb533cb63695e54f11ce49d8b5e2a3cf,387cc1b14afdf0adc3fae9090e27626d7bcb102a,5a98f505fc4176f02b26673a0ab863b60c1ed92e,671de0a3923831224655c76bb365b56494670b55,403c285a09fe50d0bf9daad033904ee9981c95d8,584cc66ee133a2a75b5ae1b4920b680d06ce4aee";"endpoint+history"
"2388";"v16.2.5";"v16.2.15";"src/rgw/services/svc_sys_obj_cache.cc";"";"M";"M";"1";"3";"FALSE";"100644";"100644";"68b90888121d0282f27f148e401c6cb30c597e2d";"3358864a3851d186139ab70dd21845819366e06e";"12";"12-rgw";"P1";"runtime/source";"deep";"Chọn đọc sâu theo nhóm: implementation thuộc RGW, S3, auth/policy, bucket/object và multisite.";"";"trivial";"";"Đã đọc net diff và lịch sử; thay đổi feature, refactor, test hoặc công cụ thông thường không có causal chain nâng cấp độc lập.";"";"";"screened-endpoint+history"
"2389";"v16.2.5";"v16.2.15";"src/rgw/services/svc_user_rados.cc";"";"M";"M";"0";"1";"FALSE";"100644";"100644";"eb30f3e663ee2cdc9c7db7d62e872f0cecd5c241";"2d82234e4b25df869380e02c6d72798da1efe129";"12";"12-rgw";"P1";"runtime/source";"deep";"Chọn đọc sâu theo nhóm: implementation thuộc RGW, S3, auth/policy, bucket/object và multisite.";"";"trivial";"";"Đã đọc net diff và lịch sử; thay đổi feature, refactor, test hoặc công cụ thông thường không có causal chain nâng cấp độc lập.";"";"";"screened-endpoint+history"
"2390";"v16.2.5";"v16.2.15";"src/rgw/services/svc_zone.cc";"";"M";"M";"17";"0";"FALSE";"100644";"100644";"f98be61af2c652af49c27ed3eda8a376b2a87c02";"1e2feeabe6927d0c357e2a77e540b18333e3ca83";"12";"12-rgw";"P1";"runtime/source";"deep";"Chọn đọc sâu theo nhóm: implementation thuộc RGW, S3, auth/policy, bucket/object và multisite.";"";"mixed";"RGW-004";"File chứa hunk finding-relevant cùng thay đổi chức năng/refactor khác; tác động phụ thuộc API, workload hoặc topology RGW tương ứng.";"RGWDataSyncStatusManager,RGWMetaSyncStatusManager,RGWDataChangesLog,RGWSyncPolicyHandler";"9d7a80b5901351fe769df974f336714e62712d7b,097d574ab3e0cf288118759cb8575655452fbb94,46802213a28490d59bf6b546c0791382175d0fd9";"endpoint+history"
"2391";"v16.2.5";"v16.2.15";"src/rgw/services/svc_zone.h";"";"M";"M";"1";"0";"FALSE";"100644";"100644";"9f503df5e4146d9cd391f919de1f11c8509ba49c";"bddc0e20467b0e2fe8993e45eae94ac37c144aa5";"12";"12-rgw";"P1";"runtime/source";"deep";"Chọn đọc sâu theo nhóm: implementation thuộc RGW, S3, auth/policy, bucket/object và multisite.";"";"mixed";"RGW-004";"File chứa hunk finding-relevant cùng thay đổi chức năng/refactor khác; tác động phụ thuộc API, workload hoặc topology RGW tương ứng.";"RGWDataSyncStatusManager,RGWMetaSyncStatusManager,RGWDataChangesLog,RGWSyncPolicyHandler";"9d7a80b5901351fe769df974f336714e62712d7b,097d574ab3e0cf288118759cb8575655452fbb94,46802213a28490d59bf6b546c0791382175d0fd9";"endpoint+history"
"2414";"v16.2.5";"v16.2.15";"src/test/cls_rgw/test_cls_rgw.cc";"";"M";"M";"220";"21";"FALSE";"100644";"100644";"3b340f7a3c4fd754ce5e1f257fd80f341c6b6f2b";"a0c95fde0c69c2b7981fb3c2856255fdd22cc676";"12";"12-rgw";"P2";"test/QA";"reference-only";"Không đọc độc lập";"";"trivial";"";"Đã đọc net diff và lịch sử; thay đổi feature, refactor, test hoặc công cụ thông thường không có causal chain nâng cấp độc lập.";"";"";"screened-endpoint+history"
"2415";"v16.2.5";"v16.2.15";"src/test/cls_rgw_gc/test_cls_rgw_gc.cc";"";"M";"M";"2";"0";"FALSE";"100644";"100644";"387083f27fc12aae03701137d1cdc8f989a474e7";"26a1e11aedc0f68abae7bf24b6f8152281e96705";"12";"12-rgw";"P2";"test/QA";"reference-only";"Không đọc độc lập";"";"support";"RGW-005";"Test/QA hoặc tài liệu gắn trực tiếp với finding; dùng làm bằng chứng hỗ trợ, không tự tạo rủi ro production.";"RGWLC::process,RGWPubSub,RGWAMQPManager,RGWGC,cls_fifo";"7abfaf086ba393959df15a684dabeddbb9ba188d,d59fe5c12d9e893179cb1c840120fbf50ca8b88d,48f34daa188beeb3293e8929d231ca0885b712dc";"history+test/docs"
"2492";"v16.2.5";"v16.2.15";"src/test/librgw_file_nfsns.cc";"";"M";"M";"15";"0";"FALSE";"100644";"100644";"b2a8fd27b06ed1fb9e9e3043746c0c13fd74357d";"5483dce389a85f05a9fbddac455aef10987763b9";"12";"12-rgw";"P2";"test/QA";"reference-only";"Không đọc độc lập";"";"trivial";"";"Đã đọc net diff và lịch sử; thay đổi feature, refactor, test hoặc công cụ thông thường không có causal chain nâng cấp độc lập.";"";"";"screened-endpoint+history"
"2528";"v16.2.5";"v16.2.15";"src/test/rgw/CMakeLists.txt";"";"M";"M";"0";"2";"FALSE";"100644";"100644";"569cbb93a0e6934311a978b15fcdc14b62516b06";"641fd69cd91cfbe3e0ac0cc5d072caf9bf770c76";"12";"12-rgw";"P2";"test/QA";"reference-only";"Không đọc độc lập";"";"support";"RGW-006";"Test/QA hoặc tài liệu gắn trực tiếp với finding; dùng làm bằng chứng hỗ trợ, không tự tạo rủi ro production.";"read_obj_policy,Policy::eval,RGWSTS,RGWRole,RGWAuthRegistry";"36d428be572ecf6fb7bc3cceb15489a1be323207,f4ab5e2e4a537cfb79ed062bb85acbb15a06111f,7df41ea66e7f5a12c2c89837dfba9359e7c42698";"history+test/docs"
"2529";"v16.2.5";"v16.2.15";"src/test/rgw/amqp_mock.cc";"";"M";"M";"9";"0";"FALSE";"100644";"100644";"5f0b00e9f1e0f6264e3a04cc3e9297635a35f918";"8674e5026f68ccfdaa61c77bcb2dc8c08899ed59";"12";"12-rgw";"P2";"test/QA";"reference-only";"Không đọc độc lập";"";"support";"RGW-005";"Test/QA hoặc tài liệu gắn trực tiếp với finding; dùng làm bằng chứng hỗ trợ, không tự tạo rủi ro production.";"RGWLC::process,RGWPubSub,RGWAMQPManager,RGWGC,cls_fifo";"7abfaf086ba393959df15a684dabeddbb9ba188d,d59fe5c12d9e893179cb1c840120fbf50ca8b88d,48f34daa188beeb3293e8929d231ca0885b712dc";"history+test/docs"
"2530";"v16.2.5";"v16.2.15";"src/test/rgw/amqp_url.c";"";"M";"M";"2";"0";"FALSE";"100644";"100644";"071f43902aaefb90c4de07a0c30c49bce5fc8364";"520e95c69d87adf1d9223f99805519f2667187a5";"12";"12-rgw";"P2";"test/QA";"reference-only";"Không đọc độc lập";"";"support";"RGW-005";"Test/QA hoặc tài liệu gắn trực tiếp với finding; dùng làm bằng chứng hỗ trợ, không tự tạo rủi ro production.";"RGWLC::process,RGWPubSub,RGWAMQPManager,RGWGC,cls_fifo";"7abfaf086ba393959df15a684dabeddbb9ba188d,d59fe5c12d9e893179cb1c840120fbf50ca8b88d,48f34daa188beeb3293e8929d231ca0885b712dc";"history+test/docs"
"2531";"v16.2.5";"v16.2.15";"src/test/rgw/rgw_multi/tests_ps.py";"";"D";"D";"0";"4940";"FALSE";"100644";"0";"fd6e73e868adfe772f5e788bb3e40138081178d4";"0";"12";"12-rgw";"P2";"test/QA";"reference-only";"Không đọc độc lập";"";"support";"RGW-006";"Test/QA hoặc tài liệu gắn trực tiếp với finding; dùng làm bằng chứng hỗ trợ, không tự tạo rủi ro production.";"read_obj_policy,Policy::eval,RGWSTS,RGWRole,RGWAuthRegistry";"36d428be572ecf6fb7bc3cceb15489a1be323207,f4ab5e2e4a537cfb79ed062bb85acbb15a06111f,7df41ea66e7f5a12c2c89837dfba9359e7c42698";"history+test/docs"
"2532";"v16.2.5";"v16.2.15";"src/test/rgw/rgw_multi/zone_ps.py";"";"D";"D";"0";"433";"FALSE";"100644";"0";"9f55626d21181f796c150fc80f9ec0715df9d3c5";"0";"12";"12-rgw";"P2";"test/QA";"reference-only";"Không đọc độc lập";"";"trivial";"";"Đã đọc net diff và lịch sử; thay đổi feature, refactor, test hoặc công cụ thông thường không có causal chain nâng cấp độc lập.";"";"";"screened-endpoint+history"
"2533";"v16.2.5";"v16.2.15";"src/test/rgw/test_cls_fifo_legacy.cc";"";"M";"M";"0";"1";"FALSE";"100644";"100644";"02678c5221275a5c5925d840c6625c7ea2ed512f";"42c6296432a38a2e96840cdc627d6b07e24e8288";"12";"12-rgw";"P2";"test/QA";"reference-only";"Không đọc độc lập";"";"support";"RGW-005";"Test/QA hoặc tài liệu gắn trực tiếp với finding; dùng làm bằng chứng hỗ trợ, không tự tạo rủi ro production.";"RGWLC::process,RGWPubSub,RGWAMQPManager,RGWGC,cls_fifo";"7abfaf086ba393959df15a684dabeddbb9ba188d,d59fe5c12d9e893179cb1c840120fbf50ca8b88d,48f34daa188beeb3293e8929d231ca0885b712dc";"history+test/docs"
"2534";"v16.2.5";"v16.2.15";"src/test/rgw/test_http_manager.cc";"";"M";"M";"34";"4";"FALSE";"100644";"100644";"e27e1895a45c354158dc0cc194a83493dc145423";"3988394848959116e5ec1ee3bfa29f09762a41f9";"12";"12-rgw";"P2";"test/QA";"reference-only";"Không đọc độc lập";"";"support";"RGW-007";"Test/QA hoặc tài liệu gắn trực tiếp với finding; dùng làm bằng chứng hỗ trợ, không tự tạo rủi ro production.";"RGWAsioFrontend,Connection::timeout_handler,StreamIO,RGWWebsite,RGWDeleteMultiObj";"671de0a3923831224655c76bb365b56494670b55,403c285a09fe50d0bf9daad033904ee9981c95d8,584cc66ee133a2a75b5ae1b4920b680d06ce4aee";"history+test/docs"
"2535";"v16.2.5";"v16.2.15";"src/test/rgw/test_multi.md";"";"M";"M";"0";"3";"FALSE";"100644";"100644";"6acba7d7323b4e0f4c820ee0ccc2206021758bb0";"f2c1285300ec15cb433882b401f09c45b06c8926";"12";"12-rgw";"P2";"test/QA";"reference-only";"Không đọc độc lập";"";"support";"RGW-004";"Test/QA hoặc tài liệu gắn trực tiếp với finding; dùng làm bằng chứng hỗ trợ, không tự tạo rủi ro production.";"RGWDataSyncStatusManager,RGWMetaSyncStatusManager,RGWDataChangesLog,RGWSyncPolicyHandler";"9d7a80b5901351fe769df974f336714e62712d7b,097d574ab3e0cf288118759cb8575655452fbb94,46802213a28490d59bf6b546c0791382175d0fd9";"history+test/docs"
"2536";"v16.2.5";"v16.2.15";"src/test/rgw/test_multi.py";"";"M";"M";"3";"23";"FALSE";"100644";"100644";"e32d00f0da31740cbeb584388c791ed4f803b5eb";"1becc3a4b1736364421b12f7b51bd66c99dfc36d";"12";"12-rgw";"P2";"test/QA";"reference-only";"Không đọc độc lập";"";"support";"RGW-004";"Test/QA hoặc tài liệu gắn trực tiếp với finding; dùng làm bằng chứng hỗ trợ, không tự tạo rủi ro production.";"RGWDataSyncStatusManager,RGWMetaSyncStatusManager,RGWDataChangesLog,RGWSyncPolicyHandler";"9d7a80b5901351fe769df974f336714e62712d7b,097d574ab3e0cf288118759cb8575655452fbb94,46802213a28490d59bf6b546c0791382175d0fd9";"history+test/docs"
"2537";"v16.2.5";"v16.2.15";"src/test/rgw/test_rgw_amqp.cc";"";"M";"M";"0";"28";"FALSE";"100644";"100644";"421f757515bcf8829fe944a231a2af09973dd0d0";"e4beb34d18459a1f105dc5aec7aaf05d817b0ed5";"12";"12-rgw";"P2";"test/QA";"reference-only";"Không đọc độc lập";"";"support";"RGW-005";"Test/QA hoặc tài liệu gắn trực tiếp với finding; dùng làm bằng chứng hỗ trợ, không tự tạo rủi ro production.";"RGWLC::process,RGWPubSub,RGWAMQPManager,RGWGC,cls_fifo";"7abfaf086ba393959df15a684dabeddbb9ba188d,d59fe5c12d9e893179cb1c840120fbf50ca8b88d,48f34daa188beeb3293e8929d231ca0885b712dc";"history+test/docs"
"2538";"v16.2.5";"v16.2.15";"src/test/rgw/test_rgw_dmclock_scheduler.cc";"";"M";"M";"11";"11";"FALSE";"100644";"100644";"d13c4fca69e58e808085fba232d62a7309402d39";"ca4aa02012d998bb0e82486e657745859cb2d3b1";"12";"12-rgw";"P2";"test/QA";"reference-only";"Không đọc độc lập";"";"trivial";"";"Đã đọc net diff và lịch sử; thay đổi feature, refactor, test hoặc công cụ thông thường không có causal chain nâng cấp độc lập.";"";"";"screened-endpoint+history"
"2539";"v16.2.5";"v16.2.15";"src/test/rgw/test_rgw_iam_policy.cc";"";"M";"M";"168";"175";"FALSE";"100644";"100644";"0970540eb197f96c469afd31740beec17808a356";"3c3c07870fa6a36b96c4638b419c420920bfe945";"12";"12-rgw";"P2";"test/QA";"reference-only";"Không đọc độc lập";"";"support";"RGW-006";"Test/QA hoặc tài liệu gắn trực tiếp với finding; dùng làm bằng chứng hỗ trợ, không tự tạo rủi ro production.";"read_obj_policy,Policy::eval,RGWSTS,RGWRole,RGWAuthRegistry";"36d428be572ecf6fb7bc3cceb15489a1be323207,f4ab5e2e4a537cfb79ed062bb85acbb15a06111f,7df41ea66e7f5a12c2c89837dfba9359e7c42698";"history+test/docs"
"2540";"v16.2.5";"v16.2.15";"src/test/rgw/test_rgw_lua.cc";"";"M";"M";"75";"27";"FALSE";"100644";"100644";"7d7af6d786f3de2b1c54d92e2049cfa3acb7d5e0";"b6bf0375a48a15518b89cf49b28987825067f707";"12";"12-rgw";"P2";"test/QA";"reference-only";"Không đọc độc lập";"";"trivial";"";"Đã đọc net diff và lịch sử; thay đổi feature, refactor, test hoặc công cụ thông thường không có causal chain nâng cấp độc lập.";"";"";"screened-endpoint+history"
"2541";"v16.2.5";"v16.2.15";"src/test/rgw/test_rgw_reshard_wait.cc";"";"M";"M";"3";"3";"FALSE";"100644";"100644";"fa947c4f3c2c45afd377624c103d7250a6b051d9";"1db8bad391a6723f3ce8a31d7074c6c724341902";"12";"12-rgw";"P2";"test/QA";"reference-only";"Không đọc độc lập";"";"support";"RGW-003,RGW-008";"Test/QA hoặc tài liệu gắn trực tiếp với finding; dùng làm bằng chứng hỗ trợ, không tự tạo rủi ro production.";"RGWRados::guard_reshard,RGWBucketReshard,cls_rgw_bucket_complete_op,complete_remove_obj,RGWBucketAdminOp::check_index,RGWBucket::check_index,RGWRados::bucket_check_index";"b11c10acc9026d92b90cfb88f6a3381274ccb9bc,315981003ed5ccf2bc567e960a4d699e956e8d6f,1e575378b00fc2c8b56b09834276e68dddbb1385,1c1569b66084754511f2933d2247d132cf6018b6,d828c761a114138914eb6e0ab6e237b6c22c8059,4817bcaf9d385cb60ef36373ac0262e466953994";"history+test/docs"
"2542";"v16.2.5";"v16.2.15";"src/test/rgw/test_rgw_throttle.cc";"";"M";"M";"2";"2";"FALSE";"100644";"100644";"109dd100619542d2609d1c6db0b20ec027a19080";"12bc75edbc50cad0cd3fbbf27705c2b5104e40ac";"12";"12-rgw";"P2";"test/QA";"reference-only";"Không đọc độc lập";"";"trivial";"";"Đã đọc net diff và lịch sử; thay đổi feature, refactor, test hoặc công cụ thông thường không có causal chain nâng cấp độc lập.";"";"";"screened-endpoint+history"
"2543";"v16.2.5";"v16.2.15";"src/test/rgw/test_rgw_url.cc";"";"M";"M";"12";"0";"FALSE";"100644";"100644";"d38457b815d2ea24ce7676d4e94dbf77389ad281";"b61e1d5959210ec16dde06ec6b251e692114dc2a";"12";"12-rgw";"P2";"test/QA";"reference-only";"Không đọc độc lập";"";"trivial";"";"Đã đọc net diff và lịch sử; thay đổi feature, refactor, test hoặc công cụ thông thường không có causal chain nâng cấp độc lập.";"";"";"screened-endpoint+history"
