index;base_tag;target_tag;path;old_path;status;status_detail;additions;deletions;binary;old_mode;new_mode;old_blob;new_blob;group;owner_report;priority;file_type;review_mode;analysis_decision;diff_note;upgrade_impact;finding_id;impact_reason
152;v16.2.15;v17.2.7;doc/dev/crimson/osd.rst;;A;A;54;0;FALSE;000000;100644;0000000000000000000000000000000000000000;b4b8ed65c7868acca09f70e02defbd3910dda3ec;01;01-osd-pg-recovery;P2;documentation;support;"Triage owner 01: OSD operational documentation; inspect endpoint hunk before binary impact verdict.";;trivial;;T01-doc: New Crimson OSD lifecycle diagram describes states but supplies no executable setting or release-specific upgrade procedure.
176;v16.2.15;v17.2.7;doc/dev/osd-class-path.rst;;M;M;20;8;FALSE;100644;100644;d0e54acac3bbc75f5c449acde9e1573a23aeb551;66796eedd4a9855fb297dfae1d1cc756a5eaea87;01;01-osd-pg-recovery;P2;documentation;support;"Triage owner 01: OSD operational documentation; inspect endpoint hunk before binary impact verdict.";;trivial;;"T01-doc: Updates class-load troubleshooting example/path wording; osd_class_dir remedy and runtime behavior remain as before."
177;v16.2.15;v17.2.7;doc/dev/osd_internals/async_recovery.rst;;M;M;1;1;FALSE;100644;100644;ab0a036f1ad1302151da3e5c548c55aa72a51623;aea5b70db913538a8a0d8485559c273ae891b82e;01;01-osd-pg-recovery;P2;documentation;support;"Triage owner 01: OSD operational documentation; inspect endpoint hunk before binary impact verdict.";;trivial;;T01-doc: Corrects spelling of threshold only.
178;v16.2.15;v17.2.7;doc/dev/osd_internals/erasure_coding/ecbackend.rst;;M;M;25;26;FALSE;100644;100644;624ec217ea13572b9320304b49da8aed3598b58a;877a08a384aa8dc9b47e9b16d864056a60bbb249;01;01-osd-pg-recovery;P2;documentation;support;"Triage owner 01: OSD operational documentation; inspect endpoint hunk before binary impact verdict.";;trivial;;"T01-doc: Editorial grammar/capitalization edits in design notes; no algorithm or instruction change."
179;v16.2.15;v17.2.7;doc/dev/osd_internals/log_based_pg.rst;;M;M;1;1;FALSE;100644;100644;5d1e560c0e696956f4c729cb0c61c90671668dd3;99cffd3d95dddba4a681776cb1a43de879f2404a;01;01-osd-pg-recovery;P2;documentation;support;"Triage owner 01: OSD operational documentation; inspect endpoint hunk before binary impact verdict.";;trivial;;T01-doc: Corrects up-to-date spelling only.
180;v16.2.15;v17.2.7;doc/dev/osd_internals/manifest.rst;;M;M;1;1;FALSE;100644;100644;2e8f9ae4445621ffdf7a3c2ff7d08a4d6fd3ad71;6689bf239c5f4277505790ba8627251b5832f6cc;01;01-osd-pg-recovery;P2;documentation;support;"Triage owner 01: OSD operational documentation; inspect endpoint hunk before binary impact verdict.";;trivial;;T01-doc: Corrects constituent spelling only.
181;v16.2.15;v17.2.7;doc/dev/osd_internals/mclock_wpq_cmp_study.rst;;A;A;476;0;FALSE;000000;100644;0000000000000000000000000000000000000000;31ad184098eab4d5828aaae3052746b7691b5c60;01;01-osd-pg-recovery;P2;documentation;support;"Triage owner 01: OSD operational documentation; inspect endpoint hunk before binary impact verdict.";;affect;OSD-027;"OSD-027: New development study uses 17.0 pre-release high_client_ops default, whereas v17.2.7 endpoint YAML defaults to balanced; study results are not endpoint upgrade predictions."
182;v16.2.15;v17.2.7;doc/dev/osd_internals/stale_read.rst;;M;M;7;6;FALSE;100644;100644;67eac9d7f50bb705fdf5184e69c25a9a747c89b8;5493bb1f4eed2b0e68f606d6584e53c2db05c21d;01;01-osd-pg-recovery;P2;documentation;support;"Triage owner 01: OSD operational documentation; inspect endpoint hunk before binary impact verdict.";;trivial;;"T01-doc: Development explanation is support material only; no executable upgrade procedure or changed operator action in endpoint hunk."
192;v16.2.15;v17.2.7;doc/images/mclock_wpq_study/Avg_Client_Latency_Percentiles_HDD_NoWALdB_WPQ_vs_mClock.png;;A;A;;;TRUE;000000;100644;0000000000000000000000000000000000000000;c368d06e3cb7e5cf4d1364fd77a5782e77ec492e;01;01-osd-pg-recovery;P2;documentation;support;"Triage owner 01: OSD operational documentation; inspect endpoint hunk before binary impact verdict.";;trivial;;"T01-doc: Static chart from the 17.0 development mClock/WPQ study; it does not change Quincy 17.2.7 runtime, config or upgrade procedure. See OSD-027."
193;v16.2.15;v17.2.7;doc/images/mclock_wpq_study/Avg_Client_Latency_Percentiles_HDD_WALdB_WPQ_vs_mClock.png;;A;A;;;TRUE;000000;100644;0000000000000000000000000000000000000000;fd5de6584d6ee566013bd98549770dfda3b3dd2e;01;01-osd-pg-recovery;P2;documentation;support;"Triage owner 01: OSD operational documentation; inspect endpoint hunk before binary impact verdict.";;trivial;;"T01-doc: Static chart from the 17.0 development mClock/WPQ study; it does not change Quincy 17.2.7 runtime, config or upgrade procedure. See OSD-027."
194;v16.2.15;v17.2.7;doc/images/mclock_wpq_study/Avg_Client_Latency_Percentiles_NVMe_SSD_WPQ_vs_mClock.png;;A;A;;;TRUE;000000;100644;0000000000000000000000000000000000000000;ac1a979f280da3421dac3f1fae85f54898ea94bd;01;01-osd-pg-recovery;P2;documentation;support;"Triage owner 01: OSD operational documentation; inspect endpoint hunk before binary impact verdict.";;trivial;;"T01-doc: Static chart from the 17.0 development mClock/WPQ study; it does not change Quincy 17.2.7 runtime, config or upgrade procedure. See OSD-027."
195;v16.2.15;v17.2.7;doc/images/mclock_wpq_study/Avg_Client_Throughput_HDD_NoWALdB_WPQ_vs_mClock.png;;A;A;;;TRUE;000000;100644;0000000000000000000000000000000000000000;8a3d89e1e9fe4b71bec88ca482edc4c9ef5cccc9;01;01-osd-pg-recovery;P2;documentation;support;"Triage owner 01: OSD operational documentation; inspect endpoint hunk before binary impact verdict.";;trivial;;"T01-doc: Static chart from the 17.0 development mClock/WPQ study; it does not change Quincy 17.2.7 runtime, config or upgrade procedure. See OSD-027."
196;v16.2.15;v17.2.7;doc/images/mclock_wpq_study/Avg_Client_Throughput_HDD_WALdB_WPQ_vs_mClock.png;;A;A;;;TRUE;000000;100644;0000000000000000000000000000000000000000;a7c28bc70ab441587aee9a99d10c6cfdad8575ac;01;01-osd-pg-recovery;P2;documentation;support;"Triage owner 01: OSD operational documentation; inspect endpoint hunk before binary impact verdict.";;trivial;;"T01-doc: Static chart from the 17.0 development mClock/WPQ study; it does not change Quincy 17.2.7 runtime, config or upgrade procedure. See OSD-027."
197;v16.2.15;v17.2.7;doc/images/mclock_wpq_study/Avg_Client_Throughput_NVMe_SSD_WPQ_vs_mClock.png;;A;A;;;TRUE;000000;100644;0000000000000000000000000000000000000000;b19bf1995ee406ca11d4827deb8f6fab2ab87430;01;01-osd-pg-recovery;P2;documentation;support;"Triage owner 01: OSD operational documentation; inspect endpoint hunk before binary impact verdict.";;trivial;;"T01-doc: Static chart from the 17.0 development mClock/WPQ study; it does not change Quincy 17.2.7 runtime, config or upgrade procedure. See OSD-027."
198;v16.2.15;v17.2.7;doc/images/mclock_wpq_study/Avg_Obj_Rec_Throughput_HDD_NoWALdB_WPQ_vs_mClock.png;;A;A;;;TRUE;000000;100644;0000000000000000000000000000000000000000;f3f6a5c972d9608b384c4ab430c72c42e2e0b893;01;01-osd-pg-recovery;P2;documentation;support;"Triage owner 01: OSD operational documentation; inspect endpoint hunk before binary impact verdict.";;trivial;;"T01-doc: Static chart from the 17.0 development mClock/WPQ study; it does not change Quincy 17.2.7 runtime, config or upgrade procedure. See OSD-027."
199;v16.2.15;v17.2.7;doc/images/mclock_wpq_study/Avg_Obj_Rec_Throughput_HDD_WALdB_WPQ_vs_mClock.png;;A;A;;;TRUE;000000;100644;0000000000000000000000000000000000000000;89f138d85a7c6ca49c40180a443726f27511d891;01;01-osd-pg-recovery;P2;documentation;support;"Triage owner 01: OSD operational documentation; inspect endpoint hunk before binary impact verdict.";;trivial;;"T01-doc: Static chart from the 17.0 development mClock/WPQ study; it does not change Quincy 17.2.7 runtime, config or upgrade procedure. See OSD-027."
200;v16.2.15;v17.2.7;doc/images/mclock_wpq_study/Avg_Obj_Rec_Throughput_NVMe_SSD_WPQ_vs_mClock.png;;A;A;;;TRUE;000000;100644;0000000000000000000000000000000000000000;8ad783a508b3ee7e89ad8803bc2923ddd86b3650;01;01-osd-pg-recovery;P2;documentation;support;"Triage owner 01: OSD operational documentation; inspect endpoint hunk before binary impact verdict.";;trivial;;"T01-doc: Static chart from the 17.0 development mClock/WPQ study; it does not change Quincy 17.2.7 runtime, config or upgrade procedure. See OSD-027."
201;v16.2.15;v17.2.7;doc/images/mclock_wpq_study/Clat_Latency_Comparison_HDD_NoWALdB_WPQ_vs_mClock.png;;A;A;;;TRUE;000000;100644;0000000000000000000000000000000000000000;bdce97e7b373db57036ae6e07c9db229ec75b8ee;01;01-osd-pg-recovery;P2;documentation;support;"Triage owner 01: OSD operational documentation; inspect endpoint hunk before binary impact verdict.";;trivial;;"T01-doc: Static chart from the 17.0 development mClock/WPQ study; it does not change Quincy 17.2.7 runtime, config or upgrade procedure. See OSD-027."
202;v16.2.15;v17.2.7;doc/images/mclock_wpq_study/Clat_Latency_Comparison_HDD_WALdB_WPQ_vs_mClock.png;;A;A;;;TRUE;000000;100644;0000000000000000000000000000000000000000;e1c8efe70362d427cdc04536e2b05219bf97641f;01;01-osd-pg-recovery;P2;documentation;support;"Triage owner 01: OSD operational documentation; inspect endpoint hunk before binary impact verdict.";;trivial;;"T01-doc: Static chart from the 17.0 development mClock/WPQ study; it does not change Quincy 17.2.7 runtime, config or upgrade procedure. See OSD-027."
203;v16.2.15;v17.2.7;doc/images/mclock_wpq_study/Clat_Latency_Comparison_NVMe_SSD_WPQ_vs_mClock.png;;A;A;;;TRUE;000000;100644;0000000000000000000000000000000000000000;c3016b217a31f1b338852e413a5d6f7c57b37200;01;01-osd-pg-recovery;P2;documentation;support;"Triage owner 01: OSD operational documentation; inspect endpoint hunk before binary impact verdict.";;trivial;;"T01-doc: Static chart from the 17.0 development mClock/WPQ study; it does not change Quincy 17.2.7 runtime, config or upgrade procedure. See OSD-027."
204;v16.2.15;v17.2.7;doc/images/mclock_wpq_study/Recovery_Rate_Comparison_HDD_NoWALdB_WPQ_vs_mClock.png;;A;A;;;TRUE;000000;100644;0000000000000000000000000000000000000000;c75127073cc85bc742fc97d60b149d1aba0a1517;01;01-osd-pg-recovery;P2;documentation;support;"Triage owner 01: OSD operational documentation; inspect endpoint hunk before binary impact verdict.";;trivial;;"T01-doc: Static chart from the 17.0 development mClock/WPQ study; it does not change Quincy 17.2.7 runtime, config or upgrade procedure. See OSD-027."
205;v16.2.15;v17.2.7;doc/images/mclock_wpq_study/Recovery_Rate_Comparison_HDD_WALdB_WPQ_vs_mClock.png;;A;A;;;TRUE;000000;100644;0000000000000000000000000000000000000000;281e788fe0679bd879f7c0e4732d44f3e3b33576;01;01-osd-pg-recovery;P2;documentation;support;"Triage owner 01: OSD operational documentation; inspect endpoint hunk before binary impact verdict.";;trivial;;"T01-doc: Static chart from the 17.0 development mClock/WPQ study; it does not change Quincy 17.2.7 runtime, config or upgrade procedure. See OSD-027."
206;v16.2.15;v17.2.7;doc/images/mclock_wpq_study/Recovery_Rate_Comparison_NVMe_SSD_WPQ_vs_mClock.png;;A;A;;;TRUE;000000;100644;0000000000000000000000000000000000000000;f5e823000e3067598d26dbe02249b4f324de0fdc;01;01-osd-pg-recovery;P2;documentation;support;"Triage owner 01: OSD operational documentation; inspect endpoint hunk before binary impact verdict.";;trivial;;"T01-doc: Static chart from the 17.0 development mClock/WPQ study; it does not change Quincy 17.2.7 runtime, config or upgrade procedure. See OSD-027."
218;v16.2.15;v17.2.7;doc/jaegertracing/osd_jaeger.png;;A;A;;;TRUE;000000;100644;0000000000000000000000000000000000000000;b881e1623cf72c2173df0c5f83d4bd5d803b460e;01;01-osd-pg-recovery;P2;documentation;support;"Triage owner 01: OSD operational documentation; inspect endpoint hunk before binary impact verdict.";;trivial;;"T01-doc: Static tracer screenshot; executable tracing differences are recorded in OSD-021."
222;v16.2.15;v17.2.7;doc/man/8/ceph-bluestore-tool.rst;;M;M;32;4;FALSE;100644;100644;bb67ccc71e7e02e7181c7dfca7eeb4d135d02a0e;f6c88da09b24c402c7ea216f4151483271a7225e;01;01-osd-pg-recovery;P2;documentation;support;"Triage owner 01: OSD operational documentation; inspect endpoint hunk before binary impact verdict.";;affect;OSD-026;"OSD-026: Tool man page documents -i, qfsck, allocmap and restore_cfb; build gates and executable behavior are cross-checked in BLU-004."
236;v16.2.15;v17.2.7;doc/man/8/ceph-osd.rst;;M;M;1;1;FALSE;100644;100644;2e9424b1103ce085a98e79a42cee80c3d5426a11;5b631eeff744b3931196e7c45b40eb07a5ff5d65;01;01-osd-pg-recovery;P2;documentation;support;"Triage owner 01: OSD operational documentation; inspect endpoint hunk before binary impact verdict.";;trivial;;T01-doc: Only updates documentation URL to https://docs.ceph.com.
252;v16.2.15;v17.2.7;doc/man/8/osdmaptool.rst;;M;M;1;1;FALSE;100644;100644;92ad8039cc2082d80d210a43ff3ace07feae0e13;bd8dfb3ce9e943ece387de3d46a1bd85f42ff2c1;01;01-osd-pg-recovery;P2;documentation;support;"Triage owner 01: OSD operational documentation; inspect endpoint hunk before binary impact verdict.";;trivial;;T01-doc: Only updates documentation URL to https://docs.ceph.com.
315;v16.2.15;v17.2.7;doc/rados/operations/add-or-rm-osds.rst;;M;M;203;170;FALSE;100644;100644;3155528597aa420484186540fa85c94ddb000f8b;1a6621148ef0d69c7e2980e35cedd14e8b13a4ce;01;01-osd-pg-recovery;P2;documentation;support;"Triage owner 01: OSD operational documentation; inspect endpoint hunk before binary impact verdict.";;trivial;;T01-doc: Rephrases existing manual add/remove/replace OSD commands and cautions without changing command sequence for this upgrade.
325;v16.2.15;v17.2.7;doc/rados/operations/monitoring-osd-pg.rst;;M;M;18;16;FALSE;100644;100644;b1bf416485fc770fe5a86011fe9a5d2992e3fc62;510096ed50d9aa68eb234bfdc1ba146ee2b56f93;01;01-osd-pg-recovery;P2;documentation;support;"Triage owner 01: OSD operational documentation; inspect endpoint hunk before binary impact verdict.";;trivial;;"T01-doc: Editorial clarification of in/out/up/down states and links; no new monitoring command or threshold."
338;v16.2.15;v17.2.7;doc/rados/troubleshooting/troubleshooting-osd.rst;;M;M;526;356;FALSE;100644;100644;cc852d73db9c4908fa68aaefe5278c62c2d45416;b86805e2b639edee40c9472242abd928482008c8;01;01-osd-pg-recovery;P2;documentation;support;"Triage owner 01: OSD operational documentation; inspect endpoint hunk before binary impact verdict.";;trivial;;"T01-doc: Reformats existing diagnostic and noout maintenance commands; per-OSD noout advice already exists in Pacific text."
449;v16.2.15;v17.2.7;qa/config/rados.yaml;;M;M;3;0;FALSE;100644;100644;e468e126a4e0707d5177b04de8301bc65a7cbd66;710847f594b8f2993d7e717588f505e3cde01055;01;01-osd-pg-recovery;P2;test/QA;support;"Triage owner 01: OSD/RADOS QA; inspect endpoint hunk before binary impact verdict.";;affect;OSD-072;"OSD-072: QA rados config adds BlueStore zero-block detection and mClock recovery override/high_recovery_ops profile; selected tests run with different OSD settings than the Pacific endpoint."
527;v16.2.15;v17.2.7;qa/standalone/erasure-code/test-erasure-eio.sh;;M;M;2;1;FALSE;100755;100755;5ee7e3a9f6c9a7ec44a9db42c9a3ac9f2dee7ec0;42c538eb9184e129f2eac63ea0a462cd3f60ef8a;01;01-osd-pg-recovery;P2;test/QA;support;"Triage owner 01: OSD, PG, recovery or data-path test; inspect endpoint hunk before binary impact verdict.";;affect;OSD-052;OSD-052: Test runner enables osd_mclock_override_recovery_settings and extends EC backfill_unfound polling from 100 to 240 iterations.
537;v16.2.15;v17.2.7;qa/standalone/osd-backfill/osd-backfill-prio.sh;qa/standalone/osd/osd-backfill-prio.sh;R;R098;3;0;FALSE;100755;100755;c8c05ce19fb95b8e5bb6902789397956d50997fa;9749ca34c0da822e15386117f30fe60157f2f65a;01;01-osd-pg-recovery;P2;test/QA;support;"Triage owner 01: OSD, PG, recovery or data-path test; inspect endpoint hunk before binary impact verdict.";;affect;OSD-052;OSD-052: Renamed script also forces wpq instead of target default mClock, changing the scheduler exercised by backfill-priority QA.
538;v16.2.15;v17.2.7;qa/standalone/osd-backfill/osd-backfill-recovery-log.sh;qa/standalone/osd/osd-backfill-recovery-log.sh;R;R098;1;0;FALSE;100755;100755;6f20d90b5b5add968d39ff64900d919a4e79ccc3;f9a14493215d2dec256bae71738c1db2cedd841e;01;01-osd-pg-recovery;P2;test/QA;support;"Triage owner 01: OSD, PG, recovery or data-path test; inspect endpoint hunk before binary impact verdict.";;affect;OSD-052;OSD-052: Renamed script also enables mClock recovery-setting override so osd_max_backfills=1 remains effective in QA.
539;v16.2.15;v17.2.7;qa/standalone/osd-backfill/osd-backfill-space.sh;qa/standalone/osd/osd-backfill-space.sh;R;R098;9;8;FALSE;100755;100755;b2a1a821fdb245e92c020b179904534a764d4d02;6a5c69412f45cece0986b2152d0ad08f87df9a20;01;01-osd-pg-recovery;P2;test/QA;support;"Triage owner 01: OSD, PG, recovery or data-path test; inspect endpoint hunk before binary impact verdict.";;affect;OSD-052;OSD-052: Renamed script also enables mClock recovery-setting override and expands wait_for_not_backfilling from 240 to 1200 in active cases.
540;v16.2.15;v17.2.7;qa/standalone/osd-backfill/osd-backfill-stats.sh;qa/standalone/osd/osd-backfill-stats.sh;R;R099;2;2;FALSE;100755;100755;e63d2e1479c675014a299104336d0bf5585e4e3a;21b42a4ce75b7fa83bcb5a0ade2857298cbaac1c;01;01-osd-pg-recovery;P2;test/QA;support;"Triage owner 01: OSD, PG, recovery or data-path test; inspect endpoint hunk before binary impact verdict.";;affect;OSD-052;OSD-052: Renamed script also extends EC-backfill polling limit from 60 to 240 iterations, changing QA timeout acceptance.
541;v16.2.15;v17.2.7;qa/standalone/osd/divergent-priors.sh;;M;M;21;6;FALSE;100755;100755;dec0e7ad4e1bca0d048fbbf4495bf309a1fcf804;40d72544d1b062b1b17f0677ccd8f25bef3ffe59;01;01-osd-pg-recovery;P2;test/QA;support;"Triage owner 01: OSD, PG, recovery or data-path test; inspect endpoint hunk before binary impact verdict.";;affect;OSD-056;"OSD-056: TEST_divergent_3 retries PG stats/clean wait until first PG up_primary is nonnegative, with a 300-second failure deadline; divergent primary selection and QA outcome differ."
542;v16.2.15;v17.2.7;qa/standalone/osd/osd-bluefs-volume-ops.sh;;M;M;103;7;FALSE;100755;100755;3e92d17dba3ee857fc38ee56bd29bc22f04ad90b;aedfbc9b5cbbec88e5417c9d690563223da5fcc3;01;01-osd-pg-recovery;P2;test/QA;support;"Triage owner 01: OSD, PG, recovery or data-path test; inspect endpoint hunk before binary impact verdict.";;affect;OSD-058;"OSD-058: QA retries BlueFS spillover generation and adds an offline allocmap/fsck/bluefs-bdev-expand/qfsck/restart path; script shell syntax in retry assignment and size comparison needs lab validation before use as an upgrade gate."
543;v16.2.15;v17.2.7;qa/standalone/osd/osd-recovery-prio.sh;;M;M;4;1;FALSE;100755;100755;f5d7928c8511b13ab4d81dca436e92abae01c024;02b65f67a27050d19fe7db874bbee9e1c1690ba5;01;01-osd-pg-recovery;P2;test/QA;support;"Triage owner 01: OSD, PG, recovery or data-path test; inspect endpoint hunk before binary impact verdict.";;affect;OSD-052;OSD-052: Priority test forces osd-op-queue=wpq, so it no longer exercises Quincy's default mClock priority behavior.
544;v16.2.15;v17.2.7;qa/standalone/osd/osd-recovery-space.sh;;M;M;1;0;FALSE;100755;100755;07ed09b4380fa0ad41c350287ddbcf952a387bae;3bafc5138bb328cdf2cb134730ee24b4f6f8f2b0;01;01-osd-pg-recovery;P2;test/QA;support;"Triage owner 01: OSD, PG, recovery or data-path test; inspect endpoint hunk before binary impact verdict.";;affect;OSD-052;OSD-052: Recovery-space test enables osd_mclock_override_recovery_settings so its osd_max_backfills=10 input remains effective under mClock.
545;v16.2.15;v17.2.7;qa/standalone/osd/osd-recovery-stats.sh;;M;M;2;2;FALSE;100755;100755;7d88e98a0c09e4844ebeb5e4fa35d29c41617305;ad6f810d77a3efe493bb7dcff563e93bff7d88fc;01;01-osd-pg-recovery;P2;test/QA;support;"Triage owner 01: OSD, PG, recovery or data-path test; inspect endpoint hunk before binary impact verdict.";;affect;OSD-052;OSD-052: Undersized recovery test extends its polling/timeout loop from 60 to 300 iterations, changing pass/fail timing.
546;v16.2.15;v17.2.7;qa/standalone/osd/osd-rep-recov-eio.sh;;M;M;1;1;FALSE;100755;100755;bf1adde9892d93e57381a80453eae142ae998ef2;c088f80a9d8bed0057507739a7844eb8c04e4daf;01;01-osd-pg-recovery;P2;test/QA;support;"Triage owner 01: OSD, PG, recovery or data-path test; inspect endpoint hunk before binary impact verdict.";;affect;OSD-052;OSD-052: Replicated recovery backfill_unfound test extends polling from 100 to 360 iterations, changing pass/fail timing.
547;v16.2.15;v17.2.7;qa/standalone/osd/repro_long_log.sh;;M;M;45;3;FALSE;100755;100755;a95a5ee94e7169fcbfb2b5487de66a0e403f71ea;fa27d7017519080a634be5a2db3b0494c52c2989;01;01-osd-pg-recovery;P2;test/QA;support;"Triage owner 01: OSD, PG, recovery or data-path test; inspect endpoint hunk before binary impact verdict.";;affect;OSD-057;OSD-057: Long-log QA now checks log_dups_size, changes duplicate tracking/trim inputs and adds duplicate-aware trim case, altering log validation and expected results.
548;v16.2.15;v17.2.7;qa/standalone/scrub/osd-mapper.sh;;A;A;182;0;FALSE;000000;100755;0000000000000000000000000000000000000000;5a13b109a34f62daa046c14212a84ea5daf20436;01;01-osd-pg-recovery;P2;test/QA;support;"Triage owner 01: OSD, PG, recovery or data-path test; inspect endpoint hunk before binary impact verdict.";;affect;OSD-060;OSD-060: New standalone QA corrupts SnapMapper SNA_ keys on stopped lab OSDs, restarts, deep-scrubs twice and checks repair/error count and key restoration.
549;v16.2.15;v17.2.7;qa/standalone/scrub/osd-recovery-scrub.sh;;M;M;45;65;FALSE;100755;100755;d778b0314f3f5a61efb78bd54efb98bdfbabba62;9541852c7d2237b7dd4a8b0b01891e3ca1f0cf2f;01;01-osd-pg-recovery;P2;test/QA;support;"Triage owner 01: OSD, PG, recovery or data-path test; inspect endpoint hunk before binary impact verdict.";;affect;OSD-059;"OSD-059: Recovery-scrub QA now requires concurrent recovering PGs and at least one scrub observed while recovering; object count and OSD recovery sleep also change."
550;v16.2.15;v17.2.7;qa/standalone/scrub/osd-scrub-dump.sh;;M;M;9;8;FALSE;100755;100755;6d18d6a60f3e28580c709d40fb65e5714af61da5;21808aa9172d07f1f8906941a8e4415c6878f4b0;01;01-osd-pg-recovery;P2;test/QA;support;"Triage owner 01: OSD, PG, recovery or data-path test; inspect endpoint hunk before binary impact verdict.";;affect;OSD-053;"OSD-053: Forces wpq scheduler, drops duplicate scrub-sleep argument and narrows PG-state grep to +scrubbing; executed scrub QA differs from target default mClock."
551;v16.2.15;v17.2.7;qa/standalone/scrub/osd-scrub-repair.sh;;M;M;13;8;FALSE;100755;100755;63400a1d0a7356167170a0721bfb144f77d6bb24;e4e55cd229f908a78637ada27d608f55e279c346;01;01-osd-pg-recovery;P2;test/QA;support;"Triage owner 01: OSD, PG, recovery or data-path test; inspect endpoint hunk before binary impact verdict.";;affect;OSD-053;"OSD-053: Auto-repair case forces wpq and changes setup/teardown; scrub-warning case accepts either regular-only or combined regular/deep warning count."
552;v16.2.15;v17.2.7;qa/standalone/scrub/osd-scrub-snaps.sh;;M;M;2;2;FALSE;100755;100755;39e0f40f74050c9daec05c5583bf871e47c0e990;975beb775831854d96255105b8c50e66adb6d961;01;01-osd-pg-recovery;P2;test/QA;support;"Triage owner 01: OSD, PG, recovery or data-path test; inspect endpoint hunk before binary impact verdict.";;affect;OSD-053;OSD-053: Snap-mapper test changes two expected repair-log regexes from flat snap IDs to brace-formatted IDs, changing pass/fail matching.
553;v16.2.15;v17.2.7;qa/standalone/scrub/osd-scrub-test.sh;;M;M;224;18;FALSE;100755;100755;5dd029c356fe196f6b22f3223d555742bb626c4f;e5c6de31d59e7d6d25a5e703825f5b6df114d452;01;01-osd-pg-recovery;P2;test/QA;support;"Triage owner 01: OSD, PG, recovery or data-path test; inspect endpoint hunk before binary impact verdict.";;affect;OSD-061;OSD-061: Scrub QA moves setup/teardown into runner, forces wpq for selected cases and adds noscrub/deep-scrub schedule, PG dump duration and objects_scrubbed checks.
554;v16.2.15;v17.2.7;qa/standalone/scrub/scrub-helpers.sh;;A;A;301;0;FALSE;000000;100644;0000000000000000000000000000000000000000;38677cf756657029c87061a0d56fa6b027cdca32;01;01-osd-pg-recovery;P2;test/QA;support;"Triage owner 01: OSD, PG, recovery or data-path test; inspect endpoint hunk before binary impact verdict.";;affect;"OSD-060;OSD-061";"OSD-060;OSD-061: New helper creates deterministic scrub lab clusters, enables scrubdebug and extracts schedule/duration from pg query/dump; wait_any_cond returns on any matching predicate."
555;v16.2.15;v17.2.7;qa/suites/big/rados-thrash/ceph/ceph.yaml;;D;D;0;3;FALSE;100644;000000;2030acb90836ccb748eab56844f8342763b3dd8c;0000000000000000000000000000000000000000;01;01-osd-pg-recovery;P2;test/QA;support;"Triage owner 01: OSD, PG, recovery or data-path test; inspect endpoint hunk before binary impact verdict.";;affect;OSD-076;OSD-076 big-rados-thrash: Big RADOS thrash QA replaces classic ceph task selection with roleless cephadm, nvme_loop and HWE kernel override.
556;v16.2.15;v17.2.7;qa/suites/big/rados-thrash/ceph/cephadm.yaml;;A;A;8;0;FALSE;000000;100644;0000000000000000000000000000000000000000;a225422c5a32f87e2b7032af3771e522744396c9;01;01-osd-pg-recovery;P2;test/QA;support;"Triage owner 01: OSD, PG, recovery or data-path test; inspect endpoint hunk before binary impact verdict.";;affect;OSD-076;OSD-076 big-rados-thrash: Big RADOS thrash QA replaces classic ceph task selection with roleless cephadm, nvme_loop and HWE kernel override.
557;v16.2.15;v17.2.7;qa/suites/big/rados-thrash/clusters/big.yaml;;M;M;67;67;FALSE;100644;100644;fd8c2174118e7672019f72b5feb3dce1afc5fd7a;d9a8de8e76e4d94a73d1b5f06605a7747a9f1b8d;01;01-osd-pg-recovery;P2;test/QA;support;"Triage owner 01: OSD, PG, recovery or data-path test; inspect endpoint hunk before binary impact verdict.";;affect;OSD-076;OSD-076 big-rados-thrash: Big/medium/small QA cluster recipes replace explicit OSD/MON/MGR roles with host/client roles for cephadm deployment, changing test topology.
558;v16.2.15;v17.2.7;qa/suites/big/rados-thrash/clusters/medium.yaml;;M;M;21;21;FALSE;100644;100644;ecded01b4ff992322db6da992f16a39e5d164f18;05a16b053359bb4cdc739d4317d1eecf782efb3c;01;01-osd-pg-recovery;P2;test/QA;support;"Triage owner 01: OSD, PG, recovery or data-path test; inspect endpoint hunk before binary impact verdict.";;affect;OSD-076;OSD-076 big-rados-thrash: Big/medium/small QA cluster recipes replace explicit OSD/MON/MGR roles with host/client roles for cephadm deployment, changing test topology.
559;v16.2.15;v17.2.7;qa/suites/big/rados-thrash/clusters/small.yaml;;M;M;5;5;FALSE;100644;100644;d0aecd00875f6d73ce4d6748767c2047faee84e5;0ff9f33f1f3a61ba848fcb56f264c840255f6e3b;01;01-osd-pg-recovery;P2;test/QA;support;"Triage owner 01: OSD, PG, recovery or data-path test; inspect endpoint hunk before binary impact verdict.";;affect;OSD-076;OSD-076 big-rados-thrash: Big/medium/small QA cluster recipes replace explicit OSD/MON/MGR roles with host/client roles for cephadm deployment, changing test topology.
560;v16.2.15;v17.2.7;qa/suites/big/rados-thrash/thrashers/default.yaml;;D;D;0;11;FALSE;100644;000000;41b35926f0e52f5e3e26ac5b9683d9e54671b973;0000000000000000000000000000000000000000;01;01-osd-pg-recovery;P2;test/QA;support;"Triage owner 01: OSD, PG, recovery or data-path test; inspect endpoint hunk before binary impact verdict.";;affect;OSD-076;OSD-076 big-rados-thrash: Big RADOS thrash suite deletes its default thrashosds recipe, changing which failure workload the suite can compose.
561;v16.2.15;v17.2.7;qa/suites/big/rados-thrash/workloads/radosbench.yaml;;A;A;3;0;FALSE;000000;100644;0000000000000000000000000000000000000000;60f72886cc9672778695575cc67b872db7f6ff2f;01;01-osd-pg-recovery;P2;test/QA;support;"Triage owner 01: OSD, PG, recovery or data-path test; inspect endpoint hunk before binary impact verdict.";;affect;OSD-076;OSD-076 big-rados-thrash: Big RADOS thrash suite adds a 300-second radosbench workload, changing the selectable QA load.
562;v16.2.15;v17.2.7;qa/suites/crimson-rados/basic/deploy/ceph.yaml;qa/suites/crimson-rados/rbd/ceph.yaml;R;R088;8;6;FALSE;100644;100644;146f2479a1f93371a851587f8fa29551c3613a84;c22f08eecf8de6ddc61a82e4eb76e0ca55de7a6d;01;01-osd-pg-recovery;P2;test/QA;support;"Triage owner 01: OSD, PG, recovery or data-path test; inspect endpoint hunk before binary impact verdict.";;trivial;;"T01-crimson: Rename-aware diff of basic/ceph.yaml: rehomes Crimson test deployment, moves flavor into install override and adds debug monc; this QA suite is not a production or upgrade gate."
563;v16.2.15;v17.2.7;qa/suites/crimson-rados/basic/deploy/cephadm.yaml.disabled;;A;A;16;0;FALSE;000000;100644;0000000000000000000000000000000000000000;0c2062240ee0f01a0d4f05f71bd46e60bbab2422;01;01-osd-pg-recovery;P2;test/QA;support;"Triage owner 01: OSD, PG, recovery or data-path test; inspect endpoint hunk before binary impact verdict.";;trivial;;"T01-crimson: New disabled Crimson cephadm test recipe; not selected by this suite or an upgrade procedure."
564;v16.2.15;v17.2.7;qa/suites/crimson-rados/basic/tasks/rados_api_tests.yaml;;M;M;3;0;FALSE;100644;100644;50634e888518c9808934ef4b81299001adc1d34f;328019f9fcfc967061cf7a5c2a20c084661b76ea;01;01-osd-pg-recovery;P2;test/QA;support;"Triage owner 01: OSD, PG, recovery or data-path test; inspect endpoint hunk before binary impact verdict.";;trivial;;"T01-crimson: Crimson RADOS API test enables all OSD classes within its QA override; no runtime default or upgrade command changes."
565;v16.2.15;v17.2.7;qa/suites/crimson-rados/rbd/deploy/ceph.yaml;qa/suites/crimson-rados/basic/ceph.yaml;R;R088;8;6;FALSE;100644;100644;146f2479a1f93371a851587f8fa29551c3613a84;c22f08eecf8de6ddc61a82e4eb76e0ca55de7a6d;01;01-osd-pg-recovery;P2;test/QA;support;"Triage owner 01: OSD, PG, recovery or data-path test; inspect endpoint hunk before binary impact verdict.";;trivial;;"T01-crimson: Rename-aware diff of rbd/ceph.yaml: rehomes Crimson test deployment, moves flavor into install override and adds debug monc; this QA suite is not a production or upgrade gate."
566;v16.2.15;v17.2.7;qa/suites/crimson-rados/rbd/deploy/cephadm.yaml.disabled;;A;A;16;0;FALSE;000000;100644;0000000000000000000000000000000000000000;0c2062240ee0f01a0d4f05f71bd46e60bbab2422;01;01-osd-pg-recovery;P2;test/QA;support;"Triage owner 01: OSD, PG, recovery or data-path test; inspect endpoint hunk before binary impact verdict.";;trivial;;"T01-crimson: New disabled Crimson cephadm test recipe; not selected by this suite or an upgrade procedure."
757;v16.2.15;v17.2.7;qa/suites/powercycle/osd/tasks/rados_api_tests.yaml;;M;M;3;0;FALSE;100644;100644;5df88b380f6b83b3b68728c559ded7788db88051;d2970908c886a9d963a8abed384d95a2349e7049;01;01-osd-pg-recovery;P2;test/QA;support;"Triage owner 01: OSD/RADOS QA; inspect endpoint hunk before binary impact verdict.";;affect;OSD-062;OSD-062: Powercycle RADOS API QA opens all OSD object classes, including the remote-read class now invoked by rados/test.sh.
758;v16.2.15;v17.2.7;qa/suites/rados/basic/tasks/rados_api_tests.yaml;;M;M;3;9;FALSE;100644;100644;47b293e4c135b34d73598ef58f2128e9a0dc4606;f765663a34e4655839505fd89ec4a4472eb5b3c0;01;01-osd-pg-recovery;P2;test/QA;support;"Triage owner 01: OSD, PG, recovery or data-path test; inspect endpoint hunk before binary impact verdict.";;affect;"OSD-067;OSD-062";"OSD-067: removes broad MON/quorum/pool warning filters, so those cluster-log errors can now fail this QA recipe; OSD-062: sets OSD class load/default lists to wildcard for rados/test.sh remote-read class coverage"
759;v16.2.15;v17.2.7;qa/suites/rados/basic/tasks/rados_python.yaml;;M;M;0;7;FALSE;100644;100644;f89b07ca17f201ca6f8206d14df9fb184fde86ad;9659094501862b44ed874f8fbcf897c3c4ea000a;01;01-osd-pg-recovery;P2;test/QA;support;"Triage owner 01: OSD, PG, recovery or data-path test; inspect endpoint hunk before binary impact verdict.";;affect;OSD-067;OSD-067: removes broad MON/quorum/pool warning filters, so those cluster-log errors can now fail this QA recipe
760;v16.2.15;v17.2.7;qa/suites/rados/basic/tasks/rados_stress_watch.yaml;;M;M;1;0;FALSE;100644;100644;7b5c89b9b9b601aa7f4ce003b43ee2e164e6bb63;9ff0a4150fb5df4c408a90680e6d4180f6e1ca88;01;01-osd-pg-recovery;P2;test/QA;support;"Triage owner 01: OSD, PG, recovery or data-path test; inspect endpoint hunk before binary impact verdict.";;affect;OSD-055;OSD-055/T01-rados-task-pool-app: adds POOL_APP_NOT_ENABLED to ceph.log-ignorelist, excluding matching cluster-log warning from QA failure
761;v16.2.15;v17.2.7;qa/suites/rados/basic/tasks/rados_striper.yaml;;M;M;4;0;FALSE;100644;100644;c19cc83a93b94b569bbaf2359d6efd964c50e0ca;cafd824b0ee6d2387e849d1a9fe03d8b102e0b14;01;01-osd-pg-recovery;P2;test/QA;support;"Triage owner 01: OSD, PG, recovery or data-path test; inspect endpoint hunk before binary impact verdict.";;affect;OSD-055;OSD-055/T01-rados-task-pool-app: adds POOL_APP_NOT_ENABLED to ceph.log-ignorelist, excluding matching cluster-log warning from QA failure
762;v16.2.15;v17.2.7;qa/suites/rados/basic/tasks/readwrite.yaml;;M;M;2;0;FALSE;100644;100644;f135107c7679e9223512dc5e8c540684ba7ce69e;fc13e67f02a683cece9c1a758ab228ea4709d978;01;01-osd-pg-recovery;P2;test/QA;support;"Triage owner 01: OSD, PG, recovery or data-path test; inspect endpoint hunk before binary impact verdict.";;affect;OSD-055;OSD-055/T01-rados-task-pool-app: adds POOL_APP_NOT_ENABLED to ceph.log-ignorelist, excluding matching cluster-log warning from QA failure
763;v16.2.15;v17.2.7;qa/suites/rados/basic/tasks/repair_test.yaml;;M;M;1;0;FALSE;100644;100644;0d3749f4daaf751ff15cb63bfa65e797b899efc7;383acc9563bcf4c2d7bdfcb6c2a6ffc06ea4339d;01;01-osd-pg-recovery;P2;test/QA;support;"Triage owner 01: OSD, PG, recovery or data-path test; inspect endpoint hunk before binary impact verdict.";;affect;OSD-055;OSD-055/T01-rados-task-pool-app: adds POOL_APP_NOT_ENABLED to ceph.log-ignorelist, excluding matching cluster-log warning from QA failure
764;v16.2.15;v17.2.7;qa/suites/rados/basic/tasks/scrub_test.yaml;;M;M;1;0;FALSE;100644;100644;dde468940b6d32f125d63b44a07a9b27ab2186f3;42465734375237656d9983c75c03c8fdb709ea33;01;01-osd-pg-recovery;P2;test/QA;support;"Triage owner 01: OSD, PG, recovery or data-path test; inspect endpoint hunk before binary impact verdict.";;affect;OSD-055;OSD-055/T01-rados-task-pool-app: adds POOL_APP_NOT_ENABLED to ceph.log-ignorelist, excluding matching cluster-log warning from QA failure
765;v16.2.15;v17.2.7;qa/suites/rados/cephadm;;D;D;0;1;FALSE;120000;000000;0e8b6774d9d30dbc2ee1909c354f4d29a796e051;0000000000000000000000000000000000000000;01;01-osd-pg-recovery;P2;test/QA;support;"Triage owner 01: OSD, PG, recovery or data-path test; inspect endpoint hunk before binary impact verdict.";;affect;OSD-082;"OSD-082: RADOS suite replaces broad cephadm symlink with explicit osds/smoke/smoke-singlehost/workunits selectors, reducing selected cephadm QA jobs; marker rename is heuristic."
766;v16.2.15;v17.2.7;qa/suites/rados/cephadm/.qa;qa/suites/fs/upgrade/volumes/import-legacy/.qa;R;R100;0;0;FALSE;120000;120000;a602a0353e7510e9ac07370ceaed121e2e528fa2;a602a0353e7510e9ac07370ceaed121e2e528fa2;01;01-osd-pg-recovery;P2;test/QA;support;"Triage owner 01: OSD, PG, recovery or data-path test; inspect endpoint hunk before binary impact verdict.";"Git rename heuristic with 0/0 content change; verify logical move.";affect;OSD-082;"OSD-082: RADOS suite replaces broad cephadm symlink with explicit osds/smoke/smoke-singlehost/workunits selectors, reducing selected cephadm QA jobs; marker rename is heuristic."
767;v16.2.15;v17.2.7;qa/suites/rados/cephadm/osds;;A;A;1;0;FALSE;000000;120000;0000000000000000000000000000000000000000;ace6d7c06487b364c0b446f8efeb3c99abea45d0;01;01-osd-pg-recovery;P2;test/QA;support;"Triage owner 01: OSD, PG, recovery or data-path test; inspect endpoint hunk before binary impact verdict.";;affect;OSD-082;"OSD-082: RADOS suite replaces broad cephadm symlink with explicit osds/smoke/smoke-singlehost/workunits selectors, reducing selected cephadm QA jobs; marker rename is heuristic."
768;v16.2.15;v17.2.7;qa/suites/rados/cephadm/smoke;;A;A;1;0;FALSE;000000;120000;0000000000000000000000000000000000000000;bb23479079c999f207b0f5cd39d2ab917d883b88;01;01-osd-pg-recovery;P2;test/QA;support;"Triage owner 01: OSD, PG, recovery or data-path test; inspect endpoint hunk before binary impact verdict.";;affect;OSD-082;"OSD-082: RADOS suite replaces broad cephadm symlink with explicit osds/smoke/smoke-singlehost/workunits selectors, reducing selected cephadm QA jobs; marker rename is heuristic."
769;v16.2.15;v17.2.7;qa/suites/rados/cephadm/smoke-singlehost;;A;A;1;0;FALSE;000000;120000;0000000000000000000000000000000000000000;458d624e27097765b0b81901e3b8f0305b2d884a;01;01-osd-pg-recovery;P2;test/QA;support;"Triage owner 01: OSD, PG, recovery or data-path test; inspect endpoint hunk before binary impact verdict.";;affect;OSD-082;"OSD-082: RADOS suite replaces broad cephadm symlink with explicit osds/smoke/smoke-singlehost/workunits selectors, reducing selected cephadm QA jobs; marker rename is heuristic."
770;v16.2.15;v17.2.7;qa/suites/rados/cephadm/workunits;;A;A;1;0;FALSE;000000;120000;0000000000000000000000000000000000000000;d2ed9d78a0b0944bcc0518937bdc5603adcabe81;01;01-osd-pg-recovery;P2;test/QA;support;"Triage owner 01: OSD, PG, recovery or data-path test; inspect endpoint hunk before binary impact verdict.";;affect;OSD-082;"OSD-082: RADOS suite replaces broad cephadm symlink with explicit osds/smoke/smoke-singlehost/workunits selectors, reducing selected cephadm QA jobs; marker rename is heuristic."
771;v16.2.15;v17.2.7;qa/suites/rados/dashboard/0-single-container-host.yaml;;A;A;1;0;FALSE;000000;120000;0000000000000000000000000000000000000000;7406e749cf5657db5375aa3b84cd0ea81015cea9;01;01-osd-pg-recovery;P2;test/QA;support;"Triage owner 01: OSD, PG, recovery or data-path test; inspect endpoint hunk before binary impact verdict.";;affect;OSD-087;"OSD-087: Dashboard QA changes selected host/distro topology, OSD mClock recovery override and adds cephadm e2e OSD creation workunit; test environment and validation coverage differ."
772;v16.2.15;v17.2.7;qa/suites/rados/dashboard/centos_8.stream_container_tools.yaml;;D;D;0;1;FALSE;120000;000000;7a86f967f0203edafda26f1e53831cc5640b09c6;0000000000000000000000000000000000000000;01;01-osd-pg-recovery;P2;test/QA;support;"Triage owner 01: OSD, PG, recovery or data-path test; inspect endpoint hunk before binary impact verdict.";;affect;OSD-087;"OSD-087: Dashboard QA changes selected host/distro topology, OSD mClock recovery override and adds cephadm e2e OSD creation workunit; test environment and validation coverage differ."
773;v16.2.15;v17.2.7;qa/suites/rados/dashboard/clusters/2-node-mgr.yaml;;D;D;0;1;FALSE;120000;000000;8a0b9123b38259f2005204afd0c3050f7d4dcb1a;0000000000000000000000000000000000000000;01;01-osd-pg-recovery;P2;test/QA;support;"Triage owner 01: OSD, PG, recovery or data-path test; inspect endpoint hunk before binary impact verdict.";;affect;OSD-087;"OSD-087: Dashboard QA changes selected host/distro topology, OSD mClock recovery override and adds cephadm e2e OSD creation workunit; test environment and validation coverage differ."
774;v16.2.15;v17.2.7;qa/suites/rados/dashboard/tasks/dashboard.yaml;;M;M;11;0;FALSE;100644;100644;01b3ecd906f37c2fd3f2e2fd527146ef95398b53;e7622f8c324e63d142be72e90787818b02d739dc;01;01-osd-pg-recovery;P2;test/QA;support;"Triage owner 01: OSD, PG, recovery or data-path test; inspect endpoint hunk before binary impact verdict.";;affect;OSD-087;"OSD-087: Dashboard QA changes selected host/distro topology, OSD mClock recovery override and adds cephadm e2e OSD creation workunit; test environment and validation coverage differ."
775;v16.2.15;v17.2.7;qa/suites/rados/dashboard/tasks/e2e.yaml;;A;A;23;0;FALSE;000000;100644;0000000000000000000000000000000000000000;cb6ffb22fe0cc704fac88e4fe1d669e53cf50fe4;01;01-osd-pg-recovery;P2;test/QA;support;"Triage owner 01: OSD, PG, recovery or data-path test; inspect endpoint hunk before binary impact verdict.";;affect;OSD-087;"OSD-087: Dashboard QA changes selected host/distro topology, OSD mClock recovery override and adds cephadm e2e OSD creation workunit; test environment and validation coverage differ."
776;v16.2.15;v17.2.7;qa/suites/rados/mgr/objectstore;;D;D;0;1;FALSE;120000;000000;848c65f9e131fcfd45641c182729aef1813b91ed;0000000000000000000000000000000000000000;01;01-osd-pg-recovery;P2;test/QA;support;"Triage owner 01: OSD, PG, recovery or data-path test; inspect endpoint hunk before binary impact verdict.";;affect;OSD-088;OSD-088: RADOS MGR suite selector changes from all objectstores to random-objectstore$ with identical symlink target, reducing per-run backend coverage.
777;v16.2.15;v17.2.7;qa/suites/rados/mgr/random-objectstore$;qa/suites/big/rados-thrash/objectstore;R;R100;0;0;FALSE;120000;120000;848c65f9e131fcfd45641c182729aef1813b91ed;848c65f9e131fcfd45641c182729aef1813b91ed;01;01-osd-pg-recovery;P2;test/QA;support;"Triage owner 01: OSD, PG, recovery or data-path test; inspect endpoint hunk before binary impact verdict.";"Git rename heuristic with 0/0 content change; verify logical move.";affect;OSD-088;OSD-088: RADOS MGR suite selector changes from all objectstores to random-objectstore$ with identical symlink target, reducing per-run backend coverage.
778;v16.2.15;v17.2.7;qa/suites/rados/mgr/tasks/crash.yaml;;M;M;1;0;FALSE;100644;100644;af4c40642d11123754958a73e8deb60b1a499c45;9d2ba535efa558bc7dd9da42dda122cefbf371d0;01;01-osd-pg-recovery;P2;test/QA;support;"Triage owner 01: OSD, PG, recovery or data-path test; inspect endpoint hunk before binary impact verdict.";;affect;OSD-055;OSD-055/T01-rados-task-pool-app: adds POOL_APP_NOT_ENABLED to ceph.log-ignorelist, excluding matching cluster-log warning from QA failure
779;v16.2.15;v17.2.7;qa/suites/rados/mgr/tasks/failover.yaml;;M;M;1;0;FALSE;100644;100644;42c2f5c5bdde60563cffca1aba5c141235efd10c;6d1e0d55764e3b27d49a7d10e67230f96eb326f4;01;01-osd-pg-recovery;P2;test/QA;support;"Triage owner 01: OSD, PG, recovery or data-path test; inspect endpoint hunk before binary impact verdict.";;affect;OSD-055;OSD-055/T01-rados-task-pool-app: adds POOL_APP_NOT_ENABLED to ceph.log-ignorelist, excluding matching cluster-log warning from QA failure
780;v16.2.15;v17.2.7;qa/suites/rados/mgr/tasks/insights.yaml;;M;M;1;0;FALSE;100644;100644;5cb124bf71dc84486c0a12ded4f1dacee40c4dbe;f7c82cf7f2c8924fcdc4553525616d1f4462b631;01;01-osd-pg-recovery;P2;test/QA;support;"Triage owner 01: OSD, PG, recovery or data-path test; inspect endpoint hunk before binary impact verdict.";;affect;OSD-055;OSD-055/T01-rados-task-pool-app: adds POOL_APP_NOT_ENABLED to ceph.log-ignorelist, excluding matching cluster-log warning from QA failure
781;v16.2.15;v17.2.7;qa/suites/rados/mgr/tasks/module_selftest.yaml;;M;M;2;0;FALSE;100644;100644;905e6f783008e7e6bb2c8c34eb241f2538c7095c;4403d9fffc30bde454142cd3a55bccae050b11e4;01;01-osd-pg-recovery;P2;test/QA;support;"Triage owner 01: OSD, PG, recovery or data-path test; inspect endpoint hunk before binary impact verdict.";;affect;"OSD-055;OSD-070";"OSD-055/T01-rados-task-pool-app: adds POOL_APP_NOT_ENABLED to ceph.log-ignorelist, excluding matching cluster-log warning from QA failure; OSD-070: filters RECENT_MGR_MODULE_CRASH during module selftest, changing its cluster-log acceptance condition"
782;v16.2.15;v17.2.7;qa/suites/rados/mgr/tasks/per_module_finisher_stats.yaml;;M;M;3;1;FALSE;100644;100644;a2f087ab19bd723bf477c397aec53f0e2f475ccc;de1d592df5f269a3ea6f09f152704aed83e7a4eb;01;01-osd-pg-recovery;P2;test/QA;support;"Triage owner 01: OSD, PG, recovery or data-path test; inspect endpoint hunk before binary impact verdict.";;affect;"OSD-055;OSD-068";"OSD-055/T01-rados-task-pool-app: adds POOL_APP_NOT_ENABLED to ceph.log-ignorelist, excluding matching cluster-log warning from QA failure; OSD-068: raises finisher-telemetry.complete_latency.avgcount minimum from 1 to 2 in check-counter QA"
783;v16.2.15;v17.2.7;qa/suites/rados/mgr/tasks/progress.yaml;;M;M;6;1;FALSE;100644;100644;73bbe3c995646641fbe67c70f5587de652e9c1d6;183a9a29a2ef0e2849d0660810732f1b921b8059;01;01-osd-pg-recovery;P2;test/QA;support;"Triage owner 01: OSD, PG, recovery or data-path test; inspect endpoint hunk before binary impact verdict.";;affect;"OSD-055;OSD-069";"OSD-055/T01-rados-task-pool-app: adds POOL_APP_NOT_ENABLED to ceph.log-ignorelist, excluding matching cluster-log warning from QA failure; OSD-069: progress QA forces OSD mClock high_recovery_ops profile, changing recovery timing/config tested"
784;v16.2.15;v17.2.7;qa/suites/rados/mgr/tasks/prometheus.yaml;;M;M;1;0;FALSE;100644;100644;388e196783655296ca1ac0d992f302bc6916e25a;fd0e23a3555832240f957fc285b59fb622c93d65;01;01-osd-pg-recovery;P2;test/QA;support;"Triage owner 01: OSD, PG, recovery or data-path test; inspect endpoint hunk before binary impact verdict.";;affect;OSD-055;OSD-055/T01-rados-task-pool-app: adds POOL_APP_NOT_ENABLED to ceph.log-ignorelist, excluding matching cluster-log warning from QA failure
785;v16.2.15;v17.2.7;qa/suites/rados/mgr/tasks/workunits.yaml;;M;M;1;0;FALSE;100644;100644;791adc27298b9670d65d417ac1b163a62a2d97f7;a48274033486f26235ac2badf6878eb7605bce2b;01;01-osd-pg-recovery;P2;test/QA;support;"Triage owner 01: OSD, PG, recovery or data-path test; inspect endpoint hunk before binary impact verdict.";;affect;OSD-055;OSD-055/T01-rados-task-pool-app: adds POOL_APP_NOT_ENABLED to ceph.log-ignorelist, excluding matching cluster-log warning from QA failure
786;v16.2.15;v17.2.7;qa/suites/rados/monthrash/ceph.yaml;;M;M;3;0;FALSE;100644;100644;124ac3850c33803bbecce279e0784b77cd7eed9a;8055fe372214046399a5ceb84028bd7cb7813ee8;01;01-osd-pg-recovery;P2;test/QA;support;"Triage owner 01: OSD, PG, recovery or data-path test; inspect endpoint hunk before binary impact verdict.";;trivial;;"T01-monthrash-debug: only increases client debug monc/ms logging in a QA recipe; no changed test assertion, runtime default or upgrade gate established."
787;v16.2.15;v17.2.7;qa/suites/rados/monthrash/thrashers/force-sync-many.yaml;;M;M;1;0;FALSE;100644;100644;c2ec78fd3e968c362492f56101157777ffce3452;f4c98ae278303a01ffcc4e7966619ddac2ec8439;01;01-osd-pg-recovery;P2;test/QA;support;"Triage owner 01: OSD, PG, recovery or data-path test; inspect endpoint hunk before binary impact verdict.";;affect;OSD-055;OSD-055: MON-thrash variant adds POOL_APP_NOT_ENABLED to log-ignorelist, allowing this warning through the selected QA gate.
788;v16.2.15;v17.2.7;qa/suites/rados/monthrash/thrashers/many.yaml;;M;M;1;0;FALSE;100644;100644;9588312329719fba9dd2218201f3b6d2591da938;2f5de97e32c6514711c94a25c8f33e719715e331;01;01-osd-pg-recovery;P2;test/QA;support;"Triage owner 01: OSD, PG, recovery or data-path test; inspect endpoint hunk before binary impact verdict.";;affect;OSD-055;OSD-055: MON-thrash variant adds POOL_APP_NOT_ENABLED to log-ignorelist, allowing this warning through the selected QA gate.
789;v16.2.15;v17.2.7;qa/suites/rados/monthrash/thrashers/one.yaml;;M;M;1;0;FALSE;100644;100644;e969a0d8dff73749a4f884048220ebeecc01f2c4;3a71edaf1d0d515ef2c4fad489c912f54d64e5de;01;01-osd-pg-recovery;P2;test/QA;support;"Triage owner 01: OSD, PG, recovery or data-path test; inspect endpoint hunk before binary impact verdict.";;affect;OSD-055;OSD-055: MON-thrash variant adds POOL_APP_NOT_ENABLED to log-ignorelist, allowing this warning through the selected QA gate.
790;v16.2.15;v17.2.7;qa/suites/rados/monthrash/thrashers/sync-many.yaml;;M;M;1;0;FALSE;100644;100644;e721b9b3869361ae3589dd3dd6aa69a9e3adb5c0;6bb25b7ebc4a23a44e97f6e0b7800bbc74e442c3;01;01-osd-pg-recovery;P2;test/QA;support;"Triage owner 01: OSD, PG, recovery or data-path test; inspect endpoint hunk before binary impact verdict.";;affect;OSD-055;OSD-055: MON-thrash variant adds POOL_APP_NOT_ENABLED to log-ignorelist, allowing this warning through the selected QA gate.
791;v16.2.15;v17.2.7;qa/suites/rados/monthrash/thrashers/sync.yaml;;M;M;1;0;FALSE;100644;100644;8fdd1ad48b3eeaa1b1eab4df6ba2eaa6ee7768d7;30f13305594c2262cd936dde873ac394ecf6cd72;01;01-osd-pg-recovery;P2;test/QA;support;"Triage owner 01: OSD, PG, recovery or data-path test; inspect endpoint hunk before binary impact verdict.";;affect;OSD-055;OSD-055: MON-thrash variant adds POOL_APP_NOT_ENABLED to log-ignorelist, allowing this warning through the selected QA gate.
792;v16.2.15;v17.2.7;qa/suites/rados/monthrash/workloads/pool-create-delete.yaml;;M;M;0;1;FALSE;100644;100644;522302cd774992385459aab1698adcfb898492ff;6e8dadaf09bd76f9ee4b5e4e841211f756f576f8;01;01-osd-pg-recovery;P2;test/QA;support;"Triage owner 01: OSD, PG, recovery or data-path test; inspect endpoint hunk before binary impact verdict.";;affect;OSD-083;OSD-083: MON-thrash workload removes POOL_APP_NOT_ENABLED from log-ignorelist, so the same warning can fail a selected QA run.
793;v16.2.15;v17.2.7;qa/suites/rados/monthrash/workloads/rados_5925.yaml;;M;M;0;1;FALSE;100644;100644;ad19bd341fa636422c2e7abdffc1b3ede274d3c8;bf7eee534d6cd4169b8df8d785466e5b309d489d;01;01-osd-pg-recovery;P2;test/QA;support;"Triage owner 01: OSD, PG, recovery or data-path test; inspect endpoint hunk before binary impact verdict.";;affect;OSD-083;OSD-083: MON-thrash workload removes POOL_APP_NOT_ENABLED from log-ignorelist, so the same warning can fail a selected QA run.
794;v16.2.15;v17.2.7;qa/suites/rados/monthrash/workloads/rados_api_tests.yaml;;M;M;3;1;FALSE;100644;100644;e5ce0f6fd425728566980f33cc292b1e1de893a7;f14c2c2a60d73722e2164fe7e888625dbc1e412d;01;01-osd-pg-recovery;P2;test/QA;support;"Triage owner 01: OSD, PG, recovery or data-path test; inspect endpoint hunk before binary impact verdict.";;affect;"OSD-083;OSD-062";"OSD-083;OSD-062: MON-thrash workload removes POOL_APP_NOT_ENABLED from log-ignorelist, so the same warning can fail a selected QA run. It also opens all OSD object classes for the RADOS API workunit."
795;v16.2.15;v17.2.7;qa/suites/rados/multimon/no_pools.yaml;;M;M;1;1;FALSE;100644;100644;dc6c769ca0768d8d08193b3a4c0a23573a0d736c;32ef2439f4ba6b467784651494c9637809bec0bb;01;01-osd-pg-recovery;P2;test/QA;support;"Triage owner 01: OSD, PG, recovery or data-path test; inspect endpoint hunk before binary impact verdict.";;affect;OSD-063;"OSD-063/T01-multimon-no-pools: endpoint replaces devicehealth monitoring disable with mgr_pool false in overrides.ceph.pre-mgr-commands; Quincy MGR DB uses this option to guard .mgr creation."
796;v16.2.15;v17.2.7;qa/suites/rados/multimon/tasks/mon_clock_no_skews.yaml;;M;M;1;0;FALSE;100644;100644;2a4bf2bac304eb56c4b7182f7a6f8c185c1c1968;691bd1efc00cbe99d8d95b59e55a6148380a13bb;01;01-osd-pg-recovery;P2;test/QA;support;"Triage owner 01: OSD, PG, recovery or data-path test; inspect endpoint hunk before binary impact verdict.";;affect;OSD-055;"OSD-055/T01-multimon-pool-app-filter: endpoint adds POOL_APP_NOT_ENABLED to ceph.log-ignorelist; qa/tasks/ceph.py excludes matching warning from cluster-log QA failure."
797;v16.2.15;v17.2.7;qa/suites/rados/multimon/tasks/mon_clock_with_skews.yaml;;M;M;1;0;FALSE;100644;100644;41749349e9b710323bdc6b9fe0bab4bfb2101180;079e1555b1b380da7fae2587f4e5d8a10956c9ab;01;01-osd-pg-recovery;P2;test/QA;support;"Triage owner 01: OSD, PG, recovery or data-path test; inspect endpoint hunk before binary impact verdict.";;affect;OSD-055;"OSD-055/T01-multimon-pool-app-filter: endpoint adds POOL_APP_NOT_ENABLED to ceph.log-ignorelist; qa/tasks/ceph.py excludes matching warning from cluster-log QA failure."
798;v16.2.15;v17.2.7;qa/suites/rados/multimon/tasks/mon_recovery.yaml;;M;M;1;0;FALSE;100644;100644;6373663c5c11d69b43f81805809facecc335d075;18e53e092c3724d9d099acb12c6e74fc2aa1b1eb;01;01-osd-pg-recovery;P2;test/QA;support;"Triage owner 01: OSD, PG, recovery or data-path test; inspect endpoint hunk before binary impact verdict.";;affect;OSD-055;"OSD-055/T01-multimon-pool-app-filter: endpoint adds POOL_APP_NOT_ENABLED to ceph.log-ignorelist; qa/tasks/ceph.py excludes matching warning from cluster-log QA failure."
799;v16.2.15;v17.2.7;qa/suites/rados/objectstore/backends/alloc-hint.yaml;;M;M;3;0;FALSE;100644;100644;047b02fa04eb1d761fab191e06546e62f0769494;b128f4dc8610bdb5c3707e6b280cc92f84bbceca;01;01-osd-pg-recovery;P2;test/QA;support;"Triage owner 01: OSD, PG, recovery or data-path test; inspect endpoint hunk before binary impact verdict.";;affect;"OSD-055;OSD-003";"OSD-055/T01-rados-task-pool-app: adds POOL_APP_NOT_ENABLED to ceph.log-ignorelist, excluding matching cluster-log warning from QA failure; OSD-003: FileStore QA recipe now explicitly sets osd op queue to wpq, changing the scheduler selected for this test"
800;v16.2.15;v17.2.7;qa/suites/rados/objectstore/backends/ceph_objectstore_tool.yaml;;M;M;1;0;FALSE;100644;100644;72b143ad90c291f56c010a27b4b0a81e6446e3c2;f129f9f1ea1b8e6c7ed1568282343631091783eb;01;01-osd-pg-recovery;P2;test/QA;support;"Triage owner 01: OSD, PG, recovery or data-path test; inspect endpoint hunk before binary impact verdict.";;affect;OSD-003;OSD-003: FileStore QA recipe now explicitly sets osd op queue to wpq, changing the scheduler selected for this test
801;v16.2.15;v17.2.7;qa/suites/rados/objectstore/backends/filejournal.yaml;;M;M;2;0;FALSE;100644;100644;b0af80084f8c8b199d128c07025d423f7ac8b2fb;41a9b73f3ad1ff7cc7aab42794951d2b75f4347a;01;01-osd-pg-recovery;P2;test/QA;support;"Triage owner 01: OSD, PG, recovery or data-path test; inspect endpoint hunk before binary impact verdict.";;affect;OSD-055;OSD-055/T01-rados-task-pool-app: adds POOL_APP_NOT_ENABLED to ceph.log-ignorelist, excluding matching cluster-log warning from QA failure
802;v16.2.15;v17.2.7;qa/suites/rados/objectstore/backends/objectcacher-stress.yaml;;M;M;2;0;FALSE;100644;100644;e407a391807d5901d88d54d000eeaee2e2d3d5e9;ae0f8f381b4a8a2164fda59aea2a3203f83416d7;01;01-osd-pg-recovery;P2;test/QA;support;"Triage owner 01: OSD, PG, recovery or data-path test; inspect endpoint hunk before binary impact verdict.";;affect;OSD-055;OSD-055/T01-rados-task-pool-app: adds POOL_APP_NOT_ENABLED to ceph.log-ignorelist, excluding matching cluster-log warning from QA failure
803;v16.2.15;v17.2.7;qa/suites/rados/objectstore/backends/objectstore-bluestore-a.yaml;qa/suites/rados/objectstore/backends/objectstore.yaml;R;R067;1;1;FALSE;100644;100644;d68270a8eb03107fb50b2ca2563e3e28ab4fd276;e2c97d31af5c6c9f17908f89e3e26ebf36c33da4;01;01-osd-pg-recovery;P2;test/QA;support;"Triage owner 01: OSD, PG, recovery or data-path test; inspect endpoint hunk before binary impact verdict.";;affect;OSD-071;"OSD-071/T01-objectstore-split: old -*/3 ObjectStore gtest selection is split into BlueStore /2 normal and SyntheticMatrixC selections plus FileStore/MemStore /1,/0; changes QA partition and acceptance/duration. Git's R067 pairing is heuristic, not proof of a logical rename."
804;v16.2.15;v17.2.7;qa/suites/rados/objectstore/backends/objectstore-bluestore-b.yaml;;A;A;12;0;FALSE;000000;100644;0000000000000000000000000000000000000000;eacb5ab44bf9c32e862ef8b72ef3d18c9d290a5d;01;01-osd-pg-recovery;P2;test/QA;support;"Triage owner 01: OSD, PG, recovery or data-path test; inspect endpoint hunk before binary impact verdict.";;affect;OSD-071;"OSD-071/T01-objectstore-split: old -*/3 ObjectStore gtest selection is split into BlueStore /2 normal and SyntheticMatrixC selections plus FileStore/MemStore /1,/0; changes QA partition and acceptance/duration. Git's R067 pairing is heuristic, not proof of a logical rename."
805;v16.2.15;v17.2.7;qa/suites/rados/objectstore/backends/objectstore-filestore-memstore.yaml;;A;A;12;0;FALSE;000000;100644;0000000000000000000000000000000000000000;fc7906e8b6d70193bef4cf0f20f1530451f59df2;01;01-osd-pg-recovery;P2;test/QA;support;"Triage owner 01: OSD, PG, recovery or data-path test; inspect endpoint hunk before binary impact verdict.";;affect;OSD-071;"OSD-071/T01-objectstore-split: old -*/3 ObjectStore gtest selection is split into BlueStore /2 normal and SyntheticMatrixC selections plus FileStore/MemStore /1,/0; changes QA partition and acceptance/duration. Git's R067 pairing is heuristic, not proof of a logical rename."
806;v16.2.15;v17.2.7;qa/suites/rados/perf/ceph.yaml;;M;M;6;0;FALSE;100644;100644;f7f1c855624342c2169fff94bf2df13e0ce25cda;ca229dd466df2251fb0323878237ef0b67224ddc;01;01-osd-pg-recovery;P2;test/QA;support;"Triage owner 01: OSD, PG, recovery or data-path test; inspect endpoint hunk before binary impact verdict.";;affect;"OSD-084;OSD-055";"OSD-084;OSD-055: Performance QA raises osd_client_message_cap from default 256 to 5000 in its lab config and adds POOL_APP_NOT_ENABLED filtering; load and pass/fail differ."
807;v16.2.15;v17.2.7;qa/suites/rados/rest/mgr-restful.yaml;;M;M;1;0;FALSE;100644;100644;c863463ded12c0ddf586025ec8ce00312e84f0f9;4901f401d30140b67c3a84149cd9bb52241891ab;01;01-osd-pg-recovery;P2;test/QA;support;"Triage owner 01: OSD, PG, recovery or data-path test; inspect endpoint hunk before binary impact verdict.";;affect;OSD-055;OSD-055: Selected QA recipe adds POOL_APP_NOT_ENABLED to log-ignorelist, changing its warning acceptance without changing daemon runtime.
808;v16.2.15;v17.2.7;qa/suites/rados/singleton-nomsgr/all/admin_socket_output.yaml;;M;M;2;1;FALSE;100644;100644;04c40197a85625aa64f08942c040c3d9bfa6aee4;341a559f3fa756ee9a4115944767299102d67a19;01;01-osd-pg-recovery;P2;test/QA;support;"Triage owner 01: OSD, PG, recovery or data-path test; inspect endpoint hunk before binary impact verdict.";;affect;"OSD-063;OSD-055";"OSD-063/T01-nomsgr-mgr-pool: pre-mgr command disables mgr_pool rather than devicehealth monitoring, changing whether Quincy MGR DB can create .mgr during QA; OSD-055/T01-nomsgr-pool-app-filter: recipe adds POOL_APP_NOT_ENABLED to ceph log-ignorelist, excluding matching cluster-log warning from QA failure"
809;v16.2.15;v17.2.7;qa/suites/rados/singleton-nomsgr/all/balancer.yaml;;M;M;2;1;FALSE;100644;100644;d4c6e3ca5dac07832cb4051bca1e5ec134406532;c42c5539d8ff6720d5bde05530b740c86fd81947;01;01-osd-pg-recovery;P2;test/QA;support;"Triage owner 01: OSD, PG, recovery or data-path test; inspect endpoint hunk before binary impact verdict.";;affect;"OSD-063;OSD-055";"OSD-063/T01-nomsgr-mgr-pool: pre-mgr command disables mgr_pool rather than devicehealth monitoring, changing whether Quincy MGR DB can create .mgr during QA; OSD-055/T01-nomsgr-pool-app-filter: recipe adds POOL_APP_NOT_ENABLED to ceph log-ignorelist, excluding matching cluster-log warning from QA failure"
810;v16.2.15;v17.2.7;qa/suites/rados/singleton-nomsgr/all/cache-fs-trunc.yaml;;M;M;2;1;FALSE;100644;100644;f998c51c9ecafde6eb0760796b494206fda5b21a;fddbd0723061bb968ab9fb47f4ffa3da3450cd2c;01;01-osd-pg-recovery;P2;test/QA;support;"Triage owner 01: OSD, PG, recovery or data-path test; inspect endpoint hunk before binary impact verdict.";;affect;"OSD-063;OSD-055";"OSD-063/T01-nomsgr-mgr-pool: pre-mgr command disables mgr_pool rather than devicehealth monitoring, changing whether Quincy MGR DB can create .mgr during QA; OSD-055/T01-nomsgr-pool-app-filter: recipe adds POOL_APP_NOT_ENABLED to ceph log-ignorelist, excluding matching cluster-log warning from QA failure"
811;v16.2.15;v17.2.7;qa/suites/rados/singleton-nomsgr/all/ceph-kvstore-tool.yaml;;M;M;3;1;FALSE;100644;100644;e116b5ae0e884017475426cd666738ad79c7e5c5;6a8faa4a833c10a235319c5bd21390280290a387;01;01-osd-pg-recovery;P2;test/QA;support;"Triage owner 01: OSD, PG, recovery or data-path test; inspect endpoint hunk before binary impact verdict.";;affect;"OSD-063;OSD-055";"OSD-063/T01-nomsgr-mgr-pool: pre-mgr command disables mgr_pool rather than devicehealth monitoring, changing whether Quincy MGR DB can create .mgr during QA; OSD-055/T01-nomsgr-pool-app-filter: recipe adds POOL_APP_NOT_ENABLED to ceph log-ignorelist, excluding matching cluster-log warning from QA failure"
812;v16.2.15;v17.2.7;qa/suites/rados/singleton-nomsgr/all/crushdiff.yaml;;A;A;24;0;FALSE;000000;100644;0000000000000000000000000000000000000000;1639f0ed579aa8b1544fc13e713dbce71059ef3d;01;01-osd-pg-recovery;P2;test/QA;support;"Triage owner 01: OSD, PG, recovery or data-path test; inspect endpoint hunk before binary impact verdict.";;affect;"OSD-063;OSD-055;OSD-066";"OSD-063/T01-nomsgr-mgr-pool: pre-mgr command disables mgr_pool rather than devicehealth monitoring, changing whether Quincy MGR DB can create .mgr during QA; OSD-055/T01-nomsgr-pool-app-filter: recipe adds POOL_APP_NOT_ENABLED to ceph log-ignorelist, excluding matching cluster-log warning from QA failure; OSD-066: new recipe runs rados/test_crushdiff.sh against replicated and EC lab pools and filters PG_DEGRADED, adding a CRUSH movement estimate acceptance path"
813;v16.2.15;v17.2.7;qa/suites/rados/singleton-nomsgr/all/export-after-evict.yaml;;M;M;2;1;FALSE;100644;100644;ee800e5a72c1083991d657629fad9c3289ab3891;b4ce5468a0b8c3999dc7bab2b60774b9b68b65f8;01;01-osd-pg-recovery;P2;test/QA;support;"Triage owner 01: OSD, PG, recovery or data-path test; inspect endpoint hunk before binary impact verdict.";;affect;"OSD-063;OSD-055";"OSD-063/T01-nomsgr-mgr-pool: pre-mgr command disables mgr_pool rather than devicehealth monitoring, changing whether Quincy MGR DB can create .mgr during QA; OSD-055/T01-nomsgr-pool-app-filter: recipe adds POOL_APP_NOT_ENABLED to ceph log-ignorelist, excluding matching cluster-log warning from QA failure"
814;v16.2.15;v17.2.7;qa/suites/rados/singleton-nomsgr/all/full-tiering.yaml;;M;M;2;1;FALSE;100644;100644;8d26cd32384aae8ae6288d38630c0f4cad8e1b5a;a06221449ffbaa9fd9498d0c27b45b7e0c71cbf1;01;01-osd-pg-recovery;P2;test/QA;support;"Triage owner 01: OSD, PG, recovery or data-path test; inspect endpoint hunk before binary impact verdict.";;affect;"OSD-063;OSD-055";"OSD-063/T01-nomsgr-mgr-pool: pre-mgr command disables mgr_pool rather than devicehealth monitoring, changing whether Quincy MGR DB can create .mgr during QA; OSD-055/T01-nomsgr-pool-app-filter: recipe adds POOL_APP_NOT_ENABLED to ceph log-ignorelist, excluding matching cluster-log warning from QA failure"
815;v16.2.15;v17.2.7;qa/suites/rados/singleton-nomsgr/all/health-warnings.yaml;;M;M;2;1;FALSE;100644;100644;bc57a9cd926e21b54ca64be65c947e4828430e53;5ed6553240d00deebe018880a995dee40c96467c;01;01-osd-pg-recovery;P2;test/QA;support;"Triage owner 01: OSD, PG, recovery or data-path test; inspect endpoint hunk before binary impact verdict.";;affect;"OSD-063;OSD-055";"OSD-063/T01-nomsgr-mgr-pool: pre-mgr command disables mgr_pool rather than devicehealth monitoring, changing whether Quincy MGR DB can create .mgr during QA; OSD-055/T01-nomsgr-pool-app-filter: recipe adds POOL_APP_NOT_ENABLED to ceph log-ignorelist, excluding matching cluster-log warning from QA failure"
816;v16.2.15;v17.2.7;qa/suites/rados/singleton-nomsgr/all/large-omap-object-warnings.yaml;;M;M;1;1;FALSE;100644;100644;b08ab343f812f726ee3bafc6124798a83e3306a5;e1e9d34ef9f6dfdda8f3143aed239f7940049b03;01;01-osd-pg-recovery;P2;test/QA;support;"Triage owner 01: OSD, PG, recovery or data-path test; inspect endpoint hunk before binary impact verdict.";;affect;OSD-063;OSD-063/T01-nomsgr-mgr-pool: pre-mgr command disables mgr_pool rather than devicehealth monitoring, changing whether Quincy MGR DB can create .mgr during QA
817;v16.2.15;v17.2.7;qa/suites/rados/singleton-nomsgr/all/lazy_omap_stats_output.yaml;;M;M;1;1;FALSE;100644;100644;7228522be05b2a0ceb0ce6dd277a0284038b7237;61c2fa66333a523c4b23d82efb0df0e1dbd323b9;01;01-osd-pg-recovery;P2;test/QA;support;"Triage owner 01: OSD, PG, recovery or data-path test; inspect endpoint hunk before binary impact verdict.";;affect;OSD-063;OSD-063/T01-nomsgr-mgr-pool: pre-mgr command disables mgr_pool rather than devicehealth monitoring, changing whether Quincy MGR DB can create .mgr during QA
818;v16.2.15;v17.2.7;qa/suites/rados/singleton-nomsgr/all/librados_hello_world.yaml;;M;M;1;1;FALSE;100644;100644;f670a0849e0bab95eecef5b9d1b8245a572463a8;0c0a071e9af7e6529471f0055fdec0d536c577c0;01;01-osd-pg-recovery;P2;test/QA;support;"Triage owner 01: OSD, PG, recovery or data-path test; inspect endpoint hunk before binary impact verdict.";;affect;OSD-063;OSD-063/T01-nomsgr-mgr-pool: pre-mgr command disables mgr_pool rather than devicehealth monitoring, changing whether Quincy MGR DB can create .mgr during QA
819;v16.2.15;v17.2.7;qa/suites/rados/singleton-nomsgr/all/msgr.yaml;;M;M;1;1;FALSE;100644;100644;d1852ae2bd3cc71417044481f187faaa433a5d5d;4eb376fcf62546a10b9067a1a89e3eba69eeebe5;01;01-osd-pg-recovery;P2;test/QA;support;"Triage owner 01: OSD, PG, recovery or data-path test; inspect endpoint hunk before binary impact verdict.";;affect;OSD-063;OSD-063/T01-nomsgr-mgr-pool: pre-mgr command disables mgr_pool rather than devicehealth monitoring, changing whether Quincy MGR DB can create .mgr during QA
820;v16.2.15;v17.2.7;qa/suites/rados/singleton-nomsgr/all/multi-backfill-reject.yaml;;M;M;2;1;FALSE;100644;100644;a3ce46e6acab8c15957b7846ae181f17bb514685;15952b98974547b5f64073de16d2600e54ba6e1c;01;01-osd-pg-recovery;P2;test/QA;support;"Triage owner 01: OSD, PG, recovery or data-path test; inspect endpoint hunk before binary impact verdict.";;affect;"OSD-063;OSD-055";"OSD-063/T01-nomsgr-mgr-pool: pre-mgr command disables mgr_pool rather than devicehealth monitoring, changing whether Quincy MGR DB can create .mgr during QA; OSD-055/T01-nomsgr-pool-app-filter: recipe adds POOL_APP_NOT_ENABLED to ceph log-ignorelist, excluding matching cluster-log warning from QA failure"
821;v16.2.15;v17.2.7;qa/suites/rados/singleton-nomsgr/all/osd_stale_reads.yaml;;M;M;1;1;FALSE;100644;100644;408268a0962e822eb52a5dc8d88bf6104080c579;5beb2015f800ccbeffc0a4598bd1b9c7a553d1aa;01;01-osd-pg-recovery;P2;test/QA;support;"Triage owner 01: OSD, PG, recovery or data-path test; inspect endpoint hunk before binary impact verdict.";;affect;OSD-063;OSD-063/T01-nomsgr-mgr-pool: pre-mgr command disables mgr_pool rather than devicehealth monitoring, changing whether Quincy MGR DB can create .mgr during QA
822;v16.2.15;v17.2.7;qa/suites/rados/singleton-nomsgr/all/pool-access.yaml;;M;M;3;1;FALSE;100644;100644;6485a6871791315e5cf78a14222e4e644e49be86;26d5484305745ee0f6a9a87bdb656601f38ac954;01;01-osd-pg-recovery;P2;test/QA;support;"Triage owner 01: OSD, PG, recovery or data-path test; inspect endpoint hunk before binary impact verdict.";;affect;"OSD-063;OSD-055";"OSD-063/T01-nomsgr-mgr-pool: pre-mgr command disables mgr_pool rather than devicehealth monitoring, changing whether Quincy MGR DB can create .mgr during QA; OSD-055/T01-nomsgr-pool-app-filter: recipe adds POOL_APP_NOT_ENABLED to ceph log-ignorelist, excluding matching cluster-log warning from QA failure"
823;v16.2.15;v17.2.7;qa/suites/rados/singleton-nomsgr/all/recovery-unfound-found.yaml;;M;M;1;1;FALSE;100644;100644;9cf4eec89a885de63d655c668a523e022b9bcd02;d949a5005d34c841637491fed78c0d6e401e5b33;01;01-osd-pg-recovery;P2;test/QA;support;"Triage owner 01: OSD, PG, recovery or data-path test; inspect endpoint hunk before binary impact verdict.";;affect;OSD-063;OSD-063/T01-nomsgr-mgr-pool: pre-mgr command disables mgr_pool rather than devicehealth monitoring, changing whether Quincy MGR DB can create .mgr during QA
824;v16.2.15;v17.2.7;qa/suites/rados/singleton-nomsgr/all/version-number-sanity.yaml;;M;M;1;1;FALSE;100644;100644;6d48796f03a28a36638b3c3ca3ad44217660d912;daeeeef4eba2cf01a90db1c69a8c45261c44566e;01;01-osd-pg-recovery;P2;test/QA;support;"Triage owner 01: OSD, PG, recovery or data-path test; inspect endpoint hunk before binary impact verdict.";;affect;OSD-063;OSD-063/T01-nomsgr-mgr-pool: pre-mgr command disables mgr_pool rather than devicehealth monitoring, changing whether Quincy MGR DB can create .mgr during QA
825;v16.2.15;v17.2.7;qa/suites/rados/singleton/all/admin-socket.yaml;;M;M;5;3;FALSE;100644;100644;76bee411c432d26576e38594691645fb308901b0;0d88e6f2a38712949571e088618df96f98fb21b7;01;01-osd-pg-recovery;P2;test/QA;support;"Triage owner 01: OSD, PG, recovery or data-path test; inspect endpoint hunk before binary impact verdict.";;affect;"OSD-055;OSD-064";"OSD-055/T01-singleton-pool-app-filter: recipe adds POOL_APP_NOT_ENABLED to ceph log-ignorelist; qa/tasks/ceph.py excludes matching warnings from test failure; OSD-064: admin socket QA falls back to dump_metrics memory when a tcmalloc heap command fails; qa/tasks/admin_socket.py runs alternatives split by ||"
826;v16.2.15;v17.2.7;qa/suites/rados/singleton/all/backfill-toofull.yaml;;M;M;1;0;FALSE;100644;100644;fcc3d0e2942611e5aa4761e322d9f82d2b4bf879;d53e9a3b25df6e284b16e5bf93f2d91c7fab3109;01;01-osd-pg-recovery;P2;test/QA;support;"Triage owner 01: OSD, PG, recovery or data-path test; inspect endpoint hunk before binary impact verdict.";;affect;OSD-055;"OSD-055/T01-singleton-pool-app-filter: recipe adds POOL_APP_NOT_ENABLED to ceph log-ignorelist; qa/tasks/ceph.py excludes matching warnings from test failure"
827;v16.2.15;v17.2.7;qa/suites/rados/singleton/all/deduptool.yaml;;M;M;1;1;FALSE;100644;100644;616a0b33cad87b2f8e1e43f44ff016280aaa08a0;3a34cb309a6708c74c14ba4b889b2a378b08766d;01;01-osd-pg-recovery;P2;test/QA;support;"Triage owner 01: OSD, PG, recovery or data-path test; inspect endpoint hunk before binary impact verdict.";;affect;OSD-063;"OSD-063/T01-singleton-mgr-pool: pre-mgr command now disables mgr_pool instead of devicehealth monitoring; Quincy mgr DB checks mgr_pool and may create .mgr, changing the QA pool baseline"
828;v16.2.15;v17.2.7;qa/suites/rados/singleton/all/divergent_priors.yaml;;M;M;1;1;FALSE;100644;100644;24b42557f9831aa82d37ccd0a034f81c21f3fc23;81d68654a95491dff2ccc4648d9d4f48a1946e74;01;01-osd-pg-recovery;P2;test/QA;support;"Triage owner 01: OSD, PG, recovery or data-path test; inspect endpoint hunk before binary impact verdict.";;affect;OSD-063;"OSD-063/T01-singleton-mgr-pool: pre-mgr command now disables mgr_pool instead of devicehealth monitoring; Quincy mgr DB checks mgr_pool and may create .mgr, changing the QA pool baseline"
829;v16.2.15;v17.2.7;qa/suites/rados/singleton/all/divergent_priors2.yaml;;M;M;1;1;FALSE;100644;100644;6bef639582fd48421ac3bf6739814290e3a44977;baac3110cf1be821a0b03f379f6810a8d2ea0139;01;01-osd-pg-recovery;P2;test/QA;support;"Triage owner 01: OSD, PG, recovery or data-path test; inspect endpoint hunk before binary impact verdict.";;affect;OSD-063;"OSD-063/T01-singleton-mgr-pool: pre-mgr command now disables mgr_pool instead of devicehealth monitoring; Quincy mgr DB checks mgr_pool and may create .mgr, changing the QA pool baseline"
830;v16.2.15;v17.2.7;qa/suites/rados/singleton/all/dump-stuck.yaml;;M;M;2;1;FALSE;100644;100644;c1d28ee8e7254824204efa996f4508b3a63d03aa;f561795bd41d6973494775149242e063256f462f;01;01-osd-pg-recovery;P2;test/QA;support;"Triage owner 01: OSD, PG, recovery or data-path test; inspect endpoint hunk before binary impact verdict.";;affect;"OSD-063;OSD-055";"OSD-063/T01-singleton-mgr-pool: pre-mgr command now disables mgr_pool instead of devicehealth monitoring; Quincy mgr DB checks mgr_pool and may create .mgr, changing the QA pool baseline; OSD-055/T01-singleton-pool-app-filter: recipe adds POOL_APP_NOT_ENABLED to ceph log-ignorelist; qa/tasks/ceph.py excludes matching warnings from test failure"
831;v16.2.15;v17.2.7;qa/suites/rados/singleton/all/ec-inconsistent-hinfo.yaml;;M;M;1;0;FALSE;100644;100644;d71eab149926084548532b1848807e689e8148e5;31724f9e81b110e4867b9c52ae4eef9b89ad7c61;01;01-osd-pg-recovery;P2;test/QA;support;"Triage owner 01: OSD, PG, recovery or data-path test; inspect endpoint hunk before binary impact verdict.";;affect;OSD-055;"OSD-055/T01-singleton-pool-app-filter: recipe adds POOL_APP_NOT_ENABLED to ceph log-ignorelist; qa/tasks/ceph.py excludes matching warnings from test failure"
832;v16.2.15;v17.2.7;qa/suites/rados/singleton/all/ec-lost-unfound.yaml;;M;M;2;1;FALSE;100644;100644;9c423c8d879c726118e066aa02e0ad178e5878b1;d397b005ccd524414cb2b69997e7108366ad9584;01;01-osd-pg-recovery;P2;test/QA;support;"Triage owner 01: OSD, PG, recovery or data-path test; inspect endpoint hunk before binary impact verdict.";;affect;"OSD-063;OSD-055";"OSD-063/T01-singleton-mgr-pool: pre-mgr command now disables mgr_pool instead of devicehealth monitoring; Quincy mgr DB checks mgr_pool and may create .mgr, changing the QA pool baseline; OSD-055/T01-singleton-pool-app-filter: recipe adds POOL_APP_NOT_ENABLED to ceph log-ignorelist; qa/tasks/ceph.py excludes matching warnings from test failure"
833;v16.2.15;v17.2.7;qa/suites/rados/singleton/all/lost-unfound-delete.yaml;;M;M;2;1;FALSE;100644;100644;bb170b5069a8aed966b4e041f92777c6ec1462c9;a6b68cd50c53e826b9a88d3cbbe79c5213657283;01;01-osd-pg-recovery;P2;test/QA;support;"Triage owner 01: OSD, PG, recovery or data-path test; inspect endpoint hunk before binary impact verdict.";;affect;"OSD-063;OSD-055";"OSD-063/T01-singleton-mgr-pool: pre-mgr command now disables mgr_pool instead of devicehealth monitoring; Quincy mgr DB checks mgr_pool and may create .mgr, changing the QA pool baseline; OSD-055/T01-singleton-pool-app-filter: recipe adds POOL_APP_NOT_ENABLED to ceph log-ignorelist; qa/tasks/ceph.py excludes matching warnings from test failure"
834;v16.2.15;v17.2.7;qa/suites/rados/singleton/all/lost-unfound.yaml;;M;M;2;1;FALSE;100644;100644;fceee20c04e98c8db77597eaeb9af80edc586c3b;4010a5208dce024fb9c3ecc76f2b7fd9e0936e19;01;01-osd-pg-recovery;P2;test/QA;support;"Triage owner 01: OSD, PG, recovery or data-path test; inspect endpoint hunk before binary impact verdict.";;affect;"OSD-063;OSD-055";"OSD-063/T01-singleton-mgr-pool: pre-mgr command now disables mgr_pool instead of devicehealth monitoring; Quincy mgr DB checks mgr_pool and may create .mgr, changing the QA pool baseline; OSD-055/T01-singleton-pool-app-filter: recipe adds POOL_APP_NOT_ENABLED to ceph log-ignorelist; qa/tasks/ceph.py excludes matching warnings from test failure"
835;v16.2.15;v17.2.7;qa/suites/rados/singleton/all/max-pg-per-osd.from-mon.yaml;;M;M;2;1;FALSE;100644;100644;e5999bc9b9f03e9bbf31e00db4be00b77031a1c2;e7eded31ed6f7b2f2fbb3b0a1d8e9b3199240687;01;01-osd-pg-recovery;P2;test/QA;support;"Triage owner 01: OSD, PG, recovery or data-path test; inspect endpoint hunk before binary impact verdict.";;affect;"OSD-063;OSD-055";"OSD-063/T01-singleton-mgr-pool: pre-mgr command now disables mgr_pool instead of devicehealth monitoring; Quincy mgr DB checks mgr_pool and may create .mgr, changing the QA pool baseline; OSD-055/T01-singleton-pool-app-filter: recipe adds POOL_APP_NOT_ENABLED to ceph log-ignorelist; qa/tasks/ceph.py excludes matching warnings from test failure"
836;v16.2.15;v17.2.7;qa/suites/rados/singleton/all/max-pg-per-osd.from-primary.yaml;;M;M;2;1;FALSE;100644;100644;075d6be1f7a5d76139b5d4c29142dd5cd4b71d42;dc7c3f0f5e5c9f33eb84410c72eeb630a0774f18;01;01-osd-pg-recovery;P2;test/QA;support;"Triage owner 01: OSD, PG, recovery or data-path test; inspect endpoint hunk before binary impact verdict.";;affect;"OSD-063;OSD-055";"OSD-063/T01-singleton-mgr-pool: pre-mgr command now disables mgr_pool instead of devicehealth monitoring; Quincy mgr DB checks mgr_pool and may create .mgr, changing the QA pool baseline; OSD-055/T01-singleton-pool-app-filter: recipe adds POOL_APP_NOT_ENABLED to ceph log-ignorelist; qa/tasks/ceph.py excludes matching warnings from test failure"
837;v16.2.15;v17.2.7;qa/suites/rados/singleton/all/max-pg-per-osd.from-replica.yaml;;M;M;2;1;FALSE;100644;100644;db2856484ef72e067ca36541a0c248ae568d22d0;ee0dae1d4704f6666ca7de2d7d917010364ed937;01;01-osd-pg-recovery;P2;test/QA;support;"Triage owner 01: OSD, PG, recovery or data-path test; inspect endpoint hunk before binary impact verdict.";;affect;"OSD-063;OSD-055";"OSD-063/T01-singleton-mgr-pool: pre-mgr command now disables mgr_pool instead of devicehealth monitoring; Quincy mgr DB checks mgr_pool and may create .mgr, changing the QA pool baseline; OSD-055/T01-singleton-pool-app-filter: recipe adds POOL_APP_NOT_ENABLED to ceph log-ignorelist; qa/tasks/ceph.py excludes matching warnings from test failure"
838;v16.2.15;v17.2.7;qa/suites/rados/singleton/all/mon-auth-caps.yaml;;M;M;3;1;FALSE;100644;100644;8c23c0bc9dcd7371f7b4864bacea06c50b39bb96;264dc535a9198bdba8bc4c320cbbbb9da7596170;01;01-osd-pg-recovery;P2;test/QA;support;"Triage owner 01: OSD, PG, recovery or data-path test; inspect endpoint hunk before binary impact verdict.";;affect;"OSD-063;OSD-055;OSD-065";"OSD-063/T01-singleton-mgr-pool: pre-mgr command now disables mgr_pool instead of devicehealth monitoring; Quincy mgr DB checks mgr_pool and may create .mgr, changing the QA pool baseline; OSD-055/T01-singleton-pool-app-filter: recipe adds POOL_APP_NOT_ENABLED to ceph log-ignorelist; qa/tasks/ceph.py excludes matching warnings from test failure; OSD-065: recipe adds mon/auth_key_rotation.sh to the executed workunit list, exercising pending-key commit and authentication"
839;v16.2.15;v17.2.7;qa/suites/rados/singleton/all/mon-config-key-caps.yaml;;M;M;2;1;FALSE;100644;100644;f987f3c9898e92647de1e887973e8c855ce5131d;c475a2080130b7c2fb3e6da8d0943f351c3bb5f8;01;01-osd-pg-recovery;P2;test/QA;support;"Triage owner 01: OSD, PG, recovery or data-path test; inspect endpoint hunk before binary impact verdict.";;affect;"OSD-063;OSD-055";"OSD-063/T01-singleton-mgr-pool: pre-mgr command now disables mgr_pool instead of devicehealth monitoring; Quincy mgr DB checks mgr_pool and may create .mgr, changing the QA pool baseline; OSD-055/T01-singleton-pool-app-filter: recipe adds POOL_APP_NOT_ENABLED to ceph log-ignorelist; qa/tasks/ceph.py excludes matching warnings from test failure"
840;v16.2.15;v17.2.7;qa/suites/rados/singleton/all/mon-config-keys.yaml;;M;M;1;1;FALSE;100644;100644;7d8b920cb41d047dad156f9ce4c1bcc78b6b0719;117b6d0554968ad7ea0f03562367ea94cda3a61b;01;01-osd-pg-recovery;P2;test/QA;support;"Triage owner 01: OSD, PG, recovery or data-path test; inspect endpoint hunk before binary impact verdict.";;affect;OSD-063;"OSD-063/T01-singleton-mgr-pool: pre-mgr command now disables mgr_pool instead of devicehealth monitoring; Quincy mgr DB checks mgr_pool and may create .mgr, changing the QA pool baseline"
841;v16.2.15;v17.2.7;qa/suites/rados/singleton/all/mon-config.yaml;;M;M;3;1;FALSE;100644;100644;3627e17dfc08abd676531ef35fb138a588dbef07;ab1eb81b0948734048c8427d87e8b4910952c0d2;01;01-osd-pg-recovery;P2;test/QA;support;"Triage owner 01: OSD, PG, recovery or data-path test; inspect endpoint hunk before binary impact verdict.";;affect;"OSD-063;OSD-055";"OSD-063/T01-singleton-mgr-pool: pre-mgr command now disables mgr_pool instead of devicehealth monitoring; Quincy mgr DB checks mgr_pool and may create .mgr, changing the QA pool baseline; OSD-055/T01-singleton-pool-app-filter: recipe adds POOL_APP_NOT_ENABLED to ceph log-ignorelist; qa/tasks/ceph.py excludes matching warnings from test failure"
842;v16.2.15;v17.2.7;qa/suites/rados/singleton/all/mon-memory-target-compliance.yaml.disabled;;M;M;1;1;FALSE;100644;100644;120e073a723064290182ca44a02a6ac518cf5a95;e1f79c16811aee7c7deadf758d1174f2f10fdb58;01;01-osd-pg-recovery;P2;test/QA;support;"Triage owner 01: OSD, PG, recovery or data-path test; inspect endpoint hunk before binary impact verdict.";;trivial;;"T01-remaining-qa: Disabled QA recipe changes pre-MGR command but remains disabled; no executable upgrade/acceptance path is established."
843;v16.2.15;v17.2.7;qa/suites/rados/singleton/all/osd-backfill.yaml;;M;M;2;1;FALSE;100644;100644;bbbd9b4b3574a5869a8535f7b73352bb87884dbe;92f5959b558dced7e2350478329c716fef7e5777;01;01-osd-pg-recovery;P2;test/QA;support;"Triage owner 01: OSD, PG, recovery or data-path test; inspect endpoint hunk before binary impact verdict.";;affect;"OSD-063;OSD-055";"OSD-063/T01-singleton-mgr-pool: pre-mgr command now disables mgr_pool instead of devicehealth monitoring; Quincy mgr DB checks mgr_pool and may create .mgr, changing the QA pool baseline; OSD-055/T01-singleton-pool-app-filter: recipe adds POOL_APP_NOT_ENABLED to ceph log-ignorelist; qa/tasks/ceph.py excludes matching warnings from test failure"
844;v16.2.15;v17.2.7;qa/suites/rados/singleton/all/osd-recovery-incomplete.yaml;;M;M;2;1;FALSE;100644;100644;15a0ea3424648a225aeb15dd9140f3cae7eb7511;6d0955c73d96be56ba69d5c39c3c811fdf79d0d6;01;01-osd-pg-recovery;P2;test/QA;support;"Triage owner 01: OSD, PG, recovery or data-path test; inspect endpoint hunk before binary impact verdict.";;affect;"OSD-063;OSD-055";"OSD-063/T01-singleton-mgr-pool: pre-mgr command now disables mgr_pool instead of devicehealth monitoring; Quincy mgr DB checks mgr_pool and may create .mgr, changing the QA pool baseline; OSD-055/T01-singleton-pool-app-filter: recipe adds POOL_APP_NOT_ENABLED to ceph log-ignorelist; qa/tasks/ceph.py excludes matching warnings from test failure"
845;v16.2.15;v17.2.7;qa/suites/rados/singleton/all/osd-recovery.yaml;;M;M;2;1;FALSE;100644;100644;75cea6a94b981fe6a6663438703271236c3f00c7;9e33b3c393b11e1fb68c293f5a4aa8bbdd9ad119;01;01-osd-pg-recovery;P2;test/QA;support;"Triage owner 01: OSD, PG, recovery or data-path test; inspect endpoint hunk before binary impact verdict.";;affect;"OSD-063;OSD-055";"OSD-063/T01-singleton-mgr-pool: pre-mgr command now disables mgr_pool instead of devicehealth monitoring; Quincy mgr DB checks mgr_pool and may create .mgr, changing the QA pool baseline; OSD-055/T01-singleton-pool-app-filter: recipe adds POOL_APP_NOT_ENABLED to ceph log-ignorelist; qa/tasks/ceph.py excludes matching warnings from test failure"
846;v16.2.15;v17.2.7;qa/suites/rados/singleton/all/peer.yaml;;M;M;2;1;FALSE;100644;100644;24fd74b82ed34d139488a7fe1339e574cf8e2b5a;f01473b0fa632cacfce02f1f5a452e00c26b02fa;01;01-osd-pg-recovery;P2;test/QA;support;"Triage owner 01: OSD, PG, recovery or data-path test; inspect endpoint hunk before binary impact verdict.";;affect;"OSD-063;OSD-055";"OSD-063/T01-singleton-mgr-pool: pre-mgr command now disables mgr_pool instead of devicehealth monitoring; Quincy mgr DB checks mgr_pool and may create .mgr, changing the QA pool baseline; OSD-055/T01-singleton-pool-app-filter: recipe adds POOL_APP_NOT_ENABLED to ceph log-ignorelist; qa/tasks/ceph.py excludes matching warnings from test failure"
847;v16.2.15;v17.2.7;qa/suites/rados/singleton/all/pg-autoscaler-progress-off.yaml;;M;M;2;1;FALSE;100644;100644;042c3d78e7d7d54fbfaf745caab040acee0b96e6;e4b48189fbc7ea54bc8c89a2818af79e8c8baf9b;01;01-osd-pg-recovery;P2;test/QA;support;"Triage owner 01: OSD, PG, recovery or data-path test; inspect endpoint hunk before binary impact verdict.";;affect;"OSD-063;OSD-055";"OSD-063/T01-singleton-mgr-pool: pre-mgr command now disables mgr_pool instead of devicehealth monitoring; Quincy mgr DB checks mgr_pool and may create .mgr, changing the QA pool baseline; OSD-055/T01-singleton-pool-app-filter: recipe adds POOL_APP_NOT_ENABLED to ceph log-ignorelist; qa/tasks/ceph.py excludes matching warnings from test failure"
848;v16.2.15;v17.2.7;qa/suites/rados/singleton/all/pg-autoscaler.yaml;;M;M;2;1;FALSE;100644;100644;c2ab618ca57856c9c1edf2a3a9e3f28fbb1cda74;a03c2d521eb048e1939f8d866a1d6255f767804f;01;01-osd-pg-recovery;P2;test/QA;support;"Triage owner 01: OSD, PG, recovery or data-path test; inspect endpoint hunk before binary impact verdict.";;affect;"OSD-063;OSD-055";"OSD-063/T01-singleton-mgr-pool: pre-mgr command now disables mgr_pool instead of devicehealth monitoring; Quincy mgr DB checks mgr_pool and may create .mgr, changing the QA pool baseline; OSD-055/T01-singleton-pool-app-filter: recipe adds POOL_APP_NOT_ENABLED to ceph log-ignorelist; qa/tasks/ceph.py excludes matching warnings from test failure"
849;v16.2.15;v17.2.7;qa/suites/rados/singleton/all/pg-removal-interruption.yaml;;M;M;2;1;FALSE;100644;100644;b3f11264fe79da6a4996a562bd74ade8458d8f7a;0dd0fb38d037373dd21f8d50656b30f610e895e7;01;01-osd-pg-recovery;P2;test/QA;support;"Triage owner 01: OSD, PG, recovery or data-path test; inspect endpoint hunk before binary impact verdict.";;affect;"OSD-063;OSD-055";"OSD-063/T01-singleton-mgr-pool: pre-mgr command now disables mgr_pool instead of devicehealth monitoring; Quincy mgr DB checks mgr_pool and may create .mgr, changing the QA pool baseline; OSD-055/T01-singleton-pool-app-filter: recipe adds POOL_APP_NOT_ENABLED to ceph log-ignorelist; qa/tasks/ceph.py excludes matching warnings from test failure"
850;v16.2.15;v17.2.7;qa/suites/rados/singleton/all/radostool.yaml;;M;M;1;1;FALSE;100644;100644;fa3a1b0f7e3dcffb3438083062718fde498b016f;6a3998ed26e0eacc6252030da12bcdf590f140dc;01;01-osd-pg-recovery;P2;test/QA;support;"Triage owner 01: OSD, PG, recovery or data-path test; inspect endpoint hunk before binary impact verdict.";;affect;OSD-063;"OSD-063/T01-singleton-mgr-pool: pre-mgr command now disables mgr_pool instead of devicehealth monitoring; Quincy mgr DB checks mgr_pool and may create .mgr, changing the QA pool baseline"
851;v16.2.15;v17.2.7;qa/suites/rados/singleton/all/random-eio.yaml;;M;M;1;1;FALSE;100644;100644;782b906d62a7c86c677a933c1ac35a9e6b90e1b5;258ae90edbf813914e6221099cb07755de89b14b;01;01-osd-pg-recovery;P2;test/QA;support;"Triage owner 01: OSD, PG, recovery or data-path test; inspect endpoint hunk before binary impact verdict.";;affect;OSD-063;"OSD-063/T01-singleton-mgr-pool: pre-mgr command now disables mgr_pool instead of devicehealth monitoring; Quincy mgr DB checks mgr_pool and may create .mgr, changing the QA pool baseline"
852;v16.2.15;v17.2.7;qa/suites/rados/singleton/all/rebuild-mondb.yaml;;M;M;2;1;FALSE;100644;100644;3f1c748311c5b6676f4b67f8718806668ff771af;0c7de00c86e0f868afbf742282333e06a086e5c9;01;01-osd-pg-recovery;P2;test/QA;support;"Triage owner 01: OSD, PG, recovery or data-path test; inspect endpoint hunk before binary impact verdict.";;affect;"OSD-063;OSD-055";"OSD-063/T01-singleton-mgr-pool: pre-mgr command now disables mgr_pool instead of devicehealth monitoring; Quincy mgr DB checks mgr_pool and may create .mgr, changing the QA pool baseline; OSD-055/T01-singleton-pool-app-filter: recipe adds POOL_APP_NOT_ENABLED to ceph log-ignorelist; qa/tasks/ceph.py excludes matching warnings from test failure"
853;v16.2.15;v17.2.7;qa/suites/rados/singleton/all/recovery-preemption.yaml;;M;M;1;1;FALSE;100644;100644;7438f9e775cfa82955b06435ebacbc4021485417;ce51688e50a2b8ef1c2991d318271af87a6f8256;01;01-osd-pg-recovery;P2;test/QA;support;"Triage owner 01: OSD, PG, recovery or data-path test; inspect endpoint hunk before binary impact verdict.";;affect;OSD-063;"OSD-063/T01-singleton-mgr-pool: pre-mgr command now disables mgr_pool instead of devicehealth monitoring; Quincy mgr DB checks mgr_pool and may create .mgr, changing the QA pool baseline"
854;v16.2.15;v17.2.7;qa/suites/rados/singleton/all/resolve_stuck_peering.yaml;;M;M;1;1;FALSE;100644;100644;2756ebe8269fcfc34b5028619ff2829ad5a28e58;41a011bd468a24ef78ff648857a003e4c3c8b44b;01;01-osd-pg-recovery;P2;test/QA;support;"Triage owner 01: OSD, PG, recovery or data-path test; inspect endpoint hunk before binary impact verdict.";;affect;OSD-063;"OSD-063/T01-singleton-mgr-pool: pre-mgr command now disables mgr_pool instead of devicehealth monitoring; Quincy mgr DB checks mgr_pool and may create .mgr, changing the QA pool baseline"
855;v16.2.15;v17.2.7;qa/suites/rados/singleton/all/test-crash.yaml;;M;M;2;1;FALSE;100644;100644;beb83f0bb0bd42df0f658823241b72f6adc8a2c0;ec227cec79de8befb8a5b007366f20c1a8198eed;01;01-osd-pg-recovery;P2;test/QA;support;"Triage owner 01: OSD, PG, recovery or data-path test; inspect endpoint hunk before binary impact verdict.";;affect;"OSD-063;OSD-055";"OSD-063/T01-singleton-mgr-pool: pre-mgr command now disables mgr_pool instead of devicehealth monitoring; Quincy mgr DB checks mgr_pool and may create .mgr, changing the QA pool baseline; OSD-055/T01-singleton-pool-app-filter: recipe adds POOL_APP_NOT_ENABLED to ceph log-ignorelist; qa/tasks/ceph.py excludes matching warnings from test failure"
856;v16.2.15;v17.2.7;qa/suites/rados/singleton/all/test-noautoscale-flag.yaml;;M;M;2;1;FALSE;100644;100644;23caa745d92bf1b7c8f1b809dc5182d90015c176;039300f7f844b66f7d6cac4eacce31364cefdbcb;01;01-osd-pg-recovery;P2;test/QA;support;"Triage owner 01: OSD, PG, recovery or data-path test; inspect endpoint hunk before binary impact verdict.";;affect;"OSD-063;OSD-055";"OSD-063/T01-singleton-mgr-pool: pre-mgr command now disables mgr_pool instead of devicehealth monitoring; Quincy mgr DB checks mgr_pool and may create .mgr, changing the QA pool baseline; OSD-055/T01-singleton-pool-app-filter: recipe adds POOL_APP_NOT_ENABLED to ceph log-ignorelist; qa/tasks/ceph.py excludes matching warnings from test failure"
857;v16.2.15;v17.2.7;qa/suites/rados/singleton/all/test_envlibrados_for_rocksdb.yaml;;M;M;1;1;FALSE;100644;100644;a76f6a8f03e4299a761d6e18a5cba912d21beca1;fcdd2f7f9f8f57dc51b616d0857ca6d2481833f0;01;01-osd-pg-recovery;P2;test/QA;support;"Triage owner 01: OSD, PG, recovery or data-path test; inspect endpoint hunk before binary impact verdict.";;affect;OSD-063;"OSD-063/T01-singleton-mgr-pool: pre-mgr command now disables mgr_pool instead of devicehealth monitoring; Quincy mgr DB checks mgr_pool and may create .mgr, changing the QA pool baseline"
858;v16.2.15;v17.2.7;qa/suites/rados/singleton/all/thrash-backfill-full.yaml;;M;M;2;1;FALSE;100644;100644;a23527fed585fb017d9ae1419244f470eb2b7511;a9049560d274b44868d4b34edb6c0da3a69da004;01;01-osd-pg-recovery;P2;test/QA;support;"Triage owner 01: OSD, PG, recovery or data-path test; inspect endpoint hunk before binary impact verdict.";;affect;"OSD-063;OSD-055";"OSD-063/T01-singleton-mgr-pool: pre-mgr command now disables mgr_pool instead of devicehealth monitoring; Quincy mgr DB checks mgr_pool and may create .mgr, changing the QA pool baseline; OSD-055/T01-singleton-pool-app-filter: recipe adds POOL_APP_NOT_ENABLED to ceph log-ignorelist; qa/tasks/ceph.py excludes matching warnings from test failure"
859;v16.2.15;v17.2.7;qa/suites/rados/singleton/all/thrash-eio.yaml;;M;M;2;1;FALSE;100644;100644;297ce26220c1c6f55dfe3fe1d82e3682f170fb79;52e0cc51e6c0d01eeb2ce9414179494c44536240;01;01-osd-pg-recovery;P2;test/QA;support;"Triage owner 01: OSD, PG, recovery or data-path test; inspect endpoint hunk before binary impact verdict.";;affect;"OSD-063;OSD-055";"OSD-063/T01-singleton-mgr-pool: pre-mgr command now disables mgr_pool instead of devicehealth monitoring; Quincy mgr DB checks mgr_pool and may create .mgr, changing the QA pool baseline; OSD-055/T01-singleton-pool-app-filter: recipe adds POOL_APP_NOT_ENABLED to ceph log-ignorelist; qa/tasks/ceph.py excludes matching warnings from test failure"
860;v16.2.15;v17.2.7;qa/suites/rados/singleton/all/thrash-rados/thrash-rados.yaml;;M;M;1;0;FALSE;100644;100644;1caef6db57b498f0da61be69f4f3b43246f7d7db;b3b54e173b35c671515fb9e11cd7d851ab0e8057;01;01-osd-pg-recovery;P2;test/QA;support;"Triage owner 01: OSD, PG, recovery or data-path test; inspect endpoint hunk before binary impact verdict.";;affect;OSD-055;"OSD-055/T01-singleton-pool-app-filter: recipe adds POOL_APP_NOT_ENABLED to ceph log-ignorelist; qa/tasks/ceph.py excludes matching warnings from test failure"
861;v16.2.15;v17.2.7;qa/suites/rados/singleton/all/thrash_cache_writeback_proxy_none.yaml;;M;M;2;1;FALSE;100644;100644;ab210abd7773ecc9a638e8a21a3d06ff66dea254;e58fb4ef4baca12e81d377a614af2b27fd6030fd;01;01-osd-pg-recovery;P2;test/QA;support;"Triage owner 01: OSD, PG, recovery or data-path test; inspect endpoint hunk before binary impact verdict.";;affect;"OSD-063;OSD-055";"OSD-063/T01-singleton-mgr-pool: pre-mgr command now disables mgr_pool instead of devicehealth monitoring; Quincy mgr DB checks mgr_pool and may create .mgr, changing the QA pool baseline; OSD-055/T01-singleton-pool-app-filter: recipe adds POOL_APP_NOT_ENABLED to ceph log-ignorelist; qa/tasks/ceph.py excludes matching warnings from test failure"
862;v16.2.15;v17.2.7;qa/suites/rados/singleton/all/watch-notify-same-primary.yaml;;M;M;2;1;FALSE;100644;100644;eeb585c88fc3a05d75d49779e4519603cfd40fab;04d3969b2f0641813aba6d4e515179c3750974f1;01;01-osd-pg-recovery;P2;test/QA;support;"Triage owner 01: OSD, PG, recovery or data-path test; inspect endpoint hunk before binary impact verdict.";;affect;"OSD-063;OSD-055";"OSD-063/T01-singleton-mgr-pool: pre-mgr command now disables mgr_pool instead of devicehealth monitoring; Quincy mgr DB checks mgr_pool and may create .mgr, changing the QA pool baseline; OSD-055/T01-singleton-pool-app-filter: recipe adds POOL_APP_NOT_ENABLED to ceph log-ignorelist; qa/tasks/ceph.py excludes matching warnings from test failure"
863;v16.2.15;v17.2.7;qa/suites/rados/standalone/workloads/c2c.yaml;;A;A;18;0;FALSE;000000;100644;0000000000000000000000000000000000000000;9a0dfce944d7d60cb9345b24cae663bd4a508505;01;01-osd-pg-recovery;P2;test/QA;support;"Triage owner 01: OSD, PG, recovery or data-path test; inspect endpoint hunk before binary impact verdict.";;trivial;;"T01-remaining-qa: New x86_64 perf c2c sampling workunit studies cacheline behavior; it has no pass/fail assertion tied to upgrade continuity or acceptance."
864;v16.2.15;v17.2.7;qa/suites/rados/standalone/workloads/osd-backfill.yaml;;A;A;18;0;FALSE;000000;100644;0000000000000000000000000000000000000000;b61e272894081349b0a1607455d810c56a7d8e80;01;01-osd-pg-recovery;P2;test/QA;support;"Triage owner 01: OSD, PG, recovery or data-path test; inspect endpoint hunk before binary impact verdict.";;affect;OSD-089;"OSD-089: RADOS standalone suite adds a distinct osd-backfill workunit after the four backfill scripts move into qa/standalone/osd-backfill; selected recovery QA coverage changes."
865;v16.2.15;v17.2.7;qa/suites/rados/thrash-erasure-code-big/thrashers/careful.yaml;;M;M;1;0;FALSE;100644;100644;f032d88e7d9217cdf567e918e0a960658e7059c8;df0a14500d94f653d35e1c0fb0053cc85b59fa00;01;01-osd-pg-recovery;P2;test/QA;support;"Triage owner 01: OSD, PG, recovery or data-path test; inspect endpoint hunk before binary impact verdict.";;affect;OSD-055;OSD-055 EC-thrash QA: the only endpoint hunk adds POOL_APP_NOT_ENABLED to ceph log-ignorelist, so a selected test can pass despite this warning.
866;v16.2.15;v17.2.7;qa/suites/rados/thrash-erasure-code-big/thrashers/default.yaml;;M;M;1;0;FALSE;100644;100644;d2c7b85b50ecd00dbb5231a393d56d526dc07e26;09b6c1782ad821828faf65431fbf2e36c4f4da41;01;01-osd-pg-recovery;P2;test/QA;support;"Triage owner 01: OSD, PG, recovery or data-path test; inspect endpoint hunk before binary impact verdict.";;affect;OSD-055;OSD-055 EC-thrash QA: the only endpoint hunk adds POOL_APP_NOT_ENABLED to ceph log-ignorelist, so a selected test can pass despite this warning.
867;v16.2.15;v17.2.7;qa/suites/rados/thrash-erasure-code-big/thrashers/fastread.yaml;;M;M;1;0;FALSE;100644;100644;371ed570b6283945601f0365cf8237f63e7c6afa;a36155609a21410e1312a2c073b18665c24ba07e;01;01-osd-pg-recovery;P2;test/QA;support;"Triage owner 01: OSD, PG, recovery or data-path test; inspect endpoint hunk before binary impact verdict.";;affect;OSD-055;OSD-055 EC-thrash QA: the only endpoint hunk adds POOL_APP_NOT_ENABLED to ceph log-ignorelist, so a selected test can pass despite this warning.
868;v16.2.15;v17.2.7;qa/suites/rados/thrash-erasure-code-big/thrashers/mapgap.yaml;;M;M;1;0;FALSE;100644;100644;18843d87220a1ce34e9e54e2381a5d9f9dcc6335;6cf4dc930160a496ca2a46a7e48e19817c6379da;01;01-osd-pg-recovery;P2;test/QA;support;"Triage owner 01: OSD, PG, recovery or data-path test; inspect endpoint hunk before binary impact verdict.";;affect;OSD-055;OSD-055 EC-thrash QA: the only endpoint hunk adds POOL_APP_NOT_ENABLED to ceph log-ignorelist, so a selected test can pass despite this warning.
869;v16.2.15;v17.2.7;qa/suites/rados/thrash-erasure-code-big/thrashers/morepggrow.yaml;;M;M;1;0;FALSE;100644;100644;23c9f7d848fdcbc615a4cfd4a0e4f7f483f7bf4a;794e994f2ceeb5cdabb94280553191c920a35799;01;01-osd-pg-recovery;P2;test/QA;support;"Triage owner 01: OSD, PG, recovery or data-path test; inspect endpoint hunk before binary impact verdict.";;affect;OSD-055;OSD-055 EC-thrash QA: the only endpoint hunk adds POOL_APP_NOT_ENABLED to ceph log-ignorelist, so a selected test can pass despite this warning.
870;v16.2.15;v17.2.7;qa/suites/rados/thrash-erasure-code-big/thrashers/pggrow.yaml;;M;M;1;0;FALSE;100644;100644;9cbb80dba9e8372e806904877a04ac9d8cc232ef;15be6b43b31352b9dd74c3c0738c0d530ccfccd5;01;01-osd-pg-recovery;P2;test/QA;support;"Triage owner 01: OSD, PG, recovery or data-path test; inspect endpoint hunk before binary impact verdict.";;affect;OSD-055;OSD-055 EC-thrash QA: the only endpoint hunk adds POOL_APP_NOT_ENABLED to ceph log-ignorelist, so a selected test can pass despite this warning.
871;v16.2.15;v17.2.7;qa/suites/rados/thrash-erasure-code-shec/thrashers/careful.yaml;;M;M;1;0;FALSE;100644;100644;94b5d07f83810b733141af211630881d4f3da182;e18379b5f848bfbc11a3ac9dcc8143aac5f16ab8;01;01-osd-pg-recovery;P2;test/QA;support;"Triage owner 01: OSD, PG, recovery or data-path test; inspect endpoint hunk before binary impact verdict.";;affect;OSD-055;OSD-055 EC-thrash QA: the only endpoint hunk adds POOL_APP_NOT_ENABLED to ceph log-ignorelist, so a selected test can pass despite this warning.
872;v16.2.15;v17.2.7;qa/suites/rados/thrash-erasure-code-shec/thrashers/default.yaml;;M;M;1;0;FALSE;100644;100644;a869369fadd6f76f2e74fe9227f32b83673eb620;00c8689d4931c0f18680355a6e34941208f74939;01;01-osd-pg-recovery;P2;test/QA;support;"Triage owner 01: OSD, PG, recovery or data-path test; inspect endpoint hunk before binary impact verdict.";;affect;OSD-055;OSD-055 EC-thrash QA: the only endpoint hunk adds POOL_APP_NOT_ENABLED to ceph log-ignorelist, so a selected test can pass despite this warning.
873;v16.2.15;v17.2.7;qa/suites/rados/thrash-erasure-code/thrashers/careful.yaml;;M;M;1;0;FALSE;100644;100644;9a708db31d416d099fa904961e7b6ac979be21f7;0602f01ad8ccd567fe2ff6bae64245152c6e0e50;01;01-osd-pg-recovery;P2;test/QA;support;"Triage owner 01: OSD, PG, recovery or data-path test; inspect endpoint hunk before binary impact verdict.";;affect;OSD-055;OSD-055 EC-thrash QA: the only endpoint hunk adds POOL_APP_NOT_ENABLED to ceph log-ignorelist, so a selected test can pass despite this warning.
874;v16.2.15;v17.2.7;qa/suites/rados/thrash-erasure-code/thrashers/default.yaml;;M;M;1;0;FALSE;100644;100644;3728bd8e718630b04ca3bcb93f7fd630889dbc58;989b83e8f7789de0d756fe95df100c51ddf1109e;01;01-osd-pg-recovery;P2;test/QA;support;"Triage owner 01: OSD, PG, recovery or data-path test; inspect endpoint hunk before binary impact verdict.";;affect;OSD-055;OSD-055 EC-thrash QA: the only endpoint hunk adds POOL_APP_NOT_ENABLED to ceph log-ignorelist, so a selected test can pass despite this warning.
875;v16.2.15;v17.2.7;qa/suites/rados/thrash-erasure-code/thrashers/fastread.yaml;;M;M;1;0;FALSE;100644;100644;4ba4eb2a2bff4531f8b18e0371fcc1a66541d2fe;5fbb9504b617c91da411d6017c498c61081c9875;01;01-osd-pg-recovery;P2;test/QA;support;"Triage owner 01: OSD, PG, recovery or data-path test; inspect endpoint hunk before binary impact verdict.";;affect;OSD-055;OSD-055 EC-thrash QA: the only endpoint hunk adds POOL_APP_NOT_ENABLED to ceph log-ignorelist, so a selected test can pass despite this warning.
876;v16.2.15;v17.2.7;qa/suites/rados/thrash-erasure-code/thrashers/minsize_recovery.yaml;;M;M;2;1;FALSE;100644;100644;8362b6b1d5a28722fd047afd0077330e83067aae;771d9a1047a702302953af23d0a0b698de3cc918;01;01-osd-pg-recovery;P2;test/QA;support;"Triage owner 01: OSD, PG, recovery or data-path test; inspect endpoint hunk before binary impact verdict.";;affect;"OSD-055;OSD-063";OSD-055/063 EC-thrash QA: adds POOL_APP_NOT_ENABLED log filter and changes pre-MGR command from disabling devicehealth monitoring to mgr_pool false, altering pass/fail and pool setup.
877;v16.2.15;v17.2.7;qa/suites/rados/thrash-erasure-code/thrashers/morepggrow.yaml;;M;M;1;0;FALSE;100644;100644;a3e66e693c37545bda5fa5e70f7b074a15b7c3b2;f8c54232381c255656c9b753ba5061447253c25f;01;01-osd-pg-recovery;P2;test/QA;support;"Triage owner 01: OSD, PG, recovery or data-path test; inspect endpoint hunk before binary impact verdict.";;affect;OSD-055;OSD-055 EC-thrash QA: the only endpoint hunk adds POOL_APP_NOT_ENABLED to ceph log-ignorelist, so a selected test can pass despite this warning.
878;v16.2.15;v17.2.7;qa/suites/rados/thrash-erasure-code/thrashers/pggrow.yaml;;M;M;1;0;FALSE;100644;100644;98f87d6df92381ead60af804b28c10e5a6f5e5dd;ed13bfd3e936c87926887e55ac3c168ca193a2af;01;01-osd-pg-recovery;P2;test/QA;support;"Triage owner 01: OSD, PG, recovery or data-path test; inspect endpoint hunk before binary impact verdict.";;affect;OSD-055;OSD-055 EC-thrash QA: the only endpoint hunk adds POOL_APP_NOT_ENABLED to ceph log-ignorelist, so a selected test can pass despite this warning.
879;v16.2.15;v17.2.7;qa/suites/rados/thrash-old-clients/%;qa/suites/orch/cephadm/dashboard/%;R;R100;0;0;FALSE;100644;100644;e69de29bb2d1d6434b8b29ae775ad8c2e48c5391;e69de29bb2d1d6434b8b29ae775ad8c2e48c5391;01;01-osd-pg-recovery;P2;test/QA;support;"Triage owner 01: OSD, PG, recovery or data-path test; inspect endpoint hunk before binary impact verdict.";"Git rename heuristic with 0/0 content change; verify logical move.";affect;OSD-075;OSD-075 old-client-QA: Suite discovery/composition path is relocated from orch/cephadm to rados, including its cluster, distro, messenger, balancer, and shared-config selectors. Git R100 on markers/symlinks is heuristic, not proof of a logical file move.
880;v16.2.15;v17.2.7;qa/suites/rados/thrash-old-clients/.qa;qa/suites/fs/upgrade/volumes/import-legacy/clusters/.qa;R;R100;0;0;FALSE;120000;120000;a602a0353e7510e9ac07370ceaed121e2e528fa2;a602a0353e7510e9ac07370ceaed121e2e528fa2;01;01-osd-pg-recovery;P2;test/QA;support;"Triage owner 01: OSD, PG, recovery or data-path test; inspect endpoint hunk before binary impact verdict.";"Git rename heuristic with 0/0 content change; verify logical move.";affect;OSD-075;OSD-075 old-client-QA: Suite discovery/composition path is relocated from orch/cephadm to rados, including its cluster, distro, messenger, balancer, and shared-config selectors. Git R100 on markers/symlinks is heuristic, not proof of a logical file move.
881;v16.2.15;v17.2.7;qa/suites/rados/thrash-old-clients/0-distro$/.qa;qa/suites/fs/upgrade/volumes/import-legacy/overrides/.qa;R;R100;0;0;FALSE;120000;120000;a602a0353e7510e9ac07370ceaed121e2e528fa2;a602a0353e7510e9ac07370ceaed121e2e528fa2;01;01-osd-pg-recovery;P2;test/QA;support;"Triage owner 01: OSD, PG, recovery or data-path test; inspect endpoint hunk before binary impact verdict.";"Git rename heuristic with 0/0 content change; verify logical move.";affect;OSD-075;OSD-075 old-client-QA: Suite discovery/composition path is relocated from orch/cephadm to rados, including its cluster, distro, messenger, balancer, and shared-config selectors. Git R100 on markers/symlinks is heuristic, not proof of a logical file move.
882;v16.2.15;v17.2.7;qa/suites/rados/thrash-old-clients/0-distro$/centos_8.stream_container_tools.yaml;qa/suites/orch/cephadm/mgr-nfs-upgrade/0-distro/centos_8.stream_container_tools.yaml;R;R100;0;0;FALSE;120000;120000;7a86f967f0203edafda26f1e53831cc5640b09c6;7a86f967f0203edafda26f1e53831cc5640b09c6;01;01-osd-pg-recovery;P2;test/QA;support;"Triage owner 01: OSD, PG, recovery or data-path test; inspect endpoint hunk before binary impact verdict.";"Git rename heuristic with 0/0 content change; verify logical move.";affect;OSD-075;OSD-075 old-client-QA: Suite discovery/composition path is relocated from orch/cephadm to rados, including its cluster, distro, messenger, balancer, and shared-config selectors. Git R100 on markers/symlinks is heuristic, not proof of a logical file move.
883;v16.2.15;v17.2.7;qa/suites/rados/thrash-old-clients/0-size-min-size-overrides/.qa;qa/suites/fs/upgrade/volumes/import-legacy/tasks/.qa;R;R100;0;0;FALSE;120000;120000;a602a0353e7510e9ac07370ceaed121e2e528fa2;a602a0353e7510e9ac07370ceaed121e2e528fa2;01;01-osd-pg-recovery;P2;test/QA;support;"Triage owner 01: OSD, PG, recovery or data-path test; inspect endpoint hunk before binary impact verdict.";"Git rename heuristic with 0/0 content change; verify logical move.";affect;OSD-075;OSD-075 old-client-QA: Suite discovery/composition path is relocated from orch/cephadm to rados, including its cluster, distro, messenger, balancer, and shared-config selectors. Git R100 on markers/symlinks is heuristic, not proof of a logical file move.
884;v16.2.15;v17.2.7;qa/suites/rados/thrash-old-clients/0-size-min-size-overrides/2-size-2-min-size.yaml;qa/suites/orch/cephadm/thrash-old-clients/0-size-min-size-overrides/2-size-2-min-size.yaml;R;R100;0;0;FALSE;120000;120000;5393a75548aede0bff2eb2fcac232e174a17d86e;5393a75548aede0bff2eb2fcac232e174a17d86e;01;01-osd-pg-recovery;P2;test/QA;support;"Triage owner 01: OSD, PG, recovery or data-path test; inspect endpoint hunk before binary impact verdict.";"Git rename heuristic with 0/0 content change; verify logical move.";affect;OSD-075;OSD-075 old-client-QA: Suite discovery/composition path is relocated from orch/cephadm to rados, including its cluster, distro, messenger, balancer, and shared-config selectors. Git R100 on markers/symlinks is heuristic, not proof of a logical file move.
885;v16.2.15;v17.2.7;qa/suites/rados/thrash-old-clients/0-size-min-size-overrides/3-size-2-min-size.yaml;qa/suites/orch/cephadm/thrash-old-clients/0-size-min-size-overrides/3-size-2-min-size.yaml;R;R100;0;0;FALSE;120000;120000;5ff70eadf75a573a7ac8f1b82b6663855f50dcab;5ff70eadf75a573a7ac8f1b82b6663855f50dcab;01;01-osd-pg-recovery;P2;test/QA;support;"Triage owner 01: OSD, PG, recovery or data-path test; inspect endpoint hunk before binary impact verdict.";"Git rename heuristic with 0/0 content change; verify logical move.";affect;OSD-075;OSD-075 old-client-QA: Suite discovery/composition path is relocated from orch/cephadm to rados, including its cluster, distro, messenger, balancer, and shared-config selectors. Git R100 on markers/symlinks is heuristic, not proof of a logical file move.
886;v16.2.15;v17.2.7;qa/suites/rados/thrash-old-clients/1-install/.qa;qa/suites/orch/cephadm/thrash-old-clients/.qa;R;R100;0;0;FALSE;120000;120000;a602a0353e7510e9ac07370ceaed121e2e528fa2;a602a0353e7510e9ac07370ceaed121e2e528fa2;01;01-osd-pg-recovery;P2;test/QA;support;"Triage owner 01: OSD, PG, recovery or data-path test; inspect endpoint hunk before binary impact verdict.";"Git rename heuristic with 0/0 content change; verify logical move.";affect;OSD-075;"OSD-075 old-client-QA: Old-client install matrix is reachable through the relocated RADOS suite; Pacific install is added and legacy install recipes exclude ceph-volume. Git R100 on markers/symlinks is heuristic, not proof of a logical file move."
887;v16.2.15;v17.2.7;qa/suites/rados/thrash-old-clients/1-install/nautilus-v1only.yaml;qa/suites/orch/cephadm/thrash-old-clients/1-install/nautilus-v1only.yaml;R;R096;1;0;FALSE;100644;100644;68cc30d477e0ecc9b743943ca4d02b348741fde2;39c5eb4a1afb27424db8a2296ef3f97e67880af8;01;01-osd-pg-recovery;P2;test/QA;support;"Triage owner 01: OSD, PG, recovery or data-path test; inspect endpoint hunk before binary impact verdict.";;affect;OSD-075;"OSD-075 old-client-QA: Old-client install matrix is reachable through the relocated RADOS suite; Pacific install is added and legacy install recipes exclude ceph-volume. Git R100 on markers/symlinks is heuristic, not proof of a logical file move."
888;v16.2.15;v17.2.7;qa/suites/rados/thrash-old-clients/1-install/nautilus-v2only.yaml;qa/suites/orch/cephadm/thrash-old-clients/1-install/nautilus-v2only.yaml;R;R096;1;0;FALSE;100644;100644;8e3f2956aefee6947f460660a1bb7e63b9562c72;61337e0e69cc423f6df1af031cb6eaccf05d2fe5;01;01-osd-pg-recovery;P2;test/QA;support;"Triage owner 01: OSD, PG, recovery or data-path test; inspect endpoint hunk before binary impact verdict.";;affect;OSD-075;"OSD-075 old-client-QA: Old-client install matrix is reachable through the relocated RADOS suite; Pacific install is added and legacy install recipes exclude ceph-volume. Git R100 on markers/symlinks is heuristic, not proof of a logical file move."
889;v16.2.15;v17.2.7;qa/suites/rados/thrash-old-clients/1-install/nautilus.yaml;qa/suites/orch/cephadm/thrash-old-clients/1-install/nautilus.yaml;R;R095;1;0;FALSE;100644;100644;c1aca646f17d13312aa968db8e5f65171df5aade;cd05b71f5f3d26352dbc384bcabb8621cb8dcba4;01;01-osd-pg-recovery;P2;test/QA;support;"Triage owner 01: OSD, PG, recovery or data-path test; inspect endpoint hunk before binary impact verdict.";;affect;OSD-075;"OSD-075 old-client-QA: Old-client install matrix is reachable through the relocated RADOS suite; Pacific install is added and legacy install recipes exclude ceph-volume. Git R100 on markers/symlinks is heuristic, not proof of a logical file move."
890;v16.2.15;v17.2.7;qa/suites/rados/thrash-old-clients/1-install/octopus.yaml;qa/suites/orch/cephadm/thrash-old-clients/1-install/octopus.yaml;R;R097;1;0;FALSE;100644;100644;a7ea6239d67e69c27baa87eb05c51a7f64c29c34;39d1da2327cde0de4301921fd0bee6fe60b45188;01;01-osd-pg-recovery;P2;test/QA;support;"Triage owner 01: OSD, PG, recovery or data-path test; inspect endpoint hunk before binary impact verdict.";;affect;OSD-075;"OSD-075 old-client-QA: Old-client install matrix is reachable through the relocated RADOS suite; Pacific install is added and legacy install recipes exclude ceph-volume. Git R100 on markers/symlinks is heuristic, not proof of a logical file move."
891;v16.2.15;v17.2.7;qa/suites/rados/thrash-old-clients/1-install/pacific.yaml;;A;A;35;0;FALSE;000000;100644;0000000000000000000000000000000000000000;a266292525acf8e0e0c03a982e006b23e9e467dd;01;01-osd-pg-recovery;P2;test/QA;support;"Triage owner 01: OSD, PG, recovery or data-path test; inspect endpoint hunk before binary impact verdict.";;affect;OSD-075;"OSD-075 old-client-QA: Old-client install matrix is reachable through the relocated RADOS suite; Pacific install is added and legacy install recipes exclude ceph-volume. Git R100 on markers/symlinks is heuristic, not proof of a logical file move."
892;v16.2.15;v17.2.7;qa/suites/rados/thrash-old-clients/backoff/.qa;qa/suites/orch/cephadm/thrash-old-clients/0-size-min-size-overrides/.qa;R;R100;0;0;FALSE;120000;120000;a602a0353e7510e9ac07370ceaed121e2e528fa2;a602a0353e7510e9ac07370ceaed121e2e528fa2;01;01-osd-pg-recovery;P2;test/QA;support;"Triage owner 01: OSD, PG, recovery or data-path test; inspect endpoint hunk before binary impact verdict.";"Git rename heuristic with 0/0 content change; verify logical move.";affect;OSD-075;"OSD-075 old-client-QA: Relocated suite selects OSD thrash/backoff variants; thrasher recipes also change POOL_APP_NOT_ENABLED log filtering. Git R100 on markers/symlinks is heuristic, not proof of a logical file move."
893;v16.2.15;v17.2.7;qa/suites/rados/thrash-old-clients/backoff/normal.yaml;qa/suites/orch/cephadm/thrash-old-clients/backoff/normal.yaml;R;R100;0;0;FALSE;100644;100644;e69de29bb2d1d6434b8b29ae775ad8c2e48c5391;e69de29bb2d1d6434b8b29ae775ad8c2e48c5391;01;01-osd-pg-recovery;P2;test/QA;support;"Triage owner 01: OSD, PG, recovery or data-path test; inspect endpoint hunk before binary impact verdict.";"Git rename heuristic with 0/0 content change; verify logical move.";affect;OSD-075;"OSD-075 old-client-QA: Relocated suite selects OSD thrash/backoff variants; thrasher recipes also change POOL_APP_NOT_ENABLED log filtering. Git R100 on markers/symlinks is heuristic, not proof of a logical file move."
894;v16.2.15;v17.2.7;qa/suites/rados/thrash-old-clients/backoff/peering.yaml;qa/suites/orch/cephadm/thrash-old-clients/backoff/peering.yaml;R;R100;0;0;FALSE;100644;100644;66d06117ea2244c8ef220a5bc5f86754a86da1b0;66d06117ea2244c8ef220a5bc5f86754a86da1b0;01;01-osd-pg-recovery;P2;test/QA;support;"Triage owner 01: OSD, PG, recovery or data-path test; inspect endpoint hunk before binary impact verdict.";"Git rename heuristic with 0/0 content change; verify logical move.";affect;OSD-075;"OSD-075 old-client-QA: Relocated suite selects OSD thrash/backoff variants; thrasher recipes also change POOL_APP_NOT_ENABLED log filtering. Git R100 on markers/symlinks is heuristic, not proof of a logical file move."
895;v16.2.15;v17.2.7;qa/suites/rados/thrash-old-clients/backoff/peering_and_degraded.yaml;qa/suites/orch/cephadm/thrash-old-clients/backoff/peering_and_degraded.yaml;R;R100;0;0;FALSE;100644;100644;e6109906503bf2b8bb3a73e91e73fad5f6aec120;e6109906503bf2b8bb3a73e91e73fad5f6aec120;01;01-osd-pg-recovery;P2;test/QA;support;"Triage owner 01: OSD, PG, recovery or data-path test; inspect endpoint hunk before binary impact verdict.";"Git rename heuristic with 0/0 content change; verify logical move.";affect;OSD-075;"OSD-075 old-client-QA: Relocated suite selects OSD thrash/backoff variants; thrasher recipes also change POOL_APP_NOT_ENABLED log filtering. Git R100 on markers/symlinks is heuristic, not proof of a logical file move."
896;v16.2.15;v17.2.7;qa/suites/rados/thrash-old-clients/ceph.yaml;qa/suites/orch/cephadm/thrash-old-clients/ceph.yaml;R;R100;0;0;FALSE;100644;100644;016ce36da7fcf5e82b5bed0e9d5d0cc0dc788bc4;016ce36da7fcf5e82b5bed0e9d5d0cc0dc788bc4;01;01-osd-pg-recovery;P2;test/QA;support;"Triage owner 01: OSD, PG, recovery or data-path test; inspect endpoint hunk before binary impact verdict.";"Git rename heuristic with 0/0 content change; verify logical move.";affect;OSD-075;OSD-075 old-client-QA: Suite discovery/composition path is relocated from orch/cephadm to rados, including its cluster, distro, messenger, balancer, and shared-config selectors. Git R100 on markers/symlinks is heuristic, not proof of a logical file move.
897;v16.2.15;v17.2.7;qa/suites/rados/thrash-old-clients/clusters/+;qa/suites/upgrade-clients/client-upgrade-pacific-quincy/pacific-client-x/rbd/0-cluster/+;R;R100;0;0;FALSE;100644;100644;e69de29bb2d1d6434b8b29ae775ad8c2e48c5391;e69de29bb2d1d6434b8b29ae775ad8c2e48c5391;01;01-osd-pg-recovery;P2;test/QA;support;"Triage owner 01: OSD, PG, recovery or data-path test; inspect endpoint hunk before binary impact verdict.";"Git rename heuristic with 0/0 content change; verify logical move.";affect;OSD-075;OSD-075 old-client-QA: Suite discovery/composition path is relocated from orch/cephadm to rados, including its cluster, distro, messenger, balancer, and shared-config selectors. Git R100 on markers/symlinks is heuristic, not proof of a logical file move.
898;v16.2.15;v17.2.7;qa/suites/rados/thrash-old-clients/clusters/.qa;qa/suites/orch/cephadm/thrash-old-clients/1-install/.qa;R;R100;0;0;FALSE;120000;120000;a602a0353e7510e9ac07370ceaed121e2e528fa2;a602a0353e7510e9ac07370ceaed121e2e528fa2;01;01-osd-pg-recovery;P2;test/QA;support;"Triage owner 01: OSD, PG, recovery or data-path test; inspect endpoint hunk before binary impact verdict.";"Git rename heuristic with 0/0 content change; verify logical move.";affect;OSD-075;OSD-075 old-client-QA: Suite discovery/composition path is relocated from orch/cephadm to rados, including its cluster, distro, messenger, balancer, and shared-config selectors. Git R100 on markers/symlinks is heuristic, not proof of a logical file move.
899;v16.2.15;v17.2.7;qa/suites/rados/thrash-old-clients/clusters/openstack.yaml;qa/suites/orch/cephadm/thrash-old-clients/clusters/openstack.yaml;R;R100;0;0;FALSE;100644;100644;b0f3b9b4da228ac05591a27012f7bcf432cc1b1f;b0f3b9b4da228ac05591a27012f7bcf432cc1b1f;01;01-osd-pg-recovery;P2;test/QA;support;"Triage owner 01: OSD, PG, recovery or data-path test; inspect endpoint hunk before binary impact verdict.";"Git rename heuristic with 0/0 content change; verify logical move.";affect;OSD-075;OSD-075 old-client-QA: Suite discovery/composition path is relocated from orch/cephadm to rados, including its cluster, distro, messenger, balancer, and shared-config selectors. Git R100 on markers/symlinks is heuristic, not proof of a logical file move.
900;v16.2.15;v17.2.7;qa/suites/rados/thrash-old-clients/clusters/three-plus-one.yaml;qa/suites/orch/cephadm/thrash-old-clients/clusters/three-plus-one.yaml;R;R100;0;0;FALSE;100644;100644;9af5382ea23a380f133ed8998ec15108f8816498;9af5382ea23a380f133ed8998ec15108f8816498;01;01-osd-pg-recovery;P2;test/QA;support;"Triage owner 01: OSD, PG, recovery or data-path test; inspect endpoint hunk before binary impact verdict.";"Git rename heuristic with 0/0 content change; verify logical move.";affect;OSD-075;OSD-075 old-client-QA: Suite discovery/composition path is relocated from orch/cephadm to rados, including its cluster, distro, messenger, balancer, and shared-config selectors. Git R100 on markers/symlinks is heuristic, not proof of a logical file move.
901;v16.2.15;v17.2.7;qa/suites/rados/thrash-old-clients/d-balancer/.qa;qa/suites/orch/cephadm/thrash-old-clients/backoff/.qa;R;R100;0;0;FALSE;120000;120000;a602a0353e7510e9ac07370ceaed121e2e528fa2;a602a0353e7510e9ac07370ceaed121e2e528fa2;01;01-osd-pg-recovery;P2;test/QA;support;"Triage owner 01: OSD, PG, recovery or data-path test; inspect endpoint hunk before binary impact verdict.";"Git rename heuristic with 0/0 content change; verify logical move.";affect;OSD-075;OSD-075 old-client-QA: Suite discovery/composition path is relocated from orch/cephadm to rados, including its cluster, distro, messenger, balancer, and shared-config selectors. Git R100 on markers/symlinks is heuristic, not proof of a logical file move.
902;v16.2.15;v17.2.7;qa/suites/rados/thrash-old-clients/d-balancer/crush-compat.yaml;qa/suites/orch/cephadm/thrash-old-clients/d-balancer/crush-compat.yaml;R;R100;0;0;FALSE;100644;100644;aa867660d8959f96c1f977144bd875cd62c84ac2;aa867660d8959f96c1f977144bd875cd62c84ac2;01;01-osd-pg-recovery;P2;test/QA;support;"Triage owner 01: OSD, PG, recovery or data-path test; inspect endpoint hunk before binary impact verdict.";"Git rename heuristic with 0/0 content change; verify logical move.";affect;OSD-075;OSD-075 old-client-QA: Suite discovery/composition path is relocated from orch/cephadm to rados, including its cluster, distro, messenger, balancer, and shared-config selectors. Git R100 on markers/symlinks is heuristic, not proof of a logical file move.
903;v16.2.15;v17.2.7;qa/suites/rados/thrash-old-clients/d-balancer/on.yaml;qa/suites/orch/cephadm/thrash-old-clients/d-balancer/on.yaml;R;R100;0;0;FALSE;100644;100644;e69de29bb2d1d6434b8b29ae775ad8c2e48c5391;e69de29bb2d1d6434b8b29ae775ad8c2e48c5391;01;01-osd-pg-recovery;P2;test/QA;support;"Triage owner 01: OSD, PG, recovery or data-path test; inspect endpoint hunk before binary impact verdict.";"Git rename heuristic with 0/0 content change; verify logical move.";affect;OSD-075;OSD-075 old-client-QA: Suite discovery/composition path is relocated from orch/cephadm to rados, including its cluster, distro, messenger, balancer, and shared-config selectors. Git R100 on markers/symlinks is heuristic, not proof of a logical file move.
904;v16.2.15;v17.2.7;qa/suites/rados/thrash-old-clients/mon_election;qa/suites/orch/cephadm/thrash-old-clients/mon_election;R;R100;0;0;FALSE;120000;120000;3f331e6214c4ce17cb15c8fa3dd5f9995972b24d;3f331e6214c4ce17cb15c8fa3dd5f9995972b24d;01;01-osd-pg-recovery;P2;test/QA;support;"Triage owner 01: OSD, PG, recovery or data-path test; inspect endpoint hunk before binary impact verdict.";"Git rename heuristic with 0/0 content change; verify logical move.";affect;OSD-075;OSD-075 old-client-QA: Suite discovery/composition path is relocated from orch/cephadm to rados, including its cluster, distro, messenger, balancer, and shared-config selectors. Git R100 on markers/symlinks is heuristic, not proof of a logical file move.
905;v16.2.15;v17.2.7;qa/suites/rados/thrash-old-clients/msgr-failures/.qa;qa/suites/orch/cephadm/thrash-old-clients/clusters/.qa;R;R100;0;0;FALSE;120000;120000;a602a0353e7510e9ac07370ceaed121e2e528fa2;a602a0353e7510e9ac07370ceaed121e2e528fa2;01;01-osd-pg-recovery;P2;test/QA;support;"Triage owner 01: OSD, PG, recovery or data-path test; inspect endpoint hunk before binary impact verdict.";"Git rename heuristic with 0/0 content change; verify logical move.";affect;OSD-075;OSD-075 old-client-QA: Suite discovery/composition path is relocated from orch/cephadm to rados, including its cluster, distro, messenger, balancer, and shared-config selectors. Git R100 on markers/symlinks is heuristic, not proof of a logical file move.
906;v16.2.15;v17.2.7;qa/suites/rados/thrash-old-clients/msgr-failures/fastclose.yaml;qa/suites/orch/cephadm/thrash-old-clients/msgr-failures/fastclose.yaml;R;R100;0;0;FALSE;100644;100644;ec45f8882e29712967cac36f7273f0576c7e9a26;ec45f8882e29712967cac36f7273f0576c7e9a26;01;01-osd-pg-recovery;P2;test/QA;support;"Triage owner 01: OSD, PG, recovery or data-path test; inspect endpoint hunk before binary impact verdict.";"Git rename heuristic with 0/0 content change; verify logical move.";affect;OSD-075;OSD-075 old-client-QA: Suite discovery/composition path is relocated from orch/cephadm to rados, including its cluster, distro, messenger, balancer, and shared-config selectors. Git R100 on markers/symlinks is heuristic, not proof of a logical file move.
907;v16.2.15;v17.2.7;qa/suites/rados/thrash-old-clients/msgr-failures/few.yaml;qa/suites/orch/cephadm/thrash-old-clients/msgr-failures/few.yaml;R;R100;0;0;FALSE;100644;100644;cc9a3ae696f06f0969089e7abe3ecb3009ddc75e;cc9a3ae696f06f0969089e7abe3ecb3009ddc75e;01;01-osd-pg-recovery;P2;test/QA;support;"Triage owner 01: OSD, PG, recovery or data-path test; inspect endpoint hunk before binary impact verdict.";"Git rename heuristic with 0/0 content change; verify logical move.";affect;OSD-075;OSD-075 old-client-QA: Suite discovery/composition path is relocated from orch/cephadm to rados, including its cluster, distro, messenger, balancer, and shared-config selectors. Git R100 on markers/symlinks is heuristic, not proof of a logical file move.
908;v16.2.15;v17.2.7;qa/suites/rados/thrash-old-clients/msgr-failures/osd-delay.yaml;qa/suites/orch/cephadm/thrash-old-clients/msgr-failures/osd-delay.yaml;R;R100;0;0;FALSE;100644;100644;d7cec6f3607122f5dee8c217cd20f30c4e45d615;d7cec6f3607122f5dee8c217cd20f30c4e45d615;01;01-osd-pg-recovery;P2;test/QA;support;"Triage owner 01: OSD, PG, recovery or data-path test; inspect endpoint hunk before binary impact verdict.";"Git rename heuristic with 0/0 content change; verify logical move.";affect;OSD-075;OSD-075 old-client-QA: Suite discovery/composition path is relocated from orch/cephadm to rados, including its cluster, distro, messenger, balancer, and shared-config selectors. Git R100 on markers/symlinks is heuristic, not proof of a logical file move.
909;v16.2.15;v17.2.7;qa/suites/rados/thrash-old-clients/rados.yaml;qa/suites/orch/cephadm/thrash-old-clients/rados.yaml;R;R100;0;0;FALSE;120000;120000;d256979c0299dd5dd1c84b5c10c2db47b34e4eaa;d256979c0299dd5dd1c84b5c10c2db47b34e4eaa;01;01-osd-pg-recovery;P2;test/QA;support;"Triage owner 01: OSD, PG, recovery or data-path test; inspect endpoint hunk before binary impact verdict.";"Git rename heuristic with 0/0 content change; verify logical move.";affect;OSD-075;OSD-075 old-client-QA: Suite discovery/composition path is relocated from orch/cephadm to rados, including its cluster, distro, messenger, balancer, and shared-config selectors. Git R100 on markers/symlinks is heuristic, not proof of a logical file move.
910;v16.2.15;v17.2.7;qa/suites/rados/thrash-old-clients/thrashers/.qa;qa/suites/orch/cephadm/thrash-old-clients/d-balancer/.qa;R;R100;0;0;FALSE;120000;120000;a602a0353e7510e9ac07370ceaed121e2e528fa2;a602a0353e7510e9ac07370ceaed121e2e528fa2;01;01-osd-pg-recovery;P2;test/QA;support;"Triage owner 01: OSD, PG, recovery or data-path test; inspect endpoint hunk before binary impact verdict.";"Git rename heuristic with 0/0 content change; verify logical move.";affect;OSD-075;"OSD-075 old-client-QA: Relocated suite selects OSD thrash/backoff variants; thrasher recipes also change POOL_APP_NOT_ENABLED log filtering. Git R100 on markers/symlinks is heuristic, not proof of a logical file move."
911;v16.2.15;v17.2.7;qa/suites/rados/thrash-old-clients/thrashers/careful.yaml;qa/suites/orch/cephadm/thrash-old-clients/thrashers/careful.yaml;R;R095;1;0;FALSE;100644;100644;cc232ab88440e4c9e8d1b12e92f5c4e9edeca9db;8820a6cd24e710e4f385e946a98a7f7df092d5b5;01;01-osd-pg-recovery;P2;test/QA;support;"Triage owner 01: OSD, PG, recovery or data-path test; inspect endpoint hunk before binary impact verdict.";;affect;OSD-075;"OSD-075 old-client-QA: Relocated suite selects OSD thrash/backoff variants; thrasher recipes also change POOL_APP_NOT_ENABLED log filtering. Git R100 on markers/symlinks is heuristic, not proof of a logical file move."
912;v16.2.15;v17.2.7;qa/suites/rados/thrash-old-clients/thrashers/default.yaml;qa/suites/orch/cephadm/thrash-old-clients/thrashers/default.yaml;R;R095;1;0;FALSE;100644;100644;c04f9535cf6f2a3da7bd3ae509741122ab9ad9fc;54dc8880281333be86c60a9c4da8c159db67bbd6;01;01-osd-pg-recovery;P2;test/QA;support;"Triage owner 01: OSD, PG, recovery or data-path test; inspect endpoint hunk before binary impact verdict.";;affect;OSD-075;"OSD-075 old-client-QA: Relocated suite selects OSD thrash/backoff variants; thrasher recipes also change POOL_APP_NOT_ENABLED log filtering. Git R100 on markers/symlinks is heuristic, not proof of a logical file move."
913;v16.2.15;v17.2.7;qa/suites/rados/thrash-old-clients/thrashers/mapgap.yaml;qa/suites/orch/cephadm/thrash-old-clients/thrashers/mapgap.yaml;R;R095;1;0;FALSE;100644;100644;27881d2180c62ba0eb0700c277dfc2e473e7cf29;c1ab4493edb76fbd6cca7871feb819fff5dac423;01;01-osd-pg-recovery;P2;test/QA;support;"Triage owner 01: OSD, PG, recovery or data-path test; inspect endpoint hunk before binary impact verdict.";;affect;OSD-075;"OSD-075 old-client-QA: Relocated suite selects OSD thrash/backoff variants; thrasher recipes also change POOL_APP_NOT_ENABLED log filtering. Git R100 on markers/symlinks is heuristic, not proof of a logical file move."
914;v16.2.15;v17.2.7;qa/suites/rados/thrash-old-clients/thrashers/morepggrow.yaml;qa/suites/orch/cephadm/thrash-old-clients/thrashers/morepggrow.yaml;R;R094;1;0;FALSE;100644;100644;f18a88711a0066c349befd295b50c516ff1308b2;bb65d6a600cb466e9a276d8a524c06de16ecf33f;01;01-osd-pg-recovery;P2;test/QA;support;"Triage owner 01: OSD, PG, recovery or data-path test; inspect endpoint hunk before binary impact verdict.";;affect;OSD-075;"OSD-075 old-client-QA: Relocated suite selects OSD thrash/backoff variants; thrasher recipes also change POOL_APP_NOT_ENABLED log filtering. Git R100 on markers/symlinks is heuristic, not proof of a logical file move."
915;v16.2.15;v17.2.7;qa/suites/rados/thrash-old-clients/thrashers/none.yaml;qa/suites/orch/cephadm/thrash-old-clients/thrashers/none.yaml;R;R100;0;0;FALSE;100644;100644;e69de29bb2d1d6434b8b29ae775ad8c2e48c5391;e69de29bb2d1d6434b8b29ae775ad8c2e48c5391;01;01-osd-pg-recovery;P2;test/QA;support;"Triage owner 01: OSD, PG, recovery or data-path test; inspect endpoint hunk before binary impact verdict.";"Git rename heuristic with 0/0 content change; verify logical move.";affect;OSD-075;"OSD-075 old-client-QA: Relocated suite selects OSD thrash/backoff variants; thrasher recipes also change POOL_APP_NOT_ENABLED log filtering. Git R100 on markers/symlinks is heuristic, not proof of a logical file move."
916;v16.2.15;v17.2.7;qa/suites/rados/thrash-old-clients/thrashers/pggrow.yaml;qa/suites/orch/cephadm/thrash-old-clients/thrashers/pggrow.yaml;R;R095;1;0;FALSE;100644;100644;54498d0cfef9be93f24e8b97c83fafddbcd6761f;000550bd865d79e83487d388b365d6e31455f297;01;01-osd-pg-recovery;P2;test/QA;support;"Triage owner 01: OSD, PG, recovery or data-path test; inspect endpoint hunk before binary impact verdict.";;affect;OSD-075;"OSD-075 old-client-QA: Relocated suite selects OSD thrash/backoff variants; thrasher recipes also change POOL_APP_NOT_ENABLED log filtering. Git R100 on markers/symlinks is heuristic, not proof of a logical file move."
917;v16.2.15;v17.2.7;qa/suites/rados/thrash-old-clients/thrashosds-health.yaml;qa/suites/orch/cephadm/thrash-old-clients/thrashosds-health.yaml;R;R100;0;0;FALSE;120000;120000;9124eb1aa29a098bf6c2cc42db0978847af829fd;9124eb1aa29a098bf6c2cc42db0978847af829fd;01;01-osd-pg-recovery;P2;test/QA;support;"Triage owner 01: OSD, PG, recovery or data-path test; inspect endpoint hunk before binary impact verdict.";"Git rename heuristic with 0/0 content change; verify logical move.";affect;OSD-075;OSD-075 old-client-QA: Suite discovery/composition path is relocated from orch/cephadm to rados, including its cluster, distro, messenger, balancer, and shared-config selectors. Git R100 on markers/symlinks is heuristic, not proof of a logical file move.
918;v16.2.15;v17.2.7;qa/suites/rados/thrash-old-clients/workloads/.qa;qa/suites/orch/cephadm/thrash-old-clients/distro$/.qa;R;R100;0;0;FALSE;120000;120000;a602a0353e7510e9ac07370ceaed121e2e528fa2;a602a0353e7510e9ac07370ceaed121e2e528fa2;01;01-osd-pg-recovery;P2;test/QA;support;"Triage owner 01: OSD, PG, recovery or data-path test; inspect endpoint hunk before binary impact verdict.";"Git rename heuristic with 0/0 content change; verify logical move.";affect;OSD-075;OSD-075 old-client-QA: Relocated suite selects RADOS/RBD workloads while older client branches exercise the target cluster. Git R100 on markers/symlinks is heuristic, not proof of a logical file move.
919;v16.2.15;v17.2.7;qa/suites/rados/thrash-old-clients/workloads/cache-snaps.yaml;qa/suites/orch/cephadm/thrash-old-clients/workloads/cache-snaps.yaml;R;R100;0;0;FALSE;100644;100644;33f667ffd937b2eec3ae9335d5120204da69252c;33f667ffd937b2eec3ae9335d5120204da69252c;01;01-osd-pg-recovery;P2;test/QA;support;"Triage owner 01: OSD, PG, recovery or data-path test; inspect endpoint hunk before binary impact verdict.";"Git rename heuristic with 0/0 content change; verify logical move.";affect;OSD-075;OSD-075 old-client-QA: Relocated suite selects RADOS/RBD workloads while older client branches exercise the target cluster. Git R100 on markers/symlinks is heuristic, not proof of a logical file move.
920;v16.2.15;v17.2.7;qa/suites/rados/thrash-old-clients/workloads/radosbench.yaml;qa/suites/orch/cephadm/thrash-old-clients/workloads/radosbench.yaml;R;R100;0;0;FALSE;100644;100644;6a89a4e6ee4e57f4104453574ab24572af431954;6a89a4e6ee4e57f4104453574ab24572af431954;01;01-osd-pg-recovery;P2;test/QA;support;"Triage owner 01: OSD, PG, recovery or data-path test; inspect endpoint hunk before binary impact verdict.";"Git rename heuristic with 0/0 content change; verify logical move.";affect;OSD-075;OSD-075 old-client-QA: Relocated suite selects RADOS/RBD workloads while older client branches exercise the target cluster. Git R100 on markers/symlinks is heuristic, not proof of a logical file move.
921;v16.2.15;v17.2.7;qa/suites/rados/thrash-old-clients/workloads/rbd_cls.yaml;qa/suites/orch/cephadm/thrash-old-clients/workloads/rbd_cls.yaml;R;R100;0;0;FALSE;100644;100644;a8bbbafece056ec2d0c4dbb6e0fe3a5686e729d2;a8bbbafece056ec2d0c4dbb6e0fe3a5686e729d2;01;01-osd-pg-recovery;P2;test/QA;support;"Triage owner 01: OSD, PG, recovery or data-path test; inspect endpoint hunk before binary impact verdict.";"Git rename heuristic with 0/0 content change; verify logical move.";affect;OSD-075;OSD-075 old-client-QA: Relocated suite selects RADOS/RBD workloads while older client branches exercise the target cluster. Git R100 on markers/symlinks is heuristic, not proof of a logical file move.
922;v16.2.15;v17.2.7;qa/suites/rados/thrash-old-clients/workloads/snaps-few-objects.yaml;qa/suites/orch/cephadm/thrash-old-clients/workloads/snaps-few-objects.yaml;R;R100;0;0;FALSE;100644;100644;f0a5735a92cbb29821a6ec59df839f2df5fd072f;f0a5735a92cbb29821a6ec59df839f2df5fd072f;01;01-osd-pg-recovery;P2;test/QA;support;"Triage owner 01: OSD, PG, recovery or data-path test; inspect endpoint hunk before binary impact verdict.";"Git rename heuristic with 0/0 content change; verify logical move.";affect;OSD-075;OSD-075 old-client-QA: Relocated suite selects RADOS/RBD workloads while older client branches exercise the target cluster. Git R100 on markers/symlinks is heuristic, not proof of a logical file move.
923;v16.2.15;v17.2.7;qa/suites/rados/thrash-old-clients/workloads/test_rbd_api.yaml;qa/suites/orch/cephadm/thrash-old-clients/workloads/test_rbd_api.yaml;R;R100;0;0;FALSE;100644;100644;39617b37e7af664970a889812ea57c666621ff95;39617b37e7af664970a889812ea57c666621ff95;01;01-osd-pg-recovery;P2;test/QA;support;"Triage owner 01: OSD, PG, recovery or data-path test; inspect endpoint hunk before binary impact verdict.";"Git rename heuristic with 0/0 content change; verify logical move.";affect;OSD-075;OSD-075 old-client-QA: Relocated suite selects RADOS/RBD workloads while older client branches exercise the target cluster. Git R100 on markers/symlinks is heuristic, not proof of a logical file move.
924;v16.2.15;v17.2.7;qa/suites/rados/thrash/workloads/admin_socket_objecter_requests.yaml;;M;M;2;0;FALSE;100644;100644;8c9764ade8487550359de6633315c6fc68978899;6885f72aa44e877ca4eef88f9970946d95cd9e07;01;01-osd-pg-recovery;P2;test/QA;support;"Triage owner 01: OSD, PG, recovery or data-path test; inspect endpoint hunk before binary impact verdict.";;affect;OSD-055;"OSD-055/T01-thrash-pool-app-filter: endpoint hunk adds POOL_APP_NOT_ENABLED to overrides.ceph.log-ignorelist; qa/tasks/ceph.py filters matching cluster-log warnings before marking this workload failed."
925;v16.2.15;v17.2.7;qa/suites/rados/thrash/workloads/cache-agent-big.yaml;;M;M;1;0;FALSE;100644;100644;3f377858ae4c55ef9a5b7248bb7313399383efe1;9ca2576d4690531e5946ac8fa282b277764c9bd3;01;01-osd-pg-recovery;P2;test/QA;support;"Triage owner 01: OSD, PG, recovery or data-path test; inspect endpoint hunk before binary impact verdict.";;affect;OSD-055;"OSD-055/T01-thrash-pool-app-filter: endpoint hunk adds POOL_APP_NOT_ENABLED to overrides.ceph.log-ignorelist; qa/tasks/ceph.py filters matching cluster-log warnings before marking this workload failed."
926;v16.2.15;v17.2.7;qa/suites/rados/thrash/workloads/cache-agent-small.yaml;;M;M;1;0;FALSE;100644;100644;29219a7e8d7f9b121a1890e5c9765d03c4ff98ff;108009e3b0b8df07ce03538775467f51892e68b7;01;01-osd-pg-recovery;P2;test/QA;support;"Triage owner 01: OSD, PG, recovery or data-path test; inspect endpoint hunk before binary impact verdict.";;affect;OSD-055;"OSD-055/T01-thrash-pool-app-filter: endpoint hunk adds POOL_APP_NOT_ENABLED to overrides.ceph.log-ignorelist; qa/tasks/ceph.py filters matching cluster-log warnings before marking this workload failed."
927;v16.2.15;v17.2.7;qa/suites/rados/thrash/workloads/cache-pool-snaps-readproxy.yaml;;M;M;1;0;FALSE;100644;100644;808968d6bafeaa6a73c6f86f15b24d170bb85408;f864e117056fadf662bee5c09911240962fec0b1;01;01-osd-pg-recovery;P2;test/QA;support;"Triage owner 01: OSD, PG, recovery or data-path test; inspect endpoint hunk before binary impact verdict.";;affect;OSD-055;"OSD-055/T01-thrash-pool-app-filter: endpoint hunk adds POOL_APP_NOT_ENABLED to overrides.ceph.log-ignorelist; qa/tasks/ceph.py filters matching cluster-log warnings before marking this workload failed."
928;v16.2.15;v17.2.7;qa/suites/rados/thrash/workloads/cache-pool-snaps.yaml;;M;M;1;0;FALSE;100644;100644;4aec8611c14d5df8d5f1f2fcd400bb0dd24eb967;6bf97c6920db1279f37a573c912d28ea6ede5dc1;01;01-osd-pg-recovery;P2;test/QA;support;"Triage owner 01: OSD, PG, recovery or data-path test; inspect endpoint hunk before binary impact verdict.";;affect;OSD-055;"OSD-055/T01-thrash-pool-app-filter: endpoint hunk adds POOL_APP_NOT_ENABLED to overrides.ceph.log-ignorelist; qa/tasks/ceph.py filters matching cluster-log warnings before marking this workload failed."
929;v16.2.15;v17.2.7;qa/suites/rados/thrash/workloads/cache-snaps-balanced.yaml;;M;M;1;0;FALSE;100644;100644;1e55f573f438c0619c1d009422cd072532273d04;574a1f753dc7480a3c4a4a0b8653ba0e5fa8bd3d;01;01-osd-pg-recovery;P2;test/QA;support;"Triage owner 01: OSD, PG, recovery or data-path test; inspect endpoint hunk before binary impact verdict.";;affect;OSD-055;"OSD-055/T01-thrash-pool-app-filter: endpoint hunk adds POOL_APP_NOT_ENABLED to overrides.ceph.log-ignorelist; qa/tasks/ceph.py filters matching cluster-log warnings before marking this workload failed."
930;v16.2.15;v17.2.7;qa/suites/rados/thrash/workloads/cache-snaps.yaml;;M;M;1;0;FALSE;100644;100644;11401d7e263f4c14608b1a5e55585f64037700c9;6d11f4cf12c71e9e18f48fee67465d87a2261b33;01;01-osd-pg-recovery;P2;test/QA;support;"Triage owner 01: OSD, PG, recovery or data-path test; inspect endpoint hunk before binary impact verdict.";;affect;OSD-055;"OSD-055/T01-thrash-pool-app-filter: endpoint hunk adds POOL_APP_NOT_ENABLED to overrides.ceph.log-ignorelist; qa/tasks/ceph.py filters matching cluster-log warnings before marking this workload failed."
931;v16.2.15;v17.2.7;qa/suites/rados/thrash/workloads/cache.yaml;;M;M;1;0;FALSE;100644;100644;c557a67511134c9d3ae45b6479b7a120fdce92a2;bd9daac7af3f64ee485598a24d4f664db270869b;01;01-osd-pg-recovery;P2;test/QA;support;"Triage owner 01: OSD, PG, recovery or data-path test; inspect endpoint hunk before binary impact verdict.";;affect;OSD-055;"OSD-055/T01-thrash-pool-app-filter: endpoint hunk adds POOL_APP_NOT_ENABLED to overrides.ceph.log-ignorelist; qa/tasks/ceph.py filters matching cluster-log warnings before marking this workload failed."
932;v16.2.15;v17.2.7;qa/suites/rados/thrash/workloads/dedup-io-mixed.yaml;;A;A;24;0;FALSE;000000;100644;0000000000000000000000000000000000000000;7758525a615fb41bd6854e791c30ac3307905fe0;01;01-osd-pg-recovery;P2;test/QA;support;"Triage owner 01: OSD, PG, recovery or data-path test; inspect endpoint hunk before binary impact verdict.";;affect;"OSD-054;OSD-055";"OSD-054;OSD-055: New recipe enables dedup fastcdc and weighted set_chunk/tier ops; log-ignorelist also excludes POOL_APP_NOT_ENABLED from the QA log failure gate."
933;v16.2.15;v17.2.7;qa/suites/rados/thrash/workloads/dedup-io-snaps.yaml;;A;A;27;0;FALSE;000000;100644;0000000000000000000000000000000000000000;3d2ce3026387831fb596198901fbed9ba7455681;01;01-osd-pg-recovery;P2;test/QA;support;"Triage owner 01: OSD, PG, recovery or data-path test; inspect endpoint hunk before binary impact verdict.";;affect;"OSD-054;OSD-055";"OSD-054;OSD-055: New recipe adds snapshot/rollback to dedup fastcdc and tier operations; log-ignorelist excludes POOL_APP_NOT_ENABLED from the QA log failure gate."
934;v16.2.15;v17.2.7;qa/suites/rados/thrash/workloads/pool-snaps-few-objects.yaml;;M;M;3;0;FALSE;100644;100644;1f0759d962493171cfc0b2dcd24626f50982d348;f60afb809d131a8ff584f7cef26b26ac3ec6e7d8;01;01-osd-pg-recovery;P2;test/QA;support;"Triage owner 01: OSD, PG, recovery or data-path test; inspect endpoint hunk before binary impact verdict.";;trivial;;"T01-final-qa: Added log-ignorelist is nested under singular top-level `override`; teuthology documents/uses `overrides`, so this hunk is not an effective QA override. Verify merged job config before relying on the filter."
935;v16.2.15;v17.2.7;qa/suites/rados/thrash/workloads/rados_api_tests.yaml;;M;M;3;0;FALSE;100644;100644;eb4c9b1ee8e3a72d1c7ab00c1bce2940b7372dad;3e72897ae0520afb3c1495c3701c0574e89e7c62;01;01-osd-pg-recovery;P2;test/QA;support;"Triage owner 01: OSD, PG, recovery or data-path test; inspect endpoint hunk before binary impact verdict.";;affect;OSD-062;OSD-062: rados/test.sh recipe now sets OSD class load/default lists to wildcard, changing which object classes can load during API QA.
936;v16.2.15;v17.2.7;qa/suites/rados/thrash/workloads/radosbench-high-concurrency.yaml;;M;M;2;0;FALSE;100644;100644;902c4b56a1e5a2757bfe4acb892ee0182f701496;afdb3794d986bddfb0142a48d796c4c366e05a1b;01;01-osd-pg-recovery;P2;test/QA;support;"Triage owner 01: OSD, PG, recovery or data-path test; inspect endpoint hunk before binary impact verdict.";;affect;OSD-055;"OSD-055/T01-thrash-pool-app-filter: endpoint hunk adds POOL_APP_NOT_ENABLED to overrides.ceph.log-ignorelist; qa/tasks/ceph.py filters matching cluster-log warnings before marking this workload failed."
937;v16.2.15;v17.2.7;qa/suites/rados/thrash/workloads/radosbench.yaml;;M;M;2;0;FALSE;100644;100644;071f55e3928eb5d33b46ec41de60fcf61e42cf33;32efe0ba9a0a227c4440c017f19d86dc6ab0399c;01;01-osd-pg-recovery;P2;test/QA;support;"Triage owner 01: OSD, PG, recovery or data-path test; inspect endpoint hunk before binary impact verdict.";;affect;OSD-055;"OSD-055/T01-thrash-pool-app-filter: endpoint hunk adds POOL_APP_NOT_ENABLED to overrides.ceph.log-ignorelist; qa/tasks/ceph.py filters matching cluster-log warnings before marking this workload failed."
938;v16.2.15;v17.2.7;qa/suites/rados/thrash/workloads/redirect.yaml;;M;M;4;0;FALSE;100644;100644;bebce845cd62f9e231164e23990814ad4c60661c;14cce66430b04cc6a9237c0b2a1114e639c59268;01;01-osd-pg-recovery;P2;test/QA;support;"Triage owner 01: OSD, PG, recovery or data-path test; inspect endpoint hunk before binary impact verdict.";;affect;OSD-055;"OSD-055/T01-thrash-pool-app-filter: endpoint hunk adds POOL_APP_NOT_ENABLED to overrides.ceph.log-ignorelist; qa/tasks/ceph.py filters matching cluster-log warnings before marking this workload failed."
939;v16.2.15;v17.2.7;qa/suites/rados/thrash/workloads/redirect_promote_tests.yaml;;M;M;4;0;FALSE;100644;100644;c2787c43bc09c1c95a4974f17def38d657b78195;23226771d30e02cae734a3922ee566071728efab;01;01-osd-pg-recovery;P2;test/QA;support;"Triage owner 01: OSD, PG, recovery or data-path test; inspect endpoint hunk before binary impact verdict.";;affect;OSD-055;"OSD-055/T01-thrash-pool-app-filter: endpoint hunk adds POOL_APP_NOT_ENABLED to overrides.ceph.log-ignorelist; qa/tasks/ceph.py filters matching cluster-log warnings before marking this workload failed."
940;v16.2.15;v17.2.7;qa/suites/rados/thrash/workloads/redirect_set_object.yaml;;M;M;4;0;FALSE;100644;100644;06ba60c7c64c77772b6382bc6afafd81ffa0203b;7fe81435c5f4b0fa6470af2f6937175fec788ab6;01;01-osd-pg-recovery;P2;test/QA;support;"Triage owner 01: OSD, PG, recovery or data-path test; inspect endpoint hunk before binary impact verdict.";;affect;OSD-055;"OSD-055/T01-thrash-pool-app-filter: endpoint hunk adds POOL_APP_NOT_ENABLED to overrides.ceph.log-ignorelist; qa/tasks/ceph.py filters matching cluster-log warnings before marking this workload failed."
941;v16.2.15;v17.2.7;qa/suites/rados/thrash/workloads/set-chunks-read.yaml;;M;M;4;0;FALSE;100644;100644;1abbdd757c522bf7c6079d8a335a2a14ff9888c4;fa6d6a8b8a478aba311d0fb969e60f2c57908b18;01;01-osd-pg-recovery;P2;test/QA;support;"Triage owner 01: OSD, PG, recovery or data-path test; inspect endpoint hunk before binary impact verdict.";;affect;OSD-055;OSD-055: Existing set-chunks-read recipe now excludes POOL_APP_NOT_ENABLED from the cluster-log warning/error check, changing QA acceptance.
942;v16.2.15;v17.2.7;qa/suites/rados/thrash/workloads/small-objects-balanced.yaml;;M;M;2;0;FALSE;100644;100644;56aaaf5435a370c82514a9bbf82c44e5d516baaf;ece22cd36fa859292a7cd0d05b559e7dfb39c547;01;01-osd-pg-recovery;P2;test/QA;support;"Triage owner 01: OSD, PG, recovery or data-path test; inspect endpoint hunk before binary impact verdict.";;affect;OSD-055;"OSD-055/T01-thrash-pool-app-filter: endpoint hunk adds POOL_APP_NOT_ENABLED to overrides.ceph.log-ignorelist; qa/tasks/ceph.py filters matching cluster-log warnings before marking this workload failed."
943;v16.2.15;v17.2.7;qa/suites/rados/thrash/workloads/small-objects-localized.yaml;;M;M;2;0;FALSE;100644;100644;e06c717f499e36a2c938af78fd894ac9ed362393;ad791ee119c0d794366c47270e6f64bd5a791647;01;01-osd-pg-recovery;P2;test/QA;support;"Triage owner 01: OSD, PG, recovery or data-path test; inspect endpoint hunk before binary impact verdict.";;affect;OSD-055;"OSD-055/T01-thrash-pool-app-filter: endpoint hunk adds POOL_APP_NOT_ENABLED to overrides.ceph.log-ignorelist; qa/tasks/ceph.py filters matching cluster-log warnings before marking this workload failed."
944;v16.2.15;v17.2.7;qa/suites/rados/thrash/workloads/small-objects.yaml;;M;M;2;0;FALSE;100644;100644;ee20bc3c5632c32b27d4cb35b6b1c65715f1828d;6f9edfae84aa92d49ea982b7f2e2f70e32e83ca9;01;01-osd-pg-recovery;P2;test/QA;support;"Triage owner 01: OSD, PG, recovery or data-path test; inspect endpoint hunk before binary impact verdict.";;affect;OSD-055;"OSD-055/T01-thrash-pool-app-filter: endpoint hunk adds POOL_APP_NOT_ENABLED to overrides.ceph.log-ignorelist; qa/tasks/ceph.py filters matching cluster-log warnings before marking this workload failed."
945;v16.2.15;v17.2.7;qa/suites/rados/thrash/workloads/snaps-few-objects-balanced.yaml;;M;M;4;0;FALSE;100644;100644;5752633c87fb77a8fc47672d523f024e833729f8;ffb6cbc8be91e328d0ffe457df6689e61cbf7468;01;01-osd-pg-recovery;P2;test/QA;support;"Triage owner 01: OSD, PG, recovery or data-path test; inspect endpoint hunk before binary impact verdict.";;affect;OSD-055;"OSD-055/T01-thrash-pool-app-filter: endpoint hunk adds POOL_APP_NOT_ENABLED to overrides.ceph.log-ignorelist; qa/tasks/ceph.py filters matching cluster-log warnings before marking this workload failed."
946;v16.2.15;v17.2.7;qa/suites/rados/thrash/workloads/snaps-few-objects-localized.yaml;;M;M;4;0;FALSE;100644;100644;d02a5784ef4e264c7d60bf80c1e62efaf032c11b;eca0047169af4886fc8f703879747962d35e6e46;01;01-osd-pg-recovery;P2;test/QA;support;"Triage owner 01: OSD, PG, recovery or data-path test; inspect endpoint hunk before binary impact verdict.";;affect;OSD-055;"OSD-055/T01-thrash-pool-app-filter: endpoint hunk adds POOL_APP_NOT_ENABLED to overrides.ceph.log-ignorelist; qa/tasks/ceph.py filters matching cluster-log warnings before marking this workload failed."
947;v16.2.15;v17.2.7;qa/suites/rados/thrash/workloads/snaps-few-objects.yaml;;M;M;4;0;FALSE;100644;100644;aa82d973ae17a7366c994b09522140b229858159;955327b29f3ca7cf41ea505dbb7cc358fdd7b522;01;01-osd-pg-recovery;P2;test/QA;support;"Triage owner 01: OSD, PG, recovery or data-path test; inspect endpoint hunk before binary impact verdict.";;affect;OSD-055;"OSD-055/T01-thrash-pool-app-filter: endpoint hunk adds POOL_APP_NOT_ENABLED to overrides.ceph.log-ignorelist; qa/tasks/ceph.py filters matching cluster-log warnings before marking this workload failed."
948;v16.2.15;v17.2.7;qa/suites/rados/thrash/workloads/write_fadvise_dontneed.yaml;;M;M;4;0;FALSE;100644;100644;606dcae6922f0e96c11550df8888c85508264f79;182fc1431a60d03d4fe2cdd0672e4bf86ff4d00b;01;01-osd-pg-recovery;P2;test/QA;support;"Triage owner 01: OSD, PG, recovery or data-path test; inspect endpoint hunk before binary impact verdict.";;affect;OSD-055;"OSD-055/T01-thrash-pool-app-filter: endpoint hunk adds POOL_APP_NOT_ENABLED to overrides.ceph.log-ignorelist; qa/tasks/ceph.py filters matching cluster-log warnings before marking this workload failed."
949;v16.2.15;v17.2.7;qa/suites/rados/upgrade/nautilus-x-singleton;;D;D;0;1;FALSE;120000;000000;d0e26e4982aaca4821e396fb57e2eb1e7671406c;0000000000000000000000000000000000000000;01;01-osd-pg-recovery;P2;test/QA;support;"Triage owner 01: OSD, PG, recovery or data-path test; inspect endpoint hunk before binary impact verdict.";;affect;OSD-073;OSD-073: Endpoint removes the rados/upgrade link to the Nautilus singleton upgrade suite, so that suite is no longer selected through this RADOS path.
950;v16.2.15;v17.2.7;qa/suites/rados/upgrade/parallel;;A;A;1;0;FALSE;000000;120000;0000000000000000000000000000000000000000;b345f823a6fdd8c47131616a903ed16f3346be09;01;01-osd-pg-recovery;P2;test/QA;support;"Triage owner 01: OSD, PG, recovery or data-path test; inspect endpoint hunk before binary impact verdict.";;affect;OSD-073;OSD-073: Endpoint adds the rados/upgrade link to pacific-x/parallel, whose sequence installs Pacific then runs cephadm upgrade alongside workloads and checks one final version.
951;v16.2.15;v17.2.7;qa/suites/rados/valgrind-leaks/1-start.yaml;;M;M;1;0;FALSE;100644;100644;9263f2a838b0bce8fb8eb43de029a1fbc43ceea8;1cdd8a688e891ee57c53ceb77c695461de9c5f5b;01;01-osd-pg-recovery;P2;test/QA;support;"Triage owner 01: OSD, PG, recovery or data-path test; inspect endpoint hunk before binary impact verdict.";;affect;OSD-055;OSD-055: Selected QA recipe adds POOL_APP_NOT_ENABLED to log-ignorelist, changing its warning acceptance without changing daemon runtime.
1406;v16.2.15;v17.2.7;qa/tasks/rados.py;;M;M;10;1;FALSE;100644;100644;349f46efcc9501019f494f0c0c494f5a35b2818e;a730a72993c246f0313acc757b3e5b28a8e12124;01;01-osd-pg-recovery;P2;test/QA;support;"Triage owner 01: OSD/RADOS QA; inspect endpoint hunk before binary impact verdict.";;affect;OSD-054;OSD-054: RADOS QA task forwards dedup chunk size/algorithm and new set-chunk/tier op weights into ceph_test_rados, activating the dedup matrix described in OSD-054.
1407;v16.2.15;v17.2.7;qa/tasks/radosbench.py;;M;M;5;4;FALSE;100644;100644;0804840c5921a5456f3f61ca673fc0c20cf15732;3a5aee2e265b0cfd03dfab30c4d91809f4c9ac1d;01;01-osd-pg-recovery;P2;test/QA;support;"Triage owner 01: OSD/RADOS QA; inspect endpoint hunk before binary impact verdict.";;affect;OSD-079;"OSD-079: Radosbench task defaults to every client role instead of client.0; selected QA can run more concurrent clients and change load/pass-fail."
1417;v16.2.15;v17.2.7;qa/tasks/scrub_test.py;;M;M;14;2;FALSE;100644;100644;3d629e9d746cb2e5c81797becbd35296825d0f3e;edf1069529bbfce796e1bd9c3c09f061dc87356c;01;01-osd-pg-recovery;P2;test/QA;support;"Triage owner 01: OSD/RADOS QA; inspect endpoint hunk before binary impact verdict.";;affect;OSD-080;"OSD-080: Scrub corruption QA resolves rbd pool ID and chooses a PG only from that pool; Pacific could select a populated PG from another pool."
1422;v16.2.15;v17.2.7;qa/tasks/thrashosds-health.yaml;;M;M;0;12;FALSE;100644;100644;2340944e88517db29ed6dc09e7e4e642edd4fb95;1b2560d4ebae849f1c957d7184bad02fb75ac522;01;01-osd-pg-recovery;P2;test/QA;support;"Triage owner 01: OSD/RADOS QA; inspect endpoint hunk before binary impact verdict.";;affect;OSD-074;"OSD-074: QA health override drops ignore patterns for MON_DOWN, quorum, OSD-down and PG/backfill conditions; these alerts can now fail a selected thrash test instead of being filtered."
1449;v16.2.15;v17.2.7;qa/workunits/rados/test.sh;;M;M;1;0;FALSE;100755;100755;a0b2aed54692bc955619759c896ac1331b7396d3;daa25fe4dfd8a32f4f1e7b7091020581e357f413;01;01-osd-pg-recovery;P2;test/QA;support;"Triage owner 01: OSD/RADOS QA; inspect endpoint hunk before binary impact verdict.";;affect;OSD-062;OSD-062: RADOS API workunit adds api_cls_remote_reads to its executed tests, extending object-class validation when the workunit runs.
1451;v16.2.15;v17.2.7;qa/workunits/rados/test_dedup_tool.sh;;M;M;220;10;FALSE;100755;100755;4b24bb3154c110da92052cdbea52d42126d44680;ad38311ff8404e6973a15e2b9ec6b4d2e3551066;01;01-osd-pg-recovery;P2;test/QA;support;"Triage owner 01: OSD/RADOS QA; inspect endpoint hunk before binary impact verdict.";;affect;OSD-081;OSD-081: Dedup tool workunit changes estimate assertions and adds chunk-scrub, chunk-repair and object-dedup cases, changing lab validation coverage.
1452;v16.2.15;v17.2.7;qa/workunits/rados/test_envlibrados_for_rocksdb.sh;;M;M;1;5;FALSE;100755;100755;ca9b8d2ea314b9bfbb2e96807a49af3efc23c699;371452f404292b1c05f779613c0e44c4f87371b2;01;01-osd-pg-recovery;P2;test/QA;support;"Triage owner 01: OSD/RADOS QA; inspect endpoint hunk before binary impact verdict.";;trivial;;"T01-rados-workunits: Test-only prerequisite install script adds SoftIron to Debian-like distro case and removes a CentOS PowerTools repo enable step; no Ceph endpoint runtime or selected upgrade path is established."
1453;v16.2.15;v17.2.7;qa/workunits/rados/test_librados_build.sh;;M;M;1;1;FALSE;100755;100755;002f2b84015f2f1b76358e40e118c6d43376a31b;207dcb01b7ff922e454981ed9f2c10f264cefe0d;01;01-osd-pg-recovery;P2;test/QA;support;"Triage owner 01: OSD/RADOS QA; inspect endpoint hunk before binary impact verdict.";;trivial;;"T01-rados-workunits: Test-only librados build prerequisite adds SoftIron to Debian-like package branch; no Ceph endpoint runtime or selected upgrade path is established."
1523;v16.2.15;v17.2.7;src/ceph_osd.cc;;M;M;29;14;FALSE;100644;100644;333e0de9a107cf727b304bab2f22dd2397a24ee3;1c15dfff5477c0b02a493e179996440ec973fd48;01;01-osd-pg-recovery;P0;runtime/source;deep;"Triage owner 01: OSD or object-store runtime; inspect endpoint hunk before binary impact verdict.";;affect;OSD-002;"OSD-002: OSD public messenger now binds public_bind_addrs while advertising public_addrs; heartbeat front bind follows bind address."
1719;v16.2.15;v17.2.7;src/crimson/admin/admin_socket.cc;;M;M;108;98;FALSE;100644;100644;852185af18d9547851b74902d20065ae5546f3ba;1593123eb00796c50bf5a64eee6c8b0ea031ecd3;01;01-osd-pg-recovery;P0;runtime/source;deep;"Triage owner 01: OSD or object-store runtime; inspect endpoint hunk before binary impact verdict.";;affect;OSD-085;"OSD-085: Crimson admin socket adds config help and changes command registration/accept gate lifecycle; asok command availability during startup/shutdown can differ."
1720;v16.2.15;v17.2.7;src/crimson/admin/admin_socket.h;;M;M;3;15;FALSE;100644;100644;a842b62a2d1a03ee0baa2ff54cdb4b21b65d2f7b;a7540a6071f39271dce16171e6d363b95fafaaea;01;01-osd-pg-recovery;P0;runtime/source;deep;"Triage owner 01: OSD or object-store runtime; inspect endpoint hunk before binary impact verdict.";;affect;OSD-085;OSD-085: Crimson admin socket API removes async registration/shared lock and exposes synchronous hook registration used at OSD asok startup.
1721;v16.2.15;v17.2.7;src/crimson/admin/osd_admin.cc;;M;M;261;26;FALSE;100644;100644;ce6b6695d2892bb5fb79afbbcdb7f3c1ef558e4d;faba5939cf0d1ccdcc04287bbe83fd6488fb35e2;01;01-osd-pg-recovery;P0;runtime/source;deep;"Triage owner 01: OSD or object-store runtime; inspect endpoint hunk before binary impact verdict.";;affect;OSD-086;OSD-086: Crimson OSD admin hooks add metric/perfcounter dump and injectdataerr/injectmdataerr backed by store error injection, changing diagnostic and fault-validation commands.
1722;v16.2.15;v17.2.7;src/crimson/admin/osd_admin.h;;M;M;7;5;FALSE;100644;100644;395042ea8cfa5f5d9189ca7645a8c2f34a18f325;61dcfced1ac13593949764be17a85b12e8dbe3ab;01;01-osd-pg-recovery;P0;runtime/source;deep;"Triage owner 01: OSD or object-store runtime; inspect endpoint hunk before binary impact verdict.";;affect;OSD-086;OSD-086: Crimson OSD admin hook declarations expose metrics/perfcounter and data/metadata error injection commands registered by OSD::start_asok_admin.
1744;v16.2.15;v17.2.7;src/crimson/mgr/client.cc;;M;M;5;2;FALSE;100644;100644;5aa8a88ba214a7eb59ba7734411264321b662ed6;5d259c29e13c01b83b3a3f532aef3bc377287a87;01;01-osd-pg-recovery;P0;runtime/source;deep;"Triage owner 01: OSD or object-store runtime; inspect endpoint hunk before binary impact verdict.";;affect;OSD-078;OSD-078: Crimson MGR reporting skips the report when its connection is absent instead of asserting, changing behavior across MGR disconnect/restart.
1745;v16.2.15;v17.2.7;src/crimson/mgr/client.h;;M;M;1;1;FALSE;100644;100644;ad7e1fde54e8e0a52c43ebea26277dddeb374c9e;17d62d03477128d3fb3bc82956868eaeb17b4e0c;01;01-osd-pg-recovery;P0;runtime/source;deep;"Triage owner 01: OSD or object-store runtime; inspect endpoint hunk before binary impact verdict.";;affect;OSD-078;"OSD-078: Crimson MGR stats interface returns move-only MessageURef matching the report/send path; this accompanies the connection handling change."
1746;v16.2.15;v17.2.7;src/crimson/mon/MonClient.cc;;M;M;209;159;FALSE;100644;100644;9dfbb103a38b4ea4f14302ba5cb90afab34d921e;928b36a375d321ada31fcba3aacf5d578b5a2b13;01;01-osd-pg-recovery;P0;runtime/source;deep;"Triage owner 01: OSD or object-store runtime; inspect endpoint hunk before binary impact verdict.";;affect;OSD-077;OSD-077: Crimson MON client removes ProtocolV1 authentication, selects msgr2 MON addresses only, and reopens sessions with queued-message, subscription and command resend handling.
1747;v16.2.15;v17.2.7;src/crimson/mon/MonClient.h;;M;M;41;11;FALSE;100644;100644;e7d2df86393036e2bbfeed5eca32c3a9c6de6c76;b2198f3470d464d5a0334a1457429d231254d5c7;01;01-osd-pg-recovery;P0;runtime/source;deep;"Triage owner 01: OSD or object-store runtime; inspect endpoint hunk before binary impact verdict.";;affect;OSD-077;OSD-077: Crimson MON client state/API now tracks send readiness, pending MON commands and config/log callbacks used when reconnecting or starting the OSD.
1765;v16.2.15;v17.2.7;src/crimson/os/alienstore/alien_collection.h;;M;M;13;0;FALSE;100644;100644;98b8fdef44ddeda8ffd3188727556e0543b9a318;17a930e77a944c774d3b8cbe4e341ae516e27971;01;01-osd-pg-recovery;P0;runtime/source;deep;"Triage owner 01: Crimson OSD or object store; inspect endpoint hunk before binary impact verdict.";;affect;OSD-091;OSD-091: AlienCollection adds a per-collection mutex used by AlienStore to serialize operations on the same collection across alien workers.
1766;v16.2.15;v17.2.7;src/crimson/os/alienstore/alien_store.cc;;M;M;244;113;FALSE;100644;100644;cb55532545b47cdc90bb992cae5b962514dbd0cd;904540a4c44ae512e1cd7e0f4733f587268a8307;01;01-osd-pg-recovery;P0;runtime/source;deep;"Triage owner 01: Crimson OSD or object store; inspect endpoint hunk before binary impact verdict.";;affect;"OSD-090;OSD-091";"OSD-090;OSD-091: AlienStore now creates a selected ObjectStore backend and changes mount/mkfs error handling; it also routes collection IO to multiple alien workers, guards shutdown, and fixes get_attr lifetime/get_attrs storage."
1767;v16.2.15;v17.2.7;src/crimson/os/alienstore/alien_store.h;;M;M;33;10;FALSE;100644;100644;92739340e782c8360a1c4b272c9291863313e85b;3c4dfa154ae88111c4580afa6a1846600f3b4f2d;01;01-osd-pg-recovery;P0;runtime/source;deep;"Triage owner 01: Crimson OSD or object store; inspect endpoint hunk before binary impact verdict.";;affect;"OSD-090;OSD-091";"OSD-090;OSD-091: AlienStore interface now accepts the objectstore type, reports stateful mount/mkfs errors, and owns worker-pool and gate state used in runtime IO."
1768;v16.2.15;v17.2.7;src/crimson/os/alienstore/semaphore.h;;A;A;90;0;FALSE;000000;100644;0000000000000000000000000000000000000000;8cba02ab15ff6c272057eaf0acbb52f28b4a832d;01;01-osd-pg-recovery;P0;runtime/source;deep;"Triage owner 01: Crimson OSD or object store; inspect endpoint hunk before binary impact verdict.";;affect;OSD-091;OSD-091: New semaphore coordinates per-worker alien thread queues and wakeup/stop behavior for Crimson ObjectStore operations.
1769;v16.2.15;v17.2.7;src/crimson/os/alienstore/thread_pool.cc;;M;M;36;18;FALSE;100644;100644;e127d87d524fc9cca0ee290335372a18de52a780;747d6714e3662e4772701f83a7c304bab2f00467;01;01-osd-pg-recovery;P0;runtime/source;deep;"Triage owner 01: Crimson OSD or object store; inspect endpoint hunk before binary impact verdict.";;affect;OSD-091;OSD-091: Alien thread pool changes from a single queue to CPU-affined worker queues, altering IO scheduling and shutdown.
1770;v16.2.15;v17.2.7;src/crimson/os/alienstore/thread_pool.h;;M;M;81;30;FALSE;100644;100644;27840da189101713043561c5fbe0302f99d29938;8f3069af3a5a595291866beb76aaf3397da992b6;01;01-osd-pg-recovery;P0;runtime/source;deep;"Triage owner 01: Crimson OSD or object store; inspect endpoint hunk before binary impact verdict.";;affect;OSD-091;OSD-091: ThreadPool API adds shard-targeted submission and worker-count lifecycle used by AlienStore collection IO.
1771;v16.2.15;v17.2.7;src/crimson/os/cyanstore/cyan_collection.cc;;M;M;2;0;FALSE;100644;100644;f44234e845a0023dfdf856f67ea78f4181b6cf47;9a814f978d57267f4addf251d5b4f1ae02215eee;01;01-osd-pg-recovery;P0;runtime/source;deep;"Triage owner 01: Crimson OSD or object store; inspect endpoint hunk before binary impact verdict.";;trivial;;"T01-crimson: Only adds std::make_pair using declaration; no changed expression or store operation."
1772;v16.2.15;v17.2.7;src/crimson/os/cyanstore/cyan_object.h;;M;M;1;1;FALSE;100644;100644;f19b8721280f429ccab9f48fe2a1687183fc129b;624f9513a930e8afd43f9b71cc3b41d99bbd2cdf;01;01-osd-pg-recovery;P0;runtime/source;deep;"Triage owner 01: Crimson OSD or object store; inspect endpoint hunk before binary impact verdict.";;affect;OSD-032;OSD-032: CyanStore xattr values switch from bufferptr to bufferlist, matching the changed get/set path.
1773;v16.2.15;v17.2.7;src/crimson/os/cyanstore/cyan_store.cc;;M;M;84;24;FALSE;100644;100644;eb93d72ec58ad8977636edfaeb38b4547adab707;9122a56c0b005f75c9d7e61f1ba09de34b57cb6a;01;01-osd-pg-recovery;P0;runtime/source;deep;"Triage owner 01: Crimson OSD or object store; inspect endpoint hunk before binary impact verdict.";;affect;OSD-032;OSD-032: CyanStore handles SETATTRS and RMATTRS, accepts SETALLOCHINT, overwrites existing omap keys and returns typed mount/mkfs errors.
1774;v16.2.15;v17.2.7;src/crimson/os/cyanstore/cyan_store.h;;M;M;6;8;FALSE;100644;100644;07a8ff29e7e8394083f9e17fb8b355dc85318dd8;492801e5a13beaf05414929bf8ce660cff051156;01;01-osd-pg-recovery;P0;runtime/source;deep;"Triage owner 01: Crimson OSD or object store; inspect endpoint hunk before binary impact verdict.";;affect;OSD-032;OSD-032: CyanStore mount/mkfs and get_attr signatures change and RMATTRS helper is declared.
1775;v16.2.15;v17.2.7;src/crimson/os/futurized_store.cc;;M;M;23;5;FALSE;100644;100644;bb73c34787f126e7cd36c36dd79f195c5545a525;e072c0d262bd70154ee5871c943450afef426252;01;01-osd-pg-recovery;P0;runtime/source;deep;"Triage owner 01: Crimson OSD or object store; inspect endpoint hunk before binary impact verdict.";;affect;OSD-090;"OSD-090: Crimson ObjectStore factory now selects cyanstore/seastore explicitly and uses AlienStore fallback for other supported backend types; create is asynchronous."
1776;v16.2.15;v17.2.7;src/crimson/os/futurized_store.h;;M;M;18;10;FALSE;100644;100644;bb173056b9de46dc3892b00546c86fb5c869eece;d25c09484508a010f0cc264d41b820fed543b0b4;01;01-osd-pg-recovery;P0;runtime/source;deep;"Triage owner 01: Crimson OSD or object store; inspect endpoint hunk before binary impact verdict.";;affect;OSD-090;OSD-090: FuturizedStore interface changes backend creation to a future and mount/mkfs to stateful errorators, affecting Crimson store activation.
1898;v16.2.15;v17.2.7;src/crimson/osd/ec_backend.cc;;M;M;5;4;FALSE;100644;100644;c6516d50a8e8fdc60f0d28594c6127114a8cde1e;9ea0d1e6564a16ffe426dd7010d9de04773ebe9c;01;01-osd-pg-recovery;P0;runtime/source;deep;"Triage owner 01: Crimson OSD or object store; inspect endpoint hunk before binary impact verdict.";;trivial;;"T01-crimson-ec-stub: Both endpoint ECBackend::_read and _submit_transaction remain TODO stubs returning ready empty data/acked peers; target only adapts return type to split future API."
1899;v16.2.15;v17.2.7;src/crimson/osd/ec_backend.h;;M;M;8;6;FALSE;100644;100644;e15b19970cd321f0d8624c136c1aac0361b0c8fe;4b736622b4c1886bc022b81a0c323425b7f7e8ed;01;01-osd-pg-recovery;P0;runtime/source;deep;"Triage owner 01: Crimson OSD or object store; inspect endpoint hunk before binary impact verdict.";;trivial;;"T01-crimson-ec-stub: ECBackend declarations match new PGBackend interruptible/split-future API; request_committed is a no-op and no EC implementation is added in this endpoint hunk."
1900;v16.2.15;v17.2.7;src/crimson/osd/heartbeat.cc;;M;M;27;17;FALSE;100644;100644;81ec06ecd5de5421d9237a78fd01657912650b17;4073f80ae3cf4b4a47c6540355727fe341ecd6c2;01;01-osd-pg-recovery;P0;runtime/source;deep;"Triage owner 01: Crimson OSD or object store; inspect endpoint hunk before binary impact verdict.";;affect;OSD-050;"OSD-050: Heartbeat startup switches from try_bind to bind with configured retries and delay; heartbeat messenger getters let OSD::_send_boot replace blank advertised front/back IPs with learned public/cluster addresses."
1901;v16.2.15;v17.2.7;src/crimson/osd/heartbeat.h;;M;M;3;1;FALSE;100644;100644;4947e871ff5adbd582279250abb1cf7beb536500;655581b9973603c7c847068a7d2d003b8ed7fb10;01;01-osd-pg-recovery;P0;runtime/source;deep;"Triage owner 01: Crimson OSD or object store; inspect endpoint hunk before binary impact verdict.";;affect;OSD-050;"OSD-050: Heartbeat exposes front/back messenger references to OSD::_send_boot for blank-IP replacement; connection send ownership also changes to MessageURef."
1902;v16.2.15;v17.2.7;src/crimson/osd/main.cc;;M;M;225;84;FALSE;100644;100644;a90903e72271ef19972e14d5e917854ba1b1feb4;a7afaee66a3301510356abe213964f95b76aaff9;01;01-osd-pg-recovery;P0;runtime/source;deep;"Triage owner 01: Crimson OSD or object store; inspect endpoint hunk before binary impact verdict.";;affect;OSD-092;OSD-092: Crimson startup now parses environment/CEPH_ARGS, optionally fetches MON config, defaults to one Seastar core, creates store before OSD start, and changes stop/signal lifecycle.
1903;v16.2.15;v17.2.7;src/crimson/osd/objclass.cc;;M;M;50;5;FALSE;100644;100644;bc3284e26612603d49f4b1bc90e2b696f95bce82;f0f6d001d8fe49b682e33dce4bb8fbd386029b86;01;01-osd-pg-recovery;P0;runtime/source;deep;"Triage owner 01: Crimson OSD or object store; inspect endpoint hunk before binary impact verdict.";;affect;OSD-093;OSD-093: Crimson object-class helpers implement STAT, GETXATTRS, OMAPCLEAR, OMAPRMKEYS and current version previously stubbed, changing class method results.
1904;v16.2.15;v17.2.7;src/crimson/osd/object_context.cc;;M;M;6;0;FALSE;100644;100644;bbc71d3f9a439b412a16a73fce89b84d1aec6682;5ecc184f31fabf25234ceb6366f3e6b7f419288b;01;01-osd-pg-recovery;P0;runtime/source;deep;"Triage owner 01: Crimson OSD or object store; inspect endpoint hunk before binary impact verdict.";;affect;OSD-034;OSD-034: ObjectContextRegistry destructor drains LRU cache to release context references on shutdown.
1905;v16.2.15;v17.2.7;src/crimson/osd/object_context.h;;M;M;90;28;FALSE;100644;100644;be238851e6a92a4dc53b4145bafd94bfc5055701;d5165dc23e814b93a94d11875a8b418d6d5865f0;01;01-osd-pg-recovery;P0;runtime/source;deep;"Triage owner 01: Crimson OSD or object store; inspect endpoint hunk before binary impact verdict.";;affect;OSD-034;"OSD-034: ObjectContext gains interruptible lock wrappers, intrusive list tracking and head accessors; used by PG object load path."
1906;v16.2.15;v17.2.7;src/crimson/osd/ops_executer.cc;;M;M;157;88;FALSE;100644;100644;6b6614e93d8841cb28c88012107db9850620e740;17388d119a069951133a61ebb7908f644df56146;01;01-osd-pg-recovery;P0;runtime/source;deep;"Triage owner 01: Crimson OSD or object store; inspect endpoint hunk before binary impact verdict.";;affect;"OSD-038;OSD-044;OSD-049";"OSD-038;OSD-044;OSD-049: OpsExecuter dispatches new CMPXATTR, OMAPRMKEYS and LIST_WATCHERS operations, passes delta_stats into PGBackend and connects watch effects to the owning PG."
1907;v16.2.15;v17.2.7;src/crimson/osd/ops_executer.h;;M;M;240;94;FALSE;100644;100644;42fcf61b8003d67a219dc83b91240d1845e9bb7d;025b040ff7e4096306adcd7528c9f741b69fa77d;01;01-osd-pg-recovery;P0;runtime/source;deep;"Triage owner 01: Crimson OSD or object store; inspect endpoint hunk before binary impact verdict.";;affect;"OSD-035;OSD-036;OSD-038;OSD-044;OSD-045;OSD-047";"OSD-035;OSD-036;OSD-038;OSD-044;OSD-045;OSD-047: OpsExecuter supports internal request message parameters, per-op stats, interruptible futures and lifetime/rollback handling across submitted and completed transactions."
1908;v16.2.15;v17.2.7;src/crimson/osd/osd.cc;;M;M;211;106;FALSE;100644;100644;de1e31a150d2b1b372ba2eaac703f21a2ba2715d;3cbdb4120db4e5685aee6283df076c3bf730da15;01;01-osd-pg-recovery;P0;runtime/source;deep;"Triage owner 01: Crimson OSD or object store; inspect endpoint hunk before binary impact verdict.";;affect;OSD-092;OSD-092: Crimson mkfs now writes magic/osd_key/ready metadata, startup picks v2 addresses and changes bind/boot advertisement, with changed logging and shutdown behavior.
1909;v16.2.15;v17.2.7;src/crimson/osd/osd.h;;M;M;19;10;FALSE;100644;100644;889960ced8d9681aa533b0d189bf097eb18c5a46;7970d8c9fe38a2605a3d34a50dd13cf11a2a381c;01;01-osd-pg-recovery;P0;runtime/source;deep;"Triage owner 01: Crimson OSD or object store; inspect endpoint hunk before binary impact verdict.";;affect;OSD-092;OSD-092: Crimson OSD fields and API carry externally created store, boot/bind epochs and log client used by changed mkfs/start/boot lifecycle.
1910;v16.2.15;v17.2.7;src/crimson/osd/osd_connection_priv.h;;M;M;2;0;FALSE;100644;100644;a265bb43268cfbed8522c5e7d7009d804dfb7523;b70c2e1259d99a17fe38d417a91699ca494bedf3;01;01-osd-pg-recovery;P0;runtime/source;deep;"Triage owner 01: Crimson OSD or object store; inspect endpoint hunk before binary impact verdict.";;affect;OSD-035;OSD-035: Adds per-connection, per-PG OpSequencers for client request replay.
1911;v16.2.15;v17.2.7;src/crimson/osd/osd_meta.cc;;M;M;6;5;FALSE;100644;100644;9b9215f5b61660839aa1f9ff99fe48aceafea665;eeea9b57280eb4ddb18070c1987bba9bee393164;01;01-osd-pg-recovery;P0;runtime/source;deep;"Triage owner 01: Crimson OSD or object store; inspect endpoint hunk before binary impact verdict.";;trivial;;"T01-crimson-meta: OSDMeta calls the same read operations with store. rather than store-> after a non-null reference refactor; keys, errors and decoded metadata are unchanged."
1912;v16.2.15;v17.2.7;src/crimson/osd/osd_meta.h;;M;M;2;2;FALSE;100644;100644;84157208754d192f490b9f7ede85f9a1fd91140c;df1444180885184cfd740952753caa5b38530508;01;01-osd-pg-recovery;P0;runtime/source;deep;"Triage owner 01: Crimson OSD or object store; inspect endpoint hunk before binary impact verdict.";;trivial;;"T01-crimson-meta: FuturizedStore member and constructor parameter change from pointer to reference only; no on-disk or wire format hunk."
1913;v16.2.15;v17.2.7;src/crimson/osd/osd_operation.cc;;M;M;0;83;FALSE;100644;100644;b5f3c3cbbc846e9945bf8ec6e5fa36e19205e18e;0ab3c2cf74d1442345635cb6ba2281740d76a49c;01;01-osd-pg-recovery;P0;runtime/source;deep;"Triage owner 01: Crimson OSD or object store; inspect endpoint hunk before binary impact verdict.";;affect;OSD-035;"OSD-035: Moves operation/pipeline implementation to common layer; generic pipeline replaces the old ordered phase API."
1914;v16.2.15;v17.2.7;src/crimson/osd/osd_operation.h;;M;M;19;299;FALSE;100644;100644;5178749b0ddabb382e2a8c2d2733974f3a8f799e;60039850ef7ccddf2b2455fc79b193a849868cbb;01;01-osd-pg-recovery;P0;runtime/source;deep;"Triage owner 01: Crimson OSD or object store; inspect endpoint hunk before binary impact verdict.";;affect;OSD-035;OSD-035: OperationT inherits interruptible operation and the old ordered phase is replaced by generic pipeline types.
1915;v16.2.15;v17.2.7;src/crimson/osd/osd_operation_sequencer.h;;A;A;216;0;FALSE;000000;100644;0000000000000000000000000000000000000000;dd89f2d4223fc9428fba1f56502432f444a00113;01;01-osd-pg-recovery;P0;runtime/source;deep;"Triage owner 01: Crimson OSD or object store; inspect endpoint hunk before binary impact verdict.";;affect;OSD-035;OSD-035: New sequencing gate preserves same-session same-PG order across interval resets and aborts blocked requests on primary loss.
1916;v16.2.15;v17.2.7;src/crimson/osd/osd_operations/background_recovery.cc;;M;M;45;23;FALSE;100644;100644;126e0e9029bff76262192d42f87163bb2ddeab30;c47a39aae3c694d5bf0f0e56f1166c74b4763c80;01;01-osd-pg-recovery;P0;runtime/source;deep;"Triage owner 01: Crimson OSD or object store; inspect endpoint hunk before binary impact verdict.";;affect;OSD-039;OSD-039: Recovery may delay before throttle acquisition and now runs with PG interval/shutdown interruption.
1917;v16.2.15;v17.2.7;src/crimson/osd/osd_operations/background_recovery.h;;M;M;10;8;FALSE;100644;100644;37e46c588a84da3f26ef1de3601e511c1f0162ba;c24f60c440421f3b3dc17fb64552fa26c8d78369;01;01-osd-pg-recovery;P0;runtime/source;deep;"Triage owner 01: Crimson OSD or object store; inspect endpoint hunk before binary impact verdict.";;affect;OSD-039;OSD-039: Adds recovery delay and interruptible future to urgent, PG-log and backfill operations.
1918;v16.2.15;v17.2.7;src/crimson/osd/osd_operations/client_request.cc;;M;M;178;100;FALSE;100644;100644;87b8fc788e35240b1a6b0068f80eb0d6a222c9c8;66cd414ffc81a76ebc2438246f4c109622415627;01;01-osd-pg-recovery;P0;runtime/source;deep;"Triage owner 01: Crimson OSD or object store; inspect endpoint hunk before binary impact verdict.";;affect;OSD-035;"OSD-035: Client requests use interruptible pipeline, per-PG sequencer and split submitted/completed futures; replay/abort behavior changes."
1919;v16.2.15;v17.2.7;src/crimson/osd/osd_operations/client_request.h;;M;M;42;18;FALSE;100644;100644;ea3124a93e532d0e2e1d86c27b683ab137990fa3;d695e2c3ee9d2fba8fa633ff20998d547b39840b;01;01-osd-pg-recovery;P0;runtime/source;deep;"Triage owner 01: Crimson OSD or object store; inspect endpoint hunk before binary impact verdict.";;affect;OSD-035;OSD-035: Client request pipeline gains concurrent wait_repop and ordered send_reply phases plus sequencing state.
1920;v16.2.15;v17.2.7;src/crimson/osd/osd_operations/client_request_common.cc;;A;A;62;0;FALSE;000000;100644;0000000000000000000000000000000000000000;90916e4235990f05fc2df905073f3afc59b87938;01;01-osd-pg-recovery;P0;runtime/source;deep;"Triage owner 01: Crimson OSD or object store; inspect endpoint hunk before binary impact verdict.";;affect;OSD-035;OSD-035: Shared request path starts urgent recovery for missing objects and decides retry/abort for acting-set or shutdown exceptions.
1921;v16.2.15;v17.2.7;src/crimson/osd/osd_operations/client_request_common.h;;A;A;20;0;FALSE;000000;100644;0000000000000000000000000000000000000000;6a8a789668c180aee619440b53c6a18bc24de953;01;01-osd-pg-recovery;P0;runtime/source;deep;"Triage owner 01: Crimson OSD or object store; inspect endpoint hunk before binary impact verdict.";;affect;OSD-035;OSD-035: Declares shared recover-missing and retry/abort decision used by client and internal requests.
1922;v16.2.15;v17.2.7;src/crimson/osd/osd_operations/common/pg_pipeline.h;;A;A;29;0;FALSE;000000;100644;0000000000000000000000000000000000000000;ed9ab25cc48afc8f43fd4858ef2499d47a92df39;01;01-osd-pg-recovery;P0;runtime/source;deep;"Triage owner 01: Crimson OSD or object store; inspect endpoint hunk before binary impact verdict.";;affect;OSD-035;OSD-035: Introduces shared exclusive PG stages used by external and internal client requests.
1923;v16.2.15;v17.2.7;src/crimson/osd/osd_operations/compound_peering_request.cc;;M;M;9;8;FALSE;100644;100644;e55760096e4e82ff2dbf543736908218f113515f;42e827600b2fc71ccfc36b5ee1b51e6a35f77c91;01;01-osd-pg-recovery;P0;runtime/source;deep;"Triage owner 01: Crimson OSD or object store; inspect endpoint hunk before binary impact verdict.";;affect;OSD-094;OSD-094: Crimson compound peering sub-event completion becomes interruptible while buffering recovery messages under the target PeeringState API.
1924;v16.2.15;v17.2.7;src/crimson/osd/osd_operations/internal_client_request.cc;;A;A;117;0;FALSE;000000;100644;0000000000000000000000000000000000000000;b4b61ea66f67d587f866a6dad300445dde3c71b9;01;01-osd-pg-recovery;P0;runtime/source;deep;"Triage owner 01: Crimson OSD or object store; inspect endpoint hunk before binary impact verdict.";;affect;OSD-036;OSD-036: New internal request executes OSD ops through PG active/recovery/object-lock pipeline with interruption/retry.
1925;v16.2.15;v17.2.7;src/crimson/osd/osd_operations/internal_client_request.h;;A;A;49;0;FALSE;000000;100644;0000000000000000000000000000000000000000;b468b3d15cf1f1443763ff9577116901c1f03ec3;01;01-osd-pg-recovery;P0;runtime/source;deep;"Triage owner 01: Crimson OSD or object store; inspect endpoint hunk before binary impact verdict.";;affect;OSD-036;OSD-036: Defines internal OSD request abstraction used by WatchTimeoutRequest.
1926;v16.2.15;v17.2.7;src/crimson/osd/osd_operations/osdop_params.h;;M;M;2;7;FALSE;100644;100644;a0bd9dcbb3543bde6b71a31ede4fb98d8e910248;c7b81e765d9d764bb7ee741acab1634b6adbc5f2;01;01-osd-pg-recovery;P0;runtime/source;deep;"Triage owner 01: Crimson OSD or object store; inspect endpoint hunk before binary impact verdict.";;affect;OSD-035;"OSD-035: Operation parameters carry req_id/mtime instead of retaining MOSDOp reference; metadata lifetime changes with request path."
1927;v16.2.15;v17.2.7;src/crimson/osd/osd_operations/peering_event.cc;;M;M;66;35;FALSE;100644;100644;d3c6ccf817f822b993aa34c089b7a91a95833621;a43fb8d2c3ed5550fd440c66d85af6f3dabf51e2;01;01-osd-pg-recovery;P0;runtime/source;deep;"Triage owner 01: Crimson OSD or object store; inspect endpoint hunk before binary impact verdict.";;affect;OSD-037;"OSD-037: Peering event uses interruptible stages; remote event waits for OSD ACTIVE before PG lookup/message dispatch."
1928;v16.2.15;v17.2.7;src/crimson/osd/osd_operations/peering_event.h;;M;M;16;9;FALSE;100644;100644;3a6c0678c46ac752cf8e2443a397be72bcb4b4d5;d9b9d2db53a1e818a37b98a72dc0faff74eebd8a;01;01-osd-pg-recovery;P0;runtime/source;deep;"Triage owner 01: Crimson OSD or object store; inspect endpoint hunk before binary impact verdict.";;affect;OSD-037;OSD-037: Peering pipeline gains await_active stage and interruptible completion path.
1929;v16.2.15;v17.2.7;src/crimson/osd/osd_operations/pg_advance_map.h;;M;M;1;1;FALSE;100644;100644;1b27037eb413ffedca16fdb4c98ff4c555b34907;f19c8631ede90c2de863a729796fa06423131abf;01;01-osd-pg-recovery;P0;runtime/source;deep;"Triage owner 01: Crimson OSD or object store; inspect endpoint hunk before binary impact verdict.";;trivial;;"T01-crimson-meta: Only replaces the handle type with generic PipelineHandle; PGAdvanceMap stages and control flow are unchanged in this hunk; pipeline behavior is tracked in OSD-035."
1930;v16.2.15;v17.2.7;src/crimson/osd/osd_operations/recovery_subrequest.cc;;M;M;8;5;FALSE;100644;100644;820c7beabc23a248ac3d67a515d426f705cb145f;df003f7e6b63e5be74064a77e4c70a23784f73b1;01;01-osd-pg-recovery;P0;runtime/source;deep;"Triage owner 01: Crimson OSD or object store; inspect endpoint hunk before binary impact verdict.";;affect;OSD-039;OSD-039: Inbound recovery subrequest is wrapped in PG interruption and stops when interval/shutdown invalidates it.
1931;v16.2.15;v17.2.7;src/crimson/osd/osd_operations/recovery_subrequest.h;;M;M;1;5;FALSE;100644;100644;b151e5c1dda688bd5ed9dbcc02ade8eabe20b63c;3127f10bde13ada2fc675342c4f6fe38bc38a63b;01;01-osd-pg-recovery;P0;runtime/source;deep;"Triage owner 01: Crimson OSD or object store; inspect endpoint hunk before binary impact verdict.";;trivial;;"T01-crimson-meta: Header dependency switches from specific PG message includes to MOSDFastDispatchOp; no declaration or request logic changes in this file."
1932;v16.2.15;v17.2.7;src/crimson/osd/osd_operations/replicated_request.cc;;M;M;12;9;FALSE;100644;100644;34487f9e458ed8e590dd4ab2210a6ee9676294c7;254f76103b83e0ce472edb2cfddf36ee4ba9ad47;01;01-osd-pg-recovery;P0;runtime/source;deep;"Triage owner 01: Crimson OSD or object store; inspect endpoint hunk before binary impact verdict.";;affect;OSD-039;OSD-039: Replica write request handling is interrupted when PG interval changes or shutdown begins.
1933;v16.2.15;v17.2.7;src/crimson/osd/osd_operations/replicated_request.h;;M;M;5;5;FALSE;100644;100644;8e9cfc9fe41893563ad12a0d35746f49c6395c24;17e9e537944761ec40da12c4e37f4dcba750b1d8;01;01-osd-pg-recovery;P0;runtime/source;deep;"Triage owner 01: Crimson OSD or object store; inspect endpoint hunk before binary impact verdict.";;affect;OSD-039;OSD-039: Replica request stages use the new exclusive pipeline and handle type used by interruptible work.
1934;v16.2.15;v17.2.7;src/crimson/osd/osdmap_gate.cc;;M;M;1;1;FALSE;100644;100644;90afc32b4e4044cdd110b0e97dcca4ab63181018;4add9388d81ac621c30fece71c1fd3554c0cf72f;01;01-osd-pg-recovery;P0;runtime/source;deep;"Triage owner 01: Crimson OSD or object store; inspect endpoint hunk before binary impact verdict.";;trivial;;"T01-crimson: Qualifies existing make_pair call with std::; same pair and epoch gate are used."
1935;v16.2.15;v17.2.7;src/crimson/osd/pg.cc;;M;M;365;223;FALSE;100644;100644;0f01c160783d280851bd25ee6bb69be22486345e;7fd940f1e76a5733b1fab1a48e4e2f8bd123a601;01;01-osd-pg-recovery;P0;runtime/source;deep;"Triage owner 01: Crimson OSD or object store; inspect endpoint hunk before binary impact verdict.";;affect;"OSD-034;OSD-037;OSD-039;OSD-044;OSD-045;OSD-047;OSD-048";"OSD-034;OSD-037;OSD-039;OSD-044;OSD-045;OSD-047;OSD-048: PG now publishes retained stats, splits transaction submit/commit, repairs corrupted objects then retries, interrupts ObjectContext access on interval change, rejects peering events with stale sent epochs, and cancels reservations/timers on stop."
1936;v16.2.15;v17.2.7;src/crimson/osd/pg.h;;M;M;171;65;FALSE;100644;100644;ed5abd356639468e8e511d562ab6834effb179cc;d3acec59032ae325d3af800c9f5334465ddade36;01;01-osd-pg-recovery;P0;runtime/source;deep;"Triage owner 01: Crimson OSD or object store; inspect endpoint hunk before binary impact verdict.";;affect;"OSD-034;OSD-037;OSD-044;OSD-045;OSD-047;OSD-048";"OSD-034;OSD-037;OSD-044;OSD-045;OSD-047;OSD-048: PG API stores published stats, exposes interruptible object access and duplicate-request completion, declares repair_object, stale-event guards and shutdown coordination."
1937;v16.2.15;v17.2.7;src/crimson/osd/pg_backend.cc;;M;M;360;152;FALSE;100644;100644;38dbdbf41db8aab994561b405133bbdb90a81e41;e45b935bb323f2adf837f5091440839a9f4494f0;01;01-osd-pg-recovery;P0;runtime/source;deep;"Triage owner 01: Crimson OSD or object store; inspect endpoint hunk before binary impact verdict.";;affect;"OSD-043;OSD-044";"OSD-043;OSD-044: Crimson OI_ATTR writes sentinel OID and restores it on load; PGBackend also adds delta_stats, OMAPRMKEYS, cmpxattr and EIO-to-object_corrupted paths."
1938;v16.2.15;v17.2.7;src/crimson/osd/pg_backend.h;;M;M;167;58;FALSE;100644;100644;d8fa8b2ac836e36172fbb612a579e3f55a4f7238;1d7e6219ee5bfb4612382e213c0941dec06796a1;01;01-osd-pg-recovery;P0;runtime/source;deep;"Triage owner 01: Crimson OSD or object store; inspect endpoint hunk before binary impact verdict.";;affect;"OSD-044;OSD-045";"OSD-044;OSD-045: PG backend API carries interruptible futures, delta_stats and separate submit/completion futures for replica commit."
1939;v16.2.15;v17.2.7;src/crimson/osd/pg_interval_interrupt_condition.cc;;A;A;38;0;FALSE;000000;100644;0000000000000000000000000000000000000000;b7b6af981a268ec973d7087db0e78baef5298132;01;01-osd-pg-recovery;P0;runtime/source;deep;"Triage owner 01: Crimson OSD or object store; inspect endpoint hunk before binary impact verdict.";;affect;OSD-037;OSD-037: Captures PG epoch and detects interval creation, stopping and primary state to interrupt in-flight work.
1940;v16.2.15;v17.2.7;src/crimson/osd/pg_interval_interrupt_condition.h;;A;A;56;0;FALSE;000000;100644;0000000000000000000000000000000000000000;a59e479638ca754dee6b0a8f3980325a53c8501d;01;01-osd-pg-recovery;P0;runtime/source;deep;"Triage owner 01: Crimson OSD or object store; inspect endpoint hunk before binary impact verdict.";;affect;OSD-037;OSD-037: Defines acting-set-changed and system-shutdown interruption results for PG work.
1941;v16.2.15;v17.2.7;src/crimson/osd/pg_map.cc;;M;M;2;0;FALSE;100644;100644;08071f2604fecc37176997e42ab59e8a050e0c8d;6a542aeba1dd94e943930f72e2fe6534efce7f5e;01;01-osd-pg-recovery;P0;runtime/source;deep;"Triage owner 01: Crimson OSD or object store; inspect endpoint hunk before binary impact verdict.";;trivial;;"T01-crimson: Only adds std::make_pair using declaration; no changed expression or PG map operation."
1942;v16.2.15;v17.2.7;src/crimson/osd/pg_meta.cc;;M;M;15;13;FALSE;100644;100644;ad538596355cbd9c7add3b30777c3b8203f09430;a0b9b37d6035d2fe1f7ed852aca85e6cdae80e43;01;01-osd-pg-recovery;P0;runtime/source;deep;"Triage owner 01: Crimson OSD or object store; inspect endpoint hunk before binary impact verdict.";;trivial;;"T01-crimson-meta: PGMeta uses the same collection and omap keys through a store reference; read/decode logic is unchanged."
1943;v16.2.15;v17.2.7;src/crimson/osd/pg_meta.h;;M;M;2;2;FALSE;100644;100644;e0aa02716917b93dfbef1e258b4c61c0e5e750a8;3b1ab92c3878a95803295b8e64701bc6f659a8a3;01;01-osd-pg-recovery;P0;runtime/source;deep;"Triage owner 01: Crimson OSD or object store; inspect endpoint hunk before binary impact verdict.";;trivial;;"T01-crimson-meta: FuturizedStore member and constructor parameter change from pointer to reference only; no persisted metadata hunk."
1944;v16.2.15;v17.2.7;src/crimson/osd/pg_recovery.cc;;M;M;42;26;FALSE;100644;100644;7d70b5e8ffbfd15fca876ec35d80422e67fdc7e3;f4a4058dc908e44b4304eccc7709406c9e3203ce;01;01-osd-pg-recovery;P0;runtime/source;deep;"Triage owner 01: Crimson OSD or object store; inspect endpoint hunk before binary impact verdict.";;affect;"OSD-039;OSD-041";"OSD-039;OSD-041: PG-log recovery gets a small delay and interruptible waiters; on_local_recover now aborts on unsupported LOST_REVERT branch."
1945;v16.2.15;v17.2.7;src/crimson/osd/pg_recovery.h;;M;M;13;8;FALSE;100644;100644;86f259de5423499ea84259c20351b6bafe82e987;cdb07cc5c3945035f239c0858980a533fecdc149;01;01-osd-pg-recovery;P0;runtime/source;deep;"Triage owner 01: Crimson OSD or object store; inspect endpoint hunk before binary impact verdict.";;affect;OSD-039;OSD-039: Recovery waiters, push/delete vectors and backfill messages use interruptible futures and unique message ownership.
1946;v16.2.15;v17.2.7;src/crimson/osd/recovery_backend.cc;;M;M;43;22;FALSE;100644;100644;aeec0d14be93821723c9d434e3e9078d85557384;04c9034a52c181854fbac86d9de39a1e9dc9bc6a;01;01-osd-pg-recovery;P0;runtime/source;deep;"Triage owner 01: Crimson OSD or object store; inspect endpoint hunk before binary impact verdict.";;affect;"OSD-039;OSD-040";"OSD-039;OSD-040: Recovery/scan becomes interruptible; stale backfill/scan and removable replica messages are discarded before processing."
1947;v16.2.15;v17.2.7;src/crimson/osd/recovery_backend.h;;M;M;33;24;FALSE;100644;100644;cb0ae9f20565f15828c6284fb4209d20d6a7f644;eb621487a18a6f4412751bb0b98e44f8df738444;01;01-osd-pg-recovery;P0;runtime/source;deep;"Triage owner 01: Crimson OSD or object store; inspect endpoint hunk before binary impact verdict.";;affect;OSD-039;OSD-039: Recovery backend API and wait-for-object blocker use PG interval interruption.
1948;v16.2.15;v17.2.7;src/crimson/osd/replicated_backend.cc;;M;M;80;43;FALSE;100644;100644;3a131278b0c37708f25576fd32ea6a0ee77c3574;7cc0a6c8eb5ae5570c00cf2b20566b804dfc1f46;01;01-osd-pg-recovery;P0;runtime/source;deep;"Triage owner 01: Crimson OSD or object store; inspect endpoint hunk before binary impact verdict.";;affect;OSD-045;"OSD-045: Replicated transaction returns submitted/completed futures; pending version and shared commit promise support duplicate-request ACK after commit."
1949;v16.2.15;v17.2.7;src/crimson/osd/replicated_backend.h;;M;M;21;14;FALSE;100644;100644;01c0bba6490ef13ec88f31aa980b26938bd400a4;b768fed717b7db1534320ec41e94d5e78e161538;01;01-osd-pg-recovery;P0;runtime/source;deep;"Triage owner 01: Crimson OSD or object store; inspect endpoint hunk before binary impact verdict.";;affect;OSD-045;"OSD-045: Pending transaction stores at_version and shared_promise; request_committed waits for earlier in-flight commit."
1950;v16.2.15;v17.2.7;src/crimson/osd/replicated_recovery_backend.cc;;M;M;301;236;FALSE;100644;100644;0812003bb311a2362bc19435be2d628264f83452;dae4c8ef853f85980faa674233f2ae3fb7b5f2f0;01;01-osd-pg-recovery;P0;runtime/source;deep;"Triage owner 01: Crimson OSD or object store; inspect endpoint hunk before binary impact verdict.";;affect;"OSD-043;OSD-046";"OSD-043;OSD-046: Recovery decodes sentinel-OID object_info, discards stale pull/push messages, uses dirty-region subsets without old feature gate and refactors push-target preparation."
1951;v16.2.15;v17.2.7;src/crimson/osd/replicated_recovery_backend.h;;M;M;49;32;FALSE;100644;100644;d99538a759b21be444fcc66ff8d7afa8742180cf;f35011a9d4550fccacbe7eacaa0d0823ff8f80a1;01;01-osd-pg-recovery;P0;runtime/source;deep;"Triage owner 01: Crimson OSD or object store; inspect endpoint hunk before binary impact verdict.";;affect;OSD-046;OSD-046: Recovery API changes to interruptible futures and separates push-target preparation for partial/complete recovery.
1952;v16.2.15;v17.2.7;src/crimson/osd/shard_services.cc;;M;M;17;16;FALSE;100644;100644;8c2cfc41543e2e4a329fedbcdb21bdd24be28c75;17192e65d76a85e618d3ce95231906d464ce4714;01;01-osd-pg-recovery;P0;runtime/source;deep;"Triage owner 01: Crimson OSD or object store; inspect endpoint hunk before binary impact verdict.";;affect;OSD-042;"OSD-042: Peering/recovery messages transfer unique ownership through send_to_osd and context dispatch; lifecycle is coordinated with registry."
1953;v16.2.15;v17.2.7;src/crimson/osd/shard_services.h;;M;M;14;7;FALSE;100644;100644;2957639c6347139c69aecdba27215e2db4848c1b;faacc196f374d6c898f7f910fb429377bb5ab3eb;01;01-osd-pg-recovery;P0;runtime/source;deep;"Triage owner 01: Crimson OSD or object store; inspect endpoint hunk before binary impact verdict.";;affect;OSD-042;OSD-042: start_operation retains operation until asynchronous start future completes, avoiding dangling request lifetime.
1954;v16.2.15;v17.2.7;src/crimson/osd/state.h;;M;M;11;0;FALSE;100644;100644;ba48cd36f12c86f1d7b038db5f94f20eb8b87f87;7413e58fa405a717a8433712b4c41fb886ea8ffd;01;01-osd-pg-recovery;P0;runtime/source;deep;"Triage owner 01: Crimson OSD or object store; inspect endpoint hunk before binary impact verdict.";;affect;OSD-033;"OSD-033: Crimson OSDState now shares a promise for when_active and fails waiting operations on stopping; peering_event calls the new gate."
1955;v16.2.15;v17.2.7;src/crimson/osd/watch.cc;;M;M;181;40;FALSE;100644;100644;a7a3311aa9b6c3a5321e247c524fc55aa131f96c;54112963287e8ad68ce6cc30af25c031d828cea2;01;01-osd-pg-recovery;P0;runtime/source;deep;"Triage owner 01: Crimson OSD or object store; inspect endpoint hunk before binary impact verdict.";;affect;OSD-038;OSD-038: Watch ping and notify timers now expire, issue internal UNWATCH, send timed-out completion and disconnect.
1956;v16.2.15;v17.2.7;src/crimson/osd/watch.h;;M;M;72;29;FALSE;100644;100644;6049e16cf4b5a2ab73fc4abd0d345f0f200e7d21;f32904cb1ffc72b2ac33bbc1c7f7d62e1cd77c57;01;01-osd-pg-recovery;P0;runtime/source;deep;"Triage owner 01: Crimson OSD or object store; inspect endpoint hunk before binary impact verdict.";;affect;OSD-038;OSD-038: Adds watch/notify timers and changes notify_reply_t encoding by removing DENC preamble.
1958;v16.2.15;v17.2.7;src/crimson/tools/store-nbd.cc;;D;D;0;621;FALSE;100644;000000;cdf853d15c1a3e3fe6f34215caea76d2bdd4214d;0000000000000000000000000000000000000000;01;01-osd-pg-recovery;P0;runtime/source;deep;"Triage owner 01: Crimson OSD or object store; inspect endpoint hunk before binary impact verdict.";;trivial;;"T01-crimson-nbd: endpoint restructures the separate crimson-store-nbd executable into block/FS/TM drivers for NBD+fio profiling; doc/dev/crimson/crimson.rst and tools/CMakeLists.txt show this is a standalone benchmark path, not an OSD daemon or selected upgrade/repair gate."
1959;v16.2.15;v17.2.7;src/crimson/tools/store_nbd/block_driver.cc;;A;A;19;0;FALSE;000000;100644;0000000000000000000000000000000000000000;10e77a34bc39d19a7b8cfde6f944bfc602711891;01;01-osd-pg-recovery;P0;runtime/source;deep;"Triage owner 01: Crimson OSD or object store; inspect endpoint hunk before binary impact verdict.";;trivial;;"T01-crimson-nbd: endpoint restructures the separate crimson-store-nbd executable into block/FS/TM drivers for NBD+fio profiling; doc/dev/crimson/crimson.rst and tools/CMakeLists.txt show this is a standalone benchmark path, not an OSD daemon or selected upgrade/repair gate."
1960;v16.2.15;v17.2.7;src/crimson/tools/store_nbd/block_driver.h;;A;A;134;0;FALSE;000000;100644;0000000000000000000000000000000000000000;ea3453ef3fd1c52b97cfe576edce0612d5742f3a;01;01-osd-pg-recovery;P0;runtime/source;deep;"Triage owner 01: Crimson OSD or object store; inspect endpoint hunk before binary impact verdict.";;trivial;;"T01-crimson-nbd: endpoint restructures the separate crimson-store-nbd executable into block/FS/TM drivers for NBD+fio profiling; doc/dev/crimson/crimson.rst and tools/CMakeLists.txt show this is a standalone benchmark path, not an OSD daemon or selected upgrade/repair gate."
1961;v16.2.15;v17.2.7;src/crimson/tools/store_nbd/fs_driver.cc;;A;A;317;0;FALSE;000000;100644;0000000000000000000000000000000000000000;ee0d4f6a05f8454565e2cf5c9765ba750faf168a;01;01-osd-pg-recovery;P0;runtime/source;deep;"Triage owner 01: Crimson OSD or object store; inspect endpoint hunk before binary impact verdict.";;trivial;;"T01-crimson-nbd: endpoint restructures the separate crimson-store-nbd executable into block/FS/TM drivers for NBD+fio profiling; doc/dev/crimson/crimson.rst and tools/CMakeLists.txt show this is a standalone benchmark path, not an OSD daemon or selected upgrade/repair gate."
1962;v16.2.15;v17.2.7;src/crimson/tools/store_nbd/fs_driver.h;;A;A;71;0;FALSE;000000;100644;0000000000000000000000000000000000000000;87af3dd129b5063139b4201201231f5e60063c18;01;01-osd-pg-recovery;P0;runtime/source;deep;"Triage owner 01: Crimson OSD or object store; inspect endpoint hunk before binary impact verdict.";;trivial;;"T01-crimson-nbd: endpoint restructures the separate crimson-store-nbd executable into block/FS/TM drivers for NBD+fio profiling; doc/dev/crimson/crimson.rst and tools/CMakeLists.txt show this is a standalone benchmark path, not an OSD daemon or selected upgrade/repair gate."
1963;v16.2.15;v17.2.7;src/crimson/tools/store_nbd/store-nbd.cc;;A;A;456;0;FALSE;000000;100644;0000000000000000000000000000000000000000;9f80c3b2cdcdc0b3926862002a4e13c522ddd972;01;01-osd-pg-recovery;P0;runtime/source;deep;"Triage owner 01: Crimson OSD or object store; inspect endpoint hunk before binary impact verdict.";;trivial;;"T01-crimson-nbd: endpoint restructures the separate crimson-store-nbd executable into block/FS/TM drivers for NBD+fio profiling; doc/dev/crimson/crimson.rst and tools/CMakeLists.txt show this is a standalone benchmark path, not an OSD daemon or selected upgrade/repair gate."
1964;v16.2.15;v17.2.7;src/crimson/tools/store_nbd/tm_driver.cc;;A;A;250;0;FALSE;000000;100644;0000000000000000000000000000000000000000;19cbd56e5e62962d3566e4eab3d7c5beeaac4868;01;01-osd-pg-recovery;P0;runtime/source;deep;"Triage owner 01: Crimson OSD or object store; inspect endpoint hunk before binary impact verdict.";;trivial;;"T01-crimson-nbd: endpoint restructures the separate crimson-store-nbd executable into block/FS/TM drivers for NBD+fio profiling; doc/dev/crimson/crimson.rst and tools/CMakeLists.txt show this is a standalone benchmark path, not an OSD daemon or selected upgrade/repair gate."
1965;v16.2.15;v17.2.7;src/crimson/tools/store_nbd/tm_driver.h;;A;A;58;0;FALSE;000000;100644;0000000000000000000000000000000000000000;c0e1fc480468c4339c2629ec6b76f8130be254ec;01;01-osd-pg-recovery;P0;runtime/source;deep;"Triage owner 01: Crimson OSD or object store; inspect endpoint hunk before binary impact verdict.";;trivial;;"T01-crimson-nbd: endpoint restructures the separate crimson-store-nbd executable into block/FS/TM drivers for NBD+fio profiling; doc/dev/crimson/crimson.rst and tools/CMakeLists.txt show this is a standalone benchmark path, not an OSD daemon or selected upgrade/repair gate."
1988;v16.2.15;v17.2.7;src/erasure-code/ErasureCode.cc;;M;M;0;1;FALSE;100644;100644;0cebf9a98022f865b22b08942630571cd74c1227;5212baee25187072512da7bd137ae640cf92bf96;01;01-osd-pg-recovery;P0;runtime/source;deep;"Triage owner 01: OSD, PG, recovery or data-path test; inspect endpoint hunk before binary impact verdict.";;affect;OSD-030;"OSD-030: EC rule creation no longer writes CRUSH rule mask max_size; deprecated mask removal is covered by MON-006."
1989;v16.2.15;v17.2.7;src/erasure-code/clay/ErasureCodeClay.cc;;M;M;0;2;FALSE;100644;100644;26854bce82b822d95cb37d1f954f06aa219c0b34;1e5a517dee8e9cff6942b9e4e7a842b26e284c66;01;01-osd-pg-recovery;P0;runtime/source;deep;"Triage owner 01: OSD, PG, recovery or data-path test; inspect endpoint hunk before binary impact verdict.";;trivial;;"T01-source: Removes plane_count local and increment; variable was never read in the repair loop."
1990;v16.2.15;v17.2.7;src/erasure-code/lrc/ErasureCodeLrc.cc;;M;M;5;6;FALSE;100644;100644;b44eec469efc00b45fb0aa2ac10fbb107c2f5d1c;bea861f1adee50b18d744ac0c8dfcb2f0b7ba89f;01;01-osd-pg-recovery;P0;runtime/source;deep;"Triage owner 01: OSD, PG, recovery or data-path test; inspect endpoint hunk before binary impact verdict.";;affect;OSD-030;"OSD-030: LRC rule allocation no longer checks ruleset or passes min/max; malformed profile now returns parse error before parsing crush-steps."
2296;v16.2.15;v17.2.7;src/messages/MOSDBoot.h;;M;M;2;26;FALSE;100644;100644;d40324f4ac15e6d08cdb9858d797e6e56e5e2dcd;f28a11c38c4060fbf16a41fd922d6d73f4a06789;01;01-osd-pg-recovery;P0;runtime/source;deep;"Triage owner 01: OSD/PG wire message; inspect endpoint hunk before binary impact verdict.";;affect;OSD-028;"OSD-028: Removes legacy OSD message encode/decode path or raises compatibility floor; inspect peer feature and header version in OSD-028."
2297;v16.2.15;v17.2.7;src/messages/MOSDFailure.h;;M;M;4;20;FALSE;100644;100644;72aa644ed6647f5d4441a3912f41b71d6e4a503a;508cc84d30373e75cdfec9893dd9f574ea56259f;01;01-osd-pg-recovery;P0;runtime/source;deep;"Triage owner 01: OSD/PG wire message; inspect endpoint hunk before binary impact verdict.";;affect;OSD-028;"OSD-028: Removes legacy OSD message encode/decode path or raises compatibility floor; inspect peer feature and header version in OSD-028."
2298;v16.2.15;v17.2.7;src/messages/MOSDMarkMeDown.h;;M;M;2;21;FALSE;100644;100644;44d57395fc9e2aaa0cbacbe6bfc7389fd206ea7b;88d618613d2a43da4f8eb71c33fece4e548ccc23;01;01-osd-pg-recovery;P0;runtime/source;deep;"Triage owner 01: OSD/PG wire message; inspect endpoint hunk before binary impact verdict.";;affect;OSD-028;"OSD-028: Removes legacy OSD message encode/decode path or raises compatibility floor; inspect peer feature and header version in OSD-028."
2299;v16.2.15;v17.2.7;src/messages/MOSDPGInfo.h;;M;M;2;22;FALSE;100644;100644;b742cd014d722ca84d7aa1b0706312f60041cab4;63ddc3e3ef8a6f1d3f44efc9e3c773aca09cb496;01;01-osd-pg-recovery;P0;runtime/source;deep;"Triage owner 01: OSD/PG wire message; inspect endpoint hunk before binary impact verdict.";;affect;OSD-028;"OSD-028: Removes legacy OSD message encode/decode path or raises compatibility floor; inspect peer feature and header version in OSD-028."
2300;v16.2.15;v17.2.7;src/messages/MOSDPGLog.h;;M;M;5;10;FALSE;100644;100644;fc3b9174d485d6902ce91f2061f3d4335e26f432;747e3b767b49a4da6e34c14edc4c230f894ddb09;01;01-osd-pg-recovery;P0;runtime/source;deep;"Triage owner 01: OSD/PG wire message; inspect endpoint hunk before binary impact verdict.";;affect;OSD-028;"OSD-028: Removes legacy OSD message encode/decode path or raises compatibility floor; inspect peer feature and header version in OSD-028."
2301;v16.2.15;v17.2.7;src/messages/MOSDPGNotify.h;;M;M;2;22;FALSE;100644;100644;a3b237c1a8b05b6b46c767cd6f160d88b9da7fc0;c7aef014a4f71b7bfcf25e9dcef5f1fe910029a0;01;01-osd-pg-recovery;P0;runtime/source;deep;"Triage owner 01: OSD/PG wire message; inspect endpoint hunk before binary impact verdict.";;affect;OSD-028;"OSD-028: Removes legacy OSD message encode/decode path or raises compatibility floor; inspect peer feature and header version in OSD-028."
2302;v16.2.15;v17.2.7;src/messages/MOSDPGScan.h;;M;M;2;6;FALSE;100644;100644;c80bb6efcb8cdc334d731271eaecac6fd9b220e5;be555e7c2fd61f1295eaa82f1d82dd29bd17c6c6;01;01-osd-pg-recovery;P0;runtime/source;deep;"Triage owner 01: OSD/PG wire message; inspect endpoint hunk before binary impact verdict.";;affect;OSD-028;"OSD-028: Removes legacy OSD message encode/decode path or raises compatibility floor; inspect peer feature and header version in OSD-028."
2303;v16.2.15;v17.2.7;src/messages/MOSDRepOp.h;;M;M;4;7;FALSE;100644;100644;5ecec0007e3f1e39116ed6a1c32350c388d9d548;ecfe3294d1c7398373e94625b22b318e8085423b;01;01-osd-pg-recovery;P0;runtime/source;deep;"Triage owner 01: OSD/PG wire message; inspect endpoint hunk before binary impact verdict.";;affect;OSD-028;"OSD-028: Removes legacy OSD message encode/decode path or raises compatibility floor; inspect peer feature and header version in OSD-028."
2304;v16.2.15;v17.2.7;src/messages/MOSDRepOpReply.h;;M;M;3;7;FALSE;100644;100644;8974b4b0fbf39805a50dca60dcf21121f2fa046e;d6229581a5161077030a6ca63aa7c5f3d58c0bd2;01;01-osd-pg-recovery;P0;runtime/source;deep;"Triage owner 01: OSD/PG wire message; inspect endpoint hunk before binary impact verdict.";;affect;OSD-028;"OSD-028: Removes legacy OSD message encode/decode path or raises compatibility floor; inspect peer feature and header version in OSD-028."
2305;v16.2.15;v17.2.7;src/messages/MRemoveSnaps.h;;M;M;2;0;FALSE;100644;100644;c0217f8322af904525a8d0c4d751f563bd41259a;a735b2a9d19f92e4de9d68d031affa57b37acc42;01;01-osd-pg-recovery;P0;runtime/source;deep;"Triage owner 01: OSD/PG wire message; inspect endpoint hunk before binary impact verdict.";;trivial;;"T01-source: Only grants Crimson make_message friendship for construction; no message payload, version or operator procedure changes in this hunk."
2432;v16.2.15;v17.2.7;src/os/FuseStore.cc;;M;M;2;1;FALSE;100644;100644;e06131ce33ce57b2d6fc91985dc0778748b8d3f8;a1a9aa6d007cd3996199bd165c0938b2fe6367ca;01;01-osd-pg-recovery;P0;runtime/source;deep;"Triage owner 01: OSD or object-store runtime; inspect endpoint hunk before binary impact verdict.";;trivial;;"T01-source: Changes string-keyed xattr map to transparent std::less<> comparator; ordering and FUSE operation are unchanged."
2433;v16.2.15;v17.2.7;src/os/ObjectStore.cc;;M;M;23;31;FALSE;100644;100644;dc606bd2cc7a79ebb7cd8b55ff1b6063d7a8bd50;f0c7029f4326b94aee2f3c35db2b5b2415bd0af1;01;01-osd-pg-recovery;P0;runtime/source;deep;"Triage owner 01: OSD or object-store runtime; inspect endpoint hunk before binary impact verdict.";;affect;OSD-029;"OSD-029: Factory returns unique_ptr; two/three-argument forms change Seastar MemStore/BlueStore support while classic factory retains FileStore and gated KStore."
2434;v16.2.15;v17.2.7;src/os/ObjectStore.h;;M;M;20;11;FALSE;100644;100644;bba8627f5f2ab2327afebb087d156b70aa6440ab;4c837b84d01074ff33ce8317aeff37e0a3b9cb82;01;01-osd-pg-recovery;P0;runtime/source;deep;"Triage owner 01: OSD or object-store runtime; inspect endpoint hunk before binary impact verdict.";;affect;"OSD-029;OSD-024";"OSD-029;OSD-024: Factory signatures and store ownership change; virtual fast-shutdown/null-manager hooks connect to OSD-024."
2435;v16.2.15;v17.2.7;src/os/Transaction.cc;;M;M;2;1;FALSE;100644;100644;af82da3406dd1b79e2ebf75da853e3d583973b40;f99b252205081904460faf1dd6db88e63e915e4e;01;01-osd-pg-recovery;P0;runtime/source;deep;"Triage owner 01: OSD or object-store runtime; inspect endpoint hunk before binary impact verdict.";;trivial;;"T01-source: Test-instance attribute map uses transparent std::less<>; same string keys and encoded values."
2436;v16.2.15;v17.2.7;src/os/Transaction.h;;M;M;12;8;FALSE;100644;100644;8ad164088a094b6996bca4dcb096c39a6f9440e7;f28a257fcefc8e4d39f8a068d0e6a4b246516c5b;01;01-osd-pg-recovery;P0;runtime/source;deep;"Triage owner 01: OSD or object-store runtime; inspect endpoint hunk before binary impact verdict.";;trivial;;"T01-source: Zero-initializes endian wrappers with literal zero and uses transparent string comparator; operation count, setattrs encoding and ordering stay the same."
2480;v16.2.15;v17.2.7;src/osd/ECBackend.cc;;M;M;36;23;FALSE;100644;100644;b13a99fbc9c575e8613e08213efbcdc5bbe469b8;dc4fa3d0558c626c7a298f6ca5e555a3bbed9f44;01;01-osd-pg-recovery;P0;runtime/source;deep;"Triage owner 01: OSD, PG, recovery or data-path test; inspect endpoint hunk before binary impact verdict.";;affect;OSD-009;OSD-009: EC recovery read completion now supplies queue cost 1 when rescheduled during an OSDMap change.
2481;v16.2.15;v17.2.7;src/osd/ECBackend.h;;M;M;5;5;FALSE;100644;100644;45495376a2914fb07bb0d156deb46fa33a28ae63;296c1202afa37aa57aea146773b2cc6e8bba38d0;01;01-osd-pg-recovery;P0;runtime/source;deep;"Triage owner 01: OSD, PG, recovery or data-path test; inspect endpoint hunk before binary impact verdict.";;trivial;;"T01-EC: EC attribute maps change std::less<string> to transparent std::less<> only; string ordering and encoded entries are unchanged."
2482;v16.2.15;v17.2.7;src/osd/ECMsgTypes.h;;M;M;1;1;FALSE;100644;100644;77b4222b28b3a3a3a56d4c723b894a28b053c418;bf10704125c01a93092bc19247c358887977adcd;01;01-osd-pg-recovery;P0;runtime/source;deep;"Triage owner 01: OSD, PG, recovery or data-path test; inspect endpoint hunk before binary impact verdict.";;trivial;;"T01-EC: Nested EC read-reply attribute map changes comparator to std::less<> only; key ordering and message fields are unchanged."
2483;v16.2.15;v17.2.7;src/osd/ECTransaction.cc;;M;M;2;1;FALSE;100644;100644;603f9af0ea329f6c43d454055de21fdb0e68bf96;d48b20d73f8369d79691bbc38d14b2e597468212;01;01-osd-pg-recovery;P0;runtime/source;deep;"Triage owner 01: OSD, PG, recovery or data-path test; inspect endpoint hunk before binary impact verdict.";;trivial;;"T01-EC: Local xattr map changes comparator to std::less<> only; key ordering and generated transaction entries are unchanged."
2484;v16.2.15;v17.2.7;src/osd/OSD.cc;;M;M;742;621;FALSE;100644;100644;d4d4ff0d517cc12b54a01f92b0a4f0d7f2068c5f;b6dc2a2b8b22e250a9cce50cc4caac179c4af208;01;01-osd-pg-recovery;P0;runtime/source;deep;"Triage owner 01: OSD, PG, recovery or data-path test; inspect endpoint hunk before binary impact verdict.";;affect;"OSD-001;OSD-024";"Changed OSDService queue cost and OSD QoS/recovery configuration branches execute when the new mClock scheduler is effective; recovery and scrub scheduling can differ during rollout. OSD-024: fast shutdown now drains queued work and umounts a null-manager store before exit."
2485;v16.2.15;v17.2.7;src/osd/OSD.h;;M;M;90;128;FALSE;100644;100644;2034ff6bed24fcaa9b5d8c09305f5861d1161308;45bceadeecfe14a347fe72b65feebb7a71657dc3;01;01-osd-pg-recovery;P0;runtime/source;deep;"Triage owner 01: OSD, PG, recovery or data-path test; inspect endpoint hunk before binary impact verdict.";;affect;"OSD-001;OSD-006;OSD-024";"OSD-001;OSD-006;OSD-024: OSD interfaces carry recovery cost/priority, ScrubQueue, and safe fast-shutdown state/entry point."
2489;v16.2.15;v17.2.7;src/osd/OpRequest.cc;;M;M;5;5;FALSE;100644;100644;e77ee2ca52ac7c0836142c9a297ac6245fa0d09c;6ab8aceb5ff5b1885f430ec0e04005654c99cf1e;01;01-osd-pg-recovery;P0;runtime/source;deep;"Triage owner 01: OSD, PG, recovery or data-path test; inspect endpoint hunk before binary impact verdict.";;affect;OSD-011;"OSD-011: OpRequest dump duration now measures interval since previous event; tracing span storage is unconditional instead of HAVE_JAEGER gated."
2490;v16.2.15;v17.2.7;src/osd/OpRequest.h;;M;M;2;15;FALSE;100644;100644;7391e3b15eb9c345157d22b9dfb3d85b182839ac;33d1089dafefe472de500153aa24801a6929d83c;01;01-osd-pg-recovery;P0;runtime/source;deep;"Triage owner 01: OSD, PG, recovery or data-path test; inspect endpoint hunk before binary impact verdict.";;affect;OSD-011;"OSD-011: OpRequest dump duration now measures interval since previous event; tracing span storage is unconditional instead of HAVE_JAEGER gated."
2491;v16.2.15;v17.2.7;src/osd/PG.cc;;M;M;121;76;FALSE;100644;100644;eb3b8b8f12d3d5569186ab91fa4418f3f4c8476e;fdcb815531ea79927d27c2ea3f321d07a79e3d6e;01;01-osd-pg-recovery;P0;runtime/source;deep;"Triage owner 01: OSD, PG, recovery or data-path test; inspect endpoint hunk before binary impact verdict.";;affect;OSD-012;"OSD-012: PG recovery queue cost uses average object size/priority; scrub excludes snaptrim PG and publishes schedule state."
2492;v16.2.15;v17.2.7;src/osd/PG.h;;M;M;114;33;FALSE;100644;100644;baf5b5a57b54745a375d019b5823acf27dbc1a63;05107bce99d33d728af22b5b8004e37e7e1b48e8;01;01-osd-pg-recovery;P0;runtime/source;deep;"Triage owner 01: OSD, PG, recovery or data-path test; inspect endpoint hunk before binary impact verdict.";;affect;OSD-012;OSD-012: PG interface and stats change for recovery cost and scrub scheduling/status publication.
2493;v16.2.15;v17.2.7;src/osd/PGBackend.cc;;M;M;4;3;FALSE;100644;100644;ef2eb538171601fb8569d6746ce34d2446c2d0e2;d79dc518809623c35f83574d9c6551f277800969;01;01-osd-pg-recovery;P0;runtime/source;deep;"Triage owner 01: OSD, PG, recovery or data-path test; inspect endpoint hunk before binary impact verdict.";;trivial;;"T01-support: Only scrub-store include relocation and std::less<> string-map comparator; attribute values and rollback writes stay the same."
2494;v16.2.15;v17.2.7;src/osd/PGBackend.h;;M;M;4;4;FALSE;100644;100644;12bdfc0d113b43be1d1ed44444c2cfdbc4298d0a;5e2c6f43499569812aa6a415009889ea041009dd;01;01-osd-pg-recovery;P0;runtime/source;deep;"Triage owner 01: OSD, PG, recovery or data-path test; inspect endpoint hunk before binary impact verdict.";;affect;OSD-018;OSD-018: PGBackend recovery work interface now carries scheduler cost, used by replicated and EC backends.
2495;v16.2.15;v17.2.7;src/osd/PGLog.cc;;M;M;5;0;FALSE;100644;100644;c881dbabe284925bab94548822744160e01e0e8c;ad6762b297341214550eac8aa4297e4d8ad532e0;01;01-osd-pg-recovery;P0;runtime/source;deep;"Triage owner 01: OSD, PG, recovery or data-path test; inspect endpoint hunk before binary impact verdict.";;affect;OSD-010;OSD-010: Replicated PG log load sets rollback_info_trimmed_to to last_update when no on-disk rollback key exists, avoiding replay from an empty marker.
2496;v16.2.15;v17.2.7;src/osd/PGLog.h;;M;M;5;0;FALSE;100644;100644;69ca1d20c740228cea8eafadc1429e3260dd2f47;5fe78e7845c23fbfeac112b22cf80069070dc7ed;01;01-osd-pg-recovery;P0;runtime/source;deep;"Triage owner 01: OSD, PG, recovery or data-path test; inspect endpoint hunk before binary impact verdict.";;affect;OSD-010;OSD-010: Replicated PG log load sets rollback_info_trimmed_to to last_update when no on-disk rollback key exists, avoiding replay from an empty marker.
2497;v16.2.15;v17.2.7;src/osd/PGTransaction.h;;M;M;4;4;FALSE;100644;100644;3b5b9e72cfa076bd29b7a8624ce8ddbbdbaebc2b;e6f57c90fa1ea62eef8049403c9357177f583ded;01;01-osd-pg-recovery;P0;runtime/source;deep;"Triage owner 01: OSD, PG, recovery or data-path test; inspect endpoint hunk before binary impact verdict.";;trivial;;"T01-support: setattrs changes string-map comparator and structured binding; iterates same ordered key/value pairs and rebuilds values as before."
2498;v16.2.15;v17.2.7;src/osd/PeeringState.cc;;M;M;129;211;FALSE;100644;100644;ab2e0f8cbc460b1f79bc3d4af934a3e695e4023f;f66983aab432de8b41847358a178ae6b8199c4f7;01;01-osd-pg-recovery;P0;runtime/source;deep;"Triage owner 01: OSD, PG, recovery or data-path test; inspect endpoint hunk before binary impact verdict.";;affect;"OSD-013;OSD-014";"OSD-013;OSD-014: Peering always emits v2 PG messages and asserts Octopus features; lease ack rechecks readability at expiry and recovery priorities distinguish PG states."
2499;v16.2.15;v17.2.7;src/osd/PeeringState.h;;M;M;85;23;FALSE;100644;100644;c28543a173a1e1b74027535bb2b2c4590c4bd8bd;c09653dd165d5891cead49707c1a898c52233c65;01;01-osd-pg-recovery;P0;runtime/source;deep;"Triage owner 01: OSD, PG, recovery or data-path test; inspect endpoint hunk before binary impact verdict.";;affect;"OSD-013;OSD-014";"OSD-013;OSD-014: Peering context removes legacy release selector and defines state-aware recovery priorities for mClock/WPQ."
2500;v16.2.15;v17.2.7;src/osd/PrimaryLogPG.cc;;M;M;685;317;FALSE;100644;100644;5af74e35695b737f5d3fc485679cade4055eb3be;f6b1d424a46ad76c9a5d9e10dd52b56e3e4dc3f5;01;01-osd-pg-recovery;P0;runtime/source;deep;"Triage owner 01: OSD, PG, recovery or data-path test; inspect endpoint hunk before binary impact verdict.";;affect;"OSD-015;OSD-016;OSD-017;OSD-019";"OSD-015;OSD-016;OSD-017;OSD-019: Pool EIO reply/drop semantics, manifest refcount/rollback handling, sparse-read truncation, numeric xattr parsing and object-class gather change."
2501;v16.2.15;v17.2.7;src/osd/PrimaryLogPG.h;;M;M;48;68;FALSE;100644;100644;f95c92fa0ff21b086273c42f6c16303a6c2b3ad5;3a8ef27d1b9a76f32eaa450b46f2615ac8131ab1;01;01-osd-pg-recovery;P0;runtime/source;deep;"Triage owner 01: OSD, PG, recovery or data-path test; inspect endpoint hunk before binary impact verdict.";;affect;"OSD-016;OSD-019";"OSD-016;OSD-019: Manifest/refcount, copy, rollback and object-class gather interfaces and state change with PrimaryLogPG implementation."
2502;v16.2.15;v17.2.7;src/osd/ReplicatedBackend.cc;;M;M;49;36;FALSE;100644;100644;1468764c399b4fc7a297e0a9ab52c10e3a468f6f;718f526c4ce76ea591094efa8851ed123a16cb0b;01;01-osd-pg-recovery;P0;runtime/source;deep;"Triage owner 01: OSD, PG, recovery or data-path test; inspect endpoint hunk before binary impact verdict.";;affect;OSD-018;"OSD-018: Pull completion queues recovery work with estimated push-byte cost; Octopus clean-region recovery path becomes unconditional."
2503;v16.2.15;v17.2.7;src/osd/ReplicatedBackend.h;;M;M;1;1;FALSE;100644;100644;f4b5063579a9e9237250774a1b545a14c8198a0f;b1cfe4dd2702bafef6d003db524bc4ef5d90d292;01;01-osd-pg-recovery;P0;runtime/source;deep;"Triage owner 01: OSD, PG, recovery or data-path test; inspect endpoint hunk before binary impact verdict.";;trivial;;"T01-PG: Only changes string-keyed attrs map comparator to std::less<>; key order and values remain unchanged."
2504;v16.2.15;v17.2.7;src/osd/SnapMapReaderI.h;;A;A;68;0;FALSE;000000;100644;0000000000000000000000000000000000000000;664e9bd4219b944bfd00fec61a0192979047af83;01;01-osd-pg-recovery;P0;runtime/source;deep;"Triage owner 01: OSD, PG, recovery or data-path test; inspect endpoint hunk before binary impact verdict.";;affect;OSD-008;OSD-008: SnapMapper fixes conversion of legacy keys and adds scrub consistency checks for object-to-snap and snap-to-object mappings.
2505;v16.2.15;v17.2.7;src/osd/SnapMapper.cc;;M;M;181;52;FALSE;100644;100644;804213b1f264461d6830a7f0ed2681868dc3a579;4feabcda4590ca30e39cd40097f25de5ce9906d8;01;01-osd-pg-recovery;P0;runtime/source;deep;"Triage owner 01: OSD, PG, recovery or data-path test; inspect endpoint hunk before binary impact verdict.";;affect;OSD-008;OSD-008: SnapMapper fixes conversion of legacy keys and adds scrub consistency checks for object-to-snap and snap-to-object mappings.
2506;v16.2.15;v17.2.7;src/osd/SnapMapper.h;;M;M;43;14;FALSE;100644;100644;90b0c7c8d82e1b4c5141b8918e275f1ffa4a2e28;01879c6e15b841d30528b82c42d0875cc70fe42c;01;01-osd-pg-recovery;P0;runtime/source;deep;"Triage owner 01: OSD, PG, recovery or data-path test; inspect endpoint hunk before binary impact verdict.";;affect;OSD-008;OSD-008: SnapMapper fixes conversion of legacy keys and adds scrub consistency checks for object-to-snap and snap-to-object mappings.
2507;v16.2.15;v17.2.7;src/osd/Watch.cc;;M;M;6;4;FALSE;100644;100644;78aae6e2d9629b98bd6fb4abcdc8b950a68959ad;c36ecdc541322767bae1cec59a70ff3f4d1fd3f6;01;01-osd-pg-recovery;P0;runtime/source;deep;"Triage owner 01: OSD, PG, recovery or data-path test; inspect endpoint hunk before binary impact verdict.";;trivial;;T01-EC: Missed watcher reply uses vector instead of list, preserving iteration order and identical length/element wire encoding in encoding.h.
2508;v16.2.15;v17.2.7;src/osd/Watch.h;;M;M;0;3;FALSE;100644;100644;8d6d93a7d1c778e768af394a9892aa0d99a7570c;6e3c05f90ee1f624f37e71e04b761c3f8a0b8400;01;01-osd-pg-recovery;P0;runtime/source;deep;"Triage owner 01: OSD, PG, recovery or data-path test; inspect endpoint hunk before binary impact verdict.";;trivial;;"T01-EC: Removes unused get_last_ping getter; v16.2.15 src tree has no caller and Watch state remains unchanged."
2509;v16.2.15;v17.2.7;src/osd/objclass.cc;;M;M;46;0;FALSE;100644;100644;274f5e063e62bf3c03fee7a82cbdc146905c4b9c;b447d45f3873044f6aba939a7f8adc9743c20e3c;01;01-osd-pg-recovery;P0;runtime/source;deep;"Triage owner 01: OSD, PG, recovery or data-path test; inspect endpoint hunk before binary impact verdict.";;affect;OSD-019;OSD-019: Classic OSD adds remote object-class gather API and collected read result/error delivery.
2510;v16.2.15;v17.2.7;src/osd/osd_internal_types.h;;M;M;1;1;FALSE;100644;100644;17f4f314643415f9953d68a697ca198139ec34ab;80ecb67a8892f281d186253edc68e5bd0e94c2a9;01;01-osd-pg-recovery;P0;runtime/source;deep;"Triage owner 01: OSD, PG, recovery or data-path test; inspect endpoint hunk before binary impact verdict.";;trivial;;"T01-EC: Watch attr cache comparator changes to transparent std::less<> only; string key ordering and values stay the same."
2511;v16.2.15;v17.2.7;src/osd/osd_op_util.cc;;M;M;16;26;FALSE;100644;100644;4b75766aad4d26cabafdbbf10cb0baa25079cc49;a33e2f110d0d4854d3c14e96ac34ac18ff0ca887;01;01-osd-pg-recovery;P0;runtime/source;deep;"Triage owner 01: OSD, PG, recovery or data-path test; inspect endpoint hunk before binary impact verdict.";;trivial;;T01-support: Extracts existing MOSDOp classification loop into vector overload and removes READ_DATA flag with no remaining consumer in target src tree.
2512;v16.2.15;v17.2.7;src/osd/osd_op_util.h;;M;M;4;2;FALSE;100644;100644;07df4e1910f99871ccd3aac8eb725bec416b4e24;300fe40cc87fd66bcfa4462d9f4a01f23d929d8e;01;01-osd-pg-recovery;P0;runtime/source;deep;"Triage owner 01: OSD, PG, recovery or data-path test; inspect endpoint hunk before binary impact verdict.";;trivial;;"T01-support: Declares extracted vector overload and removes unused may_read_data/set_read_data accessors; classic MOSDOp path still calls same classifier."
2513;v16.2.15;v17.2.7;src/osd/osd_perf_counters.cc;;M;M;41;0;FALSE;100644;100644;ed63b4d3f6784d3355f749098a92e6e89004fe0c;588808d6467e1ba2dd67259509af185f730a7b5f;01;01-osd-pg-recovery;P0;runtime/source;deep;"Triage owner 01: OSD, PG, recovery or data-path test; inspect endpoint hunk before binary impact verdict.";;affect;OSD-020;OSD-020: OSD exports unreadable/degraded delay and per-recovery-message queue latency counters.
2514;v16.2.15;v17.2.7;src/osd/osd_perf_counters.h;;M;M;13;0;FALSE;100644;100644;9966a7f7df3c2f357d70198a0905211f6b16fe48;2445a9dc2c3888174e4ed85e7c71f2c6f9365251;01;01-osd-pg-recovery;P0;runtime/source;deep;"Triage owner 01: OSD, PG, recovery or data-path test; inspect endpoint hunk before binary impact verdict.";;affect;OSD-020;OSD-020: OSD perf counter IDs gain delay and per-recovery-message queue latency entries.
2515;v16.2.15;v17.2.7;src/osd/osd_tracer.cc;;A;A;12;0;FALSE;000000;100644;0000000000000000000000000000000000000000;06217926cfb863c6517f3dbfe655c27cd7278e23;01;01-osd-pg-recovery;P0;runtime/source;deep;"Triage owner 01: OSD, PG, recovery or data-path test; inspect endpoint hunk before binary impact verdict.";;affect;OSD-021;OSD-021: Defines the new OSD tracing namespace tracer used by request/recovery paths.
2516;v16.2.15;v17.2.7;src/osd/osd_tracer.h;;A;A;13;0;FALSE;000000;100644;0000000000000000000000000000000000000000;1490b4351067f13206884ef953e73de8392942c3;01;01-osd-pg-recovery;P0;runtime/source;deep;"Triage owner 01: OSD, PG, recovery or data-path test; inspect endpoint hunk before binary impact verdict.";;affect;OSD-021;OSD-021: Declares the new OSD tracing namespace tracer used by request/recovery paths.
2517;v16.2.15;v17.2.7;src/osd/osd_types.cc;;M;M;148;9;FALSE;100644;100644;901e180465bf42fc7a69b3a7b821ef6bbe9fb386;d04621be2c1f0648711083640689249265d63790;01;01-osd-pg-recovery;P0;runtime/source;deep;"Triage owner 01: OSD, PG, recovery or data-path test; inspect endpoint hunk before binary impact verdict.";;affect;"OSD-022;OSD-023";"OSD-022;OSD-023: pg_stat_t wire version rises to 29 with scrub/trim/log metrics; mClock PullOp/PushReplyOp costs change."
2518;v16.2.15;v17.2.7;src/osd/osd_types.h;;M;M;120;15;FALSE;100644;100644;4345f8e634ccfc85c9707053e0ad9d95b177255a;38d701569fddf928c340fd16baee246de51fcf43;01;01-osd-pg-recovery;P0;runtime/source;deep;"Triage owner 01: OSD, PG, recovery or data-path test; inspect endpoint hunk before binary impact verdict.";;affect;"OSD-015;OSD-022;OSD-023";"OSD-015;OSD-022;OSD-023: Adds pool EIO flag, PG stat wire fields, Crimson denc helpers and recovery cost estimator."
2519;v16.2.15;v17.2.7;src/osd/osd_types_fmt.h;;A;A;339;0;FALSE;000000;100644;0000000000000000000000000000000000000000;65a751469f7a5559ca6d0f5fccee62df2866813c;01;01-osd-pg-recovery;P0;runtime/source;deep;"Triage owner 01: OSD, PG, recovery or data-path test; inspect endpoint hunk before binary impact verdict.";;trivial;;"T01-support: New fmt::formatter specializations for OSD types support diagnostics only; no encoder, state transition or IO path is defined."
2520;v16.2.15;v17.2.7;src/osd/recovery_types.cc;;M;M;1;1;FALSE;100644;100644;3dd49a82d06a872dd9693ff96e79c8fdbeb36ee1;70ba1fd797edee7d0972f891b866e2e735b8057b;01;01-osd-pg-recovery;P0;runtime/source;deep;"Triage owner 01: OSD, PG, recovery or data-path test; inspect endpoint hunk before binary impact verdict.";;trivial;;"T01-EC: Only qualifies existing BackfillInterval stream operator with std::ostream; no recovery data change."
2521;v16.2.15;v17.2.7;src/osd/scheduler/OpScheduler.cc;;M;M;8;4;FALSE;100644;100644;3ce6fdb55d17323f78333905fda81b858c28d174;cb5ef13b6f67770fd91b2ff6ed30d9abf978dc9e;01;01-osd-pg-recovery;P0;runtime/source;deep;"Triage owner 01: OSD, PG, recovery or data-path test; inspect endpoint hunk before binary impact verdict.";;affect;OSD-003;OSD-003: Scheduler factory forces wpq for FileStore OSDs even if mclock_scheduler is selected.
2522;v16.2.15;v17.2.7;src/osd/scheduler/OpScheduler.h;;M;M;3;1;FALSE;100644;100644;6e2bb5abd829f1cec2e65f319ca62fce2f4620ab;1575bcae4f6d9cb845d50c5360608be9058b1efa;01;01-osd-pg-recovery;P0;runtime/source;deep;"Triage owner 01: OSD, PG, recovery or data-path test; inspect endpoint hunk before binary impact verdict.";;affect;OSD-003;OSD-003: Scheduler factory forces wpq for FileStore OSDs even if mclock_scheduler is selected.
2523;v16.2.15;v17.2.7;src/osd/scheduler/OpSchedulerItem.cc;;M;M;30;7;FALSE;100644;100644;27db1dfa37be8ba1bdab5891a95dfd0f326f2cb9;943c6c88ec1c3ed1fbf3ef1540b49544b33d1404;01;01-osd-pg-recovery;P0;runtime/source;deep;"Triage owner 01: OSD, PG, recovery or data-path test; inspect endpoint hunk before binary impact verdict.";;affect;OSD-005;"OSD-005: Recovery work/messages are assigned scheduler class from priority rather than uniformly background_recovery; queue latency counters added."
2524;v16.2.15;v17.2.7;src/osd/scheduler/OpSchedulerItem.h;;M;M;83;97;FALSE;100644;100644;7ba59838e94814b1c97bb3c785615efb59a2a478;62d258b34ab7b054fe07fc1df5b421e6f25b4d70;01;01-osd-pg-recovery;P0;runtime/source;deep;"Triage owner 01: OSD, PG, recovery or data-path test; inspect endpoint hunk before binary impact verdict.";;affect;OSD-005;"OSD-005: Recovery work/messages are assigned scheduler class from priority rather than uniformly background_recovery; queue latency counters added."
2525;v16.2.15;v17.2.7;src/osd/scheduler/mClockScheduler.cc;;M;M;346;305;FALSE;100644;100644;f2f0ffc3dbd4635430f213ed1b12912fcfc2113e;876fed89e2b78d7ef252ad5caed4007babb0132b;01;01-osd-pg-recovery;P0;runtime/source;deep;"Triage owner 01: OSD, PG, recovery or data-path test; inspect endpoint hunk before binary impact verdict.";;affect;OSD-004;OSD-004: mClock changes cost/capacity units, built-in profiles, shared client identity, and QoS override reset behavior.
2526;v16.2.15;v17.2.7;src/osd/scheduler/mClockScheduler.h;;M;M;123;74;FALSE;100644;100644;32f3851ec0558cf218c17e7b212811390b307070;90eea1e7eff38902650664cfbff0d18df18b6737;01;01-osd-pg-recovery;P0;runtime/source;deep;"Triage owner 01: OSD, PG, recovery or data-path test; inspect endpoint hunk before binary impact verdict.";;affect;OSD-004;OSD-004: mClock changes cost/capacity units, built-in profiles, shared client identity, and QoS override reset behavior.
2527;v16.2.15;v17.2.7;src/osd/scrubber/PrimaryLogScrub.cc;src/osd/PrimaryLogScrub.cc;R;R096;13;14;FALSE;100644;100644;8cf76dd1dad6e89a1502a7a6ce7a4e2c79dc217b;a502ee4e7167565c09cd347436514eb9444715cb;01;01-osd-pg-recovery;P0;runtime/source;deep;"Triage owner 01: OSD, PG, recovery or data-path test; inspect endpoint hunk before binary impact verdict.";;trivial;;T01-scrub-rename: Rename-aware diff against src/osd/PrimaryLogScrub.cc shows include/access refactor, equivalent object_info construction, and debug-string changes only.
2528;v16.2.15;v17.2.7;src/osd/scrubber/PrimaryLogScrub.h;src/osd/PrimaryLogScrub.h;R;R098;1;1;FALSE;100644;100644;78353d6dbb6ff4fa2ac646eca1ee74818d0da9b5;9ea889b44ae50a269d29b0188ef6190ab39e4b53;01;01-osd-pg-recovery;P0;runtime/source;deep;"Triage owner 01: OSD, PG, recovery or data-path test; inspect endpoint hunk before binary impact verdict.";;trivial;;T01-scrub-rename: Rename-aware diff against src/osd/PrimaryLogScrub.h only adjusts OSD include path.
2529;v16.2.15;v17.2.7;src/osd/scrubber/ScrubStore.cc;src/osd/ScrubStore.cc;R;R099;1;1;FALSE;100644;100644;a692a44353fdc46d363c8f1e2a58bc7e8d8b1b9c;1787b3d8875ae86aa886b407c26466a7474e029c;01;01-osd-pg-recovery;P0;runtime/source;deep;"Triage owner 01: OSD, PG, recovery or data-path test; inspect endpoint hunk before binary impact verdict.";;trivial;;T01-scrub-rename: Rename-aware diff against src/osd/ScrubStore.cc only adjusts osd_types include path.
2530;v16.2.15;v17.2.7;src/osd/scrubber/ScrubStore.h;src/osd/ScrubStore.h;R;R097;1;1;FALSE;100644;100644;721aae09291e6d72aa2786c207faaa2860089810;57cd0e852d5cb4a095ab18bd2eff2867220f3a30;01;01-osd-pg-recovery;P0;runtime/source;deep;"Triage owner 01: OSD, PG, recovery or data-path test; inspect endpoint hunk before binary impact verdict.";;trivial;;T01-scrub-rename: Rename-aware diff against src/osd/ScrubStore.h only adjusts SnapMapper include path.
2531;v16.2.15;v17.2.7;src/osd/scrubber/osd_scrub_sched.cc;;A;A;740;0;FALSE;000000;100644;0000000000000000000000000000000000000000;99f73b13164886e60e7daa3e909d9985ecf3d915;01;01-osd-pg-recovery;P0;runtime/source;deep;"Triage owner 01: OSD, PG, recovery or data-path test; inspect endpoint hunk before binary impact verdict.";;affect;OSD-006;OSD-006: OSD scrub scheduling moves to ScrubQueue with eligibility/load/time/deadline selection and published schedule state.
2532;v16.2.15;v17.2.7;src/osd/scrubber/osd_scrub_sched.h;;A;A;352;0;FALSE;000000;100644;0000000000000000000000000000000000000000;fc34be7a2019b77c7ea423dadf4b381255693270;01;01-osd-pg-recovery;P0;runtime/source;deep;"Triage owner 01: OSD, PG, recovery or data-path test; inspect endpoint hunk before binary impact verdict.";;affect;OSD-006;OSD-006: OSD scrub scheduling moves to ScrubQueue with eligibility/load/time/deadline selection and published schedule state.
2533;v16.2.15;v17.2.7;src/osd/scrubber/pg_scrubber.cc;src/osd/pg_scrubber.cc;R;R075;595;185;FALSE;100644;100644;20ab0a1aa09caefaf64e28e43c81659401e7a5be;f478277865136bea02d606fef3eeaab2983991fb;01;01-osd-pg-recovery;P0;runtime/source;deep;"Triage owner 01: OSD, PG, recovery or data-path test; inspect endpoint hunk before binary impact verdict.";;affect;OSD-007;OSD-007: PgScrubber changes abort/state handling and restarts blocked snap trimming on scrub completion or abort.
2534;v16.2.15;v17.2.7;src/osd/scrubber/pg_scrubber.h;src/osd/pg_scrubber.h;R;R088;78;19;FALSE;100644;100644;392a4a588026f6810fceb95702d8fb797ae1bcba;b2f7b619662f66f08aedb230ca923ac75d4be60d;01;01-osd-pg-recovery;P0;runtime/source;deep;"Triage owner 01: OSD, PG, recovery or data-path test; inspect endpoint hunk before binary impact verdict.";;affect;OSD-007;OSD-007: PgScrubber changes abort/state handling and restarts blocked snap trimming on scrub completion or abort.
2535;v16.2.15;v17.2.7;src/osd/scrubber/scrub_machine.cc;src/osd/scrub_machine.cc;R;R090;49;5;FALSE;100644;100644;60bfcce6a5e7f8dc9a67d85eda763d91f8bee047;7187679569d633bd7ac6f9da0286c89b1d4337de;01;01-osd-pg-recovery;P0;runtime/source;deep;"Triage owner 01: OSD, PG, recovery or data-path test; inspect endpoint hunk before binary impact verdict.";;affect;OSD-025;OSD-025: Scrub FSM tracks reservation and duration, warns when blocked, and discards unexpected DigestUpdate rather than deferring it.
2536;v16.2.15;v17.2.7;src/osd/scrubber/scrub_machine.h;src/osd/scrub_machine.h;R;R093;18;13;FALSE;100644;100644;7f88a675a2b66217605ea5c3d615f6206e855ee4;dbdc50d327adb59710b98774f40e2438309aeda1;01;01-osd-pg-recovery;P0;runtime/source;deep;"Triage owner 01: OSD, PG, recovery or data-path test; inspect endpoint hunk before binary impact verdict.";;affect;OSD-025;OSD-025: Scrub FSM custom start/digest reactions and blocked-range warning state change transition behavior.
2537;v16.2.15;v17.2.7;src/osd/scrubber/scrub_machine_lstnr.h;src/osd/scrub_machine_lstnr.h;R;R082;32;4;FALSE;100644;100644;8d9622b9bde88e31b6051cfdf0839dd3a0c08620;f26d5faebbf151b143f61d91258f527c480c4fc7;01;01-osd-pg-recovery;P0;runtime/source;deep;"Triage owner 01: OSD, PG, recovery or data-path test; inspect endpoint hunk before binary impact verdict.";;affect;OSD-025;OSD-025: Scrub listener gains reservation, timing and blocked-range warning hooks used by FSM.
2538;v16.2.15;v17.2.7;src/osd/scrubber_common.h;;M;M;45;8;FALSE;100644;100644;65014b594d6cbf4c46815095e2c22f60230c87d2;078eb60afb9879a59f59cad24992e85b3c3326e0;01;01-osd-pg-recovery;P0;runtime/source;deep;"Triage owner 01: OSD, PG, recovery or data-path test; inspect endpoint hunk before binary impact verdict.";;affect;OSD-006;OSD-006: OSD scrub scheduling moves to ScrubQueue with eligibility/load/time/deadline selection and published schedule state.
3662;v16.2.15;v17.2.7;src/test/behave_tests/features/ceph_osd_test.feature;;A;A;49;0;FALSE;000000;100644;0000000000000000000000000000000000000000;e9a37a4c962bdb1ef42c6e20be5b5db809d54bc8;01;01-osd-pg-recovery;P2;test/QA;support;"Triage owner 01: component-specific repository test; inspect endpoint hunk before binary impact verdict.";;trivial;;"T01-final-test: New standalone Behave scenario describes lab cephadm OSD creation on Fedora32; endpoint diff contains no suite selector or production code change, and no invocation is established for this upgrade gate."
3745;v16.2.15;v17.2.7;src/test/cli/osdmaptool/create-print.t;;M;M;8;10;FALSE;100644;100644;366e62185b4883f2839fb43f714f0aa0b38a070b;9d745b82f9870cbde870a5f4c8d417d2a96ef54a;01;01-osd-pg-recovery;P2;test/QA;support;"Triage owner 01: component-specific repository test; inspect endpoint hunk before binary impact verdict.";;trivial;;"T01-final-test: CLI transcript expectations follow printed CRUSH weight precision and omission of min/max rule lines; no production executable logic changes in this fixture."
3746;v16.2.15;v17.2.7;src/test/cli/osdmaptool/create-racks.t;;M;M;315;317;FALSE;100644;100644;2fe5c4927d204db8c3892ffa6a39ed68c8a2348a;d1e65d7b5c8f4c1d986b24691e82a0f40af66c7b;01;01-osd-pg-recovery;P2;test/QA;support;"Triage owner 01: component-specific repository test; inspect endpoint hunk before binary impact verdict.";;trivial;;"T01-final-test: Large CLI transcript updates only printed CRUSH weight precision and min/max rule lines; it is expected output, not an OSDMap algorithm change."
3833;v16.2.15;v17.2.7;src/test/erasure-code/ErasureCodeExample.h;;M;M;22;20;FALSE;100644;100644;1258465388a62517ae05acb5d020ba4467fe1aff;1185b38d73685d32bc9b1b25de01e3e9905b8d29;01;01-osd-pg-recovery;P2;test/QA;support;"Triage owner 01: OSD, PG, recovery or data-path test; inspect endpoint hunk before binary impact verdict.";;trivial;;T01-ec-tests: std namespace qualification and using declaration keep test helper methods and algorithms unchanged.
3834;v16.2.15;v17.2.7;src/test/erasure-code/ErasureCodePluginExample.cc;;M;M;2;0;FALSE;100644;100644;de105953a47a789b5c7aea01d979900c2b46875e;697b77d94f54684c32cd52e1b55f7b9f7d832d79;01;01-osd-pg-recovery;P2;test/QA;support;"Triage owner 01: OSD, PG, recovery or data-path test; inspect endpoint hunk before binary impact verdict.";;trivial;;"T01-ec-tests: Adds only using namespace std to test plugin example; no test case, input or assertion changes."
3835;v16.2.15;v17.2.7;src/test/erasure-code/TestErasureCode.cc;;M;M;2;0;FALSE;100644;100644;98d5bb2edf98e03413e1c7aa1343c75bcb8ef402;05b95ded4029881fae675bbae8b86c8f976e8af4;01;01-osd-pg-recovery;P2;test/QA;support;"Triage owner 01: OSD, PG, recovery or data-path test; inspect endpoint hunk before binary impact verdict.";;trivial;;"T01-ec-tests: Adds only using namespace std; existing erasure-code test cases and expectations remain unchanged."
3836;v16.2.15;v17.2.7;src/test/erasure-code/TestErasureCodeClay.cc;;M;M;6;4;FALSE;100644;100644;26285e6d7f23e1126687370e1e8de05e2a6fb224;cb47409489436ff9ce20674ac77a539982304515;01;01-osd-pg-recovery;P2;test/QA;support;"Triage owner 01: OSD, PG, recovery or data-path test; inspect endpoint hunk before binary impact verdict.";;trivial;;"T01-ec-tests: Adds std using declaration and renames local ruleset variable to ruleid; create_rule result, do_rule call and assertions are unchanged."
3837;v16.2.15;v17.2.7;src/test/erasure-code/TestErasureCodeIsa.cc;;M;M;6;4;FALSE;100644;100644;6d8e1681fc24965001bf59339fc133dfd95be775;bbd4441fc7290826bb4f878624b4f9d81682a532;01;01-osd-pg-recovery;P2;test/QA;support;"Triage owner 01: OSD, PG, recovery or data-path test; inspect endpoint hunk before binary impact verdict.";;trivial;;"T01-ec-tests: Adds std using declaration and renames local ruleset variable to rule; create_rule result, do_rule call and assertions are unchanged."
3838;v16.2.15;v17.2.7;src/test/erasure-code/TestErasureCodeJerasure.cc;;M;M;5;4;FALSE;100644;100644;033225cefd3b82e71aa77a3d89bde07a6cb8ccb8;835f3c7b6c8f8d15b945328d95e9d7b56cd351a5;01;01-osd-pg-recovery;P2;test/QA;support;"Triage owner 01: OSD, PG, recovery or data-path test; inspect endpoint hunk before binary impact verdict.";;trivial;;"T01-ec-tests: Adds std using declaration and renames local ruleset variable to rule; create_rule result, do_rule call and assertions are unchanged."
3839;v16.2.15;v17.2.7;src/test/erasure-code/TestErasureCodeLrc.cc;;M;M;1;0;FALSE;100644;100644;79385f33944ec0e92b6b41f33d3968ad2dc49221;aca6ccae91f6961a2372937f541107acc10f8a7e;01;01-osd-pg-recovery;P2;test/QA;support;"Triage owner 01: OSD, PG, recovery or data-path test; inspect endpoint hunk before binary impact verdict.";;trivial;;"T01-ec-tests: Adds only using namespace std; no test behavior or selection change."
3840;v16.2.15;v17.2.7;src/test/erasure-code/TestErasureCodePlugin.cc;;M;M;1;0;FALSE;100644;100644;c00d2997fbd5287b9e2462282e7ea5757f592b7c;e396d946789ae70456dea541318733c9336a5048;01;01-osd-pg-recovery;P2;test/QA;support;"Triage owner 01: OSD, PG, recovery or data-path test; inspect endpoint hunk before binary impact verdict.";;trivial;;"T01-ec-tests: Adds only using namespace std; no plugin test behavior or selection change."
3841;v16.2.15;v17.2.7;src/test/erasure-code/TestErasureCodePluginClay.cc;;M;M;3;1;FALSE;100644;100644;3469d027281955bc138e81736468c2d75b097e9b;cbf6566dd733dbb7427d1b32cd944c6c70f32d53;01;01-osd-pg-recovery;P2;test/QA;support;"Triage owner 01: OSD, PG, recovery or data-path test; inspect endpoint hunk before binary impact verdict.";;affect;OSD-051;"OSD-051: Changes Clay scalar_mds=isa test guard from HAVE_NASM_X64_AVX2 to WITH_EC_ISA_PLUGIN; target CMake sets the latter as a cache variable but no endpoint source defines it as a C++ macro, so standard test coverage may change."
3842;v16.2.15;v17.2.7;src/test/erasure-code/TestErasureCodePluginIsa.cc;;M;M;2;0;FALSE;100644;100644;b57bf489654682f088ed63240cf0da1f88ee3ef6;86bac636dcc664542d3e24bfef7bf3f987c53484;01;01-osd-pg-recovery;P2;test/QA;support;"Triage owner 01: OSD, PG, recovery or data-path test; inspect endpoint hunk before binary impact verdict.";;trivial;;"T01-ec-tests: Adds only using namespace std; no ISA plugin test behavior or selection change."
3843;v16.2.15;v17.2.7;src/test/erasure-code/TestErasureCodePluginJerasure.cc;;M;M;2;0;FALSE;100644;100644;0010d0206705de47c7e379f9aab78918aab06f9c;ffe4183bff13ee873d805a718cc3d203427a757c;01;01-osd-pg-recovery;P2;test/QA;support;"Triage owner 01: OSD, PG, recovery or data-path test; inspect endpoint hunk before binary impact verdict.";;trivial;;"T01-ec-tests: Adds only using namespace std; no plugin test behavior or selection change."
3844;v16.2.15;v17.2.7;src/test/erasure-code/TestErasureCodePluginLrc.cc;;M;M;1;0;FALSE;100644;100644;4df3711a1f186ab1805ee6b4c37d31047d8242d0;9be2c336dc5d671369285b656341032e01c46703;01;01-osd-pg-recovery;P2;test/QA;support;"Triage owner 01: OSD, PG, recovery or data-path test; inspect endpoint hunk before binary impact verdict.";;trivial;;"T01-ec-tests: Adds only using namespace std; no plugin test behavior or selection change."
3845;v16.2.15;v17.2.7;src/test/erasure-code/TestErasureCodePluginShec.cc;;M;M;2;0;FALSE;100644;100644;10088343b0a7889eb81c450e0a6a6b64028bc781;fae1b559e93fdacd0e4141b532764c2c599f9ce1;01;01-osd-pg-recovery;P2;test/QA;support;"Triage owner 01: OSD, PG, recovery or data-path test; inspect endpoint hunk before binary impact verdict.";;trivial;;"T01-ec-tests: Adds only using namespace std; no plugin test behavior or selection change."
3846;v16.2.15;v17.2.7;src/test/erasure-code/TestErasureCodeShec.cc;;M;M;6;4;FALSE;100644;100644;3099a1f67a7da663cdd0e6b294a9f0362ec773ca;6b901dc6f30c7f0c4e55de0cdcfa46a76fcd1c06;01;01-osd-pg-recovery;P2;test/QA;support;"Triage owner 01: OSD, PG, recovery or data-path test; inspect endpoint hunk before binary impact verdict.";;trivial;;"T01-ec-tests: Adds std using declaration and changes ruleset to rule in comments; test calls and assertions are unchanged."
3847;v16.2.15;v17.2.7;src/test/erasure-code/TestErasureCodeShec_all.cc;;M;M;3;2;FALSE;100644;100644;81a5ac4b077a931415d84e09b5ed4c8e6e2f9e03;401b8affc719e29f6a9f4691deaced5dbfd7fd83;01;01-osd-pg-recovery;P2;test/QA;support;"Triage owner 01: OSD, PG, recovery or data-path test; inspect endpoint hunk before binary impact verdict.";;trivial;;"T01-ec-tests: argv_to_vec now returns the same argv[1:argc] vector previously inserted into an empty vector; test input is unchanged."
3848;v16.2.15;v17.2.7;src/test/erasure-code/TestErasureCodeShec_arguments.cc;;M;M;4;5;FALSE;100644;100644;561afafa6cd298d577347f706ba121c0dc98a468;bd387654ff532a32766a2ee8479f3c62626bf074;01;01-osd-pg-recovery;P2;test/QA;support;"Triage owner 01: OSD, PG, recovery or data-path test; inspect endpoint hunk before binary impact verdict.";;trivial;;"T01-ec-tests: argv_to_vec now returns the same argv[1:argc] vector and RUN_ALL_TESTS result remains assigned; test behavior is unchanged."
3849;v16.2.15;v17.2.7;src/test/erasure-code/TestErasureCodeShec_thread.cc;;M;M;2;0;FALSE;100644;100644;c3e6d8eb308f6885d953c5859010e3c77d8c15f0;c8d7bbb1e9ab790fbedc5631af970b6fb4069814;01;01-osd-pg-recovery;P2;test/QA;support;"Triage owner 01: OSD, PG, recovery or data-path test; inspect endpoint hunk before binary impact verdict.";;trivial;;"T01-ec-tests: Adds only using namespace std; no test behavior or selection change."
3986;v16.2.15;v17.2.7;src/test/osd/Object.h;;M;M;3;2;FALSE;100644;100644;a78a598236d025df326f849c2fca42349d331f6e;76ce2d2a2fc8cad8a4e9d33d54c93088018ec8ca;01;01-osd-pg-recovery;P2;test/QA;support;"Triage owner 01: OSD, PG, recovery or data-path test; inspect endpoint hunk before binary impact verdict.";;affect;OSD-054;OSD-054: ObjectDesc adds initialized flushed state consumed by tier flush/evict model checks in RadosModel, changing expected state for dedup QA.
3987;v16.2.15;v17.2.7;src/test/osd/RadosModel.h;;M;M;391;42;FALSE;100644;100644;d5689f6067af7b687040645032189bb12f4e2761;a429476749db4d55bd764005d996356163a7caae;01;01-osd-pg-recovery;P2;test/QA;support;"Triage owner 01: OSD, PG, recovery or data-path test; inspect endpoint hunk before binary impact verdict.";;affect;OSD-054;OSD-054: Rados model adds dedup pool options, randomized set_chunk/snapshot cases, TierEvictOp, flush-state checks and chunk reference-count validation.
3988;v16.2.15;v17.2.7;src/test/osd/TestECBackend.cc;;M;M;2;0;FALSE;100644;100644;affff369442ae320a47443ece2a1b6e57c8353ce;1c13fb4c95c0173bbc3739d7b8a06af012f4c2e7;01;01-osd-pg-recovery;P2;test/QA;support;"Triage owner 01: OSD, PG, recovery or data-path test; inspect endpoint hunk before binary impact verdict.";;trivial;;"T01-osd-unit-adapt: Only adds std namespace import; stripe-info test inputs and assertions are unchanged."
3989;v16.2.15;v17.2.7;src/test/osd/TestMClockScheduler.cc;;M;M;7;5;FALSE;100644;100644;0feb427ec1016fb6211ad9a6b5578b2e013e0d10;21ee29a81ee4a4ee5645c880a55b8c56a242e0c6;01;01-osd-pg-recovery;P2;test/QA;support;"Triage owner 01: OSD, PG, recovery or data-path test; inspect endpoint hunk before binary impact verdict.";;trivial;;"T01-osd-unit-adapt: Fixture passes new scheduler constructor arguments with zero IDs and null MonClient and drops an unused mock get_op_type override; test cases and assertions are unchanged."
3990;v16.2.15;v17.2.7;src/test/osd/TestOSDMap.cc;;M;M;21;35;FALSE;100644;100644;dabb1a1c0d7463eeb5ea09061f7c98746aa80f99;5435cefb5af8e18c2a1bf6e3223072e39a5f986a;01;01-osd-pg-recovery;P2;test/QA;support;"Triage owner 01: OSD, PG, recovery or data-path test; inspect endpoint hunk before binary impact verdict.";;trivial;;"T01-osd-unit-adapt: Test setup adapts to CRUSH rule API without ruleset/min-max mask and JSON getter API; existing scenario assertions remain, while runtime rule behavior is analyzed in MON-006/OSD-030."
3991;v16.2.15;v17.2.7;src/test/osd/TestOSDScrub.cc;;M;M;8;5;FALSE;100644;100644;45d79a18379429e16f0cd3758f8b21be51643792;4c6d4cceedf552393e5e26081f34bbcc12d10f03;01;01-osd-pg-recovery;P2;test/QA;support;"Triage owner 01: OSD, PG, recovery or data-path test; inspect endpoint hunk before binary impact verdict.";;trivial;;"T01-osd-unit-adapt: Fixture passes unique_ptr ObjectStore into OSD and calls the moved scrub_time_permit service method; the same time-permit test assertions remain."
3992;v16.2.15;v17.2.7;src/test/osd/TestOpStat.h;;M;M;4;4;FALSE;100644;100644;a279287fde646ff1a85a1839eb1631bd772687c5;2c680558ff12fe4fdabb1dff8621f3bf62ebe634;01;01-osd-pg-recovery;P2;test/QA;support;"Triage owner 01: OSD, PG, recovery or data-path test; inspect endpoint hunk before binary impact verdict.";;trivial;;T01-osd-unit-adapt: Qualifies map, multiset and string as std types without changing latency accounting in test helper.
3993;v16.2.15;v17.2.7;src/test/osd/TestPGLog.cc;;M;M;1;0;FALSE;100644;100644;ffc14b7389bee6b403832b39331bb7bc6c4886cd;11e2c24265a8d8901d341c246b748018f781b95d;01;01-osd-pg-recovery;P2;test/QA;support;"Triage owner 01: OSD, PG, recovery or data-path test; inspect endpoint hunk before binary impact verdict.";;trivial;;"T01-osd-unit-adapt: Endpoint hunk only adds std namespace import; PGLog trim experiments in intermediate commits do not survive endpoint diff."
3994;v16.2.15;v17.2.7;src/test/osd/TestRados.cc;;M;M;64;24;FALSE;100644;100644;3be5699cac3755d9c1d4a6ade087292466473809;1a1389b2a1881494aab1b1c510c2797d880ba839;01;01-osd-pg-recovery;P2;test/QA;support;"Triage owner 01: OSD, PG, recovery or data-path test; inspect endpoint hunk before binary impact verdict.";;affect;OSD-054;"OSD-054: ceph_test_rados exposes dedup chunk algorithm/size and new set_chunk/tier_evict weighted operations, and fails at end when chunk reference-count check fails; target QA recipes exercise them."
3995;v16.2.15;v17.2.7;src/test/osd/ceph_test_osd_stale_read.cc;;M;M;3;6;FALSE;100644;100644;41b5aa6d348f041cfabc572bf2058ad13a2214fd;7ee1255ed0f85ec4995fde6272c41782be0312b1;01;01-osd-pg-recovery;P2;test/QA;support;"Triage owner 01: OSD, PG, recovery or data-path test; inspect endpoint hunk before binary impact verdict.";;trivial;;"T01-osd-unit-adapt: Switches to argv_to_vec return-value API with the same argv[1:argc] inputs, plus std namespace and nullptr spelling; stale-read assertions unchanged."
3996;v16.2.15;v17.2.7;src/test/osd/osdcap.cc;;M;M;2;0;FALSE;100644;100644;0076c50dd003f69e84008b633cdb593438f5a077;4d961a4267ce51eadd9e274bfc6f7629278160fa;01;01-osd-pg-recovery;P2;test/QA;support;"Triage owner 01: OSD, PG, recovery or data-path test; inspect endpoint hunk before binary impact verdict.";;trivial;;"T01-osd-unit-adapt: Only adds std namespace import; capability parse fixtures and assertions unchanged."
3997;v16.2.15;v17.2.7;src/test/osd/test_extent_cache.cc;;M;M;2;0;FALSE;100644;100644;04b638a9a90612b0657964fdb70eef2d971aecd1;9c789ca3274515991ac0770bf6a08e7beb9e3598;01;01-osd-pg-recovery;P2;test/QA;support;"Triage owner 01: OSD, PG, recovery or data-path test; inspect endpoint hunk before binary impact verdict.";;trivial;;"T01-osd-unit-adapt: Only adds std namespace import; extent-cache test inputs and assertions unchanged."
3998;v16.2.15;v17.2.7;src/test/osd/test_pg_transaction.cc;;M;M;2;0;FALSE;100644;100644;63b6197bf2dc170b129c98fdabaaa2b1c9a2f3b8;6aa26920d460189fc95842b00faef259c3420175;01;01-osd-pg-recovery;P2;test/QA;support;"Triage owner 01: OSD, PG, recovery or data-path test; inspect endpoint hunk before binary impact verdict.";;trivial;;"T01-osd-unit-adapt: Only adds std namespace import; PG transaction test inputs and assertions unchanged."
3999;v16.2.15;v17.2.7;src/test/osd/types.cc;;M;M;2;0;FALSE;100644;100644;c452176bcfc31df01f57f85cda559ede1b1aed4a;d7b7862f5135b92971c648ea13442556e571dcc6;01;01-osd-pg-recovery;P2;test/QA;support;"Triage owner 01: OSD, PG, recovery or data-path test; inspect endpoint hunk before binary impact verdict.";;trivial;;"T01-osd-unit-adapt: Only adds std namespace import; hobject type test inputs and assertions unchanged."
4000;v16.2.15;v17.2.7;src/test/osdc/object_cacher_stress.cc;;M;M;4;3;FALSE;100644;100644;371117ef6f2c22112c4c1a2656d3399137ade7fb;096f9b49ebfe6a3cdff0a68eab818bd75b965d53;01;01-osd-pg-recovery;P2;test/QA;support;"Triage owner 01: component-specific repository test; inspect endpoint hunk before binary impact verdict.";;trivial;;"T01-rados-workunits: Object cacher stress-test main adapts to argv_to_vec return API and nullptr spelling; same arguments and correctness workload remain."
4096;v16.2.15;v17.2.7;src/tools/ceph_objectstore_tool.cc;;M;M;76;97;FALSE;100644;100644;311dc3d1ca74e4c2c43ca9d94b16f5ef7c059e4c;c12a741e97afa29daa1790bf96de58284447cb5c;01;01-osd-pg-recovery;P0;runtime/source;deep;"Triage owner 01: OSD maintenance tool; inspect endpoint hunk before binary impact verdict.";;affect;OSD-031;OSD-031: Offline tool removes get/set-superblock, accepts meta collection object iteration, changes PG log rollback flag and unmounts FUSE store.
4097;v16.2.15;v17.2.7;src/tools/ceph_osdomap_tool.cc;;M;M;1;0;FALSE;100644;100644;8e15851d848ee561da159ec1845a506742c4895e;507587d3684da642b8e6803c32fc9da27dfe9425;01;01-osd-pg-recovery;P0;runtime/source;deep;"Triage owner 01: OSD maintenance tool; inspect endpoint hunk before binary impact verdict.";;trivial;;"T01-source: Adds using namespace std only; no function body or command behavior changes."
4129;v16.2.15;v17.2.7;src/tools/erasure-code/ceph-erasure-code-tool.cc;;M;M;3;2;FALSE;100644;100644;6c99abf46177b545bb9ffb0b8d0e9d7f4d3908c2;39f16a8cbbcc4bfbc1d2ea645cec7bcdb95f50f3;01;01-osd-pg-recovery;P0;runtime/source;deep;"Triage owner 01: OSD maintenance tool; inspect endpoint hunk before binary impact verdict.";;trivial;;"T01-source: Uses argv_to_vec return value instead of output argument; same argument vector reaches global_init; namespace declaration only otherwise."
