index;base_tag;target_tag;path;old_path;status;status_detail;additions;deletions;binary;old_mode;new_mode;old_blob;new_blob;group;owner_report;priority;file_type;review_mode;analysis_decision;diff_note;upgrade_impact;finding_id;impact_reason
1778;v16.2.15;v17.2.7;src/crimson/os/seastore/cache.cc;;M;M;1142;204;FALSE;100644;100644;6a406c1b85a0718c3c4dd4a8bf82fe57bfe816e9;0597a0315abe875ec5c1fe22c48c576915577f45;02;02-bluestore-bluefs;P0;runtime/source;deep;"Triage owner 02: Crimson SeaStore persistence; inspect endpoint hunk before binary impact verdict.";;affect;SEA-010;"SEA-010: Cache/transaction/OrderingHandle change read-set, retired extents, conflict retry and ordered journal submission; target TransactionManager and Journal call these paths."
1779;v16.2.15;v17.2.7;src/crimson/os/seastore/cache.h;;M;M;658;135;FALSE;100644;100644;6242721628453c8ddf001bf0854f40423a9dda04;ba8faaea4fbbdabcb8026dd1f1cfb7f11cb3c5d2;02;02-bluestore-bluefs;P0;runtime/source;deep;"Triage owner 02: Crimson SeaStore persistence; inspect endpoint hunk before binary impact verdict.";;affect;SEA-010;"SEA-010: Cache/transaction/OrderingHandle change read-set, retired extents, conflict retry and ordered journal submission; target TransactionManager and Journal call these paths."
1780;v16.2.15;v17.2.7;src/crimson/os/seastore/cached_extent.cc;;M;M;5;2;FALSE;100644;100644;7019b9fb802a4fbc0ff791964b99a087a4f8ae7f;08c9424960416d8c87f59622fdaacbda07726b8a;02;02-bluestore-bluefs;P0;runtime/source;deep;"Triage owner 02: Crimson SeaStore persistence; inspect endpoint hunk before binary impact verdict.";;affect;SEA-010;"SEA-010: Cache/transaction/OrderingHandle change read-set, retired extents, conflict retry and ordered journal submission; target TransactionManager and Journal call these paths."
1781;v16.2.15;v17.2.7;src/crimson/os/seastore/cached_extent.h;;M;M;227;47;FALSE;100644;100644;9749884896ae769e7b27ec6d2cfe30cc28ece13f;99efa03914007c388546d399d20df7418f63b69c;02;02-bluestore-bluefs;P0;runtime/source;deep;"Triage owner 02: Crimson SeaStore persistence; inspect endpoint hunk before binary impact verdict.";;affect;SEA-010;"SEA-010: Cache/transaction/OrderingHandle change read-set, retired extents, conflict retry and ordered journal submission; target TransactionManager and Journal call these paths."
1782;v16.2.15;v17.2.7;src/crimson/os/seastore/collection_manager.cc;;A;A;14;0;FALSE;000000;100644;0000000000000000000000000000000000000000;4f5b58d01a2f315331c63b6a00abbdd2e66b7372;02;02-bluestore-bluefs;P0;runtime/source;deep;"Triage owner 02: Crimson SeaStore persistence; inspect endpoint hunk before binary impact verdict.";;affect;SEA-004;SEA-004: New CollectionManager/FlatCollectionManager and flat-node layout implement SeaStore collection root/create/list/remove called by SeaStore mkfs and operations.
1783;v16.2.15;v17.2.7;src/crimson/os/seastore/collection_manager.h;;A;A;84;0;FALSE;000000;100644;0000000000000000000000000000000000000000;37913abb403ec2de9435a39d6c4a5def07b0d7c7;02;02-bluestore-bluefs;P0;runtime/source;deep;"Triage owner 02: Crimson SeaStore persistence; inspect endpoint hunk before binary impact verdict.";;affect;SEA-004;SEA-004: New CollectionManager/FlatCollectionManager and flat-node layout implement SeaStore collection root/create/list/remove called by SeaStore mkfs and operations.
1784;v16.2.15;v17.2.7;src/crimson/os/seastore/collection_manager/collection_flat_node.cc;;A;A;122;0;FALSE;000000;100644;0000000000000000000000000000000000000000;6181582702cd78773e3d5b6c43a66b79a24034ad;02;02-bluestore-bluefs;P0;runtime/source;deep;"Triage owner 02: Crimson SeaStore persistence; inspect endpoint hunk before binary impact verdict.";;affect;SEA-004;SEA-004: New CollectionManager/FlatCollectionManager and flat-node layout implement SeaStore collection root/create/list/remove called by SeaStore mkfs and operations.
1785;v16.2.15;v17.2.7;src/crimson/os/seastore/collection_manager/collection_flat_node.h;;A;A;184;0;FALSE;000000;100644;0000000000000000000000000000000000000000;98ec57fef6b17fbea40aa40340d2dfb5992b898d;02;02-bluestore-bluefs;P0;runtime/source;deep;"Triage owner 02: Crimson SeaStore persistence; inspect endpoint hunk before binary impact verdict.";;affect;SEA-004;SEA-004: New CollectionManager/FlatCollectionManager and flat-node layout implement SeaStore collection root/create/list/remove called by SeaStore mkfs and operations.
1786;v16.2.15;v17.2.7;src/crimson/os/seastore/collection_manager/flat_collection_manager.cc;;A;A;134;0;FALSE;000000;100644;0000000000000000000000000000000000000000;6d762844eb94325ad696b922e74f2ac6ab4bbcda;02;02-bluestore-bluefs;P0;runtime/source;deep;"Triage owner 02: Crimson SeaStore persistence; inspect endpoint hunk before binary impact verdict.";;affect;SEA-004;SEA-004: New CollectionManager/FlatCollectionManager and flat-node layout implement SeaStore collection root/create/list/remove called by SeaStore mkfs and operations.
1787;v16.2.15;v17.2.7;src/crimson/os/seastore/collection_manager/flat_collection_manager.h;;A;A;41;0;FALSE;000000;100644;0000000000000000000000000000000000000000;1321ec1d8ab685e4f483de3b0cf1c7e53a95cc1b;02;02-bluestore-bluefs;P0;runtime/source;deep;"Triage owner 02: Crimson SeaStore persistence; inspect endpoint hunk before binary impact verdict.";;affect;SEA-004;SEA-004: New CollectionManager/FlatCollectionManager and flat-node layout implement SeaStore collection root/create/list/remove called by SeaStore mkfs and operations.
1788;v16.2.15;v17.2.7;src/crimson/os/seastore/extent_placement_manager.cc;;A;A;307;0;FALSE;000000;100644;0000000000000000000000000000000000000000;c4d5d285668aa96697470312da6ea6fa2515f1c8;02;02-bluestore-bluefs;P0;runtime/source;deep;"Triage owner 02: Crimson SeaStore persistence; inspect endpoint hunk before binary impact verdict.";;affect;SEA-011;SEA-011: New ExtentPlacementManager out-of-line writes and changed SegmentCleaner trim/reclaim/space accounting are wired into target TransactionManager.
1789;v16.2.15;v17.2.7;src/crimson/os/seastore/extent_placement_manager.h;;A;A;406;0;FALSE;000000;100644;0000000000000000000000000000000000000000;687c4514684fbca220b371b16fb2fdcf74cce719;02;02-bluestore-bluefs;P0;runtime/source;deep;"Triage owner 02: Crimson SeaStore persistence; inspect endpoint hunk before binary impact verdict.";;affect;SEA-011;SEA-011: New ExtentPlacementManager out-of-line writes and changed SegmentCleaner trim/reclaim/space accounting are wired into target TransactionManager.
1790;v16.2.15;v17.2.7;src/crimson/os/seastore/extent_reader.cc;;A;A;342;0;FALSE;000000;100644;0000000000000000000000000000000000000000;33f30d1f459ed5cfc1554e105d9fef3de3da9202;02;02-bluestore-bluefs;P0;runtime/source;deep;"Triage owner 02: Crimson SeaStore persistence; inspect endpoint hunk before binary impact verdict.";;affect;SEA-012;SEA-012: New ExtentReader scans and CRC-checks persisted records/extents for Journal replay and SegmentCleaner reclaim.
1791;v16.2.15;v17.2.7;src/crimson/os/seastore/extent_reader.h;;A;A;121;0;FALSE;000000;100644;0000000000000000000000000000000000000000;b6e5013cba79f20a30154ed69e7a9fe26ef338b3;02;02-bluestore-bluefs;P0;runtime/source;deep;"Triage owner 02: Crimson SeaStore persistence; inspect endpoint hunk before binary impact verdict.";;affect;SEA-012;SEA-012: New ExtentReader scans and CRC-checks persisted records/extents for Journal replay and SegmentCleaner reclaim.
1792;v16.2.15;v17.2.7;src/crimson/os/seastore/extentmap_manager.cc;;M;M;2;1;FALSE;100644;100644;32de3a6edfb58524ff1aae388ddec145f8e93feb;b0dc1b8c8a8b0ec2edde3f5669ab583fc94b4584;02;02-bluestore-bluefs;P0;runtime/source;deep;"Triage owner 02: Crimson SeaStore persistence; inspect endpoint hunk before binary impact verdict.";;trivial;;"T02-SEA-extmap: old ExtentMapManager tree is removed from target CMake and has no base caller outside its own cluster; remaining factory .cc is also unbuilt."
1793;v16.2.15;v17.2.7;src/crimson/os/seastore/extentmap_manager.h;;D;D;0;124;FALSE;100644;000000;7d5223b9481f4ab3dc53b6ef314eb999e55d3fb8;0000000000000000000000000000000000000000;02;02-bluestore-bluefs;P0;runtime/source;deep;"Triage owner 02: Crimson SeaStore persistence; inspect endpoint hunk before binary impact verdict.";;trivial;;"T02-SEA-extmap: old ExtentMapManager tree is removed from target CMake and has no base caller outside its own cluster; remaining factory .cc is also unbuilt."
1794;v16.2.15;v17.2.7;src/crimson/os/seastore/extentmap_manager/btree/btree_extentmap_manager.cc;;D;D;0;118;FALSE;100644;000000;f7609d3e8b5efdc437a827eca87de3372072858d;0000000000000000000000000000000000000000;02;02-bluestore-bluefs;P0;runtime/source;deep;"Triage owner 02: Crimson SeaStore persistence; inspect endpoint hunk before binary impact verdict.";;trivial;;"T02-SEA-extmap: old ExtentMapManager tree is removed from target CMake and has no base caller outside its own cluster; remaining factory .cc is also unbuilt."
1795;v16.2.15;v17.2.7;src/crimson/os/seastore/extentmap_manager/btree/btree_extentmap_manager.h;;D;D;0;64;FALSE;100644;000000;db676f41de6107da35083945231d1e64446cd03a;0000000000000000000000000000000000000000;02;02-bluestore-bluefs;P0;runtime/source;deep;"Triage owner 02: Crimson SeaStore persistence; inspect endpoint hunk before binary impact verdict.";;trivial;;"T02-SEA-extmap: old ExtentMapManager tree is removed from target CMake and has no base caller outside its own cluster; remaining factory .cc is also unbuilt."
1796;v16.2.15;v17.2.7;src/crimson/os/seastore/extentmap_manager/btree/extentmap_btree_node.h;;D;D;0;145;FALSE;100644;000000;3937bd049c9a1fd7bd123c987b7ea2b5ce5bf139;0000000000000000000000000000000000000000;02;02-bluestore-bluefs;P0;runtime/source;deep;"Triage owner 02: Crimson SeaStore persistence; inspect endpoint hunk before binary impact verdict.";;trivial;;"T02-SEA-extmap: old ExtentMapManager tree is removed from target CMake and has no base caller outside its own cluster; remaining factory .cc is also unbuilt."
1797;v16.2.15;v17.2.7;src/crimson/os/seastore/extentmap_manager/btree/extentmap_btree_node_impl.cc;;D;D;0;373;FALSE;100644;000000;7bf8680a532965966ceadb32a27a6de4dd11b549;0000000000000000000000000000000000000000;02;02-bluestore-bluefs;P0;runtime/source;deep;"Triage owner 02: Crimson SeaStore persistence; inspect endpoint hunk before binary impact verdict.";;trivial;;"T02-SEA-extmap: old ExtentMapManager tree is removed from target CMake and has no base caller outside its own cluster; remaining factory .cc is also unbuilt."
1798;v16.2.15;v17.2.7;src/crimson/os/seastore/extentmap_manager/btree/extentmap_btree_node_impl.h;;D;D;0;281;FALSE;100644;000000;f5da8cdc2fe5680bd55f57181b8ce56a2088bc59;0000000000000000000000000000000000000000;02;02-bluestore-bluefs;P0;runtime/source;deep;"Triage owner 02: Crimson SeaStore persistence; inspect endpoint hunk before binary impact verdict.";;trivial;;"T02-SEA-extmap: old ExtentMapManager tree is removed from target CMake and has no base caller outside its own cluster; remaining factory .cc is also unbuilt."
1799;v16.2.15;v17.2.7;src/crimson/os/seastore/journal.cc;;M;M;682;653;FALSE;100644;100644;39875fb563798a1d83504116906924595810220b;c1fc6e5d89164cb757ed7eafd6548a032c6d7972;02;02-bluestore-bluefs;P0;runtime/source;deep;"Triage owner 02: Crimson SeaStore persistence; inspect endpoint hunk before binary impact verdict.";;affect;SEA-002;"SEA-002: Journal replay changes from per-record scanner to record-group metadata/delta scanner; submit and committed boundary behavior changes."
1800;v16.2.15;v17.2.7;src/crimson/os/seastore/journal.h;;M;M;386;289;FALSE;100644;100644;7424d78b31f14b810f34021dcae6261f9a1e5d4a;d6f18cceab296eb8754004e4eb4de95fa6447ad6;02;02-bluestore-bluefs;P0;runtime/source;deep;"Triage owner 02: Crimson SeaStore persistence; inspect endpoint hunk before binary impact verdict.";;affect;SEA-002;"SEA-002: Journal interface adds record submitter/grouped submission and replay state; affects SeaStore persisted journal path."
1801;v16.2.15;v17.2.7;src/crimson/os/seastore/lba_manager.h;;M;M;52;51;FALSE;100644;100644;ad90f4c4f6e8093c0c1c2c73a3a0819a66b32866;406cf8a35ffa96f9c3eee1ea950e72a31d677bfd;02;02-bluestore-bluefs;P0;runtime/source;deep;"Triage owner 02: Crimson SeaStore persistence; inspect endpoint hunk before binary impact verdict.";;affect;SEA-007;"SEA-007: root_t and LBA B-tree implementation/layout change; TransactionManager mkfs/mount and SeaStore object mapping use these persisted roots/pins."
1802;v16.2.15;v17.2.7;src/crimson/os/seastore/lba_manager/btree/btree_lba_manager.cc;;M;M;311;369;FALSE;100644;100644;a837ae37e62e5a955d955b306a3322335d0f743a;971d018a3191584f0ae5d0ba80446880c1f4cd16;02;02-bluestore-bluefs;P0;runtime/source;deep;"Triage owner 02: Crimson SeaStore persistence; inspect endpoint hunk before binary impact verdict.";;affect;SEA-007;"SEA-007: root_t and LBA B-tree implementation/layout change; TransactionManager mkfs/mount and SeaStore object mapping use these persisted roots/pins."
1803;v16.2.15;v17.2.7;src/crimson/os/seastore/lba_manager/btree/btree_lba_manager.h;;M;M;84;41;FALSE;100644;100644;640d567348f5d83f6c46ddcbdae18e70bf27b815;a036b337b819a01138471cacdb2427ced5e3113b;02;02-bluestore-bluefs;P0;runtime/source;deep;"Triage owner 02: Crimson SeaStore persistence; inspect endpoint hunk before binary impact verdict.";;affect;SEA-007;"SEA-007: root_t and LBA B-tree implementation/layout change; TransactionManager mkfs/mount and SeaStore object mapping use these persisted roots/pins."
1804;v16.2.15;v17.2.7;src/crimson/os/seastore/lba_manager/btree/btree_range_pin.cc;;M;M;29;22;FALSE;100644;100644;a86c3cc57d8f696767d090114d57549787f43b5b;ffd0462682aa1c1fa6ba84afb6e8783791de3094;02;02-bluestore-bluefs;P0;runtime/source;deep;"Triage owner 02: Crimson SeaStore persistence; inspect endpoint hunk before binary impact verdict.";;affect;SEA-007;"SEA-007: root_t and LBA B-tree implementation/layout change; TransactionManager mkfs/mount and SeaStore object mapping use these persisted roots/pins."
1805;v16.2.15;v17.2.7;src/crimson/os/seastore/lba_manager/btree/btree_range_pin.h;;M;M;28;10;FALSE;100644;100644;3fa218fc8cdc7f19fa23961582ac3ea9797aa3ef;b80e7488c4fae39f508c39279170d1cc26109c34;02;02-bluestore-bluefs;P0;runtime/source;deep;"Triage owner 02: Crimson SeaStore persistence; inspect endpoint hunk before binary impact verdict.";;affect;SEA-007;"SEA-007: root_t and LBA B-tree implementation/layout change; TransactionManager mkfs/mount and SeaStore object mapping use these persisted roots/pins."
1806;v16.2.15;v17.2.7;src/crimson/os/seastore/lba_manager/btree/lba_btree.cc;;A;A;1029;0;FALSE;000000;100644;0000000000000000000000000000000000000000;4bfb5edf474e5e640bfafe5b35c6f8d7f76e80cf;02;02-bluestore-bluefs;P0;runtime/source;deep;"Triage owner 02: Crimson SeaStore persistence; inspect endpoint hunk before binary impact verdict.";;affect;SEA-007;"SEA-007: root_t and LBA B-tree implementation/layout change; TransactionManager mkfs/mount and SeaStore object mapping use these persisted roots/pins."
1807;v16.2.15;v17.2.7;src/crimson/os/seastore/lba_manager/btree/lba_btree.h;;A;A;712;0;FALSE;000000;100644;0000000000000000000000000000000000000000;ab604e302ae861c2ec7b6536a2ef6b3acfdf4a17;02;02-bluestore-bluefs;P0;runtime/source;deep;"Triage owner 02: Crimson SeaStore persistence; inspect endpoint hunk before binary impact verdict.";;affect;SEA-007;"SEA-007: root_t and LBA B-tree implementation/layout change; TransactionManager mkfs/mount and SeaStore object mapping use these persisted roots/pins."
1808;v16.2.15;v17.2.7;src/crimson/os/seastore/lba_manager/btree/lba_btree_node.cc;;A;A;64;0;FALSE;000000;100644;0000000000000000000000000000000000000000;21154fe375b127209d9112702e886b6cd634f354;02;02-bluestore-bluefs;P0;runtime/source;deep;"Triage owner 02: Crimson SeaStore persistence; inspect endpoint hunk before binary impact verdict.";;affect;SEA-007;"SEA-007: root_t and LBA B-tree implementation/layout change; TransactionManager mkfs/mount and SeaStore object mapping use these persisted roots/pins."
1809;v16.2.15;v17.2.7;src/crimson/os/seastore/lba_manager/btree/lba_btree_node.h;;M;M;479;183;FALSE;100644;100644;b6f33a1ae87c51f00fd65765447e735e6382457a;7f5c97c8893dfd72102d20eccf737ec2f040e45a;02;02-bluestore-bluefs;P0;runtime/source;deep;"Triage owner 02: Crimson SeaStore persistence; inspect endpoint hunk before binary impact verdict.";;affect;SEA-007;"SEA-007: root_t and LBA B-tree implementation/layout change; TransactionManager mkfs/mount and SeaStore object mapping use these persisted roots/pins."
1810;v16.2.15;v17.2.7;src/crimson/os/seastore/lba_manager/btree/lba_btree_node_impl.cc;;D;D;0;701;FALSE;100644;000000;5e400803bc1dec14d00a93cbcdd159b5549c297e;0000000000000000000000000000000000000000;02;02-bluestore-bluefs;P0;runtime/source;deep;"Triage owner 02: Crimson SeaStore persistence; inspect endpoint hunk before binary impact verdict.";;affect;SEA-007;"SEA-007: root_t and LBA B-tree implementation/layout change; TransactionManager mkfs/mount and SeaStore object mapping use these persisted roots/pins."
1811;v16.2.15;v17.2.7;src/crimson/os/seastore/lba_manager/btree/lba_btree_node_impl.h;;D;D;0;555;FALSE;100644;000000;230eef682276a5c0a7cc14ea79cdc4869a5557e8;0000000000000000000000000000000000000000;02;02-bluestore-bluefs;P0;runtime/source;deep;"Triage owner 02: Crimson SeaStore persistence; inspect endpoint hunk before binary impact verdict.";;affect;SEA-007;"SEA-007: root_t and LBA B-tree implementation/layout change; TransactionManager mkfs/mount and SeaStore object mapping use these persisted roots/pins."
1812;v16.2.15;v17.2.7;src/crimson/os/seastore/logging.h;;A;A;47;0;FALSE;000000;100644;0000000000000000000000000000000000000000;5094a6e4a5a6bc5f7d6bd38a0522f9e5919b6cae;02;02-bluestore-bluefs;P0;runtime/source;deep;"Triage owner 02: Crimson SeaStore persistence; inspect endpoint hunk before binary impact verdict.";;trivial;;"T02-SEA-log: new macros route format/debug messages to SeaStore subsystems; no state, wire, storage, gate, or alert contract changed by this header alone."
1813;v16.2.15;v17.2.7;src/crimson/os/seastore/object_data_handler.cc;;A;A;594;0;FALSE;000000;100644;0000000000000000000000000000000000000000;583e6118768fc7b7f7e7ac29cd57412f24ea13d2;02;02-bluestore-bluefs;P0;runtime/source;deep;"Triage owner 02: Crimson SeaStore persistence; inspect endpoint hunk before binary impact verdict.";;affect;SEA-005;"SEA-005: New ObjectDataHandler read/write/overwrite/truncate path is called by SeaStore object operations; changes object data persistence."
1814;v16.2.15;v17.2.7;src/crimson/os/seastore/object_data_handler.h;;A;A;121;0;FALSE;000000;100644;0000000000000000000000000000000000000000;c397245125cf89ac51287a6b63eb7009b24921cf;02;02-bluestore-bluefs;P0;runtime/source;deep;"Triage owner 02: Crimson SeaStore persistence; inspect endpoint hunk before binary impact verdict.";;affect;SEA-005;"SEA-005: New ObjectDataHandler read/write/overwrite/truncate path is called by SeaStore object operations; changes object data persistence."
1815;v16.2.15;v17.2.7;src/crimson/os/seastore/omap_manager.cc;;A;A;42;0;FALSE;000000;100644;0000000000000000000000000000000000000000;7ad37a2e95977c9035d84b51ad2267cc8145847d;02;02-bluestore-bluefs;P0;runtime/source;deep;"Triage owner 02: Crimson SeaStore persistence; inspect endpoint hunk before binary impact verdict.";;affect;SEA-003;"SEA-003: New OMapManager/BtreeOMapManager and string-key node layout implement SeaStore OMAP/xattr get/set/list/clear called from SeaStore; persisted tree path."
1816;v16.2.15;v17.2.7;src/crimson/os/seastore/omap_manager.h;;A;A;176;0;FALSE;000000;100644;0000000000000000000000000000000000000000;4107cb2d40125f3c6972d712c86a969af66e130e;02;02-bluestore-bluefs;P0;runtime/source;deep;"Triage owner 02: Crimson SeaStore persistence; inspect endpoint hunk before binary impact verdict.";;affect;SEA-003;"SEA-003: New OMapManager/BtreeOMapManager and string-key node layout implement SeaStore OMAP/xattr get/set/list/clear called from SeaStore; persisted tree path."
1817;v16.2.15;v17.2.7;src/crimson/os/seastore/omap_manager/btree/btree_omap_manager.cc;;A;A;227;0;FALSE;000000;100644;0000000000000000000000000000000000000000;e666879b1e111a27e5c7ae3176bfb6468e59ec45;02;02-bluestore-bluefs;P0;runtime/source;deep;"Triage owner 02: Crimson SeaStore persistence; inspect endpoint hunk before binary impact verdict.";;affect;SEA-003;"SEA-003: New OMapManager/BtreeOMapManager and string-key node layout implement SeaStore OMAP/xattr get/set/list/clear called from SeaStore; persisted tree path."
1818;v16.2.15;v17.2.7;src/crimson/os/seastore/omap_manager/btree/btree_omap_manager.h;;A;A;103;0;FALSE;000000;100644;0000000000000000000000000000000000000000;87ce68235a06be7fb7efced2cfd1427e5b34d147;02;02-bluestore-bluefs;P0;runtime/source;deep;"Triage owner 02: Crimson SeaStore persistence; inspect endpoint hunk before binary impact verdict.";;affect;SEA-003;"SEA-003: New OMapManager/BtreeOMapManager and string-key node layout implement SeaStore OMAP/xattr get/set/list/clear called from SeaStore; persisted tree path."
1819;v16.2.15;v17.2.7;src/crimson/os/seastore/omap_manager/btree/omap_btree_node.h;;A;A;116;0;FALSE;000000;100644;0000000000000000000000000000000000000000;5280e73c49622d197c7eb791eefd188bc519c0df;02;02-bluestore-bluefs;P0;runtime/source;deep;"Triage owner 02: Crimson SeaStore persistence; inspect endpoint hunk before binary impact verdict.";;affect;SEA-003;"SEA-003: New OMapManager/BtreeOMapManager and string-key node layout implement SeaStore OMAP/xattr get/set/list/clear called from SeaStore; persisted tree path."
1820;v16.2.15;v17.2.7;src/crimson/os/seastore/omap_manager/btree/omap_btree_node_impl.cc;;A;A;628;0;FALSE;000000;100644;0000000000000000000000000000000000000000;64f72b1592fcf6bf5b6fb101918c327a1e6c9bf6;02;02-bluestore-bluefs;P0;runtime/source;deep;"Triage owner 02: Crimson SeaStore persistence; inspect endpoint hunk before binary impact verdict.";;affect;SEA-003;"SEA-003: New OMapManager/BtreeOMapManager and string-key node layout implement SeaStore OMAP/xattr get/set/list/clear called from SeaStore; persisted tree path."
1821;v16.2.15;v17.2.7;src/crimson/os/seastore/omap_manager/btree/omap_btree_node_impl.h;;A;A;237;0;FALSE;000000;100644;0000000000000000000000000000000000000000;a26b9af9e8848f1ddf079e8374c7616499391255;02;02-bluestore-bluefs;P0;runtime/source;deep;"Triage owner 02: Crimson SeaStore persistence; inspect endpoint hunk before binary impact verdict.";;affect;SEA-003;"SEA-003: New OMapManager/BtreeOMapManager and string-key node layout implement SeaStore OMAP/xattr get/set/list/clear called from SeaStore; persisted tree path."
1822;v16.2.15;v17.2.7;src/crimson/os/seastore/omap_manager/btree/omap_types.h;;A;A;157;0;FALSE;000000;100644;0000000000000000000000000000000000000000;9e0d10e035863d6a9bc60eeaea843bf0ba92802f;02;02-bluestore-bluefs;P0;runtime/source;deep;"Triage owner 02: Crimson SeaStore persistence; inspect endpoint hunk before binary impact verdict.";;affect;SEA-003;"SEA-003: New OMapManager/BtreeOMapManager and string-key node layout implement SeaStore OMAP/xattr get/set/list/clear called from SeaStore; persisted tree path."
1823;v16.2.15;v17.2.7;src/crimson/os/seastore/omap_manager/btree/string_kv_node_layout.h;;A;A;1537;0;FALSE;000000;100644;0000000000000000000000000000000000000000;9948a4292fd985c4876641d2d768c328728f57b4;02;02-bluestore-bluefs;P0;runtime/source;deep;"Triage owner 02: Crimson SeaStore persistence; inspect endpoint hunk before binary impact verdict.";;affect;SEA-003;"SEA-003: New OMapManager/BtreeOMapManager and string-key node layout implement SeaStore OMAP/xattr get/set/list/clear called from SeaStore; persisted tree path."
1824;v16.2.15;v17.2.7;src/crimson/os/seastore/onode.cc;;M;M;6;32;FALSE;100644;100644;a8b925b7014884cd657c69485ba6a9a399949298;96b69fb7c30f1df1973192e5762090add7a24b8c;02;02-bluestore-bluefs;P0;runtime/source;deep;"Triage owner 02: Crimson SeaStore persistence; inspect endpoint hunk before binary impact verdict.";;affect;SEA-008;SEA-008: target Onode layout and FLTreeOnodeManager implement persisted object metadata, OMAP/xattr/data roots and tree operations called by SeaStore.
1825;v16.2.15;v17.2.7;src/crimson/os/seastore/onode.h;;M;M;59;24;FALSE;100644;100644;4d778302881ba6a90b7bb6b2cf68f03870a0d625;c9c31c3a0b512533cbaef07365029026adb22147;02;02-bluestore-bluefs;P0;runtime/source;deep;"Triage owner 02: Crimson SeaStore persistence; inspect endpoint hunk before binary impact verdict.";;affect;SEA-008;SEA-008: target Onode layout and FLTreeOnodeManager implement persisted object metadata, OMAP/xattr/data roots and tree operations called by SeaStore.
1826;v16.2.15;v17.2.7;src/crimson/os/seastore/onode_manager.h;;M;M;54;25;FALSE;100644;100644;0a03b7fdf7cd804c6a757765c3ce40920df9539c;123c9e4f865eace9ef0d41c973f287a964819b46;02;02-bluestore-bluefs;P0;runtime/source;deep;"Triage owner 02: Crimson SeaStore persistence; inspect endpoint hunk before binary impact verdict.";;affect;SEA-008;SEA-008: target Onode layout and FLTreeOnodeManager implement persisted object metadata, OMAP/xattr/data roots and tree operations called by SeaStore.
1827;v16.2.15;v17.2.7;src/crimson/os/seastore/onode_manager/simple-fltree/onode_block.cc;;D;D;0;71;FALSE;100644;000000;b05ea76a37474025a103e01c6e16d47990ddd403;0000000000000000000000000000000000000000;02;02-bluestore-bluefs;P0;runtime/source;deep;"Triage owner 02: Crimson SeaStore persistence; inspect endpoint hunk before binary impact verdict.";;trivial;;"T02-SEA-old-onode: removed simple-fltree implementation was compiled in base but no production OnodeManager instantiated it; base create_ephemeral returned null, target uses staged FLTree."
1828;v16.2.15;v17.2.7;src/crimson/os/seastore/onode_manager/simple-fltree/onode_block.h;;D;D;0;65;FALSE;100644;000000;0025d98479de63a1a9b92ac467c22bffa87796dc;0000000000000000000000000000000000000000;02;02-bluestore-bluefs;P0;runtime/source;deep;"Triage owner 02: Crimson SeaStore persistence; inspect endpoint hunk before binary impact verdict.";;trivial;;"T02-SEA-old-onode: removed simple-fltree implementation was compiled in base but no production OnodeManager instantiated it; base create_ephemeral returned null, target uses staged FLTree."
1829;v16.2.15;v17.2.7;src/crimson/os/seastore/onode_manager/simple-fltree/onode_delta.cc;;D;D;0;188;FALSE;100644;000000;869685d45cf63e1511750681575495117c05968e;0000000000000000000000000000000000000000;02;02-bluestore-bluefs;P0;runtime/source;deep;"Triage owner 02: Crimson SeaStore persistence; inspect endpoint hunk before binary impact verdict.";;trivial;;"T02-SEA-old-onode: removed simple-fltree implementation was compiled in base but no production OnodeManager instantiated it; base create_ephemeral returned null, target uses staged FLTree."
1830;v16.2.15;v17.2.7;src/crimson/os/seastore/onode_manager/simple-fltree/onode_delta.h;;D;D;0;70;FALSE;100644;000000;3e7e7315e06317bc15b5b3301e82ceb26977dcf3;0000000000000000000000000000000000000000;02;02-bluestore-bluefs;P0;runtime/source;deep;"Triage owner 02: Crimson SeaStore persistence; inspect endpoint hunk before binary impact verdict.";;trivial;;"T02-SEA-old-onode: removed simple-fltree implementation was compiled in base but no production OnodeManager instantiated it; base create_ephemeral returned null, target uses staged FLTree."
1831;v16.2.15;v17.2.7;src/crimson/os/seastore/onode_manager/simple-fltree/onode_node.cc;;D;D;0;567;FALSE;100644;000000;fdcaa2fcb6e8151d94201ab5262acf928a48e3ca;0000000000000000000000000000000000000000;02;02-bluestore-bluefs;P0;runtime/source;deep;"Triage owner 02: Crimson SeaStore persistence; inspect endpoint hunk before binary impact verdict.";;trivial;;"T02-SEA-old-onode: removed simple-fltree implementation was compiled in base but no production OnodeManager instantiated it; base create_ephemeral returned null, target uses staged FLTree."
1832;v16.2.15;v17.2.7;src/crimson/os/seastore/onode_manager/simple-fltree/onode_node.h;;D;D;0;942;FALSE;100644;000000;d833a6682c8330ea860aa4bd515819de9a964992;0000000000000000000000000000000000000000;02;02-bluestore-bluefs;P0;runtime/source;deep;"Triage owner 02: Crimson SeaStore persistence; inspect endpoint hunk before binary impact verdict.";;trivial;;"T02-SEA-old-onode: removed simple-fltree implementation was compiled in base but no production OnodeManager instantiated it; base create_ephemeral returned null, target uses staged FLTree."
1833;v16.2.15;v17.2.7;src/crimson/os/seastore/onode_manager/staged-fltree/fltree_onode_manager.cc;;A;A;173;0;FALSE;000000;100644;0000000000000000000000000000000000000000;33cf10e35885b099d07f5682a39f583ea2575b47;02;02-bluestore-bluefs;P0;runtime/source;deep;"Triage owner 02: Crimson SeaStore persistence; inspect endpoint hunk before binary impact verdict.";;affect;SEA-008;SEA-008: target Onode layout and FLTreeOnodeManager implement persisted object metadata, OMAP/xattr/data roots and tree operations called by SeaStore.
1834;v16.2.15;v17.2.7;src/crimson/os/seastore/onode_manager/staged-fltree/fltree_onode_manager.h;;A;A;168;0;FALSE;000000;100644;0000000000000000000000000000000000000000;0367b823f361bbafe3b860cb849320de501cf6a0;02;02-bluestore-bluefs;P0;runtime/source;deep;"Triage owner 02: Crimson SeaStore persistence; inspect endpoint hunk before binary impact verdict.";;affect;SEA-008;SEA-008: target Onode layout and FLTreeOnodeManager implement persisted object metadata, OMAP/xattr/data roots and tree operations called by SeaStore.
1835;v16.2.15;v17.2.7;src/crimson/os/seastore/onode_manager/staged-fltree/fwd.h;;M;M;103;5;FALSE;100644;100644;4908c691f9122533f6a1737c02b991cd7bc1a869;9adba5e34e23af257986e25c7def32396b80a4e6;02;02-bluestore-bluefs;P0;runtime/source;deep;"Triage owner 02: Crimson SeaStore persistence; inspect endpoint hunk before binary impact verdict.";;affect;SEA-009;"SEA-009: staged FL-tree node/key/value layout, extent access, delta replay and split/merge path now under target runtime FLTreeOnodeManager; old tree source is replaced."
1836;v16.2.15;v17.2.7;src/crimson/os/seastore/onode_manager/staged-fltree/node.cc;;M;M;1774;326;FALSE;100644;100644;3df458f08623e0dc919a39ed3898d743342c1bf8;0236a3c6bbef6e0e898351c851e64b3b5caea2d9;02;02-bluestore-bluefs;P0;runtime/source;deep;"Triage owner 02: Crimson SeaStore persistence; inspect endpoint hunk before binary impact verdict.";;affect;SEA-009;"SEA-009: staged FL-tree node/key/value layout, extent access, delta replay and split/merge path now under target runtime FLTreeOnodeManager; old tree source is replaced."
1837;v16.2.15;v17.2.7;src/crimson/os/seastore/onode_manager/staged-fltree/node.h;;M;M;336;81;FALSE;100644;100644;d6af489e7701b0ab6c22216a6947a823a2f35b02;4abcf341ce811c9c6836508e1ea5ce4f67028299;02;02-bluestore-bluefs;P0;runtime/source;deep;"Triage owner 02: Crimson SeaStore persistence; inspect endpoint hunk before binary impact verdict.";;affect;SEA-009;"SEA-009: staged FL-tree node/key/value layout, extent access, delta replay and split/merge path now under target runtime FLTreeOnodeManager; old tree source is replaced."
1838;v16.2.15;v17.2.7;src/crimson/os/seastore/onode_manager/staged-fltree/node_delta_recorder.h;;M;M;16;3;FALSE;100644;100644;d08a990151ebe2ea3368753a81529cbf44a9de7e;ea26195de71caacf8474cfa51242c2968d5067eb;02;02-bluestore-bluefs;P0;runtime/source;deep;"Triage owner 02: Crimson SeaStore persistence; inspect endpoint hunk before binary impact verdict.";;affect;SEA-009;"SEA-009: staged FL-tree node/key/value layout, extent access, delta replay and split/merge path now under target runtime FLTreeOnodeManager; old tree source is replaced."
1839;v16.2.15;v17.2.7;src/crimson/os/seastore/onode_manager/staged-fltree/node_extent_accessor.h;;M;M;325;120;FALSE;100644;100644;94782f50d4d9bbd4cf047290b8590152de076052;379583523d80f4fd65df4cf00a599965d2dbbca8;02;02-bluestore-bluefs;P0;runtime/source;deep;"Triage owner 02: Crimson SeaStore persistence; inspect endpoint hunk before binary impact verdict.";;affect;SEA-009;"SEA-009: staged FL-tree node/key/value layout, extent access, delta replay and split/merge path now under target runtime FLTreeOnodeManager; old tree source is replaced."
1840;v16.2.15;v17.2.7;src/crimson/os/seastore/onode_manager/staged-fltree/node_extent_manager.cc;;M;M;11;14;FALSE;100644;100644;bd22d4b6751219e40b9fcbfb4f947e565e84abb1;8e6f16a744ff439c84a129453cb6a4085efabf0c;02;02-bluestore-bluefs;P0;runtime/source;deep;"Triage owner 02: Crimson SeaStore persistence; inspect endpoint hunk before binary impact verdict.";;affect;SEA-009;"SEA-009: staged FL-tree node/key/value layout, extent access, delta replay and split/merge path now under target runtime FLTreeOnodeManager; old tree source is replaced."
1841;v16.2.15;v17.2.7;src/crimson/os/seastore/onode_manager/staged-fltree/node_extent_manager.h;;M;M;31;16;FALSE;100644;100644;77b230e035fc9ebe43cd4939f89cc8570498e254;6f7ae9245d6dca57ac2c9e7e0baf0bd2bdfb02c9;02;02-bluestore-bluefs;P0;runtime/source;deep;"Triage owner 02: Crimson SeaStore persistence; inspect endpoint hunk before binary impact verdict.";;affect;SEA-009;"SEA-009: staged FL-tree node/key/value layout, extent access, delta replay and split/merge path now under target runtime FLTreeOnodeManager; old tree source is replaced."
1842;v16.2.15;v17.2.7;src/crimson/os/seastore/onode_manager/staged-fltree/node_extent_manager/dummy.h;;M;M;69;33;FALSE;100644;100644;830ea4a7db80e9658357d96060fa117d6fe2020b;52aee6a75fcefcc53f8a1ce3f373d134a4a42440;02;02-bluestore-bluefs;P0;runtime/source;deep;"Triage owner 02: Crimson SeaStore persistence; inspect endpoint hunk before binary impact verdict.";;trivial;;"T02-SEA-dummy: DummyNodeExtentManager changes test-only in-memory extent behavior; target production FLTree uses create_seastore, not create_dummy."
1843;v16.2.15;v17.2.7;src/crimson/os/seastore/onode_manager/staged-fltree/node_extent_manager/seastore.cc;;M;M;37;35;FALSE;100644;100644;8d88485bf7295512c0dfce25e9fe256339c265cb;3b52c5dc069c1277d76ecea7dbba0e9c1911f43a;02;02-bluestore-bluefs;P0;runtime/source;deep;"Triage owner 02: Crimson SeaStore persistence; inspect endpoint hunk before binary impact verdict.";;affect;SEA-009;"SEA-009: staged FL-tree node/key/value layout, extent access, delta replay and split/merge path now under target runtime FLTreeOnodeManager; old tree source is replaced."
1844;v16.2.15;v17.2.7;src/crimson/os/seastore/onode_manager/staged-fltree/node_extent_manager/seastore.h;;M;M;134;41;FALSE;100644;100644;f80b99fabe008023f1173e6196e3d03be34c47f9;1e151118fe7728a67712670e06d044893580ee9b;02;02-bluestore-bluefs;P0;runtime/source;deep;"Triage owner 02: Crimson SeaStore persistence; inspect endpoint hunk before binary impact verdict.";;affect;SEA-009;"SEA-009: staged FL-tree node/key/value layout, extent access, delta replay and split/merge path now under target runtime FLTreeOnodeManager; old tree source is replaced."
1845;v16.2.15;v17.2.7;src/crimson/os/seastore/onode_manager/staged-fltree/node_extent_manager/test_replay.h;;M;M;1;1;FALSE;100644;100644;240c8893281f3458ab5e6fe2d08954d628ac6a9e;b63a362f845edeee634fd89f703302a3411c32d7;02;02-bluestore-bluefs;P0;runtime/source;deep;"Triage owner 02: Crimson SeaStore persistence; inspect endpoint hunk before binary impact verdict.";;affect;SEA-009;"SEA-009: staged FL-tree node/key/value layout, extent access, delta replay and split/merge path now under target runtime FLTreeOnodeManager; old tree source is replaced."
1846;v16.2.15;v17.2.7;src/crimson/os/seastore/onode_manager/staged-fltree/node_extent_mutable.cc;;D;D;0;39;FALSE;100644;000000;048c4000d3bbe0d41fa8506012b41f46d2061501;0000000000000000000000000000000000000000;02;02-bluestore-bluefs;P0;runtime/source;deep;"Triage owner 02: Crimson SeaStore persistence; inspect endpoint hunk before binary impact verdict.";;affect;SEA-009;"SEA-009: staged FL-tree node/key/value layout, extent access, delta replay and split/merge path now under target runtime FLTreeOnodeManager; old tree source is replaced."
1847;v16.2.15;v17.2.7;src/crimson/os/seastore/onode_manager/staged-fltree/node_extent_mutable.h;;M;M;50;17;FALSE;100644;100644;52f10a013003093d786ca3a5b90a7df96dfd428b;6f92ca9edf389420d12ab259acde5b745b6d9177;02;02-bluestore-bluefs;P0;runtime/source;deep;"Triage owner 02: Crimson SeaStore persistence; inspect endpoint hunk before binary impact verdict.";;affect;SEA-009;"SEA-009: staged FL-tree node/key/value layout, extent access, delta replay and split/merge path now under target runtime FLTreeOnodeManager; old tree source is replaced."
1848;v16.2.15;v17.2.7;src/crimson/os/seastore/onode_manager/staged-fltree/node_impl.cc;;M;M;26;22;FALSE;100644;100644;59d792b1a4ea6e083c3e150a674e630386de0495;5db0f83dda6167d19dafed3c4a56127e0bb9795f;02;02-bluestore-bluefs;P0;runtime/source;deep;"Triage owner 02: Crimson SeaStore persistence; inspect endpoint hunk before binary impact verdict.";;affect;SEA-009;"SEA-009: staged FL-tree node/key/value layout, extent access, delta replay and split/merge path now under target runtime FLTreeOnodeManager; old tree source is replaced."
1849;v16.2.15;v17.2.7;src/crimson/os/seastore/onode_manager/staged-fltree/node_impl.h;;M;M;101;28;FALSE;100644;100644;3267cda2bfec925806f2f14fd424fad12764d19c;cf452618b6fa101a4fff54a93e1154adefe12b0b;02;02-bluestore-bluefs;P0;runtime/source;deep;"Triage owner 02: Crimson SeaStore persistence; inspect endpoint hunk before binary impact verdict.";;affect;SEA-009;"SEA-009: staged FL-tree node/key/value layout, extent access, delta replay and split/merge path now under target runtime FLTreeOnodeManager; old tree source is replaced."
1850;v16.2.15;v17.2.7;src/crimson/os/seastore/onode_manager/staged-fltree/node_layout.h;;M;M;466;132;FALSE;100644;100644;916d174243a8a712b00b5903b2610c77207465c3;ffc668e2ccf864092381b1464642f7bc94ab0d3f;02;02-bluestore-bluefs;P0;runtime/source;deep;"Triage owner 02: Crimson SeaStore persistence; inspect endpoint hunk before binary impact verdict.";;affect;SEA-009;"SEA-009: staged FL-tree node/key/value layout, extent access, delta replay and split/merge path now under target runtime FLTreeOnodeManager; old tree source is replaced."
1851;v16.2.15;v17.2.7;src/crimson/os/seastore/onode_manager/staged-fltree/node_layout_replayable.h;;M;M;66;2;FALSE;100644;100644;c1499d6093db0bb3d732a764714a4aecf68ea714;ece058111f452134e97837fad93df336e53bc0bd;02;02-bluestore-bluefs;P0;runtime/source;deep;"Triage owner 02: Crimson SeaStore persistence; inspect endpoint hunk before binary impact verdict.";;affect;SEA-009;"SEA-009: staged FL-tree node/key/value layout, extent access, delta replay and split/merge path now under target runtime FLTreeOnodeManager; old tree source is replaced."
1852;v16.2.15;v17.2.7;src/crimson/os/seastore/onode_manager/staged-fltree/node_types.h;;M;M;81;0;FALSE;100644;100644;6774544c717d24fcb71a3596ce89842dc4037c17;22c140b5993d948063150e1502227dd5f305b32e;02;02-bluestore-bluefs;P0;runtime/source;deep;"Triage owner 02: Crimson SeaStore persistence; inspect endpoint hunk before binary impact verdict.";;affect;SEA-009;"SEA-009: staged FL-tree node/key/value layout, extent access, delta replay and split/merge path now under target runtime FLTreeOnodeManager; old tree source is replaced."
1853;v16.2.15;v17.2.7;src/crimson/os/seastore/onode_manager/staged-fltree/stages/item_iterator_stage.cc;;M;M;48;11;FALSE;100644;100644;443c6cabdeb8a2e5b96ad2c46e0a344193aa1cb6;85c05e3cb12ae3e4901572b308f1fbca4616aab5;02;02-bluestore-bluefs;P0;runtime/source;deep;"Triage owner 02: Crimson SeaStore persistence; inspect endpoint hunk before binary impact verdict.";;affect;SEA-009;"SEA-009: staged FL-tree node/key/value layout, extent access, delta replay and split/merge path now under target runtime FLTreeOnodeManager; old tree source is replaced."
1854;v16.2.15;v17.2.7;src/crimson/os/seastore/onode_manager/staged-fltree/stages/item_iterator_stage.h;;M;M;30;17;FALSE;100644;100644;bb68eec8f19cfa7c1629180d19a450400cd831c4;3cc70752b418186c05c9381b347700c7f0e97a71;02;02-bluestore-bluefs;P0;runtime/source;deep;"Triage owner 02: Crimson SeaStore persistence; inspect endpoint hunk before binary impact verdict.";;affect;SEA-009;"SEA-009: staged FL-tree node/key/value layout, extent access, delta replay and split/merge path now under target runtime FLTreeOnodeManager; old tree source is replaced."
1855;v16.2.15;v17.2.7;src/crimson/os/seastore/onode_manager/staged-fltree/stages/key_layout.cc;;M;M;6;4;FALSE;100644;100644;d60bb8d09f9d9806cd49fd350c8184813639e803;4bf717dc224eab6683163d79cbe3bbec8595d41a;02;02-bluestore-bluefs;P0;runtime/source;deep;"Triage owner 02: Crimson SeaStore persistence; inspect endpoint hunk before binary impact verdict.";;affect;SEA-009;"SEA-009: staged FL-tree node/key/value layout, extent access, delta replay and split/merge path now under target runtime FLTreeOnodeManager; old tree source is replaced."
1856;v16.2.15;v17.2.7;src/crimson/os/seastore/onode_manager/staged-fltree/stages/key_layout.h;;M;M;175;78;FALSE;100644;100644;cc1f546c1a96626621251ed2af108644e0666fa5;be138ae84e31cdb006d74b2a7988221391700065;02;02-bluestore-bluefs;P0;runtime/source;deep;"Triage owner 02: Crimson SeaStore persistence; inspect endpoint hunk before binary impact verdict.";;affect;SEA-009;"SEA-009: staged FL-tree node/key/value layout, extent access, delta replay and split/merge path now under target runtime FLTreeOnodeManager; old tree source is replaced."
1857;v16.2.15;v17.2.7;src/crimson/os/seastore/onode_manager/staged-fltree/stages/node_stage.cc;;M;M;134;32;FALSE;100644;100644;4a59881857d62794cf6b714ec499594f3af21869;4252b4dcb1f4274be214c28b2db86afb9d21532a;02;02-bluestore-bluefs;P0;runtime/source;deep;"Triage owner 02: Crimson SeaStore persistence; inspect endpoint hunk before binary impact verdict.";;affect;SEA-009;"SEA-009: staged FL-tree node/key/value layout, extent access, delta replay and split/merge path now under target runtime FLTreeOnodeManager; old tree source is replaced."
1858;v16.2.15;v17.2.7;src/crimson/os/seastore/onode_manager/staged-fltree/stages/node_stage.h;;M;M;42;36;FALSE;100644;100644;cf0ca463cbf4b596ca892a047bfa4165d1619b3c;9084e954c6b3a3fdad22c32c331045a65d70b9b0;02;02-bluestore-bluefs;P0;runtime/source;deep;"Triage owner 02: Crimson SeaStore persistence; inspect endpoint hunk before binary impact verdict.";;affect;SEA-009;"SEA-009: staged FL-tree node/key/value layout, extent access, delta replay and split/merge path now under target runtime FLTreeOnodeManager; old tree source is replaced."
1859;v16.2.15;v17.2.7;src/crimson/os/seastore/onode_manager/staged-fltree/stages/node_stage_layout.cc;;M;M;68;11;FALSE;100644;100644;81bfac72a77aec76f1b88765cf4344e3438a03e5;373f5d4fb6ceb2ae2dee9653205a74cd93f6bee6;02;02-bluestore-bluefs;P0;runtime/source;deep;"Triage owner 02: Crimson SeaStore persistence; inspect endpoint hunk before binary impact verdict.";;affect;SEA-009;"SEA-009: staged FL-tree node/key/value layout, extent access, delta replay and split/merge path now under target runtime FLTreeOnodeManager; old tree source is replaced."
1860;v16.2.15;v17.2.7;src/crimson/os/seastore/onode_manager/staged-fltree/stages/node_stage_layout.h;;M;M;105;65;FALSE;100644;100644;14ba95bf4467db64ba2764ae774ac654d0609a0e;611b7dc1828ba9ddce9a934ac3e0b0157bf45cb6;02;02-bluestore-bluefs;P0;runtime/source;deep;"Triage owner 02: Crimson SeaStore persistence; inspect endpoint hunk before binary impact verdict.";;affect;SEA-009;"SEA-009: staged FL-tree node/key/value layout, extent access, delta replay and split/merge path now under target runtime FLTreeOnodeManager; old tree source is replaced."
1861;v16.2.15;v17.2.7;src/crimson/os/seastore/onode_manager/staged-fltree/stages/stage.h;;M;M;357;67;FALSE;100644;100644;cac167a9820613b06fc22c0db0803ed2b11d1a76;4ea88cadf753dfd7dd228fb353b6ecea1a388a45;02;02-bluestore-bluefs;P0;runtime/source;deep;"Triage owner 02: Crimson SeaStore persistence; inspect endpoint hunk before binary impact verdict.";;affect;SEA-009;"SEA-009: staged FL-tree node/key/value layout, extent access, delta replay and split/merge path now under target runtime FLTreeOnodeManager; old tree source is replaced."
1862;v16.2.15;v17.2.7;src/crimson/os/seastore/onode_manager/staged-fltree/stages/stage_types.h;;M;M;75;22;FALSE;100644;100644;a9d5cef3b4a9581fbfb8322f2c9cb0c31033650e;94017bb60079f0bb6e48d8bc125d8851ffe9bef3;02;02-bluestore-bluefs;P0;runtime/source;deep;"Triage owner 02: Crimson SeaStore persistence; inspect endpoint hunk before binary impact verdict.";;affect;SEA-009;"SEA-009: staged FL-tree node/key/value layout, extent access, delta replay and split/merge path now under target runtime FLTreeOnodeManager; old tree source is replaced."
1863;v16.2.15;v17.2.7;src/crimson/os/seastore/onode_manager/staged-fltree/stages/sub_items_stage.cc;;M;M;147;26;FALSE;100644;100644;aaca6c3c622cab8a0f6d6a48ce40164ee04079bd;ac3045e6feef54bf2a5c53bd7d1ee76a66afe527;02;02-bluestore-bluefs;P0;runtime/source;deep;"Triage owner 02: Crimson SeaStore persistence; inspect endpoint hunk before binary impact verdict.";;affect;SEA-009;"SEA-009: staged FL-tree node/key/value layout, extent access, delta replay and split/merge path now under target runtime FLTreeOnodeManager; old tree source is replaced."
1864;v16.2.15;v17.2.7;src/crimson/os/seastore/onode_manager/staged-fltree/stages/sub_items_stage.h;;M;M;97;70;FALSE;100644;100644;8ef5f747263b04a6589a9248b929ac62776f5634;a17660ff89a0044de5149919cbe1aff2a66f6b8d;02;02-bluestore-bluefs;P0;runtime/source;deep;"Triage owner 02: Crimson SeaStore persistence; inspect endpoint hunk before binary impact verdict.";;affect;SEA-009;"SEA-009: staged FL-tree node/key/value layout, extent access, delta replay and split/merge path now under target runtime FLTreeOnodeManager; old tree source is replaced."
1865;v16.2.15;v17.2.7;src/crimson/os/seastore/onode_manager/staged-fltree/super.cc;;M;M;4;2;FALSE;100644;100644;5a28f5097c2a44892d3be00b4cad7e59d018a9a2;09f20db3a77ea8102f0ce8425b6103b633e044d0;02;02-bluestore-bluefs;P0;runtime/source;deep;"Triage owner 02: Crimson SeaStore persistence; inspect endpoint hunk before binary impact verdict.";;affect;SEA-009;"SEA-009: staged FL-tree node/key/value layout, extent access, delta replay and split/merge path now under target runtime FLTreeOnodeManager; old tree source is replaced."
1866;v16.2.15;v17.2.7;src/crimson/os/seastore/onode_manager/staged-fltree/tree.cc;;D;D;0;235;FALSE;100644;000000;2c8c216522652ea70424b18e09d0745531bb8e57;0000000000000000000000000000000000000000;02;02-bluestore-bluefs;P0;runtime/source;deep;"Triage owner 02: Crimson SeaStore persistence; inspect endpoint hunk before binary impact verdict.";;affect;SEA-009;"SEA-009: staged FL-tree node/key/value layout, extent access, delta replay and split/merge path now under target runtime FLTreeOnodeManager; old tree source is replaced."
1867;v16.2.15;v17.2.7;src/crimson/os/seastore/onode_manager/staged-fltree/tree.h;;M;M;346;80;FALSE;100644;100644;7ee618cb3ff5b748b8ac1fb3598e11c3855696c9;8c13f4fe1bc456c6e63e55c02c557eee76ab6ab6;02;02-bluestore-bluefs;P0;runtime/source;deep;"Triage owner 02: Crimson SeaStore persistence; inspect endpoint hunk before binary impact verdict.";;affect;SEA-009;"SEA-009: staged FL-tree node/key/value layout, extent access, delta replay and split/merge path now under target runtime FLTreeOnodeManager; old tree source is replaced."
1868;v16.2.15;v17.2.7;src/crimson/os/seastore/onode_manager/staged-fltree/tree_types.h;;D;D;0;125;FALSE;100644;000000;0bb345e0aba0901c685a47e88001ac0183add7e9;0000000000000000000000000000000000000000;02;02-bluestore-bluefs;P0;runtime/source;deep;"Triage owner 02: Crimson SeaStore persistence; inspect endpoint hunk before binary impact verdict.";;affect;SEA-009;"SEA-009: staged FL-tree node/key/value layout, extent access, delta replay and split/merge path now under target runtime FLTreeOnodeManager; old tree source is replaced."
1869;v16.2.15;v17.2.7;src/crimson/os/seastore/onode_manager/staged-fltree/tree_utils.h;;M;M;418;191;FALSE;100644;100644;536052003df4d16b265e20ddb41478b3e873c8ab;e061cf8c53daee2f15e015b6dd63f859cfcd1258;02;02-bluestore-bluefs;P0;runtime/source;deep;"Triage owner 02: Crimson SeaStore persistence; inspect endpoint hunk before binary impact verdict.";;affect;SEA-009;"SEA-009: staged FL-tree node/key/value layout, extent access, delta replay and split/merge path now under target runtime FLTreeOnodeManager; old tree source is replaced."
1870;v16.2.15;v17.2.7;src/crimson/os/seastore/onode_manager/staged-fltree/value.cc;;A;A;164;0;FALSE;000000;100644;0000000000000000000000000000000000000000;e71ce06453acd741fd5fbc622c2745182be17e48;02;02-bluestore-bluefs;P0;runtime/source;deep;"Triage owner 02: Crimson SeaStore persistence; inspect endpoint hunk before binary impact verdict.";;affect;SEA-008;SEA-008: target Onode layout and FLTreeOnodeManager implement persisted object metadata, OMAP/xattr/data roots and tree operations called by SeaStore.
1871;v16.2.15;v17.2.7;src/crimson/os/seastore/onode_manager/staged-fltree/value.h;;A;A;332;0;FALSE;000000;100644;0000000000000000000000000000000000000000;18d459969785d0f06e8a0baee67f07244899fab1;02;02-bluestore-bluefs;P0;runtime/source;deep;"Triage owner 02: Crimson SeaStore persistence; inspect endpoint hunk before binary impact verdict.";;affect;SEA-008;SEA-008: target Onode layout and FLTreeOnodeManager implement persisted object metadata, OMAP/xattr/data roots and tree operations called by SeaStore.
1872;v16.2.15;v17.2.7;src/crimson/os/seastore/ordering_handle.h;;A;A;102;0;FALSE;000000;100644;0000000000000000000000000000000000000000;6bcfcfb7454c611e6694915a38344c9c6b48f7e8;02;02-bluestore-bluefs;P0;runtime/source;deep;"Triage owner 02: Crimson SeaStore persistence; inspect endpoint hunk before binary impact verdict.";;affect;SEA-010;"SEA-010: Cache/transaction/OrderingHandle change read-set, retired extents, conflict retry and ordered journal submission; target TransactionManager and Journal call these paths."
1873;v16.2.15;v17.2.7;src/crimson/os/seastore/random_block_manager.h;;A;A;104;0;FALSE;000000;100644;0000000000000000000000000000000000000000;ee707478a2bf7843bc2b9c214540e0e5b09deec5;02;02-bluestore-bluefs;P0;runtime/source;deep;"Triage owner 02: Crimson SeaStore persistence; inspect endpoint hunk before binary impact verdict.";;trivial;;"T02-SEA-rbm: new NVMe random-block manager is compiled and unit tested, but endpoint search finds no production instantiation; only test_randomblock_manager.cc constructs NVMeManager."
1874;v16.2.15;v17.2.7;src/crimson/os/seastore/random_block_manager/nvme_manager.cc;;A;A;730;0;FALSE;000000;100644;0000000000000000000000000000000000000000;4906cad30bcc6c9241f9f005be4c022059f8b21c;02;02-bluestore-bluefs;P0;runtime/source;deep;"Triage owner 02: Crimson SeaStore persistence; inspect endpoint hunk before binary impact verdict.";;trivial;;"T02-SEA-rbm: new NVMe random-block manager is compiled and unit tested, but endpoint search finds no production instantiation; only test_randomblock_manager.cc constructs NVMeManager."
1875;v16.2.15;v17.2.7;src/crimson/os/seastore/random_block_manager/nvme_manager.h;;A;A;384;0;FALSE;000000;100644;0000000000000000000000000000000000000000;fa94cfea2729f49004096225bb956877d32cf316;02;02-bluestore-bluefs;P0;runtime/source;deep;"Triage owner 02: Crimson SeaStore persistence; inspect endpoint hunk before binary impact verdict.";;trivial;;"T02-SEA-rbm: new NVMe random-block manager is compiled and unit tested, but endpoint search finds no production instantiation; only test_randomblock_manager.cc constructs NVMeManager."
1876;v16.2.15;v17.2.7;src/crimson/os/seastore/random_block_manager/nvmedevice.cc;;A;A;261;0;FALSE;000000;100644;0000000000000000000000000000000000000000;ca829e6e575ee93c37d0192074f72e0c31c94d18;02;02-bluestore-bluefs;P0;runtime/source;deep;"Triage owner 02: Crimson SeaStore persistence; inspect endpoint hunk before binary impact verdict.";;trivial;;"T02-SEA-rbm: new NVMe random-block manager is compiled and unit tested, but endpoint search finds no production instantiation; only test_randomblock_manager.cc constructs NVMeManager."
1877;v16.2.15;v17.2.7;src/crimson/os/seastore/random_block_manager/nvmedevice.h;;A;A;439;0;FALSE;000000;100644;0000000000000000000000000000000000000000;f54eb10db7e61fb2082b6f119495553110c8d4e8;02;02-bluestore-bluefs;P0;runtime/source;deep;"Triage owner 02: Crimson SeaStore persistence; inspect endpoint hunk before binary impact verdict.";;trivial;;"T02-SEA-rbm: new NVMe random-block manager is compiled and unit tested, but endpoint search finds no production instantiation; only test_randomblock_manager.cc constructs NVMeManager."
1878;v16.2.15;v17.2.7;src/crimson/os/seastore/root_block.h;;M;M;1;20;FALSE;100644;100644;4a5024caa62f1a8e43e0ab1102537f35f981a681;3144edb82512183f3048bbd9864006f6fb4175ed;02;02-bluestore-bluefs;P0;runtime/source;deep;"Triage owner 02: Crimson SeaStore persistence; inspect endpoint hunk before binary impact verdict.";;affect;SEA-007;"SEA-007: root_t and LBA B-tree implementation/layout change; TransactionManager mkfs/mount and SeaStore object mapping use these persisted roots/pins."
1879;v16.2.15;v17.2.7;src/crimson/os/seastore/seastore.cc;;M;M;1169;235;FALSE;100644;100644;50c148cea111f365142b0010c45253debb394daf;2d38788c57992b70616408e618f5dd8c9da750a5;02;02-bluestore-bluefs;P0;runtime/source;deep;"Triage owner 02: Crimson SeaStore persistence; inspect endpoint hunk before binary impact verdict.";;affect;SEA-001;"SEA-001: Base SeaStore mount/mkfs were no-op stubs; target mounts devices/transaction manager and persists metadata, changing Crimson SeaStore activation."
1880;v16.2.15;v17.2.7;src/crimson/os/seastore/seastore.h;;M;M;269;56;FALSE;100644;100644;798442c34888198e89dfc9d361b718522982439d;d1c325432d7ff93b485f47e2611586d6c6e31f6d;02;02-bluestore-bluefs;P0;runtime/source;deep;"Triage owner 02: Crimson SeaStore persistence; inspect endpoint hunk before binary impact verdict.";;affect;SEA-001;SEA-001: Target SeaStore interface/state wires real mount, mkfs, device and metadata handling rather than base stub behavior.
1881;v16.2.15;v17.2.7;src/crimson/os/seastore/seastore_types.cc;;M;M;424;11;FALSE;100644;100644;ff43b1e515bf9e49d9d87014410b252dcfd83567;9b7970552d8a964350ba0b40367d240ba120ab9c;02;02-bluestore-bluefs;P0;runtime/source;deep;"Triage owner 02: Crimson SeaStore persistence; inspect endpoint hunk before binary impact verdict.";;affect;SEA-002;"SEA-002: Target implements grouped record encode/decode, CRC validation and delta extraction in seastore_types; base record encoding lived in journal.cc."
1882;v16.2.15;v17.2.7;src/crimson/os/seastore/seastore_types.h;;M;M;1290;68;FALSE;100644;100644;cb8480268e164f4f5d69f87d3cfc9f71fe72de5d;3ac349d2bc594b2d5f53fc25e2222307d44ca01a;02;02-bluestore-bluefs;P0;runtime/source;deep;"Triage owner 02: Crimson SeaStore persistence; inspect endpoint hunk before binary impact verdict.";;affect;SEA-002;"SEA-002: Target introduces record_group_header_t and grouped record metadata encoding consumed by journal replay; on-disk compatibility unverified."
1883;v16.2.15;v17.2.7;src/crimson/os/seastore/segment_cleaner.cc;;M;M;264;133;FALSE;100644;100644;3597c21dfc846e2baa9fcad99d5d77412ebd5a97;d296a9585626578b3a6315f274e1dabf735beb74;02;02-bluestore-bluefs;P0;runtime/source;deep;"Triage owner 02: Crimson SeaStore persistence; inspect endpoint hunk before binary impact verdict.";;affect;SEA-011;SEA-011: New ExtentPlacementManager out-of-line writes and changed SegmentCleaner trim/reclaim/space accounting are wired into target TransactionManager.
1884;v16.2.15;v17.2.7;src/crimson/os/seastore/segment_cleaner.h;;M;M;925;242;FALSE;100644;100644;38ebd05bc21fd6eab37c7ade53b40807b50f71a5;f958cd318266fe26e34ce5702e31669f19fc8216;02;02-bluestore-bluefs;P0;runtime/source;deep;"Triage owner 02: Crimson SeaStore persistence; inspect endpoint hunk before binary impact verdict.";;affect;SEA-011;SEA-011: New ExtentPlacementManager out-of-line writes and changed SegmentCleaner trim/reclaim/space accounting are wired into target TransactionManager.
1885;v16.2.15;v17.2.7;src/crimson/os/seastore/segment_manager.cc;;A;A;125;0;FALSE;000000;100644;0000000000000000000000000000000000000000;2ed74625242f3eca82df9140603bade291911709;02;02-bluestore-bluefs;P0;runtime/source;deep;"Triage owner 02: Crimson SeaStore persistence; inspect endpoint hunk before binary impact verdict.";;affect;SEA-006;"SEA-006: target SegmentManager factory selects block or ZNS backend by device and both mount/read/write persisted segments; SeaStore::make_seastore calls factory."
1886;v16.2.15;v17.2.7;src/crimson/os/seastore/segment_manager.h;;M;M;138;3;FALSE;100644;100644;61c6509d19f7dbc503a262d4022b518775d792a0;5a7c48a00a597c7886248e64cc09cafe92d0dda1;02;02-bluestore-bluefs;P0;runtime/source;deep;"Triage owner 02: Crimson SeaStore persistence; inspect endpoint hunk before binary impact verdict.";;affect;SEA-006;"SEA-006: target SegmentManager factory selects block or ZNS backend by device and both mount/read/write persisted segments; SeaStore::make_seastore calls factory."
1887;v16.2.15;v17.2.7;src/crimson/os/seastore/segment_manager/block.cc;;M;M;537;178;FALSE;100644;100644;6a4991d42082f18453fd4aa904028cfa4be0fd05;ced49d630532998df37d5108ece514b1417de995;02;02-bluestore-bluefs;P0;runtime/source;deep;"Triage owner 02: Crimson SeaStore persistence; inspect endpoint hunk before binary impact verdict.";;affect;SEA-006;"SEA-006: target SegmentManager factory selects block or ZNS backend by device and both mount/read/write persisted segments; SeaStore::make_seastore calls factory."
1888;v16.2.15;v17.2.7;src/crimson/os/seastore/segment_manager/block.h;;M;M;74;60;FALSE;100644;100644;927b13e4e94b59d6d26c1e4773984c8d0b75fc58;7dc7d99141b2dd168370187bf918c7365c236522;02;02-bluestore-bluefs;P0;runtime/source;deep;"Triage owner 02: Crimson SeaStore persistence; inspect endpoint hunk before binary impact verdict.";;affect;SEA-006;"SEA-006: target SegmentManager factory selects block or ZNS backend by device and both mount/read/write persisted segments; SeaStore::make_seastore calls factory."
1889;v16.2.15;v17.2.7;src/crimson/os/seastore/segment_manager/ephemeral.cc;;M;M;26;21;FALSE;100644;100644;3250303adfbfe74edbf542e8abbfdb1d644139f1;4aff7a3e34cc5c3a16e5e35875767b98f81d28cb;02;02-bluestore-bluefs;P0;runtime/source;deep;"Triage owner 02: Crimson SeaStore persistence; inspect endpoint hunk before binary impact verdict.";;trivial;;"T02-SEA-ephemeral: changed address/device-id and test-device semantics; target production make_seastore selects block/ZNS manager, and create_test_ephemeral callers are test fixtures."
1890;v16.2.15;v17.2.7;src/crimson/os/seastore/segment_manager/ephemeral.h;;M;M;43;3;FALSE;100644;100644;9f19cb4d0c7473ce9ea0d520a5a44d21b4fc5c3a;7083c08c89b4eac31d53378ca240fbc54077d344;02;02-bluestore-bluefs;P0;runtime/source;deep;"Triage owner 02: Crimson SeaStore persistence; inspect endpoint hunk before binary impact verdict.";;trivial;;"T02-SEA-ephemeral: changed address/device-id and test-device semantics; target production make_seastore selects block/ZNS manager, and create_test_ephemeral callers are test fixtures."
1891;v16.2.15;v17.2.7;src/crimson/os/seastore/segment_manager/zns.cc;;A;A;597;0;FALSE;000000;100644;0000000000000000000000000000000000000000;a9a4ef00d1a071a2cd5d7ec9793b073abc1e5e57;02;02-bluestore-bluefs;P0;runtime/source;deep;"Triage owner 02: Crimson SeaStore persistence; inspect endpoint hunk before binary impact verdict.";;affect;SEA-006;"SEA-006: target SegmentManager factory selects block or ZNS backend by device and both mount/read/write persisted segments; SeaStore::make_seastore calls factory."
1892;v16.2.15;v17.2.7;src/crimson/os/seastore/segment_manager/zns.h;;A;A;181;0;FALSE;000000;100644;0000000000000000000000000000000000000000;0bb804373c903653a00383f41fea39aabcb5f570;02;02-bluestore-bluefs;P0;runtime/source;deep;"Triage owner 02: Crimson SeaStore persistence; inspect endpoint hunk before binary impact verdict.";;affect;SEA-006;"SEA-006: target SegmentManager factory selects block or ZNS backend by device and both mount/read/write persisted segments; SeaStore::make_seastore calls factory."
1893;v16.2.15;v17.2.7;src/crimson/os/seastore/transaction.cc;;A;A;8;0;FALSE;000000;100644;0000000000000000000000000000000000000000;4cab476c303f6e6ff5e2f961c134ae2509ada9a8;02;02-bluestore-bluefs;P0;runtime/source;deep;"Triage owner 02: Crimson SeaStore persistence; inspect endpoint hunk before binary impact verdict.";;affect;SEA-010;"SEA-010: Cache/transaction/OrderingHandle change read-set, retired extents, conflict retry and ordered journal submission; target TransactionManager and Journal call these paths."
1894;v16.2.15;v17.2.7;src/crimson/os/seastore/transaction.h;;M;M;387;25;FALSE;100644;100644;e189d1d32da03dfb550358d8d1b532ebf13835d2;fd14acbd515dca2d5fb3c46b3807b0c86d65fecc;02;02-bluestore-bluefs;P0;runtime/source;deep;"Triage owner 02: Crimson SeaStore persistence; inspect endpoint hunk before binary impact verdict.";;affect;SEA-010;"SEA-010: Cache/transaction/OrderingHandle change read-set, retired extents, conflict retry and ordered journal submission; target TransactionManager and Journal call these paths."
1895;v16.2.15;v17.2.7;src/crimson/os/seastore/transaction_manager.cc;;M;M;368;178;FALSE;100644;100644;7b86631e2ca7c0657437e4ee22910c2f461fa099;624ae4c0d5fd5ecfc1b247c3e37b91542798a876;02;02-bluestore-bluefs;P0;runtime/source;deep;"Triage owner 02: Crimson SeaStore persistence; inspect endpoint hunk before binary impact verdict.";;affect;SEA-002;"SEA-002: TransactionManager target mount replays journal and submit path tracks record boundaries/journal tail; restart behavior changes."
1896;v16.2.15;v17.2.7;src/crimson/os/seastore/transaction_manager.h;;M;M;387;115;FALSE;100644;100644;d28fd0b87923cdbf1f76e19764ca62bbe767b978;cb3cdec8d19d438e9334e47dd1fbb1d58f304080;02;02-bluestore-bluefs;P0;runtime/source;deep;"Triage owner 02: Crimson SeaStore persistence; inspect endpoint hunk before binary impact verdict.";;affect;SEA-002;SEA-002: TransactionManager target interface/state carries journal reference, submit pipeline and root metadata operations used by SeaStore mount.
2437;v16.2.15;v17.2.7;src/os/bluestore/Allocator.cc;;M;M;20;9;FALSE;100644;100644;e132cd49442f5c5966f28c272d384ff64dbee769;6d097d86432dd3ca151030dc63025bf5edb829d8;02;02-bluestore-bluefs;P0;runtime/source;deep;"Triage owner 02: object-store and replay path; inspect endpoint hunk before binary impact verdict.";;affect;BLU-007;BLU-007: factory accepts btree, forwards SMR zone geometry, and is called by BlueStore/BlueFS allocation setup.
2438;v16.2.15;v17.2.7;src/os/bluestore/Allocator.h;;M;M;13;12;FALSE;100644;100644;915e9db0ade8c35af2822e8ef4094bf9a99e8643;e378007c3c0036a90619a22be04e805ce54cbe2e;02;02-bluestore-bluefs;P0;runtime/source;deep;"Triage owner 02: object-store and replay path; inspect endpoint hunk before binary impact verdict.";;affect;BLU-007;"BLU-007: allocator factory signature adds zone geometry and removes generic zoned state methods; caller path reviewed."
2439;v16.2.15;v17.2.7;src/os/bluestore/AvlAllocator.cc;;M;M;6;15;FALSE;100644;100644;b0f539ac414d0840028b2a9cc2d78778cc7851bb;82594216a3b655eea9436050c36d3ba38d99e4b9;02;02-bluestore-bluefs;P0;runtime/source;deep;"Triage owner 02: object-store and replay path; inspect endpoint hunk before binary impact verdict.";;affect;BLU-007;"BLU-007: free-range candidate offset is rounded to requested alignment before capacity check; hybrid derives from AVL."
2440;v16.2.15;v17.2.7;src/os/bluestore/AvlAllocator.h;;M;M;2;2;FALSE;100644;100644;d1c1da257c4e033786ccd09d3661d025718ca0b0;d79242a521cc53bc92d441f16a8c853cc89bba21;02;02-bluestore-bluefs;P0;runtime/source;deep;"Triage owner 02: object-store and replay path; inspect endpoint hunk before binary impact verdict.";;trivial;;"T02-allocator-api: constructor parameter becomes string_view; allocation behavior resides in AvlAllocator.cc."
2441;v16.2.15;v17.2.7;src/os/bluestore/BitmapAllocator.cc;;M;M;1;1;FALSE;100644;100644;5a3967f5e625dc4ef996a0331188882edc0de692;2decfcb87812dcbdcd7a02ed0729e93b01015df5;02;02-bluestore-bluefs;P0;runtime/source;deep;"Triage owner 02: object-store and replay path; inspect endpoint hunk before binary impact verdict.";;trivial;;"T02-allocator-api: constructor name parameter becomes string_view; no bitmap allocation logic change."
2442;v16.2.15;v17.2.7;src/os/bluestore/BitmapAllocator.h;;M;M;2;1;FALSE;100644;100644;90bcd956f11c868648e437eaf37404ad45bcf4d4;a418718aaffe0333049291edf306af91b6cfdb31;02;02-bluestore-bluefs;P0;runtime/source;deep;"Triage owner 02: object-store and replay path; inspect endpoint hunk before binary impact verdict.";;trivial;;T02-allocator-api: constructor declaration adapts to string_view only.
2443;v16.2.15;v17.2.7;src/os/bluestore/BitmapFreelistManager.cc;;M;M;8;3;FALSE;100644;100644;315a6bb8c43cf465ab351e70992c941a75ce45cd;e03a6ecacb748dc74e1997689ce3745abe230086;02;02-bluestore-bluefs;P0;runtime/source;deep;"Triage owner 02: object-store and replay path; inspect endpoint hunk before binary impact verdict.";;affect;BLU-001;BLU-001: allocate/release skip RocksDB bitmap XOR when null-manager mode is active.
2444;v16.2.15;v17.2.7;src/os/bluestore/BitmapFreelistManager.h;;M;M;2;1;FALSE;100644;100644;c6bfe469f1b4512b5075ccc5cedbc9f1cb8d4766;8e4ea8fd385c43d1a34722f9af4162ed4c9a16ba;02;02-bluestore-bluefs;P0;runtime/source;deep;"Triage owner 02: object-store and replay path; inspect endpoint hunk before binary impact verdict.";;affect;BLU-001;BLU-001: bitmap freelist interface changes to support null-manager path.
2445;v16.2.15;v17.2.7;src/os/bluestore/BlueFS.cc;;M;M;206;82;FALSE;100644;100644;94c0a30524acbdec860a39cbb90fdde093dc8499;da4be3ffcc396ae03a508276cd9e5199b05fc4d4;02;02-bluestore-bluefs;P0;runtime/source;deep;"Triage owner 02: object-store and replay path; inspect endpoint hunk before binary impact verdict.";;affect;BLU-002 BLU-003;"BLU-002/003: truncate marks metadata dirty before fsync; allocation unit and IOContext drain/read metrics change BlueFS startup and stabilization."
2446;v16.2.15;v17.2.7;src/os/bluestore/BlueFS.h;;M;M;27;3;FALSE;100644;100644;e6d1a1fc31e353bd119fdb7924dbd7665ca094da;3c0994114a1acad9e6b6883f76a205281bbd96a9;02;02-bluestore-bluefs;P0;runtime/source;deep;"Triage owner 02: object-store and replay path; inspect endpoint hunk before binary impact verdict.";;affect;BLU-001 BLU-003;BLU-001/003: exposes DB rotational check used by allocation-file gate and adds BlueFS read/write counters used for validation.
2447;v16.2.15;v17.2.7;src/os/bluestore/BlueRocksEnv.cc;;M;M;5;0;FALSE;100644;100644;e34e50630f08bf7cc213b0e75139513e22da58c9;68040af428280ef40af4131aa8db33099bcc5e42;02;02-bluestore-bluefs;P0;runtime/source;deep;"Triage owner 02: object-store and replay path; inspect endpoint hunk before binary impact verdict.";;affect;BLU-008;BLU-008: RocksDB reuse/delete/rename now synchronously flushes BlueFS metadata through sync_metadata(false).
2448;v16.2.15;v17.2.7;src/os/bluestore/BlueStore.cc;;M;M;3744;1073;FALSE;100644;100644;0f9c170c610d1c722a53ccda5c760275bb611d6d;ebf70f76e68cefdb8b645bac2e7a39533828354e;02;02-bluestore-bluefs;P0;runtime/source;deep;"Triage owner 02: object-store and replay path; inspect endpoint hunk before binary impact verdict.";;affect;BLU-001 BLU-005 BLU-006;BLU-001: default-enabled allocation-file/null-FM path changes OSD mount, crash recovery, destage, and repair behavior on eligible DB media. BLU-005/006: fsck statfs/zone-ref checks and onode format handling alter repair/validation and rollback review.
2449;v16.2.15;v17.2.7;src/os/bluestore/BlueStore.h;;M;M;500;139;FALSE;100644;100644;e02c385c3d7df3a33f7b627b870706a14c675383;02a3bd51c87bd29e720c2061914afb2a26de42bc;02;02-bluestore-bluefs;P0;runtime/source;deep;"Triage owner 02: object-store and replay path; inspect endpoint hunk before binary impact verdict.";;affect;BLU-001 BLU-004 BLU-005 BLU-006;BLU-001/004: declares allocation-file restore/reconstruct/invalidate methods and recovery-tool hooks used by changed mount path. BLU-005/006: fsck statfs/zone-ref checks and onode format handling alter repair/validation and rollback review.
2450;v16.2.15;v17.2.7;src/os/bluestore/BtreeAllocator.cc;;A;A;470;0;FALSE;000000;100644;0000000000000000000000000000000000000000;6b919f18c021dc29d4b6bc4edabbb3982aad08fc;02;02-bluestore-bluefs;P0;runtime/source;deep;"Triage owner 02: object-store and replay path; inspect endpoint hunk before binary impact verdict.";;affect;BLU-007;BLU-007: new selectable btree free-range allocator implements aligned first/best fit and recovery initialization.
2451;v16.2.15;v17.2.7;src/os/bluestore/BtreeAllocator.h;;A;A;200;0;FALSE;000000;100644;0000000000000000000000000000000000000000;4561d9f4c45a19b844463676b39c75a72291eee7;02;02-bluestore-bluefs;P0;runtime/source;deep;"Triage owner 02: object-store and replay path; inspect endpoint hunk before binary impact verdict.";;affect;BLU-007;"BLU-007: btree allocator state and interface; instantiated by Allocator::create when configured."
2452;v16.2.15;v17.2.7;src/os/bluestore/FreelistManager.cc;;M;M;8;1;FALSE;100644;100644;5907df443e00b9a7134f6a569a7d86c3a2aa1413;69866fa40cb5f493a4b365eb027c404e9738ebb6;02;02-bluestore-bluefs;P0;runtime/source;deep;"Triage owner 02: object-store and replay path; inspect endpoint hunk before binary impact verdict.";;affect;BLU-001;BLU-001: factory creates null freelist manager to avoid per-allocation RocksDB writes.
2453;v16.2.15;v17.2.7;src/os/bluestore/FreelistManager.h;;M;M;9;5;FALSE;100644;100644;1aaff89eacbd69c184fdcf7d8ccdb97b778860e9;7f44fe957316c1070fb5eb63476490e3a8fa6023;02;02-bluestore-bluefs;P0;runtime/source;deep;"Triage owner 02: object-store and replay path; inspect endpoint hunk before binary impact verdict.";;affect;BLU-001;BLU-001: freelist interface tracks null-manager state and allocation representation.
2454;v16.2.15;v17.2.7;src/os/bluestore/HybridAllocator.cc;;M;M;1;1;FALSE;100644;100644;b78a99ffeba318a38e4822591e0c4dddb9e46fae;126d902cf3a5db278e12357e1eddc6ac1e9d1478;02;02-bluestore-bluefs;P0;runtime/source;deep;"Triage owner 02: object-store and replay path; inspect endpoint hunk before binary impact verdict.";;trivial;;"T02-log: only changes spacing in an unexpected-extent diagnostic; no allocation path change in this file."
2455;v16.2.15;v17.2.7;src/os/bluestore/HybridAllocator.h;;M;M;1;1;FALSE;100644;100644;d60fc1a319c717bcaf2ce4288d022bdccf0890f2;a4cf1e2250c6eff1b572f3b25b81f8d902a35a14;02;02-bluestore-bluefs;P0;runtime/source;deep;"Triage owner 02: object-store and replay path; inspect endpoint hunk before binary impact verdict.";;trivial;;T02-allocator-api: constructor name parameter becomes string_view and still delegates to AVL.
2456;v16.2.15;v17.2.7;src/os/bluestore/StupidAllocator.cc;;M;M;25;9;FALSE;100644;100644;6671a90f9bcd3fffc71b2d55d82c39ce839dbd0d;550024e67e77dc8d199a473e4cc578d87a2c7af9;02;02-bluestore-bluefs;P0;runtime/source;deep;"Triage owner 02: object-store and replay path; inspect endpoint hunk before binary impact verdict.";;affect;BLU-007;"BLU-007: allocation checks effective aligned extent length and adjusts chosen offset; conditional on stupid allocator."
2457;v16.2.15;v17.2.7;src/os/bluestore/StupidAllocator.h;;M;M;5;1;FALSE;100644;100644;7a2423805eafbb643a654fa186c18afbf41a99ca;0d50d73f42afdfe788715562328d01b59c957207;02;02-bluestore-bluefs;P0;runtime/source;deep;"Triage owner 02: object-store and replay path; inspect endpoint hunk before binary impact verdict.";;affect;BLU-007;BLU-007: declares aligned-length helper used in changed allocation search.
2458;v16.2.15;v17.2.7;src/os/bluestore/ZonedAllocator.cc;;M;M;157;93;FALSE;100644;100644;71f0e6e8905b2af56857ab5b46c242c4c161b5a6;4139b4755697425935cde7c0ca1975597f64d629;02;02-bluestore-bluefs;P0;runtime/source;deep;"Triage owner 02: object-store and replay path; inspect endpoint hunk before binary impact verdict.";;affect;BLU-012 BLU-013;"BLU-012 BLU-013: Zoned allocator initializes from device zone pointers, counts only sequential free space, skips cleaning zone and scores cleaner candidates; SMR-only path."
2459;v16.2.15;v17.2.7;src/os/bluestore/ZonedAllocator.h;;M;M;37;8;FALSE;100644;100644;47cb46be7646b365c3e9244d6278f5a6633657ec;0778bd0da9e6a3b425d9fea982dd610c6cf818ab;02;02-bluestore-bluefs;P0;runtime/source;deep;"Triage owner 02: object-store and replay path; inspect endpoint hunk before binary impact verdict.";;affect;BLU-012 BLU-013;"BLU-012 BLU-013: Zoned allocator interface/state changes for device-pointer startup and cleaning coordination; SMR-only path."
2460;v16.2.15;v17.2.7;src/os/bluestore/ZonedFreelistManager.cc;;M;M;112;55;FALSE;100644;100644;b135ee5242aab1efcfc92fee6b4dc33c28baf571;3a5bce66fe5d10ee4793051f69d2b2fd452e1456;02;02-bluestore-bluefs;P0;runtime/source;deep;"Triage owner 02: object-store and replay path; inspect endpoint hunk before binary impact verdict.";;affect;BLU-012 BLU-013;"BLU-012 BLU-013: Zoned freelist loads changed zone-state encoding and splits cross-zone allocation/release deltas; reset writes full state synchronously."
2461;v16.2.15;v17.2.7;src/os/bluestore/ZonedFreelistManager.h;;M;M;15;8;FALSE;100644;100644;ec08f311332351abfec304825ac7b3132eb538f3;378a20f0a7969d0907f5498d7e712a0bf2790cd5;02;02-bluestore-bluefs;P0;runtime/source;deep;"Triage owner 02: object-store and replay path; inspect endpoint hunk before binary impact verdict.";;affect;BLU-012 BLU-013;"BLU-012 BLU-013: Zoned freelist interface adds geometry and explicit zone reset; target reader/initializer use changed state format."
2462;v16.2.15;v17.2.7;src/os/bluestore/bluestore_common.h;;M;M;0;0;FALSE;100755;100644;f61a5dcfdc30287d0c1b4a19e5f024decee92bd0;f61a5dcfdc30287d0c1b4a19e5f024decee92bd0;02;02-bluestore-bluefs;P0;runtime/source;deep;"Triage owner 02: object-store and replay path; inspect endpoint hunk before binary impact verdict.";Mode changed 100755 -> 100644.;trivial;;"T02-mode: Git mode changes 100755 to 100644 on source header; blob contents identical and header is not executed."
2463;v16.2.15;v17.2.7;src/os/bluestore/bluestore_tool.cc;;M;M;164;77;FALSE;100644;100644;6c3fcd4fb0336914e16561e5d39f3ca9f0732a17;6b20ac137e89cc68a0cec64a170cd3adad22c505;02;02-bluestore-bluefs;P0;runtime/source;deep;"Triage owner 02: object-store and replay path; inspect endpoint hunk before binary impact verdict.";;affect;BLU-004;BLU-004: offline recovery tool adds allocmap/qfsck/restore_cfb and -i, changes init and DB/WAL attach path.
2464;v16.2.15;v17.2.7;src/os/bluestore/bluestore_types.h;;M;M;10;2;FALSE;100644;100644;b21531bfe5ed79e41fb76f2745a377006d8a9e18;e92a7555235b001c2e5b001e1ee9723947ab0ad0;02;02-bluestore-bluefs;P0;runtime/source;deep;"Triage owner 02: object-store and replay path; inspect endpoint hunk before binary impact verdict.";;affect;BLU-006;BLU-006: onode DENC version rises 1→2 with zone_offset_refs (compat 1), and clear_omap_flag clears all OMAP subtype flags.
2465;v16.2.15;v17.2.7;src/os/bluestore/fastbmap_allocator_impl.cc;;M;M;13;3;FALSE;100644;100644;4f735ba2efeebbe49c578d38cfa3d0cdc57f0dc0;595b124856f3ccdd65cd75004dc72291c2b89667;02;02-bluestore-bluefs;P0;runtime/source;deep;"Triage owner 02: object-store and replay path; inspect endpoint hunk before binary impact verdict.";;affect;BLU-007;"BLU-007: target rounds bitmap candidate offset to allocation unit; base-only Pacific commit 511e7388687 removed this alignment."
2466;v16.2.15;v17.2.7;src/os/bluestore/simple_bitmap.cc;;A;A;276;0;FALSE;000000;100644;0000000000000000000000000000000000000000;fb12162b9e84d6769a40895ed23725ec160e279a;02;02-bluestore-bluefs;P0;runtime/source;deep;"Triage owner 02: object-store and replay path; inspect endpoint hunk before binary impact verdict.";;affect;BLU-001;BLU-001: new SimpleBitmap bit/extent operations are called by BlueStore allocation reconstruction from onodes.
2467;v16.2.15;v17.2.7;src/os/bluestore/simple_bitmap.h;;A;A;146;0;FALSE;000000;100644;0000000000000000000000000000000000000000;5d9d560217b6d6cb25778af9d7f0573cfdf72527;02;02-bluestore-bluefs;P0;runtime/source;deep;"Triage owner 02: object-store and replay path; inspect endpoint hunk before binary impact verdict.";;affect;BLU-001;BLU-001: new SimpleBitmap contract/state for BlueStore reconstruction and allocator restore.
2468;v16.2.15;v17.2.7;src/os/bluestore/zoned_types.cc;;D;D;0;24;FALSE;100644;000000;f33bd89e3e48e5ce595e687a25d7b35dad5275eb;0000000000000000000000000000000000000000;02;02-bluestore-bluefs;P0;runtime/source;deep;"Triage owner 02: object-store and replay path; inspect endpoint hunk before binary impact verdict.";;affect;BLU-012;BLU-012: Old packed uint64 zone-state encode/decode is deleted as target moves to two uint64 fields in header.
2469;v16.2.15;v17.2.7;src/os/bluestore/zoned_types.h;;M;M;31;9;FALSE;100644;100644;6ff5d5f313e4361139b63fde52560b1acc7bd155;d8ca3a0c7c63a0615a8c1be8ad80b238868ee591;02;02-bluestore-bluefs;P0;runtime/source;deep;"Triage owner 02: object-store and replay path; inspect endpoint hunk before binary impact verdict.";;affect;BLU-012;"BLU-012: On-disk zone-state encoding changes from packed uint32+uint32 in one uint64 to two separate uint64 values; direct compatibility needs clone test."
2470;v16.2.15;v17.2.7;src/os/filestore/CollectionIndex.h;;M;M;0;1;FALSE;100644;100644;ff3d706cf87fc8e7db626a05b20b9b9c87a461cb;16f3103650cc1b63ced174b1310e0d0a93645edb;02;02-bluestore-bluefs;P0;runtime/source;deep;"Triage owner 02: object-store and replay path; inspect endpoint hunk before binary impact verdict.";;trivial;;"T02-include: removes unused RWLock include; index interface and behavior unchanged."
2471;v16.2.15;v17.2.7;src/os/filestore/FileStore.cc;;M;M;20;9;FALSE;100644;100644;5b6c7e39b3d25044694539f414bf2a00ff50306c;5ee012b04e29d899fc4865ecc6e0eeb33a9809ec;02;02-bluestore-bluefs;P0;runtime/source;deep;"Triage owner 02: object-store and replay path; inspect endpoint hunk before binary impact verdict.";;affect;BLU-010;"BLU-010: live config changes now set FileStore workqueue timeouts; sync-pause max latency counter correction changes stop/go telemetry."
2472;v16.2.15;v17.2.7;src/os/filestore/FileStore.h;;M;M;3;3;FALSE;100644;100644;324dbbe4daf57b511780b1cc3811bf2663156679;e975abc3d483d1aa126686028489bdb5454752f3;02;02-bluestore-bluefs;P0;runtime/source;deep;"Triage owner 02: object-store and replay path; inspect endpoint hunk before binary impact verdict.";;trivial;;"T02-getattrs-api: transparent std::less<> map signature adaptation; FileStore behavior change separately labeled in .cc."
2473;v16.2.15;v17.2.7;src/os/filestore/JournalingObjectStore.h;;M;M;0;1;FALSE;100644;100644;de4378b000c09bc7c649fdb533f8433344177c38;38c54226f4db9d126711912070f290c5dd7f3422;02;02-bluestore-bluefs;P0;runtime/source;deep;"Triage owner 02: object-store and replay path; inspect endpoint hunk before binary impact verdict.";;trivial;;"T02-include: removes unused RWLock include; no journal operation change."
2477;v16.2.15;v17.2.7;src/os/memstore/MemStore.cc;;M;M;25;1;FALSE;100644;100644;bac863343f20b00be5532065d09e76dffcf43978;e0a607270d12ade1fe9ae336998fecfc579fd5ea;02;02-bluestore-bluefs;P0;runtime/source;deep;"Triage owner 02: object-store and replay path; inspect endpoint hunk before binary impact verdict.";;affect;BLU-011;BLU-011: WITH_SEASTAR MemStore omap_get_values(start_after) implementation affects AlienStore/Crimson test and conditional runtime path.
2478;v16.2.15;v17.2.7;src/os/memstore/MemStore.h;;M;M;12;4;FALSE;100644;100644;04c3e08d0ad656e4f80ae0c5b8046e9749a6d456;858379ed9c7c4575572340be2e35127f65fd5fd1;02;02-bluestore-bluefs;P0;runtime/source;deep;"Triage owner 02: object-store and replay path; inspect endpoint hunk before binary impact verdict.";;affect;BLU-011;"BLU-011: used_bytes becomes atomic and WITH_SEASTAR omap overload is declared; conditional MemStore runtime state."
3790;v16.2.15;v17.2.7;src/test/crimson/seastore/nvmedevice/test_nvmedevice.cc;;A;A;88;0;FALSE;000000;100644;0000000000000000000000000000000000000000;68010f53c4f350db5e8f33d7a0d5d5baa139d122;02;02-bluestore-bluefs;P2;test/QA;support;"Triage owner 02: Crimson SeaStore persistence; inspect endpoint hunk before binary impact verdict.";;trivial;;"T02-SEA-nvme: adds write/verify unit case for new NVMe device backend; production path lives in random_block_manager sources."
3792;v16.2.15;v17.2.7;src/test/crimson/seastore/onode_tree/test_fltree_onode_manager.cc;;A;A;316;0;FALSE;000000;100644;0000000000000000000000000000000000000000;c91e13e511b2700eed3412018867346502090ac1;02;02-bluestore-bluefs;P2;test/QA;support;"Triage owner 02: Crimson SeaStore persistence; inspect endpoint hunk before binary impact verdict.";;trivial;;"T02-SEA-onode: adds fltree onode manager unit cases; no deployed OSD or upgrade gate change."
3793;v16.2.15;v17.2.7;src/test/crimson/seastore/onode_tree/test_node.cc;;D;D;0;207;FALSE;100644;000000;178f783658d863d53fc840e4df790812ee1602ec;0000000000000000000000000000000000000000;02;02-bluestore-bluefs;P2;test/QA;support;"Triage owner 02: Crimson SeaStore persistence; inspect endpoint hunk before binary impact verdict.";;trivial;;"T02-SEA-onode: deletes old onode node unit source as staged fltree tests replace it; no deployed path in this row."
3794;v16.2.15;v17.2.7;src/test/crimson/seastore/onode_tree/test_staged_fltree.cc;;M;M;1026;437;FALSE;100644;100644;da7422bcb02f77614a79f9344a89e424b52a9b7f;2ba456192f8cbcad78898187a072b581e62a463f;02;02-bluestore-bluefs;P2;test/QA;support;"Triage owner 02: Crimson SeaStore persistence; inspect endpoint hunk before binary impact verdict.";;trivial;;T02-SEA-onode: replaces/extends staged fltree insert, erase, split and replay unit cases supporting SeaStore source review.
3795;v16.2.15;v17.2.7;src/test/crimson/seastore/onode_tree/test_value.h;;A;A;227;0;FALSE;000000;100644;0000000000000000000000000000000000000000;83a500e5dd64aa70ef047dcd3229e56896d9f71f;02;02-bluestore-bluefs;P2;test/QA;support;"Triage owner 02: Crimson SeaStore persistence; inspect endpoint hunk before binary impact verdict.";;trivial;;"T02-SEA-onode: new value test fixture for staged fltree unit cases; not a persisted onode schema definition."
3796;v16.2.15;v17.2.7;src/test/crimson/seastore/test_block.cc;;M;M;16;0;FALSE;100644;100644;f3d6531bd92d93825adb39caa838333f97cc4a62;f7a39b0ef59cc25e90d782b9c7d6170441f84c14;02;02-bluestore-bluefs;P2;test/QA;support;"Triage owner 02: Crimson SeaStore persistence; inspect endpoint hunk before binary impact verdict.";;trivial;;T02-SEA-block: test block helper adapts to changed SeaStore address/device types.
3797;v16.2.15;v17.2.7;src/test/crimson/seastore/test_block.h;;M;M;4;3;FALSE;100644;100644;44ec65a2375161a2fc7518b617bdb1c36a088fc7;4df99784ad40d3d31b2c494139bb05b7dced0ef8;02;02-bluestore-bluefs;P2;test/QA;support;"Triage owner 02: Crimson SeaStore persistence; inspect endpoint hunk before binary impact verdict.";;trivial;;T02-SEA-block: test block helper declaration adapts to changed SeaStore address/device types.
3798;v16.2.15;v17.2.7;src/test/crimson/seastore/test_btree_lba_manager.cc;;M;M;330;91;FALSE;100644;100644;60d5c3497ee71655d9cd62133183c37c61426b4d;19c36edb492c78539ac6120fdeff87c0ad5df23d;02;02-bluestore-bluefs;P2;test/QA;support;"Triage owner 02: Crimson SeaStore persistence; inspect endpoint hunk before binary impact verdict.";;trivial;;"T02-SEA-lba: new/changed LBA btree split/merge cases and fixture setup; runtime implementation is in lba_manager source."
3799;v16.2.15;v17.2.7;src/test/crimson/seastore/test_collection_manager.cc;;A;A;188;0;FALSE;000000;100644;0000000000000000000000000000000000000000;e15602c218dc9f8cba9c50cd0c0741e031b6b6c3;02;02-bluestore-bluefs;P2;test/QA;support;"Triage owner 02: Crimson SeaStore persistence; inspect endpoint hunk before binary impact verdict.";;trivial;;T02-SEA-coll: adds collection manager basic/overflow/update unit cases for new manager implementation.
3800;v16.2.15;v17.2.7;src/test/crimson/seastore/test_extmap_manager.cc;;D;D;0;283;FALSE;100644;000000;8b25880119d8eb409d2f56e5d206229f24aeff89;0000000000000000000000000000000000000000;02;02-bluestore-bluefs;P2;test/QA;support;"Triage owner 02: Crimson SeaStore persistence; inspect endpoint hunk before binary impact verdict.";;trivial;;"T02-SEA-extmap: deletes old extent-map manager unit source with old manager; production removal must be reviewed in source rows."
3801;v16.2.15;v17.2.7;src/test/crimson/seastore/test_object_data_handler.cc;;A;A;308;0;FALSE;000000;100644;0000000000000000000000000000000000000000;162dc1c19cd684793c30db7c03f3a75a51163a71;02;02-bluestore-bluefs;P2;test/QA;support;"Triage owner 02: Crimson SeaStore persistence; inspect endpoint hunk before binary impact verdict.";;trivial;;"T02-SEA-data: adds object data handler write/overwrite/truncate unit cases; no test filter or deployment script change."
3802;v16.2.15;v17.2.7;src/test/crimson/seastore/test_omap_manager.cc;;A;A;545;0;FALSE;000000;100644;0000000000000000000000000000000000000000;233d8ac5fd190fca2324550421a44778d5df0864;02;02-bluestore-bluefs;P2;test/QA;support;"Triage owner 02: Crimson SeaStore persistence; inspect endpoint hunk before binary impact verdict.";;trivial;;T02-SEA-omap: adds OMAP split/merge/list/replay unit cases supporting new SeaStore OMAP manager.
3803;v16.2.15;v17.2.7;src/test/crimson/seastore/test_randomblock_manager.cc;;A;A;365;0;FALSE;000000;100644;0000000000000000000000000000000000000000;02f266454da1b8aad4295c9551f822eec23cad28;02;02-bluestore-bluefs;P2;test/QA;support;"Triage owner 02: Crimson SeaStore persistence; inspect endpoint hunk before binary impact verdict.";;trivial;;"T02-SEA-rbm: adds RBM mkfs/open/alloc/free unit cases; no deployment path in this test source."
3804;v16.2.15;v17.2.7;src/test/crimson/seastore/test_seastore.cc;;A;A;520;0;FALSE;000000;100644;0000000000000000000000000000000000000000;28f359ae4a3c550a3ad39c4ca949dd0497c7f692;02;02-bluestore-bluefs;P2;test/QA;support;"Triage owner 02: Crimson SeaStore persistence; inspect endpoint hunk before binary impact verdict.";;trivial;;"T02-SEA-store: adds SeaStore collection/object/OMAP integration tests for SEA-001; no automatic upgrade acceptance policy is defined here."
3805;v16.2.15;v17.2.7;src/test/crimson/seastore/test_seastore_cache.cc;;M;M;74;56;FALSE;100644;100644;913668b08355a22b2c9f20bff8cb3496a4157e95;0bb8213786baa6bf92a99a09d51e514e316ec001;02;02-bluestore-bluefs;P2;test/QA;support;"Triage owner 02: Crimson SeaStore persistence; inspect endpoint hunk before binary impact verdict.";;trivial;;T02-SEA-cache: updates cache fixture and assertions for changed SeaStore extent/cache implementation.
3806;v16.2.15;v17.2.7;src/test/crimson/seastore/test_seastore_journal.cc;;M;M;90;25;FALSE;100644;100644;0bed505ffa1d1c7ed10b6e2146bedfbd3e84feba;eaeb8cd2d0cf23f996f5b76656f9c78097ebc835;02;02-bluestore-bluefs;P2;test/QA;support;"Triage owner 02: Crimson SeaStore persistence; inspect endpoint hunk before binary impact verdict.";;trivial;;"T02-SEA-journal: updates journal fixture and replay cases for SEA-002; test source does not change deployed journal."
3807;v16.2.15;v17.2.7;src/test/crimson/seastore/test_transaction_manager.cc;;M;M;605;82;FALSE;100644;100644;9906f938a63ba6873419f75c37b95a1582961a13;8a7d0f03141edef11dda1cd6fe10c88b9460ebd9;02;02-bluestore-bluefs;P2;test/QA;support;"Triage owner 02: Crimson SeaStore persistence; inspect endpoint hunk before binary impact verdict.";;trivial;;"T02-SEA-tm: adds conflict/concurrent write transaction-manager unit cases for SEA-002; no deployment or acceptance script change."
3808;v16.2.15;v17.2.7;src/test/crimson/seastore/transaction_manager_test_state.h;;M;M;279;36;FALSE;100644;100644;bf24409232299f02b54118157e4d603e12a3cd30;6323f72729efc54e9a208f94fa9a43e02616b939;02;02-bluestore-bluefs;P2;test/QA;support;"Triage owner 02: Crimson SeaStore persistence; inspect endpoint hunk before binary impact verdict.";;trivial;;"T02-SEA-tm: updates transaction manager test state/mock MDStore and ephemeral device fixture; production state reviewed in source."
3856;v16.2.15;v17.2.7;src/test/filestore/TestFileStore.cc;;M;M;4;3;FALSE;100644;100644;88ec02f484e9a8086ecd3cffe581c3966ad72e10;02bc549e108437bfe2a81b21b7462efcd8c0979c;02;02-bluestore-bluefs;P2;test/QA;support;"Triage owner 02: object-store and replay path; inspect endpoint hunk before binary impact verdict.";;trivial;;"T02-test-api: argv_to_vec signature/std qualifier adaptation; test harness only."
3953;v16.2.15;v17.2.7;src/test/objectstore/Allocator_aging_fragmentation.cc;;M;M;32;8;FALSE;100755;100755;90d42e9f075a85e8125bab614553f1f8f0c10305;e0b27fd67c6574704a04cce772abdda3d7199a5e;02;02-bluestore-bluefs;P2;test/QA;support;"Triage owner 02: object-store and replay path; inspect endpoint hunk before binary impact verdict.";;trivial;;"T02-allocator-test: test fixture context lifecycle and new btree parameter; no deployment or acceptance script change."
3954;v16.2.15;v17.2.7;src/test/objectstore/Allocator_bench.cc;;M;M;7;3;FALSE;100644;100644;71277bc807e9027e55b5545a34a922b3b5c498d9;0d04a854e9aa94cef7b3a8d1d14f1b3a17c37675;02;02-bluestore-bluefs;P2;test/QA;support;"Triage owner 02: object-store and replay path; inspect endpoint hunk before binary impact verdict.";;trivial;;"T02-test-allocator: benchmark adds btree case and clears temporary list; corroborates allocator code, not an executed upgrade path."
3955;v16.2.15;v17.2.7;src/test/objectstore/Allocator_test.cc;;M;M;7;3;FALSE;100644;100644;b788eaa5fb7592d703f817acf4255e7cb10769cf;f1e3a04f4d259011086081b84a9bd12ffe207f67;02;02-bluestore-bluefs;P2;test/QA;support;"Triage owner 02: object-store and replay path; inspect endpoint hunk before binary impact verdict.";;trivial;;"T02-test-allocator: adjusts create signature and assertion in allocator unit test; not a deployment/acceptance script."
3956;v16.2.15;v17.2.7;src/test/objectstore/DeterministicOpSequence.cc;;M;M;2;0;FALSE;100644;100644;76b2cd551058588cbb3aeb689634615be9a5a011;a51c5cfc6c6c131fd75240092f90daf450967029;02;02-bluestore-bluefs;P2;test/QA;support;"Triage owner 02: object-store and replay path; inspect endpoint hunk before binary impact verdict.";;trivial;;T02-test-api: std namespace declaration in test harness only.
3957;v16.2.15;v17.2.7;src/test/objectstore/DeterministicOpSequence.h;;M;M;1;1;FALSE;100644;100644;5a5a6ad93ce5d8ac1668456ef12a3cf164d22e3a;9c085d9a414d8dc4ae5595604e79f12eaad908ba;02;02-bluestore-bluefs;P2;test/QA;support;"Triage owner 02: object-store and replay path; inspect endpoint hunk before binary impact verdict.";;trivial;;T02-test-api: std::map/std::string type qualification in test header only.
3958;v16.2.15;v17.2.7;src/test/objectstore/FileStoreDiff.cc;;M;M;7;5;FALSE;100644;100644;e68485701102fc010655ab715cfdb52ac90ad49b;c356f29b31bb448a0a8c3830dae7532657b9d217;02;02-bluestore-bluefs;P2;test/QA;support;"Triage owner 02: object-store and replay path; inspect endpoint hunk before binary impact verdict.";;trivial;;T02-test-api: transparent comparator and std namespace adaptation in FileStore diff helper.
3959;v16.2.15;v17.2.7;src/test/objectstore/FileStoreDiff.h;;M;M;2;2;FALSE;100644;100644;ba9cfb9837bce764012aa47ad7a80901301c5e76;56b53dddb1f9d12c583c92bb81b8ecfe23a7173b;02;02-bluestore-bluefs;P2;test/QA;support;"Triage owner 02: object-store and replay path; inspect endpoint hunk before binary impact verdict.";;trivial;;T02-test-api: transparent comparator declaration adaptation in test helper.
3960;v16.2.15;v17.2.7;src/test/objectstore/FileStoreTracker.cc;;M;M;2;0;FALSE;100644;100644;880d26dfe9f23c5f352827a2159b683db6e35230;7d091cf3ee716b89095ea95e800980fad033b10a;02;02-bluestore-bluefs;P2;test/QA;support;"Triage owner 02: object-store and replay path; inspect endpoint hunk before binary impact verdict.";;trivial;;T02-test-api: adds std namespace declaration in test tracker only.
3961;v16.2.15;v17.2.7;src/test/objectstore/FileStoreTracker.h;;M;M;40;38;FALSE;100644;100644;90c456250ce5d42a68c216f17a10232a7fce844f;555e48fe5c72d632a005a92344b3683ff328e69d;02;02-bluestore-bluefs;P2;test/QA;support;"Triage owner 02: object-store and replay path; inspect endpoint hunk before binary impact verdict.";;trivial;;T02-test-api: qualifies list/string/pair with std in test tracker only.
3962;v16.2.15;v17.2.7;src/test/objectstore/ObjectStoreTransactionBenchmark.cc;;M;M;1;2;FALSE;100644;100644;414608e042028feb3bf39ec527078ca4571a099d;e2ce3b2ef08cb07a00c78de99b8e6135fdd108b8;02;02-bluestore-bluefs;P2;test/QA;support;"Triage owner 02: object-store and replay path; inspect endpoint hunk before binary impact verdict.";;trivial;;T02-test-api: argv_to_vec signature adaptation in benchmark main only.
3963;v16.2.15;v17.2.7;src/test/objectstore/TestObjectStoreState.cc;;M;M;2;0;FALSE;100644;100644;fcda2d5503861b553022d2fa01c4d92a00b14cf0;f4ccef4f08c6b3d4069e46f02218ba3b41bed090;02;02-bluestore-bluefs;P2;test/QA;support;"Triage owner 02: object-store and replay path; inspect endpoint hunk before binary impact verdict.";;trivial;;T02-test-api: std namespace declaration in test harness only.
3964;v16.2.15;v17.2.7;src/test/objectstore/TestObjectStoreState.h;;M;M;3;3;FALSE;100644;100644;360f434fbae970c7fa077b4e95a0d4e5248b093d;d1e31bd8aec220a7e417629fa3278ce94c1a9240;02;02-bluestore-bluefs;P2;test/QA;support;"Triage owner 02: object-store and replay path; inspect endpoint hunk before binary impact verdict.";;trivial;;T02-test-api: std::map/std::vector qualification in test header only.
3965;v16.2.15;v17.2.7;src/test/objectstore/allocator_replay_test.cc;;M;M;41;4;FALSE;100644;100644;3fe0d362b35b09a9d7f1f674474bb5834b35c986;811cc92cdeaf4c1db0b7060c4f528b4ed6264d38;02;02-bluestore-bluefs;P2;test/QA;support;"Triage owner 02: object-store and replay path; inspect endpoint hunk before binary impact verdict.";;affect;BLU-009;"BLU-009: diagnostic replay tool changes accepted allocator dump keys and adds try_alloc action; affects opt-in allocator validation workflow."
3966;v16.2.15;v17.2.7;src/test/objectstore/chain_xattr.cc;;M;M;4;3;FALSE;100644;100644;27c6bbb2f6d5322c2233e3b2eb856913e0d80707;a0db4e153d58f03d7dab9c41f19162db15d37449;02;02-bluestore-bluefs;P2;test/QA;support;"Triage owner 02: object-store and replay path; inspect endpoint hunk before binary impact verdict.";;trivial;;T02-test-api: std namespace, argv_to_vec and nullptr adaptation in xattr test main.
3967;v16.2.15;v17.2.7;src/test/objectstore/fastbmap_allocator_test.cc;;M;M;51;130;FALSE;100644;100644;710b3798f7a6d25ec97abebc9e44ecfa15d6df04;c59531985050db1a03559df69ffd63e81db0a59b;02;02-bluestore-bluefs;P2;test/QA;support;"Triage owner 02: object-store and replay path; inspect endpoint hunk before binary impact verdict.";;trivial;;"T02-fastbmap-test: expected aligned offsets and free-bin assertions change in unit test; no deployed source change in this row."
3968;v16.2.15;v17.2.7;src/test/objectstore/run_smr_bluestore_test.sh;;A;A;48;0;FALSE;000000;100644;0000000000000000000000000000000000000000;d689cf2c50118f62829c0b2057178ae1362cb7ec;02;02-bluestore-bluefs;P2;test/QA;support;"Triage owner 02: object-store and replay path; inspect endpoint hunk before binary impact verdict.";;affect;BLU-009;BLU-009: new opt-in SMR validation runner provisions zbc device and invokes objectstore test with gtest_filter=*/2.
3969;v16.2.15;v17.2.7;src/test/objectstore/store_test.cc;;M;M;791;73;FALSE;100644;100644;814db64e9edac55bf4088649ac1d0163da34edee;54dc29c7db8d67d74bfd1ae8665fc33c4b9e4de9;02;02-bluestore-bluefs;P2;test/QA;support;"Triage owner 02: object-store and replay path; inspect endpoint hunk before binary impact verdict.";;affect;BLU-009;"BLU-009: --smr changes test selection, skips several cases and adds FixSMRWritePointer; acceptance coverage differs conditionally."
3970;v16.2.15;v17.2.7;src/test/objectstore/store_test_fixture.cc;;M;M;15;13;FALSE;100644;100644;e343f96156da7d272d995a5a31aead064eb228ac;a3bdc7a36ac3a0bf8e40cc2bb8c7b189636aeb59;02;02-bluestore-bluefs;P2;test/QA;support;"Triage owner 02: object-store and replay path; inspect endpoint hunk before binary impact verdict.";;trivial;;"T02-test-fixture: unique_ptr ObjectStore creation and teardown ordering in fixture; no production backend or gate selection change."
3971;v16.2.15;v17.2.7;src/test/objectstore/store_test_fixture.h;;M;M;2;2;FALSE;100644;100644;3b7971d7cdee57f210eb40fd7c77599d31706bd5;3f25fd493d0d3c8e7876f91a070943b151b4b37f;02;02-bluestore-bluefs;P2;test/QA;support;"Triage owner 02: object-store and replay path; inspect endpoint hunk before binary impact verdict.";;trivial;;T02-test-fixture: boost scoped_ptr becomes std::unique_ptr in test fixture only.
3972;v16.2.15;v17.2.7;src/test/objectstore/test_bdev.cc;;M;M;3;3;FALSE;100755;100755;b24368f0a05632646e74e275874af05a671d713c;628b586bc2fb6af6362f63401c27894a06f0f1b9;02;02-bluestore-bluefs;P2;test/QA;support;"Triage owner 02: object-store and replay path; inspect endpoint hunk before binary impact verdict.";;trivial;;T02-test-api: argv_to_vec signature adaptation in block-device test main only.
3973;v16.2.15;v17.2.7;src/test/objectstore/test_bluefs.cc;;M;M;227;43;FALSE;100644;100644;92b97202bd942a06991b3d20dfa8a034b80d9dd4;785e2d83d7c2876cbbf6dbd802495ac5a3fd03ab;02;02-bluestore-bluefs;P2;test/QA;support;"Triage owner 02: object-store and replay path; inspect endpoint hunk before binary impact verdict.";;trivial;;"T02-BlueFS-tests: adds compaction/replay, concurrent link/compaction, truncate/fsync and unlink/fsync cases supporting BLU-002/008; test binary is not a deployed OSD or suite gate."
3974;v16.2.15;v17.2.7;src/test/objectstore/test_bluestore_types.cc;;M;M;392;12;FALSE;100644;100644;2eec810522fe6d3258d899ae17f40d75384770e8;2d3fbd97c49e10b16506ebc061d58dfa459f8ce5;02;02-bluestore-bluefs;P2;test/QA;support;"Triage owner 02: object-store and replay path; inspect endpoint hunk before binary impact verdict.";;trivial;;"T02-types-tests: adds SimpleBitmap boundary/randomized cases and adjusts test constructors/argv; production behavior reviewed in source rows."
3975;v16.2.15;v17.2.7;src/test/objectstore/test_deferred.cc;;M;M;6;7;FALSE;100644;100644;f2fd6054f1d241fbd88ee8d2deedd8942e835815;1b5608101c824f2aa0dc342b787392fde9cb0133;02;02-bluestore-bluefs;P2;test/QA;support;"Triage owner 02: object-store and replay path; inspect endpoint hunk before binary impact verdict.";;trivial;;"T02-test-api: test harness ObjectStore pointer and argv adaptation; deferred-write runtime behavior is reviewed from source rows."
3976;v16.2.15;v17.2.7;src/test/objectstore/test_idempotent.cc;;M;M;3;3;FALSE;100644;100644;0889375ed17f0deafe731e6a140a6e9ad2ae8196;a2af4073ee518c170d92531e12fd1db22ac8dc0c;02;02-bluestore-bluefs;P2;test/QA;support;"Triage owner 02: object-store and replay path; inspect endpoint hunk before binary impact verdict.";;trivial;;T02-test-api: argv_to_vec signature/std qualifier adaptation in idempotence test main only.
3977;v16.2.15;v17.2.7;src/test/objectstore/test_idempotent_sequence.cc;;M;M;3;2;FALSE;100644;100644;7cf31fa92984537b4bb55d361eb09cafd50cb616;cac395c36fc0b7aaf861d3e86e221b16cf2473b5;02;02-bluestore-bluefs;P2;test/QA;support;"Triage owner 02: object-store and replay path; inspect endpoint hunk before binary impact verdict.";;trivial;;T02-test-api: argv_to_vec signature adaptation in test main only.
3978;v16.2.15;v17.2.7;src/test/objectstore/test_kv.cc;;M;M;4;4;FALSE;100644;100644;c6efb44afdc12649be3cb7aa93ce4b527f2226f3;abc43f46d9d38bfec4c69d10af44f3f4febe423d;02;02-bluestore-bluefs;P2;test/QA;support;"Triage owner 02: object-store and replay path; inspect endpoint hunk before binary impact verdict.";;trivial;;"T02-test-backend: LevelDB test case removed with backend (KV-001); test file itself changes no deployed KV behavior."
3979;v16.2.15;v17.2.7;src/test/objectstore/test_memstore_clone.cc;;M;M;3;3;FALSE;100644;100644;85d4132949e8a3c90cc1843c8a2b8bbb73108194;507f74d22d2d86c2e7f829a2c0dbe9e8f5c4ac7a;02;02-bluestore-bluefs;P2;test/QA;support;"Triage owner 02: object-store and replay path; inspect endpoint hunk before binary impact verdict.";;trivial;;T02-test-api: argv_to_vec signature/std qualifier adaptation in memstore clone test main only.
3980;v16.2.15;v17.2.7;src/test/objectstore/test_transaction.cc;;M;M;2;0;FALSE;100644;100644;6d7c9fe0f984b798d3d21035650152edc7b2ccf7;381b9df7d64201bf8306a269969480bdbbb1684c;02;02-bluestore-bluefs;P2;test/QA;support;"Triage owner 02: object-store and replay path; inspect endpoint hunk before binary impact verdict.";;trivial;;T02-test-api: std namespace declaration in test harness only.
3984;v16.2.15;v17.2.7;src/test/os/TestLFNIndex.cc;;M;M;3;2;FALSE;100644;100644;d74de739d1e5c0703be3e41e460bf18111791323;c0976fcf1a9f19b45a6dec36b9a38028df24476e;02;02-bluestore-bluefs;P2;test/QA;support;"Triage owner 02: component-specific repository test; inspect endpoint hunk before binary impact verdict.";;trivial;;T02-test-api: argv_to_vec signature/std qualifier adaptation in FileStore index test main only.
