index;base_tag;target_tag;path;old_path;status;status_detail;additions;deletions;binary;old_mode;new_mode;old_blob;new_blob;group;owner_report;priority;file_type;review_mode;analysis_decision;diff_note;upgrade_impact;finding_id;impact_reason
267;v16.2.15;v17.2.7;doc/mgr/administrator.rst;;M;M;31;32;FALSE;100644;100644;62294580a337c5a0539ab8f6fde1cede48b95729;d8fb4bca91ec3eb61400a55730d846cdd2995433;07;07-mgr-modules-monitoring;P2;documentation;support;"Triage owner 07: MGR, dashboard or monitoring path; inspect endpoint hunk before binary impact verdict.";;;;
268;v16.2.15;v17.2.7;doc/mgr/capacity-card.png;;A;A;;;TRUE;000000;100644;0000000000000000000000000000000000000000;59a70348c358674497952a231061960a8b290be7;07;07-mgr-modules-monitoring;P2;documentation;support;"Triage owner 07: MGR, dashboard or monitoring path; inspect endpoint hunk before binary impact verdict.";;;;
269;v16.2.15;v17.2.7;doc/mgr/ceph_api/index.rst;;M;M;13;11;FALSE;100644;100644;f4e6836b09edfeb2d1050dad4fcd729ecbabecf2;1cdc9a97bfb560c38e2daa25ecdc7ff669410aa0;07;07-mgr-modules-monitoring;P2;documentation;support;"Triage owner 07: MGR, dashboard or monitoring path; inspect endpoint hunk before binary impact verdict.";;;;
270;v16.2.15;v17.2.7;doc/mgr/cluster-utilization-card.png;;A;A;;;TRUE;000000;100644;0000000000000000000000000000000000000000;fc0fd9ed197f2046ea83da857bff6d72a7d2e9af;07;07-mgr-modules-monitoring;P2;documentation;support;"Triage owner 07: MGR, dashboard or monitoring path; inspect endpoint hunk before binary impact verdict.";;;;
271;v16.2.15;v17.2.7;doc/mgr/crash.rst;;M;M;27;7;FALSE;100644;100644;e12a8c6f83e9aa1d5bdc37b84486fe35bb38d7c5;656c7a2d4ef31c5d59d5b056170ea661dd92fcab;07;07-mgr-modules-monitoring;P2;documentation;support;"Triage owner 07: MGR, dashboard or monitoring path; inspect endpoint hunk before binary impact verdict.";;;;
272;v16.2.15;v17.2.7;doc/mgr/dashboard-landing-page.png;;A;A;;;TRUE;000000;100644;0000000000000000000000000000000000000000;77a1fe12b511b6418acc772dcaf27bbac55f8591;07;07-mgr-modules-monitoring;P2;documentation;support;"Triage owner 07: MGR, dashboard or monitoring path; inspect endpoint hunk before binary impact verdict.";;;;
273;v16.2.15;v17.2.7;doc/mgr/dashboard.rst;;M;M;80;44;FALSE;100644;100644;ca5dd7fb8bf348cd1786d62e41e605309e7d296b;1368414a278fe47bc9e4e6a24a3a8d26f1f24c24;07;07-mgr-modules-monitoring;P2;documentation;support;"Triage owner 07: MGR, dashboard or monitoring path; inspect endpoint hunk before binary impact verdict.";;;;
274;v16.2.15;v17.2.7;doc/mgr/details-card.png;;A;A;;;TRUE;000000;100644;0000000000000000000000000000000000000000;0c219a890b9d5eadef0e458e41fa10de92915b89;07;07-mgr-modules-monitoring;P2;documentation;support;"Triage owner 07: MGR, dashboard or monitoring path; inspect endpoint hunk before binary impact verdict.";;;;
275;v16.2.15;v17.2.7;doc/mgr/diskprediction.rst;;M;M;1;1;FALSE;100644;100644;af34a037c44661f03bea5db5acbe75efbb503c29;d0d962503e6f7313b5715a546e245194c8b020ae;07;07-mgr-modules-monitoring;P2;documentation;support;"Triage owner 07: MGR, dashboard or monitoring path; inspect endpoint hunk before binary impact verdict.";;;;
276;v16.2.15;v17.2.7;doc/mgr/index.rst;;M;M;2;0;FALSE;100644;100644;66fa19f863944943efb5a9784815fdbbf341461e;4d20d509801a4873b6885761b29dd5be728546ae;07;07-mgr-modules-monitoring;P2;documentation;support;"Triage owner 07: MGR, dashboard or monitoring path; inspect endpoint hunk before binary impact verdict.";;;;
277;v16.2.15;v17.2.7;doc/mgr/influx.rst;;M;M;24;16;FALSE;100644;100644;9a770530ac94b8216e5d6f1a2c9f4ab91304323b;2622d3919d08a2aff750276b5ba5567517c1d670;07;07-mgr-modules-monitoring;P2;documentation;support;"Triage owner 07: MGR, dashboard or monitoring path; inspect endpoint hunk before binary impact verdict.";;;;
278;v16.2.15;v17.2.7;doc/mgr/inventory-card.png;;A;A;;;TRUE;000000;100644;0000000000000000000000000000000000000000;54317fc9fc32ba54974d76b1fb51bb743c4e5b35;07;07-mgr-modules-monitoring;P2;documentation;support;"Triage owner 07: MGR, dashboard or monitoring path; inspect endpoint hunk before binary impact verdict.";;;;
279;v16.2.15;v17.2.7;doc/mgr/localpool.rst;;M;M;11;9;FALSE;100644;100644;fe8bd3942a9ad2f5b5767eb1100861181e9919e3;2812925caf30214f39067524c37f673ee474eb31;07;07-mgr-modules-monitoring;P2;documentation;support;"Triage owner 07: MGR, dashboard or monitoring path; inspect endpoint hunk before binary impact verdict.";;;;
280;v16.2.15;v17.2.7;doc/mgr/modules.rst;;M;M;268;10;FALSE;100644;100644;9ac0d30f1afc89ef1f3f6ca1459588f376522d96;667664139739fef67e3a0eb44567039dd40f0af9;07;07-mgr-modules-monitoring;P2;documentation;support;"Triage owner 07: MGR, dashboard or monitoring path; inspect endpoint hunk before binary impact verdict.";;;;
281;v16.2.15;v17.2.7;doc/mgr/nfs.rst;;M;M;15;1;FALSE;100644;100644;a79d994ddb3818cfdd9da628607e23b9c5179262;783219440122f64761882e8819310f2332efcff6;07;07-mgr-modules-monitoring;P2;documentation;support;"Triage owner 07: MGR, dashboard or monitoring path; inspect endpoint hunk before binary impact verdict.";;;;
282;v16.2.15;v17.2.7;doc/mgr/progress.rst;;A;A;58;0;FALSE;000000;100644;0000000000000000000000000000000000000000;77a8a408a9aadf36f72bd858a543800d8234909d;07;07-mgr-modules-monitoring;P2;documentation;support;"Triage owner 07: MGR, dashboard or monitoring path; inspect endpoint hunk before binary impact verdict.";;;;
283;v16.2.15;v17.2.7;doc/mgr/prometheus.rst;;M;M;13;2;FALSE;100644;100644;13b8ff5cc7716701f309d7d4efe412487e5cac59;4b3476c7a83973df420fd8b460d44574b7b4eb3e;07;07-mgr-modules-monitoring;P2;documentation;support;"Triage owner 07: MGR, dashboard or monitoring path; inspect endpoint hunk before binary impact verdict.";;;;
284;v16.2.15;v17.2.7;doc/mgr/rgw.rst;;A;A;141;0;FALSE;000000;100644;0000000000000000000000000000000000000000;a3f53280a75f118ad75fbab85faeaabdbc77372e;07;07-mgr-modules-monitoring;P2;documentation;support;"Triage owner 07: MGR, dashboard or monitoring path; inspect endpoint hunk before binary impact verdict.";;;;
285;v16.2.15;v17.2.7;doc/mgr/status-card-open.png;;A;A;;;TRUE;000000;100644;0000000000000000000000000000000000000000;4ea20921b016848ddd344f24a19438152e987f04;07;07-mgr-modules-monitoring;P2;documentation;support;"Triage owner 07: MGR, dashboard or monitoring path; inspect endpoint hunk before binary impact verdict.";;;;
286;v16.2.15;v17.2.7;doc/mgr/telegraf.rst;;M;M;4;1;FALSE;100644;100644;5944f7255cd63f2f26fb644e1a7f81414458895b;781ff5592fb05d0328de5eeea621f711f2deb867;07;07-mgr-modules-monitoring;P2;documentation;support;"Triage owner 07: MGR, dashboard or monitoring path; inspect endpoint hunk before binary impact verdict.";;;;
287;v16.2.15;v17.2.7;doc/mgr/telemetry.rst;;M;M;135;19;FALSE;100644;100644;a2479c3f3ac0b62dc6d89d5d91f3cb1ec2d1f170;90d45766c15bce3006bd1e15d36296889cde5d55;07;07-mgr-modules-monitoring;P2;documentation;support;"Triage owner 07: MGR, dashboard or monitoring path; inspect endpoint hunk before binary impact verdict.";;;;
288;v16.2.15;v17.2.7;doc/mgr/zabbix.rst;;M;M;1;1;FALSE;100644;100644;e0671462524179db8b6bb7c3a417934583c5a655;f044b7a79056dd2fb740b7b1aecb3357b0ab8e9d;07;07-mgr-modules-monitoring;P2;documentation;support;"Triage owner 07: MGR, dashboard or monitoring path; inspect endpoint hunk before binary impact verdict.";;;;
289;v16.2.15;v17.2.7;doc/monitoring/index.rst;;A;A;474;0;FALSE;000000;100644;0000000000000000000000000000000000000000;2bf2aca90f2f43a8a5c0d928f2a9cb707d694acc;07;07-mgr-modules-monitoring;P2;documentation;support;"Triage owner 07: MGR, dashboard or monitoring path; inspect endpoint hunk before binary impact verdict.";;;;
423;v16.2.15;v17.2.7;monitoring/ceph-mixin/dashboards/osd.libsonnet;;M;M;1;1;FALSE;100644;100644;0015c7f398bd13e26c4b635e7b30de2c1e9fc705;0ea43c96ff9f04f44d445ef6124c28abdd13fe52;07;07-mgr-modules-monitoring;P1;runtime/source;conditional;"Triage owner 07: MGR, dashboard or monitoring path; inspect endpoint hunk before binary impact verdict.";;;;
424;v16.2.15;v17.2.7;monitoring/ceph-mixin/dashboards/rbd.libsonnet;;M;M;1;1;FALSE;100644;100644;709d4e04f7e9e34524cf85eed325389fdfc812ae;0eca5a877737be9ab9dead1994fb5874d14be0da;07;07-mgr-modules-monitoring;P1;runtime/source;conditional;"Triage owner 07: MGR, dashboard or monitoring path; inspect endpoint hunk before binary impact verdict.";;;;
425;v16.2.15;v17.2.7;monitoring/ceph-mixin/dashboards/rgw.libsonnet;;M;M;2;2;FALSE;100644;100644;49dcf915688440340d03feff79a091f9b810c480;892480d1ca0ff57bc7dfe8116779d4757552a7f6;07;07-mgr-modules-monitoring;P1;runtime/source;conditional;"Triage owner 07: MGR, dashboard or monitoring path; inspect endpoint hunk before binary impact verdict.";;;;
426;v16.2.15;v17.2.7;monitoring/ceph-mixin/dashboards_out/osd-device-details.json;;M;M;6;6;FALSE;100644;100644;811e6d57ef2ece8cc77b695efbfe4fdc56cc4d52;384516fb019561eed73667baa59d85b384694517;07;07-mgr-modules-monitoring;P2;generated/lock/data;reference-only;"Triage owner 07: MGR, dashboard or monitoring path; inspect endpoint hunk before binary impact verdict.";;;;
427;v16.2.15;v17.2.7;monitoring/ceph-mixin/dashboards_out/radosgw-detail.json;;M;M;3;3;FALSE;100644;100644;4568f9a4d8543e9d8cab286e3598248d71fe8b75;a0f8f3537c4819ae26e8a3ff2a424c962a830d33;07;07-mgr-modules-monitoring;P2;generated/lock/data;reference-only;"Triage owner 07: MGR, dashboard or monitoring path; inspect endpoint hunk before binary impact verdict.";;;;
428;v16.2.15;v17.2.7;monitoring/ceph-mixin/dashboards_out/radosgw-overview.json;;M;M;10;10;FALSE;100644;100644;a8256c1f5e1633bc84b1467af78ffe72436a65bb;77d69e4f31524d6502694752bb51283370e327a5;07;07-mgr-modules-monitoring;P2;generated/lock/data;reference-only;"Triage owner 07: MGR, dashboard or monitoring path; inspect endpoint hunk before binary impact verdict.";;;;
429;v16.2.15;v17.2.7;monitoring/ceph-mixin/dashboards_out/rbd-overview.json;;M;M;3;3;FALSE;100644;100644;86b354a6089c25fb6cd7f29430f15db6bf6b55c3;e017280e02bfa998e37cf64e8b8f29a9e600c4ad;07;07-mgr-modules-monitoring;P2;generated/lock/data;reference-only;"Triage owner 07: MGR, dashboard or monitoring path; inspect endpoint hunk before binary impact verdict.";;;;
430;v16.2.15;v17.2.7;monitoring/ceph-mixin/tox.ini;;M;M;0;1;FALSE;100644;100644;743f4bca63a5bfed0f3308d631fde21449bd2407;d0d97fc98b9da0466718c8cfc9d9781b0cecdea5;07;07-mgr-modules-monitoring;P1;runtime/source;conditional;"Triage owner 07: MGR, dashboard or monitoring path; inspect endpoint hunk before binary impact verdict.";;;;
431;v16.2.15;v17.2.7;monitoring/snmp/CEPH-PROMETHEUS-ALERT-MIB.txt;;A;A;377;0;FALSE;000000;100644;0000000000000000000000000000000000000000;0eeda4471cb7dc12c38133c98821d45841d32ebd;07;07-mgr-modules-monitoring;P1;runtime/source;conditional;"Triage owner 07: MGR, dashboard or monitoring path; inspect endpoint hunk before binary impact verdict.";;;;
1391;v16.2.15;v17.2.7;qa/tasks/mgr/dashboard/helper.py;;M;M;1;1;FALSE;100644;100644;2c6efa9015aaa175926a819146877a489eccbc24;f64ad825e8e81deb02b9ee6471e09f3e50bb0056;07;07-mgr-modules-monitoring;P2;test/QA;support;"Triage owner 07: MGR, dashboard or monitoring path; inspect endpoint hunk before binary impact verdict.";;;;
1392;v16.2.15;v17.2.7;qa/tasks/mgr/dashboard/test_crush_rule.py;;M;M;4;7;FALSE;100644;100644;1e37553b24a006991caf3a78d3f95f0a34b4e1e1;aa2250b1d2a2eb3768924c575cc9d2288724c1fb;07;07-mgr-modules-monitoring;P2;test/QA;support;"Triage owner 07: MGR, dashboard or monitoring path; inspect endpoint hunk before binary impact verdict.";;;;
1393;v16.2.15;v17.2.7;qa/tasks/mgr/dashboard/test_feedback.py;;A;A;36;0;FALSE;000000;100644;0000000000000000000000000000000000000000;0ec5ac31880606f13b7d503687d9dce02dde645d;07;07-mgr-modules-monitoring;P2;test/QA;support;"Triage owner 07: MGR, dashboard or monitoring path; inspect endpoint hunk before binary impact verdict.";;;;
1394;v16.2.15;v17.2.7;qa/tasks/mgr/dashboard/test_health.py;;M;M;6;0;FALSE;100644;100644;693b7b65cdf02584f24603da39f46bd408b9c22e;92de402e20561628e64df16ac79ac3ce577b9a99;07;07-mgr-modules-monitoring;P2;test/QA;support;"Triage owner 07: MGR, dashboard or monitoring path; inspect endpoint hunk before binary impact verdict.";;;;
1395;v16.2.15;v17.2.7;qa/tasks/mgr/dashboard/test_mgr_module.py;;M;M;2;0;FALSE;100644;100644;40bfa0025d34233d85a98f564bcb98c9abb7b782;0766bfd2b467acd6bdf64a97d7dafbc8a1b871a6;07;07-mgr-modules-monitoring;P2;test/QA;support;"Triage owner 07: MGR, dashboard or monitoring path; inspect endpoint hunk before binary impact verdict.";;;;
1396;v16.2.15;v17.2.7;qa/tasks/mgr/dashboard/test_pool.py;;M;M;3;1;FALSE;100644;100644;055ba2b005ab269dc2fee2f4af4a72aab85e4b1d;0699be48c48ceeda8d18d62948fc3f6a72a332c1;07;07-mgr-modules-monitoring;P2;test/QA;support;"Triage owner 07: MGR, dashboard or monitoring path; inspect endpoint hunk before binary impact verdict.";;;;
1397;v16.2.15;v17.2.7;qa/tasks/mgr/dashboard/test_rgw.py;;M;M;3;2;FALSE;100644;100644;53577a87a9617d5b914acd4b47b25d90ee7b7542;01dbae59febafc83733c6a4ba25b540f0d3a9172;07;07-mgr-modules-monitoring;P2;test/QA;support;"Triage owner 07: MGR, dashboard or monitoring path; inspect endpoint hunk before binary impact verdict.";;;;
1398;v16.2.15;v17.2.7;qa/tasks/mgr/mgr_test_case.py;;M;M;4;8;FALSE;100644;100644;a650070f335348d35d27a526eaa2c998742c685a;5fe5e0759856cb269f309e50a4f271a2b5a4d8cb;07;07-mgr-modules-monitoring;P2;test/QA;support;"Triage owner 07: MGR, dashboard or monitoring path; inspect endpoint hunk before binary impact verdict.";;;;
1399;v16.2.15;v17.2.7;qa/tasks/mgr/test_module_selftest.py;;M;M;4;7;FALSE;100644;100644;b054642dbd48e8e7ead6d01ac73d021de98aafe4;0f64adbd88587b118059cffe3882fac557fb8842;07;07-mgr-modules-monitoring;P2;test/QA;support;"Triage owner 07: MGR, dashboard or monitoring path; inspect endpoint hunk before binary impact verdict.";;;;
1400;v16.2.15;v17.2.7;qa/tasks/mgr/test_progress.py;;M;M;43;0;FALSE;100644;100644;082653f625294c5620dcd27b421d4ffaddd51745;a80600c6a803587ef4cc758ec7108b0dd8f768f8;07;07-mgr-modules-monitoring;P2;test/QA;support;"Triage owner 07: MGR, dashboard or monitoring path; inspect endpoint hunk before binary impact verdict.";;;;
1443;v16.2.15;v17.2.7;qa/workunits/mgr/test_per_module_finisher.sh;;M;M;1;0;FALSE;100755;100755;09937bc02da9a559328f9f0e1aa79debb5ae4ca4;dc66bce23b1eae88ed06eb91fa79ef0b4b3410f7;07;07-mgr-modules-monitoring;P2;test/QA;support;"Triage owner 07: MGR, dashboard or monitoring path; inspect endpoint hunk before binary impact verdict.";;;;
1521;v16.2.15;v17.2.7;src/ceph_mgr.cc;;M;M;5;6;FALSE;100644;100644;308ce8403d35f92e7b8f52e21d9cfeca4894f820;67bda0c51bed2a34f23eec9ebc0c18d4ba783853;07;07-mgr-modules-monitoring;P1;runtime/source;conditional;"Triage owner 07: daemon entry point; inspect endpoint hunk before binary impact verdict.";;;;
1992;v16.2.15;v17.2.7;src/exporter/DaemonMetricCollector.cc;;A;A;411;0;FALSE;000000;100644;0000000000000000000000000000000000000000;a8fef46548e92aa05bab4d0293beb3015b59fa2d;07;07-mgr-modules-monitoring;P1;runtime/source;conditional;"Triage owner 07: MGR, dashboard or monitoring path; inspect endpoint hunk before binary impact verdict.";;;;
1993;v16.2.15;v17.2.7;src/exporter/DaemonMetricCollector.h;;A;A;104;0;FALSE;000000;100644;0000000000000000000000000000000000000000;c8238669c419c32455c34ebd85175f569a42bae9;07;07-mgr-modules-monitoring;P1;runtime/source;conditional;"Triage owner 07: MGR, dashboard or monitoring path; inspect endpoint hunk before binary impact verdict.";;;;
1994;v16.2.15;v17.2.7;src/exporter/ceph_exporter.cc;;A;A;65;0;FALSE;000000;100644;0000000000000000000000000000000000000000;70650ff87c677faa979b71bb7d991f4534bb91af;07;07-mgr-modules-monitoring;P1;runtime/source;conditional;"Triage owner 07: MGR, dashboard or monitoring path; inspect endpoint hunk before binary impact verdict.";;;;
1995;v16.2.15;v17.2.7;src/exporter/http_server.cc;;A;A;169;0;FALSE;000000;100644;0000000000000000000000000000000000000000;317d877e88c11bd42f0bf486c5b8321879690616;07;07-mgr-modules-monitoring;P1;runtime/source;conditional;"Triage owner 07: MGR, dashboard or monitoring path; inspect endpoint hunk before binary impact verdict.";;;;
1996;v16.2.15;v17.2.7;src/exporter/http_server.h;;A;A;5;0;FALSE;000000;100644;0000000000000000000000000000000000000000;0d0502f57c8af94b0cffcf5617f397bc02c00582;07;07-mgr-modules-monitoring;P1;runtime/source;conditional;"Triage owner 07: MGR, dashboard or monitoring path; inspect endpoint hunk before binary impact verdict.";;;;
1997;v16.2.15;v17.2.7;src/exporter/util.cc;;A;A;48;0;FALSE;000000;100644;0000000000000000000000000000000000000000;0ae190cc642ba65efb5eb7fec5af7dc4ad409cfb;07;07-mgr-modules-monitoring;P1;runtime/source;conditional;"Triage owner 07: MGR, dashboard or monitoring path; inspect endpoint hunk before binary impact verdict.";;;;
1998;v16.2.15;v17.2.7;src/exporter/util.h;;A;A;22;0;FALSE;000000;100644;0000000000000000000000000000000000000000;b1fb83ad813e39efff8e2061ef12fda5b90c4d2a;07;07-mgr-modules-monitoring;P1;runtime/source;conditional;"Triage owner 07: MGR, dashboard or monitoring path; inspect endpoint hunk before binary impact verdict.";;;;
2284;v16.2.15;v17.2.7;src/messages/MMgrBeacon.h;;M;M;10;35;FALSE;100644;100644;d635b9984750a4a34caf0d26f9f45d45ee6f7150;1799e2f7168c47691c8af3989a2330f0417d3188;07;07-mgr-modules-monitoring;P1;runtime/source;conditional;"Triage owner 07: MGR wire message; inspect endpoint hunk before binary impact verdict.";;;;
2285;v16.2.15;v17.2.7;src/messages/MMgrConfigure.h;;M;M;2;0;FALSE;100644;100644;7b27c9064eb37899283e8000c9772449ecffd961;ab3a41e3713c9947386a122407b32a5c046e6d79;07;07-mgr-modules-monitoring;P1;runtime/source;conditional;"Triage owner 07: MGR wire message; inspect endpoint hunk before binary impact verdict.";;;;
2286;v16.2.15;v17.2.7;src/messages/MMgrDigest.h;;M;M;2;0;FALSE;100644;100644;69f3368683a564fc04036f4b18f3c9b3919542de;e9c4b45f62658419447838f3428d8ba1317f4dae;07;07-mgr-modules-monitoring;P1;runtime/source;conditional;"Triage owner 07: MGR wire message; inspect endpoint hunk before binary impact verdict.";;;;
2287;v16.2.15;v17.2.7;src/messages/MMgrMap.h;;M;M;2;0;FALSE;100644;100644;9f16130bebda4df64cbd51f9f92e15a3c55f9e94;2026fa3a4b46fa4ddd18a392904a43af5a46fb22;07;07-mgr-modules-monitoring;P1;runtime/source;conditional;"Triage owner 07: MGR wire message; inspect endpoint hunk before binary impact verdict.";;;;
2288;v16.2.15;v17.2.7;src/messages/MMgrOpen.h;;M;M;2;0;FALSE;100644;100644;c5061a281caecd11dffae8bcccd57b80ee46d00c;9c9345e8ab47ba2cb4df898618d25bdebb1a4bff;07;07-mgr-modules-monitoring;P1;runtime/source;conditional;"Triage owner 07: MGR wire message; inspect endpoint hunk before binary impact verdict.";;;;
2289;v16.2.15;v17.2.7;src/messages/MMgrReport.h;;M;M;2;0;FALSE;100644;100644;5cd5f3d5442a4c65c3a2ad6386755ddada10bb7c;bd3c221a847eac41e01304655c3711419ed23f8f;07;07-mgr-modules-monitoring;P1;runtime/source;conditional;"Triage owner 07: MGR wire message; inspect endpoint hunk before binary impact verdict.";;;;
2307;v16.2.15;v17.2.7;src/mgr/ActivePyModule.cc;;M;M;8;4;FALSE;100644;100644;c776acfd03b527e6b19dca6c05d6f49a25bee434;c244966e598d74b1a4d4011c11116d2cea7789ca;07;07-mgr-modules-monitoring;P1;runtime/source;conditional;"Triage owner 07: MGR, dashboard or monitoring path; inspect endpoint hunk before binary impact verdict.";;;;
2308;v16.2.15;v17.2.7;src/mgr/ActivePyModule.h;;M;M;1;2;FALSE;100644;100644;cd0ddc953cadb201ec050dc7c0c0cc4c643e5a68;187fb68f846eba1fca71f1f17e4f33a5b9f38fd1;07;07-mgr-modules-monitoring;P1;runtime/source;conditional;"Triage owner 07: MGR, dashboard or monitoring path; inspect endpoint hunk before binary impact verdict.";;;;
2309;v16.2.15;v17.2.7;src/mgr/ActivePyModules.cc;;M;M;63;65;FALSE;100644;100644;a2c5f464f264c16832de9ac4838054ab6e265dad;d03fc1d050e759f4c5fe6a2c63717e4cc2b6f85c;07;07-mgr-modules-monitoring;P1;runtime/source;conditional;"Triage owner 07: MGR, dashboard or monitoring path; inspect endpoint hunk before binary impact verdict.";;;;
2310;v16.2.15;v17.2.7;src/mgr/ActivePyModules.h;;M;M;5;4;FALSE;100644;100644;61837d157f29a826457d5a7fceb1d2062aef89c8;d697cb061714580153015590afdbc482f0cb6282;07;07-mgr-modules-monitoring;P1;runtime/source;conditional;"Triage owner 07: MGR, dashboard or monitoring path; inspect endpoint hunk before binary impact verdict.";;;;
2311;v16.2.15;v17.2.7;src/mgr/BaseMgrModule.cc;;M;M;72;66;FALSE;100644;100644;1b1f418a2b504dd87cf6647688b108f1756dbe7f;4fb5b250b98b9cc79c404a8a27a454fae10f606a;07;07-mgr-modules-monitoring;P1;runtime/source;conditional;"Triage owner 07: MGR, dashboard or monitoring path; inspect endpoint hunk before binary impact verdict.";;;;
2312;v16.2.15;v17.2.7;src/mgr/BaseMgrStandbyModule.cc;;M;M;2;0;FALSE;100644;100644;6f35088d0309e74d94faed0e99619f52d705667a;22dfd3be84cbc8dd9e1be877541986bd5d35f3ad;07;07-mgr-modules-monitoring;P1;runtime/source;conditional;"Triage owner 07: MGR, dashboard or monitoring path; inspect endpoint hunk before binary impact verdict.";;;;
2314;v16.2.15;v17.2.7;src/mgr/ClusterState.cc;;M;M;7;0;FALSE;100644;100644;28340d56dddc962010a45bbedf628ac5def96e7e;7f811a5e41597852c91cd031e9f5e60f8b67e977;07;07-mgr-modules-monitoring;P1;runtime/source;conditional;"Triage owner 07: MGR, dashboard or monitoring path; inspect endpoint hunk before binary impact verdict.";;;;
2315;v16.2.15;v17.2.7;src/mgr/ClusterState.h;;M;M;2;2;FALSE;100644;100644;eeff1f76bd97899c90cbe289c9fe58ab79932832;7939cd8eb8f0f7911b9f0d6c0aa218646bd67437;07;07-mgr-modules-monitoring;P1;runtime/source;conditional;"Triage owner 07: MGR, dashboard or monitoring path; inspect endpoint hunk before binary impact verdict.";;;;
2316;v16.2.15;v17.2.7;src/mgr/DaemonHealthMetricCollector.cc;;M;M;4;0;FALSE;100644;100644;53c0b78a6904ccce3804af9b24c04fedccac92d5;bf206015aba3eba22cbb7c91903f3689a91b01d5;07;07-mgr-modules-monitoring;P1;runtime/source;conditional;"Triage owner 07: MGR, dashboard or monitoring path; inspect endpoint hunk before binary impact verdict.";;;;
2317;v16.2.15;v17.2.7;src/mgr/DaemonServer.cc;;M;M;23;31;FALSE;100644;100644;5f52bad07d1918f6f70c716382b1291e2d7958f4;525f732fbe6db34207910c406c1f890cecae2153;07;07-mgr-modules-monitoring;P1;runtime/source;conditional;"Triage owner 07: MGR, dashboard or monitoring path; inspect endpoint hunk before binary impact verdict.";;;;
2318;v16.2.15;v17.2.7;src/mgr/DaemonServer.h;;M;M;7;7;FALSE;100644;100644;c647bf95e68ee317a352cd5b700f7db4233c8b6d;a7b6456100439ec3f8d20058a9c34ee59fc6589d;07;07-mgr-modules-monitoring;P1;runtime/source;conditional;"Triage owner 07: MGR, dashboard or monitoring path; inspect endpoint hunk before binary impact verdict.";;;;
2319;v16.2.15;v17.2.7;src/mgr/DaemonState.cc;;M;M;53;0;FALSE;100644;100644;32cbbe3b9c0b85e706c35ea6f6bd073bc4177ae5;044ddadad03c91a7aeabd4e4469ce010792a1130;07;07-mgr-modules-monitoring;P1;runtime/source;conditional;"Triage owner 07: MGR, dashboard or monitoring path; inspect endpoint hunk before binary impact verdict.";;;;
2320;v16.2.15;v17.2.7;src/mgr/DaemonState.h;;M;M;8;47;FALSE;100644;100644;8c21305a9c236ec2786ec43ea9d483a064eed102;0688db81bb1f60dc4407646b1055810bd892b642;07;07-mgr-modules-monitoring;P1;runtime/source;conditional;"Triage owner 07: MGR, dashboard or monitoring path; inspect endpoint hunk before binary impact verdict.";;;;
2321;v16.2.15;v17.2.7;src/mgr/Mgr.cc;;M;M;38;1;FALSE;100644;100644;45bf6624ab7845dd5c9f406dbce7bd67c7e4108d;48e50d2ae23cc915f71e13f9461a8531afce6ce5;07;07-mgr-modules-monitoring;P1;runtime/source;conditional;"Triage owner 07: MGR, dashboard or monitoring path; inspect endpoint hunk before binary impact verdict.";;;;
2322;v16.2.15;v17.2.7;src/mgr/Mgr.h;;M;M;1;0;FALSE;100644;100644;28a7da93de08312fc3ece50de516af6791e37050;22ebdb680410e89e335ed2232eac435fba68fd2b;07;07-mgr-modules-monitoring;P1;runtime/source;conditional;"Triage owner 07: MGR, dashboard or monitoring path; inspect endpoint hunk before binary impact verdict.";;;;
2323;v16.2.15;v17.2.7;src/mgr/MgrClient.cc;;M;M;1;3;FALSE;100644;100644;6230b3387172fe259a103df9947a9acadcad9be5;6253d267034335267af3530d227ffc0012968832;07;07-mgr-modules-monitoring;P1;runtime/source;conditional;"Triage owner 07: MGR, dashboard or monitoring path; inspect endpoint hunk before binary impact verdict.";;;;
2324;v16.2.15;v17.2.7;src/mgr/MgrClient.h;;M;M;1;1;FALSE;100644;100644;1668d8da0fbc29fc64894e21b0fa5aefc58ca27b;a48ae163e18a8da011efeb81729d7022dc1e8da3;07;07-mgr-modules-monitoring;P1;runtime/source;conditional;"Triage owner 07: MGR, dashboard or monitoring path; inspect endpoint hunk before binary impact verdict.";;;;
2325;v16.2.15;v17.2.7;src/mgr/MgrCommands.h;;M;M;3;3;FALSE;100644;100644;bc3350da448ebd25e1e90bed6d644d22503c0d5c;439f07c67019f5375cd5c98dd4eaaa9416ef36b2;07;07-mgr-modules-monitoring;P1;runtime/source;conditional;"Triage owner 07: MGR, dashboard or monitoring path; inspect endpoint hunk before binary impact verdict.";;;;
2326;v16.2.15;v17.2.7;src/mgr/MgrStandby.cc;;M;M;14;24;FALSE;100644;100644;2821bf4cfa22e4915788c4ecdca4feb0948d603d;7649298432f187f08dd08cf69a35a2bf10145ef1;07;07-mgr-modules-monitoring;P1;runtime/source;conditional;"Triage owner 07: MGR, dashboard or monitoring path; inspect endpoint hunk before binary impact verdict.";;;;
2327;v16.2.15;v17.2.7;src/mgr/MgrStandby.h;;M;M;1;1;FALSE;100644;100644;cac31a5764017ce6e566e8e7e7117f8f95a7a526;0f06e3074a00439d605fe1a5b4cd3ee484322f2b;07;07-mgr-modules-monitoring;P1;runtime/source;conditional;"Triage owner 07: MGR, dashboard or monitoring path; inspect endpoint hunk before binary impact verdict.";;;;
2328;v16.2.15;v17.2.7;src/mgr/PyModule.cc;;M;M;93;51;FALSE;100644;100644;19d02332d2d518e8c36b022086f2bb6d32530d4c;084cf3ffc1eac44e784b122928c729091f216327;07;07-mgr-modules-monitoring;P1;runtime/source;conditional;"Triage owner 07: MGR, dashboard or monitoring path; inspect endpoint hunk before binary impact verdict.";;;;
2329;v16.2.15;v17.2.7;src/mgr/PyModule.h;;M;M;5;3;FALSE;100644;100644;fe2e16238ef1c201c30f082823f448a62f24692e;8d88ff94c6271cd0c65a3ee04752f10b499daff8;07;07-mgr-modules-monitoring;P1;runtime/source;conditional;"Triage owner 07: MGR, dashboard or monitoring path; inspect endpoint hunk before binary impact verdict.";;;;
2330;v16.2.15;v17.2.7;src/mgr/PyModuleRegistry.cc;;M;M;6;12;FALSE;100644;100644;1ae44143c7d80f36a5cf2e252fb98a0d672380c4;f5f5008023fc1009455bfce1723c13f5915f35ca;07;07-mgr-modules-monitoring;P1;runtime/source;conditional;"Triage owner 07: MGR, dashboard or monitoring path; inspect endpoint hunk before binary impact verdict.";;;;
2331;v16.2.15;v17.2.7;src/mgr/PyModuleRegistry.h;;M;M;2;2;FALSE;100644;100644;7e7797697d8c8f7b6e891c10ac6266a4d498ea9b;e16b2830d910e8cbcf757a1bf443b7a6e49c090b;07;07-mgr-modules-monitoring;P1;runtime/source;conditional;"Triage owner 07: MGR, dashboard or monitoring path; inspect endpoint hunk before binary impact verdict.";;;;
2332;v16.2.15;v17.2.7;src/mgr/PyModuleRunner.cc;;M;M;2;2;FALSE;100644;100644;e27f7f40551327eb536d7dcf21e4e45892be62f6;57c90fdab57ebffe3666036ae37fe05f25511c82;07;07-mgr-modules-monitoring;P1;runtime/source;conditional;"Triage owner 07: MGR, dashboard or monitoring path; inspect endpoint hunk before binary impact verdict.";;;;
2333;v16.2.15;v17.2.7;src/mgr/PyOSDMap.cc;;M;M;44;5;FALSE;100644;100644;70813ca528773dd60d242e21ae9739c315455ce2;ad188afccbc0ead91cf06e3a21edf9eed3582d45;07;07-mgr-modules-monitoring;P1;runtime/source;conditional;"Triage owner 07: MGR, dashboard or monitoring path; inspect endpoint hunk before binary impact verdict.";;;;
2334;v16.2.15;v17.2.7;src/mgr/ServiceMap.cc;;M;M;2;4;FALSE;100644;100644;b6f8ad97c86d103be1db55a58169244bcf1ec3b2;fd91d19abb032667080ee7f497c685ba02de68c6;07;07-mgr-modules-monitoring;P1;runtime/source;conditional;"Triage owner 07: MGR, dashboard or monitoring path; inspect endpoint hunk before binary impact verdict.";;;;
2335;v16.2.15;v17.2.7;src/mgr/StandbyPyModules.cc;;M;M;1;1;FALSE;100644;100644;86ee8550cadd5bb218654dfb32840e91a5083e5d;337aab02927b9c570d7516d02e14a4f6bec7559c;07;07-mgr-modules-monitoring;P1;runtime/source;conditional;"Triage owner 07: MGR, dashboard or monitoring path; inspect endpoint hunk before binary impact verdict.";;;;
2554;v16.2.15;v17.2.7;src/pybind/mgr/alerts/__init__.py;;M;M;1;0;FALSE;100644;100644;e4c185ca95e3a876a1611a4da7677d19a14ca1c5;f2f1d781b45549fd59d16efc54fcc159ce0a8fee;07;07-mgr-modules-monitoring;P1;runtime/source;conditional;"Triage owner 07: MGR, dashboard or monitoring path; inspect endpoint hunk before binary impact verdict.";;;;
2555;v16.2.15;v17.2.7;src/pybind/mgr/alerts/module.py;;M;M;90;96;FALSE;100644;100644;3d299f0d49ede701bea8439e179fe652f9ecc8d8;f20f047162d01730a77037fab41700d9f1b50109;07;07-mgr-modules-monitoring;P1;runtime/source;conditional;"Triage owner 07: MGR, dashboard or monitoring path; inspect endpoint hunk before binary impact verdict.";;;;
2556;v16.2.15;v17.2.7;src/pybind/mgr/balancer/__init__.py;;M;M;1;0;FALSE;100644;100644;8f210ac9247ea49624b20582ca8206e56055fbcd;ee85dc9d376e61235d719cf25585769bd07299a6;07;07-mgr-modules-monitoring;P1;runtime/source;conditional;"Triage owner 07: MGR, dashboard or monitoring path; inspect endpoint hunk before binary impact verdict.";;;;
2557;v16.2.15;v17.2.7;src/pybind/mgr/balancer/module.py;;M;M;478;490;FALSE;100644;100644;100af9b5b478fc54e5d7d529b791a5beea8a1dfb;19d4b09cfe539a76d1e723fcf30038e1c61c5b79;07;07-mgr-modules-monitoring;P1;runtime/source;conditional;"Triage owner 07: MGR, dashboard or monitoring path; inspect endpoint hunk before binary impact verdict.";;;;
2558;v16.2.15;v17.2.7;src/pybind/mgr/ceph_module.pyi;;M;M;4;1;FALSE;100644;100644;2d8c8cbaba762cb0498432777650f7080773bfd7;b89402d01be09ef6a53f5d1ef46e5463d3ea7e7e;07;07-mgr-modules-monitoring;P1;runtime/source;conditional;"Triage owner 07: MGR, dashboard or monitoring path; inspect endpoint hunk before binary impact verdict.";;;;
2592;v16.2.15;v17.2.7;src/pybind/mgr/crash/__init__.py;;M;M;1;0;FALSE;100644;100644;8f210ac9247ea49624b20582ca8206e56055fbcd;ee85dc9d376e61235d719cf25585769bd07299a6;07;07-mgr-modules-monitoring;P1;runtime/source;conditional;"Triage owner 07: MGR, dashboard or monitoring path; inspect endpoint hunk before binary impact verdict.";;;;
2593;v16.2.15;v17.2.7;src/pybind/mgr/crash/module.py;;M;M;213;178;FALSE;100644;100644;f2b65fbc37b275d4c96699e96ad7abe3de6d63cd;e9f78c8151408f8cd38768e54a405194b88855fd;07;07-mgr-modules-monitoring;P1;runtime/source;conditional;"Triage owner 07: MGR, dashboard or monitoring path; inspect endpoint hunk before binary impact verdict.";;;;
2595;v16.2.15;v17.2.7;src/pybind/mgr/dashboard/__init__.py;;M;M;3;4;FALSE;100644;100644;5156403e34e101560348e9b283dabf88d9997f4d;d2eab9751fe07ea4cee4b0f126c38df416652844;07;07-mgr-modules-monitoring;P1;runtime/source;conditional;"Triage owner 07: MGR, dashboard or monitoring path; inspect endpoint hunk before binary impact verdict.";;;;
2596;v16.2.15;v17.2.7;src/pybind/mgr/dashboard/api/__init__.py;;M;M;0;1;FALSE;100644;100644;c3961685ab8defd1a28f2a2a7bb3b74fcafa4d6b;e69de29bb2d1d6434b8b29ae775ad8c2e48c5391;07;07-mgr-modules-monitoring;P1;runtime/source;conditional;"Triage owner 07: MGR, dashboard or monitoring path; inspect endpoint hunk before binary impact verdict.";;;;
2597;v16.2.15;v17.2.7;src/pybind/mgr/dashboard/cherrypy_backports.py;;M;M;1;1;FALSE;100644;100644;26787200de19fa2a5fd08860278e3a5a3bbeebdc;8871004fed2df7ff0f6247da7816ad593e73232f;07;07-mgr-modules-monitoring;P1;runtime/source;conditional;"Triage owner 07: MGR, dashboard or monitoring path; inspect endpoint hunk before binary impact verdict.";;;;
2598;v16.2.15;v17.2.7;src/pybind/mgr/dashboard/ci/cephadm/bootstrap-cluster.sh;;M;M;1;1;FALSE;100755;100755;fed0e25559fcfb148360db8d3c2a7c970b929910;39ef8f98c94c551e2c777afc34fa9e71049257dd;07;07-mgr-modules-monitoring;P1;runtime/source;conditional;"Triage owner 07: MGR, dashboard or monitoring path; inspect endpoint hunk before binary impact verdict.";;;;
2599;v16.2.15;v17.2.7;src/pybind/mgr/dashboard/ci/cephadm/run-cephadm-e2e-tests.sh;;M;M;10;3;FALSE;100755;100755;063b544f49148290cb80d45b44c86e094d509fcd;83b2eb694884493d3bbf930adbe99e3999230f12;07;07-mgr-modules-monitoring;P1;runtime/source;conditional;"Triage owner 07: MGR, dashboard or monitoring path; inspect endpoint hunk before binary impact verdict.";;;;
2600;v16.2.15;v17.2.7;src/pybind/mgr/dashboard/constraints.txt;;M;M;6;6;FALSE;100644;100644;1b4595e1d0d78bb80780f9c472f13bff00955089;55f81c92dec0616eb9329a85381e7ea93e5b6e1f;07;07-mgr-modules-monitoring;P1;runtime/source;conditional;"Triage owner 07: MGR, dashboard or monitoring path; inspect endpoint hunk before binary impact verdict.";;;;
2601;v16.2.15;v17.2.7;src/pybind/mgr/dashboard/controllers/__init__.py;;M;M;6;1;FALSE;100644;100755;7a5b090ee461e71d7b90ff890db5beaad610c088;af3f276ebfa2faf9c8306e52a2091e013a5a4586;07;07-mgr-modules-monitoring;P1;runtime/source;conditional;"Triage owner 07: MGR, dashboard or monitoring path; inspect endpoint hunk before binary impact verdict.";Mode changed 100644 -> 100755.;;;
2602;v16.2.15;v17.2.7;src/pybind/mgr/dashboard/controllers/_crud.py;;A;A;485;0;FALSE;000000;100644;0000000000000000000000000000000000000000;4a57ac06cc588cad0c3a28fa5e87cd6ca60c20ed;07;07-mgr-modules-monitoring;P1;runtime/source;conditional;"Triage owner 07: MGR, dashboard or monitoring path; inspect endpoint hunk before binary impact verdict.";;;;
2603;v16.2.15;v17.2.7;src/pybind/mgr/dashboard/controllers/_paginate.py;qa/suites/upgrade/octopus-x/parallel-no-cephadm/0-cluster/+;R;R100;0;0;FALSE;100644;100644;e69de29bb2d1d6434b8b29ae775ad8c2e48c5391;e69de29bb2d1d6434b8b29ae775ad8c2e48c5391;07;07-mgr-modules-monitoring;P1;runtime/source;conditional;"Triage owner 07: MGR, dashboard or monitoring path; inspect endpoint hunk before binary impact verdict.";"Git rename heuristic with 0/0 content change; verify logical move.";;;
2604;v16.2.15;v17.2.7;src/pybind/mgr/dashboard/controllers/_rest_controller.py;;M;M;5;6;FALSE;100644;100644;03e124f9e4fb1dbec6f596bf41a5222bb126bb9d;6b4afc27672c1b52173fb01ff5c3de02909dd28c;07;07-mgr-modules-monitoring;P1;runtime/source;conditional;"Triage owner 07: MGR, dashboard or monitoring path; inspect endpoint hunk before binary impact verdict.";;;;
2605;v16.2.15;v17.2.7;src/pybind/mgr/dashboard/controllers/auth.py;;M;M;0;1;FALSE;100644;100644;2d1290efb88caf06525d743cedcd44c6773d8852;196f027b293ee5ecaa29a863777d7cb326b0c552;07;07-mgr-modules-monitoring;P1;runtime/source;conditional;"Triage owner 07: MGR, dashboard or monitoring path; inspect endpoint hunk before binary impact verdict.";;;;
2606;v16.2.15;v17.2.7;src/pybind/mgr/dashboard/controllers/ceph_users.py;;A;A;216;0;FALSE;000000;100644;0000000000000000000000000000000000000000;e1bdc157091c01d268cf4908d64c97ad5261696d;07;07-mgr-modules-monitoring;P1;runtime/source;conditional;"Triage owner 07: MGR, dashboard or monitoring path; inspect endpoint hunk before binary impact verdict.";;;;
2607;v16.2.15;v17.2.7;src/pybind/mgr/dashboard/controllers/cluster_configuration.py;;M;M;0;1;FALSE;100644;100644;1cfd06059e6051bddde714e3dd0b0c9191fe139f;da5be2cc81d6a5a8a8ec3fa049efe97a49f6a101;07;07-mgr-modules-monitoring;P1;runtime/source;conditional;"Triage owner 07: MGR, dashboard or monitoring path; inspect endpoint hunk before binary impact verdict.";;;;
2608;v16.2.15;v17.2.7;src/pybind/mgr/dashboard/controllers/crush_rule.py;;M;M;3;0;FALSE;100644;100644;0310ab1c3d985c97f712353f97a3b5086fe97c36;250f657b2bae691622a84a6a2c0025525c813d52;07;07-mgr-modules-monitoring;P1;runtime/source;conditional;"Triage owner 07: MGR, dashboard or monitoring path; inspect endpoint hunk before binary impact verdict.";;;;
2609;v16.2.15;v17.2.7;src/pybind/mgr/dashboard/controllers/docs.py;;M;M;0;2;FALSE;100644;100644;ecbe45979c03a18e34979e4187da8dd506ab4a05;866863cff913cc9098628d6baceb2ec4c372fc02;07;07-mgr-modules-monitoring;P1;runtime/source;conditional;"Triage owner 07: MGR, dashboard or monitoring path; inspect endpoint hunk before binary impact verdict.";;;;
2610;v16.2.15;v17.2.7;src/pybind/mgr/dashboard/controllers/erasure_code_profile.py;;M;M;0;1;FALSE;100644;100644;c5fb449d61e256eeb93bd46d93b770e2c8f01406;d0966025aa65070f37eac65764432646562b8d85;07;07-mgr-modules-monitoring;P1;runtime/source;conditional;"Triage owner 07: MGR, dashboard or monitoring path; inspect endpoint hunk before binary impact verdict.";;;;
2611;v16.2.15;v17.2.7;src/pybind/mgr/dashboard/controllers/feedback.py;;A;A;120;0;FALSE;000000;100644;0000000000000000000000000000000000000000;c75ffa94a89fda19c609377adeaf775ffeefa83c;07;07-mgr-modules-monitoring;P1;runtime/source;conditional;"Triage owner 07: MGR, dashboard or monitoring path; inspect endpoint hunk before binary impact verdict.";;;;
2612;v16.2.15;v17.2.7;src/pybind/mgr/dashboard/controllers/frontend_logging.py;;M;M;0;2;FALSE;100644;100644;77372c6556b2bbec09711f83dd640c472a31bea9;df9ca19ccfe0826ac5a780b203451b25f2147ee6;07;07-mgr-modules-monitoring;P1;runtime/source;conditional;"Triage owner 07: MGR, dashboard or monitoring path; inspect endpoint hunk before binary impact verdict.";;;;
2613;v16.2.15;v17.2.7;src/pybind/mgr/dashboard/controllers/grafana.py;;M;M;0;2;FALSE;100644;100644;1f222a6635e54ef030b0642279b12d0eca1df37e;79a6806715fd79ca115b44471d7e391a265bf4ce;07;07-mgr-modules-monitoring;P1;runtime/source;conditional;"Triage owner 07: MGR, dashboard or monitoring path; inspect endpoint hunk before binary impact verdict.";;;;
2614;v16.2.15;v17.2.7;src/pybind/mgr/dashboard/controllers/health.py;;M;M;9;1;FALSE;100644;100644;304402d35a7de16038eca63083db3a4cdc7ea2d1;633d37a327eaf8d04ccd2fe2ea9bfe52be9e5b29;07;07-mgr-modules-monitoring;P1;runtime/source;conditional;"Triage owner 07: MGR, dashboard or monitoring path; inspect endpoint hunk before binary impact verdict.";;;;
2615;v16.2.15;v17.2.7;src/pybind/mgr/dashboard/controllers/home.py;;M;M;0;1;FALSE;100644;100644;403d4de70e62d24ef8d85c6b342bb3e853e92ca5;f911cf3888fa07b4263600dbce2815a639b05ee2;07;07-mgr-modules-monitoring;P1;runtime/source;conditional;"Triage owner 07: MGR, dashboard or monitoring path; inspect endpoint hunk before binary impact verdict.";;;;
2616;v16.2.15;v17.2.7;src/pybind/mgr/dashboard/controllers/host.py;;M;M;59;52;FALSE;100644;100644;22dca02c47a07b0f7784f2f0780dc64b6ac46989;812b9c035ae3d7837c4231bf8cd199b8ae16d4c1;07;07-mgr-modules-monitoring;P1;runtime/source;conditional;"Triage owner 07: MGR, dashboard or monitoring path; inspect endpoint hunk before binary impact verdict.";;;;
2617;v16.2.15;v17.2.7;src/pybind/mgr/dashboard/controllers/iscsi.py;;M;M;301;236;FALSE;100644;100644;9135f5abc8f44a802133c713a40ed394ebe4409c;4754c1fab460abb2de0514df0571242c3df085ae;07;07-mgr-modules-monitoring;P1;runtime/source;conditional;"Triage owner 07: MGR, dashboard or monitoring path; inspect endpoint hunk before binary impact verdict.";;;;
2618;v16.2.15;v17.2.7;src/pybind/mgr/dashboard/controllers/logs.py;;M;M;0;1;FALSE;100644;100644;cc217ce0d0bbf19a36ef10d34acd8d21295a812f;133c33477b585464eb206efe0071ef2420182bfd;07;07-mgr-modules-monitoring;P1;runtime/source;conditional;"Triage owner 07: MGR, dashboard or monitoring path; inspect endpoint hunk before binary impact verdict.";;;;
2619;v16.2.15;v17.2.7;src/pybind/mgr/dashboard/controllers/mgr_modules.py;;M;M;0;1;FALSE;100644;100644;50a4c71e8eccd8502f66c78154771e7891424c23;57bb9b5ffb8f077ec2413021a2c4c6302e45e3e2;07;07-mgr-modules-monitoring;P1;runtime/source;conditional;"Triage owner 07: MGR, dashboard or monitoring path; inspect endpoint hunk before binary impact verdict.";;;;
2620;v16.2.15;v17.2.7;src/pybind/mgr/dashboard/controllers/monitor.py;;M;M;0;1;FALSE;100644;100644;c880859d2470648a2bf4c9c25e108e674a8238ac;288b6977acea5dbc9a4cd4512ebdb4a850b49d1c;07;07-mgr-modules-monitoring;P1;runtime/source;conditional;"Triage owner 07: MGR, dashboard or monitoring path; inspect endpoint hunk before binary impact verdict.";;;;
2621;v16.2.15;v17.2.7;src/pybind/mgr/dashboard/controllers/nfs.py;;M;M;0;1;FALSE;100644;100644;c5ab05de75ec60d51aa1236527960f32ba777849;5591a03c0ad758bb9975518084fd9456481f5bdf;07;07-mgr-modules-monitoring;P1;runtime/source;conditional;"Triage owner 07: MGR, dashboard or monitoring path; inspect endpoint hunk before binary impact verdict.";;;;
2622;v16.2.15;v17.2.7;src/pybind/mgr/dashboard/controllers/orchestrator.py;;M;M;5;1;FALSE;100644;100644;fe0794da59edcbce88b3e175c10285c5fd550df3;3864820ea630260ad4a6a95be79c710b2c269a8b;07;07-mgr-modules-monitoring;P1;runtime/source;conditional;"Triage owner 07: MGR, dashboard or monitoring path; inspect endpoint hunk before binary impact verdict.";;;;
2623;v16.2.15;v17.2.7;src/pybind/mgr/dashboard/controllers/osd.py;;M;M;0;1;FALSE;100644;100644;16c94dea0ab8d66c5aa56f7b6957da75715b95b5;1e557bd74d41ecd9b39af7f696124b76aa42ac89;07;07-mgr-modules-monitoring;P1;runtime/source;conditional;"Triage owner 07: MGR, dashboard or monitoring path; inspect endpoint hunk before binary impact verdict.";;;;
2624;v16.2.15;v17.2.7;src/pybind/mgr/dashboard/controllers/perf_counters.py;;M;M;0;1;FALSE;100644;100644;7c272c6a801b5c3f6bb347bcaf86165e98545b1c;0bd883366937142424fc3febaae14682a24f3256;07;07-mgr-modules-monitoring;P1;runtime/source;conditional;"Triage owner 07: MGR, dashboard or monitoring path; inspect endpoint hunk before binary impact verdict.";;;;
2625;v16.2.15;v17.2.7;src/pybind/mgr/dashboard/controllers/pool.py;;M;M;0;1;FALSE;100644;100644;8e8a87b98c914e9fc05d4c4832b22d8459dadd7b;f3aa6d0a4bc30673cdfff6f7aa185092c634fd2c;07;07-mgr-modules-monitoring;P1;runtime/source;conditional;"Triage owner 07: MGR, dashboard or monitoring path; inspect endpoint hunk before binary impact verdict.";;;;
2626;v16.2.15;v17.2.7;src/pybind/mgr/dashboard/controllers/prometheus.py;;M;M;24;10;FALSE;100644;100644;862e59cbda6de13fde2571a59bf130c81bc33c41;c7b0449437072d2e23877c3cee26b876c3bdbf2a;07;07-mgr-modules-monitoring;P1;runtime/source;conditional;"Triage owner 07: MGR, dashboard or monitoring path; inspect endpoint hunk before binary impact verdict.";;;;
2627;v16.2.15;v17.2.7;src/pybind/mgr/dashboard/controllers/rbd.py;;M;M;18;164;FALSE;100644;100644;210531d341c7911cb62dc75fdfc24192b4a82f34;7312722df1d0046700a8a567d85ae9be8ff9b68d;07;07-mgr-modules-monitoring;P1;runtime/source;conditional;"Triage owner 07: MGR, dashboard or monitoring path; inspect endpoint hunk before binary impact verdict.";;;;
2628;v16.2.15;v17.2.7;src/pybind/mgr/dashboard/controllers/rbd_mirroring.py;;M;M;192;144;FALSE;100644;100644;c0d3f1f5d2376d1596fdc67fe6a66443780b4b71;1e10530777f8ea6542c87e603ffed90a48c98e0b;07;07-mgr-modules-monitoring;P1;runtime/source;conditional;"Triage owner 07: MGR, dashboard or monitoring path; inspect endpoint hunk before binary impact verdict.";;;;
2629;v16.2.15;v17.2.7;src/pybind/mgr/dashboard/controllers/rgw.py;;M;M;175;20;FALSE;100644;100644;d8b750100bc1756ee1d1b206e2a1fc4fa24d46e0;b29e424206e3ccb6f3dca4bff9b5c90b82a23322;07;07-mgr-modules-monitoring;P1;runtime/source;conditional;"Triage owner 07: MGR, dashboard or monitoring path; inspect endpoint hunk before binary impact verdict.";;;;
2630;v16.2.15;v17.2.7;src/pybind/mgr/dashboard/controllers/role.py;;M;M;0;1;FALSE;100644;100644;197c037647387b7663d08ed2e79a1bf7ad13e44c;cdd73ddf1be074133232f8b19cb65f8a6eb5f425;07;07-mgr-modules-monitoring;P1;runtime/source;conditional;"Triage owner 07: MGR, dashboard or monitoring path; inspect endpoint hunk before binary impact verdict.";;;;
2631;v16.2.15;v17.2.7;src/pybind/mgr/dashboard/controllers/saml2.py;;M;M;0;1;FALSE;100644;100644;76b8e8498aa972ecae74df15068056a333ff0b71;c11b18a27bc7e7e41caf8272ebd13fa0889c3bd6;07;07-mgr-modules-monitoring;P1;runtime/source;conditional;"Triage owner 07: MGR, dashboard or monitoring path; inspect endpoint hunk before binary impact verdict.";;;;
2632;v16.2.15;v17.2.7;src/pybind/mgr/dashboard/controllers/service.py;;M;M;8;2;FALSE;100644;100644;afe684302b160d4ce962595b8fb241c9635800b4;b75f417361498fdfffb26257726f11ef7520bd4b;07;07-mgr-modules-monitoring;P1;runtime/source;conditional;"Triage owner 07: MGR, dashboard or monitoring path; inspect endpoint hunk before binary impact verdict.";;;;
2633;v16.2.15;v17.2.7;src/pybind/mgr/dashboard/controllers/settings.py;;M;M;8;36;FALSE;100644;100644;5df9ab1c90fdedac1b928c6f54395c9f452da73c;3876ce2e5692850b947a09734b3f0637aa3f166b;07;07-mgr-modules-monitoring;P1;runtime/source;conditional;"Triage owner 07: MGR, dashboard or monitoring path; inspect endpoint hunk before binary impact verdict.";;;;
2634;v16.2.15;v17.2.7;src/pybind/mgr/dashboard/controllers/summary.py;;M;M;0;1;FALSE;100644;100644;25e4669965323f93396efb7382b7baf765b91c86;9da48220808dd16566f0a859ad91551e9bb2c348;07;07-mgr-modules-monitoring;P1;runtime/source;conditional;"Triage owner 07: MGR, dashboard or monitoring path; inspect endpoint hunk before binary impact verdict.";;;;
2635;v16.2.15;v17.2.7;src/pybind/mgr/dashboard/controllers/task.py;;M;M;0;1;FALSE;100644;100644;14e763b752aa84df665a456d0bca8a20393c95ec;d5fbc34a766ecca3ca61ed00072e6e8eace60f65;07;07-mgr-modules-monitoring;P1;runtime/source;conditional;"Triage owner 07: MGR, dashboard or monitoring path; inspect endpoint hunk before binary impact verdict.";;;;
2636;v16.2.15;v17.2.7;src/pybind/mgr/dashboard/controllers/telemetry.py;;M;M;2;3;FALSE;100644;100644;b1f714bc38e0ad5915add11ed01ab29448324e2f;792f5471156d60f47866769e6cd24486c1a35b27;07;07-mgr-modules-monitoring;P1;runtime/source;conditional;"Triage owner 07: MGR, dashboard or monitoring path; inspect endpoint hunk before binary impact verdict.";;;;
2637;v16.2.15;v17.2.7;src/pybind/mgr/dashboard/controllers/user.py;;M;M;0;1;FALSE;100644;100644;53df8eab90b1f645054acf6b1a1dcd6682f632ae;9141cfe68756df0cdaf09e90abc0cfa04406f2b9;07;07-mgr-modules-monitoring;P1;runtime/source;conditional;"Triage owner 07: MGR, dashboard or monitoring path; inspect endpoint hunk before binary impact verdict.";;;;
2638;v16.2.15;v17.2.7;src/pybind/mgr/dashboard/exceptions.py;;M;M;0;1;FALSE;100644;100644;8857c423cc4ecbb2c52858cdee7f6a92dedf56e4;96cbc52335613f59195a7657a9de884687f46da4;07;07-mgr-modules-monitoring;P1;runtime/source;conditional;"Triage owner 07: MGR, dashboard or monitoring path; inspect endpoint hunk before binary impact verdict.";;;;
2639;v16.2.15;v17.2.7;src/pybind/mgr/dashboard/frontend/.eslintrc.json;;A;A;87;0;FALSE;000000;100644;0000000000000000000000000000000000000000;7caf9d338922033792ca63518a10013b14bf7498;07;07-mgr-modules-monitoring;P2;generated/lock/data;reference-only;"Triage owner 07: MGR, dashboard or monitoring path; inspect endpoint hunk before binary impact verdict.";;;;
2640;v16.2.15;v17.2.7;src/pybind/mgr/dashboard/frontend/.gitignore;;M;M;1;0;FALSE;100644;100644;4aaf6691080f025a3a7d036095cca32edcaa8600;0dcbbfdb2b708f69849dd91197574d265dcc4818;07;07-mgr-modules-monitoring;P1;runtime/source;conditional;"Triage owner 07: MGR, dashboard or monitoring path; inspect endpoint hunk before binary impact verdict.";;;;
2642;v16.2.15;v17.2.7;src/pybind/mgr/dashboard/frontend/angular.json;;M;M;100;36;FALSE;100644;100644;b49c00b8cb791de6448de9ab9e5112e1198bd927;4bfab2baf215bad2b54307bafc51da895d113d19;07;07-mgr-modules-monitoring;P2;generated/lock/data;reference-only;"Triage owner 07: MGR, dashboard or monitoring path; inspect endpoint hunk before binary impact verdict.";;;;
2643;v16.2.15;v17.2.7;src/pybind/mgr/dashboard/frontend/applitools.config.js;;M;M;2;3;FALSE;100644;100644;2bf52651ec2c9fc7ff6a4baaa8f796744d864c9a;6a3511f8044d36b321f046e2b845048c09b2378b;07;07-mgr-modules-monitoring;P1;runtime/source;conditional;"Triage owner 07: MGR, dashboard or monitoring path; inspect endpoint hunk before binary impact verdict.";;;;
2644;v16.2.15;v17.2.7;src/pybind/mgr/dashboard/frontend/cypress.config.ts;;A;A;37;0;FALSE;000000;100644;0000000000000000000000000000000000000000;8f1343a21772f8bacfdb1545be703e300ab7bf40;07;07-mgr-modules-monitoring;P2;generated/lock/data;reference-only;"Triage owner 07: MGR, dashboard or monitoring path; inspect endpoint hunk before binary impact verdict.";;;;
2645;v16.2.15;v17.2.7;src/pybind/mgr/dashboard/frontend/cypress.json;;D;D;0;22;FALSE;100644;000000;fae585389f6c723cc725c4e86e9ec340e6222622;0000000000000000000000000000000000000000;07;07-mgr-modules-monitoring;P2;generated/lock/data;reference-only;"Triage owner 07: MGR, dashboard or monitoring path; inspect endpoint hunk before binary impact verdict.";;;;
2646;v16.2.15;v17.2.7;src/pybind/mgr/dashboard/frontend/cypress/e2e/a11y/dashboard.e2e-spec.ts;;A;A;26;0;FALSE;000000;100644;0000000000000000000000000000000000000000;39a2dbf14cbd0064053d171201804e4a288d110d;07;07-mgr-modules-monitoring;P2;generated/lock/data;reference-only;"Triage owner 07: MGR, dashboard or monitoring path; inspect endpoint hunk before binary impact verdict.";;;;
2647;v16.2.15;v17.2.7;src/pybind/mgr/dashboard/frontend/cypress/e2e/a11y/navigation.e2e-spec.ts;;A;A;20;0;FALSE;000000;100644;0000000000000000000000000000000000000000;3a0a1a7dc90a5281f202a910c97c861052a09787;07;07-mgr-modules-monitoring;P2;generated/lock/data;reference-only;"Triage owner 07: MGR, dashboard or monitoring path; inspect endpoint hunk before binary impact verdict.";;;;
2648;v16.2.15;v17.2.7;src/pybind/mgr/dashboard/frontend/cypress/e2e/block/images.e2e-spec.ts;src/pybind/mgr/dashboard/frontend/cypress/integration/block/images.e2e-spec.ts;R;R095;0;3;FALSE;100644;100644;5c89359db790e64ba0c22dd4099ec782feb5a328;962c135d56fc06eb1b700d17b5076be6ded920ea;07;07-mgr-modules-monitoring;P2;generated/lock/data;reference-only;"Triage owner 07: MGR, dashboard or monitoring path; inspect endpoint hunk before binary impact verdict.";;;;
2649;v16.2.15;v17.2.7;src/pybind/mgr/dashboard/frontend/cypress/e2e/block/images.po.ts;src/pybind/mgr/dashboard/frontend/cypress/integration/block/images.po.ts;R;R100;0;0;FALSE;100644;100644;bf6cbc05263b00ad3b54b685f94450238f5817dd;bf6cbc05263b00ad3b54b685f94450238f5817dd;07;07-mgr-modules-monitoring;P2;generated/lock/data;reference-only;"Triage owner 07: MGR, dashboard or monitoring path; inspect endpoint hunk before binary impact verdict.";"Git rename heuristic with 0/0 content change; verify logical move.";;;
2650;v16.2.15;v17.2.7;src/pybind/mgr/dashboard/frontend/cypress/e2e/block/iscsi.e2e-spec.ts;src/pybind/mgr/dashboard/frontend/cypress/integration/block/iscsi.e2e-spec.ts;R;R094;0;1;FALSE;100644;100644;cef4874bed50fbe8baf63464ca49273d3dbfbef6;2788c4f9b9de748809671a2e0f9ffb616a9620fb;07;07-mgr-modules-monitoring;P2;generated/lock/data;reference-only;"Triage owner 07: MGR, dashboard or monitoring path; inspect endpoint hunk before binary impact verdict.";;;;
2651;v16.2.15;v17.2.7;src/pybind/mgr/dashboard/frontend/cypress/e2e/block/iscsi.po.ts;src/pybind/mgr/dashboard/frontend/cypress/integration/block/iscsi.po.ts;R;R100;0;0;FALSE;100644;100644;08efa6408bd7a25333cf59f24d006b353d61feed;08efa6408bd7a25333cf59f24d006b353d61feed;07;07-mgr-modules-monitoring;P2;generated/lock/data;reference-only;"Triage owner 07: MGR, dashboard or monitoring path; inspect endpoint hunk before binary impact verdict.";"Git rename heuristic with 0/0 content change; verify logical move.";;;
2652;v16.2.15;v17.2.7;src/pybind/mgr/dashboard/frontend/cypress/e2e/block/mirroring.e2e-spec.ts;src/pybind/mgr/dashboard/frontend/cypress/integration/block/mirroring.e2e-spec.ts;R;R097;0;1;FALSE;100644;100644;dfba73b27409d98f34065c1c1212eb0621a6c894;5cb4d13ea86595d7ce422c64df8228f335b7cd04;07;07-mgr-modules-monitoring;P2;generated/lock/data;reference-only;"Triage owner 07: MGR, dashboard or monitoring path; inspect endpoint hunk before binary impact verdict.";;;;
2653;v16.2.15;v17.2.7;src/pybind/mgr/dashboard/frontend/cypress/e2e/block/mirroring.po.ts;src/pybind/mgr/dashboard/frontend/cypress/integration/block/mirroring.po.ts;R;R100;0;0;FALSE;100644;100644;8450763d301a50f320a183ddbf5036c6d7bc1d71;8450763d301a50f320a183ddbf5036c6d7bc1d71;07;07-mgr-modules-monitoring;P2;generated/lock/data;reference-only;"Triage owner 07: MGR, dashboard or monitoring path; inspect endpoint hunk before binary impact verdict.";"Git rename heuristic with 0/0 content change; verify logical move.";;;
2654;v16.2.15;v17.2.7;src/pybind/mgr/dashboard/frontend/cypress/e2e/cluster/configuration.e2e-spec.ts;src/pybind/mgr/dashboard/frontend/cypress/integration/cluster/configuration.e2e-spec.ts;R;R098;0;1;FALSE;100644;100644;d022d59cfa9a2ea85e8f1396bd92eaca42c54292;983140a44c4bd159b4b295e90e4d0124d6caf6b5;07;07-mgr-modules-monitoring;P2;generated/lock/data;reference-only;"Triage owner 07: MGR, dashboard or monitoring path; inspect endpoint hunk before binary impact verdict.";;;;
2655;v16.2.15;v17.2.7;src/pybind/mgr/dashboard/frontend/cypress/e2e/cluster/configuration.po.ts;src/pybind/mgr/dashboard/frontend/cypress/integration/cluster/configuration.po.ts;R;R100;0;0;FALSE;100644;100644;0133dc31f9030eb8b4247e2bbca50e8b9a3d9334;0133dc31f9030eb8b4247e2bbca50e8b9a3d9334;07;07-mgr-modules-monitoring;P2;generated/lock/data;reference-only;"Triage owner 07: MGR, dashboard or monitoring path; inspect endpoint hunk before binary impact verdict.";"Git rename heuristic with 0/0 content change; verify logical move.";;;
2656;v16.2.15;v17.2.7;src/pybind/mgr/dashboard/frontend/cypress/e2e/cluster/create-cluster.po.ts;src/pybind/mgr/dashboard/frontend/cypress/integration/cluster/create-cluster.po.ts;R;R100;0;0;FALSE;100644;100644;300eddbcc3de8c676cd937ac31e7c9a01746e98b;300eddbcc3de8c676cd937ac31e7c9a01746e98b;07;07-mgr-modules-monitoring;P2;generated/lock/data;reference-only;"Triage owner 07: MGR, dashboard or monitoring path; inspect endpoint hunk before binary impact verdict.";"Git rename heuristic with 0/0 content change; verify logical move.";;;
2657;v16.2.15;v17.2.7;src/pybind/mgr/dashboard/frontend/cypress/e2e/cluster/crush-map.e2e-spec.ts;src/pybind/mgr/dashboard/frontend/cypress/integration/cluster/crush-map.e2e-spec.ts;R;R095;0;1;FALSE;100644;100644;0a454739fd40632fe48ec02fab8899a02fd31ab4;23497bbd57909a328193d869895e111047bdbbfe;07;07-mgr-modules-monitoring;P2;generated/lock/data;reference-only;"Triage owner 07: MGR, dashboard or monitoring path; inspect endpoint hunk before binary impact verdict.";;;;
2658;v16.2.15;v17.2.7;src/pybind/mgr/dashboard/frontend/cypress/e2e/cluster/crush-map.po.ts;src/pybind/mgr/dashboard/frontend/cypress/integration/cluster/crush-map.po.ts;R;R100;0;0;FALSE;100644;100644;a5d2d591ce0480d3e70abf63cbc008999642d342;a5d2d591ce0480d3e70abf63cbc008999642d342;07;07-mgr-modules-monitoring;P2;generated/lock/data;reference-only;"Triage owner 07: MGR, dashboard or monitoring path; inspect endpoint hunk before binary impact verdict.";"Git rename heuristic with 0/0 content change; verify logical move.";;;
2659;v16.2.15;v17.2.7;src/pybind/mgr/dashboard/frontend/cypress/e2e/cluster/hosts.e2e-spec.ts;src/pybind/mgr/dashboard/frontend/cypress/integration/cluster/hosts.e2e-spec.ts;R;R095;0;1;FALSE;100644;100644;e4f9936c3e36f962222f8df1b0995e1ffe07f724;26a2a8c0be060a1dc9c163567aa4fb4d789c81e7;07;07-mgr-modules-monitoring;P2;generated/lock/data;reference-only;"Triage owner 07: MGR, dashboard or monitoring path; inspect endpoint hunk before binary impact verdict.";;;;
2660;v16.2.15;v17.2.7;src/pybind/mgr/dashboard/frontend/cypress/e2e/cluster/hosts.po.ts;src/pybind/mgr/dashboard/frontend/cypress/integration/cluster/hosts.po.ts;R;R081;22;22;FALSE;100644;100644;0c5da93316c46bed897c15779bd0ba1107e39243;f8f21ac22e095a3957ed6856edb8660a86939d21;07;07-mgr-modules-monitoring;P2;generated/lock/data;reference-only;"Triage owner 07: MGR, dashboard or monitoring path; inspect endpoint hunk before binary impact verdict.";;;;
2661;v16.2.15;v17.2.7;src/pybind/mgr/dashboard/frontend/cypress/e2e/cluster/inventory.po.ts;src/pybind/mgr/dashboard/frontend/cypress/integration/cluster/inventory.po.ts;R;R100;0;0;FALSE;100644;100644;5a9abdc036c915d2cd651f2e7adf127c3abb25a4;5a9abdc036c915d2cd651f2e7adf127c3abb25a4;07;07-mgr-modules-monitoring;P2;generated/lock/data;reference-only;"Triage owner 07: MGR, dashboard or monitoring path; inspect endpoint hunk before binary impact verdict.";"Git rename heuristic with 0/0 content change; verify logical move.";;;
2662;v16.2.15;v17.2.7;src/pybind/mgr/dashboard/frontend/cypress/e2e/cluster/logs.e2e-spec.ts;src/pybind/mgr/dashboard/frontend/cypress/integration/cluster/logs.e2e-spec.ts;R;R087;6;3;FALSE;100644;100644;9868b89aedbc5489298b34355d7a092078a44a06;606f6a3cd9df6a3ee2b73841b37639fc0a5eded2;07;07-mgr-modules-monitoring;P2;generated/lock/data;reference-only;"Triage owner 07: MGR, dashboard or monitoring path; inspect endpoint hunk before binary impact verdict.";;;;
2663;v16.2.15;v17.2.7;src/pybind/mgr/dashboard/frontend/cypress/e2e/cluster/logs.po.ts;src/pybind/mgr/dashboard/frontend/cypress/integration/cluster/logs.po.ts;R;R100;0;0;FALSE;100644;100644;7efd8a6528a3ea32360196796ced12ac61e32c98;7efd8a6528a3ea32360196796ced12ac61e32c98;07;07-mgr-modules-monitoring;P2;generated/lock/data;reference-only;"Triage owner 07: MGR, dashboard or monitoring path; inspect endpoint hunk before binary impact verdict.";"Git rename heuristic with 0/0 content change; verify logical move.";;;
2664;v16.2.15;v17.2.7;src/pybind/mgr/dashboard/frontend/cypress/e2e/cluster/mgr-modules.e2e-spec.ts;src/pybind/mgr/dashboard/frontend/cypress/integration/cluster/mgr-modules.e2e-spec.ts;R;R095;1;2;FALSE;100644;100644;50656feceb76b0f9ffe5567fc8a374b946c4da49;3be48105928d1f5909c24bd71bc8b99b2432bc5c;07;07-mgr-modules-monitoring;P2;generated/lock/data;reference-only;"Triage owner 07: MGR, dashboard or monitoring path; inspect endpoint hunk before binary impact verdict.";;;;
2665;v16.2.15;v17.2.7;src/pybind/mgr/dashboard/frontend/cypress/e2e/cluster/mgr-modules.po.ts;src/pybind/mgr/dashboard/frontend/cypress/integration/cluster/mgr-modules.po.ts;R;R100;0;0;FALSE;100644;100644;04d2eee46142f4b4e857a154d87ddb450bed5d52;04d2eee46142f4b4e857a154d87ddb450bed5d52;07;07-mgr-modules-monitoring;P2;generated/lock/data;reference-only;"Triage owner 07: MGR, dashboard or monitoring path; inspect endpoint hunk before binary impact verdict.";"Git rename heuristic with 0/0 content change; verify logical move.";;;
2666;v16.2.15;v17.2.7;src/pybind/mgr/dashboard/frontend/cypress/e2e/cluster/monitors.e2e-spec.ts;src/pybind/mgr/dashboard/frontend/cypress/integration/cluster/monitors.e2e-spec.ts;R;R097;0;1;FALSE;100644;100644;a23d071e6d7213f0c9140c84ba7279b70be8b758;8324ff8b5b058505d56562e3dedd4912b2ab7491;07;07-mgr-modules-monitoring;P2;generated/lock/data;reference-only;"Triage owner 07: MGR, dashboard or monitoring path; inspect endpoint hunk before binary impact verdict.";;;;
2667;v16.2.15;v17.2.7;src/pybind/mgr/dashboard/frontend/cypress/e2e/cluster/monitors.po.ts;src/pybind/mgr/dashboard/frontend/cypress/integration/cluster/monitors.po.ts;R;R100;0;0;FALSE;100644;100644;4113b99288d1f898da90364e70aad3c7dfeee7d8;4113b99288d1f898da90364e70aad3c7dfeee7d8;07;07-mgr-modules-monitoring;P2;generated/lock/data;reference-only;"Triage owner 07: MGR, dashboard or monitoring path; inspect endpoint hunk before binary impact verdict.";"Git rename heuristic with 0/0 content change; verify logical move.";;;
2668;v16.2.15;v17.2.7;src/pybind/mgr/dashboard/frontend/cypress/e2e/cluster/osds.e2e-spec.ts;src/pybind/mgr/dashboard/frontend/cypress/integration/cluster/osds.e2e-spec.ts;R;R093;1;2;FALSE;100644;100644;e68d03bd542b0a6708b2c474f1965a0bf227e261;f134295e463fc43293623aff1bcc4e2f32c489a7;07;07-mgr-modules-monitoring;P2;generated/lock/data;reference-only;"Triage owner 07: MGR, dashboard or monitoring path; inspect endpoint hunk before binary impact verdict.";;;;
2669;v16.2.15;v17.2.7;src/pybind/mgr/dashboard/frontend/cypress/e2e/cluster/osds.po.ts;src/pybind/mgr/dashboard/frontend/cypress/integration/cluster/osds.po.ts;R;R100;0;0;FALSE;100644;100644;cd812f474fb89ae9d55a3275d5181954e79f7725;cd812f474fb89ae9d55a3275d5181954e79f7725;07;07-mgr-modules-monitoring;P2;generated/lock/data;reference-only;"Triage owner 07: MGR, dashboard or monitoring path; inspect endpoint hunk before binary impact verdict.";"Git rename heuristic with 0/0 content change; verify logical move.";;;
2670;v16.2.15;v17.2.7;src/pybind/mgr/dashboard/frontend/cypress/e2e/cluster/services.po.ts;src/pybind/mgr/dashboard/frontend/cypress/integration/cluster/services.po.ts;R;R098;4;4;FALSE;100644;100644;b3918572f3df6ee7281ce7a5ee0a4a1b66f12e5f;c464a3f6cf817d00390aafd96e4666632a97850f;07;07-mgr-modules-monitoring;P2;generated/lock/data;reference-only;"Triage owner 07: MGR, dashboard or monitoring path; inspect endpoint hunk before binary impact verdict.";;;;
2671;v16.2.15;v17.2.7;src/pybind/mgr/dashboard/frontend/cypress/e2e/cluster/users.e2e-spec.ts;;A;A;46;0;FALSE;000000;100644;0000000000000000000000000000000000000000;0d50d0a22d7325f5bcf903883f5aaba159c3c1fb;07;07-mgr-modules-monitoring;P2;generated/lock/data;reference-only;"Triage owner 07: MGR, dashboard or monitoring path; inspect endpoint hunk before binary impact verdict.";;;;
2672;v16.2.15;v17.2.7;src/pybind/mgr/dashboard/frontend/cypress/e2e/cluster/users.po.ts;;A;A;59;0;FALSE;000000;100644;0000000000000000000000000000000000000000;a5b32b72307f452e18a5b9f0544b0cc578927730;07;07-mgr-modules-monitoring;P2;generated/lock/data;reference-only;"Triage owner 07: MGR, dashboard or monitoring path; inspect endpoint hunk before binary impact verdict.";;;;
2673;v16.2.15;v17.2.7;src/pybind/mgr/dashboard/frontend/cypress/e2e/common/01-global.feature.po.ts;src/pybind/mgr/dashboard/frontend/cypress/integration/common/01-global.feature.po.ts;R;R098;1;2;FALSE;100644;100644;575d4013b9376267427107c7fcad3417ee448310;4ddd11fdfe9449ed7591c476a16029ce6896b797;07;07-mgr-modules-monitoring;P2;generated/lock/data;reference-only;"Triage owner 07: MGR, dashboard or monitoring path; inspect endpoint hunk before binary impact verdict.";;;;
2674;v16.2.15;v17.2.7;src/pybind/mgr/dashboard/frontend/cypress/e2e/common/create-cluster/create-cluster.feature.po.ts;src/pybind/mgr/dashboard/frontend/cypress/integration/common/create-cluster/create-cluster.feature.po.ts;R;R100;0;0;FALSE;100644;100644;d18c348554691aac3c2e854b9a240a305023f9b6;d18c348554691aac3c2e854b9a240a305023f9b6;07;07-mgr-modules-monitoring;P2;generated/lock/data;reference-only;"Triage owner 07: MGR, dashboard or monitoring path; inspect endpoint hunk before binary impact verdict.";"Git rename heuristic with 0/0 content change; verify logical move.";;;
2675;v16.2.15;v17.2.7;src/pybind/mgr/dashboard/frontend/cypress/e2e/common/grafana.feature.po.ts;src/pybind/mgr/dashboard/frontend/cypress/integration/common/grafana.feature.po.ts;R;R086;6;5;FALSE;100644;100644;7366f8babb3f60eda8f63cc72045e14c05ddbec4;edd0e9b56322fdb33e0e02796cd2de11d0905b72;07;07-mgr-modules-monitoring;P2;generated/lock/data;reference-only;"Triage owner 07: MGR, dashboard or monitoring path; inspect endpoint hunk before binary impact verdict.";;;;
2676;v16.2.15;v17.2.7;src/pybind/mgr/dashboard/frontend/cypress/e2e/common/urls.po.ts;src/pybind/mgr/dashboard/frontend/cypress/integration/common/urls.po.ts;R;R100;0;0;FALSE;100644;100644;28635508571504e32b9da870a70040bdff8f1029;28635508571504e32b9da870a70040bdff8f1029;07;07-mgr-modules-monitoring;P2;generated/lock/data;reference-only;"Triage owner 07: MGR, dashboard or monitoring path; inspect endpoint hunk before binary impact verdict.";"Git rename heuristic with 0/0 content change; verify logical move.";;;
2677;v16.2.15;v17.2.7;src/pybind/mgr/dashboard/frontend/cypress/e2e/filesystems/filesystems.e2e-spec.ts;src/pybind/mgr/dashboard/frontend/cypress/integration/filesystems/filesystems.e2e-spec.ts;R;R089;0;1;FALSE;100644;100644;e623475fd784d37ff8f8f45c1de67f854f8eb55f;de66a005a659fc7bd6322f462f9302b4aae076ea;07;07-mgr-modules-monitoring;P2;generated/lock/data;reference-only;"Triage owner 07: MGR, dashboard or monitoring path; inspect endpoint hunk before binary impact verdict.";;;;
2678;v16.2.15;v17.2.7;src/pybind/mgr/dashboard/frontend/cypress/e2e/filesystems/filesystems.po.ts;src/pybind/mgr/dashboard/frontend/cypress/integration/filesystems/filesystems.po.ts;R;R100;0;0;FALSE;100644;100644;bd6e5b8b7b44c86b6a42caaaa89996b410770f4c;bd6e5b8b7b44c86b6a42caaaa89996b410770f4c;07;07-mgr-modules-monitoring;P2;generated/lock/data;reference-only;"Triage owner 07: MGR, dashboard or monitoring path; inspect endpoint hunk before binary impact verdict.";"Git rename heuristic with 0/0 content change; verify logical move.";;;
2679;v16.2.15;v17.2.7;src/pybind/mgr/dashboard/frontend/cypress/e2e/orchestrator/01-hosts.e2e-spec.ts;src/pybind/mgr/dashboard/frontend/cypress/integration/orchestrator/01-hosts.e2e-spec.ts;R;R098;0;1;FALSE;100644;100644;aca36ade192198a7faef4396c5f47d5b4103da50;8ad2a1dafda06c419670aa141e8ad7bce28587f9;07;07-mgr-modules-monitoring;P2;generated/lock/data;reference-only;"Triage owner 07: MGR, dashboard or monitoring path; inspect endpoint hunk before binary impact verdict.";;;;
2680;v16.2.15;v17.2.7;src/pybind/mgr/dashboard/frontend/cypress/e2e/orchestrator/03-inventory.e2e-spec.ts;src/pybind/mgr/dashboard/frontend/cypress/integration/orchestrator/03-inventory.e2e-spec.ts;R;R094;0;1;FALSE;100644;100644;a64e3bc8c020fca69f36cdd57890beee5d85ffb6;fe845e1cfd8d838d9f2d645dbfb9996ba5b8603e;07;07-mgr-modules-monitoring;P2;generated/lock/data;reference-only;"Triage owner 07: MGR, dashboard or monitoring path; inspect endpoint hunk before binary impact verdict.";;;;
2681;v16.2.15;v17.2.7;src/pybind/mgr/dashboard/frontend/cypress/e2e/orchestrator/04-osds.e2e-spec.ts;src/pybind/mgr/dashboard/frontend/cypress/integration/orchestrator/04-osds.e2e-spec.ts;R;R097;0;1;FALSE;100644;100644;41f0933b7a0b8e9ac4ea8918fb1c4d41723ccf10;e80398d5a47208840168e9f86f2613866bf75b47;07;07-mgr-modules-monitoring;P2;generated/lock/data;reference-only;"Triage owner 07: MGR, dashboard or monitoring path; inspect endpoint hunk before binary impact verdict.";;;;
2682;v16.2.15;v17.2.7;src/pybind/mgr/dashboard/frontend/cypress/e2e/orchestrator/05-services.e2e-spec.ts;src/pybind/mgr/dashboard/frontend/cypress/integration/orchestrator/05-services.e2e-spec.ts;R;R095;0;1;FALSE;100644;100644;fb5e6ac8923aae825fae4f71c27f587255881224;75b46be0f5a5f5b5208b723bf698458828588a5c;07;07-mgr-modules-monitoring;P2;generated/lock/data;reference-only;"Triage owner 07: MGR, dashboard or monitoring path; inspect endpoint hunk before binary impact verdict.";;;;
2683;v16.2.15;v17.2.7;src/pybind/mgr/dashboard/frontend/cypress/e2e/orchestrator/grafana/grafana.feature;src/pybind/mgr/dashboard/frontend/cypress/integration/orchestrator/grafana/grafana.feature;R;R091;1;4;FALSE;100644;100644;62476ad25a4bf1f34e4f27e352dee7c78e06cb73;fc023712ec2a15844a53b22e579267b38589a80c;07;07-mgr-modules-monitoring;P1;runtime/source;conditional;"Triage owner 07: MGR, dashboard or monitoring path; inspect endpoint hunk before binary impact verdict.";;;;
2684;v16.2.15;v17.2.7;src/pybind/mgr/dashboard/frontend/cypress/e2e/orchestrator/workflow/01-create-cluster-welcome.feature;src/pybind/mgr/dashboard/frontend/cypress/integration/orchestrator/workflow/01-create-cluster-welcome.feature;R;R100;0;0;FALSE;100644;100644;6ba2fc4fc54c06210c42b8d781ec408b4ee1abba;6ba2fc4fc54c06210c42b8d781ec408b4ee1abba;07;07-mgr-modules-monitoring;P1;runtime/source;conditional;"Triage owner 07: MGR, dashboard or monitoring path; inspect endpoint hunk before binary impact verdict.";"Git rename heuristic with 0/0 content change; verify logical move.";;;
2685;v16.2.15;v17.2.7;src/pybind/mgr/dashboard/frontend/cypress/e2e/orchestrator/workflow/02-create-cluster-add-host.feature;src/pybind/mgr/dashboard/frontend/cypress/integration/orchestrator/workflow/02-create-cluster-add-host.feature;R;R087;8;6;FALSE;100644;100644;93c10833d4ee5f619cced846089910f5b6f149bf;be49fcba099359f62a9c58ba62d00e60e7b3dd93;07;07-mgr-modules-monitoring;P1;runtime/source;conditional;"Triage owner 07: MGR, dashboard or monitoring path; inspect endpoint hunk before binary impact verdict.";;;;
2686;v16.2.15;v17.2.7;src/pybind/mgr/dashboard/frontend/cypress/e2e/orchestrator/workflow/03-create-cluster-create-services.e2e-spec.ts;src/pybind/mgr/dashboard/frontend/cypress/integration/orchestrator/workflow/03-create-cluster-create-services.e2e-spec.ts;R;R092;2;3;FALSE;100644;100644;7668cafcf928c23babd75fed2e97c577bacbad87;0118c85c113dd2b8f4527ad856c20567252ec29e;07;07-mgr-modules-monitoring;P2;generated/lock/data;reference-only;"Triage owner 07: MGR, dashboard or monitoring path; inspect endpoint hunk before binary impact verdict.";;;;
2687;v16.2.15;v17.2.7;src/pybind/mgr/dashboard/frontend/cypress/e2e/orchestrator/workflow/04-create-cluster-create-osds.e2e-spec.ts;src/pybind/mgr/dashboard/frontend/cypress/integration/orchestrator/workflow/04-create-cluster-create-osds.e2e-spec.ts;R;R091;1;2;FALSE;100644;100644;a82be985548569b3445b09fb20211c3942756cf0;5583d37fd12b6f3869150d1162d8d4a636018ac0;07;07-mgr-modules-monitoring;P2;generated/lock/data;reference-only;"Triage owner 07: MGR, dashboard or monitoring path; inspect endpoint hunk before binary impact verdict.";;;;
2688;v16.2.15;v17.2.7;src/pybind/mgr/dashboard/frontend/cypress/e2e/orchestrator/workflow/05-create-cluster-review.e2e-spec.ts;src/pybind/mgr/dashboard/frontend/cypress/integration/orchestrator/workflow/05-create-cluster-review.e2e-spec.ts;R;R098;0;1;FALSE;100644;100644;f93ad7a975bb9afae1fafecdf8064b849d96ea4c;f910b0d8564a4ef40fe7792ff3e52e85d05235a0;07;07-mgr-modules-monitoring;P2;generated/lock/data;reference-only;"Triage owner 07: MGR, dashboard or monitoring path; inspect endpoint hunk before binary impact verdict.";;;;
2689;v16.2.15;v17.2.7;src/pybind/mgr/dashboard/frontend/cypress/e2e/orchestrator/workflow/06-cluster-check.e2e-spec.ts;src/pybind/mgr/dashboard/frontend/cypress/integration/orchestrator/workflow/06-cluster-check.e2e-spec.ts;R;R076;7;29;FALSE;100644;100644;a3f757f55e3f96ca6e11f2738c1254e7bc65206a;722741a6cc50cbce6517e1fa36cf2195ace15649;07;07-mgr-modules-monitoring;P2;generated/lock/data;reference-only;"Triage owner 07: MGR, dashboard or monitoring path; inspect endpoint hunk before binary impact verdict.";;;;
2690;v16.2.15;v17.2.7;src/pybind/mgr/dashboard/frontend/cypress/e2e/orchestrator/workflow/07-osds.e2e-spec.ts;src/pybind/mgr/dashboard/frontend/cypress/integration/orchestrator/workflow/07-osds.e2e-spec.ts;R;R093;0;1;FALSE;100644;100644;a0a1dd03214b4e55a185eecf34f876d32367c97b;5a16bfe541a0a182cd08c6006cd3ba26dfd94ed6;07;07-mgr-modules-monitoring;P2;generated/lock/data;reference-only;"Triage owner 07: MGR, dashboard or monitoring path; inspect endpoint hunk before binary impact verdict.";;;;
2691;v16.2.15;v17.2.7;src/pybind/mgr/dashboard/frontend/cypress/e2e/orchestrator/workflow/08-hosts.e2e-spec.ts;src/pybind/mgr/dashboard/frontend/cypress/integration/orchestrator/workflow/08-hosts.e2e-spec.ts;R;R094;1;2;FALSE;100644;100644;374ecdb0cb6ee8d827d92ff037098cbdcef383cd;94c61b25cc374ae88cef4f046baa6f54dd6ca36d;07;07-mgr-modules-monitoring;P2;generated/lock/data;reference-only;"Triage owner 07: MGR, dashboard or monitoring path; inspect endpoint hunk before binary impact verdict.";;;;
2692;v16.2.15;v17.2.7;src/pybind/mgr/dashboard/frontend/cypress/e2e/orchestrator/workflow/09-services.e2e-spec.ts;src/pybind/mgr/dashboard/frontend/cypress/integration/orchestrator/workflow/09-services.e2e-spec.ts;R;R066;29;18;FALSE;100644;100644;ed9ffb9890a1e83de84872d8f847e2841cd296e8;ada0f4373af687329986bc2849977c6239f3da3c;07;07-mgr-modules-monitoring;P2;generated/lock/data;reference-only;"Triage owner 07: MGR, dashboard or monitoring path; inspect endpoint hunk before binary impact verdict.";;;;
2693;v16.2.15;v17.2.7;src/pybind/mgr/dashboard/frontend/cypress/e2e/orchestrator/workflow/10-nfs-exports.e2e-spec.ts;src/pybind/mgr/dashboard/frontend/cypress/integration/orchestrator/workflow/10-nfs-exports.e2e-spec.ts;R;R096;1;2;FALSE;100644;100644;f4b5499f08b27eea6518537ff6426aa36b4eeeb2;6380e5a13e6eb40a6af8bd9d5177194d67ff5cc0;07;07-mgr-modules-monitoring;P2;generated/lock/data;reference-only;"Triage owner 07: MGR, dashboard or monitoring path; inspect endpoint hunk before binary impact verdict.";;;;
2694;v16.2.15;v17.2.7;src/pybind/mgr/dashboard/frontend/cypress/e2e/orchestrator/workflow/nfs/nfs-export.po.ts;src/pybind/mgr/dashboard/frontend/cypress/integration/orchestrator/workflow/nfs/nfs-export.po.ts;R;R100;0;0;FALSE;100644;100644;c700ef0581dd761c89754e1a2c5a660a13c2081b;c700ef0581dd761c89754e1a2c5a660a13c2081b;07;07-mgr-modules-monitoring;P2;generated/lock/data;reference-only;"Triage owner 07: MGR, dashboard or monitoring path; inspect endpoint hunk before binary impact verdict.";"Git rename heuristic with 0/0 content change; verify logical move.";;;
2695;v16.2.15;v17.2.7;src/pybind/mgr/dashboard/frontend/cypress/e2e/page-helper.po.ts;src/pybind/mgr/dashboard/frontend/cypress/integration/page-helper.po.ts;R;R097;4;4;FALSE;100644;100644;4531a70bb7fedfdbc8ea20efcfa313993c0c79b1;2a16ff7e1418ea22cb608256c585731aa6c36f86;07;07-mgr-modules-monitoring;P2;generated/lock/data;reference-only;"Triage owner 07: MGR, dashboard or monitoring path; inspect endpoint hunk before binary impact verdict.";;;;
2696;v16.2.15;v17.2.7;src/pybind/mgr/dashboard/frontend/cypress/e2e/pools/pools.e2e-spec.ts;src/pybind/mgr/dashboard/frontend/cypress/integration/pools/pools.e2e-spec.ts;R;R097;0;1;FALSE;100644;100644;b4c3c75ac5b853d5165870be8601701a51aac468;dd4ab6f3b75a310c731e2245f9abac3d5b58fef0;07;07-mgr-modules-monitoring;P2;generated/lock/data;reference-only;"Triage owner 07: MGR, dashboard or monitoring path; inspect endpoint hunk before binary impact verdict.";;;;
2697;v16.2.15;v17.2.7;src/pybind/mgr/dashboard/frontend/cypress/e2e/pools/pools.po.ts;src/pybind/mgr/dashboard/frontend/cypress/integration/pools/pools.po.ts;R;R097;1;1;FALSE;100644;100644;98cee470eda993bdde355243cbf78e527aa757ae;7cca96aa8f466dc0340b462231173171d7cd8bf5;07;07-mgr-modules-monitoring;P2;generated/lock/data;reference-only;"Triage owner 07: MGR, dashboard or monitoring path; inspect endpoint hunk before binary impact verdict.";;;;
2698;v16.2.15;v17.2.7;src/pybind/mgr/dashboard/frontend/cypress/e2e/rgw/buckets.e2e-spec.ts;src/pybind/mgr/dashboard/frontend/cypress/integration/rgw/buckets.e2e-spec.ts;R;R093;5;1;FALSE;100644;100644;e5ffdeee93fe688e8d963793279536eee78ca186;99c0732fc6e69a1de0e540aa007ac1a2210a931f;07;07-mgr-modules-monitoring;P2;generated/lock/data;reference-only;"Triage owner 07: MGR, dashboard or monitoring path; inspect endpoint hunk before binary impact verdict.";;;;
2699;v16.2.15;v17.2.7;src/pybind/mgr/dashboard/frontend/cypress/e2e/rgw/buckets.po.ts;src/pybind/mgr/dashboard/frontend/cypress/integration/rgw/buckets.po.ts;R;R095;9;0;FALSE;100644;100644;4804753d167348b275cda402cd2aa265db4519a5;a27be3c6ba48767b4fb3bda9a5fb88ce10f17d53;07;07-mgr-modules-monitoring;P2;generated/lock/data;reference-only;"Triage owner 07: MGR, dashboard or monitoring path; inspect endpoint hunk before binary impact verdict.";;;;
2700;v16.2.15;v17.2.7;src/pybind/mgr/dashboard/frontend/cypress/e2e/rgw/daemons.e2e-spec.ts;src/pybind/mgr/dashboard/frontend/cypress/integration/rgw/daemons.e2e-spec.ts;R;R084;2;3;FALSE;100644;100644;4cad786c6fefe412aff8584105650d38cbfedca9;b71d715f847342d720f158f23cce4896dbc42c0f;07;07-mgr-modules-monitoring;P2;generated/lock/data;reference-only;"Triage owner 07: MGR, dashboard or monitoring path; inspect endpoint hunk before binary impact verdict.";;;;
2701;v16.2.15;v17.2.7;src/pybind/mgr/dashboard/frontend/cypress/e2e/rgw/daemons.po.ts;src/pybind/mgr/dashboard/frontend/cypress/integration/rgw/daemons.po.ts;R;R100;0;0;FALSE;100644;100644;82a179463bc32ddd7fb4cbd983ad1a0164449a13;82a179463bc32ddd7fb4cbd983ad1a0164449a13;07;07-mgr-modules-monitoring;P2;generated/lock/data;reference-only;"Triage owner 07: MGR, dashboard or monitoring path; inspect endpoint hunk before binary impact verdict.";"Git rename heuristic with 0/0 content change; verify logical move.";;;
2702;v16.2.15;v17.2.7;src/pybind/mgr/dashboard/frontend/cypress/e2e/rgw/roles.e2e-spec.ts;;A;A;19;0;FALSE;000000;100644;0000000000000000000000000000000000000000;597f7d1be881770322930aa33370e790fdcef7c6;07;07-mgr-modules-monitoring;P2;generated/lock/data;reference-only;"Triage owner 07: MGR, dashboard or monitoring path; inspect endpoint hunk before binary impact verdict.";;;;
2703;v16.2.15;v17.2.7;src/pybind/mgr/dashboard/frontend/cypress/e2e/rgw/roles.po.ts;;A;A;37;0;FALSE;000000;100644;0000000000000000000000000000000000000000;b72ca5df9a7ff7ca3e440aac5e2de200dcde5ef0;07;07-mgr-modules-monitoring;P2;generated/lock/data;reference-only;"Triage owner 07: MGR, dashboard or monitoring path; inspect endpoint hunk before binary impact verdict.";;;;
2704;v16.2.15;v17.2.7;src/pybind/mgr/dashboard/frontend/cypress/e2e/rgw/users.e2e-spec.ts;src/pybind/mgr/dashboard/frontend/cypress/integration/rgw/users.e2e-spec.ts;R;R096;0;1;FALSE;100644;100644;b5f366a090935d2c3f78cb6686b51d50100a1aea;c107a08dd75a6ec7fcccfd15aa9e2d6c7cb2a3ea;07;07-mgr-modules-monitoring;P2;generated/lock/data;reference-only;"Triage owner 07: MGR, dashboard or monitoring path; inspect endpoint hunk before binary impact verdict.";;;;
2705;v16.2.15;v17.2.7;src/pybind/mgr/dashboard/frontend/cypress/e2e/rgw/users.po.ts;src/pybind/mgr/dashboard/frontend/cypress/integration/rgw/users.po.ts;R;R099;1;1;FALSE;100644;100644;a4266f989e0833bfee93021067fa5cb2ffd8cd3a;980cced88072d8fd91ffe9f037441f2cc98a4a18;07;07-mgr-modules-monitoring;P2;generated/lock/data;reference-only;"Triage owner 07: MGR, dashboard or monitoring path; inspect endpoint hunk before binary impact verdict.";;;;
2706;v16.2.15;v17.2.7;src/pybind/mgr/dashboard/frontend/cypress/e2e/ui/api-docs.e2e-spec.ts;src/pybind/mgr/dashboard/frontend/cypress/integration/ui/api-docs.e2e-spec.ts;R;R089;0;1;FALSE;100644;100644;52994859e249551e240d04cb4c2558a0cd64cc89;388e3dd8cc521cc0a4cea2492991341daf258a03;07;07-mgr-modules-monitoring;P2;generated/lock/data;reference-only;"Triage owner 07: MGR, dashboard or monitoring path; inspect endpoint hunk before binary impact verdict.";;;;
2707;v16.2.15;v17.2.7;src/pybind/mgr/dashboard/frontend/cypress/e2e/ui/api-docs.po.ts;src/pybind/mgr/dashboard/frontend/cypress/integration/ui/api-docs.po.ts;R;R100;0;0;FALSE;100644;100644;c7a8d222d2c35c58a83eb4004794931b593ed126;c7a8d222d2c35c58a83eb4004794931b593ed126;07;07-mgr-modules-monitoring;P2;generated/lock/data;reference-only;"Triage owner 07: MGR, dashboard or monitoring path; inspect endpoint hunk before binary impact verdict.";"Git rename heuristic with 0/0 content change; verify logical move.";;;
2708;v16.2.15;v17.2.7;src/pybind/mgr/dashboard/frontend/cypress/e2e/ui/dashboard-v3.e2e-spec.ts;;A;A;49;0;FALSE;000000;100644;0000000000000000000000000000000000000000;80ea7c325fc29e1d1a35898b8aa625564076dd62;07;07-mgr-modules-monitoring;P2;generated/lock/data;reference-only;"Triage owner 07: MGR, dashboard or monitoring path; inspect endpoint hunk before binary impact verdict.";;;;
2709;v16.2.15;v17.2.7;src/pybind/mgr/dashboard/frontend/cypress/e2e/ui/dashboard-v3.po.ts;;A;A;20;0;FALSE;000000;100644;0000000000000000000000000000000000000000;597d2db9b50884cbb0edcd7ba651cdc8ce2bc5c6;07;07-mgr-modules-monitoring;P2;generated/lock/data;reference-only;"Triage owner 07: MGR, dashboard or monitoring path; inspect endpoint hunk before binary impact verdict.";;;;
2710;v16.2.15;v17.2.7;src/pybind/mgr/dashboard/frontend/cypress/e2e/ui/dashboard.e2e-spec.ts;src/pybind/mgr/dashboard/frontend/cypress/integration/ui/dashboard.e2e-spec.ts;R;R088;19;2;FALSE;100644;100644;9cb84480b6432cdda5f48dedf6020d18b0d662e3;ef719c9fd1470501526a2710c8e806498c203477;07;07-mgr-modules-monitoring;P2;generated/lock/data;reference-only;"Triage owner 07: MGR, dashboard or monitoring path; inspect endpoint hunk before binary impact verdict.";;;;
2711;v16.2.15;v17.2.7;src/pybind/mgr/dashboard/frontend/cypress/e2e/ui/dashboard.po.ts;src/pybind/mgr/dashboard/frontend/cypress/integration/ui/dashboard.po.ts;R;R100;0;0;FALSE;100644;100644;42d63ef44117c70aa1b1090715bc29846798d046;42d63ef44117c70aa1b1090715bc29846798d046;07;07-mgr-modules-monitoring;P2;generated/lock/data;reference-only;"Triage owner 07: MGR, dashboard or monitoring path; inspect endpoint hunk before binary impact verdict.";"Git rename heuristic with 0/0 content change; verify logical move.";;;
2712;v16.2.15;v17.2.7;src/pybind/mgr/dashboard/frontend/cypress/e2e/ui/language.e2e-spec.ts;src/pybind/mgr/dashboard/frontend/cypress/integration/ui/language.e2e-spec.ts;R;R092;0;1;FALSE;100644;100644;ccf16c2b55c78fb514fa79850d9210ccb0c5661b;fa20f0be542730f774e03b803e46c355454d7cbc;07;07-mgr-modules-monitoring;P2;generated/lock/data;reference-only;"Triage owner 07: MGR, dashboard or monitoring path; inspect endpoint hunk before binary impact verdict.";;;;
2713;v16.2.15;v17.2.7;src/pybind/mgr/dashboard/frontend/cypress/e2e/ui/language.po.ts;src/pybind/mgr/dashboard/frontend/cypress/integration/ui/language.po.ts;R;R100;0;0;FALSE;100644;100644;80e21ba1e3d255362f01c036d62e9eb7e34b9d2c;80e21ba1e3d255362f01c036d62e9eb7e34b9d2c;07;07-mgr-modules-monitoring;P2;generated/lock/data;reference-only;"Triage owner 07: MGR, dashboard or monitoring path; inspect endpoint hunk before binary impact verdict.";"Git rename heuristic with 0/0 content change; verify logical move.";;;
2714;v16.2.15;v17.2.7;src/pybind/mgr/dashboard/frontend/cypress/e2e/ui/login.e2e-spec.ts;src/pybind/mgr/dashboard/frontend/cypress/integration/ui/login.e2e-spec.ts;R;R074;6;0;FALSE;100644;100644;29c9e9e10bbb24fdf8e6aabe4a82d5b4a70e38c0;2b337e6341628fc325e8dc63aa7af4b6811c3b45;07;07-mgr-modules-monitoring;P2;generated/lock/data;reference-only;"Triage owner 07: MGR, dashboard or monitoring path; inspect endpoint hunk before binary impact verdict.";;;;
2715;v16.2.15;v17.2.7;src/pybind/mgr/dashboard/frontend/cypress/e2e/ui/login.po.ts;src/pybind/mgr/dashboard/frontend/cypress/integration/ui/login.po.ts;R;R100;0;0;FALSE;100644;100644;d4d2c692116a8d87d98fed9cc49bb192ca28e42f;d4d2c692116a8d87d98fed9cc49bb192ca28e42f;07;07-mgr-modules-monitoring;P2;generated/lock/data;reference-only;"Triage owner 07: MGR, dashboard or monitoring path; inspect endpoint hunk before binary impact verdict.";"Git rename heuristic with 0/0 content change; verify logical move.";;;
2716;v16.2.15;v17.2.7;src/pybind/mgr/dashboard/frontend/cypress/e2e/ui/navigation.e2e-spec.ts;src/pybind/mgr/dashboard/frontend/cypress/integration/ui/navigation.e2e-spec.ts;R;R093;0;1;FALSE;100644;100644;fee2d2db967adcdc2a638fa19a91efc48fcba894;1625dab4fb55e7ee810cecc8c9759429a957f715;07;07-mgr-modules-monitoring;P2;generated/lock/data;reference-only;"Triage owner 07: MGR, dashboard or monitoring path; inspect endpoint hunk before binary impact verdict.";;;;
2717;v16.2.15;v17.2.7;src/pybind/mgr/dashboard/frontend/cypress/e2e/ui/navigation.po.ts;src/pybind/mgr/dashboard/frontend/cypress/integration/ui/navigation.po.ts;R;R081;12;3;FALSE;100644;100644;a7ecf3af0e8d5946bfa942edb1320d5cf8ece78e;f797bbc26a90c344eb4942446f8fdb1fe1af5d1c;07;07-mgr-modules-monitoring;P2;generated/lock/data;reference-only;"Triage owner 07: MGR, dashboard or monitoring path; inspect endpoint hunk before binary impact verdict.";;;;
2718;v16.2.15;v17.2.7;src/pybind/mgr/dashboard/frontend/cypress/e2e/ui/notification.e2e-spec.ts;src/pybind/mgr/dashboard/frontend/cypress/integration/ui/notification.e2e-spec.ts;R;R092;0;3;FALSE;100644;100644;2ee73a70632baf68494f905f65261eb9210c8900;b69f26f58dc3818fc5ad61798d1832e1870dd1c9;07;07-mgr-modules-monitoring;P2;generated/lock/data;reference-only;"Triage owner 07: MGR, dashboard or monitoring path; inspect endpoint hunk before binary impact verdict.";;;;
2719;v16.2.15;v17.2.7;src/pybind/mgr/dashboard/frontend/cypress/e2e/ui/notification.po.ts;src/pybind/mgr/dashboard/frontend/cypress/integration/ui/notification.po.ts;R;R100;0;0;FALSE;100644;100644;12c424e350d7482be9c5447ccd546d07fa5ec941;12c424e350d7482be9c5447ccd546d07fa5ec941;07;07-mgr-modules-monitoring;P2;generated/lock/data;reference-only;"Triage owner 07: MGR, dashboard or monitoring path; inspect endpoint hunk before binary impact verdict.";"Git rename heuristic with 0/0 content change; verify logical move.";;;
2720;v16.2.15;v17.2.7;src/pybind/mgr/dashboard/frontend/cypress/e2e/ui/role-mgmt.e2e-spec.ts;src/pybind/mgr/dashboard/frontend/cypress/integration/ui/role-mgmt.e2e-spec.ts;R;R095;0;1;FALSE;100644;100644;c3f325dbbe13d19a0186964ad8bc98b3bbeeeffe;7e76f168e6df66046f439dc66e982bf47dd2ff08;07;07-mgr-modules-monitoring;P2;generated/lock/data;reference-only;"Triage owner 07: MGR, dashboard or monitoring path; inspect endpoint hunk before binary impact verdict.";;;;
2721;v16.2.15;v17.2.7;src/pybind/mgr/dashboard/frontend/cypress/e2e/ui/role-mgmt.po.ts;src/pybind/mgr/dashboard/frontend/cypress/integration/ui/role-mgmt.po.ts;R;R100;0;0;FALSE;100644;100644;1cc3630a463181a1727ddb203e2e8b30741781f4;1cc3630a463181a1727ddb203e2e8b30741781f4;07;07-mgr-modules-monitoring;P2;generated/lock/data;reference-only;"Triage owner 07: MGR, dashboard or monitoring path; inspect endpoint hunk before binary impact verdict.";"Git rename heuristic with 0/0 content change; verify logical move.";;;
2722;v16.2.15;v17.2.7;src/pybind/mgr/dashboard/frontend/cypress/e2e/ui/user-mgmt.e2e-spec.ts;src/pybind/mgr/dashboard/frontend/cypress/integration/ui/user-mgmt.e2e-spec.ts;R;R095;0;1;FALSE;100644;100644;92dc772121b1180927d8d299a7a2f94c86cc39f1;57818db0ae7547f1d3bf5bf6b8c363f5fc73ea94;07;07-mgr-modules-monitoring;P2;generated/lock/data;reference-only;"Triage owner 07: MGR, dashboard or monitoring path; inspect endpoint hunk before binary impact verdict.";;;;
2723;v16.2.15;v17.2.7;src/pybind/mgr/dashboard/frontend/cypress/e2e/ui/user-mgmt.po.ts;src/pybind/mgr/dashboard/frontend/cypress/integration/ui/user-mgmt.po.ts;R;R100;0;0;FALSE;100644;100644;fb2b791294432d294aa6444a58c3565cf66a1a5d;fb2b791294432d294aa6444a58c3565cf66a1a5d;07;07-mgr-modules-monitoring;P2;generated/lock/data;reference-only;"Triage owner 07: MGR, dashboard or monitoring path; inspect endpoint hunk before binary impact verdict.";"Git rename heuristic with 0/0 content change; verify logical move.";;;
2724;v16.2.15;v17.2.7;src/pybind/mgr/dashboard/frontend/cypress/e2e/visualTests/dashboard.vrt-spec.ts;src/pybind/mgr/dashboard/frontend/cypress/integration/visualTests/dashboard.vrt-spec.ts;R;R059;4;2;FALSE;100644;100644;b83d16d3d86ce69c04b7b6a3e10c1b4c9e1940ff;450cff871b53d6c7cc53f77b3e3919867e435184;07;07-mgr-modules-monitoring;P2;generated/lock/data;reference-only;"Triage owner 07: MGR, dashboard or monitoring path; inspect endpoint hunk before binary impact verdict.";;;;
2725;v16.2.15;v17.2.7;src/pybind/mgr/dashboard/frontend/cypress/e2e/visualTests/login.vrt-spec.ts;src/pybind/mgr/dashboard/frontend/cypress/integration/visualTests/login.vrt-spec.ts;R;R100;0;0;FALSE;100644;100644;ea74f1d0f748adfdddb5fe994f97ca8e69d32a62;ea74f1d0f748adfdddb5fe994f97ca8e69d32a62;07;07-mgr-modules-monitoring;P2;generated/lock/data;reference-only;"Triage owner 07: MGR, dashboard or monitoring path; inspect endpoint hunk before binary impact verdict.";"Git rename heuristic with 0/0 content change; verify logical move.";;;
2726;v16.2.15;v17.2.7;src/pybind/mgr/dashboard/frontend/cypress/plugins/index.js;;M;M;1;1;FALSE;100644;100644;d9294002ba4010eaebd41e33e0141657b1d35861;b1ba01b665d3b0429f78eb63aa57511cd9bd117b;07;07-mgr-modules-monitoring;P1;runtime/source;conditional;"Triage owner 07: MGR, dashboard or monitoring path; inspect endpoint hunk before binary impact verdict.";;;;
2727;v16.2.15;v17.2.7;src/pybind/mgr/dashboard/frontend/cypress/support/commands.ts;;M;M;49;16;FALSE;100644;100644;6ff17f9d6978e11f35787a657e2c02ad6222ca59;d94dd1c9384306898cb0ea3565d9c82c17a3a3e4;07;07-mgr-modules-monitoring;P2;generated/lock/data;reference-only;"Triage owner 07: MGR, dashboard or monitoring path; inspect endpoint hunk before binary impact verdict.";;;;
2728;v16.2.15;v17.2.7;src/pybind/mgr/dashboard/frontend/cypress/support/e2e.ts;src/pybind/mgr/dashboard/frontend/cypress/support/index.ts;R;R094;1;0;FALSE;100644;100644;8fb8a7dcd066c1abe65613350f3cce3b4e54d16c;4db2c6a4926a9e20ded76ec399b72a292d58fb88;07;07-mgr-modules-monitoring;P2;generated/lock/data;reference-only;"Triage owner 07: MGR, dashboard or monitoring path; inspect endpoint hunk before binary impact verdict.";;;;
2729;v16.2.15;v17.2.7;src/pybind/mgr/dashboard/frontend/cypress/tsconfig.json;;M;M;1;0;FALSE;100644;100644;90f899b57f639d643df7ae0d2eaf67b77ddf4c70;0d1f6b468206ef6ba4ce0215c4a75590c84b9429;07;07-mgr-modules-monitoring;P2;generated/lock/data;reference-only;"Triage owner 07: MGR, dashboard or monitoring path; inspect endpoint hunk before binary impact verdict.";;;;
2730;v16.2.15;v17.2.7;src/pybind/mgr/dashboard/frontend/i18n.config.json;;M;M;1;1;FALSE;100644;100644;f5ba06d47dd12eef785a9d44d8eb9f1b77c2d261;a7390c5f81601dee63eb5ba8cd24165d080e9f7b;07;07-mgr-modules-monitoring;P2;generated/lock/data;reference-only;"Triage owner 07: MGR, dashboard or monitoring path; inspect endpoint hunk before binary impact verdict.";;;;
2731;v16.2.15;v17.2.7;src/pybind/mgr/dashboard/frontend/jest.config.cjs;;A;A;44;0;FALSE;000000;100644;0000000000000000000000000000000000000000;a08aaebc724bedc49fa4f409ae529fb9aa174991;07;07-mgr-modules-monitoring;P1;runtime/source;conditional;"Triage owner 07: MGR, dashboard or monitoring path; inspect endpoint hunk before binary impact verdict.";;;;
2732;v16.2.15;v17.2.7;src/pybind/mgr/dashboard/frontend/package-lock.json;;M;M;9341;12849;FALSE;100644;100644;f84e0560e271ec0825912a4fc21d56bdbfc985d8;cb157eed59d5ee788067319469cc70886c6dc62e;07;07-mgr-modules-monitoring;P2;generated/lock/data;reference-only;"Triage owner 07: MGR, dashboard or monitoring path; inspect endpoint hunk before binary impact verdict.";;;;
2733;v16.2.15;v17.2.7;src/pybind/mgr/dashboard/frontend/package.json;;M;M;49;68;FALSE;100644;100644;722baa8dc58f34cd26702cf1e5a85c22e551be5d;e12f493756f2be6eaf2bb931497c8533ff62d391;07;07-mgr-modules-monitoring;P2;generated/lock/data;reference-only;"Triage owner 07: MGR, dashboard or monitoring path; inspect endpoint hunk before binary impact verdict.";;;;
2734;v16.2.15;v17.2.7;src/pybind/mgr/dashboard/frontend/src/app/app-routing.module.ts;;M;M;35;1;FALSE;100644;100644;4a490728b7cb41980d47e4ebe8e36b77c9996b88;f15a6b2faf9014ddaa236f1d7f419e1525ab3405;07;07-mgr-modules-monitoring;P2;generated/lock/data;reference-only;"Triage owner 07: MGR, dashboard or monitoring path; inspect endpoint hunk before binary impact verdict.";;;;
2735;v16.2.15;v17.2.7;src/pybind/mgr/dashboard/frontend/src/app/ceph/block/iscsi-tabs/iscsi-tabs.component.html;;M;M;11;9;FALSE;100644;100644;3d328cb6bf324a50ca51209ca9b7c4fc946bc212;ec4d07e235a2f31e9ce53335ea8d7e7de37a8a43;07;07-mgr-modules-monitoring;P1;runtime/source;conditional;"Triage owner 07: MGR, dashboard or monitoring path; inspect endpoint hunk before binary impact verdict.";;;;
2736;v16.2.15;v17.2.7;src/pybind/mgr/dashboard/frontend/src/app/ceph/block/iscsi-tabs/iscsi-tabs.component.ts;;M;M;1;4;FALSE;100644;100644;d4d21361bcdd58ed9487759970b73ff70ec02df3;6631339538e01419de73231af15d8a386eb1c18e;07;07-mgr-modules-monitoring;P2;generated/lock/data;reference-only;"Triage owner 07: MGR, dashboard or monitoring path; inspect endpoint hunk before binary impact verdict.";;;;
2737;v16.2.15;v17.2.7;src/pybind/mgr/dashboard/frontend/src/app/ceph/block/iscsi-target-discovery-modal/iscsi-target-discovery-modal.component.html;;M;M;12;16;FALSE;100644;100644;d84ea787f13963cbb27063630154b33c39175cb3;662ad75407070c714602b2f6ef0c3e1ddc359ed7;07;07-mgr-modules-monitoring;P1;runtime/source;conditional;"Triage owner 07: MGR, dashboard or monitoring path; inspect endpoint hunk before binary impact verdict.";;;;
2738;v16.2.15;v17.2.7;src/pybind/mgr/dashboard/frontend/src/app/ceph/block/iscsi-target-form/iscsi-target-form.component.html;;M;M;78;100;FALSE;100644;100644;852866a86db2c4fa0961ae7321081e2cfc5fb6e4;5e641926955adc7e6f11fa84b1a8fb783756b908;07;07-mgr-modules-monitoring;P1;runtime/source;conditional;"Triage owner 07: MGR, dashboard or monitoring path; inspect endpoint hunk before binary impact verdict.";;;;
2739;v16.2.15;v17.2.7;src/pybind/mgr/dashboard/frontend/src/app/ceph/block/iscsi-target-form/iscsi-target-form.component.ts;;M;M;2;2;FALSE;100644;100644;6704b41e6480bba162a4365f829da95d3b3e5a72;ff77665ce98429fdc2a54588a90db1d460202cb0;07;07-mgr-modules-monitoring;P2;generated/lock/data;reference-only;"Triage owner 07: MGR, dashboard or monitoring path; inspect endpoint hunk before binary impact verdict.";;;;
2740;v16.2.15;v17.2.7;src/pybind/mgr/dashboard/frontend/src/app/ceph/block/iscsi-target-image-settings-modal/iscsi-target-image-settings-modal.component.html;;M;M;1;1;FALSE;100644;100644;2452b0bc5721cda153ff4dc43d2a3bfc4c4e4623;9614ac7505f0fdb35be91b0cf9f6c3f46f7179ef;07;07-mgr-modules-monitoring;P1;runtime/source;conditional;"Triage owner 07: MGR, dashboard or monitoring path; inspect endpoint hunk before binary impact verdict.";;;;
2741;v16.2.15;v17.2.7;src/pybind/mgr/dashboard/frontend/src/app/ceph/block/iscsi/iscsi.component.html;;M;M;11;7;FALSE;100644;100644;eccb79514c1bf6ce6dc41a37a0a8d3aeb0eb73ff;ba66271cf7763ed71d99688d7050602c9a11ea71;07;07-mgr-modules-monitoring;P1;runtime/source;conditional;"Triage owner 07: MGR, dashboard or monitoring path; inspect endpoint hunk before binary impact verdict.";;;;
2742;v16.2.15;v17.2.7;src/pybind/mgr/dashboard/frontend/src/app/ceph/block/mirroring/bootstrap-create-modal/bootstrap-create-modal.component.html;;M;M;2;2;FALSE;100755;100755;a31ab933c7525d7be708ffec87ab65617616f991;22ad25b08bd36de072198e971faf4fa67b9e235f;07;07-mgr-modules-monitoring;P1;runtime/source;conditional;"Triage owner 07: MGR, dashboard or monitoring path; inspect endpoint hunk before binary impact verdict.";;;;
2743;v16.2.15;v17.2.7;src/pybind/mgr/dashboard/frontend/src/app/ceph/block/mirroring/image-list/image-list.component.html;;M;M;21;11;FALSE;100644;100644;b54cb68522be9839b39cf88ea8228de8cd48295b;45056ab357036d3ed851ed57205ee1cdeddc3399;07;07-mgr-modules-monitoring;P1;runtime/source;conditional;"Triage owner 07: MGR, dashboard or monitoring path; inspect endpoint hunk before binary impact verdict.";;;;
2744;v16.2.15;v17.2.7;src/pybind/mgr/dashboard/frontend/src/app/ceph/block/mirroring/image-list/image-list.component.ts;;M;M;8;1;FALSE;100644;100644;babd46542e533c2f24169724e73d767b4321df70;c022f21c30e286908370bff0ef2b862ccdbb0576;07;07-mgr-modules-monitoring;P2;generated/lock/data;reference-only;"Triage owner 07: MGR, dashboard or monitoring path; inspect endpoint hunk before binary impact verdict.";;;;
2745;v16.2.15;v17.2.7;src/pybind/mgr/dashboard/frontend/src/app/ceph/block/mirroring/overview/overview.component.html;;M;M;49;47;FALSE;100644;100644;9cdfab939cc2aa529b97a0efd4fe1d744c91f0fa;a51ea9b069fd0e3f8ddea7686a9d0df56b1805b7;07;07-mgr-modules-monitoring;P1;runtime/source;conditional;"Triage owner 07: MGR, dashboard or monitoring path; inspect endpoint hunk before binary impact verdict.";;;;
2746;v16.2.15;v17.2.7;src/pybind/mgr/dashboard/frontend/src/app/ceph/block/mirroring/overview/overview.component.ts;;M;M;1;2;FALSE;100644;100644;3ee1fa81334285d4ee56b38533e4bf9662bf5d9e;8000751df5f671270d8bea6dd9fb770bd03bd4e9;07;07-mgr-modules-monitoring;P2;generated/lock/data;reference-only;"Triage owner 07: MGR, dashboard or monitoring path; inspect endpoint hunk before binary impact verdict.";;;;
2747;v16.2.15;v17.2.7;src/pybind/mgr/dashboard/frontend/src/app/ceph/block/mirroring/pool-edit-mode-modal/pool-edit-mode-modal.component.html;;M;M;1;1;FALSE;100644;100644;00fe92b32b734ecf507ab2c0080f0b2e169ba577;ed4f7289619ec7f7c2ff2e3150a184273172ba23;07;07-mgr-modules-monitoring;P1;runtime/source;conditional;"Triage owner 07: MGR, dashboard or monitoring path; inspect endpoint hunk before binary impact verdict.";;;;
2748;v16.2.15;v17.2.7;src/pybind/mgr/dashboard/frontend/src/app/ceph/block/rbd-configuration-form/rbd-configuration-form.component.html;;M;M;10;12;FALSE;100644;100644;130aa32866c146d0431d525ff7c66726e8b53023;62707db349961f17d0bdebe5f034f44f6d169c94;07;07-mgr-modules-monitoring;P1;runtime/source;conditional;"Triage owner 07: MGR, dashboard or monitoring path; inspect endpoint hunk before binary impact verdict.";;;;
2749;v16.2.15;v17.2.7;src/pybind/mgr/dashboard/frontend/src/app/ceph/block/rbd-details/rbd-details.component.html;;M;M;19;15;FALSE;100644;100644;ab9454cbc15ebb5b0efabf262d8d81ffb2c8c8d6;e12d3772876b3d55cde42f36241651798628a93a;07;07-mgr-modules-monitoring;P1;runtime/source;conditional;"Triage owner 07: MGR, dashboard or monitoring path; inspect endpoint hunk before binary impact verdict.";;;;
2750;v16.2.15;v17.2.7;src/pybind/mgr/dashboard/frontend/src/app/ceph/block/rbd-form/rbd-feature.interface.ts;;M;M;1;0;FALSE;100644;100644;c12975f05f1fa144b03be03613dffeac0a2bd16e;825b1d2bb39b3a6183768f86a3cf9119645fc855;07;07-mgr-modules-monitoring;P2;generated/lock/data;reference-only;"Triage owner 07: MGR, dashboard or monitoring path; inspect endpoint hunk before binary impact verdict.";;;;
2751;v16.2.15;v17.2.7;src/pybind/mgr/dashboard/frontend/src/app/ceph/block/rbd-form/rbd-form.component.html;;M;M;11;11;FALSE;100644;100644;38f20476207908f961593bc7a98fe47b2250c934;017456cb4d2a6fcd12d965d833ce7f49fed7ba5c;07;07-mgr-modules-monitoring;P1;runtime/source;conditional;"Triage owner 07: MGR, dashboard or monitoring path; inspect endpoint hunk before binary impact verdict.";;;;
2752;v16.2.15;v17.2.7;src/pybind/mgr/dashboard/frontend/src/app/ceph/block/rbd-form/rbd-form.component.spec.ts;;M;M;5;1;FALSE;100644;100644;7f7815c00ac922591efbd291714f9878ee3cd4a4;33b512e4d9ee9231eb367aeca9a39da5fde7c652;07;07-mgr-modules-monitoring;P2;generated/lock/data;reference-only;"Triage owner 07: MGR, dashboard or monitoring path; inspect endpoint hunk before binary impact verdict.";;;;
2753;v16.2.15;v17.2.7;src/pybind/mgr/dashboard/frontend/src/app/ceph/block/rbd-form/rbd-form.component.ts;;M;M;24;8;FALSE;100644;100644;f6c6af57947a8aa7572914372579a582300b4dd3;803c406e337551cb8eece4d89706f1feddb7155c;07;07-mgr-modules-monitoring;P2;generated/lock/data;reference-only;"Triage owner 07: MGR, dashboard or monitoring path; inspect endpoint hunk before binary impact verdict.";;;;
2754;v16.2.15;v17.2.7;src/pybind/mgr/dashboard/frontend/src/app/ceph/block/rbd-list/rbd-list.component.html;;M;M;18;2;FALSE;100644;100644;63f376962a065f9f1fe1b7f26fdbe3ad2550f754;1d2a5441fcc084c3bd064aadb16ee6fdef658d06;07;07-mgr-modules-monitoring;P1;runtime/source;conditional;"Triage owner 07: MGR, dashboard or monitoring path; inspect endpoint hunk before binary impact verdict.";;;;
2755;v16.2.15;v17.2.7;src/pybind/mgr/dashboard/frontend/src/app/ceph/block/rbd-list/rbd-list.component.spec.ts;;M;M;0;54;FALSE;100644;100644;fa7a772f02239654f975a54bbb6330c6dc8a5bce;cff6042a980b2325335b4ad65c72fce607a4b4a0;07;07-mgr-modules-monitoring;P2;generated/lock/data;reference-only;"Triage owner 07: MGR, dashboard or monitoring path; inspect endpoint hunk before binary impact verdict.";;;;
2756;v16.2.15;v17.2.7;src/pybind/mgr/dashboard/frontend/src/app/ceph/block/rbd-list/rbd-list.component.ts;;M;M;32;21;FALSE;100644;100644;bfef485bf25db2795841006b0fcd80edde3c7345;5cb9d1af9c76ad5d1ba5ce2b45b53c363974f7a2;07;07-mgr-modules-monitoring;P2;generated/lock/data;reference-only;"Triage owner 07: MGR, dashboard or monitoring path; inspect endpoint hunk before binary impact verdict.";;;;
2757;v16.2.15;v17.2.7;src/pybind/mgr/dashboard/frontend/src/app/ceph/block/rbd-namespace-form/rbd-namespace-form-modal.component.html;;M;M;1;1;FALSE;100644;100644;9d76cba095fe1ab068fdee146b44693053649443;0c7edccc30f86405f7e3e90a9454c0fde364f85d;07;07-mgr-modules-monitoring;P1;runtime/source;conditional;"Triage owner 07: MGR, dashboard or monitoring path; inspect endpoint hunk before binary impact verdict.";;;;
2758;v16.2.15;v17.2.7;src/pybind/mgr/dashboard/frontend/src/app/ceph/block/rbd-performance/rbd-performance.component.html;;M;M;4;1;FALSE;100644;100644;002c8e57c02036830a38eb3b1e44bb4e8c98b583;01f69dcbcebd4f4876d6723c7480b1c19c744fc7;07;07-mgr-modules-monitoring;P1;runtime/source;conditional;"Triage owner 07: MGR, dashboard or monitoring path; inspect endpoint hunk before binary impact verdict.";;;;
2759;v16.2.15;v17.2.7;src/pybind/mgr/dashboard/frontend/src/app/ceph/block/rbd-snapshot-form/rbd-snapshot-form-modal.component.html;;M;M;8;4;FALSE;100644;100644;fb246a44451b10849378586cb82c5f17114db0fe;e84ecab695a6c7349e1f49f83ca807c05cea7169;07;07-mgr-modules-monitoring;P1;runtime/source;conditional;"Triage owner 07: MGR, dashboard or monitoring path; inspect endpoint hunk before binary impact verdict.";;;;
2760;v16.2.15;v17.2.7;src/pybind/mgr/dashboard/frontend/src/app/ceph/block/rbd-snapshot-form/rbd-snapshot-form-modal.component.spec.ts;;M;M;22;0;FALSE;100644;100644;b6681ec510a5a925e7dbc3f7c5d9677137608c0d;5e7b04b9f25af244604c280ff83b2537fcf5fb25;07;07-mgr-modules-monitoring;P2;generated/lock/data;reference-only;"Triage owner 07: MGR, dashboard or monitoring path; inspect endpoint hunk before binary impact verdict.";;;;
2761;v16.2.15;v17.2.7;src/pybind/mgr/dashboard/frontend/src/app/ceph/block/rbd-snapshot-form/rbd-snapshot-form-modal.component.ts;;M;M;17;9;FALSE;100644;100644;9fc5179e23b54932aba32aa85a1baac23c545b1b;f3665f6d0495e8ee9896aedff800409b6d3b8bf8;07;07-mgr-modules-monitoring;P2;generated/lock/data;reference-only;"Triage owner 07: MGR, dashboard or monitoring path; inspect endpoint hunk before binary impact verdict.";;;;
2762;v16.2.15;v17.2.7;src/pybind/mgr/dashboard/frontend/src/app/ceph/block/rbd-snapshot-list/rbd-snapshot-actions.model.ts;;M;M;16;9;FALSE;100644;100644;cc0d61f91aa0720d63e933059b108cbe92390628;9b3b7d1d6cdd0d1ce849876c58076c57da9e03f3;07;07-mgr-modules-monitoring;P2;generated/lock/data;reference-only;"Triage owner 07: MGR, dashboard or monitoring path; inspect endpoint hunk before binary impact verdict.";;;;
2763;v16.2.15;v17.2.7;src/pybind/mgr/dashboard/frontend/src/app/ceph/block/rbd-snapshot-list/rbd-snapshot-list.component.spec.ts;;M;M;21;3;FALSE;100644;100644;ca72007ee81e5b973d5b6dd852318b488d895dc0;1b9b3854665109dd580b1bb428b03dd3527c4728;07;07-mgr-modules-monitoring;P2;generated/lock/data;reference-only;"Triage owner 07: MGR, dashboard or monitoring path; inspect endpoint hunk before binary impact verdict.";;;;
2764;v16.2.15;v17.2.7;src/pybind/mgr/dashboard/frontend/src/app/ceph/block/rbd-snapshot-list/rbd-snapshot-list.component.ts;;M;M;3;1;FALSE;100644;100644;df66b0e8842ae01dd96e61d657e635cbbc8626c4;da8a185ea1cb7739358e2dbbe1265a678ad7b880;07;07-mgr-modules-monitoring;P2;generated/lock/data;reference-only;"Triage owner 07: MGR, dashboard or monitoring path; inspect endpoint hunk before binary impact verdict.";;;;
2765;v16.2.15;v17.2.7;src/pybind/mgr/dashboard/frontend/src/app/ceph/block/rbd-tabs/rbd-tabs.component.html;;M;M;25;13;FALSE;100644;100644;657568c2230cc889434a3be8ddb4ebcbbf30aeae;e11beb9bd5e68a7452db9c1cd0c6007f1dde07d2;07;07-mgr-modules-monitoring;P1;runtime/source;conditional;"Triage owner 07: MGR, dashboard or monitoring path; inspect endpoint hunk before binary impact verdict.";;;;
2766;v16.2.15;v17.2.7;src/pybind/mgr/dashboard/frontend/src/app/ceph/block/rbd-tabs/rbd-tabs.component.ts;;M;M;1;2;FALSE;100644;100644;056cb1764583c7f3729863cf55796285cc210c42;a9a57bfcdbcf5accc1237a826b7af109272d1afd;07;07-mgr-modules-monitoring;P2;generated/lock/data;reference-only;"Triage owner 07: MGR, dashboard or monitoring path; inspect endpoint hunk before binary impact verdict.";;;;
2767;v16.2.15;v17.2.7;src/pybind/mgr/dashboard/frontend/src/app/ceph/cephfs/cephfs-detail/cephfs-detail.component.html;;M;M;2;1;FALSE;100644;100644;c1d33d8e0d243543429364674dfac62cf97ee055;64011a5263e945bce295132b0d6bf865d219655b;07;07-mgr-modules-monitoring;P1;runtime/source;conditional;"Triage owner 07: MGR, dashboard or monitoring path; inspect endpoint hunk before binary impact verdict.";;;;
2768;v16.2.15;v17.2.7;src/pybind/mgr/dashboard/frontend/src/app/ceph/cephfs/cephfs-directories/cephfs-directories.component.html;;M;M;1;1;FALSE;100644;100644;1d4b2ece85b3affcba16e598c1bcd526ead285c2;ce6cc71c5ea498518bd8f6a7feb02ba3afb815e9;07;07-mgr-modules-monitoring;P1;runtime/source;conditional;"Triage owner 07: MGR, dashboard or monitoring path; inspect endpoint hunk before binary impact verdict.";;;;
2769;v16.2.15;v17.2.7;src/pybind/mgr/dashboard/frontend/src/app/ceph/cephfs/cephfs-form/cephfs-form.component.ts;;A;A;168;0;FALSE;000000;100644;0000000000000000000000000000000000000000;4bf722df5115d286c871e89a66b1e228c97726eb;07;07-mgr-modules-monitoring;P2;generated/lock/data;reference-only;"Triage owner 07: MGR, dashboard or monitoring path; inspect endpoint hunk before binary impact verdict.";;;;
2770;v16.2.15;v17.2.7;src/pybind/mgr/dashboard/frontend/src/app/ceph/cephfs/cephfs-tabs/cephfs-tabs.component.html;;M;M;19;16;FALSE;100644;100644;7a222a1000e32e5fa72be822bff4e3ccbb6a4558;b8db2e6b327be19a9908de9da6fb8d3894a24349;07;07-mgr-modules-monitoring;P1;runtime/source;conditional;"Triage owner 07: MGR, dashboard or monitoring path; inspect endpoint hunk before binary impact verdict.";;;;
2771;v16.2.15;v17.2.7;src/pybind/mgr/dashboard/frontend/src/app/ceph/cluster/configuration/configuration-details/configuration-details.component.html;;M;M;2;2;FALSE;100755;100755;8debf9dc66bc5fb2e5ae487e4db04f139d6998eb;13bb16c9cead6a9a3dcb1ac61e4af615273bf618;07;07-mgr-modules-monitoring;P1;runtime/source;conditional;"Triage owner 07: MGR, dashboard or monitoring path; inspect endpoint hunk before binary impact verdict.";;;;
2772;v16.2.15;v17.2.7;src/pybind/mgr/dashboard/frontend/src/app/ceph/cluster/configuration/configuration-form/configuration-form.component.html;;M;M;1;1;FALSE;100644;100644;72c71794257f008100d7b8399d8979ce7f239432;741c18d52a610e10ae0f6f9cb39871eb99719fe1;07;07-mgr-modules-monitoring;P1;runtime/source;conditional;"Triage owner 07: MGR, dashboard or monitoring path; inspect endpoint hunk before binary impact verdict.";;;;
2773;v16.2.15;v17.2.7;src/pybind/mgr/dashboard/frontend/src/app/ceph/cluster/configuration/configuration-form/configuration-form.component.spec.ts;;M;M;1;7;FALSE;100644;100644;23fab84ccc0f7e85de33486e0dc9b1c328b63943;6ec2dac45cc1f483f8cd62bb44a3efbceea29ccb;07;07-mgr-modules-monitoring;P2;generated/lock/data;reference-only;"Triage owner 07: MGR, dashboard or monitoring path; inspect endpoint hunk before binary impact verdict.";;;;
2774;v16.2.15;v17.2.7;src/pybind/mgr/dashboard/frontend/src/app/ceph/cluster/create-cluster/create-cluster-review.component.html;;M;M;2;2;FALSE;100644;100644;750fef894fb9508756adb17bdd58e8236956f97e;a2ae23b2c2bf4dad8a3ee8e1a1d0d3ee576161ff;07;07-mgr-modules-monitoring;P1;runtime/source;conditional;"Triage owner 07: MGR, dashboard or monitoring path; inspect endpoint hunk before binary impact verdict.";;;;
2775;v16.2.15;v17.2.7;src/pybind/mgr/dashboard/frontend/src/app/ceph/cluster/create-cluster/create-cluster-review.component.ts;;M;M;3;1;FALSE;100644;100644;4490b4e441c9942188ef417a13b755c36a0f661c;964fd7594e79cb01be44f990e245c6825b896f2d;07;07-mgr-modules-monitoring;P2;generated/lock/data;reference-only;"Triage owner 07: MGR, dashboard or monitoring path; inspect endpoint hunk before binary impact verdict.";;;;
2776;v16.2.15;v17.2.7;src/pybind/mgr/dashboard/frontend/src/app/ceph/cluster/create-cluster/create-cluster.component.html;;M;M;7;7;FALSE;100644;100644;379d07d2c526ba360e335dafd5f2528861915fcc;272b5b0b9161770a13b8278b580d5a8bf82557fd;07;07-mgr-modules-monitoring;P1;runtime/source;conditional;"Triage owner 07: MGR, dashboard or monitoring path; inspect endpoint hunk before binary impact verdict.";;;;
2777;v16.2.15;v17.2.7;src/pybind/mgr/dashboard/frontend/src/app/ceph/cluster/create-cluster/create-cluster.component.ts;;M;M;3;1;FALSE;100644;100644;dc455ca0629aa6a8813449c540cd6bd03b50db34;670a3e00dfe5bbcee3b47c2fd16b5b3560bed637;07;07-mgr-modules-monitoring;P2;generated/lock/data;reference-only;"Triage owner 07: MGR, dashboard or monitoring path; inspect endpoint hunk before binary impact verdict.";;;;
2778;v16.2.15;v17.2.7;src/pybind/mgr/dashboard/frontend/src/app/ceph/cluster/crushmap/crushmap.component.html;;M;M;3;1;FALSE;100644;100644;e01d3480ee079f4f1e500563dd4eb65f6459fc59;dab14fd5842d6a473a1d5fb29767dce69102889f;07;07-mgr-modules-monitoring;P1;runtime/source;conditional;"Triage owner 07: MGR, dashboard or monitoring path; inspect endpoint hunk before binary impact verdict.";;;;
2779;v16.2.15;v17.2.7;src/pybind/mgr/dashboard/frontend/src/app/ceph/cluster/hosts/host-details/host-details.component.html;;M;M;22;19;FALSE;100644;100644;a138768c351f4328a71b396ebf63996b0d4cf976;386d5b3c99b8b825a9bb0174155ca7017244ea17;07;07-mgr-modules-monitoring;P1;runtime/source;conditional;"Triage owner 07: MGR, dashboard or monitoring path; inspect endpoint hunk before binary impact verdict.";;;;
2780;v16.2.15;v17.2.7;src/pybind/mgr/dashboard/frontend/src/app/ceph/cluster/hosts/host-form/host-form.component.ts;;M;M;3;1;FALSE;100644;100644;9031ca5f78ad08c992d6c2684dad18b8dc179b54;45622f056998318b55d8885473318121c4a98510;07;07-mgr-modules-monitoring;P2;generated/lock/data;reference-only;"Triage owner 07: MGR, dashboard or monitoring path; inspect endpoint hunk before binary impact verdict.";;;;
2781;v16.2.15;v17.2.7;src/pybind/mgr/dashboard/frontend/src/app/ceph/cluster/hosts/hosts.component.html;;M;M;37;15;FALSE;100644;100644;b41ecfa8663302264a2a0246701838930040d36f;9b997ce2f6bbc548f9752f1c3aeeb42d1900c7a0;07;07-mgr-modules-monitoring;P1;runtime/source;conditional;"Triage owner 07: MGR, dashboard or monitoring path; inspect endpoint hunk before binary impact verdict.";;;;
2782;v16.2.15;v17.2.7;src/pybind/mgr/dashboard/frontend/src/app/ceph/cluster/hosts/hosts.component.spec.ts;;M;M;63;23;FALSE;100644;100644;5fce54fbb155343d74c0358eb512bd7e02faabb2;43be6e8c758227d52aa6e7fb6dddca8c38920e17;07;07-mgr-modules-monitoring;P2;generated/lock/data;reference-only;"Triage owner 07: MGR, dashboard or monitoring path; inspect endpoint hunk before binary impact verdict.";;;;
2783;v16.2.15;v17.2.7;src/pybind/mgr/dashboard/frontend/src/app/ceph/cluster/hosts/hosts.component.ts;;M;M;38;42;FALSE;100644;100644;85c84833245b5d09f838f83b8b982f5df1c7d498;0caeac9f2eb8f797bffc7d58f3dd89fa4bc777d1;07;07-mgr-modules-monitoring;P2;generated/lock/data;reference-only;"Triage owner 07: MGR, dashboard or monitoring path; inspect endpoint hunk before binary impact verdict.";;;;
2784;v16.2.15;v17.2.7;src/pybind/mgr/dashboard/frontend/src/app/ceph/cluster/inventory/inventory-devices/inventory-devices.component.spec.ts;;M;M;1;1;FALSE;100644;100644;29a3ece96d8ae6c695283f5ea3610ef9d368ede9;b67adb2a43d86c62a8137ff5b5d1f02eaa86a41f;07;07-mgr-modules-monitoring;P2;generated/lock/data;reference-only;"Triage owner 07: MGR, dashboard or monitoring path; inspect endpoint hunk before binary impact verdict.";;;;
2785;v16.2.15;v17.2.7;src/pybind/mgr/dashboard/frontend/src/app/ceph/cluster/logs/logs.component.html;;M;M;67;40;FALSE;100644;100644;dd55a678fb19614aaa5fae3d75eace193ce3d774;cd03f04d55383d86037ed2764e287a726e58e991;07;07-mgr-modules-monitoring;P1;runtime/source;conditional;"Triage owner 07: MGR, dashboard or monitoring path; inspect endpoint hunk before binary impact verdict.";;;;
2786;v16.2.15;v17.2.7;src/pybind/mgr/dashboard/frontend/src/app/ceph/cluster/logs/logs.component.ts;;M;M;20;0;FALSE;100644;100644;420da495891425d34954fdf15fd215c22903978e;ed8c721eaf3e1f6b3440d091c4c829dc01edf366;07;07-mgr-modules-monitoring;P2;generated/lock/data;reference-only;"Triage owner 07: MGR, dashboard or monitoring path; inspect endpoint hunk before binary impact verdict.";;;;
2787;v16.2.15;v17.2.7;src/pybind/mgr/dashboard/frontend/src/app/ceph/cluster/mgr-modules/mgr-module-form/mgr-module-form.component.html;;M;M;1;1;FALSE;100644;100644;b952ce8d8a7c3bf31dad04639fa36596dc977dd5;693741120c20f08a34e2e8ea1341c3227812fd86;07;07-mgr-modules-monitoring;P1;runtime/source;conditional;"Triage owner 07: MGR, dashboard or monitoring path; inspect endpoint hunk before binary impact verdict.";;;;
2788;v16.2.15;v17.2.7;src/pybind/mgr/dashboard/frontend/src/app/ceph/cluster/monitor/monitor.component.html;;M;M;41;37;FALSE;100644;100644;ca9ac82212c78cc0b8a6c6955211da245c269d63;c9dbf9cc599122fa7bf0cb42541f78ba1c50a6e5;07;07-mgr-modules-monitoring;P1;runtime/source;conditional;"Triage owner 07: MGR, dashboard or monitoring path; inspect endpoint hunk before binary impact verdict.";;;;
2789;v16.2.15;v17.2.7;src/pybind/mgr/dashboard/frontend/src/app/ceph/cluster/osd/osd-details/osd-details.component.html;;M;M;23;20;FALSE;100644;100644;8761453a9d5931d8278541f4916226fb140ee4a2;2b73a710ac34883fe916943b9cdd95325d538254;07;07-mgr-modules-monitoring;P1;runtime/source;conditional;"Triage owner 07: MGR, dashboard or monitoring path; inspect endpoint hunk before binary impact verdict.";;;;
2790;v16.2.15;v17.2.7;src/pybind/mgr/dashboard/frontend/src/app/ceph/cluster/osd/osd-devices-selection-groups/osd-devices-selection-groups.component.html;;M;M;2;2;FALSE;100644;100644;8b1f59eac371c922d991abbe2cac964936dff1f9;95e51662b769f65856958284daec453b5b16749e;07;07-mgr-modules-monitoring;P1;runtime/source;conditional;"Triage owner 07: MGR, dashboard or monitoring path; inspect endpoint hunk before binary impact verdict.";;;;
2791;v16.2.15;v17.2.7;src/pybind/mgr/dashboard/frontend/src/app/ceph/cluster/osd/osd-devices-selection-modal/osd-devices-selection-modal.component.html;;M;M;1;1;FALSE;100644;100644;2a4344944c46c7983a4efcfe0c3d6bd00858f6f8;ab967eab4aecd3129bafc292c7a450842cc44bda;07;07-mgr-modules-monitoring;P1;runtime/source;conditional;"Triage owner 07: MGR, dashboard or monitoring path; inspect endpoint hunk before binary impact verdict.";;;;
2792;v16.2.15;v17.2.7;src/pybind/mgr/dashboard/frontend/src/app/ceph/cluster/osd/osd-flags-indiv-modal/osd-flags-indiv-modal.component.html;;M;M;1;1;FALSE;100644;100644;f8a10ff24de61dbadb65e8db77659cb99f40d215;0aff25409dea7584fd476bc5a0a64a8cdd0d3627;07;07-mgr-modules-monitoring;P1;runtime/source;conditional;"Triage owner 07: MGR, dashboard or monitoring path; inspect endpoint hunk before binary impact verdict.";;;;
2793;v16.2.15;v17.2.7;src/pybind/mgr/dashboard/frontend/src/app/ceph/cluster/osd/osd-form/osd-form.component.html;;M;M;45;42;FALSE;100644;100644;12279246a99eedecf2220bc2e08517f59cda80d9;8b92d4277398f9ee5e531771d635b00c56f79050;07;07-mgr-modules-monitoring;P1;runtime/source;conditional;"Triage owner 07: MGR, dashboard or monitoring path; inspect endpoint hunk before binary impact verdict.";;;;
2794;v16.2.15;v17.2.7;src/pybind/mgr/dashboard/frontend/src/app/ceph/cluster/osd/osd-list/osd-list.component.html;;M;M;18;14;FALSE;100644;100644;c1c1894d744ab62dc7cd022c469a281681eec87c;ede9dbb19f271f03fe2caf374a865dc4d2ede865;07;07-mgr-modules-monitoring;P1;runtime/source;conditional;"Triage owner 07: MGR, dashboard or monitoring path; inspect endpoint hunk before binary impact verdict.";;;;
2795;v16.2.15;v17.2.7;src/pybind/mgr/dashboard/frontend/src/app/ceph/cluster/osd/osd-recv-speed-modal/osd-recv-speed-modal.component.html;;M;M;1;1;FALSE;100755;100755;eb54c82f50d3d16ae97a6fcb7c7ae9ff50c3abbe;ccfc58507aa6a71de8ac2a52d8e20d7a4661a265;07;07-mgr-modules-monitoring;P1;runtime/source;conditional;"Triage owner 07: MGR, dashboard or monitoring path; inspect endpoint hunk before binary impact verdict.";;;;
2796;v16.2.15;v17.2.7;src/pybind/mgr/dashboard/frontend/src/app/ceph/cluster/prometheus/active-alert-list/active-alert-list.component.ts;;M;M;26;14;FALSE;100644;100644;83888a5550c8144cbb2aad8e9802afe14120dc02;de027bfec50756412d0abd949cf9b1e81b4aad58;07;07-mgr-modules-monitoring;P2;generated/lock/data;reference-only;"Triage owner 07: MGR, dashboard or monitoring path; inspect endpoint hunk before binary impact verdict.";;;;
2797;v16.2.15;v17.2.7;src/pybind/mgr/dashboard/frontend/src/app/ceph/cluster/prometheus/prometheus-tabs/prometheus-tabs.component.html;;M;M;24;12;FALSE;100644;100644;fd3967ce6939c3172901011da9151ba9835cfffd;73ad9884a550133aecbc53e2165a3207b0506e76;07;07-mgr-modules-monitoring;P1;runtime/source;conditional;"Triage owner 07: MGR, dashboard or monitoring path; inspect endpoint hunk before binary impact verdict.";;;;
2798;v16.2.15;v17.2.7;src/pybind/mgr/dashboard/frontend/src/app/ceph/cluster/prometheus/prometheus-tabs/prometheus-tabs.component.spec.ts;;M;M;3;1;FALSE;100644;100644;675063413adc15c97f39a8b1b4e2d4ec31b2bc04;3272ae32fd0be06791c74eb4c8f28c6ec4b319ff;07;07-mgr-modules-monitoring;P2;generated/lock/data;reference-only;"Triage owner 07: MGR, dashboard or monitoring path; inspect endpoint hunk before binary impact verdict.";;;;
2799;v16.2.15;v17.2.7;src/pybind/mgr/dashboard/frontend/src/app/ceph/cluster/prometheus/prometheus-tabs/prometheus-tabs.component.ts;;M;M;3;2;FALSE;100644;100644;4011770d4173ae7dd219aaeeac5bc190c302092c;136fe939177ee5d503233fd35f7a8b37e72dc395;07;07-mgr-modules-monitoring;P2;generated/lock/data;reference-only;"Triage owner 07: MGR, dashboard or monitoring path; inspect endpoint hunk before binary impact verdict.";;;;
2800;v16.2.15;v17.2.7;src/pybind/mgr/dashboard/frontend/src/app/ceph/cluster/prometheus/rules-list/rules-list.component.ts;;M;M;32;7;FALSE;100644;100644;325520d110ec984af4d6ce69372c0e0fbbc466ec;bdca7a1b70242338fa62ddd91966398bd8bfcb00;07;07-mgr-modules-monitoring;P2;generated/lock/data;reference-only;"Triage owner 07: MGR, dashboard or monitoring path; inspect endpoint hunk before binary impact verdict.";;;;
2801;v16.2.15;v17.2.7;src/pybind/mgr/dashboard/frontend/src/app/ceph/cluster/prometheus/silence-form/silence-form.component.html;;M;M;24;37;FALSE;100644;100644;02f04a06a4bcdd9ad8a497000862ad312b7ae9de;d95d21462851685c4a53f9cab85d942cc212fa30;07;07-mgr-modules-monitoring;P1;runtime/source;conditional;"Triage owner 07: MGR, dashboard or monitoring path; inspect endpoint hunk before binary impact verdict.";;;;
2802;v16.2.15;v17.2.7;src/pybind/mgr/dashboard/frontend/src/app/ceph/cluster/prometheus/silence-form/silence-form.component.spec.ts;;M;M;19;24;FALSE;100644;100644;41898315019c9e8dafe960dc0e2ebb15a4f5f6b6;b4d8a86526dc59946b81f9f5c15100f1ae9a9d9a;07;07-mgr-modules-monitoring;P2;generated/lock/data;reference-only;"Triage owner 07: MGR, dashboard or monitoring path; inspect endpoint hunk before binary impact verdict.";;;;
2803;v16.2.15;v17.2.7;src/pybind/mgr/dashboard/frontend/src/app/ceph/cluster/prometheus/silence-form/silence-form.component.ts;;M;M;29;20;FALSE;100644;100644;b698e4958eddacbdfb10716da42ad8c2b2b47be3;958039a31dc716fd7d48fdbff9100b7becd49fb7;07;07-mgr-modules-monitoring;P2;generated/lock/data;reference-only;"Triage owner 07: MGR, dashboard or monitoring path; inspect endpoint hunk before binary impact verdict.";;;;
2804;v16.2.15;v17.2.7;src/pybind/mgr/dashboard/frontend/src/app/ceph/cluster/prometheus/silence-list/silence-list.component.spec.ts;;M;M;9;0;FALSE;100644;100644;cc4b76c327152c6a2ead9cb75ec27ce0720d3e79;a136b2bac1119b6c328e0d909bc5255df1402766;07;07-mgr-modules-monitoring;P2;generated/lock/data;reference-only;"Triage owner 07: MGR, dashboard or monitoring path; inspect endpoint hunk before binary impact verdict.";;;;
2805;v16.2.15;v17.2.7;src/pybind/mgr/dashboard/frontend/src/app/ceph/cluster/prometheus/silence-list/silence-list.component.ts;;M;M;36;2;FALSE;100644;100644;c351a64e5ac7ad148a959b6157b8d87ac053a855;d5612a0949c05f1b6967743c1bc1e6ff89cc1f59;07;07-mgr-modules-monitoring;P2;generated/lock/data;reference-only;"Triage owner 07: MGR, dashboard or monitoring path; inspect endpoint hunk before binary impact verdict.";;;;
2806;v16.2.15;v17.2.7;src/pybind/mgr/dashboard/frontend/src/app/ceph/cluster/prometheus/silence-matcher-modal/silence-matcher-modal.component.html;;M;M;3;3;FALSE;100644;100644;db89adc53690eff92ea78287b0da21530e871f93;78f05b64607aef545badc1c833df6cd5d5584f53;07;07-mgr-modules-monitoring;P1;runtime/source;conditional;"Triage owner 07: MGR, dashboard or monitoring path; inspect endpoint hunk before binary impact verdict.";;;;
2807;v16.2.15;v17.2.7;src/pybind/mgr/dashboard/frontend/src/app/ceph/cluster/services/service-daemon-list/service-daemon-list.component.html;;M;M;10;11;FALSE;100644;100644;fc076a185a03f12d39dafd29b1029272b6c20396;d6fbab5a066c7690dc7b5a7154e8ede8c77bd70a;07;07-mgr-modules-monitoring;P1;runtime/source;conditional;"Triage owner 07: MGR, dashboard or monitoring path; inspect endpoint hunk before binary impact verdict.";;;;
2808;v16.2.15;v17.2.7;src/pybind/mgr/dashboard/frontend/src/app/ceph/cluster/services/service-daemon-list/service-daemon-list.component.spec.ts;;M;M;15;4;FALSE;100644;100644;31739a7c2988f26875bfd381d3ed99b787dfc730;d3ea8c018f66a91d61b560389da545bebb9147af;07;07-mgr-modules-monitoring;P2;generated/lock/data;reference-only;"Triage owner 07: MGR, dashboard or monitoring path; inspect endpoint hunk before binary impact verdict.";;;;
2809;v16.2.15;v17.2.7;src/pybind/mgr/dashboard/frontend/src/app/ceph/cluster/services/service-daemon-list/service-daemon-list.component.ts;;M;M;19;10;FALSE;100644;100644;d1c2f9cc3f11d153fcccce0883d9d2c66990fa68;c626e4785122db33918bf43235ec97f66db7224e;07;07-mgr-modules-monitoring;P2;generated/lock/data;reference-only;"Triage owner 07: MGR, dashboard or monitoring path; inspect endpoint hunk before binary impact verdict.";;;;
2810;v16.2.15;v17.2.7;src/pybind/mgr/dashboard/frontend/src/app/ceph/cluster/services/service-form/service-form.component.html;;M;M;23;18;FALSE;100644;100644;34f90d33dc9f21da8cf8dfb30389ddbc9d82bcf1;6c465d46998d8b682e2dc63ed9b473c9e84ea0ae;07;07-mgr-modules-monitoring;P1;runtime/source;conditional;"Triage owner 07: MGR, dashboard or monitoring path; inspect endpoint hunk before binary impact verdict.";;;;
2811;v16.2.15;v17.2.7;src/pybind/mgr/dashboard/frontend/src/app/ceph/cluster/services/service-form/service-form.component.spec.ts;;M;M;28;1;FALSE;100644;100644;a4cb436a64b2ba805b5bd1d24483e825ca9a23fb;b2c965ee71b96a2d185ffe010175c715f35da83f;07;07-mgr-modules-monitoring;P2;generated/lock/data;reference-only;"Triage owner 07: MGR, dashboard or monitoring path; inspect endpoint hunk before binary impact verdict.";;;;
2812;v16.2.15;v17.2.7;src/pybind/mgr/dashboard/frontend/src/app/ceph/cluster/services/service-form/service-form.component.ts;;M;M;123;102;FALSE;100644;100644;baedbfcac8fc5b19cdd05b6b51e79b33fc17c454;c8fc9dd01bf7b05d8cea22f0b015ae35283f61ec;07;07-mgr-modules-monitoring;P2;generated/lock/data;reference-only;"Triage owner 07: MGR, dashboard or monitoring path; inspect endpoint hunk before binary impact verdict.";;;;
2813;v16.2.15;v17.2.7;src/pybind/mgr/dashboard/frontend/src/app/ceph/cluster/services/services.component.html;;M;M;14;0;FALSE;100644;100644;36ab431fc96b32b73b5bbfb0688a3781a9096e14;d84449e237eebc9e394984b0c58e16a9ec8c9542;07;07-mgr-modules-monitoring;P1;runtime/source;conditional;"Triage owner 07: MGR, dashboard or monitoring path; inspect endpoint hunk before binary impact verdict.";;;;
2814;v16.2.15;v17.2.7;src/pybind/mgr/dashboard/frontend/src/app/ceph/cluster/services/services.component.spec.ts;;M;M;11;3;FALSE;100644;100644;69d28e7051401091d51cff5109cb3f32f796668a;094a3cef13850e0e35e7fff918804c14883772d5;07;07-mgr-modules-monitoring;P2;generated/lock/data;reference-only;"Triage owner 07: MGR, dashboard or monitoring path; inspect endpoint hunk before binary impact verdict.";;;;
2815;v16.2.15;v17.2.7;src/pybind/mgr/dashboard/frontend/src/app/ceph/cluster/services/services.component.ts;;M;M;11;9;FALSE;100644;100644;318a54a6ee4589f892f65c327617a4b1e6f897cd;1234a684e6c9d16fac11de4da2a5af33dc3438ad;07;07-mgr-modules-monitoring;P2;generated/lock/data;reference-only;"Triage owner 07: MGR, dashboard or monitoring path; inspect endpoint hunk before binary impact verdict.";;;;
2816;v16.2.15;v17.2.7;src/pybind/mgr/dashboard/frontend/src/app/ceph/cluster/telemetry/telemetry.component.html;;M;M;24;1;FALSE;100644;100644;1348714694273cd8d0900ec5a726860bf480f7d3;ed3d7b85a765e6f2259a9a03e5759a7938feb190;07;07-mgr-modules-monitoring;P1;runtime/source;conditional;"Triage owner 07: MGR, dashboard or monitoring path; inspect endpoint hunk before binary impact verdict.";;;;
2817;v16.2.15;v17.2.7;src/pybind/mgr/dashboard/frontend/src/app/ceph/cluster/telemetry/telemetry.component.spec.ts;;M;M;134;0;FALSE;100644;100644;2488816494abc41cb4e29681d06598c041837529;e2d93c4b4526d01e38fdd49991fc80cbd391ef5b;07;07-mgr-modules-monitoring;P2;generated/lock/data;reference-only;"Triage owner 07: MGR, dashboard or monitoring path; inspect endpoint hunk before binary impact verdict.";;;;
2818;v16.2.15;v17.2.7;src/pybind/mgr/dashboard/frontend/src/app/ceph/cluster/telemetry/telemetry.component.ts;;M;M;64;1;FALSE;100644;100644;c2f4523dc7583d1f936a498c8ba1ed9815bf0ce1;882a2fe3c403637aafe50ca0d9faf4a7ca481846;07;07-mgr-modules-monitoring;P2;generated/lock/data;reference-only;"Triage owner 07: MGR, dashboard or monitoring path; inspect endpoint hunk before binary impact verdict.";;;;
2819;v16.2.15;v17.2.7;src/pybind/mgr/dashboard/frontend/src/app/ceph/dashboard-v3/card-row/card-row.component.html;;A;A;167;0;FALSE;000000;100644;0000000000000000000000000000000000000000;9b7bf03e77507cf347785d75345a4886f816237f;07;07-mgr-modules-monitoring;P1;runtime/source;conditional;"Triage owner 07: MGR, dashboard or monitoring path; inspect endpoint hunk before binary impact verdict.";;;;
2820;v16.2.15;v17.2.7;src/pybind/mgr/dashboard/frontend/src/app/ceph/dashboard-v3/card-row/card-row.component.scss;qa/suites/upgrade/octopus-x/parallel-no-cephadm/2-workload/+;R;R100;0;0;FALSE;100644;100644;e69de29bb2d1d6434b8b29ae775ad8c2e48c5391;e69de29bb2d1d6434b8b29ae775ad8c2e48c5391;07;07-mgr-modules-monitoring;P1;runtime/source;conditional;"Triage owner 07: MGR, dashboard or monitoring path; inspect endpoint hunk before binary impact verdict.";"Git rename heuristic with 0/0 content change; verify logical move.";;;
2821;v16.2.15;v17.2.7;src/pybind/mgr/dashboard/frontend/src/app/ceph/dashboard-v3/card-row/card-row.component.spec.ts;;A;A;23;0;FALSE;000000;100644;0000000000000000000000000000000000000000;8932e67b29c5bd77bccb23c9166b6ee021e8565c;07;07-mgr-modules-monitoring;P2;generated/lock/data;reference-only;"Triage owner 07: MGR, dashboard or monitoring path; inspect endpoint hunk before binary impact verdict.";;;;
2822;v16.2.15;v17.2.7;src/pybind/mgr/dashboard/frontend/src/app/ceph/dashboard-v3/card-row/card-row.component.ts;;A;A;34;0;FALSE;000000;100644;0000000000000000000000000000000000000000;90c939160eb91e47387c59c6b93a5a63000fdebb;07;07-mgr-modules-monitoring;P2;generated/lock/data;reference-only;"Triage owner 07: MGR, dashboard or monitoring path; inspect endpoint hunk before binary impact verdict.";;;;
2823;v16.2.15;v17.2.7;src/pybind/mgr/dashboard/frontend/src/app/ceph/dashboard-v3/card/card.component.html;;A;A;8;0;FALSE;000000;100644;0000000000000000000000000000000000000000;a2f5b9d3d240d0f0d67ffac8772c3d9a9effe517;07;07-mgr-modules-monitoring;P1;runtime/source;conditional;"Triage owner 07: MGR, dashboard or monitoring path; inspect endpoint hunk before binary impact verdict.";;;;
2824;v16.2.15;v17.2.7;src/pybind/mgr/dashboard/frontend/src/app/ceph/dashboard-v3/card/card.component.scss;;A;A;5;0;FALSE;000000;100644;0000000000000000000000000000000000000000;fdf19a00ec6aa3e4ac5c39c13cccc4fa232b09b5;07;07-mgr-modules-monitoring;P1;runtime/source;conditional;"Triage owner 07: MGR, dashboard or monitoring path; inspect endpoint hunk before binary impact verdict.";;;;
2825;v16.2.15;v17.2.7;src/pybind/mgr/dashboard/frontend/src/app/ceph/dashboard-v3/card/card.component.spec.ts;;A;A;33;0;FALSE;000000;100644;0000000000000000000000000000000000000000;287e1cfe08f0065d5e1883fca4cecef8b1b75fdd;07;07-mgr-modules-monitoring;P2;generated/lock/data;reference-only;"Triage owner 07: MGR, dashboard or monitoring path; inspect endpoint hunk before binary impact verdict.";;;;
2826;v16.2.15;v17.2.7;src/pybind/mgr/dashboard/frontend/src/app/ceph/dashboard-v3/card/card.component.ts;;A;A;11;0;FALSE;000000;100644;0000000000000000000000000000000000000000;8e93cc8645c854589dbb7d7f44fff72e01bb3fb7;07;07-mgr-modules-monitoring;P2;generated/lock/data;reference-only;"Triage owner 07: MGR, dashboard or monitoring path; inspect endpoint hunk before binary impact verdict.";;;;
2827;v16.2.15;v17.2.7;src/pybind/mgr/dashboard/frontend/src/app/ceph/dashboard-v3/dashboard-area-chart/dashboard-area-chart.component.html;;A;A;23;0;FALSE;000000;100644;0000000000000000000000000000000000000000;6ac991fd58c5603ab6b23ad1b206437a035c057d;07;07-mgr-modules-monitoring;P1;runtime/source;conditional;"Triage owner 07: MGR, dashboard or monitoring path; inspect endpoint hunk before binary impact verdict.";;;;
2828;v16.2.15;v17.2.7;src/pybind/mgr/dashboard/frontend/src/app/ceph/dashboard-v3/dashboard-area-chart/dashboard-area-chart.component.scss;;A;A;9;0;FALSE;000000;100644;0000000000000000000000000000000000000000;12e9b9c1c6a5e1f2d1074f9e8a0ab110367b226d;07;07-mgr-modules-monitoring;P1;runtime/source;conditional;"Triage owner 07: MGR, dashboard or monitoring path; inspect endpoint hunk before binary impact verdict.";;;;
2829;v16.2.15;v17.2.7;src/pybind/mgr/dashboard/frontend/src/app/ceph/dashboard-v3/dashboard-area-chart/dashboard-area-chart.component.spec.ts;;A;A;36;0;FALSE;000000;100644;0000000000000000000000000000000000000000;0501ac75dde6c77482f301f9c66bd10dfe9f36ff;07;07-mgr-modules-monitoring;P2;generated/lock/data;reference-only;"Triage owner 07: MGR, dashboard or monitoring path; inspect endpoint hunk before binary impact verdict.";;;;
2830;v16.2.15;v17.2.7;src/pybind/mgr/dashboard/frontend/src/app/ceph/dashboard-v3/dashboard-area-chart/dashboard-area-chart.component.ts;;A;A;284;0;FALSE;000000;100644;0000000000000000000000000000000000000000;78be703772e9f5fa4078f2a6bbf74d2c47e2564a;07;07-mgr-modules-monitoring;P2;generated/lock/data;reference-only;"Triage owner 07: MGR, dashboard or monitoring path; inspect endpoint hunk before binary impact verdict.";;;;
2831;v16.2.15;v17.2.7;src/pybind/mgr/dashboard/frontend/src/app/ceph/dashboard-v3/dashboard-pie/dashboard-pie.component.html;;A;A;16;0;FALSE;000000;100644;0000000000000000000000000000000000000000;ba8176beab3b505aa95e9916011fceb0a22666cc;07;07-mgr-modules-monitoring;P1;runtime/source;conditional;"Triage owner 07: MGR, dashboard or monitoring path; inspect endpoint hunk before binary impact verdict.";;;;
2832;v16.2.15;v17.2.7;src/pybind/mgr/dashboard/frontend/src/app/ceph/dashboard-v3/dashboard-pie/dashboard-pie.component.scss;;A;A;22;0;FALSE;000000;100644;0000000000000000000000000000000000000000;64e7a9822e22dd3bf8d7e411c2d131827ba57b11;07;07-mgr-modules-monitoring;P1;runtime/source;conditional;"Triage owner 07: MGR, dashboard or monitoring path; inspect endpoint hunk before binary impact verdict.";;;;
2833;v16.2.15;v17.2.7;src/pybind/mgr/dashboard/frontend/src/app/ceph/dashboard-v3/dashboard-pie/dashboard-pie.component.spec.ts;;A;A;27;0;FALSE;000000;100644;0000000000000000000000000000000000000000;892913dab6bea0e54d9f4aa43d5e86d212c667a3;07;07-mgr-modules-monitoring;P2;generated/lock/data;reference-only;"Triage owner 07: MGR, dashboard or monitoring path; inspect endpoint hunk before binary impact verdict.";;;;
2834;v16.2.15;v17.2.7;src/pybind/mgr/dashboard/frontend/src/app/ceph/dashboard-v3/dashboard-pie/dashboard-pie.component.ts;;A;A;189;0;FALSE;000000;100644;0000000000000000000000000000000000000000;4aaabb6eb4a0116f36608cfaa63fe39d4137eb97;07;07-mgr-modules-monitoring;P2;generated/lock/data;reference-only;"Triage owner 07: MGR, dashboard or monitoring path; inspect endpoint hunk before binary impact verdict.";;;;
2835;v16.2.15;v17.2.7;src/pybind/mgr/dashboard/frontend/src/app/ceph/dashboard-v3/dashboard-time-selector/dashboard-time-selector.component.html;;A;A;11;0;FALSE;000000;100644;0000000000000000000000000000000000000000;cd960d07bd9d28d9c8f3e67a209aa03f8e991b6e;07;07-mgr-modules-monitoring;P1;runtime/source;conditional;"Triage owner 07: MGR, dashboard or monitoring path; inspect endpoint hunk before binary impact verdict.";;;;
2836;v16.2.15;v17.2.7;src/pybind/mgr/dashboard/frontend/src/app/ceph/dashboard-v3/dashboard-time-selector/dashboard-time-selector.component.scss;;A;A;10;0;FALSE;000000;100644;0000000000000000000000000000000000000000;13572dc2f0b2d1384dfdc4cc9f6268f991ba690f;07;07-mgr-modules-monitoring;P1;runtime/source;conditional;"Triage owner 07: MGR, dashboard or monitoring path; inspect endpoint hunk before binary impact verdict.";;;;
2837;v16.2.15;v17.2.7;src/pybind/mgr/dashboard/frontend/src/app/ceph/dashboard-v3/dashboard-time-selector/dashboard-time-selector.component.spec.ts;;A;A;24;0;FALSE;000000;100644;0000000000000000000000000000000000000000;9aeec4dcb51e5cffa7521f9b137c8b94718d4c75;07;07-mgr-modules-monitoring;P2;generated/lock/data;reference-only;"Triage owner 07: MGR, dashboard or monitoring path; inspect endpoint hunk before binary impact verdict.";;;;
2838;v16.2.15;v17.2.7;src/pybind/mgr/dashboard/frontend/src/app/ceph/dashboard-v3/dashboard-time-selector/dashboard-time-selector.component.ts;;A;A;77;0;FALSE;000000;100644;0000000000000000000000000000000000000000;3b0915232b665648cd791c380675ec81c662a82d;07;07-mgr-modules-monitoring;P2;generated/lock/data;reference-only;"Triage owner 07: MGR, dashboard or monitoring path; inspect endpoint hunk before binary impact verdict.";;;;
2839;v16.2.15;v17.2.7;src/pybind/mgr/dashboard/frontend/src/app/ceph/dashboard-v3/dashboard-v3.module.ts;;A;A;47;0;FALSE;000000;100644;0000000000000000000000000000000000000000;2c3b4cc369fc73dd64d3c75c10958ad015170b73;07;07-mgr-modules-monitoring;P2;generated/lock/data;reference-only;"Triage owner 07: MGR, dashboard or monitoring path; inspect endpoint hunk before binary impact verdict.";;;;
2840;v16.2.15;v17.2.7;src/pybind/mgr/dashboard/frontend/src/app/ceph/dashboard-v3/dashboard/dashboard-v3.component.html;;A;A;285;0;FALSE;000000;100644;0000000000000000000000000000000000000000;61d36c7a2555ed9028996c0b2ca1daa873a8bc2d;07;07-mgr-modules-monitoring;P1;runtime/source;conditional;"Triage owner 07: MGR, dashboard or monitoring path; inspect endpoint hunk before binary impact verdict.";;;;
2841;v16.2.15;v17.2.7;src/pybind/mgr/dashboard/frontend/src/app/ceph/dashboard-v3/dashboard/dashboard-v3.component.scss;;A;A;67;0;FALSE;000000;100644;0000000000000000000000000000000000000000;140f5f78fa4ad842ce31feef75cf27e1d5d658a4;07;07-mgr-modules-monitoring;P1;runtime/source;conditional;"Triage owner 07: MGR, dashboard or monitoring path; inspect endpoint hunk before binary impact verdict.";;;;
2842;v16.2.15;v17.2.7;src/pybind/mgr/dashboard/frontend/src/app/ceph/dashboard-v3/dashboard/dashboard-v3.component.spec.ts;;A;A;334;0;FALSE;000000;100644;0000000000000000000000000000000000000000;f2f5d0bb50832cc94c7ab14e70e1c679d6e94642;07;07-mgr-modules-monitoring;P2;generated/lock/data;reference-only;"Triage owner 07: MGR, dashboard or monitoring path; inspect endpoint hunk before binary impact verdict.";;;;
2843;v16.2.15;v17.2.7;src/pybind/mgr/dashboard/frontend/src/app/ceph/dashboard-v3/dashboard/dashboard-v3.component.ts;;A;A;218;0;FALSE;000000;100644;0000000000000000000000000000000000000000;a3bd264c6843507d1766d802b1c1d293372ae11c;07;07-mgr-modules-monitoring;P2;generated/lock/data;reference-only;"Triage owner 07: MGR, dashboard or monitoring path; inspect endpoint hunk before binary impact verdict.";;;;
2844;v16.2.15;v17.2.7;src/pybind/mgr/dashboard/frontend/src/app/ceph/dashboard-v3/pg-summary.pipe.spec.ts;;A;A;36;0;FALSE;000000;100644;0000000000000000000000000000000000000000;b467167fdce06e79c9afdc0b645d577221882d71;07;07-mgr-modules-monitoring;P2;generated/lock/data;reference-only;"Triage owner 07: MGR, dashboard or monitoring path; inspect endpoint hunk before binary impact verdict.";;;;
2845;v16.2.15;v17.2.7;src/pybind/mgr/dashboard/frontend/src/app/ceph/dashboard-v3/pg-summary.pipe.ts;;A;A;27;0;FALSE;000000;100644;0000000000000000000000000000000000000000;a26097ee005084ef474194f849bf7c58042c0147;07;07-mgr-modules-monitoring;P2;generated/lock/data;reference-only;"Triage owner 07: MGR, dashboard or monitoring path; inspect endpoint hunk before binary impact verdict.";;;;
2846;v16.2.15;v17.2.7;src/pybind/mgr/dashboard/frontend/src/app/ceph/dashboard/dashboard.module.ts;;M;M;9;2;FALSE;100644;100644;1205de94dd6e00a41df6e947e7c715a7ce0215ec;81164d15b9d90567ca09d79208ff84c44a7f23c7;07;07-mgr-modules-monitoring;P2;generated/lock/data;reference-only;"Triage owner 07: MGR, dashboard or monitoring path; inspect endpoint hunk before binary impact verdict.";;;;
2847;v16.2.15;v17.2.7;src/pybind/mgr/dashboard/frontend/src/app/ceph/dashboard/dashboard/dashboard.component.html;;M;M;11;24;FALSE;100644;100644;2d03ea3e6e9bd79c36bcee0ddf87fb4d33ae330d;87b8c3376dc8114e5cd9f9202d348fe49a2c59d7;07;07-mgr-modules-monitoring;P1;runtime/source;conditional;"Triage owner 07: MGR, dashboard or monitoring path; inspect endpoint hunk before binary impact verdict.";;;;
2848;v16.2.15;v17.2.7;src/pybind/mgr/dashboard/frontend/src/app/ceph/dashboard/dashboard/dashboard.component.scss;;M;M;1;1;FALSE;100644;100644;04eee2d6f2560a52e37797cab1ca69e56f84c890;62c4af1dd92c528115f33985183562625e4b20bd;07;07-mgr-modules-monitoring;P1;runtime/source;conditional;"Triage owner 07: MGR, dashboard or monitoring path; inspect endpoint hunk before binary impact verdict.";;;;
2849;v16.2.15;v17.2.7;src/pybind/mgr/dashboard/frontend/src/app/ceph/dashboard/dashboard/dashboard.component.spec.ts;;M;M;4;1;FALSE;100644;100644;7bc4980bb82be3945ebb9197f4edd0088536941b;9c20e4438f11c73048e334ed5b7f1a43fc53e41e;07;07-mgr-modules-monitoring;P2;generated/lock/data;reference-only;"Triage owner 07: MGR, dashboard or monitoring path; inspect endpoint hunk before binary impact verdict.";;;;
2850;v16.2.15;v17.2.7;src/pybind/mgr/dashboard/frontend/src/app/ceph/dashboard/dashboard/dashboard.component.ts;;M;M;7;1;FALSE;100644;100644;354e3890359657279488c0be4bb92c5c9d0ba5e3;021c945a2f5897936fa339ebf770ca54e2b30f61;07;07-mgr-modules-monitoring;P2;generated/lock/data;reference-only;"Triage owner 07: MGR, dashboard or monitoring path; inspect endpoint hunk before binary impact verdict.";;;;
2851;v16.2.15;v17.2.7;src/pybind/mgr/dashboard/frontend/src/app/ceph/dashboard/health-pie/health-pie.component.html;;M;M;0;1;FALSE;100644;100644;ba8176beab3b505aa95e9916011fceb0a22666cc;0a2535fc9142a70509e1a7b9cb7a3b0c090c29c1;07;07-mgr-modules-monitoring;P1;runtime/source;conditional;"Triage owner 07: MGR, dashboard or monitoring path; inspect endpoint hunk before binary impact verdict.";;;;
2852;v16.2.15;v17.2.7;src/pybind/mgr/dashboard/frontend/src/app/ceph/dashboard/health/health.component.html;;M;M;10;7;FALSE;100644;100644;71aac66d9d2fb800612aa847eb4e675949f44096;c440a5f2df0de416a834d0471e78e9f733f84361;07;07-mgr-modules-monitoring;P1;runtime/source;conditional;"Triage owner 07: MGR, dashboard or monitoring path; inspect endpoint hunk before binary impact verdict.";;;;
2853;v16.2.15;v17.2.7;src/pybind/mgr/dashboard/frontend/src/app/ceph/dashboard/health/health.component.scss;;M;M;4;0;FALSE;100644;100644;1294f5922db523756d6137ff25f73e4dfade659f;def7aab11a6ea8cc632e6391213123b3e5d79497;07;07-mgr-modules-monitoring;P1;runtime/source;conditional;"Triage owner 07: MGR, dashboard or monitoring path; inspect endpoint hunk before binary impact verdict.";;;;
2854;v16.2.15;v17.2.7;src/pybind/mgr/dashboard/frontend/src/app/ceph/dashboard/health/health.component.spec.ts;;M;M;2;2;FALSE;100644;100644;cedcd06b6975ce07862bc040a47e8fb45156a357;3e25e922878379952d7a20473ebcc379ba7debe9;07;07-mgr-modules-monitoring;P2;generated/lock/data;reference-only;"Triage owner 07: MGR, dashboard or monitoring path; inspect endpoint hunk before binary impact verdict.";;;;
2855;v16.2.15;v17.2.7;src/pybind/mgr/dashboard/frontend/src/app/ceph/dashboard/info-card/info-card-popover.scss;;M;M;12;0;FALSE;100644;100644;43cbe18ffcf09bfa20cebec2d4904a5ffd2eec24;d4828b3e0340e9f9ecce0ecfb1e03c5bea26bd86;07;07-mgr-modules-monitoring;P1;runtime/source;conditional;"Triage owner 07: MGR, dashboard or monitoring path; inspect endpoint hunk before binary impact verdict.";;;;
2856;v16.2.15;v17.2.7;src/pybind/mgr/dashboard/frontend/src/app/ceph/dashboard/info-card/info-card.component.scss;;M;M;4;0;FALSE;100644;100644;897d09a9a4b937d20dee95636059c29eda0883b9;46764975ce33183d4133f1eb637cfc3009b627bf;07;07-mgr-modules-monitoring;P1;runtime/source;conditional;"Triage owner 07: MGR, dashboard or monitoring path; inspect endpoint hunk before binary impact verdict.";;;;
2857;v16.2.15;v17.2.7;src/pybind/mgr/dashboard/frontend/src/app/ceph/dashboard/info-group/info-group.component.html;;M;M;9;18;FALSE;100644;100644;722824a8fe8cbbb5088bf6846c54ca50b4c18a8e;cce38626539ef853d9cf163bd77a8347e77a94b6;07;07-mgr-modules-monitoring;P1;runtime/source;conditional;"Triage owner 07: MGR, dashboard or monitoring path; inspect endpoint hunk before binary impact verdict.";;;;
2858;v16.2.15;v17.2.7;src/pybind/mgr/dashboard/frontend/src/app/ceph/dashboard/info-group/info-group.component.scss;;M;M;7;1;FALSE;100644;100644;52bcddb96a1b71168f1e4a2df43b71229d1bf61b;ce2057e6a36c12064aadc4d7bcb1b71bc16c90c2;07;07-mgr-modules-monitoring;P1;runtime/source;conditional;"Triage owner 07: MGR, dashboard or monitoring path; inspect endpoint hunk before binary impact verdict.";;;;
2859;v16.2.15;v17.2.7;src/pybind/mgr/dashboard/frontend/src/app/ceph/dashboard/info-group/info-group.component.spec.ts;;M;M;2;1;FALSE;100644;100644;73ed55a8fcf5474d14471182bef9c4e014192ad2;1ac1cb60b3c23138be5b364aa4fdc35483cc77a9;07;07-mgr-modules-monitoring;P2;generated/lock/data;reference-only;"Triage owner 07: MGR, dashboard or monitoring path; inspect endpoint hunk before binary impact verdict.";;;;
2860;v16.2.15;v17.2.7;src/pybind/mgr/dashboard/frontend/src/app/ceph/nfs/nfs-details/nfs-details.component.html;;M;M;9;9;FALSE;100644;100644;2a8b9453f3fa13e2ebfc5a1e3d309e7321479cfe;042c9f664580289483119159b82b8c1315e08ff5;07;07-mgr-modules-monitoring;P1;runtime/source;conditional;"Triage owner 07: MGR, dashboard or monitoring path; inspect endpoint hunk before binary impact verdict.";;;;
2861;v16.2.15;v17.2.7;src/pybind/mgr/dashboard/frontend/src/app/ceph/nfs/nfs-details/nfs-details.component.spec.ts;;M;M;1;1;FALSE;100644;100644;fcf5305393cba5a345a07bab57369e11bafb3d48;8e78c589a2c297f4cff37b847d9b5f21ba5f9a4b;07;07-mgr-modules-monitoring;P2;generated/lock/data;reference-only;"Triage owner 07: MGR, dashboard or monitoring path; inspect endpoint hunk before binary impact verdict.";;;;
2862;v16.2.15;v17.2.7;src/pybind/mgr/dashboard/frontend/src/app/ceph/nfs/nfs-form-client/nfs-form-client.component.html;;M;M;5;5;FALSE;100644;100644;117ad371d4eedb3cf9875515ce654140804e0e5a;b10244b430d4b82e4ce86824d075dfebc2e578d8;07;07-mgr-modules-monitoring;P1;runtime/source;conditional;"Triage owner 07: MGR, dashboard or monitoring path; inspect endpoint hunk before binary impact verdict.";;;;
2863;v16.2.15;v17.2.7;src/pybind/mgr/dashboard/frontend/src/app/ceph/nfs/nfs-form/nfs-form.component.html;;M;M;5;5;FALSE;100644;100644;7313ea69b2ecd96d1e1d3adaca92ca6188176a78;82c97e3229584d873956cd711223e9d63d39c8c7;07;07-mgr-modules-monitoring;P1;runtime/source;conditional;"Triage owner 07: MGR, dashboard or monitoring path; inspect endpoint hunk before binary impact verdict.";;;;
2864;v16.2.15;v17.2.7;src/pybind/mgr/dashboard/frontend/src/app/ceph/pool/crush-rule-form-modal/crush-rule-form-modal.component.html;;M;M;3;3;FALSE;100644;100644;e5906dc4b3e04403b88b6e6ecc82e243b4582132;b3c0089834026c93068aaaf15933b8e9b1ffaeb2;07;07-mgr-modules-monitoring;P1;runtime/source;conditional;"Triage owner 07: MGR, dashboard or monitoring path; inspect endpoint hunk before binary impact verdict.";;;;
2865;v16.2.15;v17.2.7;src/pybind/mgr/dashboard/frontend/src/app/ceph/pool/erasure-code-profile-form/erasure-code-profile-form-modal.component.html;;M;M;16;18;FALSE;100644;100644;b4b9cd1939099adbfe97fd12e83c28ce47790057;b186677c5c560f8a0f26147b7316f08c027a3af1;07;07-mgr-modules-monitoring;P1;runtime/source;conditional;"Triage owner 07: MGR, dashboard or monitoring path; inspect endpoint hunk before binary impact verdict.";;;;
2866;v16.2.15;v17.2.7;src/pybind/mgr/dashboard/frontend/src/app/ceph/pool/pool-details/pool-details.component.html;;M;M;20;17;FALSE;100644;100644;1b0cd563cc8aa37a959b718faaa08cf36b7df615;07823eedfffade17158a82c6759f08ecbee76cd6;07;07-mgr-modules-monitoring;P1;runtime/source;conditional;"Triage owner 07: MGR, dashboard or monitoring path; inspect endpoint hunk before binary impact verdict.";;;;
2867;v16.2.15;v17.2.7;src/pybind/mgr/dashboard/frontend/src/app/ceph/pool/pool-form/pool-form.component.html;;M;M;87;87;FALSE;100644;100644;07a26f9eb2b406c79b0fb9989e4a6afec077ccb6;b159f12530d04d28383d7fc82414c03ff0140aad;07;07-mgr-modules-monitoring;P1;runtime/source;conditional;"Triage owner 07: MGR, dashboard or monitoring path; inspect endpoint hunk before binary impact verdict.";;;;
2868;v16.2.15;v17.2.7;src/pybind/mgr/dashboard/frontend/src/app/ceph/pool/pool-form/pool-form.component.scss;;M;M;3;0;FALSE;100644;100644;e69de29bb2d1d6434b8b29ae775ad8c2e48c5391;587d5d6b144982e22773afe1121068a3610b0d9c;07;07-mgr-modules-monitoring;P1;runtime/source;conditional;"Triage owner 07: MGR, dashboard or monitoring path; inspect endpoint hunk before binary impact verdict.";;;;
2869;v16.2.15;v17.2.7;src/pybind/mgr/dashboard/frontend/src/app/ceph/pool/pool-form/pool-form.component.spec.ts;;M;M;11;43;FALSE;100644;100644;1d58a1778cec7b86331fb92a8ab4b3641db748f4;87b791b690307b537ac5df3a1df28e8503f380a1;07;07-mgr-modules-monitoring;P2;generated/lock/data;reference-only;"Triage owner 07: MGR, dashboard or monitoring path; inspect endpoint hunk before binary impact verdict.";;;;
2870;v16.2.15;v17.2.7;src/pybind/mgr/dashboard/frontend/src/app/ceph/pool/pool-form/pool-form.component.ts;;M;M;4;7;FALSE;100644;100644;4778562cb2c1d1872d3bda0c8246ff566da0f517;5f0bc095628bd8611e0c3d56811906a93b6d86ae;07;07-mgr-modules-monitoring;P2;generated/lock/data;reference-only;"Triage owner 07: MGR, dashboard or monitoring path; inspect endpoint hunk before binary impact verdict.";;;;
2871;v16.2.15;v17.2.7;src/pybind/mgr/dashboard/frontend/src/app/ceph/pool/pool-list/pool-list.component.html;;M;M;14;10;FALSE;100644;100644;2d3ee6976b47415d72adac61d5b87423b077a41d;cfbcdaaf184aaa5810a96dcf3f7ea228cc83a802;07;07-mgr-modules-monitoring;P1;runtime/source;conditional;"Triage owner 07: MGR, dashboard or monitoring path; inspect endpoint hunk before binary impact verdict.";;;;
2872;v16.2.15;v17.2.7;src/pybind/mgr/dashboard/frontend/src/app/ceph/rgw/models/rgw-bucket-encryption.ts;;A;A;7;0;FALSE;000000;100644;0000000000000000000000000000000000000000;e4f81f643c445f47a930782644b60ae2c57dd653;07;07-mgr-modules-monitoring;P2;generated/lock/data;reference-only;"Triage owner 07: MGR, dashboard or monitoring path; inspect endpoint hunk before binary impact verdict.";;;;
2873;v16.2.15;v17.2.7;src/pybind/mgr/dashboard/frontend/src/app/ceph/rgw/models/rgw-daemon.ts;;M;M;1;0;FALSE;100644;100644;445f2a5acc85ffec12fd63afca7177485ce7b8dd;c685ba0270089bbbf73844d20223d55c0f956c32;07;07-mgr-modules-monitoring;P2;generated/lock/data;reference-only;"Triage owner 07: MGR, dashboard or monitoring path; inspect endpoint hunk before binary impact verdict.";;;;
2874;v16.2.15;v17.2.7;src/pybind/mgr/dashboard/frontend/src/app/ceph/rgw/rgw-bucket-details/rgw-bucket-details.component.html;;M;M;5;0;FALSE;100644;100644;bf4bdcb08d959227b05ed522272980bfc1942d1c;15b33e141229d47c0bc1d7587498420712704adc;07;07-mgr-modules-monitoring;P1;runtime/source;conditional;"Triage owner 07: MGR, dashboard or monitoring path; inspect endpoint hunk before binary impact verdict.";;;;
2875;v16.2.15;v17.2.7;src/pybind/mgr/dashboard/frontend/src/app/ceph/rgw/rgw-bucket-form/rgw-bucket-form.component.html;;M;M;109;3;FALSE;100644;100644;bad80a7f358874f69357e14812bb03b29c78bd85;761081c374433226f35d0dae9731b7fd52044bc8;07;07-mgr-modules-monitoring;P1;runtime/source;conditional;"Triage owner 07: MGR, dashboard or monitoring path; inspect endpoint hunk before binary impact verdict.";;;;
2876;v16.2.15;v17.2.7;src/pybind/mgr/dashboard/frontend/src/app/ceph/rgw/rgw-bucket-form/rgw-bucket-form.component.ts;;M;M;85;9;FALSE;100644;100644;1d5aede396eae52b8fd6ec2d22738b670550ccea;de8e0383ac020f6beca0cd726ea93e78f5119fd0;07;07-mgr-modules-monitoring;P2;generated/lock/data;reference-only;"Triage owner 07: MGR, dashboard or monitoring path; inspect endpoint hunk before binary impact verdict.";;;;
2877;v16.2.15;v17.2.7;src/pybind/mgr/dashboard/frontend/src/app/ceph/rgw/rgw-config-modal/rgw-config-modal.component.html;;A;A;235;0;FALSE;000000;100644;0000000000000000000000000000000000000000;a8ed17838347630500ea72fa2a9f22c2332220cf;07;07-mgr-modules-monitoring;P1;runtime/source;conditional;"Triage owner 07: MGR, dashboard or monitoring path; inspect endpoint hunk before binary impact verdict.";;;;
2878;v16.2.15;v17.2.7;src/pybind/mgr/dashboard/frontend/src/app/ceph/rgw/rgw-config-modal/rgw-config-modal.component.scss;qa/suites/upgrade/octopus-x/parallel-no-cephadm/5-final-workload/+;R;R100;0;0;FALSE;100644;100644;e69de29bb2d1d6434b8b29ae775ad8c2e48c5391;e69de29bb2d1d6434b8b29ae775ad8c2e48c5391;07;07-mgr-modules-monitoring;P1;runtime/source;conditional;"Triage owner 07: MGR, dashboard or monitoring path; inspect endpoint hunk before binary impact verdict.";"Git rename heuristic with 0/0 content change; verify logical move.";;;
2879;v16.2.15;v17.2.7;src/pybind/mgr/dashboard/frontend/src/app/ceph/rgw/rgw-config-modal/rgw-config-modal.component.spec.ts;;A;A;38;0;FALSE;000000;100644;0000000000000000000000000000000000000000;a266615043787dc466fb3696328e042b1a57d4f7;07;07-mgr-modules-monitoring;P2;generated/lock/data;reference-only;"Triage owner 07: MGR, dashboard or monitoring path; inspect endpoint hunk before binary impact verdict.";;;;
2880;v16.2.15;v17.2.7;src/pybind/mgr/dashboard/frontend/src/app/ceph/rgw/rgw-config-modal/rgw-config-modal.component.ts;;A;A;136;0;FALSE;000000;100644;0000000000000000000000000000000000000000;f2a0959109fbb72d609accbf1e0055f40b75f6e0;07;07-mgr-modules-monitoring;P2;generated/lock/data;reference-only;"Triage owner 07: MGR, dashboard or monitoring path; inspect endpoint hunk before binary impact verdict.";;;;
2881;v16.2.15;v17.2.7;src/pybind/mgr/dashboard/frontend/src/app/ceph/rgw/rgw-daemon-details/rgw-daemon-details.component.html;;M;M;16;13;FALSE;100644;100644;e53eaa8f73d3d6c5801f52429bc52e4cc78a4148;868a803e46ce4e39fc9e9dfaf0621b3bbe66f264;07;07-mgr-modules-monitoring;P1;runtime/source;conditional;"Triage owner 07: MGR, dashboard or monitoring path; inspect endpoint hunk before binary impact verdict.";;;;
2882;v16.2.15;v17.2.7;src/pybind/mgr/dashboard/frontend/src/app/ceph/rgw/rgw-daemon-list/rgw-daemon-list.component.html;;M;M;21;15;FALSE;100644;100644;38683a6f6d8f72e1fe562a65bf646579afca3cb6;ce348d208d8b63e8f33efe0325ddfef62b89ddaf;07;07-mgr-modules-monitoring;P1;runtime/source;conditional;"Triage owner 07: MGR, dashboard or monitoring path; inspect endpoint hunk before binary impact verdict.";;;;
2883;v16.2.15;v17.2.7;src/pybind/mgr/dashboard/frontend/src/app/ceph/rgw/rgw-daemon-list/rgw-daemon-list.component.spec.ts;;M;M;5;4;FALSE;100644;100644;ecf0bedf961d0d5fb5942e91bcd453daffd93554;bdb4decd9dab36e7c8c350688211445ca018c8e1;07;07-mgr-modules-monitoring;P2;generated/lock/data;reference-only;"Triage owner 07: MGR, dashboard or monitoring path; inspect endpoint hunk before binary impact verdict.";;;;
2884;v16.2.15;v17.2.7;src/pybind/mgr/dashboard/frontend/src/app/ceph/rgw/rgw-daemon-list/rgw-daemon-list.component.ts;;M;M;9;4;FALSE;100644;100644;c620843fb8acd85dabd90f6bbb4d49217a3770e3;b1b6b9be798baabe3b66bd0a1be8dc371d1d2945;07;07-mgr-modules-monitoring;P2;generated/lock/data;reference-only;"Triage owner 07: MGR, dashboard or monitoring path; inspect endpoint hunk before binary impact verdict.";;;;
2885;v16.2.15;v17.2.7;src/pybind/mgr/dashboard/frontend/src/app/ceph/rgw/rgw-user-capability-modal/rgw-user-capability-modal.component.html;;M;M;2;2;FALSE;100644;100644;8276e01e7c4bf30af6c67cc12d385e7665556fcb;d94e2b94497e1b0cdad710c644592fea3c5203a6;07;07-mgr-modules-monitoring;P1;runtime/source;conditional;"Triage owner 07: MGR, dashboard or monitoring path; inspect endpoint hunk before binary impact verdict.";;;;
2886;v16.2.15;v17.2.7;src/pybind/mgr/dashboard/frontend/src/app/ceph/rgw/rgw-user-details/rgw-user-details.component.html;;M;M;10;10;FALSE;100644;100644;2283f4c546f053982c7def5fbd5d9937c9abc555;992a98ac83fc4ecb9ab0b205f99136998ef090d3;07;07-mgr-modules-monitoring;P1;runtime/source;conditional;"Triage owner 07: MGR, dashboard or monitoring path; inspect endpoint hunk before binary impact verdict.";;;;
2887;v16.2.15;v17.2.7;src/pybind/mgr/dashboard/frontend/src/app/ceph/rgw/rgw-user-form/rgw-user-form.component.html;;M;M;83;104;FALSE;100644;100644;6c00f37d42d8387a4c8932a94fa7c25fb0479ed5;b708f47dbab1d4a7dc137404fe59c13ec6132d70;07;07-mgr-modules-monitoring;P1;runtime/source;conditional;"Triage owner 07: MGR, dashboard or monitoring path; inspect endpoint hunk before binary impact verdict.";;;;
2888;v16.2.15;v17.2.7;src/pybind/mgr/dashboard/frontend/src/app/ceph/rgw/rgw-user-list/rgw-user-list.component.html;;M;M;2;0;FALSE;100644;100644;6c6d7677ec70d2948f362eabb61f3595278bd90e;8f50e4abcb241077c3a62ac71bcbd41b658a742a;07;07-mgr-modules-monitoring;P1;runtime/source;conditional;"Triage owner 07: MGR, dashboard or monitoring path; inspect endpoint hunk before binary impact verdict.";;;;
2889;v16.2.15;v17.2.7;src/pybind/mgr/dashboard/frontend/src/app/ceph/rgw/rgw-user-s3-key-modal/rgw-user-s3-key-modal.component.html;;M;M;12;16;FALSE;100644;100644;6ec8978af966a6d4d4852b4dd477a98cb7b08592;3dc7de71aae795b3f1fd272e43a281e63facbe1f;07;07-mgr-modules-monitoring;P1;runtime/source;conditional;"Triage owner 07: MGR, dashboard or monitoring path; inspect endpoint hunk before binary impact verdict.";;;;
2890;v16.2.15;v17.2.7;src/pybind/mgr/dashboard/frontend/src/app/ceph/rgw/rgw-user-subuser-modal/rgw-user-subuser-modal.component.html;;M;M;7;9;FALSE;100644;100644;4fb03f019c6c990ec950a078f33652ed7bd46cbe;e04dc4cd551323f7b440f2edabc63071e13c8c05;07;07-mgr-modules-monitoring;P1;runtime/source;conditional;"Triage owner 07: MGR, dashboard or monitoring path; inspect endpoint hunk before binary impact verdict.";;;;
2891;v16.2.15;v17.2.7;src/pybind/mgr/dashboard/frontend/src/app/ceph/rgw/rgw-user-swift-key-modal/rgw-user-swift-key-modal.component.html;;M;M;6;8;FALSE;100644;100644;00f3cf0f249dc2e6586616ad17031a00e252bc4c;ee64fc8a15c2f38f5e6271e4cacd9e4c5dde68b6;07;07-mgr-modules-monitoring;P1;runtime/source;conditional;"Triage owner 07: MGR, dashboard or monitoring path; inspect endpoint hunk before binary impact verdict.";;;;
2892;v16.2.15;v17.2.7;src/pybind/mgr/dashboard/frontend/src/app/ceph/rgw/rgw-user-tabs/rgw-user-tabs.component.html;;A;A;18;0;FALSE;000000;100644;0000000000000000000000000000000000000000;8ad1ac19309e7cb0f233758f08032de29a1328d9;07;07-mgr-modules-monitoring;P1;runtime/source;conditional;"Triage owner 07: MGR, dashboard or monitoring path; inspect endpoint hunk before binary impact verdict.";;;;
2893;v16.2.15;v17.2.7;src/pybind/mgr/dashboard/frontend/src/app/ceph/rgw/rgw-user-tabs/rgw-user-tabs.component.scss;qa/suites/upgrade/pacific-p2p/pacific-p2p-parallel/%;R;R100;0;0;FALSE;100644;100644;e69de29bb2d1d6434b8b29ae775ad8c2e48c5391;e69de29bb2d1d6434b8b29ae775ad8c2e48c5391;07;07-mgr-modules-monitoring;P1;runtime/source;conditional;"Triage owner 07: MGR, dashboard or monitoring path; inspect endpoint hunk before binary impact verdict.";"Git rename heuristic with 0/0 content change; verify logical move.";;;
2894;v16.2.15;v17.2.7;src/pybind/mgr/dashboard/frontend/src/app/ceph/rgw/rgw-user-tabs/rgw-user-tabs.component.spec.ts;;A;A;24;0;FALSE;000000;100644;0000000000000000000000000000000000000000;3b81e718dc43c8b5fbaa9ae917591b7a53ca340a;07;07-mgr-modules-monitoring;P2;generated/lock/data;reference-only;"Triage owner 07: MGR, dashboard or monitoring path; inspect endpoint hunk before binary impact verdict.";;;;
2895;v16.2.15;v17.2.7;src/pybind/mgr/dashboard/frontend/src/app/ceph/rgw/rgw-user-tabs/rgw-user-tabs.component.ts;;A;A;8;0;FALSE;000000;100644;0000000000000000000000000000000000000000;95625ca62181ec28f1dc3f313fa7aced88f02152;07;07-mgr-modules-monitoring;P2;generated/lock/data;reference-only;"Triage owner 07: MGR, dashboard or monitoring path; inspect endpoint hunk before binary impact verdict.";;;;
2896;v16.2.15;v17.2.7;src/pybind/mgr/dashboard/frontend/src/app/ceph/rgw/rgw.module.ts;;M;M;38;2;FALSE;100644;100644;4abcd69796f32d51b3babcff07b7fa90414067a8;d9fbd2b6d2e563f1e9a03dc62372bf1a11d8eb25;07;07-mgr-modules-monitoring;P2;generated/lock/data;reference-only;"Triage owner 07: MGR, dashboard or monitoring path; inspect endpoint hunk before binary impact verdict.";;;;
2897;v16.2.15;v17.2.7;src/pybind/mgr/dashboard/frontend/src/app/ceph/shared/device-list/device-list.component.html;;M;M;1;1;FALSE;100644;100644;bee1495931c99287f61f4723a8d613c90235f247;46c825419185d710308717e9d7e9816ebed825ab;07;07-mgr-modules-monitoring;P1;runtime/source;conditional;"Triage owner 07: MGR, dashboard or monitoring path; inspect endpoint hunk before binary impact verdict.";;;;
2898;v16.2.15;v17.2.7;src/pybind/mgr/dashboard/frontend/src/app/ceph/shared/feedback/feedback.component.html;;A;A;120;0;FALSE;000000;100644;0000000000000000000000000000000000000000;88ef32507a452324da969d2d4d318146fd83374c;07;07-mgr-modules-monitoring;P1;runtime/source;conditional;"Triage owner 07: MGR, dashboard or monitoring path; inspect endpoint hunk before binary impact verdict.";;;;
2899;v16.2.15;v17.2.7;src/pybind/mgr/dashboard/frontend/src/app/ceph/shared/feedback/feedback.component.scss;qa/suites/upgrade/pacific-p2p/pacific-p2p-stress-split/%;R;R100;0;0;FALSE;100644;100644;e69de29bb2d1d6434b8b29ae775ad8c2e48c5391;e69de29bb2d1d6434b8b29ae775ad8c2e48c5391;07;07-mgr-modules-monitoring;P1;runtime/source;conditional;"Triage owner 07: MGR, dashboard or monitoring path; inspect endpoint hunk before binary impact verdict.";"Git rename heuristic with 0/0 content change; verify logical move.";;;
2900;v16.2.15;v17.2.7;src/pybind/mgr/dashboard/frontend/src/app/ceph/shared/feedback/feedback.component.spec.ts;;A;A;73;0;FALSE;000000;100644;0000000000000000000000000000000000000000;2deea36a74ce31cb8b9a98c301f6dcf1f36713d9;07;07-mgr-modules-monitoring;P2;generated/lock/data;reference-only;"Triage owner 07: MGR, dashboard or monitoring path; inspect endpoint hunk before binary impact verdict.";;;;
2901;v16.2.15;v17.2.7;src/pybind/mgr/dashboard/frontend/src/app/ceph/shared/feedback/feedback.component.ts;;A;A;109;0;FALSE;000000;100644;0000000000000000000000000000000000000000;91a49a1bd45b7000bf8f2c3c273128366caa96f3;07;07-mgr-modules-monitoring;P2;generated/lock/data;reference-only;"Triage owner 07: MGR, dashboard or monitoring path; inspect endpoint hunk before binary impact verdict.";;;;
2902;v16.2.15;v17.2.7;src/pybind/mgr/dashboard/frontend/src/app/ceph/shared/smart-list/smart-list.component.html;;M;M;11;11;FALSE;100644;100644;805d7558e3df7eed48fa9b1d2e631ea513180280;909f3e7ed6deb335e377ec6da3016e2a726d7ac3;07;07-mgr-modules-monitoring;P1;runtime/source;conditional;"Triage owner 07: MGR, dashboard or monitoring path; inspect endpoint hunk before binary impact verdict.";;;;
2903;v16.2.15;v17.2.7;src/pybind/mgr/dashboard/frontend/src/app/core/auth/login-password-form/login-password-form.component.html;;M;M;10;16;FALSE;100755;100755;2dc30df52e613dfaae7a951ca3a4b446c3526af2;4974611413728fadf9c0e76429afc737055703f6;07;07-mgr-modules-monitoring;P1;runtime/source;conditional;"Triage owner 07: MGR, dashboard or monitoring path; inspect endpoint hunk before binary impact verdict.";;;;
2904;v16.2.15;v17.2.7;src/pybind/mgr/dashboard/frontend/src/app/core/auth/login/login.component.html;;M;M;9;7;FALSE;100644;100644;8565c3615c6bab9dc23ee1642c78214eeb258afe;0fafe12f8274973b7ab90bd2e0402ccfcba31407;07;07-mgr-modules-monitoring;P1;runtime/source;conditional;"Triage owner 07: MGR, dashboard or monitoring path; inspect endpoint hunk before binary impact verdict.";;;;
2905;v16.2.15;v17.2.7;src/pybind/mgr/dashboard/frontend/src/app/core/auth/login/login.component.scss;;M;M;1;1;FALSE;100644;100644;0fdc3c6ba3275c5d917bc9ae46b0f7ca142ae15a;ce8b21cbc7686bbba02f498fafe543c5cedf247b;07;07-mgr-modules-monitoring;P1;runtime/source;conditional;"Triage owner 07: MGR, dashboard or monitoring path; inspect endpoint hunk before binary impact verdict.";;;;
2906;v16.2.15;v17.2.7;src/pybind/mgr/dashboard/frontend/src/app/core/auth/user-form/user-form.component.html;;M;M;13;19;FALSE;100644;100644;df97face81a3f215f2f02669375975ef2ab6668f;ddb0e6ab8aeb6bb1f22b3eae43283a98c71ab19b;07;07-mgr-modules-monitoring;P1;runtime/source;conditional;"Triage owner 07: MGR, dashboard or monitoring path; inspect endpoint hunk before binary impact verdict.";;;;
2907;v16.2.15;v17.2.7;src/pybind/mgr/dashboard/frontend/src/app/core/auth/user-list/user-list.component.html;;M;M;24;0;FALSE;100644;100755;89ed21be83313028405b17d53ad2700805195132;5676f3fbc6f175bafc58043ec893bdbc2afd57d8;07;07-mgr-modules-monitoring;P1;runtime/source;conditional;"Triage owner 07: MGR, dashboard or monitoring path; inspect endpoint hunk before binary impact verdict.";Mode changed 100644 -> 100755.;;;
2908;v16.2.15;v17.2.7;src/pybind/mgr/dashboard/frontend/src/app/core/auth/user-list/user-list.component.scss;;M;M;16;0;FALSE;100644;100755;e69de29bb2d1d6434b8b29ae775ad8c2e48c5391;4aada4145c2974609ddb384d4948f96da33d336a;07;07-mgr-modules-monitoring;P1;runtime/source;conditional;"Triage owner 07: MGR, dashboard or monitoring path; inspect endpoint hunk before binary impact verdict.";Mode changed 100644 -> 100755.;;;
2909;v16.2.15;v17.2.7;src/pybind/mgr/dashboard/frontend/src/app/core/auth/user-list/user-list.component.spec.ts;;M;M;15;0;FALSE;100644;100644;a1b9cfd14e1b059ff98116d99a1a716099c8f4f5;01e68e6d9296d10a1bd40441fa19ddc224951bde;07;07-mgr-modules-monitoring;P2;generated/lock/data;reference-only;"Triage owner 07: MGR, dashboard or monitoring path; inspect endpoint hunk before binary impact verdict.";;;;
2910;v16.2.15;v17.2.7;src/pybind/mgr/dashboard/frontend/src/app/core/auth/user-list/user-list.component.ts;;M;M;67;5;FALSE;100644;100755;09c0d82fcc406e6e7267be5c9191002b58ec8e78;3a16fdce610d003e72e33ff0b14aa7b2dde484bc;07;07-mgr-modules-monitoring;P2;generated/lock/data;reference-only;"Triage owner 07: MGR, dashboard or monitoring path; inspect endpoint hunk before binary impact verdict.";Mode changed 100644 -> 100755.;;;
2911;v16.2.15;v17.2.7;src/pybind/mgr/dashboard/frontend/src/app/core/auth/user-password-form/user-password-form.component.html;;M;M;10;16;FALSE;100644;100644;83eb409446e0c11f6a8b8fce58cd5556f74580b7;e09907aeb85d81865799953b8aae112e217d3a58;07;07-mgr-modules-monitoring;P1;runtime/source;conditional;"Triage owner 07: MGR, dashboard or monitoring path; inspect endpoint hunk before binary impact verdict.";;;;
2912;v16.2.15;v17.2.7;src/pybind/mgr/dashboard/frontend/src/app/core/auth/user-tabs/user-tabs.component.html;;M;M;13;9;FALSE;100644;100644;3c102cf6676c0a922e5435956cab53566801679c;1ab4e1743b39d67235ffe3f7458a32a794841c0d;07;07-mgr-modules-monitoring;P1;runtime/source;conditional;"Triage owner 07: MGR, dashboard or monitoring path; inspect endpoint hunk before binary impact verdict.";;;;
2913;v16.2.15;v17.2.7;src/pybind/mgr/dashboard/frontend/src/app/core/context/context.component.html;;M;M;2;2;FALSE;100644;100644;63af29e13592891a365b9ceace0b6a2d00e76be0;f04a96b88cfdb62e188dc5616ce4419fec487858;07;07-mgr-modules-monitoring;P1;runtime/source;conditional;"Triage owner 07: MGR, dashboard or monitoring path; inspect endpoint hunk before binary impact verdict.";;;;
2914;v16.2.15;v17.2.7;src/pybind/mgr/dashboard/frontend/src/app/core/context/context.component.ts;;M;M;11;2;FALSE;100644;100644;8de611307a71fc35538b09b1eb21b695cddfa5b4;e036b754438b4c6314637c5cb3bc5afb42481fce;07;07-mgr-modules-monitoring;P2;generated/lock/data;reference-only;"Triage owner 07: MGR, dashboard or monitoring path; inspect endpoint hunk before binary impact verdict.";;;;
2915;v16.2.15;v17.2.7;src/pybind/mgr/dashboard/frontend/src/app/core/error/error.component.ts;;M;M;6;2;FALSE;100644;100644;d26bc6db43b764ee518383e4cfb866cd80814afa;650121fb3c69b761063a0ad1ddeea838d13bcb2c;07;07-mgr-modules-monitoring;P2;generated/lock/data;reference-only;"Triage owner 07: MGR, dashboard or monitoring path; inspect endpoint hunk before binary impact verdict.";;;;
2916;v16.2.15;v17.2.7;src/pybind/mgr/dashboard/frontend/src/app/core/layouts/login-layout/login-layout.component.scss;;M;M;1;1;FALSE;100644;100644;d5c9f73ec52f828d5952ba12caf40fa34417721b;aa272ffae55a785245fbe594809e12ed782a4bb5;07;07-mgr-modules-monitoring;P1;runtime/source;conditional;"Triage owner 07: MGR, dashboard or monitoring path; inspect endpoint hunk before binary impact verdict.";;;;
2917;v16.2.15;v17.2.7;src/pybind/mgr/dashboard/frontend/src/app/core/layouts/workbench-layout/workbench-layout.component.html;;M;M;2;2;FALSE;100644;100644;3979ad7a4a95e20cdcc26b3145fc7dfd7b7535bf;d8c1891fc2129f79c88885d536f395a8dc3def63;07;07-mgr-modules-monitoring;P1;runtime/source;conditional;"Triage owner 07: MGR, dashboard or monitoring path; inspect endpoint hunk before binary impact verdict.";;;;
2918;v16.2.15;v17.2.7;src/pybind/mgr/dashboard/frontend/src/app/core/layouts/workbench-layout/workbench-layout.component.ts;;M;M;1;5;FALSE;100644;100644;f2070be5fe0e9f2f2cf838d722aad48a2f47dd5b;afc7a83bb277e5d1fdf9156eec57b22062c98701;07;07-mgr-modules-monitoring;P2;generated/lock/data;reference-only;"Triage owner 07: MGR, dashboard or monitoring path; inspect endpoint hunk before binary impact verdict.";;;;
2919;v16.2.15;v17.2.7;src/pybind/mgr/dashboard/frontend/src/app/core/navigation/about/about.component.html;;M;M;1;2;FALSE;100644;100644;fdf4d95cfdd1e62cc69ddd5d19946cc68c49da24;80445be57e3673ad8682054888638616471f01db;07;07-mgr-modules-monitoring;P1;runtime/source;conditional;"Triage owner 07: MGR, dashboard or monitoring path; inspect endpoint hunk before binary impact verdict.";;;;
2920;v16.2.15;v17.2.7;src/pybind/mgr/dashboard/frontend/src/app/core/navigation/administration/administration.component.html;;M;M;2;1;FALSE;100644;100644;fa4b38d167a5928073b73e61d0aa801541720186;eda1e83be546da1f71876a97ba935f039ababacb;07;07-mgr-modules-monitoring;P1;runtime/source;conditional;"Triage owner 07: MGR, dashboard or monitoring path; inspect endpoint hunk before binary impact verdict.";;;;
2921;v16.2.15;v17.2.7;src/pybind/mgr/dashboard/frontend/src/app/core/navigation/dashboard-help/dashboard-help.component.html;;M;M;10;6;FALSE;100644;100644;274ec71df78b13619396d66bed0e186429008f4c;d7f7d137768c4dc2c0a85fa02c8a8644042f772f;07;07-mgr-modules-monitoring;P1;runtime/source;conditional;"Triage owner 07: MGR, dashboard or monitoring path; inspect endpoint hunk before binary impact verdict.";;;;
2922;v16.2.15;v17.2.7;src/pybind/mgr/dashboard/frontend/src/app/core/navigation/dashboard-help/dashboard-help.component.ts;;M;M;6;0;FALSE;100644;100644;910a613335b2ec23f7f9611e04d50c6a9bf95c38;88da15472e3e55a6cb9bb6f5d3feed9822c84dd3;07;07-mgr-modules-monitoring;P2;generated/lock/data;reference-only;"Triage owner 07: MGR, dashboard or monitoring path; inspect endpoint hunk before binary impact verdict.";;;;
2923;v16.2.15;v17.2.7;src/pybind/mgr/dashboard/frontend/src/app/core/navigation/identity/identity.component.html;;M;M;3;2;FALSE;100644;100644;bf0f22fbb4a1970bf28fcdbd2a3ca15c03f79885;61e0e0527fe637b57d59fb844f4acb4e60b0fef4;07;07-mgr-modules-monitoring;P1;runtime/source;conditional;"Triage owner 07: MGR, dashboard or monitoring path; inspect endpoint hunk before binary impact verdict.";;;;
2924;v16.2.15;v17.2.7;src/pybind/mgr/dashboard/frontend/src/app/core/navigation/navigation/navigation.component.html;;M;M;26;12;FALSE;100644;100644;bdb35a610d973036def487cee01a53bbfc5acf63;aaa369a098eaa888e997e3e5a6e702b490eb7936;07;07-mgr-modules-monitoring;P1;runtime/source;conditional;"Triage owner 07: MGR, dashboard or monitoring path; inspect endpoint hunk before binary impact verdict.";;;;
2925;v16.2.15;v17.2.7;src/pybind/mgr/dashboard/frontend/src/app/core/navigation/navigation/navigation.component.scss;;M;M;8;3;FALSE;100644;100644;f0ce4cd92def728178da00db72fbf50746a70cb5;9cc5b5d1ac1910c6ae0c3bd205072dabf6037ac2;07;07-mgr-modules-monitoring;P1;runtime/source;conditional;"Triage owner 07: MGR, dashboard or monitoring path; inspect endpoint hunk before binary impact verdict.";;;;
2926;v16.2.15;v17.2.7;src/pybind/mgr/dashboard/frontend/src/app/core/navigation/navigation/navigation.component.spec.ts;;M;M;45;18;FALSE;100644;100644;241910f2b4152294400b4504358e9e08ef538f81;64aaca65b5a4e568fc06b38fac89afef5015643c;07;07-mgr-modules-monitoring;P2;generated/lock/data;reference-only;"Triage owner 07: MGR, dashboard or monitoring path; inspect endpoint hunk before binary impact verdict.";;;;
2927;v16.2.15;v17.2.7;src/pybind/mgr/dashboard/frontend/src/app/core/navigation/navigation/navigation.component.ts;;M;M;1;1;FALSE;100644;100644;512feecef9d659e0777ecf36021a6501d927c800;a7cc40f5a8235a0648b183f866c948e5d3796929;07;07-mgr-modules-monitoring;P2;generated/lock/data;reference-only;"Triage owner 07: MGR, dashboard or monitoring path; inspect endpoint hunk before binary impact verdict.";;;;
2928;v16.2.15;v17.2.7;src/pybind/mgr/dashboard/frontend/src/app/core/navigation/notifications/notifications.component.scss;;M;M;2;2;FALSE;100644;100644;5729f7625991bcd1c43152f13717bca2076da262;8bee3d8ff4e40aac63a5e84d2f2ee525867af1e3;07;07-mgr-modules-monitoring;P1;runtime/source;conditional;"Triage owner 07: MGR, dashboard or monitoring path; inspect endpoint hunk before binary impact verdict.";;;;
2929;v16.2.15;v17.2.7;src/pybind/mgr/dashboard/frontend/src/app/shared/api/ceph-service.service.ts;;M;M;18;7;FALSE;100644;100644;c62dfea7c0155b71fcae79c5d4a424d62f4e4e8a;4c7e4cab370f7a5e9f163bf9cbc5a81888044722;07;07-mgr-modules-monitoring;P2;generated/lock/data;reference-only;"Triage owner 07: MGR, dashboard or monitoring path; inspect endpoint hunk before binary impact verdict.";;;;
2930;v16.2.15;v17.2.7;src/pybind/mgr/dashboard/frontend/src/app/shared/api/ceph-user.service.ts;;A;A;13;0;FALSE;000000;100644;0000000000000000000000000000000000000000;c41c70dc70c60abd6045b5cf8779ca28d0b31564;07;07-mgr-modules-monitoring;P2;generated/lock/data;reference-only;"Triage owner 07: MGR, dashboard or monitoring path; inspect endpoint hunk before binary impact verdict.";;;;
2931;v16.2.15;v17.2.7;src/pybind/mgr/dashboard/frontend/src/app/shared/api/feedback.service.spec.ts;;A;A;47;0;FALSE;000000;100644;0000000000000000000000000000000000000000;ee0becd10ed72df13a2aeaec1a1c25ff17cf767e;07;07-mgr-modules-monitoring;P2;generated/lock/data;reference-only;"Triage owner 07: MGR, dashboard or monitoring path; inspect endpoint hunk before binary impact verdict.";;;;
2932;v16.2.15;v17.2.7;src/pybind/mgr/dashboard/frontend/src/app/shared/api/feedback.service.ts;;A;A;38;0;FALSE;000000;100644;0000000000000000000000000000000000000000;c450bbe076f0cb32f2a294efb39741519436fc98;07;07-mgr-modules-monitoring;P2;generated/lock/data;reference-only;"Triage owner 07: MGR, dashboard or monitoring path; inspect endpoint hunk before binary impact verdict.";;;;
2933;v16.2.15;v17.2.7;src/pybind/mgr/dashboard/frontend/src/app/shared/api/health.service.ts;;M;M;12;0;FALSE;100644;100644;a8f7c467a0ca742c5e11911e2fc9e479f2af7caf;42634a1481cf2fb596630e4508231df85ebe8915;07;07-mgr-modules-monitoring;P2;generated/lock/data;reference-only;"Triage owner 07: MGR, dashboard or monitoring path; inspect endpoint hunk before binary impact verdict.";;;;
2934;v16.2.15;v17.2.7;src/pybind/mgr/dashboard/frontend/src/app/shared/api/host.service.spec.ts;;M;M;8;5;FALSE;100644;100644;e4b6476f2c08b49379d9db292542fba40b680e98;52ce44e30ae53ec5dcbd4d5cfb0ea61f24a1c6bf;07;07-mgr-modules-monitoring;P2;generated/lock/data;reference-only;"Triage owner 07: MGR, dashboard or monitoring path; inspect endpoint hunk before binary impact verdict.";;;;
2935;v16.2.15;v17.2.7;src/pybind/mgr/dashboard/frontend/src/app/shared/api/host.service.ts;;M;M;16;5;FALSE;100644;100644;d13f415275aa32f76ce858f6dc9d1d04e5ffb8b1;3bb569575836e4aec8d3f41b5fd7bf3ee3d3e824;07;07-mgr-modules-monitoring;P2;generated/lock/data;reference-only;"Triage owner 07: MGR, dashboard or monitoring path; inspect endpoint hunk before binary impact verdict.";;;;
2936;v16.2.15;v17.2.7;src/pybind/mgr/dashboard/frontend/src/app/shared/api/orchestrator.service.ts;;M;M;4;0;FALSE;100644;100644;a6e33e8342acbec2b249d0ec518f2f6143078089;a036b3943d2a2d016be8b3af4be3a5ab0144d105;07;07-mgr-modules-monitoring;P2;generated/lock/data;reference-only;"Triage owner 07: MGR, dashboard or monitoring path; inspect endpoint hunk before binary impact verdict.";;;;
2937;v16.2.15;v17.2.7;src/pybind/mgr/dashboard/frontend/src/app/shared/api/paginate.model.ts;;A;A;16;0;FALSE;000000;100644;0000000000000000000000000000000000000000;703792a75718198ad0ad84cd83a02aa89f1db33e;07;07-mgr-modules-monitoring;P2;generated/lock/data;reference-only;"Triage owner 07: MGR, dashboard or monitoring path; inspect endpoint hunk before binary impact verdict.";;;;
2938;v16.2.15;v17.2.7;src/pybind/mgr/dashboard/frontend/src/app/shared/api/prometheus.service.spec.ts;;M;M;2;2;FALSE;100644;100644;c42f6e7ac1273b13e33fbcb407f6fd27254aac0e;65fc174b92e347079c7f422f68fc73ddee4db237;07;07-mgr-modules-monitoring;P2;generated/lock/data;reference-only;"Triage owner 07: MGR, dashboard or monitoring path; inspect endpoint hunk before binary impact verdict.";;;;
2939;v16.2.15;v17.2.7;src/pybind/mgr/dashboard/frontend/src/app/shared/api/prometheus.service.ts;;M;M;44;8;FALSE;100644;100644;58191721953d57441f189218d94246f2aceff762;340f89ca38f8ff9f9d7d5d83ac5de8f18ce8f4a5;07;07-mgr-modules-monitoring;P2;generated/lock/data;reference-only;"Triage owner 07: MGR, dashboard or monitoring path; inspect endpoint hunk before binary impact verdict.";;;;
2940;v16.2.15;v17.2.7;src/pybind/mgr/dashboard/frontend/src/app/shared/api/rbd-mirroring.service.ts;;M;M;4;0;FALSE;100644;100644;4958382e27982a1a1f06aeaafbbe6a1775e28e78;9dc574e4875d44d13d5aeadf5f314fe2d8fa3fdf;07;07-mgr-modules-monitoring;P2;generated/lock/data;reference-only;"Triage owner 07: MGR, dashboard or monitoring path; inspect endpoint hunk before binary impact verdict.";;;;
2941;v16.2.15;v17.2.7;src/pybind/mgr/dashboard/frontend/src/app/shared/api/rgw-bucket.service.spec.ts;;M;M;28;4;FALSE;100644;100644;b22b67e349123c244dc7ad0f24c2f7c8c9fe4001;2c42d8b427c0d0f531ecfb430e75376f88e0a551;07;07-mgr-modules-monitoring;P2;generated/lock/data;reference-only;"Triage owner 07: MGR, dashboard or monitoring path; inspect endpoint hunk before binary impact verdict.";;;;
2942;v16.2.15;v17.2.7;src/pybind/mgr/dashboard/frontend/src/app/shared/api/rgw-bucket.service.ts;;M;M;74;9;FALSE;100644;100644;fc88bfa7181649658c4c04005d7dd12ef750f7a7;315c8b7560f1718f24091cc08e15b7bd86ec7bb7;07;07-mgr-modules-monitoring;P2;generated/lock/data;reference-only;"Triage owner 07: MGR, dashboard or monitoring path; inspect endpoint hunk before binary impact verdict.";;;;
2943;v16.2.15;v17.2.7;src/pybind/mgr/dashboard/frontend/src/app/shared/components/cd-label/color-class-from-text.pipe.ts;;M;M;1;1;FALSE;100644;100644;628d7431966b119469b865a5c293aa4599a823e8;fcbf2f9a458452b8b2a1518e8eb4bd06d62b6e3d;07;07-mgr-modules-monitoring;P2;generated/lock/data;reference-only;"Triage owner 07: MGR, dashboard or monitoring path; inspect endpoint hunk before binary impact verdict.";;;;
2944;v16.2.15;v17.2.7;src/pybind/mgr/dashboard/frontend/src/app/shared/components/config-option/config-option.component.html;;M;M;10;12;FALSE;100644;100644;0b0f87957a93ef4025c56ecf48842817aab38400;9c88b5b713538b4ec315bd7a5762403fda1a58c1;07;07-mgr-modules-monitoring;P1;runtime/source;conditional;"Triage owner 07: MGR, dashboard or monitoring path; inspect endpoint hunk before binary impact verdict.";;;;
2945;v16.2.15;v17.2.7;src/pybind/mgr/dashboard/frontend/src/app/shared/components/confirmation-modal/confirmation-modal.component.html;;M;M;1;0;FALSE;100644;100644;294d43f775b21c1b184294323901bf0e309b13ea;1c80dc4dd4d6dab2d60a9d5240229d5b36eb4238;07;07-mgr-modules-monitoring;P1;runtime/source;conditional;"Triage owner 07: MGR, dashboard or monitoring path; inspect endpoint hunk before binary impact verdict.";;;;
2946;v16.2.15;v17.2.7;src/pybind/mgr/dashboard/frontend/src/app/shared/components/confirmation-modal/confirmation-modal.component.ts;;M;M;1;0;FALSE;100644;100644;fe56249816a01fb794725badaf8612f026fb3876;b98cea93846f6f01c65082448ee1c66bf13ec8a1;07;07-mgr-modules-monitoring;P2;generated/lock/data;reference-only;"Triage owner 07: MGR, dashboard or monitoring path; inspect endpoint hunk before binary impact verdict.";;;;
2947;v16.2.15;v17.2.7;src/pybind/mgr/dashboard/frontend/src/app/shared/components/form-button-panel/form-button-panel.component.html;;M;M;2;1;FALSE;100644;100644;476ed96096c122f717a1bc6289c61c57ce3d031d;944541f2e9229795dcb126e3314ff7b7a4491be0;07;07-mgr-modules-monitoring;P1;runtime/source;conditional;"Triage owner 07: MGR, dashboard or monitoring path; inspect endpoint hunk before binary impact verdict.";;;;
2948;v16.2.15;v17.2.7;src/pybind/mgr/dashboard/frontend/src/app/shared/components/form-button-panel/form-button-panel.component.ts;;M;M;2;0;FALSE;100644;100644;0d48f63c05b65e4bc4bec4886b80dd9fee4a262e;fa0483b182d8c60caf8c8c74f08219b1eaeee3f5;07;07-mgr-modules-monitoring;P2;generated/lock/data;reference-only;"Triage owner 07: MGR, dashboard or monitoring path; inspect endpoint hunk before binary impact verdict.";;;;
2949;v16.2.15;v17.2.7;src/pybind/mgr/dashboard/frontend/src/app/shared/components/form-modal/form-modal.component.html;;M;M;1;1;FALSE;100755;100755;47fca49c7e8ade7e0a57656005b83a93448619f4;d24e06ee1a56521d4327cf700633e9eeeb852d3f;07;07-mgr-modules-monitoring;P1;runtime/source;conditional;"Triage owner 07: MGR, dashboard or monitoring path; inspect endpoint hunk before binary impact verdict.";;;;
2950;v16.2.15;v17.2.7;src/pybind/mgr/dashboard/frontend/src/app/shared/components/grafana/grafana.component.html;;M;M;17;11;FALSE;100644;100644;8ad98b27f47e7bf11b0e394503dfd7ddf7109efc;8d687775df0ee755bf45bb87e1cd21fb283825bd;07;07-mgr-modules-monitoring;P1;runtime/source;conditional;"Triage owner 07: MGR, dashboard or monitoring path; inspect endpoint hunk before binary impact verdict.";;;;
2951;v16.2.15;v17.2.7;src/pybind/mgr/dashboard/frontend/src/app/shared/components/grafana/grafana.component.spec.ts;;M;M;24;0;FALSE;100644;100644;63733fd759cccd79423ee02fe9b097cf14787947;07fd97965cedb7dd23625f28e9c2b826a4898fb4;07;07-mgr-modules-monitoring;P2;generated/lock/data;reference-only;"Triage owner 07: MGR, dashboard or monitoring path; inspect endpoint hunk before binary impact verdict.";;;;
2952;v16.2.15;v17.2.7;src/pybind/mgr/dashboard/frontend/src/app/shared/components/grafana/grafana.component.ts;;M;M;14;11;FALSE;100644;100644;2815160abde2c9663a66d15401aded8cc7115b7b;d82d414ae955cb07170accf364ae16edb459bdad;07;07-mgr-modules-monitoring;P2;generated/lock/data;reference-only;"Triage owner 07: MGR, dashboard or monitoring path; inspect endpoint hunk before binary impact verdict.";;;;
2953;v16.2.15;v17.2.7;src/pybind/mgr/dashboard/frontend/src/app/shared/components/helper/helper.component.html;;M;M;1;1;FALSE;100644;100644;f7bc12b5be8b24c478779ac3e1cc6a37351f25a1;20ab7c80a67ed09c539d29a53992254387899cad;07;07-mgr-modules-monitoring;P1;runtime/source;conditional;"Triage owner 07: MGR, dashboard or monitoring path; inspect endpoint hunk before binary impact verdict.";;;;
2954;v16.2.15;v17.2.7;src/pybind/mgr/dashboard/frontend/src/app/shared/components/helper/helper.component.ts;;M;M;3;0;FALSE;100644;100644;0028945ba6ca0fbbc958d008ce413212b3b8e8e3;84d1639b16f0dfbe4637ffa551b649f02ee08662;07;07-mgr-modules-monitoring;P2;generated/lock/data;reference-only;"Triage owner 07: MGR, dashboard or monitoring path; inspect endpoint hunk before binary impact verdict.";;;;
2955;v16.2.15;v17.2.7;src/pybind/mgr/dashboard/frontend/src/app/shared/components/language-selector/language-selector.component.html;;M;M;7;2;FALSE;100644;100644;2ecbbd7cce6df14bd1aa1b16d11d1aa5a9b278f7;be98eaa6f949a05a0c426ae83c6c2a6746667174;07;07-mgr-modules-monitoring;P1;runtime/source;conditional;"Triage owner 07: MGR, dashboard or monitoring path; inspect endpoint hunk before binary impact verdict.";;;;
2956;v16.2.15;v17.2.7;src/pybind/mgr/dashboard/frontend/src/app/shared/components/loading-panel/loading-panel.component.html;;M;M;1;1;FALSE;100644;100644;35726cfbd9986aa123c26dc52964139f953e8735;c2a1b8842b59a4960ecb3de19b00611646172023;07;07-mgr-modules-monitoring;P1;runtime/source;conditional;"Triage owner 07: MGR, dashboard or monitoring path; inspect endpoint hunk before binary impact verdict.";;;;
2957;v16.2.15;v17.2.7;src/pybind/mgr/dashboard/frontend/src/app/shared/components/modal/modal.component.html;;M;M;2;3;FALSE;100644;100644;657e0d6053f89fbc5b2bf94dccb26a0746b4cb4d;f9a328666d54eab907e2f83cc52e8b7638f05352;07;07-mgr-modules-monitoring;P1;runtime/source;conditional;"Triage owner 07: MGR, dashboard or monitoring path; inspect endpoint hunk before binary impact verdict.";;;;
2958;v16.2.15;v17.2.7;src/pybind/mgr/dashboard/frontend/src/app/shared/components/notifications-sidebar/notifications-sidebar.component.html;;M;M;21;8;FALSE;100644;100644;bba23747b01d4be0aeceebd3f300887f4e0bd8a9;6cf373bcdc0abc15eca3388e45fa4a541b095f95;07;07-mgr-modules-monitoring;P1;runtime/source;conditional;"Triage owner 07: MGR, dashboard or monitoring path; inspect endpoint hunk before binary impact verdict.";;;;
2959;v16.2.15;v17.2.7;src/pybind/mgr/dashboard/frontend/src/app/shared/components/notifications-sidebar/notifications-sidebar.component.scss;;M;M;0;4;FALSE;100644;100644;baa64fa1fcd9ec2894130a2a8137d891a8a3d46e;f307edd4be6706cd27ec33a86fb6028dc89bb4ba;07;07-mgr-modules-monitoring;P1;runtime/source;conditional;"Triage owner 07: MGR, dashboard or monitoring path; inspect endpoint hunk before binary impact verdict.";;;;
2960;v16.2.15;v17.2.7;src/pybind/mgr/dashboard/frontend/src/app/shared/components/notifications-sidebar/notifications-sidebar.component.spec.ts;;M;M;27;13;FALSE;100644;100644;596f3c358bf4d8b9f44de077ef225364645068f1;f3fe9cea3cff41040f772b761ea409f14c7a35e7;07;07-mgr-modules-monitoring;P2;generated/lock/data;reference-only;"Triage owner 07: MGR, dashboard or monitoring path; inspect endpoint hunk before binary impact verdict.";;;;
2961;v16.2.15;v17.2.7;src/pybind/mgr/dashboard/frontend/src/app/shared/components/notifications-sidebar/notifications-sidebar.component.ts;;M;M;61;0;FALSE;100644;100644;8c5caf7ff6bd69c8eb0e51ff573dc95bed139b28;39369ffd5bebc5005efa52f786f0a43e1fa81efb;07;07-mgr-modules-monitoring;P2;generated/lock/data;reference-only;"Triage owner 07: MGR, dashboard or monitoring path; inspect endpoint hunk before binary impact verdict.";;;;
2962;v16.2.15;v17.2.7;src/pybind/mgr/dashboard/frontend/src/app/shared/components/refresh-selector/refresh-selector.component.html;;M;M;6;6;FALSE;100644;100644;d33fc9af806bad6ecfc09acee83a2f3a33e9ed0a;08f00e2a16f7ecd55a3ab9ebd6faa78dd6d92cee;07;07-mgr-modules-monitoring;P1;runtime/source;conditional;"Triage owner 07: MGR, dashboard or monitoring path; inspect endpoint hunk before binary impact verdict.";;;;
2963;v16.2.15;v17.2.7;src/pybind/mgr/dashboard/frontend/src/app/shared/components/select-badges/select-badges.component.html;;M;M;3;3;FALSE;100644;100644;0f23aee87aa3fc7680fbbc3992e8f6f7d6a724ec;5351000836f7d16f10fe1787a23ecd3440ae2d3e;07;07-mgr-modules-monitoring;P1;runtime/source;conditional;"Triage owner 07: MGR, dashboard or monitoring path; inspect endpoint hunk before binary impact verdict.";;;;
2964;v16.2.15;v17.2.7;src/pybind/mgr/dashboard/frontend/src/app/shared/components/select/select.component.html;;M;M;4;4;FALSE;100644;100644;1533b94395eb457a3c112e1335642487585d1202;7d39e6f2d608ab855e02ad530871eb868fc35b06;07;07-mgr-modules-monitoring;P1;runtime/source;conditional;"Triage owner 07: MGR, dashboard or monitoring path; inspect endpoint hunk before binary impact verdict.";;;;
2965;v16.2.15;v17.2.7;src/pybind/mgr/dashboard/frontend/src/app/shared/components/submit-button/submit-button.component.ts;;M;M;2;2;FALSE;100644;100644;3309f47ed18e6c2a02c4df07e786e10d5c368580;595fb667b764b7985b858c08ad52fa27621b2cdb;07;07-mgr-modules-monitoring;P2;generated/lock/data;reference-only;"Triage owner 07: MGR, dashboard or monitoring path; inspect endpoint hunk before binary impact verdict.";;;;
2966;v16.2.15;v17.2.7;src/pybind/mgr/dashboard/frontend/src/app/shared/components/telemetry-notification/telemetry-notification.component.scss;;M;M;6;0;FALSE;100644;100644;cf8aa33d3bae4112a0515daa2e349b37f764a7b8;1e1606724ca4cf08192af846711a5a1f0a9b4bc4;07;07-mgr-modules-monitoring;P1;runtime/source;conditional;"Triage owner 07: MGR, dashboard or monitoring path; inspect endpoint hunk before binary impact verdict.";;;;
2967;v16.2.15;v17.2.7;src/pybind/mgr/dashboard/frontend/src/app/shared/components/usage-bar/usage-bar.component.html;;M;M;4;0;FALSE;100644;100644;0602a4e59c8220a34efd6be3e43b08340d03d7b2;7068744e9f02882f04fa79c36a8d13371d58ad54;07;07-mgr-modules-monitoring;P1;runtime/source;conditional;"Triage owner 07: MGR, dashboard or monitoring path; inspect endpoint hunk before binary impact verdict.";;;;
2968;v16.2.15;v17.2.7;src/pybind/mgr/dashboard/frontend/src/app/shared/components/usage-bar/usage-bar.component.ts;;M;M;2;0;FALSE;100644;100644;203f2c9e05d962b5fe7d8243ac24bc35e9d68f8f;4877e891e1f124d015b47430e7eff0226c8f13a7;07;07-mgr-modules-monitoring;P2;generated/lock/data;reference-only;"Triage owner 07: MGR, dashboard or monitoring path; inspect endpoint hunk before binary impact verdict.";;;;
2969;v16.2.15;v17.2.7;src/pybind/mgr/dashboard/frontend/src/app/shared/datatable/crud-table/crud-table.component.html;;A;A;76;0;FALSE;000000;100644;0000000000000000000000000000000000000000;7e1a7f2b341862dc90dc90db80daabefb042a6a2;07;07-mgr-modules-monitoring;P1;runtime/source;conditional;"Triage owner 07: MGR, dashboard or monitoring path; inspect endpoint hunk before binary impact verdict.";;;;
2970;v16.2.15;v17.2.7;src/pybind/mgr/dashboard/frontend/src/app/shared/datatable/crud-table/crud-table.component.scss;;A;A;3;0;FALSE;000000;100644;0000000000000000000000000000000000000000;b9eb698d02541f82ae822d5207de7648482a2806;07;07-mgr-modules-monitoring;P1;runtime/source;conditional;"Triage owner 07: MGR, dashboard or monitoring path; inspect endpoint hunk before binary impact verdict.";;;;
2971;v16.2.15;v17.2.7;src/pybind/mgr/dashboard/frontend/src/app/shared/datatable/crud-table/crud-table.component.spec.ts;;A;A;47;0;FALSE;000000;100644;0000000000000000000000000000000000000000;678bec079c46eb85493fbf82386ed529d579a970;07;07-mgr-modules-monitoring;P2;generated/lock/data;reference-only;"Triage owner 07: MGR, dashboard or monitoring path; inspect endpoint hunk before binary impact verdict.";;;;
2972;v16.2.15;v17.2.7;src/pybind/mgr/dashboard/frontend/src/app/shared/datatable/crud-table/crud-table.component.ts;;A;A;177;0;FALSE;000000;100644;0000000000000000000000000000000000000000;750152161c246e0a4d88b6c8d824d83bdaa14fa2;07;07-mgr-modules-monitoring;P2;generated/lock/data;reference-only;"Triage owner 07: MGR, dashboard or monitoring path; inspect endpoint hunk before binary impact verdict.";;;;
2973;v16.2.15;v17.2.7;src/pybind/mgr/dashboard/frontend/src/app/shared/datatable/datatable.module.ts;;M;M;65;4;FALSE;100644;100644;ede8f2368b70f2405fc4ed9c40eef6a71d1025c3;5c74a5aa8e866d476948db37bacec505908aa77d;07;07-mgr-modules-monitoring;P2;generated/lock/data;reference-only;"Triage owner 07: MGR, dashboard or monitoring path; inspect endpoint hunk before binary impact verdict.";;;;
2974;v16.2.15;v17.2.7;src/pybind/mgr/dashboard/frontend/src/app/shared/datatable/table-actions/table-actions.component.html;;M;M;4;2;FALSE;100644;100644;905aaa96b69be5721fad0edc874f2ce4ab198bbb;ef2a4481dbe25dd9d63dad89e2356022960634a0;07;07-mgr-modules-monitoring;P1;runtime/source;conditional;"Triage owner 07: MGR, dashboard or monitoring path; inspect endpoint hunk before binary impact verdict.";;;;
2975;v16.2.15;v17.2.7;src/pybind/mgr/dashboard/frontend/src/app/shared/datatable/table-actions/table-actions.component.scss;;M;M;11;0;FALSE;100644;100644;f996de72794e9d4cfdee4ad819e16eb4cc8762c8;084b466150a617a1771456b127665c7b0fc7190a;07;07-mgr-modules-monitoring;P1;runtime/source;conditional;"Triage owner 07: MGR, dashboard or monitoring path; inspect endpoint hunk before binary impact verdict.";;;;
2976;v16.2.15;v17.2.7;src/pybind/mgr/dashboard/frontend/src/app/shared/datatable/table-key-value/table-key-value.component.html;;M;M;14;12;FALSE;100644;100644;2e2dda4e94148e2b70267d2231d95bced940e671;b022f1551e88ff66ff82d63b4021e7a60552494b;07;07-mgr-modules-monitoring;P1;runtime/source;conditional;"Triage owner 07: MGR, dashboard or monitoring path; inspect endpoint hunk before binary impact verdict.";;;;
2977;v16.2.15;v17.2.7;src/pybind/mgr/dashboard/frontend/src/app/shared/datatable/table-key-value/table-key-value.component.scss;;M;M;5;0;FALSE;100644;100644;e69de29bb2d1d6434b8b29ae775ad8c2e48c5391;f8d8745d44df8881ab5866295246597cf36f213e;07;07-mgr-modules-monitoring;P1;runtime/source;conditional;"Triage owner 07: MGR, dashboard or monitoring path; inspect endpoint hunk before binary impact verdict.";;;;
2978;v16.2.15;v17.2.7;src/pybind/mgr/dashboard/frontend/src/app/shared/datatable/table-key-value/table-key-value.component.spec.ts;;M;M;2;1;FALSE;100644;100644;150d44241051e23a09a0216ebd59a7205dca495a;af493513eec099b6f49e3e440cecd93b8fff8354;07;07-mgr-modules-monitoring;P2;generated/lock/data;reference-only;"Triage owner 07: MGR, dashboard or monitoring path; inspect endpoint hunk before binary impact verdict.";;;;
2979;v16.2.15;v17.2.7;src/pybind/mgr/dashboard/frontend/src/app/shared/datatable/table-pagination/table-pagination.component.html;;A;A;58;0;FALSE;000000;100644;0000000000000000000000000000000000000000;7582c76a504d6f846be7fdb10d424f8b43086953;07;07-mgr-modules-monitoring;P1;runtime/source;conditional;"Triage owner 07: MGR, dashboard or monitoring path; inspect endpoint hunk before binary impact verdict.";;;;
2980;v16.2.15;v17.2.7;src/pybind/mgr/dashboard/frontend/src/app/shared/datatable/table-pagination/table-pagination.component.scss;;A;A;21;0;FALSE;000000;100644;0000000000000000000000000000000000000000;4455ded18d08647436403eb3e1a22c186ff400e7;07;07-mgr-modules-monitoring;P1;runtime/source;conditional;"Triage owner 07: MGR, dashboard or monitoring path; inspect endpoint hunk before binary impact verdict.";;;;
2981;v16.2.15;v17.2.7;src/pybind/mgr/dashboard/frontend/src/app/shared/datatable/table-pagination/table-pagination.component.spec.ts;;A;A;54;0;FALSE;000000;100644;0000000000000000000000000000000000000000;b220b59e6333720b4c5a70504ce06fbb978d6e27;07;07-mgr-modules-monitoring;P2;generated/lock/data;reference-only;"Triage owner 07: MGR, dashboard or monitoring path; inspect endpoint hunk before binary impact verdict.";;;;
2982;v16.2.15;v17.2.7;src/pybind/mgr/dashboard/frontend/src/app/shared/datatable/table-pagination/table-pagination.component.ts;;A;A;110;0;FALSE;000000;100644;0000000000000000000000000000000000000000;5080f05c4d1e4aa3f89243c3d041a4e77e12bd95;07;07-mgr-modules-monitoring;P2;generated/lock/data;reference-only;"Triage owner 07: MGR, dashboard or monitoring path; inspect endpoint hunk before binary impact verdict.";;;;
2983;v16.2.15;v17.2.7;src/pybind/mgr/dashboard/frontend/src/app/shared/datatable/table/table.component.html;;M;M;48;32;FALSE;100644;100644;6212c95c8a02cdc295cdc6143d8a9cb58fdd6c34;0eac512ef3fe3374559e2988894942eff2d77476;07;07-mgr-modules-monitoring;P1;runtime/source;conditional;"Triage owner 07: MGR, dashboard or monitoring path; inspect endpoint hunk before binary impact verdict.";;;;
2984;v16.2.15;v17.2.7;src/pybind/mgr/dashboard/frontend/src/app/shared/datatable/table/table.component.scss;;M;M;5;1;FALSE;100644;100644;57b8e48de9cd6de1def089c19786806b4efbb257;8775b182ae7fc11ad83f482f9dc5395d791d838e;07;07-mgr-modules-monitoring;P1;runtime/source;conditional;"Triage owner 07: MGR, dashboard or monitoring path; inspect endpoint hunk before binary impact verdict.";;;;
2985;v16.2.15;v17.2.7;src/pybind/mgr/dashboard/frontend/src/app/shared/datatable/table/table.component.spec.ts;;M;M;2;1;FALSE;100644;100644;98ed0bf63a164652309f770e289fc3e22344a2f1;53c246d6e0bc66a42843d6cfabda3da323ad3f6a;07;07-mgr-modules-monitoring;P2;generated/lock/data;reference-only;"Triage owner 07: MGR, dashboard or monitoring path; inspect endpoint hunk before binary impact verdict.";;;;
2986;v16.2.15;v17.2.7;src/pybind/mgr/dashboard/frontend/src/app/shared/datatable/table/table.component.ts;;M;M;13;7;FALSE;100644;100644;873b0de0bdd622c33d48724c33f85fa233b6eae1;3fc62a9d673857f68f506f1ee5635a279ddafbbc;07;07-mgr-modules-monitoring;P2;generated/lock/data;reference-only;"Triage owner 07: MGR, dashboard or monitoring path; inspect endpoint hunk before binary impact verdict.";;;;
2987;v16.2.15;v17.2.7;src/pybind/mgr/dashboard/frontend/src/app/shared/directives/auth-storage.directive.spec.ts;;A;A;104;0;FALSE;000000;100644;0000000000000000000000000000000000000000;c6c0adbbeac8ad80c60c110fa701408d94daea8d;07;07-mgr-modules-monitoring;P2;generated/lock/data;reference-only;"Triage owner 07: MGR, dashboard or monitoring path; inspect endpoint hunk before binary impact verdict.";;;;
2988;v16.2.15;v17.2.7;src/pybind/mgr/dashboard/frontend/src/app/shared/directives/auth-storage.directive.ts;;A;A;48;0;FALSE;000000;100644;0000000000000000000000000000000000000000;e37cf4d5eee3e4a36507826fd42f5271743fdaef;07;07-mgr-modules-monitoring;P2;generated/lock/data;reference-only;"Triage owner 07: MGR, dashboard or monitoring path; inspect endpoint hunk before binary impact verdict.";;;;
2989;v16.2.15;v17.2.7;src/pybind/mgr/dashboard/frontend/src/app/shared/directives/autofocus.directive.ts;;M;M;1;1;FALSE;100644;100644;dc34b9f3c30bc21288826fb7c8b8491ee2f8a7d4;69955981aaf751786ec99db28a71419337ee7856;07;07-mgr-modules-monitoring;P2;generated/lock/data;reference-only;"Triage owner 07: MGR, dashboard or monitoring path; inspect endpoint hunk before binary impact verdict.";;;;
2990;v16.2.15;v17.2.7;src/pybind/mgr/dashboard/frontend/src/app/shared/directives/directives.module.ts;;M;M;5;2;FALSE;100644;100644;00e5635d36b59be7057801748711b80141e6e181;4d6f80fd7456a7f4287a1c5be4588869928f18f2;07;07-mgr-modules-monitoring;P2;generated/lock/data;reference-only;"Triage owner 07: MGR, dashboard or monitoring path; inspect endpoint hunk before binary impact verdict.";;;;
2991;v16.2.15;v17.2.7;src/pybind/mgr/dashboard/frontend/src/app/shared/directives/form-loading.directive.spec.ts;;M;M;1;1;FALSE;100644;100644;8bc3b05a2919e0ec6ed2195c43c1654e2f9b4446;cc7782da7552173ffb6e15c857012360f5a80a83;07;07-mgr-modules-monitoring;P2;generated/lock/data;reference-only;"Triage owner 07: MGR, dashboard or monitoring path; inspect endpoint hunk before binary impact verdict.";;;;
2992;v16.2.15;v17.2.7;src/pybind/mgr/dashboard/frontend/src/app/shared/directives/form-loading.directive.ts;;M;M;7;18;FALSE;100644;100644;e83614b84a5553f5e1431665e28ec4545d536f9f;bf18a51e94e9a04b0afbabd933c97cbbf355d8dc;07;07-mgr-modules-monitoring;P2;generated/lock/data;reference-only;"Triage owner 07: MGR, dashboard or monitoring path; inspect endpoint hunk before binary impact verdict.";;;;
2993;v16.2.15;v17.2.7;src/pybind/mgr/dashboard/frontend/src/app/shared/directives/ng-bootstrap-form-validation/cd-form-control.directive.ts;;M;M;1;1;FALSE;100644;100644;86afc72a562d0af2eef642f4eb89b828afb947a7;c88afa69a58e02c1529cd5f71c0a6319c8fdba24;07;07-mgr-modules-monitoring;P2;generated/lock/data;reference-only;"Triage owner 07: MGR, dashboard or monitoring path; inspect endpoint hunk before binary impact verdict.";;;;
2994;v16.2.15;v17.2.7;src/pybind/mgr/dashboard/frontend/src/app/shared/directives/ng-bootstrap-form-validation/cd-form-group.directive.ts;;M;M;1;1;FALSE;100644;100644;5f6b11de11cd4536a70e275d72e9ea915d086558;adac343d06b8e8af563fa0e0af7c357f3a275090;07;07-mgr-modules-monitoring;P2;generated/lock/data;reference-only;"Triage owner 07: MGR, dashboard or monitoring path; inspect endpoint hunk before binary impact verdict.";;;;
2995;v16.2.15;v17.2.7;src/pybind/mgr/dashboard/frontend/src/app/shared/directives/ng-bootstrap-form-validation/cd-form-validation.directive.ts;;M;M;1;1;FALSE;100644;100644;a88011d356646f72d810fb8271a2835da9f939e5;4cb4f4dfef799f18c688a633450f6e0f1962162f;07;07-mgr-modules-monitoring;P2;generated/lock/data;reference-only;"Triage owner 07: MGR, dashboard or monitoring path; inspect endpoint hunk before binary impact verdict.";;;;
2996;v16.2.15;v17.2.7;src/pybind/mgr/dashboard/frontend/src/app/shared/enum/cell-template.enum.ts;;M;M;6;1;FALSE;100644;100644;73ce1f23919f78f7a0a0f65dbe1dcad3a5c3ca38;066cc9930adce977811161e45d708f33c84bad14;07;07-mgr-modules-monitoring;P2;generated/lock/data;reference-only;"Triage owner 07: MGR, dashboard or monitoring path; inspect endpoint hunk before binary impact verdict.";;;;
2997;v16.2.15;v17.2.7;src/pybind/mgr/dashboard/frontend/src/app/shared/enum/dashboard-promqls.enum.ts;;A;A;10;0;FALSE;000000;100644;0000000000000000000000000000000000000000;7afd069978d6a36ab75541ba040020a393ed7063;07;07-mgr-modules-monitoring;P2;generated/lock/data;reference-only;"Triage owner 07: MGR, dashboard or monitoring path; inspect endpoint hunk before binary impact verdict.";;;;
2998;v16.2.15;v17.2.7;src/pybind/mgr/dashboard/frontend/src/app/shared/enum/health-icon.enum.ts;;A;A;5;0;FALSE;000000;100644;0000000000000000000000000000000000000000;7330a250bde6017975ec5da2d31a898b09fa29b3;07;07-mgr-modules-monitoring;P2;generated/lock/data;reference-only;"Triage owner 07: MGR, dashboard or monitoring path; inspect endpoint hunk before binary impact verdict.";;;;
2999;v16.2.15;v17.2.7;src/pybind/mgr/dashboard/frontend/src/app/shared/enum/health-label.enum.ts;;A;A;5;0;FALSE;000000;100644;0000000000000000000000000000000000000000;e2e1c0b62d15952ba7b58933e3210bb9f70fbb6b;07;07-mgr-modules-monitoring;P2;generated/lock/data;reference-only;"Triage owner 07: MGR, dashboard or monitoring path; inspect endpoint hunk before binary impact verdict.";;;;
3000;v16.2.15;v17.2.7;src/pybind/mgr/dashboard/frontend/src/app/shared/enum/icons.enum.ts;;M;M;4;0;FALSE;100644;100644;6b65f04e8cb2f47af1489ba22dc7d5177fa4d966;dfeecc52c088abcb6d333fb108b4a64d93045ff5;07;07-mgr-modules-monitoring;P2;generated/lock/data;reference-only;"Triage owner 07: MGR, dashboard or monitoring path; inspect endpoint hunk before binary impact verdict.";;;;
3001;v16.2.15;v17.2.7;src/pybind/mgr/dashboard/frontend/src/app/shared/forms/crud-form/crud-form.component.html;;A;A;25;0;FALSE;000000;100644;0000000000000000000000000000000000000000;002acb51e77b25b3dc1f16385a4625c75e023699;07;07-mgr-modules-monitoring;P1;runtime/source;conditional;"Triage owner 07: MGR, dashboard or monitoring path; inspect endpoint hunk before binary impact verdict.";;;;
3002;v16.2.15;v17.2.7;src/pybind/mgr/dashboard/frontend/src/app/shared/forms/crud-form/crud-form.component.scss;;A;A;22;0;FALSE;000000;100644;0000000000000000000000000000000000000000;6d21e4c2d89e35b66b9220f21f0e3db24e563176;07;07-mgr-modules-monitoring;P1;runtime/source;conditional;"Triage owner 07: MGR, dashboard or monitoring path; inspect endpoint hunk before binary impact verdict.";;;;
3003;v16.2.15;v17.2.7;src/pybind/mgr/dashboard/frontend/src/app/shared/forms/crud-form/crud-form.component.spec.ts;;A;A;42;0;FALSE;000000;100644;0000000000000000000000000000000000000000;7a6faa7e8aceb2e35bcfaa1ba115200d04ded1ef;07;07-mgr-modules-monitoring;P2;generated/lock/data;reference-only;"Triage owner 07: MGR, dashboard or monitoring path; inspect endpoint hunk before binary impact verdict.";;;;
3004;v16.2.15;v17.2.7;src/pybind/mgr/dashboard/frontend/src/app/shared/forms/crud-form/crud-form.component.ts;;A;A;104;0;FALSE;000000;100644;0000000000000000000000000000000000000000;9f03ec4a6de8dabb5676d61f39a113b0452c632f;07;07-mgr-modules-monitoring;P2;generated/lock/data;reference-only;"Triage owner 07: MGR, dashboard or monitoring path; inspect endpoint hunk before binary impact verdict.";;;;
3005;v16.2.15;v17.2.7;src/pybind/mgr/dashboard/frontend/src/app/shared/forms/crud-form/crud-form.model.ts;;A;A;15;0;FALSE;000000;100644;0000000000000000000000000000000000000000;b0fcdfb60082fc87931fdc311f2f8b9f9b3c0556;07;07-mgr-modules-monitoring;P2;generated/lock/data;reference-only;"Triage owner 07: MGR, dashboard or monitoring path; inspect endpoint hunk before binary impact verdict.";;;;
3006;v16.2.15;v17.2.7;src/pybind/mgr/dashboard/frontend/src/app/shared/forms/crud-form/formly-array-type/formly-array-type.component.html;;A;A;42;0;FALSE;000000;100644;0000000000000000000000000000000000000000;71083238d371ced563d26d3fd58439d096f79e9e;07;07-mgr-modules-monitoring;P1;runtime/source;conditional;"Triage owner 07: MGR, dashboard or monitoring path; inspect endpoint hunk before binary impact verdict.";;;;
3007;v16.2.15;v17.2.7;src/pybind/mgr/dashboard/frontend/src/app/shared/forms/crud-form/formly-array-type/formly-array-type.component.scss;;A;A;3;0;FALSE;000000;100644;0000000000000000000000000000000000000000;37d7465c8f0293e473e226285c61ee846ffec10c;07;07-mgr-modules-monitoring;P1;runtime/source;conditional;"Triage owner 07: MGR, dashboard or monitoring path; inspect endpoint hunk before binary impact verdict.";;;;
3008;v16.2.15;v17.2.7;src/pybind/mgr/dashboard/frontend/src/app/shared/forms/crud-form/formly-array-type/formly-array-type.component.spec.ts;;A;A;46;0;FALSE;000000;100644;0000000000000000000000000000000000000000;58a20e2c391b89df00f1047591df5e67a03e35fa;07;07-mgr-modules-monitoring;P2;generated/lock/data;reference-only;"Triage owner 07: MGR, dashboard or monitoring path; inspect endpoint hunk before binary impact verdict.";;;;
3009;v16.2.15;v17.2.7;src/pybind/mgr/dashboard/frontend/src/app/shared/forms/crud-form/formly-array-type/formly-array-type.component.ts;;A;A;34;0;FALSE;000000;100644;0000000000000000000000000000000000000000;dcbac7001fe846fb17cc3fd29f99e45ed0e207a2;07;07-mgr-modules-monitoring;P2;generated/lock/data;reference-only;"Triage owner 07: MGR, dashboard or monitoring path; inspect endpoint hunk before binary impact verdict.";;;;
3010;v16.2.15;v17.2.7;src/pybind/mgr/dashboard/frontend/src/app/shared/forms/crud-form/formly-file-type/formly-file-type-accessor.ts;;A;A;29;0;FALSE;000000;100644;0000000000000000000000000000000000000000;2b35113b8f86350e0ae297331390b3c14608ea42;07;07-mgr-modules-monitoring;P2;generated/lock/data;reference-only;"Triage owner 07: MGR, dashboard or monitoring path; inspect endpoint hunk before binary impact verdict.";;;;
3011;v16.2.15;v17.2.7;src/pybind/mgr/dashboard/frontend/src/app/shared/forms/crud-form/formly-file-type/formly-file-type.component.html;;A;A;4;0;FALSE;000000;100644;0000000000000000000000000000000000000000;bf6dc6e89d952d0072fd07a5c71177344e10b9b8;07;07-mgr-modules-monitoring;P1;runtime/source;conditional;"Triage owner 07: MGR, dashboard or monitoring path; inspect endpoint hunk before binary impact verdict.";;;;
3012;v16.2.15;v17.2.7;src/pybind/mgr/dashboard/frontend/src/app/shared/forms/crud-form/formly-file-type/formly-file-type.component.scss;qa/suites/upgrade/pacific-p2p/pacific-p2p-stress-split/0-cluster/+;R;R100;0;0;FALSE;100644;100644;e69de29bb2d1d6434b8b29ae775ad8c2e48c5391;e69de29bb2d1d6434b8b29ae775ad8c2e48c5391;07;07-mgr-modules-monitoring;P1;runtime/source;conditional;"Triage owner 07: MGR, dashboard or monitoring path; inspect endpoint hunk before binary impact verdict.";"Git rename heuristic with 0/0 content change; verify logical move.";;;
3013;v16.2.15;v17.2.7;src/pybind/mgr/dashboard/frontend/src/app/shared/forms/crud-form/formly-file-type/formly-file-type.component.spec.ts;;A;A;40;0;FALSE;000000;100644;0000000000000000000000000000000000000000;cd8b3a243ee417d761da4fcba3655019834e8d51;07;07-mgr-modules-monitoring;P2;generated/lock/data;reference-only;"Triage owner 07: MGR, dashboard or monitoring path; inspect endpoint hunk before binary impact verdict.";;;;
3014;v16.2.15;v17.2.7;src/pybind/mgr/dashboard/frontend/src/app/shared/forms/crud-form/formly-file-type/formly-file-type.component.ts;;A;A;9;0;FALSE;000000;100644;0000000000000000000000000000000000000000;742376bd878cdd817521d885f4bbba3b338c262d;07;07-mgr-modules-monitoring;P2;generated/lock/data;reference-only;"Triage owner 07: MGR, dashboard or monitoring path; inspect endpoint hunk before binary impact verdict.";;;;
3015;v16.2.15;v17.2.7;src/pybind/mgr/dashboard/frontend/src/app/shared/forms/crud-form/formly-input-type/formly-input-type.component.html;;A;A;3;0;FALSE;000000;100644;0000000000000000000000000000000000000000;2d807d02b82f3959fd2a00d631009384a4f26304;07;07-mgr-modules-monitoring;P1;runtime/source;conditional;"Triage owner 07: MGR, dashboard or monitoring path; inspect endpoint hunk before binary impact verdict.";;;;
3016;v16.2.15;v17.2.7;src/pybind/mgr/dashboard/frontend/src/app/shared/forms/crud-form/formly-input-type/formly-input-type.component.scss;qa/suites/upgrade/pacific-p2p/pacific-p2p-stress-split/4-workload/+;R;R100;0;0;FALSE;100644;100644;e69de29bb2d1d6434b8b29ae775ad8c2e48c5391;e69de29bb2d1d6434b8b29ae775ad8c2e48c5391;07;07-mgr-modules-monitoring;P1;runtime/source;conditional;"Triage owner 07: MGR, dashboard or monitoring path; inspect endpoint hunk before binary impact verdict.";"Git rename heuristic with 0/0 content change; verify logical move.";;;
3017;v16.2.15;v17.2.7;src/pybind/mgr/dashboard/frontend/src/app/shared/forms/crud-form/formly-input-type/formly-input-type.component.spec.ts;;A;A;47;0;FALSE;000000;100644;0000000000000000000000000000000000000000;0a36356dc23977a06eaf43ab36af0dff6200cb7a;07;07-mgr-modules-monitoring;P2;generated/lock/data;reference-only;"Triage owner 07: MGR, dashboard or monitoring path; inspect endpoint hunk before binary impact verdict.";;;;
3018;v16.2.15;v17.2.7;src/pybind/mgr/dashboard/frontend/src/app/shared/forms/crud-form/formly-input-type/formly-input-type.component.ts;;A;A;9;0;FALSE;000000;100644;0000000000000000000000000000000000000000;d310017248f8c5669074e1a53c64908327ec32ef;07;07-mgr-modules-monitoring;P2;generated/lock/data;reference-only;"Triage owner 07: MGR, dashboard or monitoring path; inspect endpoint hunk before binary impact verdict.";;;;
3019;v16.2.15;v17.2.7;src/pybind/mgr/dashboard/frontend/src/app/shared/forms/crud-form/formly-input-wrapper/formly-input-wrapper.component.html;;A;A;37;0;FALSE;000000;100644;0000000000000000000000000000000000000000;b8f1a4786021bdf6f0e563f114ce9eca9483b4c9;07;07-mgr-modules-monitoring;P1;runtime/source;conditional;"Triage owner 07: MGR, dashboard or monitoring path; inspect endpoint hunk before binary impact verdict.";;;;
3020;v16.2.15;v17.2.7;src/pybind/mgr/dashboard/frontend/src/app/shared/forms/crud-form/formly-input-wrapper/formly-input-wrapper.component.scss;qa/suites/upgrade/pacific-p2p/pacific-p2p-stress-split/6-final-workload/+;R;R100;0;0;FALSE;100644;100644;e69de29bb2d1d6434b8b29ae775ad8c2e48c5391;e69de29bb2d1d6434b8b29ae775ad8c2e48c5391;07;07-mgr-modules-monitoring;P1;runtime/source;conditional;"Triage owner 07: MGR, dashboard or monitoring path; inspect endpoint hunk before binary impact verdict.";"Git rename heuristic with 0/0 content change; verify logical move.";;;
3021;v16.2.15;v17.2.7;src/pybind/mgr/dashboard/frontend/src/app/shared/forms/crud-form/formly-input-wrapper/formly-input-wrapper.component.spec.ts;;A;A;47;0;FALSE;000000;100644;0000000000000000000000000000000000000000;db93615cd94772c93e44f7493978333d9423e021;07;07-mgr-modules-monitoring;P2;generated/lock/data;reference-only;"Triage owner 07: MGR, dashboard or monitoring path; inspect endpoint hunk before binary impact verdict.";;;;
3022;v16.2.15;v17.2.7;src/pybind/mgr/dashboard/frontend/src/app/shared/forms/crud-form/formly-input-wrapper/formly-input-wrapper.component.ts;;A;A;15;0;FALSE;000000;100644;0000000000000000000000000000000000000000;baed44a6886f50205a6924ba863e1b987532fc0c;07;07-mgr-modules-monitoring;P2;generated/lock/data;reference-only;"Triage owner 07: MGR, dashboard or monitoring path; inspect endpoint hunk before binary impact verdict.";;;;
3023;v16.2.15;v17.2.7;src/pybind/mgr/dashboard/frontend/src/app/shared/forms/crud-form/formly-object-type/formly-object-type.component.html;;A;A;17;0;FALSE;000000;100644;0000000000000000000000000000000000000000;84ec2ab6750f2d49de37c00db89aba64e7abba9f;07;07-mgr-modules-monitoring;P1;runtime/source;conditional;"Triage owner 07: MGR, dashboard or monitoring path; inspect endpoint hunk before binary impact verdict.";;;;
3024;v16.2.15;v17.2.7;src/pybind/mgr/dashboard/frontend/src/app/shared/forms/crud-form/formly-object-type/formly-object-type.component.scss;;A;A;0;0;FALSE;000000;100644;0000000000000000000000000000000000000000;e69de29bb2d1d6434b8b29ae775ad8c2e48c5391;07;07-mgr-modules-monitoring;P1;runtime/source;conditional;"Triage owner 07: MGR, dashboard or monitoring path; inspect endpoint hunk before binary impact verdict.";;;;
3025;v16.2.15;v17.2.7;src/pybind/mgr/dashboard/frontend/src/app/shared/forms/crud-form/formly-object-type/formly-object-type.component.spec.ts;;A;A;47;0;FALSE;000000;100644;0000000000000000000000000000000000000000;b6c4dff059bd2c4963fd0b03f6e156ce13656dd9;07;07-mgr-modules-monitoring;P2;generated/lock/data;reference-only;"Triage owner 07: MGR, dashboard or monitoring path; inspect endpoint hunk before binary impact verdict.";;;;
3026;v16.2.15;v17.2.7;src/pybind/mgr/dashboard/frontend/src/app/shared/forms/crud-form/formly-object-type/formly-object-type.component.ts;;A;A;22;0;FALSE;000000;100644;0000000000000000000000000000000000000000;3dd7412271425a299ec19fa75fa62e524da1e048;07;07-mgr-modules-monitoring;P2;generated/lock/data;reference-only;"Triage owner 07: MGR, dashboard or monitoring path; inspect endpoint hunk before binary impact verdict.";;;;
3027;v16.2.15;v17.2.7;src/pybind/mgr/dashboard/frontend/src/app/shared/forms/crud-form/formly-textarea-type/formly-textarea-type.component.html;;A;A;9;0;FALSE;000000;100644;0000000000000000000000000000000000000000;603a3dd60330912c11f05096810527dc0400772b;07;07-mgr-modules-monitoring;P1;runtime/source;conditional;"Triage owner 07: MGR, dashboard or monitoring path; inspect endpoint hunk before binary impact verdict.";;;;
3028;v16.2.15;v17.2.7;src/pybind/mgr/dashboard/frontend/src/app/shared/forms/crud-form/formly-textarea-type/formly-textarea-type.component.scss;;A;A;0;0;FALSE;000000;100644;0000000000000000000000000000000000000000;e69de29bb2d1d6434b8b29ae775ad8c2e48c5391;07;07-mgr-modules-monitoring;P1;runtime/source;conditional;"Triage owner 07: MGR, dashboard or monitoring path; inspect endpoint hunk before binary impact verdict.";;;;
3029;v16.2.15;v17.2.7;src/pybind/mgr/dashboard/frontend/src/app/shared/forms/crud-form/formly-textarea-type/formly-textarea-type.component.spec.ts;;A;A;47;0;FALSE;000000;100644;0000000000000000000000000000000000000000;f3271785bad3d6c7995666be4d94b0ad1ac0ab5c;07;07-mgr-modules-monitoring;P2;generated/lock/data;reference-only;"Triage owner 07: MGR, dashboard or monitoring path; inspect endpoint hunk before binary impact verdict.";;;;
3030;v16.2.15;v17.2.7;src/pybind/mgr/dashboard/frontend/src/app/shared/forms/crud-form/formly-textarea-type/formly-textarea-type.component.ts;;A;A;25;0;FALSE;000000;100644;0000000000000000000000000000000000000000;a3139f0e26494d3623749b830922b586d0cc3ff8;07;07-mgr-modules-monitoring;P2;generated/lock/data;reference-only;"Triage owner 07: MGR, dashboard or monitoring path; inspect endpoint hunk before binary impact verdict.";;;;
3031;v16.2.15;v17.2.7;src/pybind/mgr/dashboard/frontend/src/app/shared/forms/crud-form/helpers.ts;;A;A;40;0;FALSE;000000;100644;0000000000000000000000000000000000000000;1ea21b71081cc638628f5911fc986a7f2283a1af;07;07-mgr-modules-monitoring;P2;generated/lock/data;reference-only;"Triage owner 07: MGR, dashboard or monitoring path; inspect endpoint hunk before binary impact verdict.";;;;
3032;v16.2.15;v17.2.7;src/pybind/mgr/dashboard/frontend/src/app/shared/forms/crud-form/validators/file-validator.ts;;A;A;15;0;FALSE;000000;100644;0000000000000000000000000000000000000000;672610422b35edae70434ba349d7fdb52af79c80;07;07-mgr-modules-monitoring;P2;generated/lock/data;reference-only;"Triage owner 07: MGR, dashboard or monitoring path; inspect endpoint hunk before binary impact verdict.";;;;
3033;v16.2.15;v17.2.7;src/pybind/mgr/dashboard/frontend/src/app/shared/forms/crud-form/validators/json-validator.ts;;A;A;12;0;FALSE;000000;100644;0000000000000000000000000000000000000000;8ffea04e530c023ec86df81d30db79af672a1a62;07;07-mgr-modules-monitoring;P2;generated/lock/data;reference-only;"Triage owner 07: MGR, dashboard or monitoring path; inspect endpoint hunk before binary impact verdict.";;;;
3034;v16.2.15;v17.2.7;src/pybind/mgr/dashboard/frontend/src/app/shared/forms/crud-form/validators/rgw-role-validator.ts;;A;A;19;0;FALSE;000000;100644;0000000000000000000000000000000000000000;a100f278bea07423201d65310793bd23e35d2962;07;07-mgr-modules-monitoring;P2;generated/lock/data;reference-only;"Triage owner 07: MGR, dashboard or monitoring path; inspect endpoint hunk before binary impact verdict.";;;;
3035;v16.2.15;v17.2.7;src/pybind/mgr/dashboard/frontend/src/app/shared/helpers/helpers.module.ts;;A;A;8;0;FALSE;000000;100644;0000000000000000000000000000000000000000;7f9b7d21efdcf2244f9db50977c17399785b9697;07;07-mgr-modules-monitoring;P2;generated/lock/data;reference-only;"Triage owner 07: MGR, dashboard or monitoring path; inspect endpoint hunk before binary impact verdict.";;;;
3036;v16.2.15;v17.2.7;src/pybind/mgr/dashboard/frontend/src/app/shared/helpers/prometheus-list-helper.ts;src/pybind/mgr/dashboard/frontend/src/app/ceph/cluster/prometheus/prometheus-list-helper.ts;R;R100;0;0;FALSE;100644;100644;c1a594908c5bde942a4e40caeb73201e0e6c5274;c1a594908c5bde942a4e40caeb73201e0e6c5274;07;07-mgr-modules-monitoring;P2;generated/lock/data;reference-only;"Triage owner 07: MGR, dashboard or monitoring path; inspect endpoint hunk before binary impact verdict.";"Git rename heuristic with 0/0 content change; verify logical move.";;;
3037;v16.2.15;v17.2.7;src/pybind/mgr/dashboard/frontend/src/app/shared/models/alertmanager-silence.ts;;M;M;3;0;FALSE;100644;100644;b7b8862954baeb61433e8255a5725e3d5b836379;5f69f1e1e8164e51efbf9923dbb60e966334a35e;07;07-mgr-modules-monitoring;P2;generated/lock/data;reference-only;"Triage owner 07: MGR, dashboard or monitoring path; inspect endpoint hunk before binary impact verdict.";;;;
3038;v16.2.15;v17.2.7;src/pybind/mgr/dashboard/frontend/src/app/shared/models/cd-details.ts;;A;A;5;0;FALSE;000000;100644;0000000000000000000000000000000000000000;d021f19eba733ff18258e52bd91f2f3128fb0911;07;07-mgr-modules-monitoring;P2;generated/lock/data;reference-only;"Triage owner 07: MGR, dashboard or monitoring path; inspect endpoint hunk before binary impact verdict.";;;;
3039;v16.2.15;v17.2.7;src/pybind/mgr/dashboard/frontend/src/app/shared/models/cd-notification.ts;;M;M;2;0;FALSE;100644;100644;c283c5d801d23f86272aa83dd7cd8abb4b38147b;ddc737c2ddeea215a2afc5df2a2d84de8174286c;07;07-mgr-modules-monitoring;P2;generated/lock/data;reference-only;"Triage owner 07: MGR, dashboard or monitoring path; inspect endpoint hunk before binary impact verdict.";;;;
3040;v16.2.15;v17.2.7;src/pybind/mgr/dashboard/frontend/src/app/shared/models/cd-table-fetch-data-context.ts;;M;M;7;0;FALSE;100644;100644;7937d82e6f3e62cf2d04e7eb872b12c9bed09a4d;0df2d2ebbe071ed14b037aa4532d40030a642b1d;07;07-mgr-modules-monitoring;P2;generated/lock/data;reference-only;"Triage owner 07: MGR, dashboard or monitoring path; inspect endpoint hunk before binary impact verdict.";;;;
3041;v16.2.15;v17.2.7;src/pybind/mgr/dashboard/frontend/src/app/shared/models/crud-table-metadata.ts;;A;A;17;0;FALSE;000000;100644;0000000000000000000000000000000000000000;140fa5b5f8ea40fca2d05e371b38fd570c665a9c;07;07-mgr-modules-monitoring;P2;generated/lock/data;reference-only;"Triage owner 07: MGR, dashboard or monitoring path; inspect endpoint hunk before binary impact verdict.";;;;
3042;v16.2.15;v17.2.7;src/pybind/mgr/dashboard/frontend/src/app/shared/models/crush-rule.ts;;M;M;1;3;FALSE;100644;100644;83c1db6b6df2a4ec1e5529b1ec6d846c1fa4c621;e1e31ed20fa800771140d7a00a6d5a932d8f27b8;07;07-mgr-modules-monitoring;P2;generated/lock/data;reference-only;"Triage owner 07: MGR, dashboard or monitoring path; inspect endpoint hunk before binary impact verdict.";;;;
3043;v16.2.15;v17.2.7;src/pybind/mgr/dashboard/frontend/src/app/shared/models/prometheus-alerts.ts;;M;M;1;0;FALSE;100644;100644;1239dcccdfe247e28bbd289df03cab4aae1daf3d;9deaa537895310e7a6bfcb9cc53436007091a36a;07;07-mgr-modules-monitoring;P2;generated/lock/data;reference-only;"Triage owner 07: MGR, dashboard or monitoring path; inspect endpoint hunk before binary impact verdict.";;;;
3044;v16.2.15;v17.2.7;src/pybind/mgr/dashboard/frontend/src/app/shared/pipes/dimless-binary-per-second.pipe.ts;;M;M;8;8;FALSE;100644;100644;21b59631789bf738a2313c66dd1f42d7681fc4f4;cbd57fd2643a7b92126d2cee2efe2ccc82306eed;07;07-mgr-modules-monitoring;P2;generated/lock/data;reference-only;"Triage owner 07: MGR, dashboard or monitoring path; inspect endpoint hunk before binary impact verdict.";;;;
3045;v16.2.15;v17.2.7;src/pybind/mgr/dashboard/frontend/src/app/shared/pipes/duration.pipe.spec.ts;;M;M;1;1;FALSE;100644;100644;1b0e22578aafee7f4c0812e49f763897456f7e60;d939e2e58594926119a4ed6f980b5374a3f68696;07;07-mgr-modules-monitoring;P2;generated/lock/data;reference-only;"Triage owner 07: MGR, dashboard or monitoring path; inspect endpoint hunk before binary impact verdict.";;;;
3046;v16.2.15;v17.2.7;src/pybind/mgr/dashboard/frontend/src/app/shared/pipes/duration.pipe.ts;;M;M;3;0;FALSE;100644;100644;4675fc0f6c6d6fbe5c85af7b513c160d8353139f;687153b21b6e7e24d9398eee2a6d820564a23d97;07;07-mgr-modules-monitoring;P2;generated/lock/data;reference-only;"Triage owner 07: MGR, dashboard or monitoring path; inspect endpoint hunk before binary impact verdict.";;;;
3047;v16.2.15;v17.2.7;src/pybind/mgr/dashboard/frontend/src/app/shared/pipes/empty.pipe.ts;;M;M;6;1;FALSE;100644;100644;fb753e8d9ac48e3c66cffdc11dad185738359c44;2b4df2e3c4fc8b88543bd07613da9c98595a5635;07;07-mgr-modules-monitoring;P2;generated/lock/data;reference-only;"Triage owner 07: MGR, dashboard or monitoring path; inspect endpoint hunk before binary impact verdict.";;;;
3048;v16.2.15;v17.2.7;src/pybind/mgr/dashboard/frontend/src/app/shared/pipes/health-icon.pipe.spec.ts;;A;A;20;0;FALSE;000000;100644;0000000000000000000000000000000000000000;e4450d9e1c1b996fdaa70939ac5a5d65a4ab17cc;07;07-mgr-modules-monitoring;P2;generated/lock/data;reference-only;"Triage owner 07: MGR, dashboard or monitoring path; inspect endpoint hunk before binary impact verdict.";;;;
3049;v16.2.15;v17.2.7;src/pybind/mgr/dashboard/frontend/src/app/shared/pipes/health-icon.pipe.ts;;A;A;12;0;FALSE;000000;100644;0000000000000000000000000000000000000000;1cb58e0419e383466c2fac7798ae14ccded60bf0;07;07-mgr-modules-monitoring;P2;generated/lock/data;reference-only;"Triage owner 07: MGR, dashboard or monitoring path; inspect endpoint hunk before binary impact verdict.";;;;
3050;v16.2.15;v17.2.7;src/pybind/mgr/dashboard/frontend/src/app/shared/pipes/health-label.pipe.spec.ts;;A;A;24;0;FALSE;000000;100644;0000000000000000000000000000000000000000;fb40c3d09f91d4b1c1c0a588153c3a652b64c520;07;07-mgr-modules-monitoring;P2;generated/lock/data;reference-only;"Triage owner 07: MGR, dashboard or monitoring path; inspect endpoint hunk before binary impact verdict.";;;;
3051;v16.2.15;v17.2.7;src/pybind/mgr/dashboard/frontend/src/app/shared/pipes/health-label.pipe.ts;;A;A;12;0;FALSE;000000;100644;0000000000000000000000000000000000000000;cb91d5a55b2ba20153dea2c353897d0219925a5d;07;07-mgr-modules-monitoring;P2;generated/lock/data;reference-only;"Triage owner 07: MGR, dashboard or monitoring path; inspect endpoint hunk before binary impact verdict.";;;;
3052;v16.2.15;v17.2.7;src/pybind/mgr/dashboard/frontend/src/app/shared/pipes/mds-summary.pipe.spec.ts;;A;A;76;0;FALSE;000000;100644;0000000000000000000000000000000000000000;846cfb0bc5dcb843c5a9727f6a0bf8be55aa8e6c;07;07-mgr-modules-monitoring;P2;generated/lock/data;reference-only;"Triage owner 07: MGR, dashboard or monitoring path; inspect endpoint hunk before binary impact verdict.";;;;
3053;v16.2.15;v17.2.7;src/pybind/mgr/dashboard/frontend/src/app/shared/pipes/mds-summary.pipe.ts;;A;A;55;0;FALSE;000000;100644;0000000000000000000000000000000000000000;77758b71d3d572f6bcdeccd172eff2418776bb40;07;07-mgr-modules-monitoring;P2;generated/lock/data;reference-only;"Triage owner 07: MGR, dashboard or monitoring path; inspect endpoint hunk before binary impact verdict.";;;;
3054;v16.2.15;v17.2.7;src/pybind/mgr/dashboard/frontend/src/app/shared/pipes/mgr-summary.pipe.spec.ts;;A;A;38;0;FALSE;000000;100644;0000000000000000000000000000000000000000;ac7dcc63fb9549b1960297a1f7ed9f5bdb622703;07;07-mgr-modules-monitoring;P2;generated/lock/data;reference-only;"Triage owner 07: MGR, dashboard or monitoring path; inspect endpoint hunk before binary impact verdict.";;;;
3055;v16.2.15;v17.2.7;src/pybind/mgr/dashboard/frontend/src/app/shared/pipes/mgr-summary.pipe.ts;;A;A;37;0;FALSE;000000;100644;0000000000000000000000000000000000000000;14b38095210bb80c4285e1027979c33cb385ef68;07;07-mgr-modules-monitoring;P2;generated/lock/data;reference-only;"Triage owner 07: MGR, dashboard or monitoring path; inspect endpoint hunk before binary impact verdict.";;;;
3056;v16.2.15;v17.2.7;src/pybind/mgr/dashboard/frontend/src/app/shared/pipes/osd-summary.pipe.spec.ts;;A;A;43;0;FALSE;000000;100644;0000000000000000000000000000000000000000;2c60fa585c70f013e720df2b9b914c0289079dcd;07;07-mgr-modules-monitoring;P2;generated/lock/data;reference-only;"Triage owner 07: MGR, dashboard or monitoring path; inspect endpoint hunk before binary impact verdict.";;;;
3057;v16.2.15;v17.2.7;src/pybind/mgr/dashboard/frontend/src/app/shared/pipes/osd-summary.pipe.ts;;A;A;46;0;FALSE;000000;100644;0000000000000000000000000000000000000000;66e86970c631975c707200c870584e948e9c6ccc;07;07-mgr-modules-monitoring;P2;generated/lock/data;reference-only;"Triage owner 07: MGR, dashboard or monitoring path; inspect endpoint hunk before binary impact verdict.";;;;
3058;v16.2.15;v17.2.7;src/pybind/mgr/dashboard/frontend/src/app/shared/pipes/pipes.module.ts;;M;M;23;3;FALSE;100755;100755;508a29e9801f32abc2468f6a585c18d65ddebdbc;4abc029533ac39f993d63c397f49c29bcc4c4477;07;07-mgr-modules-monitoring;P2;generated/lock/data;reference-only;"Triage owner 07: MGR, dashboard or monitoring path; inspect endpoint hunk before binary impact verdict.";;;;
3059;v16.2.15;v17.2.7;src/pybind/mgr/dashboard/frontend/src/app/shared/services/crud-form-adapter.service.spec.ts;;A;A;19;0;FALSE;000000;100644;0000000000000000000000000000000000000000;bdefdd64180f02fd7bfed9ded872c42fbb130d24;07;07-mgr-modules-monitoring;P2;generated/lock/data;reference-only;"Triage owner 07: MGR, dashboard or monitoring path; inspect endpoint hunk before binary impact verdict.";;;;
3060;v16.2.15;v17.2.7;src/pybind/mgr/dashboard/frontend/src/app/shared/services/crud-form-adapter.service.ts;;A;A;42;0;FALSE;000000;100644;0000000000000000000000000000000000000000;49c8fc9417b83ccbc8705ac1e79ef8aa1baa7a32;07;07-mgr-modules-monitoring;P2;generated/lock/data;reference-only;"Triage owner 07: MGR, dashboard or monitoring path; inspect endpoint hunk before binary impact verdict.";;;;
3061;v16.2.15;v17.2.7;src/pybind/mgr/dashboard/frontend/src/app/shared/services/data-gateway.service.spec.ts;;A;A;20;0;FALSE;000000;100644;0000000000000000000000000000000000000000;96095dfe6fd4b20a7ca1c1b09ea57d0f1392b0da;07;07-mgr-modules-monitoring;P2;generated/lock/data;reference-only;"Triage owner 07: MGR, dashboard or monitoring path; inspect endpoint hunk before binary impact verdict.";;;;
3062;v16.2.15;v17.2.7;src/pybind/mgr/dashboard/frontend/src/app/shared/services/data-gateway.service.ts;;A;A;90;0;FALSE;000000;100644;0000000000000000000000000000000000000000;c4a223e31b3e982d2862a31d2f6df4cb7d8da5f3;07;07-mgr-modules-monitoring;P2;generated/lock/data;reference-only;"Triage owner 07: MGR, dashboard or monitoring path; inspect endpoint hunk before binary impact verdict.";;;;
3063;v16.2.15;v17.2.7;src/pybind/mgr/dashboard/frontend/src/app/shared/services/feature-toggles.service.ts;;M;M;1;0;FALSE;100644;100644;bb7f2a0d6145386a8b2249d99b501a84c542242c;03577681e1a786a6e6d978b2c769677de4daf490;07;07-mgr-modules-monitoring;P2;generated/lock/data;reference-only;"Triage owner 07: MGR, dashboard or monitoring path; inspect endpoint hunk before binary impact verdict.";;;;
3064;v16.2.15;v17.2.7;src/pybind/mgr/dashboard/frontend/src/app/shared/services/formatter.service.spec.ts;;M;M;22;0;FALSE;100644;100644;359c6028a593874996351c274d980f7b18b276f2;c5f13d9eb6fcc917456e1d85c082ebd3b05e0874;07;07-mgr-modules-monitoring;P2;generated/lock/data;reference-only;"Triage owner 07: MGR, dashboard or monitoring path; inspect endpoint hunk before binary impact verdict.";;;;
3065;v16.2.15;v17.2.7;src/pybind/mgr/dashboard/frontend/src/app/shared/services/formatter.service.ts;;M;M;46;0;FALSE;100644;100644;a4b6d427b012ff7d15900c0a325cd74a318f235c;b212004d2b1bd2fec8764e52a628e1fed1792f2a;07;07-mgr-modules-monitoring;P2;generated/lock/data;reference-only;"Triage owner 07: MGR, dashboard or monitoring path; inspect endpoint hunk before binary impact verdict.";;;;
3066;v16.2.15;v17.2.7;src/pybind/mgr/dashboard/frontend/src/app/shared/services/notification.service.spec.ts;;M;M;3;3;FALSE;100644;100644;028dd90ea39684f174fd8f6007a48697741691b0;febbec1638fe839956b1185075497a55f9adede0;07;07-mgr-modules-monitoring;P2;generated/lock/data;reference-only;"Triage owner 07: MGR, dashboard or monitoring path; inspect endpoint hunk before binary impact verdict.";;;;
3067;v16.2.15;v17.2.7;src/pybind/mgr/dashboard/frontend/src/app/shared/services/notification.service.ts;;M;M;1;1;FALSE;100644;100644;c05dbce0f571fb7ea173f64e095c84407a632d8c;52a06e30598d4d226f978571081ee4417e8e804a;07;07-mgr-modules-monitoring;P2;generated/lock/data;reference-only;"Triage owner 07: MGR, dashboard or monitoring path; inspect endpoint hunk before binary impact verdict.";;;;
3068;v16.2.15;v17.2.7;src/pybind/mgr/dashboard/frontend/src/app/shared/services/number-formatter.service.spec.ts;;A;A;16;0;FALSE;000000;100644;0000000000000000000000000000000000000000;5911f69b00b01943bd0e9f3b7571604db8e953b6;07;07-mgr-modules-monitoring;P2;generated/lock/data;reference-only;"Triage owner 07: MGR, dashboard or monitoring path; inspect endpoint hunk before binary impact verdict.";;;;
3069;v16.2.15;v17.2.7;src/pybind/mgr/dashboard/frontend/src/app/shared/services/number-formatter.service.ts;;A;A;68;0;FALSE;000000;100644;0000000000000000000000000000000000000000;9643f19211452a649f46b82609d36e478b3f012f;07;07-mgr-modules-monitoring;P2;generated/lock/data;reference-only;"Triage owner 07: MGR, dashboard or monitoring path; inspect endpoint hunk before binary impact verdict.";;;;
3070;v16.2.15;v17.2.7;src/pybind/mgr/dashboard/frontend/src/app/shared/services/prometheus-alert.service.ts;;M;M;14;0;FALSE;100644;100644;6223808fb0122e3bd5cd3a3a62c1580a138fd8d0;f26b80629b9206f61496dc4bcf513ef6eaa90e94;07;07-mgr-modules-monitoring;P2;generated/lock/data;reference-only;"Triage owner 07: MGR, dashboard or monitoring path; inspect endpoint hunk before binary impact verdict.";;;;
3071;v16.2.15;v17.2.7;src/pybind/mgr/dashboard/frontend/src/app/shared/services/prometheus-silence-matcher.service.ts;;M;M;1;4;FALSE;100644;100644;7aec6d1d37ccc362e99fed2d28f8e7106b3f7ec2;d3dc1ea502074ba50d2db9c472d10617d30b8d64;07;07-mgr-modules-monitoring;P2;generated/lock/data;reference-only;"Triage owner 07: MGR, dashboard or monitoring path; inspect endpoint hunk before binary impact verdict.";;;;
3072;v16.2.15;v17.2.7;src/pybind/mgr/dashboard/frontend/src/app/shared/services/task-message.service.ts;;M;M;28;0;FALSE;100644;100644;5adabe2115370d9c65ab4232a7325e0c343bc594;bc11a0be39cac07b4d5dc7ce9a9deb38f2e2d98c;07;07-mgr-modules-monitoring;P2;generated/lock/data;reference-only;"Triage owner 07: MGR, dashboard or monitoring path; inspect endpoint hunk before binary impact verdict.";;;;
3073;v16.2.15;v17.2.7;src/pybind/mgr/dashboard/frontend/src/app/shared/shared.module.ts;;M;M;26;2;FALSE;100644;100644;905721fa445c487c7656c2b03621c4fe09be17bb;9b119c700ca3788333c48f28abd9f73fac59e4e2;07;07-mgr-modules-monitoring;P2;generated/lock/data;reference-only;"Triage owner 07: MGR, dashboard or monitoring path; inspect endpoint hunk before binary impact verdict.";;;;
3074;v16.2.15;v17.2.7;src/pybind/mgr/dashboard/frontend/src/locale/messages.cs.xlf;;M;M;5132;12701;FALSE;100644;100644;b391c54dfe1ac8c2aa92e761128ecd9e0bd3de3b;5725d2d937fe2b7ea639600ab88759063a720ba1;07;07-mgr-modules-monitoring;P1;runtime/source;conditional;"Triage owner 07: MGR, dashboard or monitoring path; inspect endpoint hunk before binary impact verdict.";;;;
3075;v16.2.15;v17.2.7;src/pybind/mgr/dashboard/frontend/src/locale/messages.de-DE.xlf;;M;M;5137;13427;FALSE;100644;100644;09c85f3baf0fce909e19a342d94bfceb427381ab;d5ce75d9af2eb03dd32a4527c0e74dfa0d6c7f77;07;07-mgr-modules-monitoring;P1;runtime/source;conditional;"Triage owner 07: MGR, dashboard or monitoring path; inspect endpoint hunk before binary impact verdict.";;;;
3076;v16.2.15;v17.2.7;src/pybind/mgr/dashboard/frontend/src/locale/messages.es-ES.xlf;;M;M;5144;13435;FALSE;100644;100644;661596a2fcf5145a12bba872ace04822ebd70a97;75ff3a125f5a8059d1f925cbef70c76690981b4c;07;07-mgr-modules-monitoring;P1;runtime/source;conditional;"Triage owner 07: MGR, dashboard or monitoring path; inspect endpoint hunk before binary impact verdict.";;;;
3077;v16.2.15;v17.2.7;src/pybind/mgr/dashboard/frontend/src/locale/messages.fr-FR.xlf;;M;M;5149;13439;FALSE;100644;100644;5077d68c5727c1929ab5fcc610005afc0584278a;d78fbaa2fde1d6c987be914f6f27954f61957565;07;07-mgr-modules-monitoring;P1;runtime/source;conditional;"Triage owner 07: MGR, dashboard or monitoring path; inspect endpoint hunk before binary impact verdict.";;;;
3078;v16.2.15;v17.2.7;src/pybind/mgr/dashboard/frontend/src/locale/messages.id-ID.xlf;;M;M;5150;12624;FALSE;100644;100644;4c258636dd106fd221bdb293dd1cb24ea1dfba5e;57d7ad0e00b850d776cfd48b49650167b9c4e21e;07;07-mgr-modules-monitoring;P1;runtime/source;conditional;"Triage owner 07: MGR, dashboard or monitoring path; inspect endpoint hunk before binary impact verdict.";;;;
3079;v16.2.15;v17.2.7;src/pybind/mgr/dashboard/frontend/src/locale/messages.it-IT.xlf;;M;M;5149;13439;FALSE;100644;100644;2ee6f532966afdcc8f0089efe8c8be4bec251d32;c999ee830d40385f8737329c343bc21df40d642b;07;07-mgr-modules-monitoring;P1;runtime/source;conditional;"Triage owner 07: MGR, dashboard or monitoring path; inspect endpoint hunk before binary impact verdict.";;;;
3080;v16.2.15;v17.2.7;src/pybind/mgr/dashboard/frontend/src/locale/messages.ja-JP.xlf;;M;M;5146;13433;FALSE;100644;100644;35d75861b785ac4648ef679631eda19a0d9ae3b2;73ebb07529633078df3456148e2f23602a61cc22;07;07-mgr-modules-monitoring;P1;runtime/source;conditional;"Triage owner 07: MGR, dashboard or monitoring path; inspect endpoint hunk before binary impact verdict.";;;;
3081;v16.2.15;v17.2.7;src/pybind/mgr/dashboard/frontend/src/locale/messages.ko-KR.xlf;;M;M;5150;13116;FALSE;100644;100644;c0b16a85f408f3d036f53dafd3dbae7bceeb97cd;a806fdd5e95c7cf1d59576d573f3742ee0db196f;07;07-mgr-modules-monitoring;P1;runtime/source;conditional;"Triage owner 07: MGR, dashboard or monitoring path; inspect endpoint hunk before binary impact verdict.";;;;
3082;v16.2.15;v17.2.7;src/pybind/mgr/dashboard/frontend/src/locale/messages.pl-PL.xlf;;M;M;5152;12623;FALSE;100644;100644;ef890df784ddd03160236caecfeafd896f4941d3;669c5ad8b6c6aa94bf8a96fc06bbc948c08536a6;07;07-mgr-modules-monitoring;P1;runtime/source;conditional;"Triage owner 07: MGR, dashboard or monitoring path; inspect endpoint hunk before binary impact verdict.";;;;
3083;v16.2.15;v17.2.7;src/pybind/mgr/dashboard/frontend/src/locale/messages.pt-BR.xlf;;M;M;5147;13437;FALSE;100644;100644;ca6309f42da1672600867e94bc082fb2ea2b87ee;407ace79fc2e072c54c8552a8ae24166fe8f47af;07;07-mgr-modules-monitoring;P1;runtime/source;conditional;"Triage owner 07: MGR, dashboard or monitoring path; inspect endpoint hunk before binary impact verdict.";;;;
3084;v16.2.15;v17.2.7;src/pybind/mgr/dashboard/frontend/src/locale/messages.zh-CN.xlf;;M;M;5144;13430;FALSE;100644;100644;ae98e3770256c0eede44e8024ada58ab7cadc367;346d1b4f10af2f69b916169ec76cef719574f6f7;07;07-mgr-modules-monitoring;P1;runtime/source;conditional;"Triage owner 07: MGR, dashboard or monitoring path; inspect endpoint hunk before binary impact verdict.";;;;
3085;v16.2.15;v17.2.7;src/pybind/mgr/dashboard/frontend/src/locale/messages.zh-TW.xlf;;M;M;5144;13433;FALSE;100644;100644;7755d924d57ed8537db55939d45efc556f0cb706;18d59a6d0335c9c73c32804a19ff6659d1c2163c;07;07-mgr-modules-monitoring;P1;runtime/source;conditional;"Triage owner 07: MGR, dashboard or monitoring path; inspect endpoint hunk before binary impact verdict.";;;;
3086;v16.2.15;v17.2.7;src/pybind/mgr/dashboard/frontend/src/main.ts;;M;M;1;1;FALSE;100644;100644;f399daf9b63780993ef27877decb13c3d7a677f5;c43d8150b03b1dbbdaf45a278ec22ac638710b7e;07;07-mgr-modules-monitoring;P2;generated/lock/data;reference-only;"Triage owner 07: MGR, dashboard or monitoring path; inspect endpoint hunk before binary impact verdict.";;;;
3087;v16.2.15;v17.2.7;src/pybind/mgr/dashboard/frontend/src/polyfills.ts;;M;M;0;9;FALSE;100644;100644;3368646d33aa0eac03fe9c3ac01e47f55bf878da;4ed5e6de958242f119b16f188ac4795566ae8c66;07;07-mgr-modules-monitoring;P2;generated/lock/data;reference-only;"Triage owner 07: MGR, dashboard or monitoring path; inspect endpoint hunk before binary impact verdict.";;;;
3088;v16.2.15;v17.2.7;src/pybind/mgr/dashboard/frontend/src/setupJest.ts;;M;M;1;1;FALSE;100644;100644;3f76543571a4fdc6ca85cc09c785a7f72b96ebfc;1f7770aec46063828e46e2a6bc04b25b7dcdff5b;07;07-mgr-modules-monitoring;P2;generated/lock/data;reference-only;"Triage owner 07: MGR, dashboard or monitoring path; inspect endpoint hunk before binary impact verdict.";;;;
3089;v16.2.15;v17.2.7;src/pybind/mgr/dashboard/frontend/src/styles.scss;;M;M;72;0;FALSE;100644;100644;e27b012614715e338e234b8c1e9f5271800ad2d6;fc6a9a25446780f6e8b53f3866b3a1a53ba0a494;07;07-mgr-modules-monitoring;P1;runtime/source;conditional;"Triage owner 07: MGR, dashboard or monitoring path; inspect endpoint hunk before binary impact verdict.";;;;
3090;v16.2.15;v17.2.7;src/pybind/mgr/dashboard/frontend/src/styles/bootstrap-extends.scss;;M;M;5;11;FALSE;100644;100644;be304c9e4e30779cdb58ac51f3c624488e255612;e65f2f56acfbbfd38906a8d2cefb53cdf17de4c2;07;07-mgr-modules-monitoring;P1;runtime/source;conditional;"Triage owner 07: MGR, dashboard or monitoring path; inspect endpoint hunk before binary impact verdict.";;;;
3091;v16.2.15;v17.2.7;src/pybind/mgr/dashboard/frontend/src/styles/ceph-custom/_basics.scss;;M;M;14;33;FALSE;100644;100644;3ead6efa535125fdfb8baff968f239a7623206e6;6ca04c3d8a481cb741add161c38249777a5f4d4a;07;07-mgr-modules-monitoring;P1;runtime/source;conditional;"Triage owner 07: MGR, dashboard or monitoring path; inspect endpoint hunk before binary impact verdict.";;;;
3092;v16.2.15;v17.2.7;src/pybind/mgr/dashboard/frontend/src/styles/ceph-custom/_buttons.scss;;M;M;29;9;FALSE;100644;100644;a56bf350664fdc172ea3ffd4b5f8cede980a7127;dd529777a579d514707194a9b1beda769b9ee573;07;07-mgr-modules-monitoring;P1;runtime/source;conditional;"Triage owner 07: MGR, dashboard or monitoring path; inspect endpoint hunk before binary impact verdict.";;;;
3093;v16.2.15;v17.2.7;src/pybind/mgr/dashboard/frontend/src/styles/ceph-custom/_forms.scss;;M;M;20;1;FALSE;100644;100644;1d84895c0dd75027e1ca324f0e380283bc7c61c7;26edbd11264f0546f4c4d85828440109dc07b793;07;07-mgr-modules-monitoring;P1;runtime/source;conditional;"Triage owner 07: MGR, dashboard or monitoring path; inspect endpoint hunk before binary impact verdict.";;;;
3094;v16.2.15;v17.2.7;src/pybind/mgr/dashboard/frontend/src/styles/defaults/_bootstrap-defaults.scss;;M;M;29;12;FALSE;100644;100644;27547c36b04351e89e89441b7b03988237d7bc62;1272c3c77ce62a11d074f43eacb48aca4d0caab5;07;07-mgr-modules-monitoring;P1;runtime/source;conditional;"Triage owner 07: MGR, dashboard or monitoring path; inspect endpoint hunk before binary impact verdict.";;;;
3095;v16.2.15;v17.2.7;src/pybind/mgr/dashboard/frontend/src/testing/unit-test-helper.ts;;M;M;6;13;FALSE;100644;100644;66033f0330f07ccacbe6a1a8999ec8cdd4cd75a8;12bef83cc58a6cf1419f09b94cf1c100fa3868a5;07;07-mgr-modules-monitoring;P2;generated/lock/data;reference-only;"Triage owner 07: MGR, dashboard or monitoring path; inspect endpoint hunk before binary impact verdict.";;;;
3096;v16.2.15;v17.2.7;src/pybind/mgr/dashboard/frontend/tsconfig.json;;M;M;2;2;FALSE;100644;100644;218cffda992c20915ac653e39c20dc30d5eee2ba;cf9a49a689050a5e0477eabd0c15f0f2f209e1fc;07;07-mgr-modules-monitoring;P2;generated/lock/data;reference-only;"Triage owner 07: MGR, dashboard or monitoring path; inspect endpoint hunk before binary impact verdict.";;;;
3097;v16.2.15;v17.2.7;src/pybind/mgr/dashboard/frontend/tslint.json;;D;D;0;118;FALSE;100644;000000;2911ef2c53610818d192ff88d588b67ce2633135;0000000000000000000000000000000000000000;07;07-mgr-modules-monitoring;P2;generated/lock/data;reference-only;"Triage owner 07: MGR, dashboard or monitoring path; inspect endpoint hunk before binary impact verdict.";;;;
3098;v16.2.15;v17.2.7;src/pybind/mgr/dashboard/grafana.py;;M;M;0;1;FALSE;100644;100644;2e34187bf3f5db28b409d1097d2765cddf6bb451;8edf9c57d0efbd25a3f94f2917d7604bb32b2b69;07;07-mgr-modules-monitoring;P1;runtime/source;conditional;"Triage owner 07: MGR, dashboard or monitoring path; inspect endpoint hunk before binary impact verdict.";;;;
3099;v16.2.15;v17.2.7;src/pybind/mgr/dashboard/model/__init__.py;;A;A;1;0;FALSE;000000;100644;0000000000000000000000000000000000000000;40a96afc6ff09d58a702b76e3f7dd412fe975e26;07;07-mgr-modules-monitoring;P1;runtime/source;conditional;"Triage owner 07: MGR, dashboard or monitoring path; inspect endpoint hunk before binary impact verdict.";;;;
3100;v16.2.15;v17.2.7;src/pybind/mgr/dashboard/module.py;;M;M;12;12;FALSE;100644;100644;2e594d65187db66eb46b9864e8326eebc1308a1b;efef273bda06d79dedc66351a4e0cab21f0c53e4;07;07-mgr-modules-monitoring;P1;runtime/source;conditional;"Triage owner 07: MGR, dashboard or monitoring path; inspect endpoint hunk before binary impact verdict.";;;;
3101;v16.2.15;v17.2.7;src/pybind/mgr/dashboard/openapi.yaml;;M;M;763;55;FALSE;100644;100644;38ebd0041d9fa76a8a635bccf03a0abcff591307;6ff7555c0dc6bed2bea49b9c7daa18369ad8223c;07;07-mgr-modules-monitoring;P1;runtime/source;conditional;"Triage owner 07: MGR, dashboard or monitoring path; inspect endpoint hunk before binary impact verdict.";;;;
3102;v16.2.15;v17.2.7;src/pybind/mgr/dashboard/plugins/__init__.py;;M;M;0;1;FALSE;100644;100644;6cd03fa95385832b7570535685f0605c2e4c2db8;edc0b65946bdd1588b2b706d50e8dc66a11c2c5f;07;07-mgr-modules-monitoring;P1;runtime/source;conditional;"Triage owner 07: MGR, dashboard or monitoring path; inspect endpoint hunk before binary impact verdict.";;;;
3103;v16.2.15;v17.2.7;src/pybind/mgr/dashboard/plugins/debug.py;;M;M;1;6;FALSE;100644;100644;8eb2bb1e6da08c0dd419dda4a0fa234ce7182061;8c6bfb007885199169bc6d04cf641ea71b10161c;07;07-mgr-modules-monitoring;P1;runtime/source;conditional;"Triage owner 07: MGR, dashboard or monitoring path; inspect endpoint hunk before binary impact verdict.";;;;
3104;v16.2.15;v17.2.7;src/pybind/mgr/dashboard/plugins/feature_toggles.py;;M;M;4;8;FALSE;100644;100644;fc4619be3f9f8fd1ff3b99f0444a4a991bd0efa7;f16b2e68c4d692c3b06f7d97d97105251ebd2de8;07;07-mgr-modules-monitoring;P1;runtime/source;conditional;"Triage owner 07: MGR, dashboard or monitoring path; inspect endpoint hunk before binary impact verdict.";;;;
3105;v16.2.15;v17.2.7;src/pybind/mgr/dashboard/plugins/interfaces.py;;M;M;0;1;FALSE;100644;100644;9c050074f7da87c7f26aa89abde2588afca6556e;0c106d2617cc33d164d0ea248330354c21b1e4b4;07;07-mgr-modules-monitoring;P1;runtime/source;conditional;"Triage owner 07: MGR, dashboard or monitoring path; inspect endpoint hunk before binary impact verdict.";;;;
3106;v16.2.15;v17.2.7;src/pybind/mgr/dashboard/plugins/lru_cache.py;;M;M;0;1;FALSE;100644;100644;9b29a60124475636525567af7cb9e9568c9eee5d;4d8fc27b34a8b321b77ace0ca226dbb491e73422;07;07-mgr-modules-monitoring;P1;runtime/source;conditional;"Triage owner 07: MGR, dashboard or monitoring path; inspect endpoint hunk before binary impact verdict.";;;;
3107;v16.2.15;v17.2.7;src/pybind/mgr/dashboard/plugins/plugin.py;;M;M;2;5;FALSE;100644;100644;847a61872677f80e6603c5d3ac2358b39374b1f3;120fb30aacb66231844ea965b220c7e9f81269d0;07;07-mgr-modules-monitoring;P1;runtime/source;conditional;"Triage owner 07: MGR, dashboard or monitoring path; inspect endpoint hunk before binary impact verdict.";;;;
3108;v16.2.15;v17.2.7;src/pybind/mgr/dashboard/plugins/ttl_cache.py;;M;M;90;28;FALSE;100644;100644;b316151e7e08ef33522d4f57602f61bece7ad12d;78221547acc3a065cadb2c8df220dbf9c0198fef;07;07-mgr-modules-monitoring;P1;runtime/source;conditional;"Triage owner 07: MGR, dashboard or monitoring path; inspect endpoint hunk before binary impact verdict.";;;;
3109;v16.2.15;v17.2.7;src/pybind/mgr/dashboard/requirements-lint.txt;;M;M;1;0;FALSE;100644;100644;1b15f46817c2a695517217023ffa2d8d650489cf;d82fa1ace1deb9e958dba9aee15791df09fa7993;07;07-mgr-modules-monitoring;P1;runtime/source;conditional;"Triage owner 07: MGR, dashboard or monitoring path; inspect endpoint hunk before binary impact verdict.";;;;
3110;v16.2.15;v17.2.7;src/pybind/mgr/dashboard/requirements-test.txt;;M;M;1;0;FALSE;100644;100644;625f5c358f1cb606e4cd377373c3557975acbbbd;4e925e8616f1ae63c5128278337c71aa7530bb92;07;07-mgr-modules-monitoring;P1;runtime/source;conditional;"Triage owner 07: MGR, dashboard or monitoring path; inspect endpoint hunk before binary impact verdict.";;;;
3111;v16.2.15;v17.2.7;src/pybind/mgr/dashboard/requirements.txt;;M;M;2;0;FALSE;100644;100644;84dee7efc9a2c723621704212caf13627fc0797a;8003d62a5523f030023fe2d9c7234f21a2def76a;07;07-mgr-modules-monitoring;P1;runtime/source;conditional;"Triage owner 07: MGR, dashboard or monitoring path; inspect endpoint hunk before binary impact verdict.";;;;
3112;v16.2.15;v17.2.7;src/pybind/mgr/dashboard/rest_client.py;;M;M;0;1;FALSE;100644;100644;f33c13432ff4722850fe69508188aa172a0b0ffd;bd03dc7067f9efb719ba0b639cab909383ebbc69;07;07-mgr-modules-monitoring;P1;runtime/source;conditional;"Triage owner 07: MGR, dashboard or monitoring path; inspect endpoint hunk before binary impact verdict.";;;;
3113;v16.2.15;v17.2.7;src/pybind/mgr/dashboard/run-frontend-e2e-tests.sh;;M;M;1;1;FALSE;100755;100755;400f861ee8cd8704a013da04a177471480e81a5e;c37bf54c8761e6e833f12d20857ae30a5c6b3216;07;07-mgr-modules-monitoring;P1;runtime/source;conditional;"Triage owner 07: MGR, dashboard or monitoring path; inspect endpoint hunk before binary impact verdict.";;;;
3114;v16.2.15;v17.2.7;src/pybind/mgr/dashboard/run-frontend-unittests.sh;;M;M;1;1;FALSE;100755;100755;4f6f4d00732d395b1d2130799e933cb919091a06;997b86bbf679b8a629810ae63a6cea758e1b7f5d;07;07-mgr-modules-monitoring;P1;runtime/source;conditional;"Triage owner 07: MGR, dashboard or monitoring path; inspect endpoint hunk before binary impact verdict.";;;;
3115;v16.2.15;v17.2.7;src/pybind/mgr/dashboard/security.py;;M;M;0;1;FALSE;100644;100644;cbeda6daec22515c7740617dab7d3bc9b3976b02;4c6e5c564af3f17b14001b95df51f351b1f6939f;07;07-mgr-modules-monitoring;P1;runtime/source;conditional;"Triage owner 07: MGR, dashboard or monitoring path; inspect endpoint hunk before binary impact verdict.";;;;
3116;v16.2.15;v17.2.7;src/pybind/mgr/dashboard/services/__init__.py;;M;M;0;1;FALSE;100644;100644;139759b658ca10386fe66e2a391a4501341b7ea0;40a96afc6ff09d58a702b76e3f7dd412fe975e26;07;07-mgr-modules-monitoring;P1;runtime/source;conditional;"Triage owner 07: MGR, dashboard or monitoring path; inspect endpoint hunk before binary impact verdict.";;;;
3117;v16.2.15;v17.2.7;src/pybind/mgr/dashboard/services/_paginate.py;;A;A;71;0;FALSE;000000;100644;0000000000000000000000000000000000000000;c8ba300a5370cf67d9bd5e791a663053c97e05c5;07;07-mgr-modules-monitoring;P1;runtime/source;conditional;"Triage owner 07: MGR, dashboard or monitoring path; inspect endpoint hunk before binary impact verdict.";;;;
3118;v16.2.15;v17.2.7;src/pybind/mgr/dashboard/services/access_control.py;;M;M;0;1;FALSE;100644;100644;27d849cc4456739a0668533f20d216c67c3a14a0;d379d6e2146557df9dc707afcdec54678326f75f;07;07-mgr-modules-monitoring;P1;runtime/source;conditional;"Triage owner 07: MGR, dashboard or monitoring path; inspect endpoint hunk before binary impact verdict.";;;;
3119;v16.2.15;v17.2.7;src/pybind/mgr/dashboard/services/auth.py;;M;M;0;1;FALSE;100644;100644;6c5153620aa203b043abcdd4a0da2d62ecedec76;f13963abffdd48341974232bec58dc39d3ba117d;07;07-mgr-modules-monitoring;P1;runtime/source;conditional;"Triage owner 07: MGR, dashboard or monitoring path; inspect endpoint hunk before binary impact verdict.";;;;
3120;v16.2.15;v17.2.7;src/pybind/mgr/dashboard/services/ceph_service.py;;M;M;118;6;FALSE;100644;100644;675d0425a602e832f0bad76c91d6a464c53121f1;90ca818982ad0749cd18a943293a484283b41ffb;07;07-mgr-modules-monitoring;P1;runtime/source;conditional;"Triage owner 07: MGR, dashboard or monitoring path; inspect endpoint hunk before binary impact verdict.";;;;
3121;v16.2.15;v17.2.7;src/pybind/mgr/dashboard/services/cephfs.py;;M;M;0;1;FALSE;100644;100644;604cf4a77fc823d2f90a0fb8373fed7f56f5b518;8e9a0736571dc83d29ce46bb711a3da2c2b6c0ff;07;07-mgr-modules-monitoring;P1;runtime/source;conditional;"Triage owner 07: MGR, dashboard or monitoring path; inspect endpoint hunk before binary impact verdict.";;;;
3122;v16.2.15;v17.2.7;src/pybind/mgr/dashboard/services/cluster.py;;M;M;14;0;FALSE;100644;100644;a057f24381f78a406979c88de03651aa39fb473f;fbb00bc7370703c5a3095aa0b470e98fc79fd0e9;07;07-mgr-modules-monitoring;P1;runtime/source;conditional;"Triage owner 07: MGR, dashboard or monitoring path; inspect endpoint hunk before binary impact verdict.";;;;
3123;v16.2.15;v17.2.7;src/pybind/mgr/dashboard/services/exception.py;;M;M;15;1;FALSE;100644;100644;02a827e1b16dd2aef10e0e6b7fc3119ec5a2bcd4;ed4fbe8003d9d344af7b950509bfecee64a038ba;07;07-mgr-modules-monitoring;P1;runtime/source;conditional;"Triage owner 07: MGR, dashboard or monitoring path; inspect endpoint hunk before binary impact verdict.";;;;
3124;v16.2.15;v17.2.7;src/pybind/mgr/dashboard/services/iscsi_cli.py;;M;M;0;1;FALSE;100644;100644;71e6c9f3d9a2f33a0ae287054ed3aae96fabd65b;0e2e0b215ff3ac642009ff8c575da215d7d8720a;07;07-mgr-modules-monitoring;P1;runtime/source;conditional;"Triage owner 07: MGR, dashboard or monitoring path; inspect endpoint hunk before binary impact verdict.";;;;
3125;v16.2.15;v17.2.7;src/pybind/mgr/dashboard/services/iscsi_client.py;;M;M;0;1;FALSE;100644;100644;9cc2600e1217b720cbae4de136e7d6e026c16f10;c222fbb0d75b20a8aa5d225770f87e759c74e8e5;07;07-mgr-modules-monitoring;P1;runtime/source;conditional;"Triage owner 07: MGR, dashboard or monitoring path; inspect endpoint hunk before binary impact verdict.";;;;
3126;v16.2.15;v17.2.7;src/pybind/mgr/dashboard/services/iscsi_config.py;;M;M;0;1;FALSE;100644;100644;7cdd5cd02c62b3879b55a09f7358e0e565740db9;c1898a463cac96f8f85e5136ad33c683b09c7b9f;07;07-mgr-modules-monitoring;P1;runtime/source;conditional;"Triage owner 07: MGR, dashboard or monitoring path; inspect endpoint hunk before binary impact verdict.";;;;
3127;v16.2.15;v17.2.7;src/pybind/mgr/dashboard/services/orchestrator.py;;M;M;15;5;FALSE;100644;100644;3ca9a0f379f6bd380cdba465781b1cc68561b545;1818164d6c96cbe3d30379e8783b03212b4548be;07;07-mgr-modules-monitoring;P1;runtime/source;conditional;"Triage owner 07: MGR, dashboard or monitoring path; inspect endpoint hunk before binary impact verdict.";;;;
3128;v16.2.15;v17.2.7;src/pybind/mgr/dashboard/services/progress.py;;M;M;0;1;FALSE;100644;100644;96272beff7c451ce7ee2002b49cc0b204e00220e;d1afefbac0c99fbad0f8075d3b2eb71dd7006e05;07;07-mgr-modules-monitoring;P1;runtime/source;conditional;"Triage owner 07: MGR, dashboard or monitoring path; inspect endpoint hunk before binary impact verdict.";;;;
3129;v16.2.15;v17.2.7;src/pybind/mgr/dashboard/services/rbd.py;;M;M;219;75;FALSE;100644;100644;b2181344fdd352c3778e1b6c4269f1301e9856ad;faf63fd5ef7c86f87d5a44d2ed45635622da7eb9;07;07-mgr-modules-monitoring;P1;runtime/source;conditional;"Triage owner 07: MGR, dashboard or monitoring path; inspect endpoint hunk before binary impact verdict.";;;;
3130;v16.2.15;v17.2.7;src/pybind/mgr/dashboard/services/rgw_client.py;;M;M;122;1;FALSE;100644;100644;f6ee0df576111b9027b50b60330d0dabe6ba2ab5;236fd45646499cbfa7bcc6ca28ff9bf7e49cfbba;07;07-mgr-modules-monitoring;P1;runtime/source;conditional;"Triage owner 07: MGR, dashboard or monitoring path; inspect endpoint hunk before binary impact verdict.";;;;
3131;v16.2.15;v17.2.7;src/pybind/mgr/dashboard/services/settings.py;;A;A;30;0;FALSE;000000;100644;0000000000000000000000000000000000000000;373d3966ab7a3a0a08b30b5cb20375d3ed779d7f;07;07-mgr-modules-monitoring;P1;runtime/source;conditional;"Triage owner 07: MGR, dashboard or monitoring path; inspect endpoint hunk before binary impact verdict.";;;;
3132;v16.2.15;v17.2.7;src/pybind/mgr/dashboard/services/sso.py;;M;M;129;93;FALSE;100644;100644;f2f2a6a7da5b4b2def13aa620f3c3fb8ee1dbf60;74b1a3e52cf5c59025f6ea909b220d53d24ba506;07;07-mgr-modules-monitoring;P1;runtime/source;conditional;"Triage owner 07: MGR, dashboard or monitoring path; inspect endpoint hunk before binary impact verdict.";;;;
3133;v16.2.15;v17.2.7;src/pybind/mgr/dashboard/settings.py;;M;M;3;4;FALSE;100644;100644;c6a4c235c3354efbb86d73f4036d2a0cba798cd8;6018f0d7f9c73facc52097e0efe1db1df6e33ef3;07;07-mgr-modules-monitoring;P1;runtime/source;conditional;"Triage owner 07: MGR, dashboard or monitoring path; inspect endpoint hunk before binary impact verdict.";;;;
3134;v16.2.15;v17.2.7;src/pybind/mgr/dashboard/tests/__init__.py;;M;M;67;42;FALSE;100644;100644;af264b3b16abce0f50cc1318d42c59ba2019378e;51d233208b94cb9d3e8888b64664b4aaec605e70;07;07-mgr-modules-monitoring;P1;runtime/source;conditional;"Triage owner 07: MGR, dashboard or monitoring path; inspect endpoint hunk before binary impact verdict.";;;;
3135;v16.2.15;v17.2.7;src/pybind/mgr/dashboard/tests/helper.py;;M;M;0;1;FALSE;100644;100644;e71133a108b73069fc128680127ef453ad195bac;67dd09fdfe1dad29adb80c94886c7b67d3c8d793;07;07-mgr-modules-monitoring;P1;runtime/source;conditional;"Triage owner 07: MGR, dashboard or monitoring path; inspect endpoint hunk before binary impact verdict.";;;;
3136;v16.2.15;v17.2.7;src/pybind/mgr/dashboard/tests/test_access_control.py;;M;M;0;1;FALSE;100644;100644;361f65e60dc015fcb12c0d6b6d257ed2a057a6c1;b97082cbd47dfdcdb2a39b033880667ce5a09a61;07;07-mgr-modules-monitoring;P1;runtime/source;conditional;"Triage owner 07: MGR, dashboard or monitoring path; inspect endpoint hunk before binary impact verdict.";;;;
3137;v16.2.15;v17.2.7;src/pybind/mgr/dashboard/tests/test_api_auditing.py;;M;M;0;1;FALSE;100644;100644;854d76468c21fe17185968be01105568a27811eb;dd47b26c4e832e87a8132e38f23db42ecdc0cca7;07;07-mgr-modules-monitoring;P1;runtime/source;conditional;"Triage owner 07: MGR, dashboard or monitoring path; inspect endpoint hunk before binary impact verdict.";;;;
3138;v16.2.15;v17.2.7;src/pybind/mgr/dashboard/tests/test_cache.py;;A;A;48;0;FALSE;000000;100644;0000000000000000000000000000000000000000;f767676c4757a529f3be4635e06d2965e3bab770;07;07-mgr-modules-monitoring;P1;runtime/source;conditional;"Triage owner 07: MGR, dashboard or monitoring path; inspect endpoint hunk before binary impact verdict.";;;;
3139;v16.2.15;v17.2.7;src/pybind/mgr/dashboard/tests/test_ceph_service.py;;M;M;0;1;FALSE;100644;100644;440fc712112f64db6cfa2fdd05e19cf86f59590a;7d178695c8d568ce158f89b9dfdfe7f43ece8e39;07;07-mgr-modules-monitoring;P1;runtime/source;conditional;"Triage owner 07: MGR, dashboard or monitoring path; inspect endpoint hunk before binary impact verdict.";;;;
3140;v16.2.15;v17.2.7;src/pybind/mgr/dashboard/tests/test_ceph_users.py;;A;A;52;0;FALSE;000000;100644;0000000000000000000000000000000000000000;9e0ee525b5ca0e73ef4b91cefc735fd2c441134d;07;07-mgr-modules-monitoring;P1;runtime/source;conditional;"Triage owner 07: MGR, dashboard or monitoring path; inspect endpoint hunk before binary impact verdict.";;;;
3141;v16.2.15;v17.2.7;src/pybind/mgr/dashboard/tests/test_controllers.py;;M;M;0;1;FALSE;100644;100644;4b91b110391e15477eb8f4045ef9beb542338c9d;0f1662ebd0a241281c7d42f80216a537c6f86955;07;07-mgr-modules-monitoring;P1;runtime/source;conditional;"Triage owner 07: MGR, dashboard or monitoring path; inspect endpoint hunk before binary impact verdict.";;;;
3142;v16.2.15;v17.2.7;src/pybind/mgr/dashboard/tests/test_crud.py;;A;A;68;0;FALSE;000000;100644;0000000000000000000000000000000000000000;a94dfad6254f9b6c98cd9bfc14581a143aff41f6;07;07-mgr-modules-monitoring;P1;runtime/source;conditional;"Triage owner 07: MGR, dashboard or monitoring path; inspect endpoint hunk before binary impact verdict.";;;;
3143;v16.2.15;v17.2.7;src/pybind/mgr/dashboard/tests/test_docs.py;;M;M;116;1;FALSE;100644;100644;5291edb3bb77f6ef1ecebf351ea3503b091f5a52;ded0c140e6704b351b77743bc2522526ddfde2c7;07;07-mgr-modules-monitoring;P1;runtime/source;conditional;"Triage owner 07: MGR, dashboard or monitoring path; inspect endpoint hunk before binary impact verdict.";;;;
3144;v16.2.15;v17.2.7;src/pybind/mgr/dashboard/tests/test_exceptions.py;;M;M;0;1;FALSE;100644;100644;2a9e840b8987b5f9cc5e8d9720bb4dd716c0e8cd;ff4edabddc504069275b636030959aded54777ba;07;07-mgr-modules-monitoring;P1;runtime/source;conditional;"Triage owner 07: MGR, dashboard or monitoring path; inspect endpoint hunk before binary impact verdict.";;;;
3145;v16.2.15;v17.2.7;src/pybind/mgr/dashboard/tests/test_feature_toggles.py;;M;M;0;1;FALSE;100644;100644;dcc41b25eb1023295931a16ee1a7b89f83629827;3ba434dee87c0d8937a59562a93a163e876a03c5;07;07-mgr-modules-monitoring;P1;runtime/source;conditional;"Triage owner 07: MGR, dashboard or monitoring path; inspect endpoint hunk before binary impact verdict.";;;;
3146;v16.2.15;v17.2.7;src/pybind/mgr/dashboard/tests/test_home.py;;M;M;0;1;FALSE;100644;100644;0b788626048df87c8f4a001370de49b17b1a70c7;883c6cc6a5f2949556dd1ee89109a408d0c77c07;07;07-mgr-modules-monitoring;P1;runtime/source;conditional;"Triage owner 07: MGR, dashboard or monitoring path; inspect endpoint hunk before binary impact verdict.";;;;
3147;v16.2.15;v17.2.7;src/pybind/mgr/dashboard/tests/test_host.py;;M;M;130;41;FALSE;100644;100644;5c816f08a6fd9d90dca4b4b1bc08a2c438ed95bc;8a86d3b4ba522ca959b83a7bb1c5e62bfe709fcf;07;07-mgr-modules-monitoring;P1;runtime/source;conditional;"Triage owner 07: MGR, dashboard or monitoring path; inspect endpoint hunk before binary impact verdict.";;;;
3148;v16.2.15;v17.2.7;src/pybind/mgr/dashboard/tests/test_iscsi.py;;M;M;269;1;FALSE;100644;100644;7728a496b9ebbf14cbf879f1e2b50a041042f8c9;f3f786c2928e0de66133e753b847bf564bcf5f68;07;07-mgr-modules-monitoring;P1;runtime/source;conditional;"Triage owner 07: MGR, dashboard or monitoring path; inspect endpoint hunk before binary impact verdict.";;;;
3149;v16.2.15;v17.2.7;src/pybind/mgr/dashboard/tests/test_notification.py;;M;M;0;1;FALSE;100644;100644;df303e455634f4a4afd63416f233ca1c05937259;0abca989c229bce0606f7681336219085fb6e4b5;07;07-mgr-modules-monitoring;P1;runtime/source;conditional;"Triage owner 07: MGR, dashboard or monitoring path; inspect endpoint hunk before binary impact verdict.";;;;
3150;v16.2.15;v17.2.7;src/pybind/mgr/dashboard/tests/test_osd.py;;M;M;58;0;FALSE;100644;100644;5d1b0c6becbc7838982527d4d6944e5daaf9f629;144a98e49af4634c57c209a5c82def46ba3e1807;07;07-mgr-modules-monitoring;P1;runtime/source;conditional;"Triage owner 07: MGR, dashboard or monitoring path; inspect endpoint hunk before binary impact verdict.";;;;
3151;v16.2.15;v17.2.7;src/pybind/mgr/dashboard/tests/test_plugin_debug.py;;M;M;0;1;FALSE;100644;100644;572f82a416187df4476cb196b9e95f1b9638c910;6f8075e4f4e36ded93f30de4d853361738df82ef;07;07-mgr-modules-monitoring;P1;runtime/source;conditional;"Triage owner 07: MGR, dashboard or monitoring path; inspect endpoint hunk before binary impact verdict.";;;;
3152;v16.2.15;v17.2.7;src/pybind/mgr/dashboard/tests/test_pool.py;;M;M;59;0;FALSE;100644;100644;02e2b641ca470d5f1a253a90751553289bcba5d6;6f87e955d8fe69fefdc9050bd0a2292a3b6f1483;07;07-mgr-modules-monitoring;P1;runtime/source;conditional;"Triage owner 07: MGR, dashboard or monitoring path; inspect endpoint hunk before binary impact verdict.";;;;
3153;v16.2.15;v17.2.7;src/pybind/mgr/dashboard/tests/test_rbd_mirroring.py;;M;M;128;5;FALSE;100644;100644;69e3f11e247962f46b5e024f92f9706ff564b45b;fd36f681b72d11c490e6873a98cf7668976f9381;07;07-mgr-modules-monitoring;P1;runtime/source;conditional;"Triage owner 07: MGR, dashboard or monitoring path; inspect endpoint hunk before binary impact verdict.";;;;
3154;v16.2.15;v17.2.7;src/pybind/mgr/dashboard/tests/test_rbd_service.py;;M;M;0;1;FALSE;100644;100644;ad182530060f11fe638b46e3a3034ea4b252b8c0;6d780c816511e3b9ab07c58edaf1ee1b844bb0c2;07;07-mgr-modules-monitoring;P1;runtime/source;conditional;"Triage owner 07: MGR, dashboard or monitoring path; inspect endpoint hunk before binary impact verdict.";;;;
3155;v16.2.15;v17.2.7;src/pybind/mgr/dashboard/tests/test_rgw.py;;M;M;8;4;FALSE;100644;100644;cea12ba4fb7499ec2d601c56c6103091e3828ca7;33b5ecb6cf90936ad57d1a0860302f4cdcf8b0c3;07;07-mgr-modules-monitoring;P1;runtime/source;conditional;"Triage owner 07: MGR, dashboard or monitoring path; inspect endpoint hunk before binary impact verdict.";;;;
3156;v16.2.15;v17.2.7;src/pybind/mgr/dashboard/tests/test_settings.py;;M;M;0;1;FALSE;100644;100644;e204b566ab50043b83e5c1209cd7d72dc83ddc71;d6c94b6b0b8ba9956018aa3e44f405ce615c838c;07;07-mgr-modules-monitoring;P1;runtime/source;conditional;"Triage owner 07: MGR, dashboard or monitoring path; inspect endpoint hunk before binary impact verdict.";;;;
3157;v16.2.15;v17.2.7;src/pybind/mgr/dashboard/tests/test_sso.py;;M;M;38;1;FALSE;100644;100644;5594738d173b4d6c08d6807da32bf8cd7441f32e;e077dde19e18a65cb7a541c71aace5f81fefefef;07;07-mgr-modules-monitoring;P1;runtime/source;conditional;"Triage owner 07: MGR, dashboard or monitoring path; inspect endpoint hunk before binary impact verdict.";;;;
3158;v16.2.15;v17.2.7;src/pybind/mgr/dashboard/tests/test_task.py;;M;M;0;1;FALSE;100644;100644;0d51e2d3f889d06cbef28e3925c75e6bc012986d;2506c3913c2f39115bf239be76bbde62a1495573;07;07-mgr-modules-monitoring;P1;runtime/source;conditional;"Triage owner 07: MGR, dashboard or monitoring path; inspect endpoint hunk before binary impact verdict.";;;;
3159;v16.2.15;v17.2.7;src/pybind/mgr/dashboard/tests/test_tools.py;;M;M;0;1;FALSE;100644;100644;eaae3e2959e0c7374b3c38c8f9b3113c9dad0248;29f6123f327208ebfaabba4385cdbda2317b64f8;07;07-mgr-modules-monitoring;P1;runtime/source;conditional;"Triage owner 07: MGR, dashboard or monitoring path; inspect endpoint hunk before binary impact verdict.";;;;
3160;v16.2.15;v17.2.7;src/pybind/mgr/dashboard/tests/test_versioning.py;;M;M;0;1;FALSE;100644;100644;0a77a299e98d53b1b5c8ffb9fe7e3d97db2d0623;0fc4b9336b0a6f44e844abfcadcf562c517aaf74;07;07-mgr-modules-monitoring;P1;runtime/source;conditional;"Triage owner 07: MGR, dashboard or monitoring path; inspect endpoint hunk before binary impact verdict.";;;;
3161;v16.2.15;v17.2.7;src/pybind/mgr/dashboard/tools.py;;M;M;0;1;FALSE;100644;100644;1ae194219ec6d4ca2665b05d093b9e183ca64e09;4e4837d9323e04b5a28c0be58de00353268cb42b;07;07-mgr-modules-monitoring;P1;runtime/source;conditional;"Triage owner 07: MGR, dashboard or monitoring path; inspect endpoint hunk before binary impact verdict.";;;;
3162;v16.2.15;v17.2.7;src/pybind/mgr/devicehealth/__init__.py;;M;M;1;1;FALSE;100644;100644;4c5b97ce82b2781727c592b5f99f476111a250c7;ee85dc9d376e61235d719cf25585769bd07299a6;07;07-mgr-modules-monitoring;P1;runtime/source;conditional;"Triage owner 07: MGR, dashboard or monitoring path; inspect endpoint hunk before binary impact verdict.";;;;
3163;v16.2.15;v17.2.7;src/pybind/mgr/devicehealth/module.py;;M;M;214;170;FALSE;100644;100644;0f426e3a4bc6a5df2677532216e7abfba6c8b662;e924870352f86eb46e63535a44ab3eb9328f33b7;07;07-mgr-modules-monitoring;P1;runtime/source;conditional;"Triage owner 07: MGR, dashboard or monitoring path; inspect endpoint hunk before binary impact verdict.";;affect;MGR-001;Devicehealth changes from RADOS OMAP metrics in device_health_metrics to SQLite in .mgr and imports/removes legacy OMAP records during target module service loop.
3164;v16.2.15;v17.2.7;src/pybind/mgr/diskprediction_local/__init__.py;;M;M;1;0;FALSE;100644;100644;8f210ac9247ea49624b20582ca8206e56055fbcd;ee85dc9d376e61235d719cf25585769bd07299a6;07;07-mgr-modules-monitoring;P1;runtime/source;conditional;"Triage owner 07: MGR, dashboard or monitoring path; inspect endpoint hunk before binary impact verdict.";;;;
3165;v16.2.15;v17.2.7;src/pybind/mgr/diskprediction_local/module.py;;M;M;71;85;FALSE;100644;100644;948c59bd7edf0a3090b61df6327e0143da80d89e;450dc9c83599d983d524748e26452d31e99e5867;07;07-mgr-modules-monitoring;P1;runtime/source;conditional;"Triage owner 07: MGR, dashboard or monitoring path; inspect endpoint hunk before binary impact verdict.";;;;
3166;v16.2.15;v17.2.7;src/pybind/mgr/diskprediction_local/predictor.py;;M;M;72;54;FALSE;100644;100644;548454145cea94c5b890db09c3c41279cecdd90d;3bbe7a4b7f232f227d1ed0735d4f16296bd9c52b;07;07-mgr-modules-monitoring;P1;runtime/source;conditional;"Triage owner 07: MGR, dashboard or monitoring path; inspect endpoint hunk before binary impact verdict.";;;;
3167;v16.2.15;v17.2.7;src/pybind/mgr/feedback/__init__.py;;A;A;2;0;FALSE;000000;100644;0000000000000000000000000000000000000000;0bc7059e7d45eedac3ea8aa2f673d334cb770bab;07;07-mgr-modules-monitoring;P1;runtime/source;conditional;"Triage owner 07: MGR, dashboard or monitoring path; inspect endpoint hunk before binary impact verdict.";;;;
3168;v16.2.15;v17.2.7;src/pybind/mgr/feedback/model.py;;A;A;47;0;FALSE;000000;100644;0000000000000000000000000000000000000000;902f182563783158a5c778251035ebbe41300b1c;07;07-mgr-modules-monitoring;P1;runtime/source;conditional;"Triage owner 07: MGR, dashboard or monitoring path; inspect endpoint hunk before binary impact verdict.";;;;
3169;v16.2.15;v17.2.7;src/pybind/mgr/feedback/module.py;;A;A;139;0;FALSE;000000;100644;0000000000000000000000000000000000000000;95683912c090b3667e646c837a9a3468fff41505;07;07-mgr-modules-monitoring;P1;runtime/source;conditional;"Triage owner 07: MGR, dashboard or monitoring path; inspect endpoint hunk before binary impact verdict.";;;;
3170;v16.2.15;v17.2.7;src/pybind/mgr/feedback/service.py;;A;A;49;0;FALSE;000000;100644;0000000000000000000000000000000000000000;dc8c6b64a6d5a1fed34d3583d932768f58586e73;07;07-mgr-modules-monitoring;P1;runtime/source;conditional;"Triage owner 07: MGR, dashboard or monitoring path; inspect endpoint hunk before binary impact verdict.";;;;
3171;v16.2.15;v17.2.7;src/pybind/mgr/hello/__init__.py;;M;M;1;0;FALSE;100644;100644;129920c09133ef19c66f6d774cf4bd6ab2768f17;9e537bfce3465b2eadb8d7ff5392ad99210476a3;07;07-mgr-modules-monitoring;P1;runtime/source;conditional;"Triage owner 07: MGR, dashboard or monitoring path; inspect endpoint hunk before binary impact verdict.";;;;
3172;v16.2.15;v17.2.7;src/pybind/mgr/hello/module.py;;M;M;57;67;FALSE;100644;100644;b164dfb620d0f4c15b28f6051902f487f532996a;d4b50f401fcd357e2b70f767dc8819e942c7ce2f;07;07-mgr-modules-monitoring;P1;runtime/source;conditional;"Triage owner 07: MGR, dashboard or monitoring path; inspect endpoint hunk before binary impact verdict.";;;;
3173;v16.2.15;v17.2.7;src/pybind/mgr/influx/module.py;;M;M;111;125;FALSE;100644;100644;0f43ac0bb878ebea5a2012d7f66c398d7bc64fa5;334b6c77f9f48eb49b0251c2ac3c6c4434d54690;07;07-mgr-modules-monitoring;P1;runtime/source;conditional;"Triage owner 07: MGR, dashboard or monitoring path; inspect endpoint hunk before binary impact verdict.";;;;
3174;v16.2.15;v17.2.7;src/pybind/mgr/insights/health.py;;M;M;18;13;FALSE;100644;100644;48e5c37f41b899bda6f1d15d6493e36aab54ebb3;1deb5d3a611889bbc876b9aca888f0036d41fb16;07;07-mgr-modules-monitoring;P1;runtime/source;conditional;"Triage owner 07: MGR, dashboard or monitoring path; inspect endpoint hunk before binary impact verdict.";;;;
3175;v16.2.15;v17.2.7;src/pybind/mgr/insights/module.py;;M;M;9;15;FALSE;100644;100644;12c88e73e1667d0b700d20d26a3d870dd0f76556;5e891069e8f34def59174fe337ae2955e6ed1734;07;07-mgr-modules-monitoring;P1;runtime/source;conditional;"Triage owner 07: MGR, dashboard or monitoring path; inspect endpoint hunk before binary impact verdict.";;;;
3176;v16.2.15;v17.2.7;src/pybind/mgr/insights/tests/test_health.py;;M;M;34;32;FALSE;100644;100644;c39e1097d4637ccfb1e9ba2a9c903ea9ddd0e990;06e6454f92ce873c3ce363921bba32529856f86f;07;07-mgr-modules-monitoring;P1;runtime/source;conditional;"Triage owner 07: MGR, dashboard or monitoring path; inspect endpoint hunk before binary impact verdict.";;;;
3177;v16.2.15;v17.2.7;src/pybind/mgr/iostat/__init__.py;;M;M;1;0;FALSE;100644;100644;8f210ac9247ea49624b20582ca8206e56055fbcd;ee85dc9d376e61235d719cf25585769bd07299a6;07;07-mgr-modules-monitoring;P1;runtime/source;conditional;"Triage owner 07: MGR, dashboard or monitoring path; inspect endpoint hunk before binary impact verdict.";;;;
3178;v16.2.15;v17.2.7;src/pybind/mgr/iostat/module.py;;M;M;6;4;FALSE;100644;100644;7a340ff4ae6e55bae935a941697f7f0175ddb440;b101094abc0c65f87e100b341fc3e7207288a18f;07;07-mgr-modules-monitoring;P1;runtime/source;conditional;"Triage owner 07: MGR, dashboard or monitoring path; inspect endpoint hunk before binary impact verdict.";;;;
3179;v16.2.15;v17.2.7;src/pybind/mgr/localpool/__init__.py;;M;M;1;0;FALSE;100644;100644;8f210ac9247ea49624b20582ca8206e56055fbcd;ee85dc9d376e61235d719cf25585769bd07299a6;07;07-mgr-modules-monitoring;P1;runtime/source;conditional;"Triage owner 07: MGR, dashboard or monitoring path; inspect endpoint hunk before binary impact verdict.";;;;
3180;v16.2.15;v17.2.7;src/pybind/mgr/localpool/module.py;;M;M;48;49;FALSE;100644;100644;b8546601366b8eff0c9cc0e15d899a37e237e00e;0706dff65194a7e2c21c61aa8026adddd287999a;07;07-mgr-modules-monitoring;P1;runtime/source;conditional;"Triage owner 07: MGR, dashboard or monitoring path; inspect endpoint hunk before binary impact verdict.";;;;
3181;v16.2.15;v17.2.7;src/pybind/mgr/mds_autoscaler/module.py;;M;M;5;4;FALSE;100644;100644;a6bbadfd57bbd3de8b7acb480d2b2cf500e0b5cb;2f780059c0b7d8b461f46f605ea2bd8ee39444bd;07;07-mgr-modules-monitoring;P1;runtime/source;conditional;"Triage owner 07: MGR, dashboard or monitoring path; inspect endpoint hunk before binary impact verdict.";;;;
3182;v16.2.15;v17.2.7;src/pybind/mgr/mgr_module.py;;M;M;326;15;FALSE;100644;100644;d70e9113babc9811902ab7236635517439c93931;79bd31e5b95221719056517303bd5e37f6665915;07;07-mgr-modules-monitoring;P1;runtime/source;conditional;"Triage owner 07: MGR, dashboard or monitoring path; inspect endpoint hunk before binary impact verdict.";;affect;MGR-001;"New MgrModule.open_db/create_mgr_pool renames an existing device-health pool to .mgr and creates a per-module SQLite DB during target MGR activation; persistent pool/state behavior changes."
3183;v16.2.15;v17.2.7;src/pybind/mgr/mgr_util.py;;M;M;19;19;FALSE;100644;100644;d07e4ac0dae42906f2dddfa0444b738c73f857c9;1371f4c219c53419a9a292bd216671fe3456279c;07;07-mgr-modules-monitoring;P1;runtime/source;conditional;"Triage owner 07: MGR, dashboard or monitoring path; inspect endpoint hunk before binary impact verdict.";;;;
3189;v16.2.15;v17.2.7;src/pybind/mgr/object_format.py;;A;A;612;0;FALSE;000000;100644;0000000000000000000000000000000000000000;b53bc3eb060a6691fd92a7e7613cbc3c906d6a1f;07;07-mgr-modules-monitoring;P1;runtime/source;conditional;"Triage owner 07: MGR, dashboard or monitoring path; inspect endpoint hunk before binary impact verdict.";;;;
3190;v16.2.15;v17.2.7;src/pybind/mgr/orchestrator/_interface.py;;M;M;64;8;FALSE;100644;100644;db69459076820e5bd99c6cf32c721c6cd77bd2b4;a58143807d1807b3d98c5b9ddbd47ef46dffb0bb;07;07-mgr-modules-monitoring;P1;runtime/source;conditional;"Triage owner 07: MGR, dashboard or monitoring path; inspect endpoint hunk before binary impact verdict.";;;;
3191;v16.2.15;v17.2.7;src/pybind/mgr/orchestrator/module.py;;M;M;260;41;FALSE;100644;100644;40f259643a42649b0275c518ddb225ed83d41233;208d27a82a1bfd9800686aa2083d283aca7d1b4c;07;07-mgr-modules-monitoring;P1;runtime/source;conditional;"Triage owner 07: MGR, dashboard or monitoring path; inspect endpoint hunk before binary impact verdict.";;;;
3192;v16.2.15;v17.2.7;src/pybind/mgr/orchestrator/tests/test_orchestrator.py;;M;M;73;1;FALSE;100644;100644;7fe32e559be4a608741cde0bd3361e92b16a989c;726a7ac7937c53ffbf4b471322c0deca10323877;07;07-mgr-modules-monitoring;P1;runtime/source;conditional;"Triage owner 07: MGR, dashboard or monitoring path; inspect endpoint hunk before binary impact verdict.";;;;
3193;v16.2.15;v17.2.7;src/pybind/mgr/pg_autoscaler/module.py;;M;M;56;42;FALSE;100644;100644;191da430c8dcaa70521556e4ab65b6cf5822615d;0376667678b5ebf9c17e5a7ced6f0a8c554fc659;07;07-mgr-modules-monitoring;P1;runtime/source;conditional;"Triage owner 07: MGR, dashboard or monitoring path; inspect endpoint hunk before binary impact verdict.";;;;
3194;v16.2.15;v17.2.7;src/pybind/mgr/progress/module.py;;M;M;10;1;FALSE;100644;100644;422aba962a1c0da4c63748f081dbe8e01b03d8e6;7c98200faa6a7f1fc1f1d3936303ab1c5356ed98;07;07-mgr-modules-monitoring;P1;runtime/source;conditional;"Triage owner 07: MGR, dashboard or monitoring path; inspect endpoint hunk before binary impact verdict.";;;;
3195;v16.2.15;v17.2.7;src/pybind/mgr/prometheus/module.py;;M;M;35;9;FALSE;100644;100644;4bc9b719338d6316a5aff63fbaeb0f55feb0a8b9;402683133d17f24e6396a5369d45546202b6b7a6;07;07-mgr-modules-monitoring;P1;runtime/source;conditional;"Triage owner 07: MGR, dashboard or monitoring path; inspect endpoint hunk before binary impact verdict.";;;;
3196;v16.2.15;v17.2.7;src/pybind/mgr/rbd_support/common.py;;M;M;18;4;FALSE;100644;100644;f6bac8f39226df469aa347385237040192a205d6;9c9c9248fb571118528e7eb7e41008ee45041122;07;07-mgr-modules-monitoring;P1;runtime/source;conditional;"Triage owner 07: MGR, dashboard or monitoring path; inspect endpoint hunk before binary impact verdict.";;;;
3197;v16.2.15;v17.2.7;src/pybind/mgr/rbd_support/mirror_snapshot_schedule.py;;M;M;104;85;FALSE;100644;100644;a8b56b165cb846710145ccdf19783ffc96d5a0c1;b502ebbe34bfe268c340d4a06d317b406f5b34fa;07;07-mgr-modules-monitoring;P1;runtime/source;conditional;"Triage owner 07: MGR, dashboard or monitoring path; inspect endpoint hunk before binary impact verdict.";;;;
3198;v16.2.15;v17.2.7;src/pybind/mgr/rbd_support/module.py;;M;M;247;185;FALSE;100644;100644;79944a1d82c5ff5b972635b75dc61b35952f181d;369face038ad2a4d0899821adf1118432d88bd01;07;07-mgr-modules-monitoring;P1;runtime/source;conditional;"Triage owner 07: MGR, dashboard or monitoring path; inspect endpoint hunk before binary impact verdict.";;;;
3199;v16.2.15;v17.2.7;src/pybind/mgr/rbd_support/perf.py;;M;M;129;77;FALSE;100644;100644;469309c60f1e997c3ea488e9ac556e33e19bdb1b;68cbbd3b5f48b42fa0fd61f4f05ae327965744df;07;07-mgr-modules-monitoring;P1;runtime/source;conditional;"Triage owner 07: MGR, dashboard or monitoring path; inspect endpoint hunk before binary impact verdict.";;;;
3200;v16.2.15;v17.2.7;src/pybind/mgr/rbd_support/schedule.py;;M;M;129;74;FALSE;100644;100644;d9ffb6f72316b49af1cfde3353267cb8cbc7d1aa;ee029d1555f77e54da098d582e85124bb7fdf850;07;07-mgr-modules-monitoring;P1;runtime/source;conditional;"Triage owner 07: MGR, dashboard or monitoring path; inspect endpoint hunk before binary impact verdict.";;;;
3201;v16.2.15;v17.2.7;src/pybind/mgr/rbd_support/task.py;;M;M;101;92;FALSE;100644;100644;ca3005c0c14a33f11e21f2e63560ba2fe90fccfe;7d6b2cc1f3a2f8a77eca11ace4c880f9404ef3d5;07;07-mgr-modules-monitoring;P1;runtime/source;conditional;"Triage owner 07: MGR, dashboard or monitoring path; inspect endpoint hunk before binary impact verdict.";;;;
3202;v16.2.15;v17.2.7;src/pybind/mgr/rbd_support/trash_purge_schedule.py;;M;M;34;49;FALSE;100644;100644;9b8e7b9e8c05941264bae88a3646c5b685804ed6;b5ff9f125ab0e054b051be6f37bbafa028fecae2;07;07-mgr-modules-monitoring;P1;runtime/source;conditional;"Triage owner 07: MGR, dashboard or monitoring path; inspect endpoint hunk before binary impact verdict.";;;;
3203;v16.2.15;v17.2.7;src/pybind/mgr/requirements-required.txt;;A;A;17;0;FALSE;000000;100644;0000000000000000000000000000000000000000;1fad65c626f8661d04e5238d9f06714a6bd27922;07;07-mgr-modules-monitoring;P1;runtime/source;conditional;"Triage owner 07: MGR, dashboard or monitoring path; inspect endpoint hunk before binary impact verdict.";;;;
3204;v16.2.15;v17.2.7;src/pybind/mgr/requirements.txt;;M;M;4;12;FALSE;100644;100644;252357952701d368c3ff60afc8968ba1cec50e1f;1c7b326a70f0fef4bc4cdd4589f09f8476973925;07;07-mgr-modules-monitoring;P1;runtime/source;conditional;"Triage owner 07: MGR, dashboard or monitoring path; inspect endpoint hunk before binary impact verdict.";;;;
3205;v16.2.15;v17.2.7;src/pybind/mgr/restful/api/crush.py;;M;M;0;1;FALSE;100644;100644;015c494962e0c24f465c9c62198a3c4414d080c8;79f9007b6fdc8f1cff07b79775bef1dd71c731b7;07;07-mgr-modules-monitoring;P1;runtime/source;conditional;"Triage owner 07: MGR, dashboard or monitoring path; inspect endpoint hunk before binary impact verdict.";;;;
3206;v16.2.15;v17.2.7;src/pybind/mgr/restful/decorators.py;;M;M;0;1;FALSE;100644;100644;d1d3fbcd5178e5562bfb8f505a591f6a31ad6c8c;11840a9913a670dedd779aab1f8d6a5bf0c4e264;07;07-mgr-modules-monitoring;P1;runtime/source;conditional;"Triage owner 07: MGR, dashboard or monitoring path; inspect endpoint hunk before binary impact verdict.";;;;
3207;v16.2.15;v17.2.7;src/pybind/mgr/restful/hooks.py;;M;M;0;1;FALSE;100644;100644;d677dcc2a15a7c55774165a11e010dabe40d78e6;c57cbcd404d0b22800b6d3fec6c86ced5cc2e835;07;07-mgr-modules-monitoring;P1;runtime/source;conditional;"Triage owner 07: MGR, dashboard or monitoring path; inspect endpoint hunk before binary impact verdict.";;;;
3208;v16.2.15;v17.2.7;src/pybind/mgr/restful/module.py;;M;M;1;3;FALSE;100644;100644;3eb98a71e6a2cd9d15e8686bc36a0b61b1f7057e;cb8391ecd08dabc12aa064e2f665443f5a397e9f;07;07-mgr-modules-monitoring;P1;runtime/source;conditional;"Triage owner 07: MGR, dashboard or monitoring path; inspect endpoint hunk before binary impact verdict.";;;;
3209;v16.2.15;v17.2.7;src/pybind/mgr/rgw/__init__.py;;A;A;2;0;FALSE;000000;100644;0000000000000000000000000000000000000000;ee85dc9d376e61235d719cf25585769bd07299a6;07;07-mgr-modules-monitoring;P1;runtime/source;conditional;"Triage owner 07: MGR, dashboard or monitoring path; inspect endpoint hunk before binary impact verdict.";;;;
3210;v16.2.15;v17.2.7;src/pybind/mgr/rgw/module.py;;A;A;351;0;FALSE;000000;100644;0000000000000000000000000000000000000000;bb1f9460025780c9726d604d645af67de95cd759;07;07-mgr-modules-monitoring;P1;runtime/source;conditional;"Triage owner 07: MGR, dashboard or monitoring path; inspect endpoint hunk before binary impact verdict.";;;;
3212;v16.2.15;v17.2.7;src/pybind/mgr/rook/__init__.py;;M;M;3;0;FALSE;100644;100644;b9f08fc8007eeda3fe50fb781d36823997f9c043;b16bddb73e7ab3b822c26dd512e63a54cca15b58;07;07-mgr-modules-monitoring;P1;runtime/source;conditional;"Triage owner 07: MGR, dashboard or monitoring path; inspect endpoint hunk before binary impact verdict.";;;;
3213;v16.2.15;v17.2.7;src/pybind/mgr/rook/module.py;;M;M;265;60;FALSE;100644;100644;70512567ab4c3fda067a7705946d65fca54552d3;b67349d1bff6229ba3f76f7b4cd896475c4d1622;07;07-mgr-modules-monitoring;P1;runtime/source;conditional;"Triage owner 07: MGR, dashboard or monitoring path; inspect endpoint hunk before binary impact verdict.";;;;
3214;v16.2.15;v17.2.7;src/pybind/mgr/rook/rook-client-python;;M;M;1;1;FALSE;160000;160000;0b46d500a741afabe5c4efd1bb07e6f8903f0ef0;82673cd7c7a3f4919b98706985ff27e57d2c1b94;07;07-mgr-modules-monitoring;P1;dependency/gitlink;conditional;"Triage owner 07: MGR, dashboard or monitoring path; inspect endpoint hunk before binary impact verdict.";"Gitlink changed; inspect referenced dependency objects.";;;
3215;v16.2.15;v17.2.7;src/pybind/mgr/rook/rook_cluster.py;;M;M;880;128;FALSE;100644;100644;323ac68888f4c9b6d324e6bfd70d4c2e7a5b8be2;2ac1dcb8a843982be376b601f1fa6fa32b06d5cb;07;07-mgr-modules-monitoring;P1;runtime/source;conditional;"Triage owner 07: MGR, dashboard or monitoring path; inspect endpoint hunk before binary impact verdict.";;;;
3216;v16.2.15;v17.2.7;src/pybind/mgr/rook/tests/__init__.py;;A;A;0;0;FALSE;000000;100644;0000000000000000000000000000000000000000;e69de29bb2d1d6434b8b29ae775ad8c2e48c5391;07;07-mgr-modules-monitoring;P1;runtime/source;conditional;"Triage owner 07: MGR, dashboard or monitoring path; inspect endpoint hunk before binary impact verdict.";;;;
3217;v16.2.15;v17.2.7;src/pybind/mgr/rook/tests/test_placement.py;;A;A;100;0;FALSE;000000;100644;0000000000000000000000000000000000000000;eeaf191e276a33da785272888820be35489d5f43;07;07-mgr-modules-monitoring;P1;runtime/source;conditional;"Triage owner 07: MGR, dashboard or monitoring path; inspect endpoint hunk before binary impact verdict.";;;;
3218;v16.2.15;v17.2.7;src/pybind/mgr/selftest/__init__.py;;M;M;1;2;FALSE;100644;100644;554aacbf946c9bfa93cd9bf11b5fba614f0c60ea;ee85dc9d376e61235d719cf25585769bd07299a6;07;07-mgr-modules-monitoring;P1;runtime/source;conditional;"Triage owner 07: MGR, dashboard or monitoring path; inspect endpoint hunk before binary impact verdict.";;;;
3219;v16.2.15;v17.2.7;src/pybind/mgr/selftest/module.py;;M;M;240;222;FALSE;100644;100644;85fb033d61abe5ef0edf641ac1ef568279292edf;90b00628feb10c97bd32adc86bcab4113af24315;07;07-mgr-modules-monitoring;P1;runtime/source;conditional;"Triage owner 07: MGR, dashboard or monitoring path; inspect endpoint hunk before binary impact verdict.";;;;
3223;v16.2.15;v17.2.7;src/pybind/mgr/status/module.py;;M;M;58;65;FALSE;100644;100644;d83de859b0959c389bd69a71c188e47678744287;c57e6179e824190c2a596ec2385e050736a2635a;07;07-mgr-modules-monitoring;P1;runtime/source;conditional;"Triage owner 07: MGR, dashboard or monitoring path; inspect endpoint hunk before binary impact verdict.";;;;
3224;v16.2.15;v17.2.7;src/pybind/mgr/telegraf/basesocket.py;;M;M;12;8;FALSE;100644;100644;435994661251c1c54a8985bcde1818bf39e5f617;5caea3be72596d8a920474ce7cbff9018cb60f27;07;07-mgr-modules-monitoring;P1;runtime/source;conditional;"Triage owner 07: MGR, dashboard or monitoring path; inspect endpoint hunk before binary impact verdict.";;;;
3225;v16.2.15;v17.2.7;src/pybind/mgr/telegraf/module.py;;M;M;68;85;FALSE;100644;100644;ca25fce7c73815677723f3f4422701971580df1d;f640f1d3a0fd82f5ec1768472bb36e0155bde7ce;07;07-mgr-modules-monitoring;P1;runtime/source;conditional;"Triage owner 07: MGR, dashboard or monitoring path; inspect endpoint hunk before binary impact verdict.";;;;
3226;v16.2.15;v17.2.7;src/pybind/mgr/telegraf/protocol.py;;M;M;16;10;FALSE;100644;100644;d243e0c1a02136e94b83c09aa36831a73558a235;7cf8bbe9ecd58216602e40951ea029db46ddd11c;07;07-mgr-modules-monitoring;P1;runtime/source;conditional;"Triage owner 07: MGR, dashboard or monitoring path; inspect endpoint hunk before binary impact verdict.";;;;
3227;v16.2.15;v17.2.7;src/pybind/mgr/telegraf/utils.py;;M;M;18;12;FALSE;100644;100644;4c7fd1cad2e927761f1412d514acfca4d328e5c8;783e9edc7b0072e4fa29da86621cee3de9d20ef3;07;07-mgr-modules-monitoring;P1;runtime/source;conditional;"Triage owner 07: MGR, dashboard or monitoring path; inspect endpoint hunk before binary impact verdict.";;;;
3228;v16.2.15;v17.2.7;src/pybind/mgr/telemetry/__init__.py;;M;M;9;1;FALSE;100644;100644;8f210ac9247ea49624b20582ca8206e56055fbcd;a79cfbcbb4c0439d2d31cf9f8225c96f8695e27c;07;07-mgr-modules-monitoring;P1;runtime/source;conditional;"Triage owner 07: MGR, dashboard or monitoring path; inspect endpoint hunk before binary impact verdict.";;;;
3229;v16.2.15;v17.2.7;src/pybind/mgr/telemetry/module.py;;M;M;1495;303;FALSE;100644;100644;953e5c5f79835ae9e6af429ef8640d7fad95fdd7;01410a47cecc0441b10f42d9aae853af029e126b;07;07-mgr-modules-monitoring;P1;runtime/source;conditional;"Triage owner 07: MGR, dashboard or monitoring path; inspect endpoint hunk before binary impact verdict.";;;;
3230;v16.2.15;v17.2.7;src/pybind/mgr/telemetry/tests/__init__.py;;A;A;0;0;FALSE;000000;100644;0000000000000000000000000000000000000000;e69de29bb2d1d6434b8b29ae775ad8c2e48c5391;07;07-mgr-modules-monitoring;P1;runtime/source;conditional;"Triage owner 07: MGR, dashboard or monitoring path; inspect endpoint hunk before binary impact verdict.";;;;
3231;v16.2.15;v17.2.7;src/pybind/mgr/telemetry/tests/test_telemetry.py;;A;A;121;0;FALSE;000000;100644;0000000000000000000000000000000000000000;188d0efa8285199eb3c423e4e9c68866cf67aa0a;07;07-mgr-modules-monitoring;P1;runtime/source;conditional;"Triage owner 07: MGR, dashboard or monitoring path; inspect endpoint hunk before binary impact verdict.";;;;
3232;v16.2.15;v17.2.7;src/pybind/mgr/telemetry/tox.ini;;A;A;12;0;FALSE;000000;100644;0000000000000000000000000000000000000000;a887590eed89b0c4291962bbb4b56d4765784d7f;07;07-mgr-modules-monitoring;P1;runtime/source;conditional;"Triage owner 07: MGR, dashboard or monitoring path; inspect endpoint hunk before binary impact verdict.";;;;
3233;v16.2.15;v17.2.7;src/pybind/mgr/tests/__init__.py;;M;M;5;4;FALSE;100644;100644;97606ed3e8df53a41cd150018b51fbbd5b6c25ec;68b61e7ec52330359e2ef094ae0ab561c517cc6d;07;07-mgr-modules-monitoring;P1;runtime/source;conditional;"Triage owner 07: MGR, dashboard or monitoring path; inspect endpoint hunk before binary impact verdict.";;;;
3234;v16.2.15;v17.2.7;src/pybind/mgr/tests/test_mgr_util.py;;D;D;0;19;FALSE;100644;000000;fb7732d5cc801243ae9b0e69a114846b3e8acdcc;0000000000000000000000000000000000000000;07;07-mgr-modules-monitoring;P1;runtime/source;conditional;"Triage owner 07: MGR, dashboard or monitoring path; inspect endpoint hunk before binary impact verdict.";;;;
3235;v16.2.15;v17.2.7;src/pybind/mgr/tests/test_object_format.py;;A;A;582;0;FALSE;000000;100644;0000000000000000000000000000000000000000;d2fd20870e7ac77489d95712d81e601463dc031e;07;07-mgr-modules-monitoring;P1;runtime/source;conditional;"Triage owner 07: MGR, dashboard or monitoring path; inspect endpoint hunk before binary impact verdict.";;;;
3236;v16.2.15;v17.2.7;src/pybind/mgr/tests/test_tls.py;;M;M;1;2;FALSE;100644;100644;fda463cd2f4d8f376b5bd5895cff6bdb952a6f1d;923d91917caf27c5d18871073b77811cc828ba98;07;07-mgr-modules-monitoring;P1;runtime/source;conditional;"Triage owner 07: MGR, dashboard or monitoring path; inspect endpoint hunk before binary impact verdict.";;;;
3237;v16.2.15;v17.2.7;src/pybind/mgr/tox.ini;;M;M;68;20;FALSE;100644;100644;c97992113d542156424e41adee0737e631c6c18a;a96321c1c78a4221e3416ecc1dfeecd773799645;07;07-mgr-modules-monitoring;P1;runtime/source;conditional;"Triage owner 07: MGR, dashboard or monitoring path; inspect endpoint hunk before binary impact verdict.";;;;
3254;v16.2.15;v17.2.7;src/pybind/mgr/zabbix/module.py;;M;M;103;117;FALSE;100644;100644;3090b29e8a3956fa60312dcd9f66b62fa296ce15;638b688562f2f417526d9fc44bb6aae339382d83;07;07-mgr-modules-monitoring;P1;runtime/source;conditional;"Triage owner 07: MGR, dashboard or monitoring path; inspect endpoint hunk before binary impact verdict.";;;;
