index;base_tag;target_tag;path;old_path;status;status_detail;additions;deletions;binary;old_mode;new_mode;old_blob;new_blob;group;owner_report;priority;file_type;review_mode;analysis_decision;diff_note;upgrade_impact;finding_id;impact_reason
238;v16.2.15;v17.2.7;doc/man/8/ceph-rbdnamer.rst;;M;M;1;1;FALSE;100644;100644;d31f6165828f72eb1922e716856c8f3af8561d4a;fbf235e0662e8a5cb27171721dcbe045aa9fb89b;10;10-rados-rbd-clients;P2;documentation;support;"Triage owner 10: client documentation; inspect endpoint hunk before binary impact verdict.";;;;
256;v16.2.15;v17.2.7;doc/man/8/rbd-fuse.rst;;M;M;1;1;FALSE;100644;100644;5cdb1f735a528436ddc6c7a5d51a6b6f93af1d03;7337b9214210b05c784b15eef862c065307f708d;10;10-rados-rbd-clients;P2;documentation;support;"Triage owner 10: client documentation; inspect endpoint hunk before binary impact verdict.";;;;
257;v16.2.15;v17.2.7;doc/man/8/rbd-ggate.rst;;M;M;1;1;FALSE;100644;100644;67d0c81e87e66a7e9c6d2a91516b0c8c6dd62d8d;0c395f962719131c5ae5c8314f3a7c65a58e3e02;10;10-rados-rbd-clients;P2;documentation;support;"Triage owner 10: client documentation; inspect endpoint hunk before binary impact verdict.";;;;
258;v16.2.15;v17.2.7;doc/man/8/rbd-mirror.rst;;M;M;1;1;FALSE;100644;100644;b35787fbfac9f8940fd14c46077f47c904d4a331;652f71d2aa048c43a1be15a4de18a361670add05;10;10-rados-rbd-clients;P2;documentation;support;"Triage owner 10: client documentation; inspect endpoint hunk before binary impact verdict.";;;;
259;v16.2.15;v17.2.7;doc/man/8/rbd-nbd.rst;;M;M;10;2;FALSE;100644;100644;8fcc5799de84ec1686a5d19898c61e7c4017518c;08686c9d34dd971ba60e5cb1ec52ab3f2c4c0dea;10;10-rados-rbd-clients;P2;documentation;support;"Triage owner 10: client documentation; inspect endpoint hunk before binary impact verdict.";;;;
260;v16.2.15;v17.2.7;doc/man/8/rbd-replay-many.rst;;M;M;1;1;FALSE;100644;100644;5fb93498a2372ab77e5dc81849867a603c97d827;8241f37cb63c35ca0c1face5da2801f829124d26;10;10-rados-rbd-clients;P2;documentation;support;"Triage owner 10: client documentation; inspect endpoint hunk before binary impact verdict.";;;;
261;v16.2.15;v17.2.7;doc/man/8/rbd-replay-prep.rst;;M;M;1;1;FALSE;100644;100644;abb08decf11c22ec0de63b1f1a8e16a0cab62f6b;7bcbaceb3e4a2a67d238432386478bbeaeb2ee4b;10;10-rados-rbd-clients;P2;documentation;support;"Triage owner 10: client documentation; inspect endpoint hunk before binary impact verdict.";;;;
262;v16.2.15;v17.2.7;doc/man/8/rbd-replay.rst;;M;M;1;1;FALSE;100644;100644;74b8018f5674da9f4ae931db564f80092ba21976;aeb29562cff4116b75d42b5d472cc2e1677e4cc3;10;10-rados-rbd-clients;P2;documentation;support;"Triage owner 10: client documentation; inspect endpoint hunk before binary impact verdict.";;;;
263;v16.2.15;v17.2.7;doc/man/8/rbd.rst;;M;M;10;5;FALSE;100644;100644;57423348dfa512dea93ddd5937173c3a840bd998;227cef16646cd6272c27ece847ba12eee8a83879;10;10-rados-rbd-clients;P2;documentation;support;"Triage owner 10: client documentation; inspect endpoint hunk before binary impact verdict.";;;;
264;v16.2.15;v17.2.7;doc/man/8/rbdmap.rst;;M;M;1;1;FALSE;100644;100644;137920f4c6f27c69ca396230bc4edd15559068ce;1a9096a998e327a253508609a4d3d444228ee7cb;10;10-rados-rbd-clients;P2;documentation;support;"Triage owner 10: client documentation; inspect endpoint hunk before binary impact verdict.";;;;
290;v16.2.15;v17.2.7;doc/rados/api/index.rst;;M;M;2;0;FALSE;100644;100644;63bc7222d807269d1dbfc5948d01fde3147ba310;5422ce8717b56b84d59ee03f914dc24b69cc84d5;10;10-rados-rbd-clients;P2;documentation;support;"Triage owner 10: client documentation; inspect endpoint hunk before binary impact verdict.";;;;
291;v16.2.15;v17.2.7;doc/rados/api/librados-intro.rst;;M;M;28;27;FALSE;100644;100644;9bffa3114d1ad72de6ce2deb22de5aa4f729ef87;ed60f97b137965b47491b981085b20612554afe4;10;10-rados-rbd-clients;P2;documentation;support;"Triage owner 10: client documentation; inspect endpoint hunk before binary impact verdict.";;;;
292;v16.2.15;v17.2.7;doc/rados/api/objclass-sdk.rst;;M;M;2;0;FALSE;100644;100644;6b1162fd4945b17554d976223aeedc46f8f02499;90b8eb01892a25194f9dffbe5b9f6f158b7bbed4;10;10-rados-rbd-clients;P2;documentation;support;"Triage owner 10: client documentation; inspect endpoint hunk before binary impact verdict.";;;;
293;v16.2.15;v17.2.7;doc/rados/api/python.rst;;M;M;35;33;FALSE;100644;100644;0c9cb9e98f115a1d77e731496ddfb2e48db83805;d252da01c404335225463fb2c873cf45109b6f5c;10;10-rados-rbd-clients;P2;documentation;support;"Triage owner 10: client documentation; inspect endpoint hunk before binary impact verdict.";;;;
374;v16.2.15;v17.2.7;doc/rbd/api/librbdpy.rst;;M;M;5;3;FALSE;100644;100644;981235f87d7545a33feccc927fc96329116f91ec;7a74b049828cdf58fd299485a6eaf9fd59a98a83;10;10-rados-rbd-clients;P2;documentation;support;"Triage owner 10: RADOS/RBD client owned path; inspect endpoint hunk before binary impact verdict.";;;;
375;v16.2.15;v17.2.7;doc/rbd/iscsi-initiator-linux.rst;;M;M;1;0;FALSE;100644;100644;5c9f69a0ebb26475613b7d59b23e8d4af1ed4452;bf8c930f30c7b150122f9f540fadf931e38f6eb0;10;10-rados-rbd-clients;P2;documentation;support;"Triage owner 10: RADOS/RBD client owned path; inspect endpoint hunk before binary impact verdict.";;;;
376;v16.2.15;v17.2.7;doc/rbd/iscsi-initiators.rst;;M;M;2;0;FALSE;100644;100644;67447789d2b8bd6a6da6afc7549dde47d2de92d4;b2433895211e3f3b1adc96923bac3486c1c99c4b;10;10-rados-rbd-clients;P2;documentation;support;"Triage owner 10: RADOS/RBD client owned path; inspect endpoint hunk before binary impact verdict.";;;;
377;v16.2.15;v17.2.7;doc/rbd/iscsi-target-ansible.rst;;M;M;10;8;FALSE;100644;100644;d38e3bd018c49c51d553318441f06c707e4593b4;f89c4a0d2f0c74c90d0d5d39a49c9c136a04c652;10;10-rados-rbd-clients;P2;documentation;support;"Triage owner 10: RADOS/RBD client owned path; inspect endpoint hunk before binary impact verdict.";;;;
378;v16.2.15;v17.2.7;doc/rbd/iscsi-target-cli-manual-install.rst;;M;M;43;43;FALSE;100644;100644;ccc422e0d73684628c6a11727b3abb7c1a21a6d6;005f8aa94eacd721f914841c8e2555a8622b1a0c;10;10-rados-rbd-clients;P2;documentation;support;"Triage owner 10: RADOS/RBD client owned path; inspect endpoint hunk before binary impact verdict.";;;;
379;v16.2.15;v17.2.7;doc/rbd/iscsi-target-cli.rst;;M;M;29;29;FALSE;100644;100644;d888a34b09d944601906025faf20a78cf81980e3;91d57f2055e86d28d479345a66c28b26293f496c;10;10-rados-rbd-clients;P2;documentation;support;"Triage owner 10: RADOS/RBD client owned path; inspect endpoint hunk before binary impact verdict.";;;;
380;v16.2.15;v17.2.7;doc/rbd/rbd-config-ref.rst;;M;M;62;273;FALSE;100644;100644;777894cd6c3992d1c295b7959b33869594253b22;c21731adca8a925154da272ba77a7af03737dc1b;10;10-rados-rbd-clients;P2;documentation;support;"Triage owner 10: RADOS/RBD client owned path; inspect endpoint hunk before binary impact verdict.";;;;
381;v16.2.15;v17.2.7;doc/rbd/rbd-encryption.rst;;M;M;1;1;FALSE;100644;100644;0628f3781be1bd6b5ae41160e99cdcedca89637b;4fd40fd4205cda3f57829f3f0d794cbd29ef3062;10;10-rados-rbd-clients;P2;documentation;support;"Triage owner 10: RADOS/RBD client owned path; inspect endpoint hunk before binary impact verdict.";;;;
382;v16.2.15;v17.2.7;doc/rbd/rbd-exclusive-locks.rst;;M;M;1;1;FALSE;100644;100644;6f03abb6de28c489f1bdbcc1b4754530253af3f6;f9b99dfb44305c7235f4595a13cdb1e2bbf61ec8;10;10-rados-rbd-clients;P2;documentation;support;"Triage owner 10: RADOS/RBD client owned path; inspect endpoint hunk before binary impact verdict.";;;;
383;v16.2.15;v17.2.7;doc/rbd/rbd-integrations.rst;;M;M;1;0;FALSE;100644;100644;50d788d53973b73da00546e36f398fbb3c272489;f55604a6fcf7c1f7059ce9610f27a5fda8b8b284;10;10-rados-rbd-clients;P2;documentation;support;"Triage owner 10: RADOS/RBD client owned path; inspect endpoint hunk before binary impact verdict.";;;;
384;v16.2.15;v17.2.7;doc/rbd/rbd-kubernetes.rst;;M;M;50;0;FALSE;100644;100644;caaf77d648fa4067de2462016008d1ba6a0edc67;ccec4813a3ab20ff80ecd3cfb0d0245076139c13;10;10-rados-rbd-clients;P2;documentation;support;"Triage owner 10: RADOS/RBD client owned path; inspect endpoint hunk before binary impact verdict.";;;;
385;v16.2.15;v17.2.7;doc/rbd/rbd-mirroring.rst;;M;M;17;8;FALSE;100644;100644;d5d1191d63e4f9e5fb3841eacee93a9c7d01c4c3;74a2a364e8d0d961e9da4b17aeb55c2b08a78680;10;10-rados-rbd-clients;P2;documentation;support;"Triage owner 10: RADOS/RBD client owned path; inspect endpoint hunk before binary impact verdict.";;;;
386;v16.2.15;v17.2.7;doc/rbd/rbd-nomad.rst;;A;A;475;0;FALSE;000000;100644;0000000000000000000000000000000000000000;66d87d6cee16eb181193bd71583fc3d6713557c7;10;10-rados-rbd-clients;P2;documentation;support;"Triage owner 10: RADOS/RBD client owned path; inspect endpoint hunk before binary impact verdict.";;;;
387;v16.2.15;v17.2.7;doc/rbd/rbd-openstack.rst;;M;M;1;1;FALSE;100644;100644;3f1b85f30f6d51b5b5171fe8e63add2789e77af5;7d64b3548b99769204cb270ba64cfdfbe59d86eb;10;10-rados-rbd-clients;P2;documentation;support;"Triage owner 10: RADOS/RBD client owned path; inspect endpoint hunk before binary impact verdict.";;;;
388;v16.2.15;v17.2.7;doc/rbd/rbd-operations.rst;;M;M;1;1;FALSE;100644;100644;cc27b51033c77100188ed8daee5af249f9948d0f;df702114b6fc2a12070b7cf40417ff58fd47ca0c;10;10-rados-rbd-clients;P2;documentation;support;"Triage owner 10: RADOS/RBD client owned path; inspect endpoint hunk before binary impact verdict.";;;;
389;v16.2.15;v17.2.7;doc/rbd/rbd-persistent-write-log-cache.rst;doc/rbd/rbd-persistent-write-back-cache.rst;R;R080;17;16;FALSE;100644;100644;8066014e997b0b74a99fcbf95382f8de3b54cdb2;d1814a923b507e6e4395deb05accc2a627a573ec;10;10-rados-rbd-clients;P2;documentation;support;"Triage owner 10: RADOS/RBD client owned path; inspect endpoint hunk before binary impact verdict.";;;;
390;v16.2.15;v17.2.7;doc/rbd/rbd-snapshot.rst;;M;M;1;0;FALSE;100644;100644;765a1555b40d63f8ced31559924b8601c3d72755;120dd8ec1256c98290a96e16bdd1e07bf27719b2;10;10-rados-rbd-clients;P2;documentation;support;"Triage owner 10: RADOS/RBD client owned path; inspect endpoint hunk before binary impact verdict.";;;;
391;v16.2.15;v17.2.7;doc/rbd/rbd-windows.rst;;M;M;28;2;FALSE;100644;100644;271e85592a5323aa6d32523c5a0f3825f3d3872a;36d6f242a6ccd31e644fb37b8584678c4a9a0785;10;10-rados-rbd-clients;P2;documentation;support;"Triage owner 10: RADOS/RBD client owned path; inspect endpoint hunk before binary impact verdict.";;;;
517;v16.2.15;v17.2.7;qa/rbd/conf/+;qa/suites/orch/cephadm/thrash-old-clients/clusters/+;R;R100;0;0;FALSE;100644;100644;e69de29bb2d1d6434b8b29ae775ad8c2e48c5391;e69de29bb2d1d6434b8b29ae775ad8c2e48c5391;10;10-rados-rbd-clients;P2;test/QA;support;"Triage owner 10: RADOS/RBD client owned path; inspect endpoint hunk before binary impact verdict.";"Git rename heuristic with 0/0 content change; verify logical move.";;;
518;v16.2.15;v17.2.7;qa/rbd/conf/disable-pool-app.yaml;qa/suites/fs/upgrade/volumes/import-legacy/overrides/pg-warn.yaml;R;R052;1;1;FALSE;100644;100644;4ae54a40d3195ab57baa1e23d53c49ba34d750dc;099532f57097566d602e277b21b4911188883912;10;10-rados-rbd-clients;P2;test/QA;support;"Triage owner 10: RADOS/RBD client owned path; inspect endpoint hunk before binary impact verdict.";;;;
691;v16.2.15;v17.2.7;qa/suites/krbd/basic/conf.yaml;;M;M;1;0;FALSE;100644;100644;5e7ed992e9048e3eeef7f12d8ec0b7024f8a378b;41292fa813980d60927ce76215b218c9bb9d59d1;10;10-rados-rbd-clients;P2;test/QA;support;"Triage owner 10: RADOS/RBD client owned path; inspect endpoint hunk before binary impact verdict.";;;;
692;v16.2.15;v17.2.7;qa/suites/krbd/fsx/conf.yaml;;M;M;1;0;FALSE;100644;100644;30da870b25df9a46897574a336aff82c55ee2c37;eb6d72a801afaf8ab38fb64b50077c5c8133335b;10;10-rados-rbd-clients;P2;test/QA;support;"Triage owner 10: RADOS/RBD client owned path; inspect endpoint hunk before binary impact verdict.";;;;
693;v16.2.15;v17.2.7;qa/suites/krbd/ms_modeless/conf.yaml;;M;M;1;0;FALSE;100644;100644;30da870b25df9a46897574a336aff82c55ee2c37;eb6d72a801afaf8ab38fb64b50077c5c8133335b;10;10-rados-rbd-clients;P2;test/QA;support;"Triage owner 10: RADOS/RBD client owned path; inspect endpoint hunk before binary impact verdict.";;;;
694;v16.2.15;v17.2.7;qa/suites/krbd/rbd-nomount/conf.yaml;;M;M;1;0;FALSE;100644;100644;5e7ed992e9048e3eeef7f12d8ec0b7024f8a378b;41292fa813980d60927ce76215b218c9bb9d59d1;10;10-rados-rbd-clients;P2;test/QA;support;"Triage owner 10: RADOS/RBD client owned path; inspect endpoint hunk before binary impact verdict.";;;;
695;v16.2.15;v17.2.7;qa/suites/krbd/rbd/conf.yaml;;M;M;1;0;FALSE;100644;100644;5e7ed992e9048e3eeef7f12d8ec0b7024f8a378b;41292fa813980d60927ce76215b218c9bb9d59d1;10;10-rados-rbd-clients;P2;test/QA;support;"Triage owner 10: RADOS/RBD client owned path; inspect endpoint hunk before binary impact verdict.";;;;
696;v16.2.15;v17.2.7;qa/suites/krbd/singleton-msgr-failures/conf.yaml;;M;M;1;0;FALSE;100644;100644;5e7ed992e9048e3eeef7f12d8ec0b7024f8a378b;41292fa813980d60927ce76215b218c9bb9d59d1;10;10-rados-rbd-clients;P2;test/QA;support;"Triage owner 10: RADOS/RBD client owned path; inspect endpoint hunk before binary impact verdict.";;;;
697;v16.2.15;v17.2.7;qa/suites/krbd/thrash/conf.yaml;;M;M;1;0;FALSE;100644;100644;5e7ed992e9048e3eeef7f12d8ec0b7024f8a378b;41292fa813980d60927ce76215b218c9bb9d59d1;10;10-rados-rbd-clients;P2;test/QA;support;"Triage owner 10: RADOS/RBD client owned path; inspect endpoint hunk before binary impact verdict.";;;;
698;v16.2.15;v17.2.7;qa/suites/krbd/unmap/conf.yaml;;M;M;2;0;FALSE;100644;100644;8984e8dc832dc688b8223b63bcfafb51bdf84a0a;e52341f29fe9b17276995718fbea446fe07614a3;10;10-rados-rbd-clients;P2;test/QA;support;"Triage owner 10: RADOS/RBD client owned path; inspect endpoint hunk before binary impact verdict.";;;;
699;v16.2.15;v17.2.7;qa/suites/krbd/wac/sysfs/conf.yaml;;M;M;1;0;FALSE;100644;100644;5e7ed992e9048e3eeef7f12d8ec0b7024f8a378b;41292fa813980d60927ce76215b218c9bb9d59d1;10;10-rados-rbd-clients;P2;test/QA;support;"Triage owner 10: RADOS/RBD client owned path; inspect endpoint hunk before binary impact verdict.";;;;
700;v16.2.15;v17.2.7;qa/suites/krbd/wac/wac/conf.yaml;;M;M;1;0;FALSE;100644;100644;5e7ed992e9048e3eeef7f12d8ec0b7024f8a378b;41292fa813980d60927ce76215b218c9bb9d59d1;10;10-rados-rbd-clients;P2;test/QA;support;"Triage owner 10: RADOS/RBD client owned path; inspect endpoint hunk before binary impact verdict.";;;;
952;v16.2.15;v17.2.7;qa/suites/rbd/basic/conf;;A;A;1;0;FALSE;000000;120000;0000000000000000000000000000000000000000;4bc0fe86c630d118e019b097e9228db7ae452a47;10;10-rados-rbd-clients;P2;test/QA;support;"Triage owner 10: RADOS/RBD client owned path; inspect endpoint hunk before binary impact verdict.";;;;
953;v16.2.15;v17.2.7;qa/suites/rbd/basic/tasks/rbd_api_tests_old_format.yaml;;M;M;0;1;FALSE;100644;100644;3dbb69df40fc659626b0cab6a26cc6a9db3fe05a;5bb734d243e8257bcb829f5eda125fc481dd5a70;10;10-rados-rbd-clients;P2;test/QA;support;"Triage owner 10: RADOS/RBD client owned path; inspect endpoint hunk before binary impact verdict.";;;;
954;v16.2.15;v17.2.7;qa/suites/rbd/cli/conf;;A;A;1;0;FALSE;000000;120000;0000000000000000000000000000000000000000;4bc0fe86c630d118e019b097e9228db7ae452a47;10;10-rados-rbd-clients;P2;test/QA;support;"Triage owner 10: RADOS/RBD client owned path; inspect endpoint hunk before binary impact verdict.";;;;
955;v16.2.15;v17.2.7;qa/suites/rbd/cli/workloads/rbd_support_module_recovery.yaml;;D;D;0;13;FALSE;100644;000000;aa4d0001fc09c22eb5686f7faafff3249decbc0f;0000000000000000000000000000000000000000;10;10-rados-rbd-clients;P2;test/QA;support;"Triage owner 10: RADOS/RBD client owned path; inspect endpoint hunk before binary impact verdict.";;;;
956;v16.2.15;v17.2.7;qa/suites/rbd/cli_v1/conf;;A;A;1;0;FALSE;000000;120000;0000000000000000000000000000000000000000;4bc0fe86c630d118e019b097e9228db7ae452a47;10;10-rados-rbd-clients;P2;test/QA;support;"Triage owner 10: RADOS/RBD client owned path; inspect endpoint hunk before binary impact verdict.";;;;
957;v16.2.15;v17.2.7;qa/suites/rbd/encryption/conf;;A;A;1;0;FALSE;000000;120000;0000000000000000000000000000000000000000;4bc0fe86c630d118e019b097e9228db7ae452a47;10;10-rados-rbd-clients;P2;test/QA;support;"Triage owner 10: RADOS/RBD client owned path; inspect endpoint hunk before binary impact verdict.";;;;
958;v16.2.15;v17.2.7;qa/suites/rbd/encryption/features/readbalance.yaml;;D;D;0;11;FALSE;100644;000000;53b11d742d13b9cd6ce553a9ea93bc4e7779f3a9;0000000000000000000000000000000000000000;10;10-rados-rbd-clients;P2;test/QA;support;"Triage owner 10: RADOS/RBD client owned path; inspect endpoint hunk before binary impact verdict.";;;;
959;v16.2.15;v17.2.7;qa/suites/rbd/immutable-object-cache/conf;;A;A;1;0;FALSE;000000;120000;0000000000000000000000000000000000000000;4bc0fe86c630d118e019b097e9228db7ae452a47;10;10-rados-rbd-clients;P2;test/QA;support;"Triage owner 10: RADOS/RBD client owned path; inspect endpoint hunk before binary impact verdict.";;;;
960;v16.2.15;v17.2.7;qa/suites/rbd/iscsi/0-single-container-host.yaml;;A;A;1;0;FALSE;000000;120000;0000000000000000000000000000000000000000;7406e749cf5657db5375aa3b84cd0ea81015cea9;10;10-rados-rbd-clients;P2;test/QA;support;"Triage owner 10: RADOS/RBD client owned path; inspect endpoint hunk before binary impact verdict.";;;;
961;v16.2.15;v17.2.7;qa/suites/rbd/iscsi/base/install.yaml;;M;M;8;15;FALSE;100644;100644;e35affe7e24f425b9639cdf68dfdd09a10ddde29;5c5a6c31f60b437f6feedc2aec90398918aa942a;10;10-rados-rbd-clients;P2;test/QA;support;"Triage owner 10: RADOS/RBD client owned path; inspect endpoint hunk before binary impact verdict.";;;;
962;v16.2.15;v17.2.7;qa/suites/rbd/iscsi/cluster/fixed-3.yaml;;M;M;18;3;FALSE;100644;100644;bf1eb6018b40af2c4ddc26e8330edee8211c80b0;426ea32cf81f80acc4f89547e7bafe72d7328b0d;10;10-rados-rbd-clients;P2;test/QA;support;"Triage owner 10: RADOS/RBD client owned path; inspect endpoint hunk before binary impact verdict.";;;;
963;v16.2.15;v17.2.7;qa/suites/rbd/iscsi/conf;;A;A;1;0;FALSE;000000;120000;0000000000000000000000000000000000000000;4bc0fe86c630d118e019b097e9228db7ae452a47;10;10-rados-rbd-clients;P2;test/QA;support;"Triage owner 10: RADOS/RBD client owned path; inspect endpoint hunk before binary impact verdict.";;;;
964;v16.2.15;v17.2.7;qa/suites/rbd/iscsi/pool/datapool.yaml;;D;D;0;12;FALSE;100644;000000;45b00378b83c2ea4c91af1adeae31cdce516ab09;0000000000000000000000000000000000000000;10;10-rados-rbd-clients;P2;test/QA;support;"Triage owner 10: RADOS/RBD client owned path; inspect endpoint hunk before binary impact verdict.";;;;
965;v16.2.15;v17.2.7;qa/suites/rbd/iscsi/supported-random-distro$/centos_8.yaml;;D;D;0;1;FALSE;120000;000000;750bfb4908f4b324d4cd58c47ba6b141eddd30e8;0000000000000000000000000000000000000000;10;10-rados-rbd-clients;P2;test/QA;support;"Triage owner 10: RADOS/RBD client owned path; inspect endpoint hunk before binary impact verdict.";;;;
966;v16.2.15;v17.2.7;qa/suites/rbd/iscsi/supported-random-distro$/rhel_8.yaml;;D;D;0;1;FALSE;120000;000000;046a2f699ffc4504eb9e3d0c14b47a7449b5a10d;0000000000000000000000000000000000000000;10;10-rados-rbd-clients;P2;test/QA;support;"Triage owner 10: RADOS/RBD client owned path; inspect endpoint hunk before binary impact verdict.";;;;
967;v16.2.15;v17.2.7;qa/suites/rbd/iscsi/workloads/cephadm_iscsi.yaml;qa/suites/rbd/iscsi/workloads/ceph_iscsi.yaml;R;R067;8;9;FALSE;100644;100644;f91a35eafd22e659762c00d7b1e7aa6da0947254;202e6d8b5ec84de8101e580c577cff99c1d73812;10;10-rados-rbd-clients;P2;test/QA;support;"Triage owner 10: RADOS/RBD client owned path; inspect endpoint hunk before binary impact verdict.";;;;
968;v16.2.15;v17.2.7;qa/suites/rbd/librbd/conf;;A;A;1;0;FALSE;000000;120000;0000000000000000000000000000000000000000;4bc0fe86c630d118e019b097e9228db7ae452a47;10;10-rados-rbd-clients;P2;test/QA;support;"Triage owner 10: RADOS/RBD client owned path; inspect endpoint hunk before binary impact verdict.";;;;
969;v16.2.15;v17.2.7;qa/suites/rbd/librbd/config/.qa;;D;D;0;1;FALSE;120000;000000;a602a0353e7510e9ac07370ceaed121e2e528fa2;0000000000000000000000000000000000000000;10;10-rados-rbd-clients;P2;test/QA;support;"Triage owner 10: RADOS/RBD client owned path; inspect endpoint hunk before binary impact verdict.";;;;
970;v16.2.15;v17.2.7;qa/suites/rbd/librbd/extra-conf/.qa;qa/suites/orch/cephadm/thrash-old-clients/msgr-failures/.qa;R;R100;0;0;FALSE;120000;120000;a602a0353e7510e9ac07370ceaed121e2e528fa2;a602a0353e7510e9ac07370ceaed121e2e528fa2;10;10-rados-rbd-clients;P2;test/QA;support;"Triage owner 10: RADOS/RBD client owned path; inspect endpoint hunk before binary impact verdict.";"Git rename heuristic with 0/0 content change; verify logical move.";;;
971;v16.2.15;v17.2.7;qa/suites/rbd/librbd/extra-conf/copy-on-read.yaml;qa/suites/rbd/librbd/config/copy-on-read.yaml;R;R100;0;0;FALSE;100644;100644;ce99e7ec0a99a951fb439f730834b661e369deb6;ce99e7ec0a99a951fb439f730834b661e369deb6;10;10-rados-rbd-clients;P2;test/QA;support;"Triage owner 10: RADOS/RBD client owned path; inspect endpoint hunk before binary impact verdict.";"Git rename heuristic with 0/0 content change; verify logical move.";;;
972;v16.2.15;v17.2.7;qa/suites/rbd/librbd/extra-conf/none.yaml;qa/suites/rbd/librbd/config/none.yaml;R;R100;0;0;FALSE;100644;100644;e69de29bb2d1d6434b8b29ae775ad8c2e48c5391;e69de29bb2d1d6434b8b29ae775ad8c2e48c5391;10;10-rados-rbd-clients;P2;test/QA;support;"Triage owner 10: RADOS/RBD client owned path; inspect endpoint hunk before binary impact verdict.";"Git rename heuristic with 0/0 content change; verify logical move.";;;
973;v16.2.15;v17.2.7;qa/suites/rbd/librbd/extra-conf/permit-partial-discard.yaml;qa/suites/rbd/librbd/config/permit-partial-discard.yaml;R;R100;0;0;FALSE;100644;100644;a9929469600b093565424ed505107c03ffed399f;a9929469600b093565424ed505107c03ffed399f;10;10-rados-rbd-clients;P2;test/QA;support;"Triage owner 10: RADOS/RBD client owned path; inspect endpoint hunk before binary impact verdict.";"Git rename heuristic with 0/0 content change; verify logical move.";;;
974;v16.2.15;v17.2.7;qa/suites/rbd/librbd/workloads/c_api_tests.yaml;;M;M;0;1;FALSE;100644;100644;ac9dd3cfe010dcf6fd28a55baca7147b65ea0cc1;eb63fd771467da54030e01a22e26331b46621d00;10;10-rados-rbd-clients;P2;test/QA;support;"Triage owner 10: RADOS/RBD client owned path; inspect endpoint hunk before binary impact verdict.";;;;
975;v16.2.15;v17.2.7;qa/suites/rbd/librbd/workloads/c_api_tests_with_defaults.yaml;;M;M;0;1;FALSE;100644;100644;c410fbcb0d3fd78e4ae40e37abd880ac5ec7c197;ec41945987cbb4916e59ad834f0e067ddec5df73;10;10-rados-rbd-clients;P2;test/QA;support;"Triage owner 10: RADOS/RBD client owned path; inspect endpoint hunk before binary impact verdict.";;;;
976;v16.2.15;v17.2.7;qa/suites/rbd/librbd/workloads/c_api_tests_with_journaling.yaml;;M;M;0;1;FALSE;100644;100644;3a121de3eae07ea2ad00c824adbbb0a6df9535aa;6c3686806f62ecd51fd41a4f9ac4984f1119271a;10;10-rados-rbd-clients;P2;test/QA;support;"Triage owner 10: RADOS/RBD client owned path; inspect endpoint hunk before binary impact verdict.";;;;
977;v16.2.15;v17.2.7;qa/suites/rbd/maintenance/conf;;A;A;1;0;FALSE;000000;120000;0000000000000000000000000000000000000000;4bc0fe86c630d118e019b097e9228db7ae452a47;10;10-rados-rbd-clients;P2;test/QA;support;"Triage owner 10: RADOS/RBD client owned path; inspect endpoint hunk before binary impact verdict.";;;;
978;v16.2.15;v17.2.7;qa/suites/rbd/migration/conf;;A;A;1;0;FALSE;000000;120000;0000000000000000000000000000000000000000;4bc0fe86c630d118e019b097e9228db7ae452a47;10;10-rados-rbd-clients;P2;test/QA;support;"Triage owner 10: RADOS/RBD client owned path; inspect endpoint hunk before binary impact verdict.";;;;
979;v16.2.15;v17.2.7;qa/suites/rbd/mirror-thrash/conf;;A;A;1;0;FALSE;000000;120000;0000000000000000000000000000000000000000;4bc0fe86c630d118e019b097e9228db7ae452a47;10;10-rados-rbd-clients;P2;test/QA;support;"Triage owner 10: RADOS/RBD client owned path; inspect endpoint hunk before binary impact verdict.";;;;
980;v16.2.15;v17.2.7;qa/suites/rbd/mirror/conf;;A;A;1;0;FALSE;000000;120000;0000000000000000000000000000000000000000;4bc0fe86c630d118e019b097e9228db7ae452a47;10;10-rados-rbd-clients;P2;test/QA;support;"Triage owner 10: RADOS/RBD client owned path; inspect endpoint hunk before binary impact verdict.";;;;
981;v16.2.15;v17.2.7;qa/suites/rbd/nbd/conf;;A;A;1;0;FALSE;000000;120000;0000000000000000000000000000000000000000;4bc0fe86c630d118e019b097e9228db7ae452a47;10;10-rados-rbd-clients;P2;test/QA;support;"Triage owner 10: RADOS/RBD client owned path; inspect endpoint hunk before binary impact verdict.";;;;
982;v16.2.15;v17.2.7;qa/suites/rbd/pwl-cache/home/conf;;A;A;1;0;FALSE;000000;120000;0000000000000000000000000000000000000000;4bc0fe86c630d118e019b097e9228db7ae452a47;10;10-rados-rbd-clients;P2;test/QA;support;"Triage owner 10: RADOS/RBD client owned path; inspect endpoint hunk before binary impact verdict.";;;;
983;v16.2.15;v17.2.7;qa/suites/rbd/pwl-cache/tmpfs/conf;;A;A;1;0;FALSE;000000;120000;0000000000000000000000000000000000000000;4bc0fe86c630d118e019b097e9228db7ae452a47;10;10-rados-rbd-clients;P2;test/QA;support;"Triage owner 10: RADOS/RBD client owned path; inspect endpoint hunk before binary impact verdict.";;;;
984;v16.2.15;v17.2.7;qa/suites/rbd/qemu/conf;;A;A;1;0;FALSE;000000;120000;0000000000000000000000000000000000000000;4bc0fe86c630d118e019b097e9228db7ae452a47;10;10-rados-rbd-clients;P2;test/QA;support;"Triage owner 10: RADOS/RBD client owned path; inspect endpoint hunk before binary impact verdict.";;;;
985;v16.2.15;v17.2.7;qa/suites/rbd/qemu/features/readbalance.yaml;;M;M;0;1;FALSE;100644;100644;53b11d742d13b9cd6ce553a9ea93bc4e7779f3a9;e3812f4c7f77c57effbd3e42371b2116e71f446a;10;10-rados-rbd-clients;P2;test/QA;support;"Triage owner 10: RADOS/RBD client owned path; inspect endpoint hunk before binary impact verdict.";;;;
986;v16.2.15;v17.2.7;qa/suites/rbd/singleton-bluestore/all/issue-20295.yaml;;M;M;0;2;FALSE;100644;100644;b41f92d52249da9f1dbcdb2858bdc82e99771746;48156c7a0d3744389626549893206ee015d33fdf;10;10-rados-rbd-clients;P2;test/QA;support;"Triage owner 10: RADOS/RBD client owned path; inspect endpoint hunk before binary impact verdict.";;;;
987;v16.2.15;v17.2.7;qa/suites/rbd/singleton-bluestore/conf;;A;A;1;0;FALSE;000000;120000;0000000000000000000000000000000000000000;4bc0fe86c630d118e019b097e9228db7ae452a47;10;10-rados-rbd-clients;P2;test/QA;support;"Triage owner 10: RADOS/RBD client owned path; inspect endpoint hunk before binary impact verdict.";;;;
988;v16.2.15;v17.2.7;qa/suites/rbd/singleton/all/mon-command-help.yaml;;A;A;10;0;FALSE;000000;100644;0000000000000000000000000000000000000000;a7290aadb2f5ba2588d764c0fdef5e795985ab9b;10;10-rados-rbd-clients;P2;test/QA;support;"Triage owner 10: RADOS/RBD client owned path; inspect endpoint hunk before binary impact verdict.";;;;
989;v16.2.15;v17.2.7;qa/suites/rbd/singleton/all/rbd_mirror.yaml;;M;M;0;1;FALSE;100644;100644;954760159c0b937f66f8822e64273997cbbe2c77;4120d21c9f285c2fe2e48c9079f4da7900fbd45b;10;10-rados-rbd-clients;P2;test/QA;support;"Triage owner 10: RADOS/RBD client owned path; inspect endpoint hunk before binary impact verdict.";;;;
990;v16.2.15;v17.2.7;qa/suites/rbd/singleton/all/rbd_tasks.yaml;;M;M;0;1;FALSE;100644;100644;b06ede60567e58250e0c333b11f5e9ec86d4b307;4723eb6800ced3a58b70081b3db84fcdaee2194b;10;10-rados-rbd-clients;P2;test/QA;support;"Triage owner 10: RADOS/RBD client owned path; inspect endpoint hunk before binary impact verdict.";;;;
991;v16.2.15;v17.2.7;qa/suites/rbd/singleton/conf;;A;A;1;0;FALSE;000000;120000;0000000000000000000000000000000000000000;4bc0fe86c630d118e019b097e9228db7ae452a47;10;10-rados-rbd-clients;P2;test/QA;support;"Triage owner 10: RADOS/RBD client owned path; inspect endpoint hunk before binary impact verdict.";;;;
992;v16.2.15;v17.2.7;qa/suites/rbd/thrash/conf;;A;A;1;0;FALSE;000000;120000;0000000000000000000000000000000000000000;4bc0fe86c630d118e019b097e9228db7ae452a47;10;10-rados-rbd-clients;P2;test/QA;support;"Triage owner 10: RADOS/RBD client owned path; inspect endpoint hunk before binary impact verdict.";;;;
993;v16.2.15;v17.2.7;qa/suites/rbd/thrash/workloads/rbd_api_tests.yaml;;M;M;0;1;FALSE;100644;100644;c410fbcb0d3fd78e4ae40e37abd880ac5ec7c197;ec41945987cbb4916e59ad834f0e067ddec5df73;10;10-rados-rbd-clients;P2;test/QA;support;"Triage owner 10: RADOS/RBD client owned path; inspect endpoint hunk before binary impact verdict.";;;;
994;v16.2.15;v17.2.7;qa/suites/rbd/thrash/workloads/rbd_api_tests_copy_on_read.yaml;;M;M;0;1;FALSE;100644;100644;ce47fc46f62ac684dcd10b73bbc19d3112b30344;26e20522c44b40f800b607dcf4ec66868f9908df;10;10-rados-rbd-clients;P2;test/QA;support;"Triage owner 10: RADOS/RBD client owned path; inspect endpoint hunk before binary impact verdict.";;;;
995;v16.2.15;v17.2.7;qa/suites/rbd/thrash/workloads/rbd_api_tests_journaling.yaml;;M;M;0;1;FALSE;100644;100644;3a121de3eae07ea2ad00c824adbbb0a6df9535aa;6c3686806f62ecd51fd41a4f9ac4984f1119271a;10;10-rados-rbd-clients;P2;test/QA;support;"Triage owner 10: RADOS/RBD client owned path; inspect endpoint hunk before binary impact verdict.";;;;
996;v16.2.15;v17.2.7;qa/suites/rbd/thrash/workloads/rbd_api_tests_no_locking.yaml;;M;M;0;1;FALSE;100644;100644;ac9dd3cfe010dcf6fd28a55baca7147b65ea0cc1;eb63fd771467da54030e01a22e26331b46621d00;10;10-rados-rbd-clients;P2;test/QA;support;"Triage owner 10: RADOS/RBD client owned path; inspect endpoint hunk before binary impact verdict.";;;;
997;v16.2.15;v17.2.7;qa/suites/rbd/valgrind/conf;;A;A;1;0;FALSE;000000;120000;0000000000000000000000000000000000000000;4bc0fe86c630d118e019b097e9228db7ae452a47;10;10-rados-rbd-clients;P2;test/QA;support;"Triage owner 10: RADOS/RBD client owned path; inspect endpoint hunk before binary impact verdict.";;;;
998;v16.2.15;v17.2.7;qa/suites/rbd/valgrind/workloads/c_api_tests.yaml;;M;M;0;1;FALSE;100644;100644;ac9dd3cfe010dcf6fd28a55baca7147b65ea0cc1;eb63fd771467da54030e01a22e26331b46621d00;10;10-rados-rbd-clients;P2;test/QA;support;"Triage owner 10: RADOS/RBD client owned path; inspect endpoint hunk before binary impact verdict.";;;;
999;v16.2.15;v17.2.7;qa/suites/rbd/valgrind/workloads/c_api_tests_with_defaults.yaml;;M;M;0;1;FALSE;100644;100644;c410fbcb0d3fd78e4ae40e37abd880ac5ec7c197;ec41945987cbb4916e59ad834f0e067ddec5df73;10;10-rados-rbd-clients;P2;test/QA;support;"Triage owner 10: RADOS/RBD client owned path; inspect endpoint hunk before binary impact verdict.";;;;
1000;v16.2.15;v17.2.7;qa/suites/rbd/valgrind/workloads/c_api_tests_with_journaling.yaml;;M;M;0;1;FALSE;100644;100644;3a121de3eae07ea2ad00c824adbbb0a6df9535aa;6c3686806f62ecd51fd41a4f9ac4984f1119271a;10;10-rados-rbd-clients;P2;test/QA;support;"Triage owner 10: RADOS/RBD client owned path; inspect endpoint hunk before binary impact verdict.";;;;
1001;v16.2.15;v17.2.7;qa/suites/rbd/valgrind/workloads/rbd_mirror.yaml;;M;M;0;1;FALSE;100644;100644;251de1c1f72a063af8940b87847bc94cb94d15f7;ae5a83c300b580a617354bf4bbdecb330afd5efb;10;10-rados-rbd-clients;P2;test/QA;support;"Triage owner 10: RADOS/RBD client owned path; inspect endpoint hunk before binary impact verdict.";;;;
1345;v16.2.15;v17.2.7;qa/tasks/ceph_iscsi.py;;D;D;0;141;FALSE;100644;000000;a8870743a09f129145c11c82b7fddd2c1f1bdb87;0000000000000000000000000000000000000000;10;10-rados-rbd-clients;P2;test/QA;support;"Triage owner 10: RBD QA; inspect endpoint hunk before binary impact verdict.";;;;
1346;v16.2.15;v17.2.7;qa/tasks/ceph_iscsi_client.py;;A;A;56;0;FALSE;000000;100644;0000000000000000000000000000000000000000;189b7fa31fef81ea875c1e79993bca42021580d3;10;10-rados-rbd-clients;P2;test/QA;support;"Triage owner 10: RBD QA; inspect endpoint hunk before binary impact verdict.";;;;
1454;v16.2.15;v17.2.7;qa/workunits/rbd/cli_generic.sh;;M;M;10;0;FALSE;100755;100755;9b2648fd0fac386661b5ae0b53d25f462b00a983;57279d26dceee4399013ae254c12620b841f2cf8;10;10-rados-rbd-clients;P2;test/QA;support;"Triage owner 10: RADOS/RBD client owned path; inspect endpoint hunk before binary impact verdict.";;;;
1455;v16.2.15;v17.2.7;qa/workunits/rbd/rbd-nbd.sh;;M;M;56;11;FALSE;100755;100755;319b28ef3c96b1b0f2ecf12cc9ef58b56e9e7e38;122df3d6f35a52a47afecbc2b5d36281cfc1d6ff;10;10-rados-rbd-clients;P2;test/QA;support;"Triage owner 10: RADOS/RBD client owned path; inspect endpoint hunk before binary impact verdict.";;;;
1456;v16.2.15;v17.2.7;qa/workunits/rbd/rbd_support_module_recovery.sh;;D;D;0;77;FALSE;100755;000000;e9defced24a865a7922001623d3f1be6cfe572c9;0000000000000000000000000000000000000000;10;10-rados-rbd-clients;P2;test/QA;support;"Triage owner 10: RADOS/RBD client owned path; inspect endpoint hunk before binary impact verdict.";;;;
1464;v16.2.15;v17.2.7;qa/workunits/windows/test_rbd_wnbd.py;;A;A;919;0;FALSE;000000;100644;0000000000000000000000000000000000000000;f22810e2ea14a138153bd728da18dd9d05ec89a0;10;10-rados-rbd-clients;P2;test/QA;support;"Triage owner 10: RBD QA; inspect endpoint hunk before binary impact verdict.";;;;
1567;v16.2.15;v17.2.7;src/cls/cas/cls_cas_internal.cc;;M;M;2;1;FALSE;100644;100644;edaa96d2737053bcea3c58ddf0e0b43bb4d2d06b;891b1c311bf1b412b517570bc10ba932f997e314;10;10-rados-rbd-clients;P1;runtime/source;conditional;"Triage owner 10: RADOS client or object class; inspect endpoint hunk before binary impact verdict.";;;;
1568;v16.2.15;v17.2.7;src/cls/cas/cls_cas_internal.h;;M;M;8;7;FALSE;100644;100644;14d3119a9d247b34c8da71d7d9e8be275314b1da;09e7f9f1f69d345dc89d8cdb0b652574364676b9;10;10-rados-rbd-clients;P1;runtime/source;conditional;"Triage owner 10: RADOS client or object class; inspect endpoint hunk before binary impact verdict.";;;;
1572;v16.2.15;v17.2.7;src/cls/lock/cls_lock_ops.cc;;M;M;3;0;FALSE;100644;100644;ef4190c0a3c79b46bdf3b4b88c212c3d24dbf274;1f878be48eb75ad9eb221e1b39a43c27e515d924;10;10-rados-rbd-clients;P1;runtime/source;conditional;"Triage owner 10: RADOS client or object class; inspect endpoint hunk before binary impact verdict.";;;;
1573;v16.2.15;v17.2.7;src/cls/lua/cls_lua.cc;;M;M;2;0;FALSE;100644;100644;ecc5417fca46b171a076c1c845ecc78f5f08d26b;dea5fe1a8248c33077d9084eeaae7e49f2f32111;10;10-rados-rbd-clients;P1;runtime/source;conditional;"Triage owner 10: RADOS client or object class; inspect endpoint hunk before binary impact verdict.";;;;
1577;v16.2.15;v17.2.7;src/cls/rbd/cls_rbd.cc;;M;M;2;2;FALSE;100644;100644;870718d219eccd57bc1e0549ac6bfca543f1bc8c;59a34173b4d469c47835ab2da230f0af451d0af9;10;10-rados-rbd-clients;P1;runtime/source;conditional;"Triage owner 10: RADOS/RBD client owned path; inspect endpoint hunk before binary impact verdict.";;;;
1578;v16.2.15;v17.2.7;src/cls/rbd/cls_rbd.h;;M;M;4;0;FALSE;100644;100644;566bcdf6ca0d1d563ce641f08621bfa2a561f155;f0cadf8ae5525d410d775e795315008d42aa315c;10;10-rados-rbd-clients;P1;runtime/source;conditional;"Triage owner 10: RADOS/RBD client owned path; inspect endpoint hunk before binary impact verdict.";;;;
1579;v16.2.15;v17.2.7;src/cls/rbd/cls_rbd_client.cc;;M;M;2;2;FALSE;100644;100644;535de35ef7a246a5cbc4ba96ee5eb4acb4986234;2f1f37eaa9f72ab0f3b34f1e3dfa835df29b516f;10;10-rados-rbd-clients;P1;runtime/source;conditional;"Triage owner 10: RADOS/RBD client owned path; inspect endpoint hunk before binary impact verdict.";;;;
1580;v16.2.15;v17.2.7;src/cls/rbd/cls_rbd_client.h;;M;M;2;2;FALSE;100644;100644;9bb5a41d82d5e0d12c081fb690117a6a5bc77ed2;38098805e98c487ada77ab21b0a3d7adf9a7e395;10;10-rados-rbd-clients;P1;runtime/source;conditional;"Triage owner 10: RADOS/RBD client owned path; inspect endpoint hunk before binary impact verdict.";;;;
1593;v16.2.15;v17.2.7;src/cls/test_remote_reads/cls_test_remote_reads.cc;;A;A;87;0;FALSE;000000;100644;0000000000000000000000000000000000000000;33b0e9dc1d50571cea91a02f15d72e4d8b8af63a;10;10-rados-rbd-clients;P1;runtime/source;conditional;"Triage owner 10: RADOS client or object class; inspect endpoint hunk before binary impact verdict.";;;;
1594;v16.2.15;v17.2.7;src/cls/timeindex/cls_timeindex_types.cc;;M;M;1;1;FALSE;100644;100644;98c3741863fb90c31a037b92f983a69aaa432951;1a748967bd82e3f548de7fc05b0165cec4cce1ad;10;10-rados-rbd-clients;P1;runtime/source;conditional;"Triage owner 10: RADOS client or object class; inspect endpoint hunk before binary impact verdict.";;;;
2026;v16.2.15;v17.2.7;src/include/rados/librados.h;;M;M;4;3;FALSE;100644;100644;d9e39eceb1f9e96cfe5a984738f2cc0853409849;31ef332403ce207a688dcb185cb9d53ae6a49f0b;10;10-rados-rbd-clients;P1;runtime/source;conditional;"Triage owner 10: RADOS/RBD client owned path; inspect endpoint hunk before binary impact verdict.";;;;
2027;v16.2.15;v17.2.7;src/include/rados/librados.hpp;;M;M;16;10;FALSE;100644;100644;10dd8cc5394565e1cbf6a75b1f358c13011b3c93;712a5da824bc9b88c4c67c41e0039319acfd63f9;10;10-rados-rbd-clients;P1;runtime/source;conditional;"Triage owner 10: RADOS/RBD client owned path; inspect endpoint hunk before binary impact verdict.";;;;
2028;v16.2.15;v17.2.7;src/include/rbd/librbd.h;;M;M;11;1;FALSE;100644;100644;35c3e5301628d997459bc57a0e14ddaddad48288;8035553af30f306cdacf7bdd0d438862bd96126f;10;10-rados-rbd-clients;P1;runtime/source;conditional;"Triage owner 10: RADOS/RBD client owned path; inspect endpoint hunk before binary impact verdict.";;;;
2029;v16.2.15;v17.2.7;src/include/rbd/librbd.hpp;;M;M;21;0;FALSE;100644;100644;f1ddc2965e5451143fd09d8097481af519413ed3;669f17a2cf50aff91103163db38959abc96d460f;10;10-rados-rbd-clients;P1;runtime/source;conditional;"Triage owner 10: RADOS/RBD client owned path; inspect endpoint hunk before binary impact verdict.";;;;
2065;v16.2.15;v17.2.7;src/librados/IoCtxImpl.cc;;M;M;5;0;FALSE;100644;100644;8f881d1f40483061a993889b50fa537404823a79;e1d38fd014a4ba30349987a38dbd53a2f21f633a;10;10-rados-rbd-clients;P1;runtime/source;conditional;"Triage owner 10: RADOS/RBD client owned path; inspect endpoint hunk before binary impact verdict.";;;;
2066;v16.2.15;v17.2.7;src/librados/IoCtxImpl.h;;M;M;6;6;FALSE;100644;100644;9d83a0eb38ab4725f3e25a0dc3a001cfa86e845d;477768ef78a4f13159b5f834dfb32e5a2c26a4cb;10;10-rados-rbd-clients;P1;runtime/source;conditional;"Triage owner 10: RADOS/RBD client owned path; inspect endpoint hunk before binary impact verdict.";;;;
2067;v16.2.15;v17.2.7;src/librados/RadosClient.cc;;M;M;13;14;FALSE;100644;100644;547c084cd51e3b29855c997eb7e2671cb615e902;43914a89c2c182234f4063cafd87d9e40a505ea1;10;10-rados-rbd-clients;P1;runtime/source;conditional;"Triage owner 10: RADOS/RBD client owned path; inspect endpoint hunk before binary impact verdict.";;;;
2068;v16.2.15;v17.2.7;src/librados/RadosClient.h;;M;M;30;30;FALSE;100644;100644;7c8dd79df9f088805db84ca053546ea406024da2;00a273b82d30dab7486c9a969b81c5e5993d7372;10;10-rados-rbd-clients;P1;runtime/source;conditional;"Triage owner 10: RADOS/RBD client owned path; inspect endpoint hunk before binary impact verdict.";;;;
2069;v16.2.15;v17.2.7;src/librados/librados_c.cc;;M;M;3;2;FALSE;100644;100644;a4007d5bb0f0ad84a753841db9a70bc50b46f2d1;261a2db2cce9cd83be816629cadf4d790bc28a31;10;10-rados-rbd-clients;P1;runtime/source;conditional;"Triage owner 10: RADOS/RBD client owned path; inspect endpoint hunk before binary impact verdict.";;;;
2070;v16.2.15;v17.2.7;src/librados/librados_cxx.cc;;M;M;9;12;FALSE;100644;100644;81da002cd8296e89d487db76d0ec2ad5f2846014;52925b4013f50cb2b68e35d4ca36c7c606b25556;10;10-rados-rbd-clients;P1;runtime/source;conditional;"Triage owner 10: RADOS/RBD client owned path; inspect endpoint hunk before binary impact verdict.";;;;
2071;v16.2.15;v17.2.7;src/librados/snap_set_diff.cc;;M;M;12;16;FALSE;100644;100644;0211b57658c82aa11091407092861855802ef215;06f76b02345f0909740e1e8b7ec95e82211b9d5a;10;10-rados-rbd-clients;P1;runtime/source;conditional;"Triage owner 10: RADOS/RBD client owned path; inspect endpoint hunk before binary impact verdict.";;;;
2072;v16.2.15;v17.2.7;src/libradosstriper/RadosStriperImpl.cc;;M;M;14;10;FALSE;100644;100644;60fafd463960f9df9367990d322392943eece7bb;aca8463a97e03612837fc114ee27fafe4f7c65df;10;10-rados-rbd-clients;P1;runtime/source;conditional;"Triage owner 10: RADOS/RBD client owned path; inspect endpoint hunk before binary impact verdict.";;;;
2073;v16.2.15;v17.2.7;src/libradosstriper/RadosStriperImpl.h;;M;M;1;1;FALSE;100644;100644;8226a9ba2a23436d539975a815c65c2119726e6a;abe602ea4463a60e9825b3bd21757a7c0566b15b;10;10-rados-rbd-clients;P1;runtime/source;conditional;"Triage owner 10: RADOS/RBD client owned path; inspect endpoint hunk before binary impact verdict.";;;;
2074;v16.2.15;v17.2.7;src/librbd/AsyncObjectThrottle.cc;;M;M;0;1;FALSE;100644;100644;6adba21666ebb4ff2f065e9b70f08cd2cf8d08d7;e0fcefff18a03f81be5000b421906bc130ac1838;10;10-rados-rbd-clients;P1;runtime/source;conditional;"Triage owner 10: RADOS/RBD client owned path; inspect endpoint hunk before binary impact verdict.";;;;
2075;v16.2.15;v17.2.7;src/librbd/BlockGuard.h;;M;M;8;7;FALSE;100644;100644;2474e3c022abdd220259b3cf0e9fe50af52073f3;1e56a6eedc52aedb8601eb5944bbcfde46c96ade;10;10-rados-rbd-clients;P1;runtime/source;conditional;"Triage owner 10: RADOS/RBD client owned path; inspect endpoint hunk before binary impact verdict.";;;;
2077;v16.2.15;v17.2.7;src/librbd/ImageCtx.cc;;M;M;4;0;FALSE;100644;100644;058352949c413caa3660e883aeda82034fc85862;7d41376325e6d1f3ed3e3a60600a532d90b8a4c4;10;10-rados-rbd-clients;P1;runtime/source;conditional;"Triage owner 10: RADOS/RBD client owned path; inspect endpoint hunk before binary impact verdict.";;;;
2078;v16.2.15;v17.2.7;src/librbd/ImageCtx.h;;M;M;4;9;FALSE;100644;100644;ccf5dacc34e23dcb81306213241b921fc41ca64d;729b962be4f2cc08377554f8e9cff4cb07354041;10;10-rados-rbd-clients;P1;runtime/source;conditional;"Triage owner 10: RADOS/RBD client owned path; inspect endpoint hunk before binary impact verdict.";;;;
2079;v16.2.15;v17.2.7;src/librbd/ImageWatcher.cc;;M;M;2;0;FALSE;100644;100644;b26b7d9971c8d8fe98c9068bfc60d34deca402d1;4a4d8aa2bd11ff825a592f59b80bc123c20e001a;10;10-rados-rbd-clients;P1;runtime/source;conditional;"Triage owner 10: RADOS/RBD client owned path; inspect endpoint hunk before binary impact verdict.";;;;
2080;v16.2.15;v17.2.7;src/librbd/Journal.cc;;M;M;48;56;FALSE;100644;100644;1d4339c164b166072e441a963c63e46a27e323de;8ddce2e8f7d4f4b476d5886d2135c38007b988f1;10;10-rados-rbd-clients;P1;runtime/source;conditional;"Triage owner 10: RADOS/RBD client owned path; inspect endpoint hunk before binary impact verdict.";;;;
2081;v16.2.15;v17.2.7;src/librbd/Journal.h;;M;M;10;18;FALSE;100644;100644;a671eeee38e358c6a4e46d72f0d035e81f79db13;1ef9ffa8830fe0beffa4d5a3f418e273e2ddab80;10;10-rados-rbd-clients;P1;runtime/source;conditional;"Triage owner 10: RADOS/RBD client owned path; inspect endpoint hunk before binary impact verdict.";;;;
2082;v16.2.15;v17.2.7;src/librbd/LibrbdAdminSocketHook.cc;;M;M;1;0;FALSE;100644;100644;f91bda3f0d2fbe23c73ffda53da141ea36e5a27c;159c9eda570bbe6434a54904b32e7476697a7aee;10;10-rados-rbd-clients;P1;runtime/source;conditional;"Triage owner 10: RADOS/RBD client owned path; inspect endpoint hunk before binary impact verdict.";;;;
2083;v16.2.15;v17.2.7;src/librbd/LibrbdAdminSocketHook.h;;M;M;1;0;FALSE;100644;100644;d07a9280e583385cab6f8f98434f712caa73a2e6;98ff06abb30006aaa5794a9714514cee645017bb;10;10-rados-rbd-clients;P1;runtime/source;conditional;"Triage owner 10: RADOS/RBD client owned path; inspect endpoint hunk before binary impact verdict.";;;;
2084;v16.2.15;v17.2.7;src/librbd/ObjectMap.h;;M;M;0;7;FALSE;100644;100644;b4898d035d4d24cd38745eb4346fdc366c376fd8;8b5b352ef8aa4c46f2fcf5ca1daba65d8a4b3770;10;10-rados-rbd-clients;P1;runtime/source;conditional;"Triage owner 10: RADOS/RBD client owned path; inspect endpoint hunk before binary impact verdict.";;;;
2085;v16.2.15;v17.2.7;src/librbd/Utils.cc;;M;M;1;1;FALSE;100644;100644;75fe7b1a721a5a4bb5cfbc01c2bb2b1c992e4012;0ea31fc1c9d4374a9e8316bb44cc1a0960abca32;10;10-rados-rbd-clients;P1;runtime/source;conditional;"Triage owner 10: RADOS/RBD client owned path; inspect endpoint hunk before binary impact verdict.";;;;
2086;v16.2.15;v17.2.7;src/librbd/WatchNotifyTypes.h;;M;M;2;2;FALSE;100644;100644;ca0b40f28f0c80df39e065b7fe806880496b479e;4fad31ffac93d87ebac883657fcf0339e7471e91;10;10-rados-rbd-clients;P1;runtime/source;conditional;"Triage owner 10: RADOS/RBD client owned path; inspect endpoint hunk before binary impact verdict.";;;;
2087;v16.2.15;v17.2.7;src/librbd/Watcher.h;;M;M;1;1;FALSE;100644;100644;96ecda7d0e7bff4d063f42d5b19dd3cf3e971e98;e029430c5b7d7a9939e92e2293de2f2816d36a16;10;10-rados-rbd-clients;P1;runtime/source;conditional;"Triage owner 10: RADOS/RBD client owned path; inspect endpoint hunk before binary impact verdict.";;;;
2088;v16.2.15;v17.2.7;src/librbd/api/DiffIterate.cc;;M;M;23;109;FALSE;100644;100644;a10165fcb4da1edda6e6a1615378e8b807f7a612;fa1df6df373403868b98d41f3d961e61292035c9;10;10-rados-rbd-clients;P1;runtime/source;conditional;"Triage owner 10: RADOS/RBD client owned path; inspect endpoint hunk before binary impact verdict.";;;;
2089;v16.2.15;v17.2.7;src/librbd/api/DiffIterate.h;;M;M;4;3;FALSE;100644;100644;c53b0e995b6d0cb05c9169e2ec9f6490070bb692;e6074d9cb3d66dbb1e8588441cc055b665420e8d;10;10-rados-rbd-clients;P1;runtime/source;conditional;"Triage owner 10: RADOS/RBD client owned path; inspect endpoint hunk before binary impact verdict.";;;;
2090;v16.2.15;v17.2.7;src/librbd/api/Group.cc;;M;M;1;4;FALSE;100644;100644;72a99cf47672cc5343466280727de77489f9fda1;cb6b44e8d5a0d1f1c7765fac7c60c60bc22322e8;10;10-rados-rbd-clients;P1;runtime/source;conditional;"Triage owner 10: RADOS/RBD client owned path; inspect endpoint hunk before binary impact verdict.";;;;
2091;v16.2.15;v17.2.7;src/librbd/api/Image.cc;;M;M;3;2;FALSE;100644;100644;60c8a2c98670638c1e609b2c291bb13ccb9dab8d;b887ecdae75e13f56726c83d6f41036d71e6798a;10;10-rados-rbd-clients;P1;runtime/source;conditional;"Triage owner 10: RADOS/RBD client owned path; inspect endpoint hunk before binary impact verdict.";;;;
2092;v16.2.15;v17.2.7;src/librbd/api/Mirror.cc;;M;M;9;9;FALSE;100644;100644;62ef9c55b003886bc9a2f95f217db52ca4f3878a;660c9f23fb807cf8b39f959c6fba3355d0a60a33;10;10-rados-rbd-clients;P1;runtime/source;conditional;"Triage owner 10: RADOS/RBD client owned path; inspect endpoint hunk before binary impact verdict.";;;;
2093;v16.2.15;v17.2.7;src/librbd/api/Namespace.cc;;M;M;1;1;FALSE;100644;100644;6c5ac7fda3145dc44d140f7a032202819df08c44;86ed70c06acec84caa80b9330a118897dd500163;10;10-rados-rbd-clients;P1;runtime/source;conditional;"Triage owner 10: RADOS/RBD client owned path; inspect endpoint hunk before binary impact verdict.";;;;
2094;v16.2.15;v17.2.7;src/librbd/api/PoolMetadata.h;;M;M;1;0;FALSE;100644;100644;c0a8173596e5cbc08c83798393e1b559a8c9a19f;69ab574ac7545accfe6de1de9d0c9c77b5735840;10;10-rados-rbd-clients;P1;runtime/source;conditional;"Triage owner 10: RADOS/RBD client owned path; inspect endpoint hunk before binary impact verdict.";;;;
2095;v16.2.15;v17.2.7;src/librbd/api/Snapshot.cc;;M;M;2;2;FALSE;100644;100644;88f22694cf28d4e85c6beeb14e2e894fef8ea479;c175808bdc24049b4d4836d4a18b704e7b648bcf;10;10-rados-rbd-clients;P1;runtime/source;conditional;"Triage owner 10: RADOS/RBD client owned path; inspect endpoint hunk before binary impact verdict.";;;;
2096;v16.2.15;v17.2.7;src/librbd/api/Trash.cc;;M;M;14;14;FALSE;100644;100644;b66ac30577173163d4309af16a1b6cefe04d2ffa;d8189e8a73d2faa45c0fc7d6c91f0455732549a4;10;10-rados-rbd-clients;P1;runtime/source;conditional;"Triage owner 10: RADOS/RBD client owned path; inspect endpoint hunk before binary impact verdict.";;;;
2097;v16.2.15;v17.2.7;src/librbd/cache/ObjectCacherObjectDispatch.cc;;M;M;24;5;FALSE;100644;100644;81d5a71885b01d6cd100e93f212366ab56d76c6b;822a053e1431c414563ed1c5f96318a45c0b919b;10;10-rados-rbd-clients;P1;runtime/source;conditional;"Triage owner 10: RADOS/RBD client owned path; inspect endpoint hunk before binary impact verdict.";;;;
2098;v16.2.15;v17.2.7;src/librbd/cache/ObjectCacherWriteback.cc;;M;M;2;0;FALSE;100644;100644;9f3d5c8953e21459f503c7861d7876868c30ef07;8c0aaa7bcda59cd4ccf85282837213358755d252;10;10-rados-rbd-clients;P1;runtime/source;conditional;"Triage owner 10: RADOS/RBD client owned path; inspect endpoint hunk before binary impact verdict.";;;;
2099;v16.2.15;v17.2.7;src/librbd/cache/ParentCacheObjectDispatch.cc;;M;M;2;1;FALSE;100644;100644;762b18101f6974e1ea47db9a792c0331cb6c0016;d42a3b88bff63a52b5051c3dc0a4f9504ad4946d;10;10-rados-rbd-clients;P1;runtime/source;conditional;"Triage owner 10: RADOS/RBD client owned path; inspect endpoint hunk before binary impact verdict.";;;;
2100;v16.2.15;v17.2.7;src/librbd/cache/pwl/AbstractWriteLog.cc;;M;M;30;38;FALSE;100644;100644;6f017a9c33b3ccead6604945137f26ee8b123158;a59a59d1ca03d7d90a767eb9fbcc2eb1fcd37b72;10;10-rados-rbd-clients;P1;runtime/source;conditional;"Triage owner 10: RADOS/RBD client owned path; inspect endpoint hunk before binary impact verdict.";;;;
2101;v16.2.15;v17.2.7;src/librbd/cache/pwl/DiscardRequest.cc;;M;M;4;8;FALSE;100644;100644;eaf24137d05c03ea7223fbb38f177452d3939d32;1b537f32d16d9fad216394f81d5b88ada0929fe6;10;10-rados-rbd-clients;P1;runtime/source;conditional;"Triage owner 10: RADOS/RBD client owned path; inspect endpoint hunk before binary impact verdict.";;;;
2102;v16.2.15;v17.2.7;src/librbd/cache/pwl/ImageCacheState.cc;;M;M;2;0;FALSE;100644;100644;2bd6e11324975e9c78d40d97b4e799b81c66bdc6;ab941df0f65fc38fdee9fd68f9642637cee7b7a9;10;10-rados-rbd-clients;P1;runtime/source;conditional;"Triage owner 10: RADOS/RBD client owned path; inspect endpoint hunk before binary impact verdict.";;;;
2103;v16.2.15;v17.2.7;src/librbd/cache/pwl/LogEntry.cc;;M;M;15;20;FALSE;100644;100644;504d21051d9e891c9ec65f61071f1991874b096b;8a050eb792114692c586886b8e7d4e9945e8b790;10;10-rados-rbd-clients;P1;runtime/source;conditional;"Triage owner 10: RADOS/RBD client owned path; inspect endpoint hunk before binary impact verdict.";;;;
2104;v16.2.15;v17.2.7;src/librbd/cache/pwl/LogMap.cc;;M;M;2;2;FALSE;100644;100644;a2e6d65eb29ec20b276ff1576105287f4dd091c8;b3e7022b08b17e3cc828c2d0e3739ea142ea2913;10;10-rados-rbd-clients;P1;runtime/source;conditional;"Triage owner 10: RADOS/RBD client owned path; inspect endpoint hunk before binary impact verdict.";;;;
2105;v16.2.15;v17.2.7;src/librbd/cache/pwl/LogOperation.cc;;M;M;15;19;FALSE;100644;100644;4fc13a91a23f2d8debe40bb05e234c813db3740e;e779802f0cf8be45d6d67eb777aca56940b4cb56;10;10-rados-rbd-clients;P1;runtime/source;conditional;"Triage owner 10: RADOS/RBD client owned path; inspect endpoint hunk before binary impact verdict.";;;;
2106;v16.2.15;v17.2.7;src/librbd/cache/pwl/Request.cc;;M;M;23;22;FALSE;100644;100644;8159b121a1e27e4d361798c6e8d76552c265fdb6;96333192527ff01515250cfb3fdadb6b800ae246;10;10-rados-rbd-clients;P1;runtime/source;conditional;"Triage owner 10: RADOS/RBD client owned path; inspect endpoint hunk before binary impact verdict.";;;;
2107;v16.2.15;v17.2.7;src/librbd/cache/pwl/Request.h;;M;M;10;23;FALSE;100644;100644;7953c2887fca724ecb36c8f0083c1202863405cb;4840b049e58d0ce532f9f2f69e7c94992f08930d;10;10-rados-rbd-clients;P1;runtime/source;conditional;"Triage owner 10: RADOS/RBD client owned path; inspect endpoint hunk before binary impact verdict.";;;;
2108;v16.2.15;v17.2.7;src/librbd/cache/pwl/SyncPoint.cc;;M;M;10;10;FALSE;100644;100644;8fb2f82052e630abe7826a0f7596fbf34334e41a;6d45e7a30c88f4ece1b31514d20187c2a14c1f75;10;10-rados-rbd-clients;P1;runtime/source;conditional;"Triage owner 10: RADOS/RBD client owned path; inspect endpoint hunk before binary impact verdict.";;;;
2109;v16.2.15;v17.2.7;src/librbd/cache/pwl/Types.cc;;M;M;14;14;FALSE;100644;100644;505f5d57ba248d2a434377ed8b61fafa5ea1dd79;c29305eecaf0dd88c8a476bde3eca35984aed60c;10;10-rados-rbd-clients;P1;runtime/source;conditional;"Triage owner 10: RADOS/RBD client owned path; inspect endpoint hunk before binary impact verdict.";;;;
2110;v16.2.15;v17.2.7;src/librbd/cache/pwl/Types.h;;M;M;13;12;FALSE;100644;100644;dc067612bfcff3d992631fe763f9a009324fb0f9;0d8c93a24c3164ca2f6107c6de972d328d4f282b;10;10-rados-rbd-clients;P1;runtime/source;conditional;"Triage owner 10: RADOS/RBD client owned path; inspect endpoint hunk before binary impact verdict.";;;;
2111;v16.2.15;v17.2.7;src/librbd/cache/pwl/rwl/Request.cc;;M;M;4;4;FALSE;100644;100644;09158127241a33ded3d6b6460e167277e4faf86b;a6b81d55b32efa4a12556e25b5fa260cdeab310b;10;10-rados-rbd-clients;P1;runtime/source;conditional;"Triage owner 10: RADOS/RBD client owned path; inspect endpoint hunk before binary impact verdict.";;;;
2112;v16.2.15;v17.2.7;src/librbd/cache/pwl/rwl/WriteLog.cc;;M;M;34;37;FALSE;100644;100644;dd623c9adaadf02682664fe9942ab73be61f41c6;e922ba543aa27852f0b9498a311ac76106a133c7;10;10-rados-rbd-clients;P1;runtime/source;conditional;"Triage owner 10: RADOS/RBD client owned path; inspect endpoint hunk before binary impact verdict.";;;;
2113;v16.2.15;v17.2.7;src/librbd/cache/pwl/ssd/Request.cc;;M;M;4;4;FALSE;100644;100644;e92e547c8e60782ccbda78acad8de4a140a6b43f;61e39b7c1d86f59dd92c1721f4560b3df1f54eb8;10;10-rados-rbd-clients;P1;runtime/source;conditional;"Triage owner 10: RADOS/RBD client owned path; inspect endpoint hunk before binary impact verdict.";;;;
2114;v16.2.15;v17.2.7;src/librbd/cache/pwl/ssd/Types.h;;M;M;1;1;FALSE;100644;100644;3ebad1fd94562f332b33b8654f383132b19ce410;52f67ae201bace69742d14f1be7658b06f63fb67;10;10-rados-rbd-clients;P1;runtime/source;conditional;"Triage owner 10: RADOS/RBD client owned path; inspect endpoint hunk before binary impact verdict.";;;;
2115;v16.2.15;v17.2.7;src/librbd/cache/pwl/ssd/WriteLog.cc;;M;M;23;21;FALSE;100644;100644;00626506a3666c9280880897b5288c12fac2629e;753b15b69f7f953e351f45bc5e0967966aa96a3c;10;10-rados-rbd-clients;P1;runtime/source;conditional;"Triage owner 10: RADOS/RBD client owned path; inspect endpoint hunk before binary impact verdict.";;;;
2116;v16.2.15;v17.2.7;src/librbd/crypto/BlockCrypto.cc;;M;M;1;1;FALSE;100644;100644;0b74db04a1bb52d0aa87e6e93233c26511b1597e;f9e2a9d21903ae3798f83cb22ca4f1cdd53bc94e;10;10-rados-rbd-clients;P1;runtime/source;conditional;"Triage owner 10: RADOS/RBD client owned path; inspect endpoint hunk before binary impact verdict.";;;;
2117;v16.2.15;v17.2.7;src/librbd/crypto/CryptoContextPool.h;;M;M;1;4;FALSE;100644;100644;c0ebce0c2333eac7123a9a57c66b6cc68e3e85a4;00486dacdd6591922ae97bce5045b29955424cf7;10;10-rados-rbd-clients;P1;runtime/source;conditional;"Triage owner 10: RADOS/RBD client owned path; inspect endpoint hunk before binary impact verdict.";;;;
2118;v16.2.15;v17.2.7;src/librbd/crypto/luks/Header.cc;;M;M;1;5;FALSE;100644;100644;ee8c8b555240bc0859e98e253b215ddcf6f4eeb6;b1b8a32d69074a52037477e960127380cfd4bf0c;10;10-rados-rbd-clients;P1;runtime/source;conditional;"Triage owner 10: RADOS/RBD client owned path; inspect endpoint hunk before binary impact verdict.";;;;
2119;v16.2.15;v17.2.7;src/librbd/deep_copy/ImageCopyRequest.cc;;M;M;3;4;FALSE;100644;100644;6688083402cb6c4e9d997d1de5180a0e51490105;08e959dd572325f74beda92c334167a29836e0ab;10;10-rados-rbd-clients;P1;runtime/source;conditional;"Triage owner 10: RADOS/RBD client owned path; inspect endpoint hunk before binary impact verdict.";;;;
2120;v16.2.15;v17.2.7;src/librbd/image/CreateRequest.cc;;M;M;1;1;FALSE;100644;100644;3fc1aa6136df20796e71d664cacba52491ca162d;71fb9cf26d052f9c297bb13b79b6fa764dd4c0f6;10;10-rados-rbd-clients;P1;runtime/source;conditional;"Triage owner 10: RADOS/RBD client owned path; inspect endpoint hunk before binary impact verdict.";;;;
2121;v16.2.15;v17.2.7;src/librbd/image_watcher/NotifyLockOwner.cc;;M;M;1;0;FALSE;100644;100644;e37fb597e7e3aac3b467d54223d6cd119e626910;fe441d7f259ddb826870652b439d16063bfa0d44;10;10-rados-rbd-clients;P1;runtime/source;conditional;"Triage owner 10: RADOS/RBD client owned path; inspect endpoint hunk before binary impact verdict.";;;;
2122;v16.2.15;v17.2.7;src/librbd/internal.cc;;M;M;3;2;FALSE;100644;100644;f9ba5474b955196b1f9d4ba900891f88295b09a5;42542b22d28b4db9167b226ca639f5d71c98b90a;10;10-rados-rbd-clients;P1;runtime/source;conditional;"Triage owner 10: RADOS/RBD client owned path; inspect endpoint hunk before binary impact verdict.";;;;
2123;v16.2.15;v17.2.7;src/librbd/internal.h;;M;M;2;1;FALSE;100644;100644;9bd03228a54ebade4065daba05b893fa854a3b8d;2b2400b8c8cfe5c26059d78105063f823f97afab;10;10-rados-rbd-clients;P1;runtime/source;conditional;"Triage owner 10: RADOS/RBD client owned path; inspect endpoint hunk before binary impact verdict.";;;;
2124;v16.2.15;v17.2.7;src/librbd/io/ImageDispatcher.cc;;M;M;5;0;FALSE;100644;100644;17dea5bf157ee70540e466d3c8468cadba097f17;70518a8e672930ae93b7dc086fa9af08965b3d29;10;10-rados-rbd-clients;P1;runtime/source;conditional;"Triage owner 10: RADOS/RBD client owned path; inspect endpoint hunk before binary impact verdict.";;;;
2125;v16.2.15;v17.2.7;src/librbd/io/ImageDispatcher.h;;M;M;1;0;FALSE;100644;100644;c7ea56f7303af8d3f6c640e9515d7c582ab42e65;f8eeeacda57f5ea8c61cc068a044b8f7701db5a9;10;10-rados-rbd-clients;P1;runtime/source;conditional;"Triage owner 10: RADOS/RBD client owned path; inspect endpoint hunk before binary impact verdict.";;;;
2126;v16.2.15;v17.2.7;src/librbd/io/ImageDispatcherInterface.h;;M;M;1;0;FALSE;100644;100644;7c25734f9b5a0f7a4392b95eefa0645a4ea93968;9737fb3b0af2c8ff7590c99db924ea8788a5b3d5;10;10-rados-rbd-clients;P1;runtime/source;conditional;"Triage owner 10: RADOS/RBD client owned path; inspect endpoint hunk before binary impact verdict.";;;;
2127;v16.2.15;v17.2.7;src/librbd/io/ImageRequest.cc;;M;M;56;25;FALSE;100644;100644;82b5254ec43e3ffaca8c619456c3d45dde5cc303;32904035c7774f305ac3667434463c0de4e49f59;10;10-rados-rbd-clients;P1;runtime/source;conditional;"Triage owner 10: RADOS/RBD client owned path; inspect endpoint hunk before binary impact verdict.";;;;
2128;v16.2.15;v17.2.7;src/librbd/io/ImageRequest.h;;M;M;16;7;FALSE;100644;100644;bf0b9d72ff9214b847b2bef963e897dd77016c0a;209148bcc37ca7aa26c7c4e1757d9ed79a79a2d9;10;10-rados-rbd-clients;P1;runtime/source;conditional;"Triage owner 10: RADOS/RBD client owned path; inspect endpoint hunk before binary impact verdict.";;;;
2129;v16.2.15;v17.2.7;src/librbd/io/IoOperations.cc;;A;A;101;0;FALSE;000000;100644;0000000000000000000000000000000000000000;7db7e7a8099d287d5e11462f8558654fe5b349b2;10;10-rados-rbd-clients;P1;runtime/source;conditional;"Triage owner 10: RADOS/RBD client owned path; inspect endpoint hunk before binary impact verdict.";;;;
2130;v16.2.15;v17.2.7;src/librbd/io/IoOperations.h;;A;A;18;0;FALSE;000000;100644;0000000000000000000000000000000000000000;93d3ef4fefacd45f316b1bdb9ac8cc85b88c2d77;10;10-rados-rbd-clients;P1;runtime/source;conditional;"Triage owner 10: RADOS/RBD client owned path; inspect endpoint hunk before binary impact verdict.";;;;
2131;v16.2.15;v17.2.7;src/librbd/io/ObjectRequest.cc;;M;M;7;8;FALSE;100644;100644;68ae5e27e4d6e022233a2781cacf5289a65ba974;87c3cd7dd5289acb1f4368710eda768804f0007a;10;10-rados-rbd-clients;P1;runtime/source;conditional;"Triage owner 10: RADOS/RBD client owned path; inspect endpoint hunk before binary impact verdict.";;;;
2132;v16.2.15;v17.2.7;src/librbd/io/QosImageDispatch.cc;;M;M;31;7;FALSE;100644;100644;2b8ec7bbd0a25755e19c404f2797723ffb1029d6;ea1d5dbb5fcd21feb824fc448c87fbbd2ea8db5d;10;10-rados-rbd-clients;P1;runtime/source;conditional;"Triage owner 10: RADOS/RBD client owned path; inspect endpoint hunk before binary impact verdict.";;;;
2133;v16.2.15;v17.2.7;src/librbd/io/QosImageDispatch.h;;M;M;6;2;FALSE;100644;100644;0ca6634cf15073f3cfe9ed605e996bd5413d48b2;f5e08940a4b12e81694d52a28fa04df6f0f9611f;10;10-rados-rbd-clients;P1;runtime/source;conditional;"Triage owner 10: RADOS/RBD client owned path; inspect endpoint hunk before binary impact verdict.";;;;
2134;v16.2.15;v17.2.7;src/librbd/io/Types.h;;M;M;19;4;FALSE;100644;100644;8d91c55158c6bc9f3f63a9df44bf4b88f634c744;12fea2bb3262ee79b52971f115d4ada227ae037d;10;10-rados-rbd-clients;P1;runtime/source;conditional;"Triage owner 10: RADOS/RBD client owned path; inspect endpoint hunk before binary impact verdict.";;;;
2135;v16.2.15;v17.2.7;src/librbd/journal/Types.h;;M;M;5;5;FALSE;100644;100644;ae5681ade0677b31f5c19bef9616ab9b63f5ca58;d57858a159005886236ac1392ac8799151d738f5;10;10-rados-rbd-clients;P1;runtime/source;conditional;"Triage owner 10: RADOS/RBD client owned path; inspect endpoint hunk before binary impact verdict.";;;;
2136;v16.2.15;v17.2.7;src/librbd/librbd.cc;;M;M;54;8;FALSE;100644;100644;eb2df58e7987bd637eaa5190d676a41d2c7c4ede;2fba85ebdc07e4eac103ba7b02957ea0c1390eba;10;10-rados-rbd-clients;P1;runtime/source;conditional;"Triage owner 10: RADOS/RBD client owned path; inspect endpoint hunk before binary impact verdict.";;;;
2137;v16.2.15;v17.2.7;src/librbd/managed_lock/BreakRequest.cc;;M;M;1;1;FALSE;100644;100644;e482d221e6fccf1e04a7fa433ee3cc4cecf71dfd;69cd353016138607f14645a5c303534297e1e332;10;10-rados-rbd-clients;P1;runtime/source;conditional;"Triage owner 10: RADOS/RBD client owned path; inspect endpoint hunk before binary impact verdict.";;;;
2138;v16.2.15;v17.2.7;src/librbd/managed_lock/ReleaseRequest.cc;;M;M;2;0;FALSE;100644;100644;598ececab0518807f9599447b22769c7af91708f;6707a149f4fc6e838728c433985e0125bb0cda8f;10;10-rados-rbd-clients;P1;runtime/source;conditional;"Triage owner 10: RADOS/RBD client owned path; inspect endpoint hunk before binary impact verdict.";;;;
2139;v16.2.15;v17.2.7;src/librbd/migration/QCOWFormat.cc;;M;M;37;34;FALSE;100644;100644;7bd4a5ef748ee4e0cb8b36a24332e9323581c733;cedf9aa20f02c7176735b7c1a67c28c60e3ab9ea;10;10-rados-rbd-clients;P1;runtime/source;conditional;"Triage owner 10: RADOS/RBD client owned path; inspect endpoint hunk before binary impact verdict.";;;;
2140;v16.2.15;v17.2.7;src/librbd/object_map/DiffRequest.cc;;M;M;133;249;FALSE;100644;100644;488e355b912ce6718d8aeb6cc3c6a6c463a12c3a;606d48bbf33c4d6eb9343a5b1735af47ee21cc8c;10;10-rados-rbd-clients;P1;runtime/source;conditional;"Triage owner 10: RADOS/RBD client owned path; inspect endpoint hunk before binary impact verdict.";;;;
2141;v16.2.15;v17.2.7;src/librbd/object_map/DiffRequest.h;;M;M;13;16;FALSE;100644;100644;740f4e02a11742b279fb12c3a5eb5ed9041907fc;e83a1629e62339023c81090a9f7e3ec767d54cde;10;10-rados-rbd-clients;P1;runtime/source;conditional;"Triage owner 10: RADOS/RBD client owned path; inspect endpoint hunk before binary impact verdict.";;;;
2142;v16.2.15;v17.2.7;src/librbd/object_map/ResizeRequest.h;;M;M;0;1;FALSE;100644;100644;dccdef133cee0b067574ed44f79052b64aed5747;5d933bb53d7b6fca3a9faae86a30a319ec41931c;10;10-rados-rbd-clients;P1;runtime/source;conditional;"Triage owner 10: RADOS/RBD client owned path; inspect endpoint hunk before binary impact verdict.";;;;
2143;v16.2.15;v17.2.7;src/librbd/object_map/Types.h;;M;M;4;11;FALSE;100644;100644;576ea0e4b6b70f774db57a5c46f0eb6b888db8aa;0ce91bd96a1c140ecc0cf94f5e9c49bcb5984ce2;10;10-rados-rbd-clients;P1;runtime/source;conditional;"Triage owner 10: RADOS/RBD client owned path; inspect endpoint hunk before binary impact verdict.";;;;
2144;v16.2.15;v17.2.7;src/librbd/operation/Request.h;;M;M;0;1;FALSE;100644;100644;e32b49644cebbfd25a4b7c66787154dbd2522a2a;a36d208575f51a78d50c616253fc739743c4015f;10;10-rados-rbd-clients;P1;runtime/source;conditional;"Triage owner 10: RADOS/RBD client owned path; inspect endpoint hunk before binary impact verdict.";;;;
2145;v16.2.15;v17.2.7;src/librbd/operation/ResizeRequest.cc;;M;M;1;1;FALSE;100644;100644;e4e76dacd82d8650a48838ee6dc7f4daf7e8560b;1f09ea3082f24790858dc82e278b2d86c66ba7cd;10;10-rados-rbd-clients;P1;runtime/source;conditional;"Triage owner 10: RADOS/RBD client owned path; inspect endpoint hunk before binary impact verdict.";;;;
2146;v16.2.15;v17.2.7;src/librbd/operation/SnapshotRemoveRequest.cc;;M;M;1;1;FALSE;100644;100644;a8bb8fa7996214971146c8059d44cf125d8888d1;90c92a038c250f5ee25a0619d06cd4d1cbf11588;10;10-rados-rbd-clients;P1;runtime/source;conditional;"Triage owner 10: RADOS/RBD client owned path; inspect endpoint hunk before binary impact verdict.";;;;
2147;v16.2.15;v17.2.7;src/librbd/operation/TrimRequest.cc;;M;M;8;9;FALSE;100644;100644;b8ecf10acf1c1576538269c55e1123bde12d4965;6fda48aa769f4e99d5855ede2840227a69187eb1;10;10-rados-rbd-clients;P1;runtime/source;conditional;"Triage owner 10: RADOS/RBD client owned path; inspect endpoint hunk before binary impact verdict.";;;;
2429;v16.2.15;v17.2.7;src/neorados/RADOS.cc;;M;M;1;1;FALSE;100644;100644;927f995cce660ccafc3a53d30bf6824bd018b9b1;1784a939dac118902808b38e4411cce4fa17a724;10;10-rados-rbd-clients;P1;runtime/source;conditional;"Triage owner 10: RADOS/RBD client owned path; inspect endpoint hunk before binary impact verdict.";;;;
2539;v16.2.15;v17.2.7;src/osdc/Journaler.cc;;M;M;1;0;FALSE;100644;100644;35641b17665b26ed43bd6738b15fd48d0cade2f1;04b90fb5952aaf2b430fa0cd97fa0bbc4dd49192;10;10-rados-rbd-clients;P1;runtime/source;conditional;"Triage owner 10: RADOS client or object class; inspect endpoint hunk before binary impact verdict.";;;;
2540;v16.2.15;v17.2.7;src/osdc/Journaler.h;;M;M;5;5;FALSE;100644;100644;d41c1ede6788e67f8ccf8bf7a887424810807025;1b40eadec1696d89397c69cf26ee073c58f75999;10;10-rados-rbd-clients;P1;runtime/source;conditional;"Triage owner 10: RADOS client or object class; inspect endpoint hunk before binary impact verdict.";;;;
2541;v16.2.15;v17.2.7;src/osdc/Objecter.cc;;M;M;106;28;FALSE;100644;100644;a1df651f496850b43ad7e7a7428a39809e059233;b225c5236e51356682d63fdb607c5b93919bba7a;10;10-rados-rbd-clients;P1;runtime/source;conditional;"Triage owner 10: RADOS client or object class; inspect endpoint hunk before binary impact verdict.";;;;
2542;v16.2.15;v17.2.7;src/osdc/Objecter.h;;M;M;43;29;FALSE;100644;100644;163a3359de799f6b909c7e4ef1465cbc40ca062c;d9d723dca747a861a49bb9b08630d8f6e995c22c;10;10-rados-rbd-clients;P1;runtime/source;conditional;"Triage owner 10: RADOS client or object class; inspect endpoint hunk before binary impact verdict.";;;;
2543;v16.2.15;v17.2.7;src/osdc/error_code.cc;;M;M;7;0;FALSE;100644;100644;5dc548385e8d031ffb1d9281dc056464c15597c2;7823e8b088c4eab2e13584a99cfec209d5c664ea;10;10-rados-rbd-clients;P1;runtime/source;conditional;"Triage owner 10: RADOS client or object class; inspect endpoint hunk before binary impact verdict.";;;;
2544;v16.2.15;v17.2.7;src/osdc/error_code.h;;M;M;2;1;FALSE;100644;100644;53c9e3c3a2a8207b8a870db86aabc4c602fdeeb3;eb78a5110b014528a94c678e35baa8de7763b259;10;10-rados-rbd-clients;P1;runtime/source;conditional;"Triage owner 10: RADOS client or object class; inspect endpoint hunk before binary impact verdict.";;;;
3256;v16.2.15;v17.2.7;src/pybind/rados/c_rados.pxd;;M;M;7;1;FALSE;100644;100644;51564c03c66273541074c4d3a1a4aa9198cd0480;563f3ec6afbb62d280e15b219716612203d3f454;10;10-rados-rbd-clients;P1;runtime/source;conditional;"Triage owner 10: RADOS/RBD client owned path; inspect endpoint hunk before binary impact verdict.";;;;
3257;v16.2.15;v17.2.7;src/pybind/rados/mock_rados.pxi;;M;M;2;1;FALSE;100644;100644;4c1fe858b1a5fbc9fe0f97ac7db7bb7bf27a2775;36f5aad7d0a6f69d94c008519039e843bf014eb6;10;10-rados-rbd-clients;P1;runtime/source;conditional;"Triage owner 10: RADOS/RBD client owned path; inspect endpoint hunk before binary impact verdict.";;;;
3258;v16.2.15;v17.2.7;src/pybind/rados/rados.pyx;;M;M;46;43;FALSE;100644;100644;9638a96eb98a08c031066c4f5959444a1b4b5922;b956aeb3fd3979c45a5b86297faef145e44a9d98;10;10-rados-rbd-clients;P1;runtime/source;conditional;"Triage owner 10: RADOS/RBD client owned path; inspect endpoint hunk before binary impact verdict.";;;;
3259;v16.2.15;v17.2.7;src/pybind/rados/setup.py;;M;M;0;1;FALSE;100755;100755;0d1047825b3b61c4534b331e29410a2811bce350;62b54d26b6c81336549511a427da0a6d2e06dd2c;10;10-rados-rbd-clients;P1;runtime/source;conditional;"Triage owner 10: RADOS/RBD client owned path; inspect endpoint hunk before binary impact verdict.";;;;
3260;v16.2.15;v17.2.7;src/pybind/rbd/rbd.pyx;;M;M;7;12;FALSE;100644;100644;e2a22ef183a44c8879efb50cbead53f6b1c737f4;5a11723df0fe52d58e02f733d9071d56e99b4c5e;10;10-rados-rbd-clients;P1;runtime/source;conditional;"Triage owner 10: RADOS/RBD client owned path; inspect endpoint hunk before binary impact verdict.";;;;
3261;v16.2.15;v17.2.7;src/pybind/rbd/setup.py;;M;M;0;2;FALSE;100755;100755;73ea4555f46218e27bc7c358487797c665e11213;1f20c3ed42fe611301726a3710af55cbfce791e3;10;10-rados-rbd-clients;P1;runtime/source;conditional;"Triage owner 10: RADOS/RBD client owned path; inspect endpoint hunk before binary impact verdict.";;;;
3279;v16.2.15;v17.2.7;src/rbd_replay/Replayer.cc;;M;M;12;10;FALSE;100644;100644;11e84900d1a3984c5dde63fe3bb94981a8ed2dd9;8e7bd0c1917e9a900c1e06e7fbfafea0e8173047;10;10-rados-rbd-clients;P1;runtime/source;conditional;"Triage owner 10: RADOS/RBD client owned path; inspect endpoint hunk before binary impact verdict.";;;;
3280;v16.2.15;v17.2.7;src/rbd_replay/actions.cc;;M;M;1;0;FALSE;100644;100644;3a95c399f08290293a108887a39c69063bfcaabe;8aae77c09651b18bd742480633e1b07e4eb137c3;10;10-rados-rbd-clients;P1;runtime/source;conditional;"Triage owner 10: RADOS/RBD client owned path; inspect endpoint hunk before binary impact verdict.";;;;
3281;v16.2.15;v17.2.7;src/rbd_replay/rbd-replay.cc;;M;M;2;4;FALSE;100644;100644;f52e75fd98a3d51b974ca59f020d9668e94348a6;d1bfafbd46bc499cfef83509204807f62111ea0c;10;10-rados-rbd-clients;P1;runtime/source;conditional;"Triage owner 10: RADOS/RBD client owned path; inspect endpoint hunk before binary impact verdict.";;;;
3677;v16.2.15;v17.2.7;src/test/cli-integration/rbd/gwcli_create.t;;M;M;32;28;FALSE;100644;100644;e23ed895e7b296bd9a791b73295d3e3326af766b;b464681fba072f509b59eaf798189c793383aaec;10;10-rados-rbd-clients;P2;test/QA;support;"Triage owner 10: component-specific repository test; inspect endpoint hunk before binary impact verdict.";;;;
3678;v16.2.15;v17.2.7;src/test/cli-integration/rbd/gwcli_delete.t;;M;M;13;9;FALSE;100644;100644;5aef9d0e960ec54454d868f6c3de7f5299ba0fab;e973d87a39f0b0101680f9b92fba8ef48f62c2b5;10;10-rados-rbd-clients;P2;test/QA;support;"Triage owner 10: component-specific repository test; inspect endpoint hunk before binary impact verdict.";;;;
3679;v16.2.15;v17.2.7;src/test/cli-integration/rbd/mon-command-help.t;;A;A;44;0;FALSE;000000;100644;0000000000000000000000000000000000000000;ec7740cbed23c2c2d7af9a53d76fcd41d7f66841;10;10-rados-rbd-clients;P2;test/QA;support;"Triage owner 10: component-specific repository test; inspect endpoint hunk before binary impact verdict.";;;;
3680;v16.2.15;v17.2.7;src/test/cli-integration/rbd/snap-diff.t;;M;M;0;4;FALSE;100644;100644;fa564891a4b9653eeb4ed7f82c5a6a4eadcfc97a;1ca2fb04ddd96543150e929892e49b39a47df335;10;10-rados-rbd-clients;P2;test/QA;support;"Triage owner 10: component-specific repository test; inspect endpoint hunk before binary impact verdict.";;;;
3747;v16.2.15;v17.2.7;src/test/cli/radosgw-admin/help.t;;M;M;24;2;FALSE;100644;100644;5c9fb6a2886633e8cd4bf697159acd9f5ca5f2fa;0930828f40f4ccc5e6106e1ce52f0f1bcce09a03;10;10-rados-rbd-clients;P2;test/QA;support;"Triage owner 10: component-specific repository test; inspect endpoint hunk before binary impact verdict.";;;;
3748;v16.2.15;v17.2.7;src/test/cli/rbd/help.t;;M;M;19;9;FALSE;100644;100644;bd8a1994903df336c8620fc757053137b0f6d9d4;e8b2c0db21d6f487cf6446230cba5f7f3c81c4c6;10;10-rados-rbd-clients;P2;test/QA;support;"Triage owner 10: component-specific repository test; inspect endpoint hunk before binary impact verdict.";;;;
3862;v16.2.15;v17.2.7;src/test/journal/RadosTestFixture.cc;;M;M;2;0;FALSE;100644;100644;50e35e871d482280246e4206860b37f7e9f2ee75;0da22ba2b619d9032a51bfb718229c8516eac91d;10;10-rados-rbd-clients;P2;test/QA;support;"Triage owner 10: component-specific repository test; inspect endpoint hunk before binary impact verdict.";;;;
3874;v16.2.15;v17.2.7;src/test/librados/aio.cc;;M;M;1;1;FALSE;100644;100644;9e9ff26d93ef546337ee117049c37c531d718b90;c57e1e23031d9d2ec2833c4db77e7873a72326f3;10;10-rados-rbd-clients;P2;test/QA;support;"Triage owner 10: RADOS/RBD client owned path; inspect endpoint hunk before binary impact verdict.";;;;
3875;v16.2.15;v17.2.7;src/test/librados/aio_cxx.cc;;M;M;93;6;FALSE;100644;100644;c889677e67bdb6883922bc4c87dbf3f9e0d7768f;06dd85de74734e9326d74c473e28694a89ff0e70;10;10-rados-rbd-clients;P2;test/QA;support;"Triage owner 10: RADOS/RBD client owned path; inspect endpoint hunk before binary impact verdict.";;;;
3876;v16.2.15;v17.2.7;src/test/librados/asio.cc;;M;M;3;2;FALSE;100644;100644;9dd6b00fe0f88fe632420341d8a4fdc8d3c47bf8;f92c42c72a52f99061eec8d25294bc60b3c11de7;10;10-rados-rbd-clients;P2;test/QA;support;"Triage owner 10: RADOS/RBD client owned path; inspect endpoint hunk before binary impact verdict.";;;;
3877;v16.2.15;v17.2.7;src/test/librados/c_read_operations.cc;;M;M;4;4;FALSE;100644;100644;a6cb3918bf45dfa3a571596b313189c6ca0ffe2c;4b8336af70accb4eaf755d3f06ffba1b5f1079f6;10;10-rados-rbd-clients;P2;test/QA;support;"Triage owner 10: RADOS/RBD client owned path; inspect endpoint hunk before binary impact verdict.";;;;
3878;v16.2.15;v17.2.7;src/test/librados/cls_remote_reads.cc;;A;A;52;0;FALSE;000000;100644;0000000000000000000000000000000000000000;b8de2dbbdb26b89ae707c04b75a8c1433e250dc3;10;10-rados-rbd-clients;P2;test/QA;support;"Triage owner 10: RADOS/RBD client owned path; inspect endpoint hunk before binary impact verdict.";;;;
3879;v16.2.15;v17.2.7;src/test/librados/cmd.cc;;M;M;2;0;FALSE;100644;100644;3da398c12a77d36a4974cdac2049fe898674bdfb;1d110f73b33316e61a7113ad8820648ba455aa74;10;10-rados-rbd-clients;P2;test/QA;support;"Triage owner 10: RADOS/RBD client owned path; inspect endpoint hunk before binary impact verdict.";;;;
3880;v16.2.15;v17.2.7;src/test/librados/io.cc;;M;M;9;1;FALSE;100644;100644;9e801dcd4f4cf16e7a05865e4be6e947f9ab3620;a69bcbb6f4960005773c7fb38bd3496af54432df;10;10-rados-rbd-clients;P2;test/QA;support;"Triage owner 10: RADOS/RBD client owned path; inspect endpoint hunk before binary impact verdict.";;;;
3881;v16.2.15;v17.2.7;src/test/librados/io_cxx.cc;;M;M;13;0;FALSE;100644;100644;64d03380b765d29406b6a6d74b892cc80bc5cc68;455654b6e923f2d5eae9cb85c3060e1cd26ce646;10;10-rados-rbd-clients;P2;test/QA;support;"Triage owner 10: RADOS/RBD client owned path; inspect endpoint hunk before binary impact verdict.";;;;
3882;v16.2.15;v17.2.7;src/test/librados/list.cc;;M;M;7;2;FALSE;100644;100644;829890c1ad9058c955bea0af3eab8ce882048de5;930e6b9eb8ea96ad4fb833c76d398d7bb5522944;10;10-rados-rbd-clients;P2;test/QA;support;"Triage owner 10: RADOS/RBD client owned path; inspect endpoint hunk before binary impact verdict.";;;;
3883;v16.2.15;v17.2.7;src/test/librados/misc.cc;;M;M;1;3;FALSE;100644;100644;9cf58543e7e31d731516f650fe8ff312fa6d8645;d9cb1c5b8b727010ee450db49b04075763e5d624;10;10-rados-rbd-clients;P2;test/QA;support;"Triage owner 10: RADOS/RBD client owned path; inspect endpoint hunk before binary impact verdict.";;;;
3884;v16.2.15;v17.2.7;src/test/librados/misc_cxx.cc;;M;M;1;3;FALSE;100644;100644;e7ad1ec59ef0b9f6480f30c853c4c2f6589052ee;0241f1dfeb97fd5d8d28d1a34a7499e0f5e5535c;10;10-rados-rbd-clients;P2;test/QA;support;"Triage owner 10: RADOS/RBD client owned path; inspect endpoint hunk before binary impact verdict.";;;;
3885;v16.2.15;v17.2.7;src/test/librados/op_speed.cc;;M;M;2;0;FALSE;100644;100644;90c7bdac571b8a1bfc42017e73fadb5c2bf6643b;849a6566f2d1019fba0abc68038a61c968daf056;10;10-rados-rbd-clients;P2;test/QA;support;"Triage owner 10: RADOS/RBD client owned path; inspect endpoint hunk before binary impact verdict.";;;;
3886;v16.2.15;v17.2.7;src/test/librados/service.cc;;M;M;1;0;FALSE;100644;100644;223dc967b9af268271b997c2777faa32723c2d21;55197b6f96061d4b398eea7da1071947f1c02dc3;10;10-rados-rbd-clients;P2;test/QA;support;"Triage owner 10: RADOS/RBD client owned path; inspect endpoint hunk before binary impact verdict.";;;;
3887;v16.2.15;v17.2.7;src/test/librados/service_cxx.cc;;M;M;1;0;FALSE;100644;100644;40869f0f8d9ff5436e08d85afa0f489312ee4a2a;1bf682af8c564a1bc009326e535e5a9d353fb4a9;10;10-rados-rbd-clients;P2;test/QA;support;"Triage owner 10: RADOS/RBD client owned path; inspect endpoint hunk before binary impact verdict.";;;;
3888;v16.2.15;v17.2.7;src/test/librados/snapshots_cxx.cc;;M;M;7;53;FALSE;100644;100644;2e74688643a6c09e0ffe328db98ebae841f9f674;dee17ddb8d7a3d4abefab0957121bbef140ca5c4;10;10-rados-rbd-clients;P2;test/QA;support;"Triage owner 10: RADOS/RBD client owned path; inspect endpoint hunk before binary impact verdict.";;;;
3889;v16.2.15;v17.2.7;src/test/librados/snapshots_stats.cc;;A;A;332;0;FALSE;000000;100644;0000000000000000000000000000000000000000;143299ab1a9b79a85ebd33ff0dace7793a9685fd;10;10-rados-rbd-clients;P2;test/QA;support;"Triage owner 10: RADOS/RBD client owned path; inspect endpoint hunk before binary impact verdict.";;;;
3890;v16.2.15;v17.2.7;src/test/librados/snapshots_stats_cxx.cc;;A;A;324;0;FALSE;000000;100644;0000000000000000000000000000000000000000;f6be3a915df2d445efaab8bdfb140a1f4c0071f3;10;10-rados-rbd-clients;P2;test/QA;support;"Triage owner 10: RADOS/RBD client owned path; inspect endpoint hunk before binary impact verdict.";;;;
3891;v16.2.15;v17.2.7;src/test/librados/test.cc;;M;M;12;12;FALSE;100644;100644;fdfbc54199cca6f1e1ea926080b72fde43d892fc;be1b4faf8db0e45a6291796f7c8dd93d289624ac;10;10-rados-rbd-clients;P2;test/QA;support;"Triage owner 10: RADOS/RBD client owned path; inspect endpoint hunk before binary impact verdict.";;;;
3892;v16.2.15;v17.2.7;src/test/librados/test_common.cc;;M;M;2;0;FALSE;100644;100644;c17b710d17c5f94b3e81a7f2cf96a1daa65621af;647a9ff48582c64654721854183848cd433f3aa8;10;10-rados-rbd-clients;P2;test/QA;support;"Triage owner 10: RADOS/RBD client owned path; inspect endpoint hunk before binary impact verdict.";;;;
3893;v16.2.15;v17.2.7;src/test/librados/test_cxx.cc;;M;M;10;10;FALSE;100644;100644;9349aece8dcdbf128208122676a0647309eb50d3;6c7e353e4512dbe61bb21e4237857fa69cff5118;10;10-rados-rbd-clients;P2;test/QA;support;"Triage owner 10: RADOS/RBD client owned path; inspect endpoint hunk before binary impact verdict.";;;;
3894;v16.2.15;v17.2.7;src/test/librados/tier_cxx.cc;;M;M;537;4;FALSE;100644;100644;08ccb608213bd43694768df664f0d787c7b704e3;e8f345bd5adc93587c933cd67823fded55304ad8;10;10-rados-rbd-clients;P2;test/QA;support;"Triage owner 10: RADOS/RBD client owned path; inspect endpoint hunk before binary impact verdict.";;;;
3895;v16.2.15;v17.2.7;src/test/librados/watch_notify.cc;;M;M;18;63;FALSE;100644;100644;2b0cc90ade25e8af4357f5d2611c3931e0bbcf11;ae77f50b8f6e2355352e610cb74846d3e744ffc0;10;10-rados-rbd-clients;P2;test/QA;support;"Triage owner 10: RADOS/RBD client owned path; inspect endpoint hunk before binary impact verdict.";;;;
3896;v16.2.15;v17.2.7;src/test/librados/watch_notify_cxx.cc;;M;M;2;38;FALSE;100644;100644;0a145addd1f42fe414a0753218e70a24ef6a1294;624f417dad19419a215170c6dcbf1d72aabab982;10;10-rados-rbd-clients;P2;test/QA;support;"Triage owner 10: RADOS/RBD client owned path; inspect endpoint hunk before binary impact verdict.";;;;
3897;v16.2.15;v17.2.7;src/test/librados_test_stub/LibradosTestStub.cc;;M;M;5;1;FALSE;100644;100644;742ee8dd8c0a783ec7ecb5da130d961fe7be9fe3;238cffa1999cfe5fbe1f707e0e517b743086a503;10;10-rados-rbd-clients;P2;test/QA;support;"Triage owner 10: component-specific repository test; inspect endpoint hunk before binary impact verdict.";;;;
3898;v16.2.15;v17.2.7;src/test/librados_test_stub/TestIoCtxImpl.cc;;M;M;2;0;FALSE;100644;100644;5ec6b135341ef0d6562601eb05fa8a4f4cb2364b;8a953ff7c36efb0554495c6779e5cd122845c041;10;10-rados-rbd-clients;P2;test/QA;support;"Triage owner 10: component-specific repository test; inspect endpoint hunk before binary impact verdict.";;;;
3899;v16.2.15;v17.2.7;src/test/librados_test_stub/TestMemCluster.h;;M;M;0;1;FALSE;100644;100644;d5b1922ddf3398cf6dffad16e1211a9ed040369d;2e80bff17a465e7734622f6e54340033dd4c9aaa;10;10-rados-rbd-clients;P2;test/QA;support;"Triage owner 10: component-specific repository test; inspect endpoint hunk before binary impact verdict.";;;;
3900;v16.2.15;v17.2.7;src/test/librados_test_stub/TestMemIoCtxImpl.cc;;M;M;0;1;FALSE;100644;100644;687abb16d40b9047e38d25c5580795c17b29e8ee;77ea14366cd097166f7c76661d9d30750c5a5249;10;10-rados-rbd-clients;P2;test/QA;support;"Triage owner 10: component-specific repository test; inspect endpoint hunk before binary impact verdict.";;;;
3902;v16.2.15;v17.2.7;src/test/librbd/cache/pwl/test_WriteLogMap.cc;;M;M;2;0;FALSE;100644;100644;7263d0831ac88f137c9a5006b9e48039fd5f0d47;1cafb00ffe6e32f34e482c2b94d5c05258cb1283;10;10-rados-rbd-clients;P2;test/QA;support;"Triage owner 10: RADOS/RBD client owned path; inspect endpoint hunk before binary impact verdict.";;;;
3903;v16.2.15;v17.2.7;src/test/librbd/deep_copy/test_mock_ImageCopyRequest.cc;;M;M;2;1;FALSE;100644;100644;caebd0b6342b5f97a60122b746ad2040d8c35fe1;e38ffffdbe49380a015de99ebc9b7ee1adcd8ffe;10;10-rados-rbd-clients;P2;test/QA;support;"Triage owner 10: RADOS/RBD client owned path; inspect endpoint hunk before binary impact verdict.";;;;
3904;v16.2.15;v17.2.7;src/test/librbd/fsx.cc;;M;M;1;25;FALSE;100644;100644;94c454bf3c16e4ba6429dfc8cdb256bbda8e35f4;b8be4708e2d01c9b1c8f9dfb46770c4a11c6ade4;10;10-rados-rbd-clients;P2;test/QA;support;"Triage owner 10: RADOS/RBD client owned path; inspect endpoint hunk before binary impact verdict.";;;;
3905;v16.2.15;v17.2.7;src/test/librbd/io/test_mock_ImageRequest.cc;;M;M;18;17;FALSE;100644;100644;c2d74364d3ad3e0358c1b677779a5ea460ed4adc;c1b21c4a24714ad6fda44bd7a7de9cd3c681e662;10;10-rados-rbd-clients;P2;test/QA;support;"Triage owner 10: RADOS/RBD client owned path; inspect endpoint hunk before binary impact verdict.";;;;
3906;v16.2.15;v17.2.7;src/test/librbd/io/test_mock_ObjectRequest.cc;;M;M;4;111;FALSE;100644;100644;f1dd79e604f7d49371c323c9e89a051f8569a077;c9fa33c43e1cff5024a91da5afa2ef8169fe7952;10;10-rados-rbd-clients;P2;test/QA;support;"Triage owner 10: RADOS/RBD client owned path; inspect endpoint hunk before binary impact verdict.";;;;
3907;v16.2.15;v17.2.7;src/test/librbd/journal/test_Entries.cc;;M;M;1;63;FALSE;100644;100644;e7033a848f9d786f4fbd45ece7d5992af55aba45;c392fb9f88a88702fd8e0c8bbff2699fa447c751;10;10-rados-rbd-clients;P2;test/QA;support;"Triage owner 10: RADOS/RBD client owned path; inspect endpoint hunk before binary impact verdict.";;;;
3908;v16.2.15;v17.2.7;src/test/librbd/journal/test_Stress.cc;;D;D;0;121;FALSE;100644;000000;d3df9147ae6aedeefa335352beb924dbb92f8035;0000000000000000000000000000000000000000;10;10-rados-rbd-clients;P2;test/QA;support;"Triage owner 10: RADOS/RBD client owned path; inspect endpoint hunk before binary impact verdict.";;;;
3909;v16.2.15;v17.2.7;src/test/librbd/migration/test_mock_FileStream.cc;;M;M;1;5;FALSE;100644;100644;3688b56dd55690d7d55b362baf912d09d1c40262;a5bdfebe4b805f6dcb31f5ee3a94b7ea07efcc88;10;10-rados-rbd-clients;P2;test/QA;support;"Triage owner 10: RADOS/RBD client owned path; inspect endpoint hunk before binary impact verdict.";;;;
3910;v16.2.15;v17.2.7;src/test/librbd/mock/MockImageCtx.h;;M;M;1;2;FALSE;100644;100644;521ecff0c8f32e36cf9c2f1f0e6ad534b8e77c08;3e1483d2d02f93aac16039406c53492a4298c549;10;10-rados-rbd-clients;P2;test/QA;support;"Triage owner 10: RADOS/RBD client owned path; inspect endpoint hunk before binary impact verdict.";;;;
3911;v16.2.15;v17.2.7;src/test/librbd/mock/MockObjectMap.h;;M;M;2;13;FALSE;100644;100644;429e279ad800aae71c1bcc2c5746a4116a407682;2a1adbcaebab3169be17e0898fdcebc5360889d8;10;10-rados-rbd-clients;P2;test/QA;support;"Triage owner 10: RADOS/RBD client owned path; inspect endpoint hunk before binary impact verdict.";;;;
3912;v16.2.15;v17.2.7;src/test/librbd/mock/io/MockImageDispatcher.h;;M;M;1;0;FALSE;100644;100644;9e95f1d5cf8a48aca71dd9e8a56bb5f4a33ffee2;43ceb25265477032e7f29bccc492b75a728daad8;10;10-rados-rbd-clients;P2;test/QA;support;"Triage owner 10: RADOS/RBD client owned path; inspect endpoint hunk before binary impact verdict.";;;;
3913;v16.2.15;v17.2.7;src/test/librbd/mock/io/MockObjectDispatch.h;;M;M;3;3;FALSE;100644;100644;baf86d9fb85e18c29e9bdadf46b685c91408d3a7;f6e75d2042e7fb51769973d5ee5a78738bb3976f;10;10-rados-rbd-clients;P2;test/QA;support;"Triage owner 10: RADOS/RBD client owned path; inspect endpoint hunk before binary impact verdict.";;;;
3914;v16.2.15;v17.2.7;src/test/librbd/object_map/test_mock_DiffRequest.cc;;M;M;267;2058;FALSE;100644;100644;9b88f0d75ca9e87121168fbf7124c2a7890b0c97;c25ae4a95c5e628852a73269e2e9a9b32bd9d3db;10;10-rados-rbd-clients;P2;test/QA;support;"Triage owner 10: RADOS/RBD client owned path; inspect endpoint hunk before binary impact verdict.";;;;
3915;v16.2.15;v17.2.7;src/test/librbd/test_DeepCopy.cc;;M;M;1;1;FALSE;100644;100644;1a512aa292c21eb3cead58529fe9c4a7399697cd;bb6d3f6bf0082323e4a25403efc6f5f5b64aee8b;10;10-rados-rbd-clients;P2;test/QA;support;"Triage owner 10: RADOS/RBD client owned path; inspect endpoint hunk before binary impact verdict.";;;;
3916;v16.2.15;v17.2.7;src/test/librbd/test_Groups.cc;;M;M;24;2;FALSE;100644;100644;3182d2a2004e23ce7214671ca97ac3dd40daf6d6;88b19146f161ea4e9cd018cf1f6ca262154a000a;10;10-rados-rbd-clients;P2;test/QA;support;"Triage owner 10: RADOS/RBD client owned path; inspect endpoint hunk before binary impact verdict.";;;;
3917;v16.2.15;v17.2.7;src/test/librbd/test_ImageWatcher.cc;;M;M;55;0;FALSE;100644;100644;f02c7b37b814621c4113b4877bb7375220522f20;780ce7c0e3a2100a6fef892855cf9b81b95557e7;10;10-rados-rbd-clients;P2;test/QA;support;"Triage owner 10: RADOS/RBD client owned path; inspect endpoint hunk before binary impact verdict.";;;;
3918;v16.2.15;v17.2.7;src/test/librbd/test_Migration.cc;;M;M;2;2;FALSE;100644;100644;959eb0934754b647d98ffe24c97217f62251cafd;8c0f4b61b21914a81ed0ae0b295ce3b5c4cc7c21;10;10-rados-rbd-clients;P2;test/QA;support;"Triage owner 10: RADOS/RBD client owned path; inspect endpoint hunk before binary impact verdict.";;;;
3919;v16.2.15;v17.2.7;src/test/librbd/test_ObjectMap.cc;;M;M;2;0;FALSE;100644;100644;61497b2af85717b1d98319138558e2e4e82cd6f0;32d223a1d27378fdc66b67e13cce923e94c3cae6;10;10-rados-rbd-clients;P2;test/QA;support;"Triage owner 10: RADOS/RBD client owned path; inspect endpoint hunk before binary impact verdict.";;;;
3920;v16.2.15;v17.2.7;src/test/librbd/test_internal.cc;;M;M;2;0;FALSE;100644;100644;b57d0b074c34f5ac4308c70c01ffdf7dca169619;0ec4462687d7546e526193ea42a7ee7005cbc484;10;10-rados-rbd-clients;P2;test/QA;support;"Triage owner 10: RADOS/RBD client owned path; inspect endpoint hunk before binary impact verdict.";;;;
3921;v16.2.15;v17.2.7;src/test/librbd/test_librbd.cc;;M;M;2284;831;FALSE;100644;100644;6931e3fccfbc560377ddfa1ffae699de311d5ae6;29d4a06ffd16a77f5a02aaf81a1c9417a16761a6;10;10-rados-rbd-clients;P2;test/QA;support;"Triage owner 10: RADOS/RBD client owned path; inspect endpoint hunk before binary impact verdict.";;;;
3922;v16.2.15;v17.2.7;src/test/librbd/test_main.cc;;M;M;0;2;FALSE;100644;100644;82b72b1ef7e85e424764faa89b8043e2ad9f958b;2ff9f69dea97731bc760ef0e841a973c5297bc21;10;10-rados-rbd-clients;P2;test/QA;support;"Triage owner 10: RADOS/RBD client owned path; inspect endpoint hunk before binary impact verdict.";;;;
3923;v16.2.15;v17.2.7;src/test/librbd/test_mirroring.cc;;M;M;2;0;FALSE;100644;100644;e075c918a78a0a259fc05b70c74b685161fa72ba;19ba5277d30410be8f7770ceedee9d10cbeece86;10;10-rados-rbd-clients;P2;test/QA;support;"Triage owner 10: RADOS/RBD client owned path; inspect endpoint hunk before binary impact verdict.";;;;
3924;v16.2.15;v17.2.7;src/test/librbd/test_mock_Journal.cc;;M;M;59;1;FALSE;100644;100644;e717bce1aa627393fd49d65e3b5b06390978eb2b;2fe74d2fe4661ae4bb796fafef44798440d4740d;10;10-rados-rbd-clients;P2;test/QA;support;"Triage owner 10: RADOS/RBD client owned path; inspect endpoint hunk before binary impact verdict.";;;;
3925;v16.2.15;v17.2.7;src/test/librbd/test_mock_ManagedLock.cc;;M;M;2;0;FALSE;100644;100644;202072997498baae67195c594e725db5ace5f05a;e3d060771ffb1e61844380ebdb3e9fc8d0fa3091;10;10-rados-rbd-clients;P2;test/QA;support;"Triage owner 10: RADOS/RBD client owned path; inspect endpoint hunk before binary impact verdict.";;;;
3926;v16.2.15;v17.2.7;src/test/librbd/test_mock_Watcher.cc;;M;M;1;0;FALSE;100644;100644;97f77574053863d3671239e0e7693023be993d58;54b395b1f0d9b7a15f203decf82432b8fc3f4822;10;10-rados-rbd-clients;P2;test/QA;support;"Triage owner 10: RADOS/RBD client owned path; inspect endpoint hunk before binary impact verdict.";;;;
3951;v16.2.15;v17.2.7;src/test/neorados/list_pool.cc;;M;M;1;2;FALSE;100644;100644;86039204070c1759e36232a25735b651f6154926;ae36c36e65523b16e7d278033a5c16f89e8f9cd6;10;10-rados-rbd-clients;P2;test/QA;support;"Triage owner 10: component-specific repository test; inspect endpoint hunk before binary impact verdict.";;;;
3952;v16.2.15;v17.2.7;src/test/neorados/start_stop.cc;;M;M;2;3;FALSE;100644;100644;a2475e3118008a4927fd9a7beba96e628da90497;4ea0ae5644fb1238a03102066c1f51e35401fa7d;10;10-rados-rbd-clients;P2;test/QA;support;"Triage owner 10: component-specific repository test; inspect endpoint hunk before binary impact verdict.";;;;
4004;v16.2.15;v17.2.7;src/test/pybind/test_rados.py;;M;M;0;5;FALSE;100644;100644;195f6444957ae579aef4f73aca1aac609d797a9f;ff6fee3db29633d1059cb0931d72a4f0ac9d5287;10;10-rados-rbd-clients;P2;test/QA;support;"Triage owner 10: component-specific repository test; inspect endpoint hunk before binary impact verdict.";;;;
4005;v16.2.15;v17.2.7;src/test/pybind/test_rbd.py;;M;M;1;1;FALSE;100644;100644;9752e9424a91e3676bf39da4ea5b3069c8aace3b;d1f4d70ecbd2777950b7f0fbbaa53235fa122832;10;10-rados-rbd-clients;P2;test/QA;support;"Triage owner 10: component-specific repository test; inspect endpoint hunk before binary impact verdict.";;;;
4006;v16.2.15;v17.2.7;src/test/rbd_mirror/image_map/test_Policy.cc;;M;M;1;1;FALSE;100644;100644;5f8bdd17fbe1db39354551597b56610562ec1318;e60ffbfd53cf986dd89c83d40cac3b5f12dd12a3;10;10-rados-rbd-clients;P2;test/QA;support;"Triage owner 10: RADOS/RBD client owned path; inspect endpoint hunk before binary impact verdict.";;;;
4007;v16.2.15;v17.2.7;src/test/rbd_mirror/image_replayer/journal/test_mock_Replayer.cc;;M;M;2;0;FALSE;100644;100644;211216eeb941952e6659cce4f4d50917cb715eb5;7c8defb3d60e88bac9b9ad13ff3d3db080ce567d;10;10-rados-rbd-clients;P2;test/QA;support;"Triage owner 10: RADOS/RBD client owned path; inspect endpoint hunk before binary impact verdict.";;;;
4008;v16.2.15;v17.2.7;src/test/rbd_mirror/image_replayer/snapshot/test_mock_Replayer.cc;;M;M;2;0;FALSE;100644;100644;4f92517dfb8bfc3217ffd1553a91cda560248f89;75141e5a7be30409797ce002008b9c017faa17e0;10;10-rados-rbd-clients;P2;test/QA;support;"Triage owner 10: RADOS/RBD client owned path; inspect endpoint hunk before binary impact verdict.";;;;
4009;v16.2.15;v17.2.7;src/test/rbd_mirror/random_write.cc;;M;M;6;6;FALSE;100644;100644;6cb544c4508af9217e69dde88df39c039ecdb40e;cf5315048f04bdeaeb8bf6147376fecaf02d24fc;10;10-rados-rbd-clients;P2;test/QA;support;"Triage owner 10: RADOS/RBD client owned path; inspect endpoint hunk before binary impact verdict.";;;;
4010;v16.2.15;v17.2.7;src/test/rbd_mirror/test_ClusterWatcher.cc;;M;M;2;2;FALSE;100644;100644;03fd3b14247e76bf27ff9570e1bca5741c1a4d26;005a83c1d8ec939288dd6a78825e20247dce3c18;10;10-rados-rbd-clients;P2;test/QA;support;"Triage owner 10: RADOS/RBD client owned path; inspect endpoint hunk before binary impact verdict.";;;;
4011;v16.2.15;v17.2.7;src/test/rbd_mirror/test_ImageReplayer.cc;;M;M;1;1;FALSE;100644;100644;76a6919d5adbb8b83556cb96579a7b7ed0f04599;dcb74fdb61ba6b63d65616318c234748d46bc933;10;10-rados-rbd-clients;P2;test/QA;support;"Triage owner 10: RADOS/RBD client owned path; inspect endpoint hunk before binary impact verdict.";;;;
4012;v16.2.15;v17.2.7;src/test/rbd_mirror/test_PoolWatcher.cc;;M;M;3;1;FALSE;100644;100644;c29ed65afb25c7cc703a404183215c1654ca41cc;351bba2175b0501ae898409bb66ce690fb98df9f;10;10-rados-rbd-clients;P2;test/QA;support;"Triage owner 10: RADOS/RBD client owned path; inspect endpoint hunk before binary impact verdict.";;;;
4013;v16.2.15;v17.2.7;src/test/rbd_mirror/test_fixture.cc;;M;M;1;1;FALSE;100644;100644;7abf0e3e2a5c26b4e19cd3bf104863b435301dbb;f2fd3551ff276deae313fd9669bb24874e570cc6;10;10-rados-rbd-clients;P2;test/QA;support;"Triage owner 10: RADOS/RBD client owned path; inspect endpoint hunk before binary impact verdict.";;;;
4014;v16.2.15;v17.2.7;src/test/rbd_mirror/test_mock_PoolWatcher.cc;;M;M;2;0;FALSE;100644;100644;44efc0532d8120ef990db089aaecadf680a1ddbf;958d934590e30dd6aa452bfac3dab6fb615ac798;10;10-rados-rbd-clients;P2;test/QA;support;"Triage owner 10: RADOS/RBD client owned path; inspect endpoint hunk before binary impact verdict.";;;;
4130;v16.2.15;v17.2.7;src/tools/immutable_object_cache/ObjectCacheStore.cc;;M;M;1;6;FALSE;100644;100644;1b1eef1e38360e196eba63475ed8341fba8d7e9b;d1fc911f43cdf5dd5b500880796a2026941a745b;10;10-rados-rbd-clients;P1;runtime/source;conditional;"Triage owner 10: RADOS/RBD client owned path; inspect endpoint hunk before binary impact verdict.";;;;
4131;v16.2.15;v17.2.7;src/tools/immutable_object_cache/ObjectCacheStore.h;;M;M;2;2;FALSE;100644;100644;51e5a77b855d01e1cf28ff95ab57f2799503d88b;4eb2b174161385dffa7f784b57a22b3105f21318;10;10-rados-rbd-clients;P1;runtime/source;conditional;"Triage owner 10: RADOS/RBD client owned path; inspect endpoint hunk before binary impact verdict.";;;;
4132;v16.2.15;v17.2.7;src/tools/immutable_object_cache/Types.cc;;M;M;1;1;FALSE;100644;100644;860017d6aae0a7adffd32e36244a99294edcb922;fc3eaa308a159c7e19e1db789fdf83744f2a1ac1;10;10-rados-rbd-clients;P1;runtime/source;conditional;"Triage owner 10: RADOS/RBD client owned path; inspect endpoint hunk before binary impact verdict.";;;;
4133;v16.2.15;v17.2.7;src/tools/immutable_object_cache/main.cc;;M;M;3;4;FALSE;100644;100644;55b0d087af7c20b474f91f6f032017de8f3bf0e5;085e9d88485e25dbc35b126b39115a93e3c8736a;10;10-rados-rbd-clients;P1;runtime/source;conditional;"Triage owner 10: RADOS/RBD client owned path; inspect endpoint hunk before binary impact verdict.";;;;
4140;v16.2.15;v17.2.7;src/tools/rados/PoolDump.cc;;M;M;5;1;FALSE;100644;100644;9bfafa107dc652f7da25ce44e8123bc8ed2e2b4b;9f51a1391631cb233a1e9f32591a52583d0dd025;10;10-rados-rbd-clients;P1;runtime/source;conditional;"Triage owner 10: RADOS/RBD client owned path; inspect endpoint hunk before binary impact verdict.";;;;
4141;v16.2.15;v17.2.7;src/tools/rados/RadosImport.cc;;M;M;5;0;FALSE;100644;100644;0a901b70945961a6c81173c6d067d9885ef9e59b;0b27c077b214c31b7b2b88c8e0021306c1e5aec3;10;10-rados-rbd-clients;P1;runtime/source;conditional;"Triage owner 10: RADOS/RBD client owned path; inspect endpoint hunk before binary impact verdict.";;;;
4142;v16.2.15;v17.2.7;src/tools/rados/rados.cc;;M;M;29;24;FALSE;100644;100644;912d8c92d98c0d4489c471d01016a5a62bab0451;11d9f1f7c65b28245f1c80830ab0a1ccba0b9d60;10;10-rados-rbd-clients;P1;runtime/source;conditional;"Triage owner 10: RADOS/RBD client owned path; inspect endpoint hunk before binary impact verdict.";;;;
4144;v16.2.15;v17.2.7;src/tools/rbd/ArgumentTypes.cc;;M;M;5;4;FALSE;100644;100644;7b111b811a3b792a3be4bcd3b4753160f11e5f65;8236f7edbb016b8a84d385b96fd287c04d41307c;10;10-rados-rbd-clients;P1;runtime/source;conditional;"Triage owner 10: RADOS/RBD client owned path; inspect endpoint hunk before binary impact verdict.";;;;
4145;v16.2.15;v17.2.7;src/tools/rbd/Shell.cc;;M;M;2;3;FALSE;100644;100644;05052ff98dd8b395bb6651ab6efbf3bdbfa51eb2;ab1d203311e9fb5bedb232d4afe2d485b0b1d5bd;10;10-rados-rbd-clients;P1;runtime/source;conditional;"Triage owner 10: RADOS/RBD client owned path; inspect endpoint hunk before binary impact verdict.";;;;
4146;v16.2.15;v17.2.7;src/tools/rbd/Utils.cc;;M;M;5;6;FALSE;100644;100644;2d250fa6b99c18aa584d2627376a6424ad00d828;18e5e20d7ff9da50e6aff14d0255358837789eae;10;10-rados-rbd-clients;P1;runtime/source;conditional;"Triage owner 10: RADOS/RBD client owned path; inspect endpoint hunk before binary impact verdict.";;;;
4147;v16.2.15;v17.2.7;src/tools/rbd/action/Bench.cc;;M;M;12;11;FALSE;100644;100644;304b5c22918793cb57a0767c5090ffa40f0a616c;061a76d3332902a9a8310877311c06e3d0e306b7;10;10-rados-rbd-clients;P1;runtime/source;conditional;"Triage owner 10: RADOS/RBD client owned path; inspect endpoint hunk before binary impact verdict.";;;;
4148;v16.2.15;v17.2.7;src/tools/rbd/action/Copy.cc;;M;M;1;1;FALSE;100644;100644;9a248437109057c7cde1a4a03401ebe4a39a63af;9e42c06529df5f3aa36bb15e7cedefb2e8a17e27;10;10-rados-rbd-clients;P1;runtime/source;conditional;"Triage owner 10: RADOS/RBD client owned path; inspect endpoint hunk before binary impact verdict.";;;;
4149;v16.2.15;v17.2.7;src/tools/rbd/action/Create.cc;;M;M;2;6;FALSE;100644;100644;2199e009c84361e64455c5a489c8b760b33c96b0;047a8cb77f6345133b15a658ee99bb31fc488b6e;10;10-rados-rbd-clients;P1;runtime/source;conditional;"Triage owner 10: RADOS/RBD client owned path; inspect endpoint hunk before binary impact verdict.";;;;
4150;v16.2.15;v17.2.7;src/tools/rbd/action/Device.cc;;M;M;6;1;FALSE;100644;100644;078f944cc6de127d19c4dba77332eb297b7f08d1;878081438377c651dee24442b17ab7ac4d433eb3;10;10-rados-rbd-clients;P1;runtime/source;conditional;"Triage owner 10: RADOS/RBD client owned path; inspect endpoint hunk before binary impact verdict.";;;;
4151;v16.2.15;v17.2.7;src/tools/rbd/action/Export.cc;;M;M;5;2;FALSE;100644;100644;f40c587cc537711a4168f13555c736d0a698fcfd;ddcf0f2c30cefe0563bcedbb83533558f1e3f6c4;10;10-rados-rbd-clients;P1;runtime/source;conditional;"Triage owner 10: RADOS/RBD client owned path; inspect endpoint hunk before binary impact verdict.";;;;
4152;v16.2.15;v17.2.7;src/tools/rbd/action/Import.cc;;M;M;6;3;FALSE;100644;100644;0cdf3b713f8e05dca73964304f526cb34c808869;3358c5bc6855c0d42ad98f7c7bf1d0c6ca84e62b;10;10-rados-rbd-clients;P1;runtime/source;conditional;"Triage owner 10: RADOS/RBD client owned path; inspect endpoint hunk before binary impact verdict.";;;;
4153;v16.2.15;v17.2.7;src/tools/rbd/action/Kernel.cc;;M;M;1;3;FALSE;100644;100644;02ceb77238b7fe125d1f720590b78f5f1eb30f6c;117f9492d0918b86e6fee7ee31c15247cd85d336;10;10-rados-rbd-clients;P1;runtime/source;conditional;"Triage owner 10: RADOS/RBD client owned path; inspect endpoint hunk before binary impact verdict.";;;;
4154;v16.2.15;v17.2.7;src/tools/rbd/action/List.cc;;M;M;2;2;FALSE;100644;100644;e70835102b6c79da1a929b79ab7137ade2664548;8fdc3c1a778f53b99867afd301db53f6befebd5b;10;10-rados-rbd-clients;P1;runtime/source;conditional;"Triage owner 10: RADOS/RBD client owned path; inspect endpoint hunk before binary impact verdict.";;;;
4155;v16.2.15;v17.2.7;src/tools/rbd/action/MergeDiff.cc;;M;M;3;1;FALSE;100644;100644;d33d1c11abbfd8483628b1dc67d6668a19e8c89e;c387be9a4c64ae0aa5cd6c97f8c9bf9299dc5b41;10;10-rados-rbd-clients;P1;runtime/source;conditional;"Triage owner 10: RADOS/RBD client owned path; inspect endpoint hunk before binary impact verdict.";;;;
4156;v16.2.15;v17.2.7;src/tools/rbd/action/Nbd.cc;;M;M;36;16;FALSE;100644;100644;061fdfa306a66c5df9f493079c18e02ce53a12db;dd5ef3290cfd6300d660e19faaf48953dc8f0d6e;10;10-rados-rbd-clients;P1;runtime/source;conditional;"Triage owner 10: RADOS/RBD client owned path; inspect endpoint hunk before binary impact verdict.";;;;
4157;v16.2.15;v17.2.7;src/tools/rbd/action/Snap.cc;;M;M;6;6;FALSE;100644;100644;e8a9cb1b8d1c0e7aebdec5e2122f8934c7f8b96a;cb87735f90521695599f3b8a7e24b3c7ef950f67;10;10-rados-rbd-clients;P1;runtime/source;conditional;"Triage owner 10: RADOS/RBD client owned path; inspect endpoint hunk before binary impact verdict.";;;;
4158;v16.2.15;v17.2.7;src/tools/rbd/action/Trash.cc;;M;M;3;0;FALSE;100644;100644;6765fbb3eb4af90e7ce0316c3fa1d1ddc301b4e7;f1fd4df3c364ff8f6c7e691e48897586ccc8354f;10;10-rados-rbd-clients;P1;runtime/source;conditional;"Triage owner 10: RADOS/RBD client owned path; inspect endpoint hunk before binary impact verdict.";;;;
4159;v16.2.15;v17.2.7;src/tools/rbd_ggate/main.cc;;M;M;3;8;FALSE;100644;100644;5ed582fbf81c5d745532dd684eb7828558b54237;0942f5689eaae2218cf074f53ccf54c4cbbefb4b;10;10-rados-rbd-clients;P1;runtime/source;conditional;"Triage owner 10: RADOS/RBD client owned path; inspect endpoint hunk before binary impact verdict.";;;;
4160;v16.2.15;v17.2.7;src/tools/rbd_mirror/ClusterWatcher.cc;;M;M;1;0;FALSE;100644;100644;2ae1306be5a3dde6cddc8b2f7b0a5e58577fe315;8bafb336e8e65c3352413ccbfa88e6e1381bc215;10;10-rados-rbd-clients;P1;runtime/source;conditional;"Triage owner 10: RADOS/RBD client owned path; inspect endpoint hunk before binary impact verdict.";;;;
4161;v16.2.15;v17.2.7;src/tools/rbd_mirror/ImageDeleter.cc;;M;M;1;0;FALSE;100644;100644;fcdd1baad44c3a2eabd9e31e4d531e4712c7c513;ba137e6fd71a0dddfd6d8198a88143dfb36b47c8;10;10-rados-rbd-clients;P1;runtime/source;conditional;"Triage owner 10: RADOS/RBD client owned path; inspect endpoint hunk before binary impact verdict.";;;;
4162;v16.2.15;v17.2.7;src/tools/rbd_mirror/ImageMap.cc;;M;M;2;0;FALSE;100644;100644;d352fcb2c14034b17e4e8466be607b4dd2b28d84;bd005b4669f966cf02920c01f4f4837c00dadd72;10;10-rados-rbd-clients;P1;runtime/source;conditional;"Triage owner 10: RADOS/RBD client owned path; inspect endpoint hunk before binary impact verdict.";;;;
4163;v16.2.15;v17.2.7;src/tools/rbd_mirror/ImageReplayer.cc;;M;M;1;0;FALSE;100644;100644;ccdcdf8cefd47a16c701bc9e3e13f4063f1b6e5e;1e88c3262f16f0d72acb905829d2b906faca4eb7;10;10-rados-rbd-clients;P1;runtime/source;conditional;"Triage owner 10: RADOS/RBD client owned path; inspect endpoint hunk before binary impact verdict.";;;;
4164;v16.2.15;v17.2.7;src/tools/rbd_mirror/Mirror.cc;;M;M;15;0;FALSE;100644;100644;f02cfe65df56868780b0d407b0c51037a1c53a26;e87009281829c7b7693ab7ea1e8089c4c0ee7e11;10;10-rados-rbd-clients;P1;runtime/source;conditional;"Triage owner 10: RADOS/RBD client owned path; inspect endpoint hunk before binary impact verdict.";;;;
4165;v16.2.15;v17.2.7;src/tools/rbd_mirror/PoolReplayer.cc;;M;M;1;0;FALSE;100644;100644;de0d60241e3fb7085cb3bda5bb80bd6fb2d7dd0b;8a04219da06861487371000cc0dff01c31495dbe;10;10-rados-rbd-clients;P1;runtime/source;conditional;"Triage owner 10: RADOS/RBD client owned path; inspect endpoint hunk before binary impact verdict.";;;;
4166;v16.2.15;v17.2.7;src/tools/rbd_mirror/Throttler.cc;;M;M;1;1;FALSE;100644;100644;b2029896390c2f7ada198a0df991d927f608e91a;07d6e397ec66dbe5e4331648c29d09586a5a7d9a;10;10-rados-rbd-clients;P1;runtime/source;conditional;"Triage owner 10: RADOS/RBD client owned path; inspect endpoint hunk before binary impact verdict.";;;;
4167;v16.2.15;v17.2.7;src/tools/rbd_mirror/image_map/Policy.h;;M;M;0;1;FALSE;100644;100644;0617bb9eef0d425071a068e406ce7900dc83764b;b256e2f1d8ff16ed23b60bd60c7ededbd4b27d1e;10;10-rados-rbd-clients;P1;runtime/source;conditional;"Triage owner 10: RADOS/RBD client owned path; inspect endpoint hunk before binary impact verdict.";;;;
4168;v16.2.15;v17.2.7;src/tools/rbd_mirror/main.cc;;M;M;3;5;FALSE;100644;100644;74c97272e15908e579b29018147d6839a7d4ac81;8d91589af079b537f95bf8347d7ed0f5d75e03ff;10;10-rados-rbd-clients;P1;runtime/source;conditional;"Triage owner 10: RADOS/RBD client owned path; inspect endpoint hunk before binary impact verdict.";;;;
4169;v16.2.15;v17.2.7;src/tools/rbd_nbd/rbd-nbd.cc;;M;M;101;120;FALSE;100644;100644;55445cd0b2f60c9d2416d60bf1b0c70ccf630183;55ef9d1595d299105b799ec2070912e4e012ddd0;10;10-rados-rbd-clients;P1;runtime/source;conditional;"Triage owner 10: RADOS/RBD client owned path; inspect endpoint hunk before binary impact verdict.";;;;
4170;v16.2.15;v17.2.7;src/tools/rbd_wnbd/rbd_wnbd.cc;;M;M;9;8;FALSE;100644;100644;d2bb9d8e96e917c2e9100b81c159de14b2322ac0;fab1e55c5206912ffe6018eaecca0adca2e00548;10;10-rados-rbd-clients;P1;runtime/source;conditional;"Triage owner 10: RADOS/RBD client owned path; inspect endpoint hunk before binary impact verdict.";;;;
4171;v16.2.15;v17.2.7;src/tools/rbd_wnbd/wnbd_handler.cc;;M;M;11;8;FALSE;100644;100644;ecfa47240f2db44186e0d24538f704b5095eaa35;0d13b6297aa35da6cea222f77a6ed0ae24a2d408;10;10-rados-rbd-clients;P1;runtime/source;conditional;"Triage owner 10: RADOS/RBD client owned path; inspect endpoint hunk before binary impact verdict.";;;;
4172;v16.2.15;v17.2.7;src/tools/rbd_wnbd/wnbd_handler.h;;M;M;2;1;FALSE;100644;100644;9a8217745ff5c183fdaeb07fd55c0f1198335afa;78eaa7cdf4a078f41d1f1fa382bca4c2883d0e7a;10;10-rados-rbd-clients;P1;runtime/source;conditional;"Triage owner 10: RADOS/RBD client owned path; inspect endpoint hunk before binary impact verdict.";;;;
