index;base_tag;target_tag;path;old_path;status;status_detail;additions;deletions;binary;old_mode;new_mode;old_blob;new_blob;group;owner_report;priority;file_type;review_mode;analysis_decision;diff_note;upgrade_impact;finding_id;impact_reason
107;v16.2.15;v17.2.7;doc/cephfs/Makefile;;D;D;0;7;FALSE;100644;000000;eee2fa5728d80436b139aea8555bfb7f8c046a6e;0000000000000000000000000000000000000000;11;11-cephfs-mds;P2;documentation;support;"Triage owner 11: CephFS/MDS owned path; inspect endpoint hunk before binary impact verdict.";;;;
108;v16.2.15;v17.2.7;doc/cephfs/administration.rst;;M;M;16;0;FALSE;100644;100644;ad9599b109e2d1c1fbb05a53d676804dfdeee2d9;cd912b42aeafd2010a386175276deaee7adbf74c;11;11-cephfs-mds;P2;documentation;support;"Triage owner 11: CephFS/MDS owned path; inspect endpoint hunk before binary impact verdict.";;;;
109;v16.2.15;v17.2.7;doc/cephfs/api/index.rst;;M;M;2;0;FALSE;100644;100644;2247610bb6d8f51e96730ab7c4dea3ee4a83cf9e;bb62502005b8fa7fbb7a653d0c4b2a672c2c64cf;11;11-cephfs-mds;P2;documentation;support;"Triage owner 11: CephFS/MDS owned path; inspect endpoint hunk before binary impact verdict.";;;;
110;v16.2.15;v17.2.7;doc/cephfs/cache-configuration.rst;;M;M;33;49;FALSE;100644;100644;eabc61cc15422e5ff1e48797c2b3231e48dc97c8;3fc757005d1ab63085f206633e41ca972a7a7a40;11;11-cephfs-mds;P2;documentation;support;"Triage owner 11: CephFS/MDS owned path; inspect endpoint hunk before binary impact verdict.";;;;
111;v16.2.15;v17.2.7;doc/cephfs/capabilities.rst;;M;M;78;8;FALSE;100644;100644;ac47bb12ba7ad47d8a1c957682b27403bf56580c;21231915cf8a3b56862b000292366d4d2d01657c;11;11-cephfs-mds;P2;documentation;support;"Triage owner 11: CephFS/MDS owned path; inspect endpoint hunk before binary impact verdict.";;;;
112;v16.2.15;v17.2.7;doc/cephfs/cephfs-mirroring.rst;;M;M;10;63;FALSE;100644;100644;7d5dfa6cfd7853e298a5035fa99077ad39491d7f;0f7677ba24b98ae73393d2f3107329039802d5d4;11;11-cephfs-mds;P2;documentation;support;"Triage owner 11: CephFS/MDS owned path; inspect endpoint hunk before binary impact verdict.";;;;
113;v16.2.15;v17.2.7;doc/cephfs/cephfs-top.rst;;M;M;2;2;FALSE;100644;100644;511d0437cb7db4b2c49a17a4978928388c0f9e42;ee3dc1ec2b712b7cd265a4a1688784774e2c55eb;11;11-cephfs-mds;P2;documentation;support;"Triage owner 11: CephFS/MDS owned path; inspect endpoint hunk before binary impact verdict.";;;;
114;v16.2.15;v17.2.7;doc/cephfs/client-auth.rst;;M;M;0;10;FALSE;100644;100644;a7dea52518bdd3626c8f02d92c29973350c9ee50;fd0faa83963a2edd78868f100a885b13a4770ccf;11;11-cephfs-mds;P2;documentation;support;"Triage owner 11: CephFS/MDS owned path; inspect endpoint hunk before binary impact verdict.";;;;
115;v16.2.15;v17.2.7;doc/cephfs/client-config-ref.rst;;M;M;35;221;FALSE;100644;100644;067726b76755d11c2e0eb5a192587e329ce80484;5167906b3298704a587111ef9d708738663a0e66;11;11-cephfs-mds;P2;documentation;support;"Triage owner 11: CephFS/MDS owned path; inspect endpoint hunk before binary impact verdict.";;;;
116;v16.2.15;v17.2.7;doc/cephfs/createfs.rst;;M;M;11;4;FALSE;100644;100644;537a46b25d507cd41e18ca5406a39b2f8302e340;c5a87293a66fb141a9a6f1974afbe8b5610b9ffc;11;11-cephfs-mds;P2;documentation;support;"Triage owner 11: CephFS/MDS owned path; inspect endpoint hunk before binary impact verdict.";;;;
117;v16.2.15;v17.2.7;doc/cephfs/disaster-recovery-experts.rst;;M;M;3;4;FALSE;100644;100644;d817f6d1799a452dfca39a5a3569b59ed1339e6d;dc6b44736f6b2a823d32667004b3ae2447e3b593;11;11-cephfs-mds;P2;documentation;support;"Triage owner 11: CephFS/MDS owned path; inspect endpoint hunk before binary impact verdict.";;;;
118;v16.2.15;v17.2.7;doc/cephfs/dynamic-metadata-management.rst;;M;M;1;1;FALSE;100644;100644;5ef8d3ee7b144d32b09e76abeb3bac6753a25556;4408be7bfbf4784fc8f5ab720c3a81f86f58572a;11;11-cephfs-mds;P2;documentation;support;"Triage owner 11: CephFS/MDS owned path; inspect endpoint hunk before binary impact verdict.";;;;
119;v16.2.15;v17.2.7;doc/cephfs/fs-volumes.rst;;M;M;116;255;FALSE;100644;100644;10857c50bed099c8acc58fe744b44da964682ac4;6df2b3893558029c8d982b3e8715741ef752b374;11;11-cephfs-mds;P2;documentation;support;"Triage owner 11: CephFS/MDS owned path; inspect endpoint hunk before binary impact verdict.";;;;
120;v16.2.15;v17.2.7;doc/cephfs/health-messages.rst;;M;M;75;17;FALSE;100644;100644;bb461be7b60645ee8a63f9aedd58e637336e7049;d833d0e6fc6866a4fa97864c12f7202beeda6160;11;11-cephfs-mds;P2;documentation;support;"Triage owner 11: CephFS/MDS owned path; inspect endpoint hunk before binary impact verdict.";;;;
121;v16.2.15;v17.2.7;doc/cephfs/index.rst;;M;M;2;2;FALSE;100644;100644;ad38639858e5ac3bc4d7043a6c3962583f04595a;21c32271d251e1f453452c816d94a795ff289a1f;11;11-cephfs-mds;P2;documentation;support;"Triage owner 11: CephFS/MDS owned path; inspect endpoint hunk before binary impact verdict.";;;;
122;v16.2.15;v17.2.7;doc/cephfs/journaler.rst;;M;M;3;37;FALSE;100644;100644;2121532f535b430c7587bb6dfc256dcf0a57a59a;d2fb2b0ab15104642c1f2e38e97627f28efb20a2;11;11-cephfs-mds;P2;documentation;support;"Triage owner 11: CephFS/MDS owned path; inspect endpoint hunk before binary impact verdict.";;;;
123;v16.2.15;v17.2.7;doc/cephfs/lazyio.rst;;M;M;2;2;FALSE;100644;100644;9cd9ae74a592a40900f354f7d062cb80d4dfbbaf;b300587740882243df493458df220251abbabfbe;11;11-cephfs-mds;P2;documentation;support;"Triage owner 11: CephFS/MDS owned path; inspect endpoint hunk before binary impact verdict.";;;;
124;v16.2.15;v17.2.7;doc/cephfs/mds-config-ref.rst;;M;M;62;558;FALSE;100644;100644;2b22a844f3aaca31151ea0eefafc74d5248910da;568334592734a05b85e0a867aba75a4ab507f342;11;11-cephfs-mds;P2;documentation;support;"Triage owner 11: CephFS/MDS owned path; inspect endpoint hunk before binary impact verdict.";;;;
125;v16.2.15;v17.2.7;doc/cephfs/mds-state-diagram.svg;;D;D;0;317;FALSE;100644;000000;d870a6e9b5a005f9e51172af85db1b08bf79e48b;0000000000000000000000000000000000000000;11;11-cephfs-mds;P2;documentation;support;"Triage owner 11: CephFS/MDS owned path; inspect endpoint hunk before binary impact verdict.";;;;
126;v16.2.15;v17.2.7;doc/cephfs/mds-states.rst;;M;M;5;2;FALSE;100644;100644;aba066ae27a7de143f8a3ce4a7841201f92cacce;b221396d6b69bae6b4d24bd72c2c88982a14bf56;11;11-cephfs-mds;P2;documentation;support;"Triage owner 11: CephFS/MDS owned path; inspect endpoint hunk before binary impact verdict.";;;;
127;v16.2.15;v17.2.7;doc/cephfs/mount-using-kernel-driver.rst;;M;M;39;33;FALSE;100644;100644;4aaf480df978722bfe76a5db74a645df950d722a;9d9a4a683bae71c8221006bb6ac1529b79a4f165;11;11-cephfs-mds;P2;documentation;support;"Triage owner 11: CephFS/MDS owned path; inspect endpoint hunk before binary impact verdict.";;;;
128;v16.2.15;v17.2.7;doc/cephfs/multimds.rst;;M;M;14;0;FALSE;100644;100644;db9b52f3a55763634a90bbe841e7b64178014ad0;3f95ac141ebdc9d4ede8cb21a40f37ead0c4788c;11;11-cephfs-mds;P2;documentation;support;"Triage owner 11: CephFS/MDS owned path; inspect endpoint hunk before binary impact verdict.";;;;
129;v16.2.15;v17.2.7;doc/cephfs/nfs.rst;;M;M;28;29;FALSE;100644;100644;f06911d5cbd0481e7cc5e0b97606b45201cb51f0;75e804e20f1bc6425202802624ff70cb4c0abd2c;11;11-cephfs-mds;P2;documentation;support;"Triage owner 11: CephFS/MDS owned path; inspect endpoint hunk before binary impact verdict.";;;;
130;v16.2.15;v17.2.7;doc/cephfs/quota.rst;;M;M;5;4;FALSE;100644;100644;0f1be4e321ec3936f77f5950d7f4971a68acb169;e5a846118ab835ec55d0d6ff7f39a16dcf567781;11;11-cephfs-mds;P2;documentation;support;"Triage owner 11: CephFS/MDS owned path; inspect endpoint hunk before binary impact verdict.";;;;
131;v16.2.15;v17.2.7;doc/cephfs/snap-schedule.rst;;M;M;0;7;FALSE;100644;100644;5c4b2c1dec64cc4cb5f8ae6aa6cb516c569c3f3c;70efe2547f10cf6702a76ddfac58945d62569f41;11;11-cephfs-mds;P2;documentation;support;"Triage owner 11: CephFS/MDS owned path; inspect endpoint hunk before binary impact verdict.";;;;
132;v16.2.15;v17.2.7;doc/cephfs/standby.rst;;M;M;66;68;FALSE;100644;100644;22216c36f8d2ef570ff8e876632c72901107b8bc;367c6762b8f094b107998ec7bc72315537940efd;11;11-cephfs-mds;P2;documentation;support;"Triage owner 11: CephFS/MDS owned path; inspect endpoint hunk before binary impact verdict.";;;;
133;v16.2.15;v17.2.7;doc/cephfs/troubleshooting.rst;;M;M;129;2;FALSE;100644;100644;60de0c1a3b99b16f0ddb8c5574b77afb1dde7b26;b58d2469f6e62bda7e9a779af5f47e6f2aa2b895;11;11-cephfs-mds;P2;documentation;support;"Triage owner 11: CephFS/MDS owned path; inspect endpoint hunk before binary impact verdict.";;;;
134;v16.2.15;v17.2.7;doc/cephfs/upgrading.rst;;M;M;2;0;FALSE;100644;100644;2dc29e1298bb1fc5c7815f5f09bacb63ab8e51b6;c06e3e8e0ca2f112684d8840f6d136f8fa9c06f0;11;11-cephfs-mds;P2;documentation;support;"Triage owner 11: CephFS/MDS owned path; inspect endpoint hunk before binary impact verdict.";;;;
146;v16.2.15;v17.2.7;doc/dev/cephfs-mirroring.rst;;M;M;4;4;FALSE;100644;100644;3379c96fa261ec0d75bafc9818aa517a9c90164e;a804a0075995f88714a9e61a083b076dca709b45;11;11-cephfs-mds;P2;documentation;support;"Triage owner 11: CephFS documentation; inspect endpoint hunk before binary impact verdict.";;;;
233;v16.2.15;v17.2.7;doc/man/8/ceph-mds.rst;;M;M;1;1;FALSE;100644;100644;a07b9105f7e2f2a09d1f7608d4777f5c6ee1f2aa;b3fe46fd4a2cb43cd2372a423516898ccc8e62b6;11;11-cephfs-mds;P2;documentation;support;"Triage owner 11: CephFS documentation; inspect endpoint hunk before binary impact verdict.";;;;
244;v16.2.15;v17.2.7;doc/man/8/cephfs-mirror.rst;;M;M;1;1;FALSE;100644;100644;3448dd047928dc297c5e7eb34ed5b3fa89add176;743574ec70d307f382805b7b73290dffca025564;11;11-cephfs-mds;P2;documentation;support;"Triage owner 11: CephFS documentation; inspect endpoint hunk before binary impact verdict.";;;;
245;v16.2.15;v17.2.7;doc/man/8/cephfs-shell.rst;doc/cephfs/cephfs-shell.rst;R;R094;40;13;FALSE;100644;100644;6e6a1b1e36b449cc805122d5773e64a23567a799;be09f0b19c95123f79da26f7fca046b0bfe9eedf;11;11-cephfs-mds;P2;documentation;support;"Triage owner 11: CephFS documentation; inspect endpoint hunk before binary impact verdict.";;;;
434;v16.2.15;v17.2.7;qa/cephfs/begin/+;qa/suites/fs/upgrade/volumes/import-legacy/overrides/+;R;R100;0;0;FALSE;100644;100644;e69de29bb2d1d6434b8b29ae775ad8c2e48c5391;e69de29bb2d1d6434b8b29ae775ad8c2e48c5391;11;11-cephfs-mds;P2;test/QA;support;"Triage owner 11: CephFS/MDS owned path; inspect endpoint hunk before binary impact verdict.";"Git rename heuristic with 0/0 content change; verify logical move.";;;
435;v16.2.15;v17.2.7;qa/cephfs/begin/0-install.yaml;qa/cephfs/begin.yaml;R;R095;0;4;FALSE;100644;100644;879294a1fdccf1895fd9374ff08bbd21e547ba33;cd2b997114086032b352f2606d94fa99b440774f;11;11-cephfs-mds;P2;test/QA;support;"Triage owner 11: CephFS/MDS owned path; inspect endpoint hunk before binary impact verdict.";;;;
436;v16.2.15;v17.2.7;qa/cephfs/begin/1-ceph.yaml;;A;A;6;0;FALSE;000000;100644;0000000000000000000000000000000000000000;531c8e3e06b4f15c9123e2e13456b5c5acae4ed7;11;11-cephfs-mds;P2;test/QA;support;"Triage owner 11: CephFS/MDS owned path; inspect endpoint hunk before binary impact verdict.";;;;
437;v16.2.15;v17.2.7;qa/cephfs/begin/2-logrotate.yaml;;A;A;3;0;FALSE;000000;100644;0000000000000000000000000000000000000000;3b876f13b6ade3968f437f4eb4023002f54faeb8;11;11-cephfs-mds;P2;test/QA;support;"Triage owner 11: CephFS/MDS owned path; inspect endpoint hunk before binary impact verdict.";;;;
438;v16.2.15;v17.2.7;qa/cephfs/conf/mds.yaml;;M;M;0;1;FALSE;100644;100644;b1c7a58694449cca6eb08582bc7a1b6e756e7267;46403ffa0f358f662eae279428dcb930bedcbea2;11;11-cephfs-mds;P2;test/QA;support;"Triage owner 11: CephFS/MDS owned path; inspect endpoint hunk before binary impact verdict.";;;;
439;v16.2.15;v17.2.7;qa/cephfs/mount/fuse.yaml;;M;M;14;0;FALSE;100644;100644;8338cc4933e06dccc822417d04e7fcd3532d0c39;9ffb5129def27be13aa2a2260fd77cbe03d61f2f;11;11-cephfs-mds;P2;test/QA;support;"Triage owner 11: CephFS/MDS owned path; inspect endpoint hunk before binary impact verdict.";;;;
440;v16.2.15;v17.2.7;qa/cephfs/mount/kclient/mount-syntax/$;qa/suites/fs/workload/subvolume/$;R;R100;0;0;FALSE;100644;100644;e69de29bb2d1d6434b8b29ae775ad8c2e48c5391;e69de29bb2d1d6434b8b29ae775ad8c2e48c5391;11;11-cephfs-mds;P2;test/QA;support;"Triage owner 11: CephFS/MDS owned path; inspect endpoint hunk before binary impact verdict.";"Git rename heuristic with 0/0 content change; verify logical move.";;;
441;v16.2.15;v17.2.7;qa/cephfs/mount/kclient/mount-syntax/v1.yaml;;A;A;3;0;FALSE;000000;100644;0000000000000000000000000000000000000000;84d5d43b2570b5024ef046f72bfc9844b9cb0400;11;11-cephfs-mds;P2;test/QA;support;"Triage owner 11: CephFS/MDS owned path; inspect endpoint hunk before binary impact verdict.";;;;
442;v16.2.15;v17.2.7;qa/cephfs/mount/kclient/mount-syntax/v2.yaml;;A;A;3;0;FALSE;000000;100644;0000000000000000000000000000000000000000;ef7d304244807011cd102069a750cb1a31354ab6;11;11-cephfs-mds;P2;test/QA;support;"Triage owner 11: CephFS/MDS owned path; inspect endpoint hunk before binary impact verdict.";;;;
443;v16.2.15;v17.2.7;qa/cephfs/mount/kclient/mount.yaml;;M;M;14;0;FALSE;100644;100644;c9a1f5b6f2359934cfd7bcde0c42bc94395d683d;a130ff9d5d0febf429538cd4204fcb0ef8bd321d;11;11-cephfs-mds;P2;test/QA;support;"Triage owner 11: CephFS/MDS owned path; inspect endpoint hunk before binary impact verdict.";;;;
444;v16.2.15;v17.2.7;qa/cephfs/mount/kclient/overrides/distro/stock/k-stock.yaml;;M;M;1;0;FALSE;100644;100644;37d8890b4652e0393d0cd3a137c3df999e18f744;ca2d688bb7af6df5c4f0ef7525fe7a94d250cb06;11;11-cephfs-mds;P2;test/QA;support;"Triage owner 11: CephFS/MDS owned path; inspect endpoint hunk before binary impact verdict.";;;;
445;v16.2.15;v17.2.7;qa/cephfs/mount/kclient/overrides/distro/testing/flavor/ubuntu_latest.yaml;;D;D;0;1;FALSE;120000;000000;3a09f9abb05ca992795e41874435c16dc4f071e7;0000000000000000000000000000000000000000;11;11-cephfs-mds;P2;test/QA;support;"Triage owner 11: CephFS/MDS owned path; inspect endpoint hunk before binary impact verdict.";;;;
446;v16.2.15;v17.2.7;qa/cephfs/mount/kclient/overrides/distro/testing/k-testing.yaml;;M;M;1;0;FALSE;100644;100644;21f83dbe29e062186c19f738d9bac9cc51c84e63;2ee219125e7a7e424f12506352866384724c3150;11;11-cephfs-mds;P2;test/QA;support;"Triage owner 11: CephFS/MDS owned path; inspect endpoint hunk before binary impact verdict.";;;;
447;v16.2.15;v17.2.7;qa/cephfs/overrides/ignorelist_health.yaml;;M;M;1;10;FALSE;100644;100644;a698da517b4d27a8413bf270351bbc1e3a3031b2;d8b8192882e71845f92355ef0100554e47dd006f;11;11-cephfs-mds;P2;test/QA;support;"Triage owner 11: CephFS/MDS owned path; inspect endpoint hunk before binary impact verdict.";;;;
448;v16.2.15;v17.2.7;qa/cephfs/overrides/ignorelist_wrongly_marked_down.yaml;;M;M;2;4;FALSE;100644;100644;64c8c24f597862d3258ac05e1e4f9c620584e57f;41ba84f04db5e97abb176735acb7b315f5f08616;11;11-cephfs-mds;P2;test/QA;support;"Triage owner 11: CephFS/MDS owned path; inspect endpoint hunk before binary impact verdict.";;;;
567;v16.2.15;v17.2.7;qa/suites/fs/32bits/begin;;A;A;1;0;FALSE;000000;120000;0000000000000000000000000000000000000000;77af91f7d26608af80b2a7afdd38c067525744bd;11;11-cephfs-mds;P2;test/QA;support;"Triage owner 11: CephFS/MDS owned path; inspect endpoint hunk before binary impact verdict.";;;;
568;v16.2.15;v17.2.7;qa/suites/fs/32bits/begin.yaml;;D;D;0;1;FALSE;120000;000000;311d404f7c2760adc7ba00a5277164bdba1299f9;0000000000000000000000000000000000000000;11;11-cephfs-mds;P2;test/QA;support;"Triage owner 11: CephFS/MDS owned path; inspect endpoint hunk before binary impact verdict.";;;;
569;v16.2.15;v17.2.7;qa/suites/fs/bugs/client_trim_caps/begin;;A;A;1;0;FALSE;000000;120000;0000000000000000000000000000000000000000;77af91f7d26608af80b2a7afdd38c067525744bd;11;11-cephfs-mds;P2;test/QA;support;"Triage owner 11: CephFS/MDS owned path; inspect endpoint hunk before binary impact verdict.";;;;
570;v16.2.15;v17.2.7;qa/suites/fs/bugs/client_trim_caps/begin.yaml;;D;D;0;1;FALSE;120000;000000;311d404f7c2760adc7ba00a5277164bdba1299f9;0000000000000000000000000000000000000000;11;11-cephfs-mds;P2;test/QA;support;"Triage owner 11: CephFS/MDS owned path; inspect endpoint hunk before binary impact verdict.";;;;
571;v16.2.15;v17.2.7;qa/suites/fs/cephadm/multivolume/distro/centos_latest.yaml;;D;D;0;1;FALSE;120000;000000;bd9854e702982762b598166261d958dfd20825bf;0000000000000000000000000000000000000000;11;11-cephfs-mds;P2;test/QA;support;"Triage owner 11: CephFS/MDS owned path; inspect endpoint hunk before binary impact verdict.";;;;
572;v16.2.15;v17.2.7;qa/suites/fs/cephadm/multivolume/distro/single-container-host.yaml;;A;A;1;0;FALSE;000000;120000;0000000000000000000000000000000000000000;7406e749cf5657db5375aa3b84cd0ea81015cea9;11;11-cephfs-mds;P2;test/QA;support;"Triage owner 11: CephFS/MDS owned path; inspect endpoint hunk before binary impact verdict.";;;;
573;v16.2.15;v17.2.7;qa/suites/fs/cephadm/renamevolume/%;qa/cephfs/mount/kclient/overrides/distro/testing/%;R;R100;0;0;FALSE;100644;100644;e69de29bb2d1d6434b8b29ae775ad8c2e48c5391;e69de29bb2d1d6434b8b29ae775ad8c2e48c5391;11;11-cephfs-mds;P2;test/QA;support;"Triage owner 11: CephFS/MDS owned path; inspect endpoint hunk before binary impact verdict.";"Git rename heuristic with 0/0 content change; verify logical move.";;;
574;v16.2.15;v17.2.7;qa/suites/fs/cephadm/renamevolume/.qa;qa/.qa;R;R100;0;0;FALSE;120000;120000;fea2489fdf6d9c5d189a12524b23f3f8daedd85a;fea2489fdf6d9c5d189a12524b23f3f8daedd85a;11;11-cephfs-mds;P2;test/QA;support;"Triage owner 11: CephFS/MDS owned path; inspect endpoint hunk before binary impact verdict.";"Git rename heuristic with 0/0 content change; verify logical move.";;;
575;v16.2.15;v17.2.7;qa/suites/fs/cephadm/renamevolume/0-start.yaml;;A;A;38;0;FALSE;000000;100644;0000000000000000000000000000000000000000;727837580ab23d84c58672f1ae55661fd3ab3837;11;11-cephfs-mds;P2;test/QA;support;"Triage owner 11: CephFS/MDS owned path; inspect endpoint hunk before binary impact verdict.";;;;
576;v16.2.15;v17.2.7;qa/suites/fs/cephadm/renamevolume/1-rename.yaml;;A;A;11;0;FALSE;000000;100644;0000000000000000000000000000000000000000;7f9bc890617a76759180589748684ec97bc7383f;11;11-cephfs-mds;P2;test/QA;support;"Triage owner 11: CephFS/MDS owned path; inspect endpoint hunk before binary impact verdict.";;;;
577;v16.2.15;v17.2.7;qa/suites/fs/cephadm/renamevolume/distro/.qa;qa/suites/fs/upgrade/upgraded_client/from_nautilus/clusters/.qa;R;R100;0;0;FALSE;120000;120000;fea2489fdf6d9c5d189a12524b23f3f8daedd85a;fea2489fdf6d9c5d189a12524b23f3f8daedd85a;11;11-cephfs-mds;P2;test/QA;support;"Triage owner 11: CephFS/MDS owned path; inspect endpoint hunk before binary impact verdict.";"Git rename heuristic with 0/0 content change; verify logical move.";;;
578;v16.2.15;v17.2.7;qa/suites/fs/cephadm/renamevolume/distro/single-container-host.yaml;;A;A;1;0;FALSE;000000;120000;0000000000000000000000000000000000000000;7406e749cf5657db5375aa3b84cd0ea81015cea9;11;11-cephfs-mds;P2;test/QA;support;"Triage owner 11: CephFS/MDS owned path; inspect endpoint hunk before binary impact verdict.";;;;
579;v16.2.15;v17.2.7;qa/suites/fs/cephadm/renamevolume/overrides/.qa;qa/suites/orch/cephadm/dashboard/.qa;R;R100;0;0;FALSE;120000;120000;fea2489fdf6d9c5d189a12524b23f3f8daedd85a;fea2489fdf6d9c5d189a12524b23f3f8daedd85a;11;11-cephfs-mds;P2;test/QA;support;"Triage owner 11: CephFS/MDS owned path; inspect endpoint hunk before binary impact verdict.";"Git rename heuristic with 0/0 content change; verify logical move.";;;
580;v16.2.15;v17.2.7;qa/suites/fs/cephadm/renamevolume/overrides/ignorelist_health.yaml;qa/suites/fs/upgrade/upgraded_client/from_nautilus/overrides/ignorelist_health.yaml;R;R100;0;0;FALSE;120000;120000;5cb891a95c3c84f2fcf67c2b0e5e678593400537;5cb891a95c3c84f2fcf67c2b0e5e678593400537;11;11-cephfs-mds;P2;test/QA;support;"Triage owner 11: CephFS/MDS owned path; inspect endpoint hunk before binary impact verdict.";"Git rename heuristic with 0/0 content change; verify logical move.";;;
581;v16.2.15;v17.2.7;qa/suites/fs/full/begin;;A;A;1;0;FALSE;000000;120000;0000000000000000000000000000000000000000;77af91f7d26608af80b2a7afdd38c067525744bd;11;11-cephfs-mds;P2;test/QA;support;"Triage owner 11: CephFS/MDS owned path; inspect endpoint hunk before binary impact verdict.";;;;
582;v16.2.15;v17.2.7;qa/suites/fs/full/begin.yaml;;D;D;0;1;FALSE;120000;000000;311d404f7c2760adc7ba00a5277164bdba1299f9;0000000000000000000000000000000000000000;11;11-cephfs-mds;P2;test/QA;support;"Triage owner 11: CephFS/MDS owned path; inspect endpoint hunk before binary impact verdict.";;;;
583;v16.2.15;v17.2.7;qa/suites/fs/functional/begin;;A;A;1;0;FALSE;000000;120000;0000000000000000000000000000000000000000;77af91f7d26608af80b2a7afdd38c067525744bd;11;11-cephfs-mds;P2;test/QA;support;"Triage owner 11: CephFS/MDS owned path; inspect endpoint hunk before binary impact verdict.";;;;
584;v16.2.15;v17.2.7;qa/suites/fs/functional/begin.yaml;;D;D;0;1;FALSE;120000;000000;311d404f7c2760adc7ba00a5277164bdba1299f9;0000000000000000000000000000000000000000;11;11-cephfs-mds;P2;test/QA;support;"Triage owner 11: CephFS/MDS owned path; inspect endpoint hunk before binary impact verdict.";;;;
585;v16.2.15;v17.2.7;qa/suites/fs/functional/tasks/client-recovery.yaml;;M;M;0;3;FALSE;100644;100644;b3edcfa87f3a6d688bc5e1d4ccd5925567d01d04;d927fd11b6c7b4df4a236fed5fd77ad588cd0f5f;11;11-cephfs-mds;P2;test/QA;support;"Triage owner 11: CephFS/MDS owned path; inspect endpoint hunk before binary impact verdict.";;;;
586;v16.2.15;v17.2.7;qa/suites/fs/libcephfs/begin;;A;A;1;0;FALSE;000000;120000;0000000000000000000000000000000000000000;77af91f7d26608af80b2a7afdd38c067525744bd;11;11-cephfs-mds;P2;test/QA;support;"Triage owner 11: CephFS/MDS owned path; inspect endpoint hunk before binary impact verdict.";;;;
587;v16.2.15;v17.2.7;qa/suites/fs/libcephfs/begin.yaml;;D;D;0;1;FALSE;120000;000000;311d404f7c2760adc7ba00a5277164bdba1299f9;0000000000000000000000000000000000000000;11;11-cephfs-mds;P2;test/QA;support;"Triage owner 11: CephFS/MDS owned path; inspect endpoint hunk before binary impact verdict.";;;;
588;v16.2.15;v17.2.7;qa/suites/fs/mirror-ha/begin;;A;A;1;0;FALSE;000000;120000;0000000000000000000000000000000000000000;77af91f7d26608af80b2a7afdd38c067525744bd;11;11-cephfs-mds;P2;test/QA;support;"Triage owner 11: CephFS/MDS owned path; inspect endpoint hunk before binary impact verdict.";;;;
589;v16.2.15;v17.2.7;qa/suites/fs/mirror-ha/begin.yaml;;D;D;0;1;FALSE;120000;000000;311d404f7c2760adc7ba00a5277164bdba1299f9;0000000000000000000000000000000000000000;11;11-cephfs-mds;P2;test/QA;support;"Triage owner 11: CephFS/MDS owned path; inspect endpoint hunk before binary impact verdict.";;;;
590;v16.2.15;v17.2.7;qa/suites/fs/mirror-ha/overrides/ignorelist_health.yaml;;A;A;1;0;FALSE;000000;120000;0000000000000000000000000000000000000000;4cb7d981d9d490b5726aa3bee089a5066e119866;11;11-cephfs-mds;P2;test/QA;support;"Triage owner 11: CephFS/MDS owned path; inspect endpoint hunk before binary impact verdict.";;;;
591;v16.2.15;v17.2.7;qa/suites/fs/mirror-ha/overrides/whitelist_health.yaml;;D;D;0;14;FALSE;100644;000000;d40fa4cb82ce7412d0250502e664b5c0fe6fb007;0000000000000000000000000000000000000000;11;11-cephfs-mds;P2;test/QA;support;"Triage owner 11: CephFS/MDS owned path; inspect endpoint hunk before binary impact verdict.";;;;
592;v16.2.15;v17.2.7;qa/suites/fs/mirror/begin;;A;A;1;0;FALSE;000000;120000;0000000000000000000000000000000000000000;77af91f7d26608af80b2a7afdd38c067525744bd;11;11-cephfs-mds;P2;test/QA;support;"Triage owner 11: CephFS/MDS owned path; inspect endpoint hunk before binary impact verdict.";;;;
593;v16.2.15;v17.2.7;qa/suites/fs/mirror/begin.yaml;;D;D;0;1;FALSE;120000;000000;311d404f7c2760adc7ba00a5277164bdba1299f9;0000000000000000000000000000000000000000;11;11-cephfs-mds;P2;test/QA;support;"Triage owner 11: CephFS/MDS owned path; inspect endpoint hunk before binary impact verdict.";;;;
594;v16.2.15;v17.2.7;qa/suites/fs/mirror/overrides/ignorelist_health.yaml;;A;A;1;0;FALSE;000000;120000;0000000000000000000000000000000000000000;4cb7d981d9d490b5726aa3bee089a5066e119866;11;11-cephfs-mds;P2;test/QA;support;"Triage owner 11: CephFS/MDS owned path; inspect endpoint hunk before binary impact verdict.";;;;
595;v16.2.15;v17.2.7;qa/suites/fs/mirror/overrides/whitelist_health.yaml;;D;D;0;14;FALSE;100644;000000;d40fa4cb82ce7412d0250502e664b5c0fe6fb007;0000000000000000000000000000000000000000;11;11-cephfs-mds;P2;test/QA;support;"Triage owner 11: CephFS/MDS owned path; inspect endpoint hunk before binary impact verdict.";;;;
596;v16.2.15;v17.2.7;qa/suites/fs/mixed-clients/begin;;A;A;1;0;FALSE;000000;120000;0000000000000000000000000000000000000000;77af91f7d26608af80b2a7afdd38c067525744bd;11;11-cephfs-mds;P2;test/QA;support;"Triage owner 11: CephFS/MDS owned path; inspect endpoint hunk before binary impact verdict.";;;;
597;v16.2.15;v17.2.7;qa/suites/fs/mixed-clients/begin.yaml;;D;D;0;1;FALSE;120000;000000;311d404f7c2760adc7ba00a5277164bdba1299f9;0000000000000000000000000000000000000000;11;11-cephfs-mds;P2;test/QA;support;"Triage owner 11: CephFS/MDS owned path; inspect endpoint hunk before binary impact verdict.";;;;
598;v16.2.15;v17.2.7;qa/suites/fs/multiclient/begin;;A;A;1;0;FALSE;000000;120000;0000000000000000000000000000000000000000;77af91f7d26608af80b2a7afdd38c067525744bd;11;11-cephfs-mds;P2;test/QA;support;"Triage owner 11: CephFS/MDS owned path; inspect endpoint hunk before binary impact verdict.";;;;
599;v16.2.15;v17.2.7;qa/suites/fs/multiclient/begin.yaml;;D;D;0;1;FALSE;120000;000000;311d404f7c2760adc7ba00a5277164bdba1299f9;0000000000000000000000000000000000000000;11;11-cephfs-mds;P2;test/QA;support;"Triage owner 11: CephFS/MDS owned path; inspect endpoint hunk before binary impact verdict.";;;;
600;v16.2.15;v17.2.7;qa/suites/fs/multifs/begin;;A;A;1;0;FALSE;000000;120000;0000000000000000000000000000000000000000;77af91f7d26608af80b2a7afdd38c067525744bd;11;11-cephfs-mds;P2;test/QA;support;"Triage owner 11: CephFS/MDS owned path; inspect endpoint hunk before binary impact verdict.";;;;
601;v16.2.15;v17.2.7;qa/suites/fs/multifs/begin.yaml;;D;D;0;1;FALSE;120000;000000;311d404f7c2760adc7ba00a5277164bdba1299f9;0000000000000000000000000000000000000000;11;11-cephfs-mds;P2;test/QA;support;"Triage owner 11: CephFS/MDS owned path; inspect endpoint hunk before binary impact verdict.";;;;
602;v16.2.15;v17.2.7;qa/suites/fs/permission/begin;;A;A;1;0;FALSE;000000;120000;0000000000000000000000000000000000000000;77af91f7d26608af80b2a7afdd38c067525744bd;11;11-cephfs-mds;P2;test/QA;support;"Triage owner 11: CephFS/MDS owned path; inspect endpoint hunk before binary impact verdict.";;;;
603;v16.2.15;v17.2.7;qa/suites/fs/permission/begin.yaml;;D;D;0;1;FALSE;120000;000000;311d404f7c2760adc7ba00a5277164bdba1299f9;0000000000000000000000000000000000000000;11;11-cephfs-mds;P2;test/QA;support;"Triage owner 11: CephFS/MDS owned path; inspect endpoint hunk before binary impact verdict.";;;;
604;v16.2.15;v17.2.7;qa/suites/fs/shell/begin;;A;A;1;0;FALSE;000000;120000;0000000000000000000000000000000000000000;77af91f7d26608af80b2a7afdd38c067525744bd;11;11-cephfs-mds;P2;test/QA;support;"Triage owner 11: CephFS/MDS owned path; inspect endpoint hunk before binary impact verdict.";;;;
605;v16.2.15;v17.2.7;qa/suites/fs/shell/begin.yaml;;D;D;0;1;FALSE;120000;000000;311d404f7c2760adc7ba00a5277164bdba1299f9;0000000000000000000000000000000000000000;11;11-cephfs-mds;P2;test/QA;support;"Triage owner 11: CephFS/MDS owned path; inspect endpoint hunk before binary impact verdict.";;;;
606;v16.2.15;v17.2.7;qa/suites/fs/snaps/begin;;A;A;1;0;FALSE;000000;120000;0000000000000000000000000000000000000000;77af91f7d26608af80b2a7afdd38c067525744bd;11;11-cephfs-mds;P2;test/QA;support;"Triage owner 11: CephFS/MDS owned path; inspect endpoint hunk before binary impact verdict.";;;;
607;v16.2.15;v17.2.7;qa/suites/fs/snaps/begin.yaml;;D;D;0;1;FALSE;120000;000000;311d404f7c2760adc7ba00a5277164bdba1299f9;0000000000000000000000000000000000000000;11;11-cephfs-mds;P2;test/QA;support;"Triage owner 11: CephFS/MDS owned path; inspect endpoint hunk before binary impact verdict.";;;;
608;v16.2.15;v17.2.7;qa/suites/fs/thrash/multifs/begin;;A;A;1;0;FALSE;000000;120000;0000000000000000000000000000000000000000;77af91f7d26608af80b2a7afdd38c067525744bd;11;11-cephfs-mds;P2;test/QA;support;"Triage owner 11: CephFS/MDS owned path; inspect endpoint hunk before binary impact verdict.";;;;
609;v16.2.15;v17.2.7;qa/suites/fs/thrash/multifs/begin.yaml;;D;D;0;1;FALSE;120000;000000;311d404f7c2760adc7ba00a5277164bdba1299f9;0000000000000000000000000000000000000000;11;11-cephfs-mds;P2;test/QA;support;"Triage owner 11: CephFS/MDS owned path; inspect endpoint hunk before binary impact verdict.";;;;
610;v16.2.15;v17.2.7;qa/suites/fs/thrash/multifs/overrides/client-shutdown.yaml;;D;D;0;6;FALSE;100644;000000;30b2ea98150b52f8df5a6cc6421a87fd06a1d3b9;0000000000000000000000000000000000000000;11;11-cephfs-mds;P2;test/QA;support;"Triage owner 11: CephFS/MDS owned path; inspect endpoint hunk before binary impact verdict.";;;;
611;v16.2.15;v17.2.7;qa/suites/fs/thrash/workloads/begin;;A;A;1;0;FALSE;000000;120000;0000000000000000000000000000000000000000;77af91f7d26608af80b2a7afdd38c067525744bd;11;11-cephfs-mds;P2;test/QA;support;"Triage owner 11: CephFS/MDS owned path; inspect endpoint hunk before binary impact verdict.";;;;
612;v16.2.15;v17.2.7;qa/suites/fs/thrash/workloads/begin.yaml;;D;D;0;1;FALSE;120000;000000;311d404f7c2760adc7ba00a5277164bdba1299f9;0000000000000000000000000000000000000000;11;11-cephfs-mds;P2;test/QA;support;"Triage owner 11: CephFS/MDS owned path; inspect endpoint hunk before binary impact verdict.";;;;
613;v16.2.15;v17.2.7;qa/suites/fs/thrash/workloads/overrides/client-shutdown.yaml;;D;D;0;6;FALSE;100644;000000;30b2ea98150b52f8df5a6cc6421a87fd06a1d3b9;0000000000000000000000000000000000000000;11;11-cephfs-mds;P2;test/QA;support;"Triage owner 11: CephFS/MDS owned path; inspect endpoint hunk before binary impact verdict.";;;;
614;v16.2.15;v17.2.7;qa/suites/fs/top/begin;;A;A;1;0;FALSE;000000;120000;0000000000000000000000000000000000000000;77af91f7d26608af80b2a7afdd38c067525744bd;11;11-cephfs-mds;P2;test/QA;support;"Triage owner 11: CephFS/MDS owned path; inspect endpoint hunk before binary impact verdict.";;;;
615;v16.2.15;v17.2.7;qa/suites/fs/top/begin.yaml;;D;D;0;1;FALSE;120000;000000;311d404f7c2760adc7ba00a5277164bdba1299f9;0000000000000000000000000000000000000000;11;11-cephfs-mds;P2;test/QA;support;"Triage owner 11: CephFS/MDS owned path; inspect endpoint hunk before binary impact verdict.";;;;
616;v16.2.15;v17.2.7;qa/suites/fs/traceless/begin;;A;A;1;0;FALSE;000000;120000;0000000000000000000000000000000000000000;77af91f7d26608af80b2a7afdd38c067525744bd;11;11-cephfs-mds;P2;test/QA;support;"Triage owner 11: CephFS/MDS owned path; inspect endpoint hunk before binary impact verdict.";;;;
617;v16.2.15;v17.2.7;qa/suites/fs/traceless/begin.yaml;;D;D;0;1;FALSE;120000;000000;311d404f7c2760adc7ba00a5277164bdba1299f9;0000000000000000000000000000000000000000;11;11-cephfs-mds;P2;test/QA;support;"Triage owner 11: CephFS/MDS owned path; inspect endpoint hunk before binary impact verdict.";;;;
618;v16.2.15;v17.2.7;qa/suites/fs/upgrade/featureful_client/old_client/tasks/0-octopus.yaml;qa/suites/fs/upgrade/featureful_client/upgraded_client/tasks/0-nautilus.yaml;R;R071;5;9;FALSE;100644;100644;6508bc6424c78505f064c9ce03cdb7c5adfb1399;e7774423fa544b21f2858b0bf8b29a2e6d7ceadb;11;11-cephfs-mds;P2;test/QA;support;"Triage owner 11: CephFS/MDS owned path; inspect endpoint hunk before binary impact verdict.";;;;
619;v16.2.15;v17.2.7;qa/suites/fs/upgrade/featureful_client/old_client/tasks/1-client.yaml;;M;M;1;1;FALSE;100644;100644;50092616f55086fe1a67b06da071a40ef7c8d2b8;976d6e2650bf90a2cfe9d9a247c65fd028673a8d;11;11-cephfs-mds;P2;test/QA;support;"Triage owner 11: CephFS/MDS owned path; inspect endpoint hunk before binary impact verdict.";;;;
620;v16.2.15;v17.2.7;qa/suites/fs/upgrade/featureful_client/old_client/tasks/2-upgrade.yaml;;M;M;2;2;FALSE;100644;100644;6e5ef07922ecb235dc1f2eccebe582567f0e1bc5;a9eadeb84100af6a7d563a4e504afaaa9b217fbf;11;11-cephfs-mds;P2;test/QA;support;"Triage owner 11: CephFS/MDS owned path; inspect endpoint hunk before binary impact verdict.";;;;
621;v16.2.15;v17.2.7;qa/suites/fs/upgrade/featureful_client/upgraded_client/tasks/0-octopus.yaml;qa/suites/fs/upgrade/featureful_client/old_client/tasks/0-nautilus.yaml;R;R071;5;9;FALSE;100644;100644;6508bc6424c78505f064c9ce03cdb7c5adfb1399;e7774423fa544b21f2858b0bf8b29a2e6d7ceadb;11;11-cephfs-mds;P2;test/QA;support;"Triage owner 11: CephFS/MDS owned path; inspect endpoint hunk before binary impact verdict.";;;;
622;v16.2.15;v17.2.7;qa/suites/fs/upgrade/featureful_client/upgraded_client/tasks/1-client.yaml;;M;M;1;1;FALSE;100644;100644;d45fd6aeb5f36507ee39415872d0add481caf37d;c9b4c046f6c43b4e284c540ebc93b9c3ddba6c98;11;11-cephfs-mds;P2;test/QA;support;"Triage owner 11: CephFS/MDS owned path; inspect endpoint hunk before binary impact verdict.";;;;
623;v16.2.15;v17.2.7;qa/suites/fs/upgrade/featureful_client/upgraded_client/tasks/2-upgrade.yaml;;M;M;2;2;FALSE;100644;100644;9d3f3c9eaa851fc66e20de80e9da9e31a934fd23;6370f9f491ecb729eb0be9210076caae9e3432f0;11;11-cephfs-mds;P2;test/QA;support;"Triage owner 11: CephFS/MDS owned path; inspect endpoint hunk before binary impact verdict.";;;;
624;v16.2.15;v17.2.7;qa/suites/fs/upgrade/mds_upgrade_sequence/overrides/syntax.yaml;;A;A;3;0;FALSE;000000;100644;0000000000000000000000000000000000000000;84d5d43b2570b5024ef046f72bfc9844b9cb0400;11;11-cephfs-mds;P2;test/QA;support;"Triage owner 11: CephFS/MDS owned path; inspect endpoint hunk before binary impact verdict.";;;;
625;v16.2.15;v17.2.7;qa/suites/fs/upgrade/mds_upgrade_sequence/tasks/0-from/pacific.yaml;;A;A;32;0;FALSE;000000;100644;0000000000000000000000000000000000000000;74c40d24773204df699644a05d77a0b321ae6d32;11;11-cephfs-mds;P2;test/QA;support;"Triage owner 11: CephFS/MDS owned path; inspect endpoint hunk before binary impact verdict.";;;;
626;v16.2.15;v17.2.7;qa/suites/fs/upgrade/mds_upgrade_sequence/tasks/3-upgrade-with-workload.yaml;;M;M;1;1;FALSE;100644;100644;457b7e3c7ff8b3bbde287d0b1d721d8a21c050be;200c4dcb58bb34a3c8f600b4b762b190b399df7e;11;11-cephfs-mds;P2;test/QA;support;"Triage owner 11: CephFS/MDS owned path; inspect endpoint hunk before binary impact verdict.";;;;
627;v16.2.15;v17.2.7;qa/suites/fs/upgrade/nofs/tasks/0-octopus.yaml;;M;M;1;0;FALSE;100644;100644;40d34753da1b8eba1708c69d3fb2590bf9ecaaf4;e7774423fa544b21f2858b0bf8b29a2e6d7ceadb;11;11-cephfs-mds;P2;test/QA;support;"Triage owner 11: CephFS/MDS owned path; inspect endpoint hunk before binary impact verdict.";;;;
628;v16.2.15;v17.2.7;qa/suites/fs/upgrade/nofs/tasks/1-upgrade.yaml;;M;M;1;1;FALSE;100644;100644;c27504ae8d75298beb848f7ff402f61e666e611b;5896252898a27d2f88763b6a9645dac4ec766c3e;11;11-cephfs-mds;P2;test/QA;support;"Triage owner 11: CephFS/MDS owned path; inspect endpoint hunk before binary impact verdict.";;;;
629;v16.2.15;v17.2.7;qa/suites/fs/upgrade/upgraded_client/%;qa/suites/fs/upgrade/upgraded_client/from_nautilus/%;R;R100;0;0;FALSE;100644;100644;e69de29bb2d1d6434b8b29ae775ad8c2e48c5391;e69de29bb2d1d6434b8b29ae775ad8c2e48c5391;11;11-cephfs-mds;P2;test/QA;support;"Triage owner 11: CephFS/MDS owned path; inspect endpoint hunk before binary impact verdict.";"Git rename heuristic with 0/0 content change; verify logical move.";;;
630;v16.2.15;v17.2.7;qa/suites/fs/upgrade/upgraded_client/bluestore-bitmap.yaml;;A;A;1;0;FALSE;000000;120000;0000000000000000000000000000000000000000;675dce0566bce7e9009be89d071b695ed3cbd902;11;11-cephfs-mds;P2;test/QA;support;"Triage owner 11: CephFS/MDS owned path; inspect endpoint hunk before binary impact verdict.";;;;
631;v16.2.15;v17.2.7;qa/suites/fs/upgrade/upgraded_client/centos_latest.yaml;qa/cephfs/mount/kclient/overrides/distro/testing/flavor/centos_latest.yaml;R;R100;0;0;FALSE;120000;120000;bd9854e702982762b598166261d958dfd20825bf;bd9854e702982762b598166261d958dfd20825bf;11;11-cephfs-mds;P2;test/QA;support;"Triage owner 11: CephFS/MDS owned path; inspect endpoint hunk before binary impact verdict.";"Git rename heuristic with 0/0 content change; verify logical move.";;;
632;v16.2.15;v17.2.7;qa/suites/fs/upgrade/upgraded_client/clusters/%;qa/suites/fs/upgrade/upgraded_client/from_nautilus/clusters/%;R;R100;0;0;FALSE;100644;100644;e69de29bb2d1d6434b8b29ae775ad8c2e48c5391;e69de29bb2d1d6434b8b29ae775ad8c2e48c5391;11;11-cephfs-mds;P2;test/QA;support;"Triage owner 11: CephFS/MDS owned path; inspect endpoint hunk before binary impact verdict.";"Git rename heuristic with 0/0 content change; verify logical move.";;;
633;v16.2.15;v17.2.7;qa/suites/fs/upgrade/upgraded_client/clusters/.qa;qa/suites/orch/cephadm/dashboard/0-distro/.qa;R;R100;0;0;FALSE;120000;120000;fea2489fdf6d9c5d189a12524b23f3f8daedd85a;fea2489fdf6d9c5d189a12524b23f3f8daedd85a;11;11-cephfs-mds;P2;test/QA;support;"Triage owner 11: CephFS/MDS owned path; inspect endpoint hunk before binary impact verdict.";"Git rename heuristic with 0/0 content change; verify logical move.";;;
634;v16.2.15;v17.2.7;qa/suites/fs/upgrade/upgraded_client/clusters/1-mds-1-client-micro.yaml;qa/suites/fs/upgrade/upgraded_client/from_nautilus/clusters/1-mds-1-client-micro.yaml;R;R100;0;0;FALSE;120000;120000;50ffb6d5399b40c52a37301c11f19298bbf66e35;50ffb6d5399b40c52a37301c11f19298bbf66e35;11;11-cephfs-mds;P2;test/QA;support;"Triage owner 11: CephFS/MDS owned path; inspect endpoint hunk before binary impact verdict.";"Git rename heuristic with 0/0 content change; verify logical move.";;;
635;v16.2.15;v17.2.7;qa/suites/fs/upgrade/upgraded_client/conf;qa/suites/fs/upgrade/upgraded_client/from_nautilus/conf;R;R100;0;0;FALSE;120000;120000;6d47129847fad8b2d2ed8ecb208215a17d76d554;6d47129847fad8b2d2ed8ecb208215a17d76d554;11;11-cephfs-mds;P2;test/QA;support;"Triage owner 11: CephFS/MDS owned path; inspect endpoint hunk before binary impact verdict.";"Git rename heuristic with 0/0 content change; verify logical move.";;;
636;v16.2.15;v17.2.7;qa/suites/fs/upgrade/upgraded_client/from_nautilus/bluestore-bitmap.yaml;;D;D;0;1;FALSE;120000;000000;17ad98e799ee56f2ff5c6a3bc18202a12ff61a61;0000000000000000000000000000000000000000;11;11-cephfs-mds;P2;test/QA;support;"Triage owner 11: CephFS/MDS owned path; inspect endpoint hunk before binary impact verdict.";;;;
637;v16.2.15;v17.2.7;qa/suites/fs/upgrade/upgraded_client/from_nautilus/centos_latest.yaml;;D;D;0;1;FALSE;120000;000000;bd9854e702982762b598166261d958dfd20825bf;0000000000000000000000000000000000000000;11;11-cephfs-mds;P2;test/QA;support;"Triage owner 11: CephFS/MDS owned path; inspect endpoint hunk before binary impact verdict.";;;;
638;v16.2.15;v17.2.7;qa/suites/fs/upgrade/upgraded_client/overrides/%;qa/suites/fs/upgrade/upgraded_client/from_nautilus/overrides/%;R;R100;0;0;FALSE;100644;100644;e69de29bb2d1d6434b8b29ae775ad8c2e48c5391;e69de29bb2d1d6434b8b29ae775ad8c2e48c5391;11;11-cephfs-mds;P2;test/QA;support;"Triage owner 11: CephFS/MDS owned path; inspect endpoint hunk before binary impact verdict.";"Git rename heuristic with 0/0 content change; verify logical move.";;;
639;v16.2.15;v17.2.7;qa/suites/fs/upgrade/upgraded_client/overrides/.qa;qa/cephfs/mount/kclient/overrides/distro/testing/flavor/.qa;R;R100;0;0;FALSE;120000;120000;a602a0353e7510e9ac07370ceaed121e2e528fa2;a602a0353e7510e9ac07370ceaed121e2e528fa2;11;11-cephfs-mds;P2;test/QA;support;"Triage owner 11: CephFS/MDS owned path; inspect endpoint hunk before binary impact verdict.";"Git rename heuristic with 0/0 content change; verify logical move.";;;
640;v16.2.15;v17.2.7;qa/suites/fs/upgrade/upgraded_client/overrides/ignorelist_health.yaml;qa/suites/fs/upgrade/volumes/import-legacy/overrides/ignorelist_health.yaml;R;R100;0;0;FALSE;120000;120000;5cb891a95c3c84f2fcf67c2b0e5e678593400537;5cb891a95c3c84f2fcf67c2b0e5e678593400537;11;11-cephfs-mds;P2;test/QA;support;"Triage owner 11: CephFS/MDS owned path; inspect endpoint hunk before binary impact verdict.";"Git rename heuristic with 0/0 content change; verify logical move.";;;
641;v16.2.15;v17.2.7;qa/suites/fs/upgrade/upgraded_client/overrides/ignorelist_wrongly_marked_down.yaml;qa/suites/fs/upgrade/upgraded_client/from_nautilus/overrides/ignorelist_wrongly_marked_down.yaml;R;R100;0;0;FALSE;120000;120000;f317cb714ca2801799ef0daff43abd435caa47f3;f317cb714ca2801799ef0daff43abd435caa47f3;11;11-cephfs-mds;P2;test/QA;support;"Triage owner 11: CephFS/MDS owned path; inspect endpoint hunk before binary impact verdict.";"Git rename heuristic with 0/0 content change; verify logical move.";;;
642;v16.2.15;v17.2.7;qa/suites/fs/upgrade/upgraded_client/overrides/pg-warn.yaml;qa/suites/fs/upgrade/upgraded_client/from_nautilus/overrides/pg-warn.yaml;R;R100;0;0;FALSE;100644;100644;4ae54a40d3195ab57baa1e23d53c49ba34d750dc;4ae54a40d3195ab57baa1e23d53c49ba34d750dc;11;11-cephfs-mds;P2;test/QA;support;"Triage owner 11: CephFS/MDS owned path; inspect endpoint hunk before binary impact verdict.";"Git rename heuristic with 0/0 content change; verify logical move.";;;
643;v16.2.15;v17.2.7;qa/suites/fs/upgrade/upgraded_client/tasks/%;qa/suites/fs/upgrade/upgraded_client/from_nautilus/tasks/%;R;R100;0;0;FALSE;100644;100644;e69de29bb2d1d6434b8b29ae775ad8c2e48c5391;e69de29bb2d1d6434b8b29ae775ad8c2e48c5391;11;11-cephfs-mds;P2;test/QA;support;"Triage owner 11: CephFS/MDS owned path; inspect endpoint hunk before binary impact verdict.";"Git rename heuristic with 0/0 content change; verify logical move.";;;
644;v16.2.15;v17.2.7;qa/suites/fs/upgrade/upgraded_client/tasks/.qa;qa/suites/big/rados-thrash/thrashers/.qa;R;R100;0;0;FALSE;120000;120000;a602a0353e7510e9ac07370ceaed121e2e528fa2;a602a0353e7510e9ac07370ceaed121e2e528fa2;11;11-cephfs-mds;P2;test/QA;support;"Triage owner 11: CephFS/MDS owned path; inspect endpoint hunk before binary impact verdict.";"Git rename heuristic with 0/0 content change; verify logical move.";;;
645;v16.2.15;v17.2.7;qa/suites/fs/upgrade/upgraded_client/tasks/0-from/nautilus.yaml;qa/suites/fs/upgrade/upgraded_client/from_nautilus/tasks/0-nautilus.yaml;R;R082;9;0;FALSE;100644;100644;2b6d3753e52a1c5a38db49884d618c5c0f9b099b;02f541eaf30f3e42ef18dd8a69c86270c9fa202a;11;11-cephfs-mds;P2;test/QA;support;"Triage owner 11: CephFS/MDS owned path; inspect endpoint hunk before binary impact verdict.";;;;
646;v16.2.15;v17.2.7;qa/suites/fs/upgrade/upgraded_client/tasks/0-from/pacific.yaml;qa/suites/fs/upgrade/volumes/import-legacy/tasks/0-nautilus.yaml;R;R060;20;12;FALSE;100644;100644;54898030975e3c440ddb6516c1c97b13ad04c3af;defb0392259a7e62f921f5959fe2485bf0bd53c2;11;11-cephfs-mds;P2;test/QA;support;"Triage owner 11: CephFS/MDS owned path; inspect endpoint hunk before binary impact verdict.";;;;
647;v16.2.15;v17.2.7;qa/suites/fs/upgrade/upgraded_client/tasks/1-mount/.qa;qa/suites/fs/upgrade/upgraded_client/from_nautilus/.qa;R;R100;0;0;FALSE;120000;120000;a602a0353e7510e9ac07370ceaed121e2e528fa2;a602a0353e7510e9ac07370ceaed121e2e528fa2;11;11-cephfs-mds;P2;test/QA;support;"Triage owner 11: CephFS/MDS owned path; inspect endpoint hunk before binary impact verdict.";"Git rename heuristic with 0/0 content change; verify logical move.";;;
648;v16.2.15;v17.2.7;qa/suites/fs/upgrade/upgraded_client/tasks/1-mount/mount;;A;A;1;0;FALSE;000000;120000;0000000000000000000000000000000000000000;e3600f453f2f3905486f791eedee9c8881cb3578;11;11-cephfs-mds;P2;test/QA;support;"Triage owner 11: CephFS/MDS owned path; inspect endpoint hunk before binary impact verdict.";;;;
649;v16.2.15;v17.2.7;qa/suites/fs/upgrade/upgraded_client/tasks/2-workload/.qa;qa/suites/fs/upgrade/upgraded_client/from_nautilus/overrides/.qa;R;R100;0;0;FALSE;120000;120000;a602a0353e7510e9ac07370ceaed121e2e528fa2;a602a0353e7510e9ac07370ceaed121e2e528fa2;11;11-cephfs-mds;P2;test/QA;support;"Triage owner 11: CephFS/MDS owned path; inspect endpoint hunk before binary impact verdict.";"Git rename heuristic with 0/0 content change; verify logical move.";;;
650;v16.2.15;v17.2.7;qa/suites/fs/upgrade/upgraded_client/tasks/2-workload/new_ops/%;qa/suites/fs/upgrade/volumes/import-legacy/%;R;R100;0;0;FALSE;100644;100644;e69de29bb2d1d6434b8b29ae775ad8c2e48c5391;e69de29bb2d1d6434b8b29ae775ad8c2e48c5391;11;11-cephfs-mds;P2;test/QA;support;"Triage owner 11: CephFS/MDS owned path; inspect endpoint hunk before binary impact verdict.";"Git rename heuristic with 0/0 content change; verify logical move.";;;
651;v16.2.15;v17.2.7;qa/suites/fs/upgrade/upgraded_client/tasks/2-workload/new_ops/0-clients/fuse-upgrade.yaml;qa/suites/fs/upgrade/upgraded_client/from_nautilus/tasks/1-client-upgrade.yaml;R;R050;7;0;FALSE;100644;100644;99b99e642aaae87d3256c05d7c75411910ec4111;34c85a00eb5f09bba5926986108fb06819bdf555;11;11-cephfs-mds;P2;test/QA;support;"Triage owner 11: CephFS/MDS owned path; inspect endpoint hunk before binary impact verdict.";;;;
652;v16.2.15;v17.2.7;qa/suites/fs/upgrade/upgraded_client/tasks/2-workload/new_ops/0-clients/kclient.yaml;;A;A;8;0;FALSE;000000;100644;0000000000000000000000000000000000000000;ecc705600ee98c76706f8b9bca8e317287374ef8;11;11-cephfs-mds;P2;test/QA;support;"Triage owner 11: CephFS/MDS owned path; inspect endpoint hunk before binary impact verdict.";;;;
653;v16.2.15;v17.2.7;qa/suites/fs/upgrade/upgraded_client/tasks/2-workload/new_ops/1-client-sanity.yaml;qa/suites/fs/upgrade/upgraded_client/from_nautilus/tasks/2-client-sanity.yaml;R;R100;0;0;FALSE;100644;100644;9508cce65affab9326fd8e321fe78bdab6b6ccb5;9508cce65affab9326fd8e321fe78bdab6b6ccb5;11;11-cephfs-mds;P2;test/QA;support;"Triage owner 11: CephFS/MDS owned path; inspect endpoint hunk before binary impact verdict.";"Git rename heuristic with 0/0 content change; verify logical move.";;;
654;v16.2.15;v17.2.7;qa/suites/fs/upgrade/upgraded_client/tasks/2-workload/stress_tests/%;qa/suites/fs/upgrade/volumes/import-legacy/tasks/%;R;R100;0;0;FALSE;100644;100644;e69de29bb2d1d6434b8b29ae775ad8c2e48c5391;e69de29bb2d1d6434b8b29ae775ad8c2e48c5391;11;11-cephfs-mds;P2;test/QA;support;"Triage owner 11: CephFS/MDS owned path; inspect endpoint hunk before binary impact verdict.";"Git rename heuristic with 0/0 content change; verify logical move.";;;
655;v16.2.15;v17.2.7;qa/suites/fs/upgrade/upgraded_client/tasks/2-workload/stress_tests/.qa;qa/suites/fs/upgrade/upgraded_client/from_nautilus/tasks/.qa;R;R100;0;0;FALSE;120000;120000;a602a0353e7510e9ac07370ceaed121e2e528fa2;a602a0353e7510e9ac07370ceaed121e2e528fa2;11;11-cephfs-mds;P2;test/QA;support;"Triage owner 11: CephFS/MDS owned path; inspect endpoint hunk before binary impact verdict.";"Git rename heuristic with 0/0 content change; verify logical move.";;;
656;v16.2.15;v17.2.7;qa/suites/fs/upgrade/upgraded_client/tasks/2-workload/stress_tests/0-client-upgrade.yaml;;A;A;14;0;FALSE;000000;100644;0000000000000000000000000000000000000000;2d948af195989af5ee364b7c4e290353a65813ab;11;11-cephfs-mds;P2;test/QA;support;"Triage owner 11: CephFS/MDS owned path; inspect endpoint hunk before binary impact verdict.";;;;
657;v16.2.15;v17.2.7;qa/suites/fs/upgrade/upgraded_client/tasks/2-workload/stress_tests/1-tests/.qa;qa/suites/fs/upgrade/volumes/.qa;R;R100;0;0;FALSE;120000;120000;a602a0353e7510e9ac07370ceaed121e2e528fa2;a602a0353e7510e9ac07370ceaed121e2e528fa2;11;11-cephfs-mds;P2;test/QA;support;"Triage owner 11: CephFS/MDS owned path; inspect endpoint hunk before binary impact verdict.";"Git rename heuristic with 0/0 content change; verify logical move.";;;
658;v16.2.15;v17.2.7;qa/suites/fs/upgrade/upgraded_client/tasks/2-workload/stress_tests/1-tests/blogbench.yaml;;A;A;1;0;FALSE;000000;120000;0000000000000000000000000000000000000000;37df46f515c3c98c62fb543c0ba1abd26e20828f;11;11-cephfs-mds;P2;test/QA;support;"Triage owner 11: CephFS/MDS owned path; inspect endpoint hunk before binary impact verdict.";;;;
659;v16.2.15;v17.2.7;qa/suites/fs/upgrade/upgraded_client/tasks/2-workload/stress_tests/1-tests/dbench.yaml;;A;A;1;0;FALSE;000000;120000;0000000000000000000000000000000000000000;6bab38295381821249759383b245b4dadd77987b;11;11-cephfs-mds;P2;test/QA;support;"Triage owner 11: CephFS/MDS owned path; inspect endpoint hunk before binary impact verdict.";;;;
660;v16.2.15;v17.2.7;qa/suites/fs/upgrade/upgraded_client/tasks/2-workload/stress_tests/1-tests/fsstress.yaml;;A;A;1;0;FALSE;000000;120000;0000000000000000000000000000000000000000;9ef225fd4c221af1f9f4f33ed43b89d9cc00bd10;11;11-cephfs-mds;P2;test/QA;support;"Triage owner 11: CephFS/MDS owned path; inspect endpoint hunk before binary impact verdict.";;;;
661;v16.2.15;v17.2.7;qa/suites/fs/upgrade/upgraded_client/tasks/2-workload/stress_tests/1-tests/iozone.yaml;;A;A;1;0;FALSE;000000;120000;0000000000000000000000000000000000000000;da59cd4fb4032263dfe5670a0bed2207e681b177;11;11-cephfs-mds;P2;test/QA;support;"Triage owner 11: CephFS/MDS owned path; inspect endpoint hunk before binary impact verdict.";;;;
662;v16.2.15;v17.2.7;qa/suites/fs/upgrade/volumes/import-legacy/bluestore-bitmap.yaml;;D;D;0;1;FALSE;120000;000000;17ad98e799ee56f2ff5c6a3bc18202a12ff61a61;0000000000000000000000000000000000000000;11;11-cephfs-mds;P2;test/QA;support;"Triage owner 11: CephFS/MDS owned path; inspect endpoint hunk before binary impact verdict.";;;;
663;v16.2.15;v17.2.7;qa/suites/fs/upgrade/volumes/import-legacy/clusters/1-mds-2-client-micro.yaml;;D;D;0;7;FALSE;100644;000000;9b443f7d2bf0db1445f816e77e6f2fcf812ac1eb;0000000000000000000000000000000000000000;11;11-cephfs-mds;P2;test/QA;support;"Triage owner 11: CephFS/MDS owned path; inspect endpoint hunk before binary impact verdict.";;;;
664;v16.2.15;v17.2.7;qa/suites/fs/upgrade/volumes/import-legacy/conf;;D;D;0;1;FALSE;120000;000000;6d47129847fad8b2d2ed8ecb208215a17d76d554;0000000000000000000000000000000000000000;11;11-cephfs-mds;P2;test/QA;support;"Triage owner 11: CephFS/MDS owned path; inspect endpoint hunk before binary impact verdict.";;;;
665;v16.2.15;v17.2.7;qa/suites/fs/upgrade/volumes/import-legacy/overrides/ignorelist_wrongly_marked_down.yaml;;D;D;0;1;FALSE;120000;000000;f317cb714ca2801799ef0daff43abd435caa47f3;0000000000000000000000000000000000000000;11;11-cephfs-mds;P2;test/QA;support;"Triage owner 11: CephFS/MDS owned path; inspect endpoint hunk before binary impact verdict.";;;;
666;v16.2.15;v17.2.7;qa/suites/fs/upgrade/volumes/import-legacy/tasks/1-client.yaml;;D;D;0;33;FALSE;100644;000000;82731071f1d136e548d4c0dd6debacc8fac590da;0000000000000000000000000000000000000000;11;11-cephfs-mds;P2;test/QA;support;"Triage owner 11: CephFS/MDS owned path; inspect endpoint hunk before binary impact verdict.";;;;
667;v16.2.15;v17.2.7;qa/suites/fs/upgrade/volumes/import-legacy/tasks/2-upgrade.yaml;;D;D;0;47;FALSE;100644;000000;053a4e2365cd0605a4440f9c23e7b833487ec8ca;0000000000000000000000000000000000000000;11;11-cephfs-mds;P2;test/QA;support;"Triage owner 11: CephFS/MDS owned path; inspect endpoint hunk before binary impact verdict.";;;;
668;v16.2.15;v17.2.7;qa/suites/fs/upgrade/volumes/import-legacy/tasks/3-verify.yaml;;D;D;0;25;FALSE;100644;000000;a9b184b54e398307734eadb1ea893a8e38d15df6;0000000000000000000000000000000000000000;11;11-cephfs-mds;P2;test/QA;support;"Triage owner 11: CephFS/MDS owned path; inspect endpoint hunk before binary impact verdict.";;;;
669;v16.2.15;v17.2.7;qa/suites/fs/upgrade/volumes/import-legacy/ubuntu_18.04.yaml;;D;D;0;1;FALSE;120000;000000;cfb85f10ef598cbb7e18628705c9bb8921775626;0000000000000000000000000000000000000000;11;11-cephfs-mds;P2;test/QA;support;"Triage owner 11: CephFS/MDS owned path; inspect endpoint hunk before binary impact verdict.";;;;
670;v16.2.15;v17.2.7;qa/suites/fs/valgrind/begin;;A;A;1;0;FALSE;000000;120000;0000000000000000000000000000000000000000;77af91f7d26608af80b2a7afdd38c067525744bd;11;11-cephfs-mds;P2;test/QA;support;"Triage owner 11: CephFS/MDS owned path; inspect endpoint hunk before binary impact verdict.";;;;
671;v16.2.15;v17.2.7;qa/suites/fs/valgrind/begin.yaml;;D;D;0;1;FALSE;120000;000000;311d404f7c2760adc7ba00a5277164bdba1299f9;0000000000000000000000000000000000000000;11;11-cephfs-mds;P2;test/QA;support;"Triage owner 11: CephFS/MDS owned path; inspect endpoint hunk before binary impact verdict.";;;;
672;v16.2.15;v17.2.7;qa/suites/fs/valgrind/mirror/overrides/ignorelist_health.yaml;;A;A;1;0;FALSE;000000;120000;0000000000000000000000000000000000000000;4cb7d981d9d490b5726aa3bee089a5066e119866;11;11-cephfs-mds;P2;test/QA;support;"Triage owner 11: CephFS/MDS owned path; inspect endpoint hunk before binary impact verdict.";;;;
673;v16.2.15;v17.2.7;qa/suites/fs/valgrind/mirror/overrides/whitelist_health.yaml;;D;D;0;14;FALSE;100644;000000;d40fa4cb82ce7412d0250502e664b5c0fe6fb007;0000000000000000000000000000000000000000;11;11-cephfs-mds;P2;test/QA;support;"Triage owner 11: CephFS/MDS owned path; inspect endpoint hunk before binary impact verdict.";;;;
674;v16.2.15;v17.2.7;qa/suites/fs/verify/begin;;A;A;1;0;FALSE;000000;120000;0000000000000000000000000000000000000000;77af91f7d26608af80b2a7afdd38c067525744bd;11;11-cephfs-mds;P2;test/QA;support;"Triage owner 11: CephFS/MDS owned path; inspect endpoint hunk before binary impact verdict.";;;;
675;v16.2.15;v17.2.7;qa/suites/fs/verify/begin.yaml;;D;D;0;1;FALSE;120000;000000;311d404f7c2760adc7ba00a5277164bdba1299f9;0000000000000000000000000000000000000000;11;11-cephfs-mds;P2;test/QA;support;"Triage owner 11: CephFS/MDS owned path; inspect endpoint hunk before binary impact verdict.";;;;
676;v16.2.15;v17.2.7;qa/suites/fs/volumes/begin;;A;A;1;0;FALSE;000000;120000;0000000000000000000000000000000000000000;77af91f7d26608af80b2a7afdd38c067525744bd;11;11-cephfs-mds;P2;test/QA;support;"Triage owner 11: CephFS/MDS owned path; inspect endpoint hunk before binary impact verdict.";;;;
677;v16.2.15;v17.2.7;qa/suites/fs/volumes/begin.yaml;;D;D;0;1;FALSE;120000;000000;311d404f7c2760adc7ba00a5277164bdba1299f9;0000000000000000000000000000000000000000;11;11-cephfs-mds;P2;test/QA;support;"Triage owner 11: CephFS/MDS owned path; inspect endpoint hunk before binary impact verdict.";;;;
678;v16.2.15;v17.2.7;qa/suites/fs/volumes/tasks/volume-client.yaml;;D;D;0;9;FALSE;100644;000000;04ee276572cd8ebe503a9955a6b5bdddf21d1b90;0000000000000000000000000000000000000000;11;11-cephfs-mds;P2;test/QA;support;"Triage owner 11: CephFS/MDS owned path; inspect endpoint hunk before binary impact verdict.";;;;
679;v16.2.15;v17.2.7;qa/suites/fs/volumes/tasks/volumes/test/basic.yaml;;M;M;0;1;FALSE;100644;100644;b4c65cfc58ffb3a2564af572c49f86a737630794;3e54df2a9bb8d499f02cc2be4471f3609aca854b;11;11-cephfs-mds;P2;test/QA;support;"Triage owner 11: CephFS/MDS owned path; inspect endpoint hunk before binary impact verdict.";;;;
680;v16.2.15;v17.2.7;qa/suites/fs/workload/0-rhel_8.yaml;;A;A;1;0;FALSE;000000;120000;0000000000000000000000000000000000000000;b4b0a7892ce10f726d060826d98daea7066946a2;11;11-cephfs-mds;P2;test/QA;support;"Triage owner 11: CephFS/MDS owned path; inspect endpoint hunk before binary impact verdict.";;;;
681;v16.2.15;v17.2.7;qa/suites/fs/workload/begin.yaml;;D;D;0;1;FALSE;120000;000000;311d404f7c2760adc7ba00a5277164bdba1299f9;0000000000000000000000000000000000000000;11;11-cephfs-mds;P2;test/QA;support;"Triage owner 11: CephFS/MDS owned path; inspect endpoint hunk before binary impact verdict.";;;;
682;v16.2.15;v17.2.7;qa/suites/fs/workload/begin/+;qa/suites/rados/dashboard/clusters/+;R;R100;0;0;FALSE;100644;100644;e69de29bb2d1d6434b8b29ae775ad8c2e48c5391;e69de29bb2d1d6434b8b29ae775ad8c2e48c5391;11;11-cephfs-mds;P2;test/QA;support;"Triage owner 11: CephFS/MDS owned path; inspect endpoint hunk before binary impact verdict.";"Git rename heuristic with 0/0 content change; verify logical move.";;;
683;v16.2.15;v17.2.7;qa/suites/fs/workload/begin/.qa;qa/suites/orch/cephadm/mgr-nfs-upgrade/0-distro/.qa;R;R100;0;0;FALSE;120000;120000;fea2489fdf6d9c5d189a12524b23f3f8daedd85a;fea2489fdf6d9c5d189a12524b23f3f8daedd85a;11;11-cephfs-mds;P2;test/QA;support;"Triage owner 11: CephFS/MDS owned path; inspect endpoint hunk before binary impact verdict.";"Git rename heuristic with 0/0 content change; verify logical move.";;;
684;v16.2.15;v17.2.7;qa/suites/fs/workload/begin/0-install.yaml;;A;A;1;0;FALSE;000000;120000;0000000000000000000000000000000000000000;3b18529732df12c8d87fd498a014982a6ad7b7b7;11;11-cephfs-mds;P2;test/QA;support;"Triage owner 11: CephFS/MDS owned path; inspect endpoint hunk before binary impact verdict.";;;;
685;v16.2.15;v17.2.7;qa/suites/fs/workload/begin/1-cephadm.yaml;;A;A;21;0;FALSE;000000;100644;0000000000000000000000000000000000000000;a58ea5725f52e1e9f003cf208dad1da48efc0d31;11;11-cephfs-mds;P2;test/QA;support;"Triage owner 11: CephFS/MDS owned path; inspect endpoint hunk before binary impact verdict.";;;;
686;v16.2.15;v17.2.7;qa/suites/fs/workload/begin/2-logrotate.yaml;;A;A;1;0;FALSE;000000;120000;0000000000000000000000000000000000000000;9d6e7ba8335b918f59f63565b772d9566390f194;11;11-cephfs-mds;P2;test/QA;support;"Triage owner 11: CephFS/MDS owned path; inspect endpoint hunk before binary impact verdict.";;;;
687;v16.2.15;v17.2.7;qa/suites/fs/workload/subvolume/with-namespace-isolated-and-quota.yaml;;D;D;0;11;FALSE;100644;000000;7129e54b57a6b3873a0917cc69702efa70f6b3a8;0000000000000000000000000000000000000000;11;11-cephfs-mds;P2;test/QA;support;"Triage owner 11: CephFS/MDS owned path; inspect endpoint hunk before binary impact verdict.";;;;
688;v16.2.15;v17.2.7;qa/suites/fs/workload/subvolume/with-namespace-isolated.yaml;;D;D;0;11;FALSE;100644;000000;2ac901fefd11a1e0087fb6cca3167828249a4dc4;0000000000000000000000000000000000000000;11;11-cephfs-mds;P2;test/QA;support;"Triage owner 11: CephFS/MDS owned path; inspect endpoint hunk before binary impact verdict.";;;;
689;v16.2.15;v17.2.7;qa/suites/fs/workload/subvolume/with-no-extra-options.yaml;;D;D;0;10;FALSE;100644;000000;40f98c2bc57766760d0d6cebebcb7961f4ca3440;0000000000000000000000000000000000000000;11;11-cephfs-mds;P2;test/QA;support;"Triage owner 11: CephFS/MDS owned path; inspect endpoint hunk before binary impact verdict.";;;;
690;v16.2.15;v17.2.7;qa/suites/fs/workload/subvolume/with-quota.yaml;;D;D;0;11;FALSE;100644;000000;6cda00d4a232d1cf03a4a84609f2af357a0134e5;0000000000000000000000000000000000000000;11;11-cephfs-mds;P2;test/QA;support;"Triage owner 11: CephFS/MDS owned path; inspect endpoint hunk before binary impact verdict.";;;;
1352;v16.2.15;v17.2.7;qa/tasks/cephfs/caps_helper.py;;M;M;1;1;FALSE;100644;100644;39b5963befa6abb6dd2e5e4aff19b6fe174f3a43;f3bc14b074205e0dbbb7be2fb63e40d57fd32627;11;11-cephfs-mds;P2;test/QA;support;"Triage owner 11: CephFS/MDS owned path; inspect endpoint hunk before binary impact verdict.";;;;
1353;v16.2.15;v17.2.7;qa/tasks/cephfs/cephfs_test_case.py;;M;M;2;11;FALSE;100644;100644;e15658c7d378263633d9209fddd588ffe1adb680;129b84790e90371de84af87d11836e87f8a2c11e;11;11-cephfs-mds;P2;test/QA;support;"Triage owner 11: CephFS/MDS owned path; inspect endpoint hunk before binary impact verdict.";;;;
1354;v16.2.15;v17.2.7;qa/tasks/cephfs/filesystem.py;;M;M;7;65;FALSE;100644;100644;b2f762d39c1806315f91116f4b7f8e5fe8ff89fc;269a818a41cd2c3fea78939784d89cee944bae71;11;11-cephfs-mds;P2;test/QA;support;"Triage owner 11: CephFS/MDS owned path; inspect endpoint hunk before binary impact verdict.";;;;
1355;v16.2.15;v17.2.7;qa/tasks/cephfs/fuse_mount.py;;M;M;113;96;FALSE;100644;100644;e87f6ad9eb5f49a7b8eff66c3f0c38d080df1747;6c82379e26ed885f0d7ca63d21ac9a674ed05190;11;11-cephfs-mds;P2;test/QA;support;"Triage owner 11: CephFS/MDS owned path; inspect endpoint hunk before binary impact verdict.";;;;
1356;v16.2.15;v17.2.7;qa/tasks/cephfs/kernel_mount.py;;M;M;103;49;FALSE;100644;100644;37c0f62109883ba3c226147bc81f6e9af1884464;f20fcc3cda1c4404c37f6485081b7d6b2ce18516;11;11-cephfs-mds;P2;test/QA;support;"Triage owner 11: CephFS/MDS owned path; inspect endpoint hunk before binary impact verdict.";;;;
1357;v16.2.15;v17.2.7;qa/tasks/cephfs/mount.py;;M;M;43;19;FALSE;100644;100644;0f18702f984e19884c29d3b774c877004f4d4656;a1572101d955e00cf8de9a4da4d61d5677f046aa;11;11-cephfs-mds;P2;test/QA;support;"Triage owner 11: CephFS/MDS owned path; inspect endpoint hunk before binary impact verdict.";;;;
1358;v16.2.15;v17.2.7;qa/tasks/cephfs/test_acls.py;;M;M;2;2;FALSE;100644;100644;4f704c0767acdb4a196911793852916ebd743e3c;9b618f91112d5329eff78364ebf8a25e012f4da5;11;11-cephfs-mds;P2;test/QA;support;"Triage owner 11: CephFS/MDS owned path; inspect endpoint hunk before binary impact verdict.";;;;
1359;v16.2.15;v17.2.7;qa/tasks/cephfs/test_admin.py;;M;M;236;49;FALSE;100644;100644;bbf069066e335d16ec71a371da91a21f774d295d;ff6cd761e3ca6cac980f4bb8cb1c5e8004bcae7e;11;11-cephfs-mds;P2;test/QA;support;"Triage owner 11: CephFS/MDS owned path; inspect endpoint hunk before binary impact verdict.";;;;
1360;v16.2.15;v17.2.7;qa/tasks/cephfs/test_auto_repair.py;;M;M;1;1;FALSE;100644;100644;00c86b68bf60d3c686d6db0b7e748f08e4a287d8;e6f0a8f0bd4cb5d0d5dbdbc7f2796c4a5d2a8d86;11;11-cephfs-mds;P2;test/QA;support;"Triage owner 11: CephFS/MDS owned path; inspect endpoint hunk before binary impact verdict.";;;;
1361;v16.2.15;v17.2.7;qa/tasks/cephfs/test_backtrace.py;;M;M;26;2;FALSE;100644;100644;af246a1e347e0698f0febb884653639d3d6bdf7c;6b094569b7b17c483ea7b5ad6d1aa58d1c7856f9;11;11-cephfs-mds;P2;test/QA;support;"Triage owner 11: CephFS/MDS owned path; inspect endpoint hunk before binary impact verdict.";;;;
1362;v16.2.15;v17.2.7;qa/tasks/cephfs/test_cephfs_shell.py;;M;M;3;5;FALSE;100644;100644;477d0ae09da3dc82119555746431a8407f3e5b4b;81cd2a9ad461136f73ef68274395edc0b86bedfa;11;11-cephfs-mds;P2;test/QA;support;"Triage owner 11: CephFS/MDS owned path; inspect endpoint hunk before binary impact verdict.";;;;
1363;v16.2.15;v17.2.7;qa/tasks/cephfs/test_client_limits.py;;M;M;0;1;FALSE;100644;100644;74cb176788d7aa461c0e007e9f1976a10a85425e;b76ce492290865906f7b9e5491af647bfcda8993;11;11-cephfs-mds;P2;test/QA;support;"Triage owner 11: CephFS/MDS owned path; inspect endpoint hunk before binary impact verdict.";;;;
1364;v16.2.15;v17.2.7;qa/tasks/cephfs/test_client_recovery.py;;M;M;32;121;FALSE;100644;100644;082e7fa84d2b8bddc875dd7404584943c0a67338;e4399cbc1f61bfa05d1994162725bb56c3c998ed;11;11-cephfs-mds;P2;test/QA;support;"Triage owner 11: CephFS/MDS owned path; inspect endpoint hunk before binary impact verdict.";;;;
1365;v16.2.15;v17.2.7;qa/tasks/cephfs/test_data_scan.py;;M;M;38;1;FALSE;100644;100644;ee8de4c134700c1afe4c34ffa7effc9b24e60128;c001d3bc9e14e3ead6e830f52e1ac0cadeff802d;11;11-cephfs-mds;P2;test/QA;support;"Triage owner 11: CephFS/MDS owned path; inspect endpoint hunk before binary impact verdict.";;;;
1366;v16.2.15;v17.2.7;qa/tasks/cephfs/test_exports.py;;M;M;1;1;FALSE;100644;100644;b72cc6394c6e8c7da0aa100d6fbd3ba375ac6bc8;4b7e884ec33fc3cc9c7a380edcce99b7d9b9776e;11;11-cephfs-mds;P2;test/QA;support;"Triage owner 11: CephFS/MDS owned path; inspect endpoint hunk before binary impact verdict.";;;;
1367;v16.2.15;v17.2.7;qa/tasks/cephfs/test_failover.py;;M;M;6;25;FALSE;100644;100644;2ea58ab3affaf5917c797d2e23f069414334194e;af3b822cb8dc1d0eb04cd8bffe88b7a682fba9b9;11;11-cephfs-mds;P2;test/QA;support;"Triage owner 11: CephFS/MDS owned path; inspect endpoint hunk before binary impact verdict.";;;;
1368;v16.2.15;v17.2.7;qa/tasks/cephfs/test_forward_scrub.py;;M;M;1;1;FALSE;100644;100644;29496dc50ac30718fdc1c9c609ca4ef90e7089f1;f3cec881baab2aaa1f7aed6a820164238e855f15;11;11-cephfs-mds;P2;test/QA;support;"Triage owner 11: CephFS/MDS owned path; inspect endpoint hunk before binary impact verdict.";;;;
1369;v16.2.15;v17.2.7;qa/tasks/cephfs/test_full.py;;M;M;1;1;FALSE;100644;100644;8282b4e0c6663050605bf99d6a7b501c465ddd14;2b3a7d5f95c748360489da4b09d877a70cf57d64;11;11-cephfs-mds;P2;test/QA;support;"Triage owner 11: CephFS/MDS owned path; inspect endpoint hunk before binary impact verdict.";;;;
1370;v16.2.15;v17.2.7;qa/tasks/cephfs/test_journal_repair.py;;M;M;16;39;FALSE;100644;100644;b810e1a28eff814a4399cdc9085067f90c08c232;c5769784d51d899927cbe56732aa3e90da228572;11;11-cephfs-mds;P2;test/QA;support;"Triage owner 11: CephFS/MDS owned path; inspect endpoint hunk before binary impact verdict.";;;;
1371;v16.2.15;v17.2.7;qa/tasks/cephfs/test_mds_metrics.py;;M;M;1;1;FALSE;100644;100644;0a4b54a5f20d2c6a159923e6d981df1e60c7c231;ad877f62280a7e3781fa91d366b5a31e9748789b;11;11-cephfs-mds;P2;test/QA;support;"Triage owner 11: CephFS/MDS owned path; inspect endpoint hunk before binary impact verdict.";;;;
1372;v16.2.15;v17.2.7;qa/tasks/cephfs/test_misc.py;;M;M;59;1;FALSE;100644;100644;c8b6741c44014dba579c3c64b5966ea5d692ac03;da137e16f305bafc1101a534a1a0d073cbd32102;11;11-cephfs-mds;P2;test/QA;support;"Triage owner 11: CephFS/MDS owned path; inspect endpoint hunk before binary impact verdict.";;;;
1373;v16.2.15;v17.2.7;qa/tasks/cephfs/test_multifs_auth.py;;M;M;4;9;FALSE;100644;100644;b247dd8f51bc139bc2605044d2ff752c91361b3b;6768d57cfc0afc0f7def2fbcd531fb8d24e7c61a;11;11-cephfs-mds;P2;test/QA;support;"Triage owner 11: CephFS/MDS owned path; inspect endpoint hunk before binary impact verdict.";;;;
1374;v16.2.15;v17.2.7;qa/tasks/cephfs/test_multimds_misc.py;;M;M;1;1;FALSE;100644;100644;3c464e91d0a28a69210f205ab98194b7c198f49e;2bb6257c7eb8ab06a948268e2bec345a9c9f3c5a;11;11-cephfs-mds;P2;test/QA;support;"Triage owner 11: CephFS/MDS owned path; inspect endpoint hunk before binary impact verdict.";;;;
1375;v16.2.15;v17.2.7;qa/tasks/cephfs/test_newops.py;;M;M;0;7;FALSE;100644;100644;4c34dabdd10351bc86d2033ac8f19c5569a9e479;0071cb5d371307e61514e9e84ed2e6ae39dcca1f;11;11-cephfs-mds;P2;test/QA;support;"Triage owner 11: CephFS/MDS owned path; inspect endpoint hunk before binary impact verdict.";;;;
1376;v16.2.15;v17.2.7;qa/tasks/cephfs/test_nfs.py;;M;M;18;4;FALSE;100644;100644;61dce16f8dd9ed8f88b75f3fc62bdef61cc99f83;cebe2872de0b29cd43601b97717d5343d0c0e132;11;11-cephfs-mds;P2;test/QA;support;"Triage owner 11: CephFS/MDS owned path; inspect endpoint hunk before binary impact verdict.";;;;
1377;v16.2.15;v17.2.7;qa/tasks/cephfs/test_recovery_pool.py;;M;M;1;1;FALSE;100644;100644;be7b63c35c9fb2fb554a1dd700f9ab632dba915b;8c4e1967d359662c85a93dba519e80a720d3733e;11;11-cephfs-mds;P2;test/QA;support;"Triage owner 11: CephFS/MDS owned path; inspect endpoint hunk before binary impact verdict.";;;;
1378;v16.2.15;v17.2.7;qa/tasks/cephfs/test_snap_schedules.py;;M;M;9;1;FALSE;100644;100644;41438ef865ca9ce067b0899beb6edcf1390c7822;ce5351a3072a0246aace893e01a0eeeb9d83013c;11;11-cephfs-mds;P2;test/QA;support;"Triage owner 11: CephFS/MDS owned path; inspect endpoint hunk before binary impact verdict.";;;;
1379;v16.2.15;v17.2.7;qa/tasks/cephfs/test_snapshots.py;;M;M;2;1;FALSE;100644;100644;30ac4485df07e83be84d39654be6674e5b4a98a9;608dcc81f1505927b1697a843ca5700dd55b6a8b;11;11-cephfs-mds;P2;test/QA;support;"Triage owner 11: CephFS/MDS owned path; inspect endpoint hunk before binary impact verdict.";;;;
1380;v16.2.15;v17.2.7;qa/tasks/cephfs/test_strays.py;;M;M;2;1;FALSE;100644;100644;9dd71c7bf6e3141f8ebf4c36697dcaad782a2ba2;8bdc126e2b647c2d7bcf6451bcf78713cc365fa6;11;11-cephfs-mds;P2;test/QA;support;"Triage owner 11: CephFS/MDS owned path; inspect endpoint hunk before binary impact verdict.";;;;
1381;v16.2.15;v17.2.7;qa/tasks/cephfs/test_subvolume.py;;D;D;0;170;FALSE;100644;000000;1ebb137dda93e52d92e3a2c8f24f254d03d7fd90;0000000000000000000000000000000000000000;11;11-cephfs-mds;P2;test/QA;support;"Triage owner 11: CephFS/MDS owned path; inspect endpoint hunk before binary impact verdict.";;;;
1382;v16.2.15;v17.2.7;qa/tasks/cephfs/test_volume_client.py;;D;D;0;1735;FALSE;100644;000000;d1b2e760c4e453aabb3c48fc522c262110911033;0000000000000000000000000000000000000000;11;11-cephfs-mds;P2;test/QA;support;"Triage owner 11: CephFS/MDS owned path; inspect endpoint hunk before binary impact verdict.";;;;
1383;v16.2.15;v17.2.7;qa/tasks/cephfs/test_volumes.py;;M;M;86;5;FALSE;100644;100644;50cbdef3f83bef6d683f79cb9121268b326c9d60;ecbba75c979fb6b80d4c18df6b58398783bbcab2;11;11-cephfs-mds;P2;test/QA;support;"Triage owner 11: CephFS/MDS owned path; inspect endpoint hunk before binary impact verdict.";;;;
1384;v16.2.15;v17.2.7;qa/tasks/cephfs/xfstests_dev.py;;M;M;6;3;FALSE;100644;100644;ea9e14b893dc109198378e016b34a0a8cc260fe2;db9716ff88f7f78e638b5afe04b0569fb3ffb643;11;11-cephfs-mds;P2;test/QA;support;"Triage owner 11: CephFS/MDS owned path; inspect endpoint hunk before binary impact verdict.";;;;
1386;v16.2.15;v17.2.7;qa/tasks/kclient.py;;M;M;2;2;FALSE;100644;100644;d7bc9fa835b55ea8817f7ac2b1c26aa164873f7e;ca202df71213ca85c647d4439782173ebac752d9;11;11-cephfs-mds;P2;test/QA;support;"Triage owner 11: CephFS QA; inspect endpoint hunk before binary impact verdict.";;;;
1389;v16.2.15;v17.2.7;qa/tasks/mds_creation_failure.py;;M;M;2;1;FALSE;100644;100644;58314086c033756ab9f0609b5decc71a65e966c0;2ab8f70dd9d2fa263e626f7955408b312c300b65;11;11-cephfs-mds;P2;test/QA;support;"Triage owner 11: CephFS QA; inspect endpoint hunk before binary impact verdict.";;;;
1390;v16.2.15;v17.2.7;qa/tasks/mds_thrash.py;;M;M;1;1;FALSE;100644;100644;8c7f3cba590687ff771ffae866314acd8e8db51a;7b7b420f9ea5878397222ae78fdde2b1d5eb5f04;11;11-cephfs-mds;P2;test/QA;support;"Triage owner 11: CephFS QA; inspect endpoint hunk before binary impact verdict.";;;;
1437;v16.2.15;v17.2.7;qa/workunits/fs/damage/test-first-damage.sh;;A;A;146;0;FALSE;000000;100755;0000000000000000000000000000000000000000;e3e9da4e8b7db0eeae547488d8d9404e7fbaf395;11;11-cephfs-mds;P2;test/QA;support;"Triage owner 11: CephFS/MDS owned path; inspect endpoint hunk before binary impact verdict.";;;;
1438;v16.2.15;v17.2.7;qa/workunits/fs/misc/filelock_interrupt.py;;M;M;3;3;FALSE;100755;100755;5ebc480ba8e314f5a5a674c0dbab747fb368317a;b261d74fbc0cf9794ecc3cf8f763abe33b596acc;11;11-cephfs-mds;P2;test/QA;support;"Triage owner 11: CephFS/MDS owned path; inspect endpoint hunk before binary impact verdict.";;;;
1439;v16.2.15;v17.2.7;qa/workunits/fs/misc/subvolume.sh;;A;A;63;0;FALSE;000000;100755;0000000000000000000000000000000000000000;75716a6cf6bbe28ddaf13c2e599d11a307f69837;11;11-cephfs-mds;P2;test/QA;support;"Triage owner 11: CephFS/MDS owned path; inspect endpoint hunk before binary impact verdict.";;;;
1440;v16.2.15;v17.2.7;qa/workunits/fs/snaps/snaptest-git-ceph.sh;;M;M;11;1;FALSE;100755;100755;f7f16c166ce7062b15ae8737daae65e8b20ee9b5;33ba738cbad2d4fc3a60a08221086e092a7de25c;11;11-cephfs-mds;P2;test/QA;support;"Triage owner 11: CephFS/MDS owned path; inspect endpoint hunk before binary impact verdict.";;;;
1441;v16.2.15;v17.2.7;qa/workunits/fs/upgrade/volume_client;;D;D;0;110;FALSE;100755;000000;b3b6dd3e1cfe4fe72196d78c13511a4859353522;0000000000000000000000000000000000000000;11;11-cephfs-mds;P2;test/QA;support;"Triage owner 11: CephFS/MDS owned path; inspect endpoint hunk before binary impact verdict.";;;;
1519;v16.2.15;v17.2.7;src/ceph_fuse.cc;;M;M;3;2;FALSE;100644;100644;ea941e9cc4651185d6817a5415acd4301f89185a;3fa5346b4634d4729ee15894cd7fd101ae6e8ec3;11;11-cephfs-mds;P0;runtime/source;conditional;"Triage owner 11: CephFS client or class; inspect endpoint hunk before binary impact verdict.";;;;
1520;v16.2.15;v17.2.7;src/ceph_mds.cc;;M;M;5;2;FALSE;100644;100644;b5674befc861dbe3487d0c0461f9a3faa79c8aa5;5a917fa807c478b31d3cba552ed5dc657834dce4;11;11-cephfs-mds;P0;runtime/source;conditional;"Triage owner 11: CephFS client or class; inspect endpoint hunk before binary impact verdict.";;;;
1547;v16.2.15;v17.2.7;src/client/Client.cc;;M;M;212;205;FALSE;100644;100644;d43336180e8b6d6f91e4c0fd5794ceafdabecd42;47d4ab6b5c34756a28d889b1ae9a6b2ab16ca5c4;11;11-cephfs-mds;P0;runtime/source;conditional;"Triage owner 11: CephFS/MDS owned path; inspect endpoint hunk before binary impact verdict.";;;;
1548;v16.2.15;v17.2.7;src/client/Client.h;;M;M;43;39;FALSE;100644;100644;3f737c93f4524253504343979785e777ff8b5e59;36656636f252102c5438acff3eaafa6d374bc68c;11;11-cephfs-mds;P0;runtime/source;conditional;"Triage owner 11: CephFS/MDS owned path; inspect endpoint hunk before binary impact verdict.";;;;
1549;v16.2.15;v17.2.7;src/client/ClientSnapRealm.cc;;M;M;34;0;FALSE;100644;100644;3656fbdf5052dff6bb2b85745648ff39054aa61d;2ddd86f8a3c45f42c57e9a076cead60a57c63d29;11;11-cephfs-mds;P0;runtime/source;conditional;"Triage owner 11: CephFS/MDS owned path; inspect endpoint hunk before binary impact verdict.";;;;
1550;v16.2.15;v17.2.7;src/client/ClientSnapRealm.h;;M;M;5;5;FALSE;100644;100644;ccb129d78bf3bcafc4869c09087ceef19eae6043;730c87eec5fadfb789cbf13141e3ee31127077a2;11;11-cephfs-mds;P0;runtime/source;conditional;"Triage owner 11: CephFS/MDS owned path; inspect endpoint hunk before binary impact verdict.";;;;
1551;v16.2.15;v17.2.7;src/client/Dentry.h;;M;M;1;1;FALSE;100644;100644;63669609caacc75687d2321993b420ac6ff2e814;8003dfed34be5d43427b8a04ecf3ab1d1c2089f5;11;11-cephfs-mds;P0;runtime/source;conditional;"Triage owner 11: CephFS/MDS owned path; inspect endpoint hunk before binary impact verdict.";;;;
1552;v16.2.15;v17.2.7;src/client/Dir.h;;M;M;6;2;FALSE;100644;100644;731a2038ecb292ace8d04ef9d2409b5e10946ca9;f98782e4392d2f3e33168ec5b868836b98a97392;11;11-cephfs-mds;P0;runtime/source;conditional;"Triage owner 11: CephFS/MDS owned path; inspect endpoint hunk before binary impact verdict.";;;;
1553;v16.2.15;v17.2.7;src/client/Fh.cc;;M;M;2;2;FALSE;100644;100644;62bd261404e213f626dc647f30757b6dc9da62e3;e7dd10b366641a167597556bcad7d55cd9a04089;11;11-cephfs-mds;P0;runtime/source;conditional;"Triage owner 11: CephFS/MDS owned path; inspect endpoint hunk before binary impact verdict.";;;;
1554;v16.2.15;v17.2.7;src/client/Fh.h;;M;M;11;8;FALSE;100644;100644;c3355ba6c52660930227e6e1b5a5c7a02a7a0d88;434716fee2bac5037ff40460142fc36e9d24e95d;11;11-cephfs-mds;P0;runtime/source;conditional;"Triage owner 11: CephFS/MDS owned path; inspect endpoint hunk before binary impact verdict.";;;;
1555;v16.2.15;v17.2.7;src/client/Inode.cc;;M;M;6;0;FALSE;100644;100644;dd2a711f7496f901097d33e61c0ad78471710a67;51a0b4b1fe499ba26076ac3ff5123ef26fd58d9c;11;11-cephfs-mds;P0;runtime/source;conditional;"Triage owner 11: CephFS/MDS owned path; inspect endpoint hunk before binary impact verdict.";;;;
1556;v16.2.15;v17.2.7;src/client/Inode.h;;M;M;11;11;FALSE;100644;100644;1cb6285ba47364cde6bfef333098308d17fbb091;665f4b76af88ca6ee048faea8c1739c9fb9b4b48;11;11-cephfs-mds;P0;runtime/source;conditional;"Triage owner 11: CephFS/MDS owned path; inspect endpoint hunk before binary impact verdict.";;;;
1557;v16.2.15;v17.2.7;src/client/MetaRequest.h;;M;M;30;43;FALSE;100644;100644;c770a78394a19cb864aac589a337052336e17ae2;dd3c47481426f68e4180ad20644e10cfe7153bf1;11;11-cephfs-mds;P0;runtime/source;conditional;"Triage owner 11: CephFS/MDS owned path; inspect endpoint hunk before binary impact verdict.";;;;
1558;v16.2.15;v17.2.7;src/client/MetaSession.h;;M;M;2;1;FALSE;100644;100644;89a179981fcfdd8ea9e63b19de9efff59e2a2077;301306263e66ee7093e8279f2563ed4cb588b601;11;11-cephfs-mds;P0;runtime/source;conditional;"Triage owner 11: CephFS/MDS owned path; inspect endpoint hunk before binary impact verdict.";;;;
1559;v16.2.15;v17.2.7;src/client/ObjecterWriteback.h;;M;M;3;5;FALSE;100644;100644;7a159e80e9de0598cf77323531b1149cf232968a;867ef5aa081991e7c00312e371dd4eacddfe392e;11;11-cephfs-mds;P0;runtime/source;conditional;"Triage owner 11: CephFS/MDS owned path; inspect endpoint hunk before binary impact verdict.";;;;
1560;v16.2.15;v17.2.7;src/client/SyntheticClient.cc;;M;M;1;0;FALSE;100644;100644;9ef5ccf19937bf8a5945417d2eb6e7aaf1076b40;3b408dd3f2df85ff8635c0a69b3fcabd1146f125;11;11-cephfs-mds;P0;runtime/source;conditional;"Triage owner 11: CephFS/MDS owned path; inspect endpoint hunk before binary impact verdict.";;;;
1561;v16.2.15;v17.2.7;src/client/SyntheticClient.h;;M;M;28;28;FALSE;100644;100644;faec7e26d8addd0ec69d909752afbd12d255b671;2c160163732e5e1b0534923f6831a85a7a2bf990;11;11-cephfs-mds;P0;runtime/source;conditional;"Triage owner 11: CephFS/MDS owned path; inspect endpoint hunk before binary impact verdict.";;;;
1562;v16.2.15;v17.2.7;src/client/barrier.cc;;M;M;0;1;FALSE;100644;100644;7a0c08868439c9b071450183fc617f79a23a3ae2;dfdedaf58565bdc70058fad266e76948399cf088;11;11-cephfs-mds;P0;runtime/source;conditional;"Triage owner 11: CephFS/MDS owned path; inspect endpoint hunk before binary impact verdict.";;;;
1563;v16.2.15;v17.2.7;src/client/fuse_ll.cc;;M;M;139;19;FALSE;100644;100644;fd9d1f55bf821bcd669c6d1b77fcf4a8f44e076e;517eb79ce8c2d9ff5ae95b516332e6c205e839b0;11;11-cephfs-mds;P0;runtime/source;conditional;"Triage owner 11: CephFS/MDS owned path; inspect endpoint hunk before binary impact verdict.";;;;
1569;v16.2.15;v17.2.7;src/cls/cephfs/cls_cephfs_client.cc;;M;M;16;0;FALSE;100644;100644;4859194b5df0d1dc5155c4c8335c5740eb4e6547;00c57cc48657ce94f7332f0a713bd874bb4e7944;11;11-cephfs-mds;P0;runtime/source;conditional;"Triage owner 11: CephFS client or class; inspect endpoint hunk before binary impact verdict.";;;;
1570;v16.2.15;v17.2.7;src/cls/cephfs/cls_cephfs_client.h;;M;M;1;0;FALSE;100644;100644;7925780a849d03438d040a3bef0ab69b4b137e93;5c33f77f21f878713a9ad78be582a9bc0e55fe04;11;11-cephfs-mds;P0;runtime/source;conditional;"Triage owner 11: CephFS client or class; inspect endpoint hunk before binary impact verdict.";;;;
2011;v16.2.15;v17.2.7;src/include/cephfs/ceph_ll_client.h;;M;M;57;7;FALSE;100644;100644;eecc72dbfcabf91dbd0a4dca89359eb327f346cb;ac5b7c2247178890e5e51ffe614a6dee0f6b694a;11;11-cephfs-mds;P0;runtime/source;conditional;"Triage owner 11: CephFS wire definitions; inspect endpoint hunk before binary impact verdict.";;;;
2012;v16.2.15;v17.2.7;src/include/cephfs/libcephfs.h;;M;M;19;2;FALSE;100644;100644;45a110338b33e79150e297b79e3b4d854768f9b6;643a09aefd2569fb65914b24a61dba469330f28a;11;11-cephfs-mds;P0;runtime/source;conditional;"Triage owner 11: CephFS wire definitions; inspect endpoint hunk before binary impact verdict.";;;;
2013;v16.2.15;v17.2.7;src/include/cephfs/metrics/Types.h;;M;M;13;13;FALSE;100644;100644;a81a69537f6e66d91ec4155b88a45ec0c881ceb4;d7cf5613861119da016162b2019fae3840fc9c95;11;11-cephfs-mds;P0;runtime/source;conditional;"Triage owner 11: CephFS wire definitions; inspect endpoint hunk before binary impact verdict.";;;;
2063;v16.2.15;v17.2.7;src/libcephfs.cc;;M;M;10;4;FALSE;100644;100644;d6e3208b1cb8b6a470c0240812ef5793f36b8643;424cbb85a10e61ef2550a6da9458fbcef247abab;11;11-cephfs-mds;P0;runtime/source;conditional;"Triage owner 11: CephFS client or class; inspect endpoint hunk before binary impact verdict.";;;;
2153;v16.2.15;v17.2.7;src/mds/Anchor.cc;;M;M;1;1;FALSE;100644;100644;609b91188acd3989da2069f8cc07ce1dd00b3c7a;81d55e6b115f55b139b22699d0f87427b5e90f97;11;11-cephfs-mds;P0;runtime/source;conditional;"Triage owner 11: CephFS/MDS owned path; inspect endpoint hunk before binary impact verdict.";;;;
2154;v16.2.15;v17.2.7;src/mds/Anchor.h;;M;M;1;1;FALSE;100644;100644;9e55ec807bf2a5269ed43cd652f843ecf414c48c;f2e9469d30d2992a273e6a7019e0091ec9b4b9ea;11;11-cephfs-mds;P0;runtime/source;conditional;"Triage owner 11: CephFS/MDS owned path; inspect endpoint hunk before binary impact verdict.";;;;
2155;v16.2.15;v17.2.7;src/mds/Beacon.cc;;M;M;4;23;FALSE;100644;100644;ffd3056b697cf1c8c544433c320ca345ce0c88d4;78c92a3f1c655c28c583193bbc10538301c9f666;11;11-cephfs-mds;P0;runtime/source;conditional;"Triage owner 11: CephFS/MDS owned path; inspect endpoint hunk before binary impact verdict.";;;;
2156;v16.2.15;v17.2.7;src/mds/CDentry.cc;;M;M;7;1;FALSE;100644;100644;6f57afc79919e20ed8866bf3af83bd1adf8ab8b6;1b1160850cf828457d1738f57ec14d8a7a78a742;11;11-cephfs-mds;P0;runtime/source;conditional;"Triage owner 11: CephFS/MDS owned path; inspect endpoint hunk before binary impact verdict.";;;;
2157;v16.2.15;v17.2.7;src/mds/CDentry.h;;M;M;13;6;FALSE;100644;100644;3312c051b0a30967c503a56e855014ccfcf46e8e;c7f83d1710a254aa4a4bfaae3c95329fcaa0b1d8;11;11-cephfs-mds;P0;runtime/source;conditional;"Triage owner 11: CephFS/MDS owned path; inspect endpoint hunk before binary impact verdict.";;;;
2158;v16.2.15;v17.2.7;src/mds/CDir.cc;;M;M;8;4;FALSE;100644;100644;718b5aaece6daa7a85583a74fd0f62574cea31ae;502651d14ee66447939a33f186ee849012649d1b;11;11-cephfs-mds;P0;runtime/source;conditional;"Triage owner 11: CephFS/MDS owned path; inspect endpoint hunk before binary impact verdict.";;;;
2159;v16.2.15;v17.2.7;src/mds/CDir.h;;M;M;5;5;FALSE;100644;100644;7817ea398302fe20069ebe95b3e8daf7e9272a86;73475b70a79d6688d438a1a99d5e99eb84453131;11;11-cephfs-mds;P0;runtime/source;conditional;"Triage owner 11: CephFS/MDS owned path; inspect endpoint hunk before binary impact verdict.";;;;
2160;v16.2.15;v17.2.7;src/mds/CInode.cc;;M;M;16;3;FALSE;100644;100644;05066dd711973b0f538a2c025b036e820aef14c9;eba967d6b92ee07b679e27d7a0f6dd02076ddf7c;11;11-cephfs-mds;P0;runtime/source;conditional;"Triage owner 11: CephFS/MDS owned path; inspect endpoint hunk before binary impact verdict.";;;;
2161;v16.2.15;v17.2.7;src/mds/CInode.h;;M;M;7;5;FALSE;100644;100644;0487d4a0762638c9f7f8e0b15271ab607018c94f;2f7d6d242b896ee7efbf7174843372696a539b04;11;11-cephfs-mds;P0;runtime/source;conditional;"Triage owner 11: CephFS/MDS owned path; inspect endpoint hunk before binary impact verdict.";;;;
2162;v16.2.15;v17.2.7;src/mds/FSMap.cc;;M;M;1;0;FALSE;100644;100644;d16ffd3f03f49b8cfcdeae61970a43b26c136a8c;217a1e3307c544abd6d0589902212f2e00b724be;11;11-cephfs-mds;P0;runtime/source;conditional;"Triage owner 11: CephFS/MDS owned path; inspect endpoint hunk before binary impact verdict.";;;;
2163;v16.2.15;v17.2.7;src/mds/FSMap.h;;M;M;14;6;FALSE;100644;100644;f6c24e4d45eda94e4d8f15d54cbfe46250bae630;f57a4177aa04f7a0fd3c78a1bb4dda3dd536dca9;11;11-cephfs-mds;P0;runtime/source;conditional;"Triage owner 11: CephFS/MDS owned path; inspect endpoint hunk before binary impact verdict.";;;;
2164;v16.2.15;v17.2.7;src/mds/Locker.cc;;M;M;4;1;FALSE;100644;100644;b40b1647d84d924178cbf777f92285da676bcc59;4f362c8b109d96e167845e40e1e0eff50d747414;11;11-cephfs-mds;P0;runtime/source;conditional;"Triage owner 11: CephFS/MDS owned path; inspect endpoint hunk before binary impact verdict.";;;;
2165;v16.2.15;v17.2.7;src/mds/LogEvent.h;;M;M;2;2;FALSE;100644;100644;4e368c97b5e9de26320a1371ed9d61e8891ce4ac;317b6579fc1dba7c67750a8239c5437543a007df;11;11-cephfs-mds;P0;runtime/source;conditional;"Triage owner 11: CephFS/MDS owned path; inspect endpoint hunk before binary impact verdict.";;;;
2166;v16.2.15;v17.2.7;src/mds/LogSegment.h;;M;M;7;7;FALSE;100644;100644;a7f3f39710d2ff7f44eb2e9ff60653991272f9c9;405760c47a83ed2eb8ed363c4c78f45ca64c03d8;11;11-cephfs-mds;P0;runtime/source;conditional;"Triage owner 11: CephFS/MDS owned path; inspect endpoint hunk before binary impact verdict.";;;;
2167;v16.2.15;v17.2.7;src/mds/MDBalancer.cc;;M;M;3;9;FALSE;100644;100644;383884c2ce47fd4f615c19c6ce0a69644335e92b;cb63f60544426e43c351e85beccf11ca832cd603;11;11-cephfs-mds;P0;runtime/source;conditional;"Triage owner 11: CephFS/MDS owned path; inspect endpoint hunk before binary impact verdict.";;;;
2168;v16.2.15;v17.2.7;src/mds/MDBalancer.h;;M;M;5;5;FALSE;100644;100644;d9172e565e1084542e299085a32047202d2fed4b;e3ee3deabcff8ec78b6e7456fe5844baf72e1168;11;11-cephfs-mds;P0;runtime/source;conditional;"Triage owner 11: CephFS/MDS owned path; inspect endpoint hunk before binary impact verdict.";;;;
2169;v16.2.15;v17.2.7;src/mds/MDCache.cc;;M;M;126;24;FALSE;100644;100644;4da1fc8f0b38ff4b755576e5e28581da503b72ad;ec9a75a55b51bb421f9f4cd6787d1d6f41c829a8;11;11-cephfs-mds;P0;runtime/source;conditional;"Triage owner 11: CephFS/MDS owned path; inspect endpoint hunk before binary impact verdict.";;;;
2170;v16.2.15;v17.2.7;src/mds/MDCache.h;;M;M;107;99;FALSE;100644;100644;9bfab20e8b722415535b1bce609467d836ef161d;f1a6d37b1ba0ba4161672721afe0d0d0df97ca6a;11;11-cephfs-mds;P0;runtime/source;conditional;"Triage owner 11: CephFS/MDS owned path; inspect endpoint hunk before binary impact verdict.";;;;
2171;v16.2.15;v17.2.7;src/mds/MDLog.cc;;M;M;4;6;FALSE;100644;100644;25413ee5bbec4677a6b5f7135d158230afbdade6;396db80873b3d92e2572c8ce4fe94eb9db2abd2e;11;11-cephfs-mds;P0;runtime/source;conditional;"Triage owner 11: CephFS/MDS owned path; inspect endpoint hunk before binary impact verdict.";;;;
2172;v16.2.15;v17.2.7;src/mds/MDLog.h;;M;M;4;4;FALSE;100644;100644;dcc6e3f1b41d93024a0b57aaf7de5baec86a6641;b42fa5dd7159445dd9637096ab1b0d1af2e1bab4;11;11-cephfs-mds;P0;runtime/source;conditional;"Triage owner 11: CephFS/MDS owned path; inspect endpoint hunk before binary impact verdict.";;;;
2173;v16.2.15;v17.2.7;src/mds/MDSAuthCaps.cc;;M;M;10;8;FALSE;100644;100644;d6bc6abe429bd98ed74196ebf64f7f7b66d23418;b78ebd6615b792f8ec9be0d99893e7d10f03df3c;11;11-cephfs-mds;P0;runtime/source;conditional;"Triage owner 11: CephFS/MDS owned path; inspect endpoint hunk before binary impact verdict.";;;;
2174;v16.2.15;v17.2.7;src/mds/MDSAuthCaps.h;;M;M;4;2;FALSE;100644;100644;5fcbb1f2fbbf0d12cc6cd328b9d4e8f091a5b2dc;395c921fd5fe25f1dc0ab33afc51067d747892a2;11;11-cephfs-mds;P0;runtime/source;conditional;"Triage owner 11: CephFS/MDS owned path; inspect endpoint hunk before binary impact verdict.";;;;
2175;v16.2.15;v17.2.7;src/mds/MDSDaemon.cc;;M;M;16;13;FALSE;100644;100644;198c5f16452123e6a9e847a134af478aff5438b2;ee5308e0f2778759ad1dabf8ae853081be51bfd9;11;11-cephfs-mds;P0;runtime/source;conditional;"Triage owner 11: CephFS/MDS owned path; inspect endpoint hunk before binary impact verdict.";;;;
2176;v16.2.15;v17.2.7;src/mds/MDSDaemon.h;;M;M;2;2;FALSE;100644;100644;35a9330f1b59145b39176139d8325568502e56cf;e7929d2c37deccd23ffa3fa271ae85cd62082937;11;11-cephfs-mds;P0;runtime/source;conditional;"Triage owner 11: CephFS/MDS owned path; inspect endpoint hunk before binary impact verdict.";;;;
2177;v16.2.15;v17.2.7;src/mds/MDSMap.cc;;M;M;27;2;FALSE;100644;100644;f611d86a5ba640544d6c89f79d69a8ee6b7dfbc5;b54ad444d3b4636cbc192f8f292c2c1388ffe161;11;11-cephfs-mds;P0;runtime/source;conditional;"Triage owner 11: CephFS/MDS owned path; inspect endpoint hunk before binary impact verdict.";;;;
2178;v16.2.15;v17.2.7;src/mds/MDSMap.h;;M;M;11;1;FALSE;100644;100644;3b2ad1bfd693007fb7f78d03c704617ebf24bfc8;3c630ce9c3aa8823d86f0107701191bd4a5bad5c;11;11-cephfs-mds;P0;runtime/source;conditional;"Triage owner 11: CephFS/MDS owned path; inspect endpoint hunk before binary impact verdict.";;;;
2179;v16.2.15;v17.2.7;src/mds/MDSMetaRequest.h;;D;D;0;33;FALSE;100644;000000;ad4720410686943fa882608c7eadc2335fd85c0d;0000000000000000000000000000000000000000;11;11-cephfs-mds;P0;runtime/source;conditional;"Triage owner 11: CephFS/MDS owned path; inspect endpoint hunk before binary impact verdict.";;;;
2180;v16.2.15;v17.2.7;src/mds/MDSRank.cc;;M;M;29;36;FALSE;100644;100644;4f2e13b90be7ff09dd5a65c872c54ac72c88b507;8d41a4678f88aa249525464b340e67b7880df988;11;11-cephfs-mds;P0;runtime/source;conditional;"Triage owner 11: CephFS/MDS owned path; inspect endpoint hunk before binary impact verdict.";;;;
2181;v16.2.15;v17.2.7;src/mds/MDSRank.h;;M;M;34;16;FALSE;100644;100644;31effdaae3bd68c74485afe45dc21aef9f7a8542;e3f7c785199c7e9a047059690b8ae9bdac92103c;11;11-cephfs-mds;P0;runtime/source;conditional;"Triage owner 11: CephFS/MDS owned path; inspect endpoint hunk before binary impact verdict.";;;;
2182;v16.2.15;v17.2.7;src/mds/MDSTable.cc;;M;M;1;0;FALSE;100644;100644;679633f0c7893b8c8d2f59d3cb78413a132719c9;80b84b8697156d00161a7f7f6108c8e4fc03a379;11;11-cephfs-mds;P0;runtime/source;conditional;"Triage owner 11: CephFS/MDS owned path; inspect endpoint hunk before binary impact verdict.";;;;
2183;v16.2.15;v17.2.7;src/mds/MDSTable.h;;M;M;1;1;FALSE;100644;100644;07e12f574e3ad091092236b28bfe084c52171fed;daa745ce8dfbca61e7255c9994cb5bee78b04ba9;11;11-cephfs-mds;P0;runtime/source;conditional;"Triage owner 11: CephFS/MDS owned path; inspect endpoint hunk before binary impact verdict.";;;;
2184;v16.2.15;v17.2.7;src/mds/MDSTableClient.cc;;M;M;2;6;FALSE;100644;100644;38f2122180dd29bcb4216538e7748627a6ae8d42;9ded20bb8a86a017dd9d741aeb96437e0137d837;11;11-cephfs-mds;P0;runtime/source;conditional;"Triage owner 11: CephFS/MDS owned path; inspect endpoint hunk before binary impact verdict.";;;;
2185;v16.2.15;v17.2.7;src/mds/MDSTableClient.h;;M;M;7;7;FALSE;100644;100644;0bc88aaf29fed5d2ccc476a0211b088c9f795de1;51cfda3dbcecf1e8401e5b910bdd5fe0c79322e2;11;11-cephfs-mds;P0;runtime/source;conditional;"Triage owner 11: CephFS/MDS owned path; inspect endpoint hunk before binary impact verdict.";;;;
2186;v16.2.15;v17.2.7;src/mds/MDSTableServer.cc;;M;M;2;0;FALSE;100644;100644;3666e0db9e4b86fa74541296c2e9dcdf7d4a17c4;6e542b4e396560091342fc64cb48689ab55636b8;11;11-cephfs-mds;P0;runtime/source;conditional;"Triage owner 11: CephFS/MDS owned path; inspect endpoint hunk before binary impact verdict.";;;;
2187;v16.2.15;v17.2.7;src/mds/MDSTableServer.h;;M;M;6;6;FALSE;100644;100644;84dc5b87d243f6ce8a720338af51bdfa7f844a77;74800db974ca5900d4fc6e78d0fc3ab167c65eb7;11;11-cephfs-mds;P0;runtime/source;conditional;"Triage owner 11: CephFS/MDS owned path; inspect endpoint hunk before binary impact verdict.";;;;
2188;v16.2.15;v17.2.7;src/mds/Mantle.cc;;M;M;0;5;FALSE;100644;100644;e9033bbd94c1478ce7eb4eae82ab20c36e242632;653d47d6665edcac205a162ff1ca973938f2d2ea;11;11-cephfs-mds;P0;runtime/source;conditional;"Triage owner 11: CephFS/MDS owned path; inspect endpoint hunk before binary impact verdict.";;;;
2189;v16.2.15;v17.2.7;src/mds/Migrator.cc;;M;M;15;14;FALSE;100644;100644;af4ac061f691aad3b7d759a5fad43ad3e0ffab7b;f32e43c0ee5146c7b1364a2bbfdc8818f7bb03f2;11;11-cephfs-mds;P0;runtime/source;conditional;"Triage owner 11: CephFS/MDS owned path; inspect endpoint hunk before binary impact verdict.";;;;
2190;v16.2.15;v17.2.7;src/mds/Migrator.h;;M;M;8;8;FALSE;100644;100644;f7c094294ae1d5bdbf939a08367b49c30488f989;be24e311100064225c02974aec5d67dee65f735d;11;11-cephfs-mds;P0;runtime/source;conditional;"Triage owner 11: CephFS/MDS owned path; inspect endpoint hunk before binary impact verdict.";;;;
2191;v16.2.15;v17.2.7;src/mds/Mutation.cc;;M;M;2;0;FALSE;100644;100644;7e3fb22bd20e56cac7710ef40c88873df1b302ba;39eee47217baefdd57f6333fca9ced9b10ee6e84;11;11-cephfs-mds;P0;runtime/source;conditional;"Triage owner 11: CephFS/MDS owned path; inspect endpoint hunk before binary impact verdict.";;;;
2192;v16.2.15;v17.2.7;src/mds/Mutation.h;;M;M;1;8;FALSE;100644;100644;16b0700e151bad63eccd1228b38797b8ebb176cf;09ebe7052a90f79655a57a1358a67f31d40e2bbf;11;11-cephfs-mds;P0;runtime/source;conditional;"Triage owner 11: CephFS/MDS owned path; inspect endpoint hunk before binary impact verdict.";;;;
2193;v16.2.15;v17.2.7;src/mds/OpenFileTable.cc;;M;M;4;1;FALSE;100644;100644;687ddc3e95d47fbbdbe8723c05343cdd06f0dabf;784baa56c0769dcd88b61b30f2e9ca8b2490e373;11;11-cephfs-mds;P0;runtime/source;conditional;"Triage owner 11: CephFS/MDS owned path; inspect endpoint hunk before binary impact verdict.";;;;
2194;v16.2.15;v17.2.7;src/mds/OpenFileTable.h;;M;M;7;5;FALSE;100644;100644;bfe7e098fed16aa0080b8c9729b55edfe581d633;1f91c202021f9ad8d3ee5c11a0c9459e48fe48d3;11;11-cephfs-mds;P0;runtime/source;conditional;"Triage owner 11: CephFS/MDS owned path; inspect endpoint hunk before binary impact verdict.";;;;
2195;v16.2.15;v17.2.7;src/mds/PurgeQueue.cc;;M;M;3;0;FALSE;100644;100644;dfa5764c01d036b7d977ae9dbd55df8d85299090;e8f416bd97ac7112e60943cd2c2d263ec70c797b;11;11-cephfs-mds;P0;runtime/source;conditional;"Triage owner 11: CephFS/MDS owned path; inspect endpoint hunk before binary impact verdict.";;;;
2196;v16.2.15;v17.2.7;src/mds/RecoveryQueue.cc;;M;M;2;0;FALSE;100644;100644;6d215ccdbbefc6d7d1d5dbb34a7e219e38ba5325;111b270658d1f5131deb00e750c731c917213df6;11;11-cephfs-mds;P0;runtime/source;conditional;"Triage owner 11: CephFS/MDS owned path; inspect endpoint hunk before binary impact verdict.";;;;
2197;v16.2.15;v17.2.7;src/mds/ScrubStack.cc;;M;M;4;1;FALSE;100644;100644;9df6443aea0356ad2a06804164e7921d1c4d4b8d;c3559002aac08970c5cbd5a174405da426af512d;11;11-cephfs-mds;P0;runtime/source;conditional;"Triage owner 11: CephFS/MDS owned path; inspect endpoint hunk before binary impact verdict.";;;;
2198;v16.2.15;v17.2.7;src/mds/Server.cc;;M;M;238;86;FALSE;100644;100644;dbb0067020d4e386ed2b4495662ad689a63f2926;ff1bf2e4992fa798983a1de180c2d06bed5ba66c;11;11-cephfs-mds;P0;runtime/source;conditional;"Triage owner 11: CephFS/MDS owned path; inspect endpoint hunk before binary impact verdict.";;;;
2199;v16.2.15;v17.2.7;src/mds/Server.h;;M;M;26;29;FALSE;100644;100644;a3da04cae9834c59355029670efe1e44df30e9d0;346feb27c7bbb6f3d7d61d0b3046706b996a4f4d;11;11-cephfs-mds;P0;runtime/source;conditional;"Triage owner 11: CephFS/MDS owned path; inspect endpoint hunk before binary impact verdict.";;;;
2200;v16.2.15;v17.2.7;src/mds/SessionMap.cc;;M;M;2;0;FALSE;100644;100644;76678c624aab1d78a2ae8faf86be7ad5c738f4d8;9cc2b013847e276e6ed0e72034523d92adf4c781;11;11-cephfs-mds;P0;runtime/source;conditional;"Triage owner 11: CephFS/MDS owned path; inspect endpoint hunk before binary impact verdict.";;;;
2201;v16.2.15;v17.2.7;src/mds/SnapClient.cc;;M;M;2;0;FALSE;100644;100644;9f83ed79e900bfaadd622434219a084af3c3d60f;93abb4afaedd791d686e09e5e67a2195aff6b4ab;11;11-cephfs-mds;P0;runtime/source;conditional;"Triage owner 11: CephFS/MDS owned path; inspect endpoint hunk before binary impact verdict.";;;;
2202;v16.2.15;v17.2.7;src/mds/SnapClient.h;;M;M;8;8;FALSE;100644;100644;b3d5ca3cb86b47f47f1d7626759c9f6de099ef78;f834e3a1fd836d9a7526222657f9503be036fdb0;11;11-cephfs-mds;P0;runtime/source;conditional;"Triage owner 11: CephFS/MDS owned path; inspect endpoint hunk before binary impact verdict.";;;;
2203;v16.2.15;v17.2.7;src/mds/SnapRealm.cc;;M;M;5;2;FALSE;100644;100644;a93da3e98b778529ba3acd382150edfd8095582e;ee7d2d67078a2d1ddaf39d783b759de3d6cea34b;11;11-cephfs-mds;P0;runtime/source;conditional;"Triage owner 11: CephFS/MDS owned path; inspect endpoint hunk before binary impact verdict.";;;;
2204;v16.2.15;v17.2.7;src/mds/SnapServer.cc;;M;M;2;1;FALSE;100644;100644;f1648003585d689ac984dacc41bd746743114b99;08e27339f95dbe773676a1eecb426ae0aabaae3e;11;11-cephfs-mds;P0;runtime/source;conditional;"Triage owner 11: CephFS/MDS owned path; inspect endpoint hunk before binary impact verdict.";;;;
2205;v16.2.15;v17.2.7;src/mds/SnapServer.h;;M;M;11;10;FALSE;100644;100644;a1019c3c864f6310ce398565a8f394505d954198;fcab5f3c45a94b689dddd905370739feefb85536;11;11-cephfs-mds;P0;runtime/source;conditional;"Triage owner 11: CephFS/MDS owned path; inspect endpoint hunk before binary impact verdict.";;;;
2206;v16.2.15;v17.2.7;src/mds/StrayManager.cc;;M;M;23;16;FALSE;100644;100644;98764e243bd5d53d8ddd5d901db87d2d91ed3113;d5827d48002c55b179818ab67002ec3340e76774;11;11-cephfs-mds;P0;runtime/source;conditional;"Triage owner 11: CephFS/MDS owned path; inspect endpoint hunk before binary impact verdict.";;;;
2207;v16.2.15;v17.2.7;src/mds/StrayManager.h;;M;M;1;16;FALSE;100644;100644;874fbbb9a8dcd449375780ac5bbc4d2fddf7a3b4;86b6941a513138918e86a389a366405233ef1d7f;11;11-cephfs-mds;P0;runtime/source;conditional;"Triage owner 11: CephFS/MDS owned path; inspect endpoint hunk before binary impact verdict.";;;;
2208;v16.2.15;v17.2.7;src/mds/cephfs_features.cc;;M;M;3;3;FALSE;100644;100644;e1e108325eb0fd7160055272b3609ce8e1653d3e;3ea19e93fab492c412768f8c2611f4221039f443;11;11-cephfs-mds;P0;runtime/source;conditional;"Triage owner 11: CephFS/MDS owned path; inspect endpoint hunk before binary impact verdict.";;;;
2209;v16.2.15;v17.2.7;src/mds/cephfs_features.h;;M;M;1;1;FALSE;100644;100644;d2553101eb9baf977b66c95f3aba243d452c1893;44c7b223ab30f087efb2d9ae08f03fd39a0359ee;11;11-cephfs-mds;P0;runtime/source;conditional;"Triage owner 11: CephFS/MDS owned path; inspect endpoint hunk before binary impact verdict.";;;;
2210;v16.2.15;v17.2.7;src/mds/events/ECommitted.h;;M;M;1;1;FALSE;100644;100644;41b1208133f4f2c394ad6d90a0294aa1adf94554;6273bf00c821063e45201c0660ffcea2316658ed;11;11-cephfs-mds;P0;runtime/source;conditional;"Triage owner 11: CephFS/MDS owned path; inspect endpoint hunk before binary impact verdict.";;;;
2211;v16.2.15;v17.2.7;src/mds/events/EExport.h;;M;M;3;3;FALSE;100644;100644;589062db2a159df35e9fe233769a59ea6312c3ad;297b9e99d33a97c9b25e18ae685f4827c8d70cfe;11;11-cephfs-mds;P0;runtime/source;conditional;"Triage owner 11: CephFS/MDS owned path; inspect endpoint hunk before binary impact verdict.";;;;
2212;v16.2.15;v17.2.7;src/mds/events/EFragment.h;;M;M;1;1;FALSE;100644;100644;1cbbf7a8a3613095b605b5e40097d1de7ff36995;bb10bf0a51dad64c54d701a7f790ee7ae5023c5c;11;11-cephfs-mds;P0;runtime/source;conditional;"Triage owner 11: CephFS/MDS owned path; inspect endpoint hunk before binary impact verdict.";;;;
2213;v16.2.15;v17.2.7;src/mds/events/EImportFinish.h;;M;M;1;1;FALSE;100644;100644;24bb1cd13533fb7e7c03e0703f5221919b8745d4;3848b6c2aaf15a1e7128987c0efa1111b0c793c8;11;11-cephfs-mds;P0;runtime/source;conditional;"Triage owner 11: CephFS/MDS owned path; inspect endpoint hunk before binary impact verdict.";;;;
2214;v16.2.15;v17.2.7;src/mds/events/EImportStart.h;;M;M;3;3;FALSE;100644;100644;d4673a84accc73971ba8a50927bda70e8985529e;1d94a161b0a688297410a2d81e9943cbdbfc2054;11;11-cephfs-mds;P0;runtime/source;conditional;"Triage owner 11: CephFS/MDS owned path; inspect endpoint hunk before binary impact verdict.";;;;
2215;v16.2.15;v17.2.7;src/mds/events/EMetaBlob.h;;M;M;32;32;FALSE;100644;100644;357dab970579d91b03334ade15e2a080bd6ec502;d3d176ea496d1d3ef0120c15ecbb66f46d3a8dc8;11;11-cephfs-mds;P0;runtime/source;conditional;"Triage owner 11: CephFS/MDS owned path; inspect endpoint hunk before binary impact verdict.";;;;
2216;v16.2.15;v17.2.7;src/mds/events/EOpen.h;;M;M;3;3;FALSE;100644;100644;06bfd3e882ea457bb2c9b503e52101f2c8e618e9;35aeee3f9c590478d28dcb7dd0367a8cf7fc4e79;11;11-cephfs-mds;P0;runtime/source;conditional;"Triage owner 11: CephFS/MDS owned path; inspect endpoint hunk before binary impact verdict.";;;;
2217;v16.2.15;v17.2.7;src/mds/events/EPeerUpdate.h;;M;M;5;5;FALSE;100644;100644;38f53735eb1c74782ba13cae38f284cd8923faaa;88ddaa264a3ea174bb49d8d4db715b5b4e4afbff;11;11-cephfs-mds;P0;runtime/source;conditional;"Triage owner 11: CephFS/MDS owned path; inspect endpoint hunk before binary impact verdict.";;;;
2218;v16.2.15;v17.2.7;src/mds/events/EPurged.h;;M;M;1;1;FALSE;100644;100644;cda1b2ecf2df7c508f0265d03e6ce9cbde105dfb;56e136a343d03aab9671d77740189eed3c11e3bc;11;11-cephfs-mds;P0;runtime/source;conditional;"Triage owner 11: CephFS/MDS owned path; inspect endpoint hunk before binary impact verdict.";;;;
2219;v16.2.15;v17.2.7;src/mds/events/EResetJournal.h;;M;M;1;1;FALSE;100644;100644;302227fc6439154b6d8112ca4563afb2ffe052f2;fba634abba0768b393b1564fb501281ba60b6b79;11;11-cephfs-mds;P0;runtime/source;conditional;"Triage owner 11: CephFS/MDS owned path; inspect endpoint hunk before binary impact verdict.";;;;
2220;v16.2.15;v17.2.7;src/mds/events/ESession.h;;M;M;1;1;FALSE;100644;100644;c6586e3b5756361e51ed727712a475f2d0d84d7f;3e755db9071bb194bfd07f1529451b48f48fd254;11;11-cephfs-mds;P0;runtime/source;conditional;"Triage owner 11: CephFS/MDS owned path; inspect endpoint hunk before binary impact verdict.";;;;
2221;v16.2.15;v17.2.7;src/mds/events/ESessions.h;;M;M;5;5;FALSE;100644;100644;fad70212084ea04f6cf9dc42d33aac09d01d5111;e334675f2a795b7899134466493ba464848ccf59;11;11-cephfs-mds;P0;runtime/source;conditional;"Triage owner 11: CephFS/MDS owned path; inspect endpoint hunk before binary impact verdict.";;;;
2222;v16.2.15;v17.2.7;src/mds/events/ESubtreeMap.h;;M;M;3;3;FALSE;100644;100644;3dc824087f523b6d36fe6a04e46383dc1427240f;ebddff0439e82d3cc5db2ef78d9332f905d42cf4;11;11-cephfs-mds;P0;runtime/source;conditional;"Triage owner 11: CephFS/MDS owned path; inspect endpoint hunk before binary impact verdict.";;;;
2223;v16.2.15;v17.2.7;src/mds/events/ETableClient.h;;M;M;1;1;FALSE;100644;100644;3f6e454e646d71be3ae7bc7d0ff711f1bb16e2aa;18f08923ffedb527f3462f6da58c9314dd2b62e7;11;11-cephfs-mds;P0;runtime/source;conditional;"Triage owner 11: CephFS/MDS owned path; inspect endpoint hunk before binary impact verdict.";;;;
2224;v16.2.15;v17.2.7;src/mds/events/ETableServer.h;;M;M;1;1;FALSE;100644;100644;59fe8ff1cbdab90b109bb23a794e130160ec3c74;b5762d5e727f10f1ad5878ed7f9ad6a3300fef11;11;11-cephfs-mds;P0;runtime/source;conditional;"Triage owner 11: CephFS/MDS owned path; inspect endpoint hunk before binary impact verdict.";;;;
2225;v16.2.15;v17.2.7;src/mds/events/EUpdate.h;;M;M;2;2;FALSE;100644;100644;d320014a1f036ee422e8d51a236bf4df2475c413;bebd278bf741b6c183982f2c6d85297eb3ce0501;11;11-cephfs-mds;P0;runtime/source;conditional;"Triage owner 11: CephFS/MDS owned path; inspect endpoint hunk before binary impact verdict.";;;;
2226;v16.2.15;v17.2.7;src/mds/journal.cc;;M;M;8;1;FALSE;100644;100644;d769dd0ca1a549eba10089cb40ae025b8c25065b;15acd9b0d82df1f986926eccf3b6bf97cfcb57ee;11;11-cephfs-mds;P0;runtime/source;conditional;"Triage owner 11: CephFS/MDS owned path; inspect endpoint hunk before binary impact verdict.";;;;
2227;v16.2.15;v17.2.7;src/mds/locks.c;;M;M;1;1;FALSE;100644;100644;f6ff8b9824a187143d7c50120fd6d578eeb7807e;dbe3ab8eb00abf9843c8038ab8f66494c621901d;11;11-cephfs-mds;P0;runtime/source;conditional;"Triage owner 11: CephFS/MDS owned path; inspect endpoint hunk before binary impact verdict.";;;;
2228;v16.2.15;v17.2.7;src/mds/snap.cc;;M;M;1;0;FALSE;100644;100644;f988ca51367488a73708fd49f8a44b16cb788378;c5b8728e927149548d7c02b9d655df9b179a72ce;11;11-cephfs-mds;P0;runtime/source;conditional;"Triage owner 11: CephFS/MDS owned path; inspect endpoint hunk before binary impact verdict.";;;;
2229;v16.2.15;v17.2.7;src/messages/MCacheExpire.h;;M;M;2;0;FALSE;100644;100644;1c9334ba0475fc5ad5e6f9050a0b54197091159e;a01276b11908ea7c41cade56daf9f946175b9742;11;11-cephfs-mds;P0;runtime/source;conditional;"Triage owner 11: MDS/client wire message; inspect endpoint hunk before binary impact verdict.";;;;
2230;v16.2.15;v17.2.7;src/messages/MClientCapRelease.h;;M;M;2;0;FALSE;100644;100644;1524dd25cc84b7e82a37f6e0718b931c3f0f1854;f4302d6bc41683ae5808ed7febe76abc4b3d48e5;11;11-cephfs-mds;P0;runtime/source;conditional;"Triage owner 11: MDS/client wire message; inspect endpoint hunk before binary impact verdict.";;;;
2231;v16.2.15;v17.2.7;src/messages/MClientCaps.h;;M;M;2;0;FALSE;100644;100644;d1a4817bec103f75b5b4313018b468215465322f;77e8db1d0992bd201b693dab77e9ae2b531bbc24;11;11-cephfs-mds;P0;runtime/source;conditional;"Triage owner 11: MDS/client wire message; inspect endpoint hunk before binary impact verdict.";;;;
2232;v16.2.15;v17.2.7;src/messages/MClientLease.h;;M;M;2;0;FALSE;100644;100644;cad0f3f215595106076908ec7b8937c971f7e4b0;e0c1d13c80b82e4f428889614c4b974a1c16df58;11;11-cephfs-mds;P0;runtime/source;conditional;"Triage owner 11: MDS/client wire message; inspect endpoint hunk before binary impact verdict.";;;;
2233;v16.2.15;v17.2.7;src/messages/MClientMetrics.h;;M;M;3;1;FALSE;100644;100644;5e4234c69bb2af7ceb3399597513883402373e12;5db391fe7ac80c2d05faad48b53dea9595e5dd79;11;11-cephfs-mds;P0;runtime/source;conditional;"Triage owner 11: MDS/client wire message; inspect endpoint hunk before binary impact verdict.";;;;
2234;v16.2.15;v17.2.7;src/messages/MClientQuota.h;;M;M;2;0;FALSE;100644;100644;4dad9f1d00e004d7749385a060e89564f5c81198;ddad8fbddf03702a448d5e13873b512b7e8570cb;11;11-cephfs-mds;P0;runtime/source;conditional;"Triage owner 11: MDS/client wire message; inspect endpoint hunk before binary impact verdict.";;;;
2235;v16.2.15;v17.2.7;src/messages/MClientReclaim.h;;M;M;2;0;FALSE;100644;100644;f3f0ff09edc5c47f2a11543e9638ae25dee010a2;edaf54b6bca506afaac44f379b6795f8f6b0b8fc;11;11-cephfs-mds;P0;runtime/source;conditional;"Triage owner 11: MDS/client wire message; inspect endpoint hunk before binary impact verdict.";;;;
2236;v16.2.15;v17.2.7;src/messages/MClientReclaimReply.h;;M;M;2;0;FALSE;100644;100644;354906cd4d2dd8acea111c5ac62871133540bcbf;23d3a51b0ec5b214907aba7b4a79469d2f29b10a;11;11-cephfs-mds;P0;runtime/source;conditional;"Triage owner 11: MDS/client wire message; inspect endpoint hunk before binary impact verdict.";;;;
2237;v16.2.15;v17.2.7;src/messages/MClientReconnect.h;;M;M;2;0;FALSE;100644;100644;43c5a4076872d035f7d7da57fbf04881bde3d927;96610b7b3ebb35a6456e8777c6a95c2f9366b495;11;11-cephfs-mds;P0;runtime/source;conditional;"Triage owner 11: MDS/client wire message; inspect endpoint hunk before binary impact verdict.";;;;
2238;v16.2.15;v17.2.7;src/messages/MClientReply.h;;M;M;2;0;FALSE;100644;100644;8becee96b983c3443710cb516c64e12c31809060;75700e27e5fd244c234ee8fac10afe5103b7c16e;11;11-cephfs-mds;P0;runtime/source;conditional;"Triage owner 11: MDS/client wire message; inspect endpoint hunk before binary impact verdict.";;;;
2239;v16.2.15;v17.2.7;src/messages/MClientRequest.h;;M;M;3;4;FALSE;100644;100644;396e67f1e0fa7f9892bcae1ec6db35bde3b717aa;4a6a21d3c5503195fba93997888ded3863d8c74d;11;11-cephfs-mds;P0;runtime/source;conditional;"Triage owner 11: MDS/client wire message; inspect endpoint hunk before binary impact verdict.";;;;
2240;v16.2.15;v17.2.7;src/messages/MClientRequestForward.h;;M;M;2;0;FALSE;100644;100644;5c1eebd4b15d2c21ddc2b0b1753ae42ba0612232;a9c2b04dcddf55b9f656d78a7bbce033a078dca5;11;11-cephfs-mds;P0;runtime/source;conditional;"Triage owner 11: MDS/client wire message; inspect endpoint hunk before binary impact verdict.";;;;
2241;v16.2.15;v17.2.7;src/messages/MClientSession.h;;M;M;2;0;FALSE;100644;100644;f6927a49c6cc4458f81f47284dbdedf9c91b8bab;7ce165870c3f889c35f62e9344698a2e5e1b8a7f;11;11-cephfs-mds;P0;runtime/source;conditional;"Triage owner 11: MDS/client wire message; inspect endpoint hunk before binary impact verdict.";;;;
2242;v16.2.15;v17.2.7;src/messages/MClientSnap.h;;M;M;2;0;FALSE;100644;100644;75178bffad16f5ec42e5ab483411f0116dbe9467;d2d0633addbb129c46c5f6bfa034c91e94461e3c;11;11-cephfs-mds;P0;runtime/source;conditional;"Triage owner 11: MDS/client wire message; inspect endpoint hunk before binary impact verdict.";;;;
2243;v16.2.15;v17.2.7;src/messages/MDentryLink.h;;M;M;2;0;FALSE;100644;100644;c461105bcf4f7b1e8d954a7bd216fcb9c8eb4364;f96dccf96bb6acc4dd397687826c83fa490a1d00;11;11-cephfs-mds;P0;runtime/source;conditional;"Triage owner 11: MDS/client wire message; inspect endpoint hunk before binary impact verdict.";;;;
2244;v16.2.15;v17.2.7;src/messages/MDentryUnlink.h;;M;M;56;6;FALSE;100644;100644;02edb92fb3054a88e77cd8fe5aa73151cc8c472f;fc52284416659ae4075084d18edeb24b26e16835;11;11-cephfs-mds;P0;runtime/source;conditional;"Triage owner 11: MDS/client wire message; inspect endpoint hunk before binary impact verdict.";;;;
2245;v16.2.15;v17.2.7;src/messages/MDirUpdate.h;;M;M;2;0;FALSE;100644;100644;47ea3a7f44aa891e2f0da6013ecc57231b705cad;67b4e1f3b5611cf7c3d8e8dde3e164fc6cbf6026;11;11-cephfs-mds;P0;runtime/source;conditional;"Triage owner 11: MDS/client wire message; inspect endpoint hunk before binary impact verdict.";;;;
2246;v16.2.15;v17.2.7;src/messages/MDiscover.h;;M;M;2;0;FALSE;100644;100644;7b69981b4df865e478a452ce02f32d0b0b0a8d29;5a69fa7fa24fca52c77e11aa49423969f1e38195;11;11-cephfs-mds;P0;runtime/source;conditional;"Triage owner 11: MDS/client wire message; inspect endpoint hunk before binary impact verdict.";;;;
2247;v16.2.15;v17.2.7;src/messages/MDiscoverReply.h;;M;M;2;0;FALSE;100644;100644;e2d11d0fb7af42012234efcb660a0147460030a0;e8a553f1d8ea3c7c19b1332253050c22951002bb;11;11-cephfs-mds;P0;runtime/source;conditional;"Triage owner 11: MDS/client wire message; inspect endpoint hunk before binary impact verdict.";;;;
2248;v16.2.15;v17.2.7;src/messages/MExportCaps.h;;M;M;2;0;FALSE;100644;100644;63cf927e889daf94df176959e7ac0148ef180d7c;86c795403c7b6c1539889ef57639ea8da6852893;11;11-cephfs-mds;P0;runtime/source;conditional;"Triage owner 11: MDS/client wire message; inspect endpoint hunk before binary impact verdict.";;;;
2249;v16.2.15;v17.2.7;src/messages/MExportCapsAck.h;;M;M;2;0;FALSE;100644;100644;1ac62fdd4f53c3f4140d3265bf29eca65086c9c3;d575881924f9f35bba90689a77fe974a5857d610;11;11-cephfs-mds;P0;runtime/source;conditional;"Triage owner 11: MDS/client wire message; inspect endpoint hunk before binary impact verdict.";;;;
2250;v16.2.15;v17.2.7;src/messages/MExportDir.h;;M;M;2;0;FALSE;100644;100644;882aecfca30dbc1c54b27f67b590800210b899e5;7c2b39166a7e9e2e15f2909f063c100b02257c18;11;11-cephfs-mds;P0;runtime/source;conditional;"Triage owner 11: MDS/client wire message; inspect endpoint hunk before binary impact verdict.";;;;
2251;v16.2.15;v17.2.7;src/messages/MExportDirAck.h;;M;M;2;0;FALSE;100644;100644;4728cc3ab86a5bf41a9bcba49f21ef4c35224fb6;76b872df46652f6bdc3e3b4a969723acc93d8830;11;11-cephfs-mds;P0;runtime/source;conditional;"Triage owner 11: MDS/client wire message; inspect endpoint hunk before binary impact verdict.";;;;
2252;v16.2.15;v17.2.7;src/messages/MExportDirCancel.h;;M;M;2;0;FALSE;100644;100644;50bba26792c7de32c8fe181885f825b0347aa6ae;b085231e7950a2f3f37571357725a1b9ac083c94;11;11-cephfs-mds;P0;runtime/source;conditional;"Triage owner 11: MDS/client wire message; inspect endpoint hunk before binary impact verdict.";;;;
2253;v16.2.15;v17.2.7;src/messages/MExportDirDiscover.h;;M;M;2;0;FALSE;100644;100644;91d62a49b78a6e46cc73d8a2bb90f0dc5b8b41e1;c191e1011d526c19ea9564d27e034a9d99f52185;11;11-cephfs-mds;P0;runtime/source;conditional;"Triage owner 11: MDS/client wire message; inspect endpoint hunk before binary impact verdict.";;;;
2254;v16.2.15;v17.2.7;src/messages/MExportDirDiscoverAck.h;;M;M;2;0;FALSE;100644;100644;b33ed07a576348504ca7d6849b984364c7162a98;3d7870b22a66797810b94537d516d981e019b664;11;11-cephfs-mds;P0;runtime/source;conditional;"Triage owner 11: MDS/client wire message; inspect endpoint hunk before binary impact verdict.";;;;
2255;v16.2.15;v17.2.7;src/messages/MExportDirFinish.h;;M;M;2;0;FALSE;100644;100644;5cbf9ae292c3b4c72cf90ffff8529aaf3b9eaa3d;f691301495738cedd798467d58118ec5881c9cb2;11;11-cephfs-mds;P0;runtime/source;conditional;"Triage owner 11: MDS/client wire message; inspect endpoint hunk before binary impact verdict.";;;;
2256;v16.2.15;v17.2.7;src/messages/MExportDirNotify.h;;M;M;2;0;FALSE;100644;100644;bad8f82a09ccb84a706f3de00d83ac260f927877;d6f0f4e7723a995af7648e4ed2f33643fd25fbba;11;11-cephfs-mds;P0;runtime/source;conditional;"Triage owner 11: MDS/client wire message; inspect endpoint hunk before binary impact verdict.";;;;
2257;v16.2.15;v17.2.7;src/messages/MExportDirNotifyAck.h;;M;M;3;1;FALSE;100644;100644;71ffafc145dbc89bbb27158f2b826b9c9684205c;0dd3f46b2bd49d010c82e449089e34abc4b5e318;11;11-cephfs-mds;P0;runtime/source;conditional;"Triage owner 11: MDS/client wire message; inspect endpoint hunk before binary impact verdict.";;;;
2258;v16.2.15;v17.2.7;src/messages/MExportDirPrep.h;;M;M;2;0;FALSE;100644;100644;4a456d517bc26234598dc3e579ebab9cb7961678;0927ff9f5a59f50e4fa33b38af400370af610fcf;11;11-cephfs-mds;P0;runtime/source;conditional;"Triage owner 11: MDS/client wire message; inspect endpoint hunk before binary impact verdict.";;;;
2259;v16.2.15;v17.2.7;src/messages/MExportDirPrepAck.h;;M;M;2;0;FALSE;100644;100644;1d5456ac8fbb0e4710b618d00c4f121e2cd790d9;b51182d45e5641c4994b6fb7067a111b12fdb497;11;11-cephfs-mds;P0;runtime/source;conditional;"Triage owner 11: MDS/client wire message; inspect endpoint hunk before binary impact verdict.";;;;
2260;v16.2.15;v17.2.7;src/messages/MGatherCaps.h;;M;M;2;0;FALSE;100644;100644;f3f05b94e57f62248451292f899ebe5de9f3cb91;35ae7fdcd20b4eb716fb12195e119beaed746d08;11;11-cephfs-mds;P0;runtime/source;conditional;"Triage owner 11: MDS/client wire message; inspect endpoint hunk before binary impact verdict.";;;;
2261;v16.2.15;v17.2.7;src/messages/MHeartbeat.h;;M;M;2;0;FALSE;100644;100644;40c1042b6a80caed36ea5a77914a95e96138ce56;3889b30651a7b93d5983cb9ddca00d8ef7ca7acb;11;11-cephfs-mds;P0;runtime/source;conditional;"Triage owner 11: MDS/client wire message; inspect endpoint hunk before binary impact verdict.";;;;
2262;v16.2.15;v17.2.7;src/messages/MInodeFileCaps.h;;M;M;2;0;FALSE;100644;100644;e2a189ec42c341678a86496280173536d6abd9b2;f8fc6fce651aef4d1ba90a366f58b67d82a274f3;11;11-cephfs-mds;P0;runtime/source;conditional;"Triage owner 11: MDS/client wire message; inspect endpoint hunk before binary impact verdict.";;;;
2264;v16.2.15;v17.2.7;src/messages/MLock.h;;M;M;2;0;FALSE;100644;100644;25dd718f83ac9e92061fd3680445a5331ffb98ce;7eb5ec098c4ef01f570c601533fafdb3ac0c1c7f;11;11-cephfs-mds;P0;runtime/source;conditional;"Triage owner 11: MDS/client wire message; inspect endpoint hunk before binary impact verdict.";;;;
2265;v16.2.15;v17.2.7;src/messages/MMDSBeacon.h;;M;M;2;4;FALSE;100644;100644;1a60a129c1b175b383f184390bd04bd226d14892;f2fa150bee31accddaa4713e462ca8b899a98c4c;11;11-cephfs-mds;P0;runtime/source;conditional;"Triage owner 11: MDS/client wire message; inspect endpoint hunk before binary impact verdict.";;;;
2266;v16.2.15;v17.2.7;src/messages/MMDSCacheRejoin.h;;M;M;2;0;FALSE;100644;100644;6f13ccd10557238afac25fbc458a02be41e9f57b;a9211d53538ad8e07ef7e7146da7195fe52d4d19;11;11-cephfs-mds;P0;runtime/source;conditional;"Triage owner 11: MDS/client wire message; inspect endpoint hunk before binary impact verdict.";;;;
2267;v16.2.15;v17.2.7;src/messages/MMDSFindIno.h;;M;M;2;0;FALSE;100644;100644;09f8e72ffc6f9e504cd4ce2f70c6955be51767f9;a729296da8e96717ab71bb69e1220ece54e812c4;11;11-cephfs-mds;P0;runtime/source;conditional;"Triage owner 11: MDS/client wire message; inspect endpoint hunk before binary impact verdict.";;;;
2268;v16.2.15;v17.2.7;src/messages/MMDSFindInoReply.h;;M;M;2;0;FALSE;100644;100644;eef8e692627a555d9b446664f62c4972ca4c37a8;274567f0cf4f703671a2816bd47c38711ea2d134;11;11-cephfs-mds;P0;runtime/source;conditional;"Triage owner 11: MDS/client wire message; inspect endpoint hunk before binary impact verdict.";;;;
2269;v16.2.15;v17.2.7;src/messages/MMDSFragmentNotify.h;;M;M;3;1;FALSE;100644;100644;7ae5829f9e0eacdfcef093052fedbe372463f9e9;2bc2ea629deb08ee99e15da89cc154aa0835d0c5;11;11-cephfs-mds;P0;runtime/source;conditional;"Triage owner 11: MDS/client wire message; inspect endpoint hunk before binary impact verdict.";;;;
2270;v16.2.15;v17.2.7;src/messages/MMDSFragmentNotifyAck.h;;M;M;2;0;FALSE;100644;100644;4d60a732ebe0181bffd404ff989de0ce0dfe65b3;ca22183cf68b22d65c6fbb734d779e06111698ca;11;11-cephfs-mds;P0;runtime/source;conditional;"Triage owner 11: MDS/client wire message; inspect endpoint hunk before binary impact verdict.";;;;
2271;v16.2.15;v17.2.7;src/messages/MMDSLoadTargets.h;;M;M;2;0;FALSE;100644;100644;bab923db03f7f40ecf80c1f154acb0d82539ce3f;ebd96bff1c62d366a02e57ca0d29afdaf352c9dd;11;11-cephfs-mds;P0;runtime/source;conditional;"Triage owner 11: MDS/client wire message; inspect endpoint hunk before binary impact verdict.";;;;
2272;v16.2.15;v17.2.7;src/messages/MMDSMap.h;;M;M;7;4;FALSE;100644;100644;c3bf2bc5a1237dbdddddcf35c0805dc56b97e5b0;700cd2121bd5036e9208721d8906e0e41e5fddd6;11;11-cephfs-mds;P0;runtime/source;conditional;"Triage owner 11: MDS/client wire message; inspect endpoint hunk before binary impact verdict.";;;;
2273;v16.2.15;v17.2.7;src/messages/MMDSMetrics.h;;M;M;3;1;FALSE;100644;100644;1cb74188017fa15181acc13594485efcf01eed22;4a8e036eb0a77d5257c9d62912f3ae067d78b9b1;11;11-cephfs-mds;P0;runtime/source;conditional;"Triage owner 11: MDS/client wire message; inspect endpoint hunk before binary impact verdict.";;;;
2274;v16.2.15;v17.2.7;src/messages/MMDSOpenIno.h;;M;M;2;0;FALSE;100644;100644;b51795338efced29aedf5ca4ac5d742f46415e2f;842ebe1e5cc86008335c7914f7b854a8fc0e9c1b;11;11-cephfs-mds;P0;runtime/source;conditional;"Triage owner 11: MDS/client wire message; inspect endpoint hunk before binary impact verdict.";;;;
2275;v16.2.15;v17.2.7;src/messages/MMDSOpenInoReply.h;;M;M;2;0;FALSE;100644;100644;a331b5f8b406607d76f8219fd64e2b175a30ace4;25a2ea27956cebaab2a1a3efa6a1d09d8934d4bb;11;11-cephfs-mds;P0;runtime/source;conditional;"Triage owner 11: MDS/client wire message; inspect endpoint hunk before binary impact verdict.";;;;
2276;v16.2.15;v17.2.7;src/messages/MMDSPeerRequest.h;;M;M;2;0;FALSE;100644;100644;389f8b96bbd37ee1dfb4a52b7c7b18f2109e158b;1799ab361a11587cac19e4d0c2c4bb40a06d1bb6;11;11-cephfs-mds;P0;runtime/source;conditional;"Triage owner 11: MDS/client wire message; inspect endpoint hunk before binary impact verdict.";;;;
2277;v16.2.15;v17.2.7;src/messages/MMDSPing.h;;M;M;3;1;FALSE;100644;100644;6c1f2f20edebd9a52d2e2ecc4b1f15a3bb1dc4c1;586ca91c1bcb98bc6d0a1bdc9a2642616ba24045;11;11-cephfs-mds;P0;runtime/source;conditional;"Triage owner 11: MDS/client wire message; inspect endpoint hunk before binary impact verdict.";;;;
2278;v16.2.15;v17.2.7;src/messages/MMDSResolve.h;;M;M;3;1;FALSE;100644;100644;d636bdcd559edf14246944418d7c7c9f6c2c948a;7b4f7c123e5e9e236b936434052d358ac14d0174;11;11-cephfs-mds;P0;runtime/source;conditional;"Triage owner 11: MDS/client wire message; inspect endpoint hunk before binary impact verdict.";;;;
2279;v16.2.15;v17.2.7;src/messages/MMDSResolveAck.h;;M;M;2;0;FALSE;100644;100644;727f83f450cc2e2c3a4cca8ca30ddd2d605751a2;0b459aaef9cfc9c00df348441e7881f4221aeb74;11;11-cephfs-mds;P0;runtime/source;conditional;"Triage owner 11: MDS/client wire message; inspect endpoint hunk before binary impact verdict.";;;;
2280;v16.2.15;v17.2.7;src/messages/MMDSScrub.h;;M;M;3;1;FALSE;100644;100644;b4f4ce55b82e665b79f0f055ce9060a01d220d95;a1bf2b54f5dd07a7e7ef016d97f1a92fe08cb608;11;11-cephfs-mds;P0;runtime/source;conditional;"Triage owner 11: MDS/client wire message; inspect endpoint hunk before binary impact verdict.";;;;
2281;v16.2.15;v17.2.7;src/messages/MMDSScrubStats.h;;M;M;3;1;FALSE;100644;100644;41c403adea75179cd0b2d7c57fe1b77db9f5f6a1;c60981be5907a224ac07cb37b7cfefd5b67dc023;11;11-cephfs-mds;P0;runtime/source;conditional;"Triage owner 11: MDS/client wire message; inspect endpoint hunk before binary impact verdict.";;;;
2282;v16.2.15;v17.2.7;src/messages/MMDSSnapUpdate.h;;M;M;2;0;FALSE;100644;100644;51b9760247ebad06231d056f1f3a4814ef8b3164;91ff42c42b693dec9a818b757bdf584758d87f80;11;11-cephfs-mds;P0;runtime/source;conditional;"Triage owner 11: MDS/client wire message; inspect endpoint hunk before binary impact verdict.";;;;
2283;v16.2.15;v17.2.7;src/messages/MMDSTableRequest.h;;M;M;2;0;FALSE;100644;100644;365d5fb59fb36061b57c6db192718d48319669c9;df7722f219a683aa17cdfc176e5c5c688135dfd2;11;11-cephfs-mds;P0;runtime/source;conditional;"Triage owner 11: MDS/client wire message; inspect endpoint hunk before binary impact verdict.";;;;
2374;v16.2.15;v17.2.7;src/mount.fuse.ceph;;M;M;9;6;FALSE;100755;100755;c18ff335118e1243e0530dd2fb2b11ebc09ee95b;59a296d964fecea1a9d68faaa37fc3b8c76d87e3;11;11-cephfs-mds;P0;runtime/source;conditional;"Triage owner 11: CephFS client or class; inspect endpoint hunk before binary impact verdict.";;;;
2375;v16.2.15;v17.2.7;src/mount/conf.cc;;M;M;4;0;FALSE;100644;100644;05dc09c04804b35e9a59da4824f5a2ab1f453d33;9a24aa53c3f1985472fdeccf8d70938cffeacd24;11;11-cephfs-mds;P0;runtime/source;conditional;"Triage owner 11: CephFS client or class; inspect endpoint hunk before binary impact verdict.";;;;
2376;v16.2.15;v17.2.7;src/mount/mount.ceph.c;;M;M;510;81;FALSE;100644;100644;af3e4389fbf6bb5d0ec61c86a830498dcf54b828;ff1b12c474e57772e7530d6923e0e05356e33a24;11;11-cephfs-mds;P0;runtime/source;conditional;"Triage owner 11: CephFS client or class; inspect endpoint hunk before binary impact verdict.";;;;
2377;v16.2.15;v17.2.7;src/mount/mount.ceph.h;;M;M;3;0;FALSE;100644;100644;673175db5a8e9f23ec14bde4ad4d3eb93e69d637;9bd6bbfcc07ec10f45f320de2d5eceadded2574f;11;11-cephfs-mds;P0;runtime/source;conditional;"Triage owner 11: CephFS client or class; inspect endpoint hunk before binary impact verdict.";;;;
2551;v16.2.15;v17.2.7;src/pybind/cephfs/cephfs.pyx;;M;M;27;25;FALSE;100644;100644;9e183dc2caece533611d5f61223ccf140583aea4;fca3846de64a6a79fec4e1c62965f9cc24c08b84;11;11-cephfs-mds;P0;runtime/source;conditional;"Triage owner 11: CephFS/MDS owned path; inspect endpoint hunk before binary impact verdict.";;;;
2552;v16.2.15;v17.2.7;src/pybind/cephfs/setup.py;;M;M;0;2;FALSE;100755;100755;c3d40df05a8f4210aec9d070b0994cd63db740e2;f6c2025f75d3575e7395c103c4bd0411b03f0f42;11;11-cephfs-mds;P0;runtime/source;conditional;"Triage owner 11: CephFS/MDS owned path; inspect endpoint hunk before binary impact verdict.";;;;
3184;v16.2.15;v17.2.7;src/pybind/mgr/nfs/cluster.py;;M;M;29;6;FALSE;100644;100644;1d80544113243a58b6a721c9c7fbec764eda14b1;a104d3e9bf524b3d026caedea1847f1f739b2f46;11;11-cephfs-mds;P0;runtime/source;conditional;"Triage owner 11: CephFS/MDS owned path; inspect endpoint hunk before binary impact verdict.";;;;
3185;v16.2.15;v17.2.7;src/pybind/mgr/nfs/export.py;;M;M;10;4;FALSE;100644;100644;6296acdd14f3e6baea7bfc3c394d40dd2f2a1d52;3fa263ed8239cb22d9e04c1c68fafbb8ab8175a8;11;11-cephfs-mds;P0;runtime/source;conditional;"Triage owner 11: CephFS/MDS owned path; inspect endpoint hunk before binary impact verdict.";;;;
3186;v16.2.15;v17.2.7;src/pybind/mgr/nfs/ganesha_conf.py;src/pybind/mgr/nfs/export_utils.py;R;R086;70;68;FALSE;100644;100644;a2e6ee97f4dd205116d79d2aac388a6a5bd0e3c9;31aaa4ea11c38f8f04781eec19f87418185ec921;11;11-cephfs-mds;P0;runtime/source;conditional;"Triage owner 11: CephFS/MDS owned path; inspect endpoint hunk before binary impact verdict.";;;;
3187;v16.2.15;v17.2.7;src/pybind/mgr/nfs/module.py;;M;M;3;1;FALSE;100644;100644;340792e81b33b228a0dbecd600e9fc279b065c5e;601224ddbde62e31f3512c1fa160fd7a5c4a3f98;11;11-cephfs-mds;P0;runtime/source;conditional;"Triage owner 11: CephFS/MDS owned path; inspect endpoint hunk before binary impact verdict.";;;;
3188;v16.2.15;v17.2.7;src/pybind/mgr/nfs/tests/test_nfs.py;;M;M;24;3;FALSE;100644;100644;a1caba5ea0f767269b81ca987cacefd1283167bc;1e1048207614576fd66e2023eab1a0110a76f5c0;11;11-cephfs-mds;P0;runtime/source;conditional;"Triage owner 11: CephFS/MDS owned path; inspect endpoint hunk before binary impact verdict.";;;;
3220;v16.2.15;v17.2.7;src/pybind/mgr/snap_schedule/fs/schedule.py;;M;M;132;98;FALSE;100644;100644;1bb1861ca676ab7c682ec5ba8d6f689622a19ffb;d0c9f1098b470a27fe10521b5207ef98b3f6b5c0;11;11-cephfs-mds;P0;runtime/source;conditional;"Triage owner 11: CephFS/MDS owned path; inspect endpoint hunk before binary impact verdict.";;;;
3221;v16.2.15;v17.2.7;src/pybind/mgr/snap_schedule/fs/schedule_client.py;;M;M;77;67;FALSE;100644;100644;39bde3c1faf9889205941835bcc87eb479fc175c;28d54639a3e0ae913264ff6e5983a28e4845cd55;11;11-cephfs-mds;P0;runtime/source;conditional;"Triage owner 11: CephFS/MDS owned path; inspect endpoint hunk before binary impact verdict.";;;;
3222;v16.2.15;v17.2.7;src/pybind/mgr/snap_schedule/module.py;;M;M;14;11;FALSE;100644;100644;94876506e7f4f6b6ae4c5a41e8924ec39964773e;4af4283604f3c967ba9fe0ac6c51e262d20369a3;11;11-cephfs-mds;P0;runtime/source;conditional;"Triage owner 11: CephFS/MDS owned path; inspect endpoint hunk before binary impact verdict.";;;;
3238;v16.2.15;v17.2.7;src/pybind/mgr/volumes/fs/async_job.py;;M;M;12;11;FALSE;100644;100644;0006724e0be0e83e13dd4de64944b818c24fbd81;a91764e76fe247607b02c03bf05892afe296fec2;11;11-cephfs-mds;P0;runtime/source;conditional;"Triage owner 11: CephFS/MDS owned path; inspect endpoint hunk before binary impact verdict.";;;;
3239;v16.2.15;v17.2.7;src/pybind/mgr/volumes/fs/fs_util.py;;M;M;11;1;FALSE;100644;100644;96e7b9fae2ef8e8ab6f6fcd8d906e6b04c6eb5ea;e37bfe29d06b7e2c650b629b20b7439936c1381e;11;11-cephfs-mds;P0;runtime/source;conditional;"Triage owner 11: CephFS/MDS owned path; inspect endpoint hunk before binary impact verdict.";;;;
3240;v16.2.15;v17.2.7;src/pybind/mgr/volumes/fs/operations/access.py;;M;M;5;3;FALSE;100644;100644;158e21c2619bdbca588716ea9599a20c753f876d;9b7b2431605c5ecc3e13d49095ba6f3e21ee2611;11;11-cephfs-mds;P0;runtime/source;conditional;"Triage owner 11: CephFS/MDS owned path; inspect endpoint hunk before binary impact verdict.";;;;
3241;v16.2.15;v17.2.7;src/pybind/mgr/volumes/fs/operations/clone_index.py;;M;M;3;1;FALSE;100644;100644;a2b31f858e067328aefcf08619ee6d6bb09e0e7c;f5a850638d8f51efc42b3e88d042263d50dd89e1;11;11-cephfs-mds;P0;runtime/source;conditional;"Triage owner 11: CephFS/MDS owned path; inspect endpoint hunk before binary impact verdict.";;;;
3242;v16.2.15;v17.2.7;src/pybind/mgr/volumes/fs/operations/group.py;;M;M;4;0;FALSE;100644;100644;c91969278022b1ddf195f97b1e3e4bd85576e601;8b40610332dce36c8263e2e339f1af8fd32e9c67;11;11-cephfs-mds;P0;runtime/source;conditional;"Triage owner 11: CephFS/MDS owned path; inspect endpoint hunk before binary impact verdict.";;;;
3243;v16.2.15;v17.2.7;src/pybind/mgr/volumes/fs/operations/resolver.py;;M;M;3;0;FALSE;100644;100644;a9543654e66d8a80245e4c686cf47c86339c5229;c7ae8c1a3109a88b1b4b37a6ba0c340b85d3bbce;11;11-cephfs-mds;P0;runtime/source;conditional;"Triage owner 11: CephFS/MDS owned path; inspect endpoint hunk before binary impact verdict.";;;;
3244;v16.2.15;v17.2.7;src/pybind/mgr/volumes/fs/operations/snapshot_util.py;;M;M;2;0;FALSE;100644;100644;2223c58e5c00088f770b8dcfe24e92a248bf080b;c09caade0c413d3ff3af9bbbe38b682ec9218e6e;11;11-cephfs-mds;P0;runtime/source;conditional;"Triage owner 11: CephFS/MDS owned path; inspect endpoint hunk before binary impact verdict.";;;;
3245;v16.2.15;v17.2.7;src/pybind/mgr/volumes/fs/operations/subvolume.py;;M;M;3;3;FALSE;100644;100644;dc36477b54ed6112fe4c89041fafa6bf6311872c;eed34db6ee2e5050492977ce9ea7fad480a6b8b2;11;11-cephfs-mds;P0;runtime/source;conditional;"Triage owner 11: CephFS/MDS owned path; inspect endpoint hunk before binary impact verdict.";;;;
3246;v16.2.15;v17.2.7;src/pybind/mgr/volumes/fs/operations/versions/auth_metadata.py;;M;M;3;1;FALSE;100644;100644;259dcd0e0c3140a912dc17a87c4cb0d6c574be84;b458acac4155efda6bbb4d0f634d47c1db3f45f7;11;11-cephfs-mds;P0;runtime/source;conditional;"Triage owner 11: CephFS/MDS owned path; inspect endpoint hunk before binary impact verdict.";;;;
3247;v16.2.15;v17.2.7;src/pybind/mgr/volumes/fs/operations/versions/subvolume_attrs.py;;M;M;21;17;FALSE;100644;100644;ec7138cbdb6f291aeb03a7248564600c804c4751;f8a3c4a19af497d6a840e5f7c05d03449a62c2fe;11;11-cephfs-mds;P0;runtime/source;conditional;"Triage owner 11: CephFS/MDS owned path; inspect endpoint hunk before binary impact verdict.";;;;
3248;v16.2.15;v17.2.7;src/pybind/mgr/volumes/fs/operations/versions/subvolume_base.py;;M;M;119;51;FALSE;100644;100644;72fc45a420ae780bdf6bfa8a779d5c16f16f2c90;3bae0707a6a4ddbea111d60a3b861db373d8ee18;11;11-cephfs-mds;P0;runtime/source;conditional;"Triage owner 11: CephFS/MDS owned path; inspect endpoint hunk before binary impact verdict.";;;;
3249;v16.2.15;v17.2.7;src/pybind/mgr/volumes/fs/operations/volume.py;;M;M;99;3;FALSE;100644;100644;c013596f10bc36b76332654740388d3531f12f33;395a3fb4ea07265e10f1fc409b304bcae9b31ecd;11;11-cephfs-mds;P0;runtime/source;conditional;"Triage owner 11: CephFS/MDS owned path; inspect endpoint hunk before binary impact verdict.";;;;
3250;v16.2.15;v17.2.7;src/pybind/mgr/volumes/fs/purge_queue.py;;M;M;4;0;FALSE;100644;100644;d67ef9af373f6fcaaf347c4ca5695ec42e78115b;d444daa91c3a85e458dd3a1865958caa4602d093;11;11-cephfs-mds;P0;runtime/source;conditional;"Triage owner 11: CephFS/MDS owned path; inspect endpoint hunk before binary impact verdict.";;;;
3251;v16.2.15;v17.2.7;src/pybind/mgr/volumes/fs/vol_spec.py;;M;M;0;1;FALSE;100644;100644;2a4ffd1b3aa2f4d11368a94127fb515eedf00196;a3ba1308bca0be3de099d200428304f1ec71c3bb;11;11-cephfs-mds;P0;runtime/source;conditional;"Triage owner 11: CephFS/MDS owned path; inspect endpoint hunk before binary impact verdict.";;;;
3252;v16.2.15;v17.2.7;src/pybind/mgr/volumes/fs/volume.py;;M;M;13;1;FALSE;100644;100644;b7319c75301f547721332d4d2880687f86501525;5c6642444b116b2f4b4f4cc109c3a356ee5190f7;11;11-cephfs-mds;P0;runtime/source;conditional;"Triage owner 11: CephFS/MDS owned path; inspect endpoint hunk before binary impact verdict.";;;;
3253;v16.2.15;v17.2.7;src/pybind/mgr/volumes/module.py;;M;M;26;7;FALSE;100644;100644;1933a56c681b64c4ff38e9cb6223479d1f04fd7d;b9c8e7893435934318aee3f8180f424bce813947;11;11-cephfs-mds;P0;runtime/source;conditional;"Triage owner 11: CephFS/MDS owned path; inspect endpoint hunk before binary impact verdict.";;;;
3859;v16.2.15;v17.2.7;src/test/fs/test_ino_release_cb.cc;;M;M;4;1;FALSE;100644;100644;688f9ad7f67e84cf650676ab2e5cf34a74f893ed;b442fb99192905ad196bf113946e1a4e9a947b60;11;11-cephfs-mds;P2;test/QA;support;"Triage owner 11: component-specific repository test; inspect endpoint hunk before binary impact verdict.";;;;
3868;v16.2.15;v17.2.7;src/test/libcephfs/access.cc;;M;M;1;0;FALSE;100644;100644;cac42f33fb9c062f37c8080a206ef8067663adfd;7338739fa9566082b9d64cc08ecca43b1b30a16e;11;11-cephfs-mds;P2;test/QA;support;"Triage owner 11: component-specific repository test; inspect endpoint hunk before binary impact verdict.";;;;
3869;v16.2.15;v17.2.7;src/test/libcephfs/monconfig.cc;;M;M;1;1;FALSE;100644;100644;c962c4f3ab02eb6d101e2d9ecf4db6fab1731f89;7a224a6298a308f868642b731b4bc94acede83fc;11;11-cephfs-mds;P2;test/QA;support;"Triage owner 11: component-specific repository test; inspect endpoint hunk before binary impact verdict.";;;;
3870;v16.2.15;v17.2.7;src/test/libcephfs/multiclient.cc;;M;M;1;3;FALSE;100644;100644;570fdb11bb83411569b9c452f42cdfd79d5c3f88;f8806a50aa71b04fea6731f3753857dc3f515e90;11;11-cephfs-mds;P2;test/QA;support;"Triage owner 11: component-specific repository test; inspect endpoint hunk before binary impact verdict.";;;;
3871;v16.2.15;v17.2.7;src/test/libcephfs/test.cc;;M;M;56;21;FALSE;100644;100644;7c9943cccb4c0d9f971b22d851baea0c69ed1ea1;253442a88447eb4f2ac6d54dfe21a0f0b643b0dc;11;11-cephfs-mds;P2;test/QA;support;"Triage owner 11: component-specific repository test; inspect endpoint hunk before binary impact verdict.";;;;
3934;v16.2.15;v17.2.7;src/test/mds/TestMDSAuthCaps.cc;;M;M;17;18;FALSE;100644;100644;d8c5da2d7d68059cf66120bd2b0a0cbd0dd058a1;4828032dbd6b51d5fdba113588a960f9945d2b93;11;11-cephfs-mds;P2;test/QA;support;"Triage owner 11: component-specific repository test; inspect endpoint hunk before binary impact verdict.";;;;
4098;v16.2.15;v17.2.7;src/tools/cephfs/DataScan.cc;;M;M;14;4;FALSE;100644;100644;35c171da075d25cee72c7365048d0dd9c342b6ad;267cf64a166ca0182e23199856639f4d61e6e2cd;11;11-cephfs-mds;P0;runtime/source;conditional;"Triage owner 11: CephFS/MDS owned path; inspect endpoint hunk before binary impact verdict.";;;;
4099;v16.2.15;v17.2.7;src/tools/cephfs/DataScan.h;;M;M;4;3;FALSE;100644;100644;a48b3f7dccef57bde428a64873865c163098591c;4b8f34bf69a2998bb21659fafe23c35af029fe43;11;11-cephfs-mds;P0;runtime/source;conditional;"Triage owner 11: CephFS/MDS owned path; inspect endpoint hunk before binary impact verdict.";;;;
4100;v16.2.15;v17.2.7;src/tools/cephfs/Dumper.cc;;M;M;2;0;FALSE;100644;100644;f3b07c55181413e9bb5f4c397511a6e7bac14619;68a190182dd03cc11892e0640117f4cb24a8fd60;11;11-cephfs-mds;P0;runtime/source;conditional;"Triage owner 11: CephFS/MDS owned path; inspect endpoint hunk before binary impact verdict.";;;;
4101;v16.2.15;v17.2.7;src/tools/cephfs/JournalFilter.cc;;M;M;1;0;FALSE;100644;100644;266d7fccb578d8c807dab51fd7ad14e329cf069f;3a5e781a2db68da74a140b84d69d190c88819c18;11;11-cephfs-mds;P0;runtime/source;conditional;"Triage owner 11: CephFS/MDS owned path; inspect endpoint hunk before binary impact verdict.";;;;
4102;v16.2.15;v17.2.7;src/tools/cephfs/JournalTool.cc;;M;M;1;1;FALSE;100644;100644;0836ee8b3d2c36491af18a102141f23772dc9ae4;6bca9bb08167b960111efe2b2f727cffef15f950;11;11-cephfs-mds;P0;runtime/source;conditional;"Triage owner 11: CephFS/MDS owned path; inspect endpoint hunk before binary impact verdict.";;;;
4103;v16.2.15;v17.2.7;src/tools/cephfs/MetaTool.cc;;M;M;1;0;FALSE;100644;100644;527ae636fc0ffd247fb9788ba761cb391a788795;baa0d498a2aa1a2e0e8fb119ff93f1c9d0b9db30;11;11-cephfs-mds;P0;runtime/source;conditional;"Triage owner 11: CephFS/MDS owned path; inspect endpoint hunk before binary impact verdict.";;;;
4104;v16.2.15;v17.2.7;src/tools/cephfs/MetaTool.h;;M;M;27;27;FALSE;100644;100644;510be6552a874a177e93ff63ed291d562eceaef0;d36f7bba23c0118ae5c714f530127ff249921e9e;11;11-cephfs-mds;P0;runtime/source;conditional;"Triage owner 11: CephFS/MDS owned path; inspect endpoint hunk before binary impact verdict.";;;;
4105;v16.2.15;v17.2.7;src/tools/cephfs/Resetter.cc;;M;M;2;0;FALSE;100644;100644;278a48767cdfd0f73090e5532b2a4eeb5780a788;7c0aa30ab6a88acf92c1c83a620034eaf76dcd34;11;11-cephfs-mds;P0;runtime/source;conditional;"Triage owner 11: CephFS/MDS owned path; inspect endpoint hunk before binary impact verdict.";;;;
4106;v16.2.15;v17.2.7;src/tools/cephfs/TableTool.cc;;M;M;2;0;FALSE;100644;100644;e779b4b665e9dc4673da2bbfaedb45fd08c0f802;dcd35a6241b7e5bcda4da685e2e229679881d2ad;11;11-cephfs-mds;P0;runtime/source;conditional;"Triage owner 11: CephFS/MDS owned path; inspect endpoint hunk before binary impact verdict.";;;;
4107;v16.2.15;v17.2.7;src/tools/cephfs/cephfs-data-scan.cc;;M;M;2;3;FALSE;100644;100644;e6efff66c370b32bf30b702346a194930855b9f5;3e1b75cb6390a475643dca71be6e31d7e114ac87;11;11-cephfs-mds;P0;runtime/source;conditional;"Triage owner 11: CephFS/MDS owned path; inspect endpoint hunk before binary impact verdict.";;;;
4108;v16.2.15;v17.2.7;src/tools/cephfs/cephfs-journal-tool.cc;;M;M;2;3;FALSE;100644;100644;290cb305ba5274d38f442ce5b27023eff9a85ca8;f95e7e2651264361922b98fae14f254849798f42;11;11-cephfs-mds;P0;runtime/source;conditional;"Triage owner 11: CephFS/MDS owned path; inspect endpoint hunk before binary impact verdict.";;;;
4109;v16.2.15;v17.2.7;src/tools/cephfs/cephfs-meta-injection.cc;;M;M;1;2;FALSE;100644;100644;5768d38693c4f68c8fd63a22b8e38ad2c646e6bf;48a913469b8315024c2d7b7cdb03b2641d5573d9;11;11-cephfs-mds;P0;runtime/source;conditional;"Triage owner 11: CephFS/MDS owned path; inspect endpoint hunk before binary impact verdict.";;;;
4110;v16.2.15;v17.2.7;src/tools/cephfs/cephfs-table-tool.cc;;M;M;2;3;FALSE;100644;100644;47b475dd0f89b8cab920d3cbc66fd117db992340;4b57080d6273d2a8086bcec15a143ad9f01672ed;11;11-cephfs-mds;P0;runtime/source;conditional;"Triage owner 11: CephFS/MDS owned path; inspect endpoint hunk before binary impact verdict.";;;;
4111;v16.2.15;v17.2.7;src/tools/cephfs/first-damage.sh;;A;A;118;0;FALSE;000000;100755;0000000000000000000000000000000000000000;db50e8bdb0cfe1b2266b133d69aeedd57694e890;11;11-cephfs-mds;P0;runtime/source;conditional;"Triage owner 11: CephFS/MDS owned path; inspect endpoint hunk before binary impact verdict.";;;;
4112;v16.2.15;v17.2.7;src/tools/cephfs/shell/cephfs-shell;;M;M;10;7;FALSE;100755;100755;51bd569e07d15ec1a31a7eee273603def99e7116;9b2c214ccfb8b107efcf9c2559c85833a4473b2b;11;11-cephfs-mds;P0;runtime/source;conditional;"Triage owner 11: CephFS/MDS owned path; inspect endpoint hunk before binary impact verdict.";;;;
4113;v16.2.15;v17.2.7;src/tools/cephfs/top/cephfs-top;;M;M;1;1;FALSE;100755;100755;880ef56f521373377b65ebdab7d59d2c10975638;66d854578fdd38542fe0e53b101eb0a8c367fefb;11;11-cephfs-mds;P0;runtime/source;conditional;"Triage owner 11: CephFS/MDS owned path; inspect endpoint hunk before binary impact verdict.";;;;
4114;v16.2.15;v17.2.7;src/tools/cephfs/type_helper.hpp;;M;M;1;1;FALSE;100644;100644;06dfa0afe5e6bc279ad0c05910087d47673077ff;2ec77c25cd74fafef6141d96dd957dd007f5e8ee;11;11-cephfs-mds;P0;runtime/source;conditional;"Triage owner 11: CephFS/MDS owned path; inspect endpoint hunk before binary impact verdict.";;;;
4115;v16.2.15;v17.2.7;src/tools/cephfs_mirror/FSMirror.cc;;M;M;3;0;FALSE;100644;100644;76dcc11f6c6b71364e6b333fbe80d79bfe33a931;7ea798e6bec2bd130cc0711f8b728c2e8e97b26c;11;11-cephfs-mds;P0;runtime/source;conditional;"Triage owner 11: CephFS/MDS owned path; inspect endpoint hunk before binary impact verdict.";;;;
4116;v16.2.15;v17.2.7;src/tools/cephfs_mirror/FSMirror.h;;M;M;4;4;FALSE;100644;100644;e469b2cc948a129bfdd624b483bc62cf686ebcbd;a9c1fab1025d9f42ee29bba6289ba1f7df744f7c;11;11-cephfs-mds;P0;runtime/source;conditional;"Triage owner 11: CephFS/MDS owned path; inspect endpoint hunk before binary impact verdict.";;;;
4117;v16.2.15;v17.2.7;src/tools/cephfs_mirror/InstanceWatcher.cc;;M;M;2;0;FALSE;100644;100644;9320a90454aec5a34ae5766cc2aa9859e2941da4;b6a51a141aad19cd3b072b487765e12058d3e7e4;11;11-cephfs-mds;P0;runtime/source;conditional;"Triage owner 11: CephFS/MDS owned path; inspect endpoint hunk before binary impact verdict.";;;;
4118;v16.2.15;v17.2.7;src/tools/cephfs_mirror/InstanceWatcher.h;;M;M;2;2;FALSE;100644;100644;a27faa70465646a62adcc27d6704666be312ba99;a0740009605e4ae62c9f67cd3bd7c213808b31fc;11;11-cephfs-mds;P0;runtime/source;conditional;"Triage owner 11: CephFS/MDS owned path; inspect endpoint hunk before binary impact verdict.";;;;
4119;v16.2.15;v17.2.7;src/tools/cephfs_mirror/PeerReplayer.cc;;M;M;3;0;FALSE;100644;100644;6ff1c057e3c6d9aeeb5925f1ea004d218054b607;bd47046bb12184da66f2c9a74aeccf4bcd91f6f2;11;11-cephfs-mds;P0;runtime/source;conditional;"Triage owner 11: CephFS/MDS owned path; inspect endpoint hunk before binary impact verdict.";;;;
4120;v16.2.15;v17.2.7;src/tools/cephfs_mirror/PeerReplayer.h;;M;M;2;2;FALSE;100644;100644;10768f3761f35841a83808a695517e72511e1615;0511d154a759d068fcc87bd5a8db890b5c87bb7e;11;11-cephfs-mds;P0;runtime/source;conditional;"Triage owner 11: CephFS/MDS owned path; inspect endpoint hunk before binary impact verdict.";;;;
4121;v16.2.15;v17.2.7;src/tools/cephfs_mirror/main.cc;;M;M;4;4;FALSE;100644;100644;efaa89c35931e6cd72b1869c16d13fa548523160;4abb895a007d7ebcb74a9eb8f228dd0f7108a999;11;11-cephfs-mds;P0;runtime/source;conditional;"Triage owner 11: CephFS/MDS owned path; inspect endpoint hunk before binary impact verdict.";;;;
