index;base_tag;target_tag;path;old_path;status;status_detail;additions;deletions;binary;old_mode;new_mode;old_blob;new_blob;group;owner_report;priority;file_type;review_mode;analysis_decision;diff_note;upgrade_impact;finding_id;impact_reason
219;v16.2.15;v17.2.7;doc/jaegertracing/rgw_jaeger.png;;A;A;;;TRUE;000000;100644;0000000000000000000000000000000000000000;9f063022c25fed94060e6819340d98fdf5db4bfd;12;12-rgw;P2;documentation;support;"Triage owner 12: RGW documentation; inspect endpoint hunk before binary impact verdict.";;;;
265;v16.2.15;v17.2.7;doc/man/8/rgw-orphan-list.rst;;M;M;1;1;FALSE;100644;100644;408242da277f48f59d31c9b2d61806f433231f26;7b36ec771a388e274efe179043094883371a921c;12;12-rgw;P2;documentation;support;"Triage owner 12: RGW documentation; inspect endpoint hunk before binary impact verdict.";;;;
340;v16.2.15;v17.2.7;doc/radosgw/STS.rst;;M;M;22;14;FALSE;100644;100644;1678f86d54f200437b843f954e8ba02554e127ba;de48bd35ec8b00e13f40e1b8123b6d2b619547fe;12;12-rgw;P2;documentation;support;"Triage owner 12: RGW owned path; inspect endpoint hunk before binary impact verdict.";;;;
341;v16.2.15;v17.2.7;doc/radosgw/STSLite.rst;;M;M;8;8;FALSE;100644;100644;63164e48d3b7531fd061059477420029b2b236ba;7880e373f462857aea64356b7bc30f608ae8980c;12;12-rgw;P2;documentation;support;"Triage owner 12: RGW owned path; inspect endpoint hunk before binary impact verdict.";;;;
342;v16.2.15;v17.2.7;doc/radosgw/admin.rst;;M;M;190;3;FALSE;100644;100644;5f47471acf7fd8f9921bb13461f4c19c9d676c31;8d70252fee6517bfbae620016d6cdf6a7bc1790e;12;12-rgw;P2;documentation;support;"Triage owner 12: RGW owned path; inspect endpoint hunk before binary impact verdict.";;;;
343;v16.2.15;v17.2.7;doc/radosgw/adminops.rst;;M;M;184;22;FALSE;100644;100644;2dfd9f6d988171e9256b95b4384c499c86ec07a8;b3e0a11832b58d7c9fcf0105e1e30a4695f00d06;12;12-rgw;P2;documentation;support;"Triage owner 12: RGW owned path; inspect endpoint hunk before binary impact verdict.";;;;
344;v16.2.15;v17.2.7;doc/radosgw/api.rst;;M;M;2;0;FALSE;100644;100644;c01a3e5796156fd65d278fd9429d0dcc88abd7e5;cb31284e04264584f7df43e29e0087c33613d40b;12;12-rgw;P2;documentation;support;"Triage owner 12: RGW owned path; inspect endpoint hunk before binary impact verdict.";;;;
345;v16.2.15;v17.2.7;doc/radosgw/bucketpolicy.rst;;M;M;1;1;FALSE;100644;100644;5d6dddc744f793dd10675e7f885d8adcc38e461a;99f40c5d777603de9ed1341377f64aeccb02ac4f;12;12-rgw;P2;documentation;support;"Triage owner 12: RGW owned path; inspect endpoint hunk before binary impact verdict.";;;;
346;v16.2.15;v17.2.7;doc/radosgw/cloud-sync-module.rst;;M;M;1;1;FALSE;100644;100644;bea7f441bc5ae3ae621a2e2d63ec36f0ae833541;a601bd503fbab6c27b0b240a1e927fe250c77298;12;12-rgw;P2;documentation;support;"Triage owner 12: RGW owned path; inspect endpoint hunk before binary impact verdict.";;;;
347;v16.2.15;v17.2.7;doc/radosgw/cloud-transition.rst;;A;A;356;0;FALSE;000000;100644;0000000000000000000000000000000000000000;bc5b3ea2c69de2ba514c5971814948db38fb846c;12;12-rgw;P2;documentation;support;"Triage owner 12: RGW owned path; inspect endpoint hunk before binary impact verdict.";;;;
348;v16.2.15;v17.2.7;doc/radosgw/config-ref.rst;;M;M;159;1028;FALSE;100644;100644;1ed6085a6c76791379964ac3655c32f63a4b3ed4;3becf52a795ef4a14d263c773d2917ee50104c05;12;12-rgw;P2;documentation;support;"Triage owner 12: RGW owned path; inspect endpoint hunk before binary impact verdict.";;;;
349;v16.2.15;v17.2.7;doc/radosgw/d3n_datacache.rst;;A;A;116;0;FALSE;000000;100644;0000000000000000000000000000000000000000;12d2850a594ad9d976307ab897c7d49e5ef1a81b;12;12-rgw;P2;documentation;support;"Triage owner 12: RGW owned path; inspect endpoint hunk before binary impact verdict.";;;;
350;v16.2.15;v17.2.7;doc/radosgw/dynamicresharding.rst;;M;M;2;1;FALSE;100644;100644;277a8878edbcf8dc1affb5c64fb64eff1c75057a;db4ab57befe0aa29439e77d7eb9e5f399ad3a961;12;12-rgw;P2;documentation;support;"Triage owner 12: RGW owned path; inspect endpoint hunk before binary impact verdict.";;;;
351;v16.2.15;v17.2.7;doc/radosgw/encryption.rst;;M;M;31;3;FALSE;100644;100644;07fd60ac5d12449c8b2db17564e4d1be68dde1b4;7cada356d690dbf0088f2765f3bfac543bf741dc;12;12-rgw;P2;documentation;support;"Triage owner 12: RGW owned path; inspect endpoint hunk before binary impact verdict.";;;;
352;v16.2.15;v17.2.7;doc/radosgw/frontends.rst;;M;M;0;80;FALSE;100644;100644;e1aa1571a7f030cfd703160d6c3fa1d4757eb13d;5c6900f54489df1a3f3db8f368f9101eba0c61d9;12;12-rgw;P2;documentation;support;"Triage owner 12: RGW owned path; inspect endpoint hunk before binary impact verdict.";;;;
353;v16.2.15;v17.2.7;doc/radosgw/index.rst;;M;M;2;0;FALSE;100644;100644;efdb12d2827fdaa9aba29c1b47cb2579f37c42a6;2677e7a2f9e2391dd88307ffce189ad13ffe885b;12;12-rgw;P2;documentation;support;"Triage owner 12: RGW owned path; inspect endpoint hunk before binary impact verdict.";;;;
354;v16.2.15;v17.2.7;doc/radosgw/layout.rst;;M;M;7;6;FALSE;100644;100644;37c3a72cd6e42d768ac122a31cf9275094c54d26;723adf827124f6f870611d7cce56df5af15e1a61;12;12-rgw;P2;documentation;support;"Triage owner 12: RGW owned path; inspect endpoint hunk before binary impact verdict.";;;;
355;v16.2.15;v17.2.7;doc/radosgw/lua-scripting.rst;;M;M;45;4;FALSE;100644;100644;0f385c46fefa5b13631c0e4addd8c6d7627a498c;9e72428ad21f41200f45fdad5d0d87f179154e43;12;12-rgw;P2;documentation;support;"Triage owner 12: RGW owned path; inspect endpoint hunk before binary impact verdict.";;;;
356;v16.2.15;v17.2.7;doc/radosgw/multisite-sync-policy.rst;;M;M;1;1;FALSE;100644;100644;ba5d10ef5f53619b27372b8ba12f90e5841f59cd;7a6e7105ce637d820d9a8a21550b3ba80ab7f95d;12;12-rgw;P2;documentation;support;"Triage owner 12: RGW owned path; inspect endpoint hunk before binary impact verdict.";;;;
357;v16.2.15;v17.2.7;doc/radosgw/multisite.rst;;M;M;34;9;FALSE;100644;100644;5421ce5438a52fb1718fd4568d48a6db73432cab;32740c841b58362b59f63f7915dcd6017bc11f64;12;12-rgw;P2;documentation;support;"Triage owner 12: RGW owned path; inspect endpoint hunk before binary impact verdict.";;;;
358;v16.2.15;v17.2.7;doc/radosgw/nfs.rst;;M;M;3;3;FALSE;100644;100644;0a506599ae71e41f6efcfb5375e7bac29c4eb7b7;e1a5cc1c12202926de40f9a70e91a11731ea6345;12;12-rgw;P2;documentation;support;"Triage owner 12: RGW owned path; inspect endpoint hunk before binary impact verdict.";;;;
359;v16.2.15;v17.2.7;doc/radosgw/notifications.rst;;M;M;5;4;FALSE;100644;100644;b011adc0107390ca1dba4fd0f3ee32fc2b919c39;6560701a92d943a6c0a22fd6c8c12ecaccc748cc;12;12-rgw;P2;documentation;support;"Triage owner 12: RGW owned path; inspect endpoint hunk before binary impact verdict.";;;;
360;v16.2.15;v17.2.7;doc/radosgw/orphans.rst;;M;M;8;6;FALSE;100644;100644;9a77d60de47673d79966d689803897a7993df768;bf6b10edfca0f5fbd97165d6e6bd004c1a0bacdf;12;12-rgw;P2;documentation;support;"Triage owner 12: RGW owned path; inspect endpoint hunk before binary impact verdict.";;;;
361;v16.2.15;v17.2.7;doc/radosgw/placement.rst;;M;M;4;4;FALSE;100644;100644;cf9a8b664a74e07d1df1975114b1c560b3b99051;ae4316524d94a062d91f711f3c3f7be66dfed868;12;12-rgw;P2;documentation;support;"Triage owner 12: RGW owned path; inspect endpoint hunk before binary impact verdict.";;;;
362;v16.2.15;v17.2.7;doc/radosgw/pubsub-module.rst;;M;M;2;2;FALSE;100644;100644;8a45f41057ff1ff2bda67806a1f777ca7a0a679b;a7e3b3a6e4aec229a103ac1eaa7f6e7ea8adc778;12;12-rgw;P2;documentation;support;"Triage owner 12: RGW owned path; inspect endpoint hunk before binary impact verdict.";;;;
363;v16.2.15;v17.2.7;doc/radosgw/rgw-cache.rst;;M;M;5;0;FALSE;100644;100644;9b4c96f1e2b052d3b45d220ff07b004ce04cc8b6;b4d501e3c01353f37426da8cd5ae6bf392df12ba;12;12-rgw;P2;documentation;support;"Triage owner 12: RGW owned path; inspect endpoint hunk before binary impact verdict.";;;;
364;v16.2.15;v17.2.7;doc/radosgw/role.rst;;M;M;5;5;FALSE;100644;100644;2e2697f57c831065dcab854f9b63bb6a342bc37a;603b017e2c60113d32796fd475f941b389ab29ac;12;12-rgw;P2;documentation;support;"Triage owner 12: RGW owned path; inspect endpoint hunk before binary impact verdict.";;;;
365;v16.2.15;v17.2.7;doc/radosgw/s3-notification-compatibility.rst;;M;M;39;27;FALSE;100644;100644;09054bed39245a87d20ac5eed064d1a4a05eb8ed;d0259d1bb20f73265683726e75c3faefb067b629;12;12-rgw;P2;documentation;support;"Triage owner 12: RGW owned path; inspect endpoint hunk before binary impact verdict.";;;;
366;v16.2.15;v17.2.7;doc/radosgw/s3.rst;;M;M;2;6;FALSE;100644;100644;2eeb70ca34cd2245105caf04f2824092309a4507;cb5eb3adbdb6faa4eb8a3424429e0c96fbe472b8;12;12-rgw;P2;documentation;support;"Triage owner 12: RGW owned path; inspect endpoint hunk before binary impact verdict.";;;;
367;v16.2.15;v17.2.7;doc/radosgw/s3/authentication.rst;;M;M;4;0;FALSE;100644;100644;10143290d3c77092c5448d3095f9def3832cb4ec;64747cde27616192799e671a92381a927632ffcc;12;12-rgw;P2;documentation;support;"Triage owner 12: RGW owned path; inspect endpoint hunk before binary impact verdict.";;;;
368;v16.2.15;v17.2.7;doc/radosgw/s3/python.rst;;M;M;18;7;FALSE;100644;100644;4b9faef1186e08fe97171de8b618c6d9412e9792;6fb314378aced63561a4e2ed2db0ff79c24e6f17;12;12-rgw;P2;documentation;support;"Triage owner 12: RGW owned path; inspect endpoint hunk before binary impact verdict.";;;;
369;v16.2.15;v17.2.7;doc/radosgw/s3select.rst;;M;M;630;121;FALSE;100644;100644;83d2df47feabbcd7b7f09b5efe57d4d100acde8b;218fa27cdc8988baafc9b0ac21749448d265fa5d;12;12-rgw;P2;documentation;support;"Triage owner 12: RGW owned path; inspect endpoint hunk before binary impact verdict.";;;;
370;v16.2.15;v17.2.7;doc/radosgw/swift.rst;;M;M;2;0;FALSE;100644;100644;2cb2dde672e2bd66ec7566333b4d39301ab5b7ae;24abd77289539b62ccabee48c405b180a431a6ea;12;12-rgw;P2;documentation;support;"Triage owner 12: RGW owned path; inspect endpoint hunk before binary impact verdict.";;;;
371;v16.2.15;v17.2.7;doc/radosgw/swift/python.rst;;M;M;2;2;FALSE;100644;100644;28d92d7cc9715d26ab86802ccf23fd93c3f280b6;0b1f8d0da862fff07660a0282245231e7b59025c;12;12-rgw;P2;documentation;support;"Triage owner 12: RGW owned path; inspect endpoint hunk before binary impact verdict.";;;;
372;v16.2.15;v17.2.7;doc/radosgw/swift/tempurl.rst;;M;M;1;1;FALSE;100644;100644;79b392de62269787d3256f2e86bc257a1e71df3b;41dbb0ccb85669cba0db5dbaa88dd8f69b166e0b;12;12-rgw;P2;documentation;support;"Triage owner 12: RGW owned path; inspect endpoint hunk before binary impact verdict.";;;;
373;v16.2.15;v17.2.7;doc/radosgw/vault.rst;;M;M;19;7;FALSE;100644;100644;0f3cb8fd12105ff7883e3493f973a310ccb015c7;a5b51b9bd9270f6fc5d2b1dc9047c07f60beb102;12;12-rgw;P2;documentation;support;"Triage owner 12: RGW owned path; inspect endpoint hunk before binary impact verdict.";;;;
400;v16.2.15;v17.2.7;doc/start/rgw.conf;;D;D;0;30;FALSE;100644;000000;e1bee99863104ec3ca7723c947c654bf14d34c67;0000000000000000000000000000000000000000;12;12-rgw;P2;documentation;support;"Triage owner 12: RGW documentation; inspect endpoint hunk before binary impact verdict.";;;;
520;v16.2.15;v17.2.7;qa/rgw/ignore-pg-availability.yaml;;M;M;4;0;FALSE;100644;100644;5305d90f43f610ff4d6e521dc61b53eaf85bfdc8;732e40306b6d105602cadd0054f72860e16a2720;12;12-rgw;P2;test/QA;support;"Triage owner 12: RGW owned path; inspect endpoint hunk before binary impact verdict.";;;;
521;v16.2.15;v17.2.7;qa/rgw_frontend/civetweb.yaml;;D;D;0;3;FALSE;100644;000000;5845a0e6c15cfa046dbf149d04e2e773a5cd45b1;0000000000000000000000000000000000000000;12;12-rgw;P2;test/QA;support;"Triage owner 12: RGW owned path; inspect endpoint hunk before binary impact verdict.";;;;
1002;v16.2.15;v17.2.7;qa/suites/rgw-multisite-upgrade/.qa;qa/suites/upgrade/octopus-x/parallel-no-cephadm/.qa;R;R100;0;0;FALSE;120000;120000;fea2489fdf6d9c5d189a12524b23f3f8daedd85a;fea2489fdf6d9c5d189a12524b23f3f8daedd85a;12;12-rgw;P2;test/QA;support;"Triage owner 12: RGW owned path; inspect endpoint hunk before binary impact verdict.";"Git rename heuristic with 0/0 content change; verify logical move.";;;
1003;v16.2.15;v17.2.7;qa/suites/rgw-multisite-upgrade/pacific-x/%;qa/suites/orch/cephadm/thrash-old-clients/%;R;R100;0;0;FALSE;100644;100644;e69de29bb2d1d6434b8b29ae775ad8c2e48c5391;e69de29bb2d1d6434b8b29ae775ad8c2e48c5391;12;12-rgw;P2;test/QA;support;"Triage owner 12: RGW owned path; inspect endpoint hunk before binary impact verdict.";"Git rename heuristic with 0/0 content change; verify logical move.";;;
1004;v16.2.15;v17.2.7;qa/suites/rgw-multisite-upgrade/pacific-x/.qa;;A;A;1;0;FALSE;000000;120000;0000000000000000000000000000000000000000;fea2489fdf6d9c5d189a12524b23f3f8daedd85a;12;12-rgw;P2;test/QA;support;"Triage owner 12: RGW owned path; inspect endpoint hunk before binary impact verdict.";;;;
1005;v16.2.15;v17.2.7;qa/suites/rgw-multisite-upgrade/pacific-x/clusters.yaml;;A;A;3;0;FALSE;000000;100644;0000000000000000000000000000000000000000;4e18096e077bc5885467ad932fcdc4921770c691;12;12-rgw;P2;test/QA;support;"Triage owner 12: RGW owned path; inspect endpoint hunk before binary impact verdict.";;;;
1006;v16.2.15;v17.2.7;qa/suites/rgw-multisite-upgrade/pacific-x/frontend.yaml;;A;A;1;0;FALSE;000000;120000;0000000000000000000000000000000000000000;09ced62c42aa846de8b5fe342fce75885d67e186;12;12-rgw;P2;test/QA;support;"Triage owner 12: RGW owned path; inspect endpoint hunk before binary impact verdict.";;;;
1007;v16.2.15;v17.2.7;qa/suites/rgw-multisite-upgrade/pacific-x/overrides.yaml;;A;A;23;0;FALSE;000000;100644;0000000000000000000000000000000000000000;35ef026d61865dca852eb14cc0da12e38795f835;12;12-rgw;P2;test/QA;support;"Triage owner 12: RGW owned path; inspect endpoint hunk before binary impact verdict.";;;;
1008;v16.2.15;v17.2.7;qa/suites/rgw-multisite-upgrade/pacific-x/realm.yaml;;A;A;20;0;FALSE;000000;100644;0000000000000000000000000000000000000000;86fc0732fc79478b68858cb7f4da5a3d2848b063;12;12-rgw;P2;test/QA;support;"Triage owner 12: RGW owned path; inspect endpoint hunk before binary impact verdict.";;;;
1009;v16.2.15;v17.2.7;qa/suites/rgw-multisite-upgrade/pacific-x/supported-random-distro$;qa/suites/fs/workload/distro;R;R100;0;0;FALSE;120000;120000;0862b4457b37a038999a4485572780a8bd3c07db;0862b4457b37a038999a4485572780a8bd3c07db;12;12-rgw;P2;test/QA;support;"Triage owner 12: RGW owned path; inspect endpoint hunk before binary impact verdict.";"Git rename heuristic with 0/0 content change; verify logical move.";;;
1010;v16.2.15;v17.2.7;qa/suites/rgw-multisite-upgrade/pacific-x/tasks.yaml;;A;A;18;0;FALSE;000000;100644;0000000000000000000000000000000000000000;843858543ed80ab5daedc1df933e1070cf53caa8;12;12-rgw;P2;test/QA;support;"Triage owner 12: RGW owned path; inspect endpoint hunk before binary impact verdict.";;;;
1011;v16.2.15;v17.2.7;qa/suites/rgw-multisite-upgrade/pacific-x/upgrade/.qa;;A;A;1;0;FALSE;000000;120000;0000000000000000000000000000000000000000;fea2489fdf6d9c5d189a12524b23f3f8daedd85a;12;12-rgw;P2;test/QA;support;"Triage owner 12: RGW owned path; inspect endpoint hunk before binary impact verdict.";;;;
1012;v16.2.15;v17.2.7;qa/suites/rgw-multisite-upgrade/pacific-x/upgrade/primary.yaml;;A;A;8;0;FALSE;000000;100644;0000000000000000000000000000000000000000;a29581aa6c7d8d4ff1f4722e26caf42f13bba1a5;12;12-rgw;P2;test/QA;support;"Triage owner 12: RGW owned path; inspect endpoint hunk before binary impact verdict.";;;;
1013;v16.2.15;v17.2.7;qa/suites/rgw-multisite-upgrade/pacific-x/upgrade/secondary.yaml;;A;A;9;0;FALSE;000000;100644;0000000000000000000000000000000000000000;66698669750c582c7f20c34054c56a80a7931782;12;12-rgw;P2;test/QA;support;"Triage owner 12: RGW owned path; inspect endpoint hunk before binary impact verdict.";;;;
1014;v16.2.15;v17.2.7;qa/suites/rgw/cloud-transition/+;qa/suites/upgrade-clients/client-upgrade-pacific-reef/pacific-client-x/rbd/0-cluster/+;R;R100;0;0;FALSE;100644;100644;e69de29bb2d1d6434b8b29ae775ad8c2e48c5391;e69de29bb2d1d6434b8b29ae775ad8c2e48c5391;12;12-rgw;P2;test/QA;support;"Triage owner 12: RGW owned path; inspect endpoint hunk before binary impact verdict.";"Git rename heuristic with 0/0 content change; verify logical move.";;;
1015;v16.2.15;v17.2.7;qa/suites/rgw/cloud-transition/.qa;;A;A;1;0;FALSE;000000;120000;0000000000000000000000000000000000000000;fea2489fdf6d9c5d189a12524b23f3f8daedd85a;12;12-rgw;P2;test/QA;support;"Triage owner 12: RGW owned path; inspect endpoint hunk before binary impact verdict.";;;;
1016;v16.2.15;v17.2.7;qa/suites/rgw/cloud-transition/cluster.yaml;;A;A;3;0;FALSE;000000;100644;0000000000000000000000000000000000000000;8e0712ea5f772b1e3dfe9fb9eac2fd7e3c4321fe;12;12-rgw;P2;test/QA;support;"Triage owner 12: RGW owned path; inspect endpoint hunk before binary impact verdict.";;;;
1017;v16.2.15;v17.2.7;qa/suites/rgw/cloud-transition/ignore-pg-availability.yaml;;A;A;1;0;FALSE;000000;120000;0000000000000000000000000000000000000000;32340b1fa8be86b8f7bd3d27be4902ac98a7f803;12;12-rgw;P2;test/QA;support;"Triage owner 12: RGW owned path; inspect endpoint hunk before binary impact verdict.";;;;
1018;v16.2.15;v17.2.7;qa/suites/rgw/cloud-transition/overrides.yaml;;A;A;14;0;FALSE;000000;100644;0000000000000000000000000000000000000000;40ca3556b880ab25ea3b0e2f28d0ca0913880a14;12;12-rgw;P2;test/QA;support;"Triage owner 12: RGW owned path; inspect endpoint hunk before binary impact verdict.";;;;
1019;v16.2.15;v17.2.7;qa/suites/rgw/cloud-transition/supported-random-distro$;;A;A;1;0;FALSE;000000;120000;0000000000000000000000000000000000000000;0862b4457b37a038999a4485572780a8bd3c07db;12;12-rgw;P2;test/QA;support;"Triage owner 12: RGW owned path; inspect endpoint hunk before binary impact verdict.";;;;
1020;v16.2.15;v17.2.7;qa/suites/rgw/cloud-transition/tasks/cloud_transition_s3tests.yaml;;A;A;62;0;FALSE;000000;100644;0000000000000000000000000000000000000000;03ed2fb769421813b6d76b229556e0805956b38a;12;12-rgw;P2;test/QA;support;"Triage owner 12: RGW owned path; inspect endpoint hunk before binary impact verdict.";;;;
1021;v16.2.15;v17.2.7;qa/suites/rgw/crypt/2-kms/vault_transit.yaml;;M;M;6;0;FALSE;100644;100644;fe8c8409dbef9a393bb673663117a068980e23d1;d20bb52bcbfb3da805d4456876f22f9a4d158189;12;12-rgw;P2;test/QA;support;"Triage owner 12: RGW owned path; inspect endpoint hunk before binary impact verdict.";;;;
1022;v16.2.15;v17.2.7;qa/suites/rgw/crypt/4-tests/s3tests.yaml;;M;M;1;1;FALSE;100644;100644;c92bf3eddb904571bb345cf0378062ceb818cfd1;6ee2b63081b6e384d3baa88d749ac55aab66f21f;12;12-rgw;P2;test/QA;support;"Triage owner 12: RGW owned path; inspect endpoint hunk before binary impact verdict.";;;;
1023;v16.2.15;v17.2.7;qa/suites/rgw/crypt/supported-random-distro$;;A;A;1;0;FALSE;000000;120000;0000000000000000000000000000000000000000;0862b4457b37a038999a4485572780a8bd3c07db;12;12-rgw;P2;test/QA;support;"Triage owner 12: RGW owned path; inspect endpoint hunk before binary impact verdict.";;;;
1024;v16.2.15;v17.2.7;qa/suites/rgw/hadoop-s3a/ignore-pg-availability.yaml;;A;A;1;0;FALSE;000000;120000;0000000000000000000000000000000000000000;32340b1fa8be86b8f7bd3d27be4902ac98a7f803;12;12-rgw;P2;test/QA;support;"Triage owner 12: RGW owned path; inspect endpoint hunk before binary impact verdict.";;;;
1025;v16.2.15;v17.2.7;qa/suites/rgw/lifecycle/+;qa/suites/upgrade/nautilus-x-singleton/0-cluster/+;R;R100;0;0;FALSE;100644;100644;e69de29bb2d1d6434b8b29ae775ad8c2e48c5391;e69de29bb2d1d6434b8b29ae775ad8c2e48c5391;12;12-rgw;P2;test/QA;support;"Triage owner 12: RGW owned path; inspect endpoint hunk before binary impact verdict.";"Git rename heuristic with 0/0 content change; verify logical move.";;;
1026;v16.2.15;v17.2.7;qa/suites/rgw/lifecycle/.qa;;A;A;1;0;FALSE;000000;120000;0000000000000000000000000000000000000000;fea2489fdf6d9c5d189a12524b23f3f8daedd85a;12;12-rgw;P2;test/QA;support;"Triage owner 12: RGW owned path; inspect endpoint hunk before binary impact verdict.";;;;
1027;v16.2.15;v17.2.7;qa/suites/rgw/lifecycle/cluster.yaml;;A;A;9;0;FALSE;000000;100644;0000000000000000000000000000000000000000;0eab7ebadf26284d78820a0838839edd755974eb;12;12-rgw;P2;test/QA;support;"Triage owner 12: RGW owned path; inspect endpoint hunk before binary impact verdict.";;;;
1028;v16.2.15;v17.2.7;qa/suites/rgw/lifecycle/ignore-pg-availability.yaml;;A;A;1;0;FALSE;000000;120000;0000000000000000000000000000000000000000;32340b1fa8be86b8f7bd3d27be4902ac98a7f803;12;12-rgw;P2;test/QA;support;"Triage owner 12: RGW owned path; inspect endpoint hunk before binary impact verdict.";;;;
1029;v16.2.15;v17.2.7;qa/suites/rgw/lifecycle/overrides.yaml;;A;A;14;0;FALSE;000000;100644;0000000000000000000000000000000000000000;83722d31252e1e99427c46a2eac193808d80179e;12;12-rgw;P2;test/QA;support;"Triage owner 12: RGW owned path; inspect endpoint hunk before binary impact verdict.";;;;
1030;v16.2.15;v17.2.7;qa/suites/rgw/lifecycle/supported-random-distro$;;A;A;1;0;FALSE;000000;120000;0000000000000000000000000000000000000000;0862b4457b37a038999a4485572780a8bd3c07db;12;12-rgw;P2;test/QA;support;"Triage owner 12: RGW owned path; inspect endpoint hunk before binary impact verdict.";;;;
1031;v16.2.15;v17.2.7;qa/suites/rgw/lifecycle/tasks/rgw_s3tests.yaml;;A;A;20;0;FALSE;000000;100644;0000000000000000000000000000000000000000;a8ed747c569c75fc1ea3353c56058803a8339635;12;12-rgw;P2;test/QA;support;"Triage owner 12: RGW owned path; inspect endpoint hunk before binary impact verdict.";;;;
1032;v16.2.15;v17.2.7;qa/suites/rgw/multifs/frontend;;A;A;1;0;FALSE;000000;120000;0000000000000000000000000000000000000000;926a53e838346b801f4d2941d0379c38af7a1ef8;12;12-rgw;P2;test/QA;support;"Triage owner 12: RGW owned path; inspect endpoint hunk before binary impact verdict.";;;;
1033;v16.2.15;v17.2.7;qa/suites/rgw/multifs/frontend/.qa;;D;D;0;1;FALSE;120000;000000;a602a0353e7510e9ac07370ceaed121e2e528fa2;0000000000000000000000000000000000000000;12;12-rgw;P2;test/QA;support;"Triage owner 12: RGW owned path; inspect endpoint hunk before binary impact verdict.";;;;
1034;v16.2.15;v17.2.7;qa/suites/rgw/multifs/frontend/civetweb.yaml;;D;D;0;1;FALSE;120000;000000;f9115ff4a7ce55d8fdcf3c62e20727c169e85142;0000000000000000000000000000000000000000;12;12-rgw;P2;test/QA;support;"Triage owner 12: RGW owned path; inspect endpoint hunk before binary impact verdict.";;;;
1035;v16.2.15;v17.2.7;qa/suites/rgw/multifs/tasks/rgw_ragweed.yaml;;M;M;2;2;FALSE;100644;100644;d6d11b7922837a100d6b8f520887330c5b8f3439;deef52c60cb840c9dbe74511c282ce13c1881ab1;12;12-rgw;P2;test/QA;support;"Triage owner 12: RGW owned path; inspect endpoint hunk before binary impact verdict.";;;;
1036;v16.2.15;v17.2.7;qa/suites/rgw/multifs/tasks/rgw_s3tests.yaml;;M;M;1;1;FALSE;100644;100644;4153c70dde6b4ecf6900856900a05252924bfc46;41d79e8a1b1f0d6b7365e4effee1689d4cafb0ff;12;12-rgw;P2;test/QA;support;"Triage owner 12: RGW owned path; inspect endpoint hunk before binary impact verdict.";;;;
1037;v16.2.15;v17.2.7;qa/suites/rgw/multisite/notify.yaml;;A;A;5;0;FALSE;000000;100644;0000000000000000000000000000000000000000;00e0bb7623ad71971ce054533ca9a5d4b08f4808;12;12-rgw;P2;test/QA;support;"Triage owner 12: RGW owned path; inspect endpoint hunk before binary impact verdict.";;;;
1038;v16.2.15;v17.2.7;qa/suites/rgw/multisite/realms/two-zonegroup.yaml;;M;M;2;0;FALSE;100644;100644;dc5a786ceb25bf12d8097414b014491bc0b0ad69;b78bb107055dd409eff5a9c87c971695ee96a07b;12;12-rgw;P2;test/QA;support;"Triage owner 12: RGW owned path; inspect endpoint hunk before binary impact verdict.";;;;
1039;v16.2.15;v17.2.7;qa/suites/rgw/notifications/%;qa/suites/upgrade-clients/client-upgrade-pacific-quincy/pacific-client-x/rbd/%;R;R100;0;0;FALSE;100644;100644;e69de29bb2d1d6434b8b29ae775ad8c2e48c5391;e69de29bb2d1d6434b8b29ae775ad8c2e48c5391;12;12-rgw;P2;test/QA;support;"Triage owner 12: RGW owned path; inspect endpoint hunk before binary impact verdict.";"Git rename heuristic with 0/0 content change; verify logical move.";;;
1040;v16.2.15;v17.2.7;qa/suites/rgw/notifications/.qa;;A;A;1;0;FALSE;000000;120000;0000000000000000000000000000000000000000;fea2489fdf6d9c5d189a12524b23f3f8daedd85a;12;12-rgw;P2;test/QA;support;"Triage owner 12: RGW owned path; inspect endpoint hunk before binary impact verdict.";;;;
1041;v16.2.15;v17.2.7;qa/suites/rgw/notifications/beast.yaml;;A;A;1;0;FALSE;000000;120000;0000000000000000000000000000000000000000;09ced62c42aa846de8b5fe342fce75885d67e186;12;12-rgw;P2;test/QA;support;"Triage owner 12: RGW owned path; inspect endpoint hunk before binary impact verdict.";;;;
1042;v16.2.15;v17.2.7;qa/suites/rgw/notifications/bluestore-bitmap.yaml;qa/suites/upgrade/nautilus-x-singleton/bluestore-bitmap.yaml;R;R100;0;0;FALSE;120000;120000;a59cf5175069a8d125e2c4f1bab72d354c02627c;a59cf5175069a8d125e2c4f1bab72d354c02627c;12;12-rgw;P2;test/QA;support;"Triage owner 12: RGW owned path; inspect endpoint hunk before binary impact verdict.";"Git rename heuristic with 0/0 content change; verify logical move.";;;
1043;v16.2.15;v17.2.7;qa/suites/rgw/notifications/fixed-2.yaml;;A;A;1;0;FALSE;000000;120000;0000000000000000000000000000000000000000;230ff0fdab4126f8b7aed4317541c0ce278ffed7;12;12-rgw;P2;test/QA;support;"Triage owner 12: RGW owned path; inspect endpoint hunk before binary impact verdict.";;;;
1044;v16.2.15;v17.2.7;qa/suites/rgw/notifications/ignore-pg-availability.yaml;;A;A;1;0;FALSE;000000;120000;0000000000000000000000000000000000000000;32340b1fa8be86b8f7bd3d27be4902ac98a7f803;12;12-rgw;P2;test/QA;support;"Triage owner 12: RGW owned path; inspect endpoint hunk before binary impact verdict.";;;;
1045;v16.2.15;v17.2.7;qa/suites/rgw/notifications/overrides.yaml;;A;A;13;0;FALSE;000000;100644;0000000000000000000000000000000000000000;1cb489072f90562476d98ca781de1644afc4f9b1;12;12-rgw;P2;test/QA;support;"Triage owner 12: RGW owned path; inspect endpoint hunk before binary impact verdict.";;;;
1046;v16.2.15;v17.2.7;qa/suites/rgw/notifications/supported-all-distro$/$;qa/suites/fs/workload/subvolume/no-subvolume.yaml;R;R100;0;0;FALSE;100644;100644;e69de29bb2d1d6434b8b29ae775ad8c2e48c5391;e69de29bb2d1d6434b8b29ae775ad8c2e48c5391;12;12-rgw;P2;test/QA;support;"Triage owner 12: RGW owned path; inspect endpoint hunk before binary impact verdict.";"Git rename heuristic with 0/0 content change; verify logical move.";;;
1047;v16.2.15;v17.2.7;qa/suites/rgw/notifications/supported-all-distro$/centos_8.yaml;;A;A;1;0;FALSE;000000;120000;0000000000000000000000000000000000000000;c23fd05400f7fdefe6d9e4df583d72f93a05caa2;12;12-rgw;P2;test/QA;support;"Triage owner 12: RGW owned path; inspect endpoint hunk before binary impact verdict.";;;;
1048;v16.2.15;v17.2.7;qa/suites/rgw/notifications/tasks/+;qa/suites/upgrade/nautilus-x-singleton/4-workload/+;R;R100;0;0;FALSE;100644;100644;e69de29bb2d1d6434b8b29ae775ad8c2e48c5391;e69de29bb2d1d6434b8b29ae775ad8c2e48c5391;12;12-rgw;P2;test/QA;support;"Triage owner 12: RGW owned path; inspect endpoint hunk before binary impact verdict.";"Git rename heuristic with 0/0 content change; verify logical move.";;;
1049;v16.2.15;v17.2.7;qa/suites/rgw/notifications/tasks/0-install.yaml;qa/suites/rgw/verify/tasks/0-install.yaml;R;R050;0;5;FALSE;100644;100644;5ebe67269f3f4ddf74a371b3e29ca33a9ad02e2f;013ccbd26feaf313c357d3578f879825fd8198c7;12;12-rgw;P2;test/QA;support;"Triage owner 12: RGW owned path; inspect endpoint hunk before binary impact verdict.";;;;
1050;v16.2.15;v17.2.7;qa/suites/rgw/notifications/tasks/test_amqp.yaml;;A;A;7;0;FALSE;000000;100644;0000000000000000000000000000000000000000;6807cfb65877efe57566ec7dda76fc7a777aced3;12;12-rgw;P2;test/QA;support;"Triage owner 12: RGW owned path; inspect endpoint hunk before binary impact verdict.";;;;
1051;v16.2.15;v17.2.7;qa/suites/rgw/notifications/tasks/test_kafka.yaml;;A;A;8;0;FALSE;000000;100644;0000000000000000000000000000000000000000;ae647df386532a0d405f403644d35095d0724f19;12;12-rgw;P2;test/QA;support;"Triage owner 12: RGW owned path; inspect endpoint hunk before binary impact verdict.";;;;
1052;v16.2.15;v17.2.7;qa/suites/rgw/notifications/tasks/test_others.yaml;;A;A;4;0;FALSE;000000;100644;0000000000000000000000000000000000000000;793f6f430247afd6812b7801d28330e141ded7ee;12;12-rgw;P2;test/QA;support;"Triage owner 12: RGW owned path; inspect endpoint hunk before binary impact verdict.";;;;
1053;v16.2.15;v17.2.7;qa/suites/rgw/singleton/frontend;;A;A;1;0;FALSE;000000;120000;0000000000000000000000000000000000000000;926a53e838346b801f4d2941d0379c38af7a1ef8;12;12-rgw;P2;test/QA;support;"Triage owner 12: RGW owned path; inspect endpoint hunk before binary impact verdict.";;;;
1054;v16.2.15;v17.2.7;qa/suites/rgw/singleton/frontend/.qa;;D;D;0;1;FALSE;120000;000000;a602a0353e7510e9ac07370ceaed121e2e528fa2;0000000000000000000000000000000000000000;12;12-rgw;P2;test/QA;support;"Triage owner 12: RGW owned path; inspect endpoint hunk before binary impact verdict.";;;;
1055;v16.2.15;v17.2.7;qa/suites/rgw/singleton/frontend/civetweb.yaml;;D;D;0;1;FALSE;120000;000000;f9115ff4a7ce55d8fdcf3c62e20727c169e85142;0000000000000000000000000000000000000000;12;12-rgw;P2;test/QA;support;"Triage owner 12: RGW owned path; inspect endpoint hunk before binary impact verdict.";;;;
1056;v16.2.15;v17.2.7;qa/suites/rgw/singleton/ignore-pg-availability.yaml;;A;A;1;0;FALSE;000000;120000;0000000000000000000000000000000000000000;32340b1fa8be86b8f7bd3d27be4902ac98a7f803;12;12-rgw;P2;test/QA;support;"Triage owner 12: RGW owned path; inspect endpoint hunk before binary impact verdict.";;;;
1057;v16.2.15;v17.2.7;qa/suites/rgw/sts/tasks/first.yaml;;M;M;1;1;FALSE;100644;100644;8892f7082284b71988b7ed2a8d55d844f48e06f9;a7cc0828b274d53d9527f177897c2b1ee4afc15b;12;12-rgw;P2;test/QA;support;"Triage owner 12: RGW owned path; inspect endpoint hunk before binary impact verdict.";;;;
1058;v16.2.15;v17.2.7;qa/suites/rgw/sts/tasks/ststests.yaml;;M;M;1;1;FALSE;100644;100644;a154e5dd097ea7d1e67b4c9b3f2504026261dd22;2d8cc7a0e2ea8ae6859c2e2271fcb85f49991634;12;12-rgw;P2;test/QA;support;"Triage owner 12: RGW owned path; inspect endpoint hunk before binary impact verdict.";;;;
1059;v16.2.15;v17.2.7;qa/suites/rgw/tempest/ignore-pg-availability.yaml;;A;A;1;0;FALSE;000000;120000;0000000000000000000000000000000000000000;32340b1fa8be86b8f7bd3d27be4902ac98a7f803;12;12-rgw;P2;test/QA;support;"Triage owner 12: RGW owned path; inspect endpoint hunk before binary impact verdict.";;;;
1060;v16.2.15;v17.2.7;qa/suites/rgw/thrash/civetweb.yaml;;D;D;0;8;FALSE;100644;000000;db4b04339131d47aa53111775bb3fb3c2011d2eb;0000000000000000000000000000000000000000;12;12-rgw;P2;test/QA;support;"Triage owner 12: RGW owned path; inspect endpoint hunk before binary impact verdict.";;;;
1061;v16.2.15;v17.2.7;qa/suites/rgw/thrash/frontend;;A;A;1;0;FALSE;000000;120000;0000000000000000000000000000000000000000;926a53e838346b801f4d2941d0379c38af7a1ef8;12;12-rgw;P2;test/QA;support;"Triage owner 12: RGW owned path; inspect endpoint hunk before binary impact verdict.";;;;
1062;v16.2.15;v17.2.7;qa/suites/rgw/thrash/ignore-pg-availability.yaml;;A;A;1;0;FALSE;000000;120000;0000000000000000000000000000000000000000;32340b1fa8be86b8f7bd3d27be4902ac98a7f803;12;12-rgw;P2;test/QA;support;"Triage owner 12: RGW owned path; inspect endpoint hunk before binary impact verdict.";;;;
1063;v16.2.15;v17.2.7;qa/suites/rgw/thrash/workload/rgw_s3tests.yaml;;M;M;1;1;FALSE;100644;100644;81409865434c09e14ad3e771b72ad1b034be9fde;521775d2c4986e1359d7af829318094d4da03eab;12;12-rgw;P2;test/QA;support;"Triage owner 12: RGW owned path; inspect endpoint hunk before binary impact verdict.";;;;
1064;v16.2.15;v17.2.7;qa/suites/rgw/tools/ignore-pg-availability.yaml;;A;A;1;0;FALSE;000000;120000;0000000000000000000000000000000000000000;32340b1fa8be86b8f7bd3d27be4902ac98a7f803;12;12-rgw;P2;test/QA;support;"Triage owner 12: RGW owned path; inspect endpoint hunk before binary impact verdict.";;;;
1065;v16.2.15;v17.2.7;qa/suites/rgw/verify/0-install.yaml;;A;A;19;0;FALSE;000000;100644;0000000000000000000000000000000000000000;b93212d30cc32d6aa22e828b4679f96b5d6c3213;12;12-rgw;P2;test/QA;support;"Triage owner 12: RGW owned path; inspect endpoint hunk before binary impact verdict.";;;;
1066;v16.2.15;v17.2.7;qa/suites/rgw/verify/datacache/no_datacache.yaml;qa/suites/upgrade-clients/client-upgrade-pacific-reef/pacific-client-x/rbd/%;R;R100;0;0;FALSE;100644;100644;e69de29bb2d1d6434b8b29ae775ad8c2e48c5391;e69de29bb2d1d6434b8b29ae775ad8c2e48c5391;12;12-rgw;P2;test/QA;support;"Triage owner 12: RGW owned path; inspect endpoint hunk before binary impact verdict.";"Git rename heuristic with 0/0 content change; verify logical move.";;;
1067;v16.2.15;v17.2.7;qa/suites/rgw/verify/datacache/rgw-datacache.yaml;;A;A;18;0;FALSE;000000;100644;0000000000000000000000000000000000000000;f5f8c94d54dfabb62638f977e1384aa2d815e68f;12;12-rgw;P2;test/QA;support;"Triage owner 12: RGW owned path; inspect endpoint hunk before binary impact verdict.";;;;
1068;v16.2.15;v17.2.7;qa/suites/rgw/verify/proto/https.yaml;;M;M;1;7;FALSE;100644;100644;fb6b65206a79b25feaba7a91cfbb7cdd8fa28642;e0742b5b012971478ad497c142e7bd1c787549e9;12;12-rgw;P2;test/QA;support;"Triage owner 12: RGW owned path; inspect endpoint hunk before binary impact verdict.";;;;
1069;v16.2.15;v17.2.7;qa/suites/rgw/verify/tasks/cls.yaml;;M;M;2;0;FALSE;100644;100644;beabc321356a06916a609bcf1b66c7f9ddf4413a;936c489bfe635f07b601e6bcfcb94dc604a32a58;12;12-rgw;P2;test/QA;support;"Triage owner 12: RGW owned path; inspect endpoint hunk before binary impact verdict.";;;;
1070;v16.2.15;v17.2.7;qa/suites/rgw/verify/tasks/ragweed.yaml;;M;M;1;1;FALSE;100644;100644;a84f4f14d9996447ca40705d47feb65b55a6003e;6d6f625a61180e1156918801216c59031a1d4472;12;12-rgw;P2;test/QA;support;"Triage owner 12: RGW owned path; inspect endpoint hunk before binary impact verdict.";;;;
1071;v16.2.15;v17.2.7;qa/suites/rgw/verify/tasks/s3tests-java.yaml;;M;M;1;1;FALSE;100644;100644;455f86485a6818e1efb833e9521fccd3d01693d2;f90ff7ce1109792a457a79c9e300a0d7a08f0e49;12;12-rgw;P2;test/QA;support;"Triage owner 12: RGW owned path; inspect endpoint hunk before binary impact verdict.";;;;
1072;v16.2.15;v17.2.7;qa/suites/rgw/verify/tasks/s3tests.yaml;;M;M;1;1;FALSE;100644;100644;4cb6b623619060d608ec52b138dd1806603fc225;c585db43bc586ebb211de7e58dc85d9db17b0aca;12;12-rgw;P2;test/QA;support;"Triage owner 12: RGW owned path; inspect endpoint hunk before binary impact verdict.";;;;
1073;v16.2.15;v17.2.7;qa/suites/rgw/verify/validater/valgrind.yaml;;M;M;3;0;FALSE;100644;100644;7b7e4d45e522962a5091e7b6dad1c6ec093212af;898067e68a40904e13b3dd3a726a9f5bedc21109;12;12-rgw;P2;test/QA;support;"Triage owner 12: RGW owned path; inspect endpoint hunk before binary impact verdict.";;;;
1074;v16.2.15;v17.2.7;qa/suites/rgw/website/ignore-pg-availability.yaml;;A;A;1;0;FALSE;000000;120000;0000000000000000000000000000000000000000;32340b1fa8be86b8f7bd3d27be4902ac98a7f803;12;12-rgw;P2;test/QA;support;"Triage owner 12: RGW owned path; inspect endpoint hunk before binary impact verdict.";;;;
1075;v16.2.15;v17.2.7;qa/suites/rgw/website/overrides.yaml;;M;M;2;6;FALSE;100644;100644;e1ac1a983584eed711b286174d1245054541179b;80397571ee1888a5bc77b6362a15aa1b64eeee3e;12;12-rgw;P2;test/QA;support;"Triage owner 12: RGW owned path; inspect endpoint hunk before binary impact verdict.";;;;
1076;v16.2.15;v17.2.7;qa/suites/rgw/website/tasks/s3tests-website.yaml;;M;M;1;1;FALSE;100644;100644;02128433eab5bd54424afdff2ba5b2aa1d64ac12;a02b8a081526b5024df3d0be9bd72479c1858515;12;12-rgw;P2;test/QA;support;"Triage owner 12: RGW owned path; inspect endpoint hunk before binary impact verdict.";;;;
1094;v16.2.15;v17.2.7;qa/suites/teuthology/rgw/tasks/s3tests-fastcgi.yaml;;M;M;1;1;FALSE;100644;100644;e6ba864ca1e9b9145efb3056356f27faaaa398a5;d76121fad1029c864b21329a4cb2e96e828e965a;12;12-rgw;P2;test/QA;support;"Triage owner 12: RGW QA; inspect endpoint hunk before binary impact verdict.";;;;
1095;v16.2.15;v17.2.7;qa/suites/teuthology/rgw/tasks/s3tests-fcgi.yaml;;M;M;1;1;FALSE;100644;100644;68a531bb3d7f377a3b543aba31bddd147cfbb66e;8228501ca4b7b0036741156b29c682332e78d414;12;12-rgw;P2;test/QA;support;"Triage owner 12: RGW QA; inspect endpoint hunk before binary impact verdict.";;;;
1096;v16.2.15;v17.2.7;qa/suites/teuthology/rgw/tasks/s3tests.yaml;qa/suites/teuthology/rgw/tasks/s3tests-civetweb.yaml;R;R077;2;3;FALSE;100644;100644;cd3e8cf3d7662ea241c6d4a78588c26d267e69a6;ee8e9d5b5dc3cefad21cb6b03da6d1b9d892c57b;12;12-rgw;P2;test/QA;support;"Triage owner 12: RGW QA; inspect endpoint hunk before binary impact verdict.";;;;
1408;v16.2.15;v17.2.7;qa/tasks/radosgw_admin.py;;M;M;94;34;FALSE;100644;100644;836736f1a5776641647d506294180b2538908cf6;780dae1e15a6d15cfce2ef8523beb42cd3eac50f;12;12-rgw;P2;test/QA;support;"Triage owner 12: RGW owned path; inspect endpoint hunk before binary impact verdict.";;;;
1409;v16.2.15;v17.2.7;qa/tasks/radosgw_admin_rest.py;;M;M;96;2;FALSE;100644;100644;95fe5b8ac3819dda9ed953bc9ffadbcd3bc3e489;3de4d6bc92587890dbe6c2999a8830565f96d88e;12;12-rgw;P2;test/QA;support;"Triage owner 12: RGW owned path; inspect endpoint hunk before binary impact verdict.";;;;
1411;v16.2.15;v17.2.7;qa/tasks/rgw.py;;M;M;30;8;FALSE;100644;100644;36627f682265b51781a9b035c22ce97bdd2e3ff4;a10266d050e28f8652397304f199a8b61ed75ac7;12;12-rgw;P2;test/QA;support;"Triage owner 12: RGW owned path; inspect endpoint hunk before binary impact verdict.";;;;
1412;v16.2.15;v17.2.7;qa/tasks/rgw_cloudtier.py;;A;A;122;0;FALSE;000000;100644;0000000000000000000000000000000000000000;88f7d0dc285a81824321b9590571754401ec80f6;12;12-rgw;P2;test/QA;support;"Triage owner 12: RGW owned path; inspect endpoint hunk before binary impact verdict.";;;;
1413;v16.2.15;v17.2.7;qa/tasks/rgw_module.py;;A;A;53;0;FALSE;000000;100644;0000000000000000000000000000000000000000;0d2ca9094324a7b06af77823ceac1e7ead6840f4;12;12-rgw;P2;test/QA;support;"Triage owner 12: RGW owned path; inspect endpoint hunk before binary impact verdict.";;;;
1414;v16.2.15;v17.2.7;qa/tasks/rgw_multisite_tests.py;;M;M;37;15;FALSE;100644;100644;caa18578b325bcd11dec9c4053ab9756819106ab;623309c06157a4629716685b8c726fc80e852ee8;12;12-rgw;P2;test/QA;support;"Triage owner 12: RGW owned path; inspect endpoint hunk before binary impact verdict.";;;;
1416;v16.2.15;v17.2.7;qa/tasks/s3tests.py;;M;M;83;10;FALSE;100644;100644;8b40499e4bddc16f796db2b42f0f8ccc1f26f1c8;8a30b2f2944ec62d99ece2ba71d23b751971ea76;12;12-rgw;P2;test/QA;support;"Triage owner 12: RGW owned path; inspect endpoint hunk before binary impact verdict.";;;;
1423;v16.2.15;v17.2.7;qa/tasks/util/rgw.py;;M;M;9;4;FALSE;100644;100644;c955f3150a8657384cb9cb4b4ae55a054f86ccc3;59c801028f937f343e8ea14546dc350a6d702a2d;12;12-rgw;P2;test/QA;support;"Triage owner 12: RGW QA; inspect endpoint hunk before binary impact verdict.";;;;
1435;v16.2.15;v17.2.7;qa/workunits/cls/test_cls_rgw_gc.sh;;A;A;5;0;FALSE;000000;100755;0000000000000000000000000000000000000000;0266438f80b824ddbcc58764651f82e19017e72c;12;12-rgw;P2;test/QA;support;"Triage owner 12: RGW QA; inspect endpoint hunk before binary impact verdict.";;;;
1436;v16.2.15;v17.2.7;qa/workunits/cls/test_cls_rgw_stats.sh;;A;A;5;0;FALSE;000000;100755;0000000000000000000000000000000000000000;e1b5bd6b9ea5bcda1e4f60022fcc650aec0c9f0f;12;12-rgw;P2;test/QA;support;"Triage owner 12: RGW QA; inspect endpoint hunk before binary impact verdict.";;;;
1458;v16.2.15;v17.2.7;qa/workunits/rgw/run-datacache.sh;;A;A;19;0;FALSE;000000;100755;0000000000000000000000000000000000000000;5c00da1dae994b9b214db0c2917e70780541e9e5;12;12-rgw;P2;test/QA;support;"Triage owner 12: RGW owned path; inspect endpoint hunk before binary impact verdict.";;;;
1459;v16.2.15;v17.2.7;qa/workunits/rgw/test_rgw_datacache.py;;A;A;211;0;FALSE;000000;100755;0000000000000000000000000000000000000000;f9cb136495a69fc9b638a38565f294e5efd11653;12;12-rgw;P2;test/QA;support;"Triage owner 12: RGW owned path; inspect endpoint hunk before binary impact verdict.";;;;
1460;v16.2.15;v17.2.7;qa/workunits/rgw/test_rgw_reshard.py;;M;M;10;0;FALSE;100755;100755;eed6fc75e2375ccd9814ac3e90b417caff31c852;9880d2f1006babd52df0f8ef6a24f22bb1aed753;12;12-rgw;P2;test/QA;support;"Triage owner 12: RGW owned path; inspect endpoint hunk before binary impact verdict.";;;;
1564;v16.2.15;v17.2.7;src/cls/2pc_queue/cls_2pc_queue_client.cc;;M;M;7;5;FALSE;100644;100644;3eb2d0f6a0bd8ecbc40fbcf42822d735508b35a0;6868b2b6f83ee88a2eeb6fc5eca4ba25562437f4;12;12-rgw;P1;runtime/source;conditional;"Triage owner 12: RGW owned path; inspect endpoint hunk before binary impact verdict.";;;;
1565;v16.2.15;v17.2.7;src/cls/2pc_queue/cls_2pc_queue_client.h;;M;M;1;1;FALSE;100644;100644;bbdfcc2e089318de34be806487de421f8035f8a6;e0bdeafd59098c253c6a46edddebe6708ef1fe21;12;12-rgw;P1;runtime/source;conditional;"Triage owner 12: RGW owned path; inspect endpoint hunk before binary impact verdict.";;;;
1571;v16.2.15;v17.2.7;src/cls/fifo/cls_fifo_types.h;;M;M;1;1;FALSE;100644;100644;5269e8987d2323c59c2938222c643ac3ba8c14c0;99101c10fb764ccbf54a9cee0ff45bbdee8834c0;12;12-rgw;P1;runtime/source;conditional;"Triage owner 12: RGW owned path; inspect endpoint hunk before binary impact verdict.";;;;
1574;v16.2.15;v17.2.7;src/cls/queue/cls_queue_client.cc;;M;M;1;0;FALSE;100644;100644;97f67d3d74ee8d881cb6ab162f83b627fd10186c;87d17bb9e3157df6ba9ae2cf8194415fb1838ee6;12;12-rgw;P1;runtime/source;conditional;"Triage owner 12: RGW owned path; inspect endpoint hunk before binary impact verdict.";;;;
1575;v16.2.15;v17.2.7;src/cls/queue/cls_queue_client.h;;M;M;7;7;FALSE;100644;100644;59d32bfa1a7584e02c60feafe2a2b1cce348c137;895a51c117379c6fbb3af5916aee30cff336aa51;12;12-rgw;P1;runtime/source;conditional;"Triage owner 12: RGW owned path; inspect endpoint hunk before binary impact verdict.";;;;
1576;v16.2.15;v17.2.7;src/cls/queue/cls_queue_src.cc;;M;M;1;0;FALSE;100644;100644;372eee5e6ca73485dca8c8843eda5ecc03ff2d3e;b34d9929b93a136e6d7fa34db86d1e983b8c0b56;12;12-rgw;P1;runtime/source;conditional;"Triage owner 12: RGW owned path; inspect endpoint hunk before binary impact verdict.";;;;
1581;v16.2.15;v17.2.7;src/cls/rgw/cls_rgw.cc;;M;M;49;48;FALSE;100644;100644;04e4b53c2fa9598a739b27ce80e8cb4eebc7445a;5b10d314fd2e63273680c2f2a169351027fba484;12;12-rgw;P1;runtime/source;conditional;"Triage owner 12: RGW owned path; inspect endpoint hunk before binary impact verdict.";;;;
1582;v16.2.15;v17.2.7;src/cls/rgw/cls_rgw_client.cc;;M;M;19;19;FALSE;100644;100644;cddd735c5abf708fe5d8a70850b3215b2e8648df;32c5559a5d892c12916f4e5d9d5f053cf390fde5;12;12-rgw;P1;runtime/source;conditional;"Triage owner 12: RGW owned path; inspect endpoint hunk before binary impact verdict.";;;;
1583;v16.2.15;v17.2.7;src/cls/rgw/cls_rgw_client.h;;M;M;21;24;FALSE;100644;100644;78c559d71eee1bc21d4f840c37152ad6dc4f4854;356b873a4f126c8777acee64ce8da2cb0f88027d;12;12-rgw;P1;runtime/source;conditional;"Triage owner 12: RGW owned path; inspect endpoint hunk before binary impact verdict.";;;;
1584;v16.2.15;v17.2.7;src/cls/rgw/cls_rgw_const.h;;M;M;1;4;FALSE;100644;100644;61f06eac982821d74a217775bdd7929f41af3f68;6015872f8be811f6f891dc701610f950fdbecc96;12;12-rgw;P1;runtime/source;conditional;"Triage owner 12: RGW owned path; inspect endpoint hunk before binary impact verdict.";;;;
1585;v16.2.15;v17.2.7;src/cls/rgw/cls_rgw_ops.h;;M;M;5;8;FALSE;100644;100644;a25483bb88ad41c569a05e1031c01260f8bf32af;0bff6ad5d16804a64a57eeeb956a11cadb73e5ac;12;12-rgw;P1;runtime/source;conditional;"Triage owner 12: RGW owned path; inspect endpoint hunk before binary impact verdict.";;;;
1586;v16.2.15;v17.2.7;src/cls/rgw/cls_rgw_types.cc;;M;M;56;57;FALSE;100644;100644;4e93924276c7949b4148eb91296ae789be841291;a2610c7fbd31c348ea2aac87e5f151a436f44ee9;12;12-rgw;P1;runtime/source;conditional;"Triage owner 12: RGW owned path; inspect endpoint hunk before binary impact verdict.";;;;
1587;v16.2.15;v17.2.7;src/cls/rgw/cls_rgw_types.h;;M;M;43;7;FALSE;100644;100644;5b0155584e27fb6deb89324300c94510b2a6e690;ddb527f00a02fdeaa4ebc9ce440cdbfc5e6d8c92;12;12-rgw;P1;runtime/source;conditional;"Triage owner 12: RGW owned path; inspect endpoint hunk before binary impact verdict.";;;;
1588;v16.2.15;v17.2.7;src/cls/rgw_gc/cls_rgw_gc.cc;;M;M;0;2;FALSE;100644;100644;d6cd7767a1395523af61fb2683a36973cc918ced;44a5d7b33832bee437d0fc561c395f9148568b40;12;12-rgw;P1;runtime/source;conditional;"Triage owner 12: RGW owned path; inspect endpoint hunk before binary impact verdict.";;;;
1589;v16.2.15;v17.2.7;src/cls/rgw_gc/cls_rgw_gc_client.h;;M;M;1;4;FALSE;100644;100644;88a042fc945bc7afbd58374f7b6df023d2ebd76b;bce510b9c534b114c58d162554b3991ef9c6887d;12;12-rgw;P1;runtime/source;conditional;"Triage owner 12: RGW owned path; inspect endpoint hunk before binary impact verdict.";;;;
1590;v16.2.15;v17.2.7;src/cls/rgw_gc/cls_rgw_gc_const.h;;M;M;4;4;FALSE;100644;100644;5a3d2b1d19eb6b24f10129b71d453de0746073d5;ae33e3ff0e1f78a477ca1fc4ce0effa4e49c3261;12;12-rgw;P1;runtime/source;conditional;"Triage owner 12: RGW owned path; inspect endpoint hunk before binary impact verdict.";;;;
1591;v16.2.15;v17.2.7;src/cls/rgw_gc/cls_rgw_gc_ops.h;;M;M;1;3;FALSE;100644;100644;95f791c09b942be46ba9e8beb8f3c104afdd5203;22ddbad06d1dab9162990d999911d03066363b22;12;12-rgw;P1;runtime/source;conditional;"Triage owner 12: RGW owned path; inspect endpoint hunk before binary impact verdict.";;;;
1592;v16.2.15;v17.2.7;src/cls/rgw_gc/cls_rgw_gc_types.h;;M;M;1;4;FALSE;100644;100644;da9d08036e6b651f4c20ddcfa0653c8faba43068;885bf14b99387f0d21f3c8fa24e01db9d25af56c;12;12-rgw;P1;runtime/source;conditional;"Triage owner 12: RGW owned path; inspect endpoint hunk before binary impact verdict.";;;;
3263;v16.2.15;v17.2.7;src/pybind/rgw/setup.py;;M;M;0;1;FALSE;100755;100755;663604e8f76cc63e1913ada17c0a528adb3fecc9;ed45399d394695daac2c4f8322223d8d1c65b0aa;12;12-rgw;P1;runtime/source;conditional;"Triage owner 12: RGW owned path; inspect endpoint hunk before binary impact verdict.";;;;
3283;v16.2.15;v17.2.7;src/rgw/MAINTAINERS.md;;A;A;28;0;FALSE;000000;100644;0000000000000000000000000000000000000000;4636a636e008ccfca281c65e7b808bec3ec2e381;12;12-rgw;P2;documentation;support;"Triage owner 12: RGW owned path; inspect endpoint hunk before binary impact verdict.";;;;
3284;v16.2.15;v17.2.7;src/rgw/cls_fifo_legacy.cc;;M;M;13;14;FALSE;100644;100644;8e15091116c8efc2000a0ee6f18d0346ed677cfd;79ccd87a31ea1cb2c01f9ee802111c25d6fa83e1;12;12-rgw;P1;runtime/source;conditional;"Triage owner 12: RGW owned path; inspect endpoint hunk before binary impact verdict.";;;;
3285;v16.2.15;v17.2.7;src/rgw/cls_fifo_legacy.h;;M;M;2;1;FALSE;100644;100644;172ee1e9fa8f6c7a000bfcc01a5cf7e2ca281492;84d43d44177699f3d84f7bb53adf49d8c601f0cf;12;12-rgw;P1;runtime/source;conditional;"Triage owner 12: RGW owned path; inspect endpoint hunk before binary impact verdict.";;;;
3286;v16.2.15;v17.2.7;src/rgw/librgw.cc;;M;M;15;13;FALSE;100644;100644;4ed2a2b9985e19df957b31bae89578f8cfdb237c;6f030f8e5016eaa9c433a98f71fa989e1a75e2d8;12;12-rgw;P1;runtime/source;conditional;"Triage owner 12: RGW owned path; inspect endpoint hunk before binary impact verdict.";;;;
3287;v16.2.15;v17.2.7;src/rgw/rgw-orphan-list;;M;M;5;3;FALSE;100755;100755;989b50600fd8fba28e010c169909eaec4b655935;e92d666aa498d281d9d0e18484edd15f8ebc8690;12;12-rgw;P1;runtime/source;conditional;"Triage owner 12: RGW owned path; inspect endpoint hunk before binary impact verdict.";;;;
3288;v16.2.15;v17.2.7;src/rgw/rgw_acl.cc;;M;M;184;4;FALSE;100644;100644;ec5de88cecb9d2d5b8b3d6d69b46e1119b1d5b6c;f32a73f26529c6f09e6ab4aeb3acf0ca2c8fb52b;12;12-rgw;P1;runtime/source;conditional;"Triage owner 12: RGW owned path; inspect endpoint hunk before binary impact verdict.";;;;
3289;v16.2.15;v17.2.7;src/rgw/rgw_acl.h;;M;M;29;29;FALSE;100644;100644;dd6db08fbe0ca56bab4b1ead74b96be24f5345ae;6fc16c78003261892f34b0e2eca792ed7db5e56b;12;12-rgw;P1;runtime/source;conditional;"Triage owner 12: RGW owned path; inspect endpoint hunk before binary impact verdict.";;;;
3290;v16.2.15;v17.2.7;src/rgw/rgw_acl_s3.cc;;M;M;51;30;FALSE;100644;100644;6329bb7fad48d487cd7ec300d58f186db7caa207;0d83ff13c2f74076cdd346508318f4f30f321901;12;12-rgw;P1;runtime/source;conditional;"Triage owner 12: RGW owned path; inspect endpoint hunk before binary impact verdict.";;;;
3291;v16.2.15;v17.2.7;src/rgw/rgw_acl_s3.h;;M;M;15;13;FALSE;100644;100644;60613a8a1c14bda3a48d362cfe2160af27aecdcb;657fb1f6716594eded0d4dc7d3100b42ca5a3ac4;12;12-rgw;P1;runtime/source;conditional;"Triage owner 12: RGW owned path; inspect endpoint hunk before binary impact verdict.";;;;
3292;v16.2.15;v17.2.7;src/rgw/rgw_acl_swift.cc;;M;M;37;34;FALSE;100644;100644;896a38bf9fbfbac3dbff7448275914a80ca7ec71;f02eb2dbfa71d3d5bf2513864633ad61ac3f4bba;12;12-rgw;P1;runtime/source;conditional;"Triage owner 12: RGW owned path; inspect endpoint hunk before binary impact verdict.";;;;
3293;v16.2.15;v17.2.7;src/rgw/rgw_acl_swift.h;;M;M;7;7;FALSE;100644;100644;68104bd36fd81f941465735b01bd4e6b3c815f15;f4d5e14c593245b47964deac9d2c08b3924f93e1;12;12-rgw;P1;runtime/source;conditional;"Triage owner 12: RGW owned path; inspect endpoint hunk before binary impact verdict.";;;;
3294;v16.2.15;v17.2.7;src/rgw/rgw_admin.cc;;M;M;1455;815;FALSE;100644;100644;e8b63f51b1a603b950b09a1f775ad4e465eb3d52;d6a9035d27cd2fdc8d7b020552e82e28ecabf6f7;12;12-rgw;P1;runtime/source;conditional;"Triage owner 12: RGW owned path; inspect endpoint hunk before binary impact verdict.";;;;
3295;v16.2.15;v17.2.7;src/rgw/rgw_admin_user.cc;;D;D;0;91;FALSE;100644;000000;cccc068c297eac4aa0cc8cde3d939579827c4c4e;0000000000000000000000000000000000000000;12;12-rgw;P1;runtime/source;conditional;"Triage owner 12: RGW owned path; inspect endpoint hunk before binary impact verdict.";;;;
3296;v16.2.15;v17.2.7;src/rgw/rgw_admin_user.h;;D;D;0;44;FALSE;100644;000000;eee5a5fc8b7011c5f94380eb66f8e92ed6e7e1ba;0000000000000000000000000000000000000000;12;12-rgw;P1;runtime/source;conditional;"Triage owner 12: RGW owned path; inspect endpoint hunk before binary impact verdict.";;;;
3297;v16.2.15;v17.2.7;src/rgw/rgw_aio.cc;;M;M;19;0;FALSE;100644;100644;1d5a021d3ee275292287224fd6092acdbc9259a4;4fba513b836084ca700416ee6635fd2f476e72d9;12;12-rgw;P1;runtime/source;conditional;"Triage owner 12: RGW owned path; inspect endpoint hunk before binary impact verdict.";;;;
3298;v16.2.15;v17.2.7;src/rgw/rgw_aio.h;;M;M;4;0;FALSE;100644;100644;c30de75ee2856edae15f31835a32ffed5ff4eb9c;a2c539c17ef00024f9135e5859d9cd132d7b9f6a;12;12-rgw;P1;runtime/source;conditional;"Triage owner 12: RGW owned path; inspect endpoint hunk before binary impact verdict.";;;;
3299;v16.2.15;v17.2.7;src/rgw/rgw_amqp.cc;;M;M;11;1;FALSE;100644;100644;d549bf18418a207f6beabd1b1d72fb7a8d9c32e4;6a11adf0692a18bb5626dfa893973a9746a3860f;12;12-rgw;P1;runtime/source;conditional;"Triage owner 12: RGW owned path; inspect endpoint hunk before binary impact verdict.";;;;
3300;v16.2.15;v17.2.7;src/rgw/rgw_arn.cc;;M;M;2;0;FALSE;100644;100644;d8b4ed39c74224f00ea28d6ab53f81c45f4c8ce3;fddc3d769cc26700cf9d3840f7c28eac34880f23;12;12-rgw;P1;runtime/source;conditional;"Triage owner 12: RGW owned path; inspect endpoint hunk before binary impact verdict.";;;;
3301;v16.2.15;v17.2.7;src/rgw/rgw_asio_client.cc;;M;M;2;0;FALSE;100644;100644;d74393633351bc4cfeec274aa8b1b012c9e7cca8;a0ec0bf5c0683a33ab0e66be52be37deafbec83a;12;12-rgw;P1;runtime/source;conditional;"Triage owner 12: RGW owned path; inspect endpoint hunk before binary impact verdict.";;;;
3302;v16.2.15;v17.2.7;src/rgw/rgw_asio_frontend.cc;;M;M;24;22;FALSE;100644;100644;8bbd87755fd8d61daaa278dd58dc7ee49173e036;dac47d36a7bfe6c5b7289a66c178293d5813df7a;12;12-rgw;P1;runtime/source;conditional;"Triage owner 12: RGW owned path; inspect endpoint hunk before binary impact verdict.";;;;
3303;v16.2.15;v17.2.7;src/rgw/rgw_asio_frontend.h;;M;M;1;1;FALSE;100644;100644;d5aaee5bcea31d6ac6b970b50498260ed16f74d4;ce488441888545d5d73ff7603ff2695e588efa49;12;12-rgw;P1;runtime/source;conditional;"Triage owner 12: RGW owned path; inspect endpoint hunk before binary impact verdict.";;;;
3304;v16.2.15;v17.2.7;src/rgw/rgw_auth.cc;;M;M;41;33;FALSE;100644;100644;1a1f5b113ead381cc84d7f0eb5527b545a27eaa6;369627c6d7b8b5b8ac7788a6c042e5971809d5d7;12;12-rgw;P1;runtime/source;conditional;"Triage owner 12: RGW owned path; inspect endpoint hunk before binary impact verdict.";;;;
3305;v16.2.15;v17.2.7;src/rgw/rgw_auth.h;;M;M;23;26;FALSE;100644;100644;dab41256c69b25a83224ed098a6396174db24fd5;50f2d12e424221677148320cb37198f7c45f2fd7;12;12-rgw;P1;runtime/source;conditional;"Triage owner 12: RGW owned path; inspect endpoint hunk before binary impact verdict.";;;;
3306;v16.2.15;v17.2.7;src/rgw/rgw_auth_filters.h;;M;M;24;19;FALSE;100644;100644;1b59f3bb25a1bed099bc862a664add518429b11b;2434ca2781e507e8b0afebabf9b7ab5e7a245e01;12;12-rgw;P1;runtime/source;conditional;"Triage owner 12: RGW owned path; inspect endpoint hunk before binary impact verdict.";;;;
3307;v16.2.15;v17.2.7;src/rgw/rgw_auth_keystone.cc;;M;M;27;46;FALSE;100644;100644;fced30f7740b07b1d2de659d7750441e98661ab3;10d8d82738860e6ae1dca24fcc91c14639d97d3a;12;12-rgw;P1;runtime/source;conditional;"Triage owner 12: RGW owned path; inspect endpoint hunk before binary impact verdict.";;;;
3308;v16.2.15;v17.2.7;src/rgw/rgw_auth_keystone.h;;M;M;2;3;FALSE;100644;100644;e68da934e49bf71d7b9cdda8fdaba49c85ffa311;b986fc2a6aef6f7d9eaa47f60f344bbe2d05fbbd;12;12-rgw;P1;runtime/source;conditional;"Triage owner 12: RGW owned path; inspect endpoint hunk before binary impact verdict.";;;;
3309;v16.2.15;v17.2.7;src/rgw/rgw_auth_registry.h;;M;M;10;10;FALSE;100644;100644;a38cb7d6c6d4acdc25b5829d17825cc2fc34425d;35071c54cd334b1c4b665a471487a71708927520;12;12-rgw;P1;runtime/source;conditional;"Triage owner 12: RGW owned path; inspect endpoint hunk before binary impact verdict.";;;;
3310;v16.2.15;v17.2.7;src/rgw/rgw_auth_s3.cc;;M;M;125;1;FALSE;100644;100644;f34c867f6ba189053242746a8b681c24e94bd3a9;7c77e71307f4ab318fd7fc822145d51285496b4d;12;12-rgw;P1;runtime/source;conditional;"Triage owner 12: RGW owned path; inspect endpoint hunk before binary impact verdict.";;;;
3311;v16.2.15;v17.2.7;src/rgw/rgw_auth_s3.h;;M;M;51;27;FALSE;100644;100644;3064555f75219bb142c7e4ded4687ba3a32356c7;7160633b8fad09cee7a14007e596d3c0d487a81e;12;12-rgw;P1;runtime/source;conditional;"Triage owner 12: RGW owned path; inspect endpoint hunk before binary impact verdict.";;;;
3312;v16.2.15;v17.2.7;src/rgw/rgw_basic_types.cc;;M;M;58;0;FALSE;100644;100644;01cca48c2185cf91b6dea8ea68e29df6a26b9539;f306fa10ac9ea1e5e4afbec472fda45749d9f3df;12;12-rgw;P1;runtime/source;conditional;"Triage owner 12: RGW owned path; inspect endpoint hunk before binary impact verdict.";;;;
3313;v16.2.15;v17.2.7;src/rgw/rgw_basic_types.h;;M;M;27;9;FALSE;100644;100644;81094fe569dcf894c6dc344b1427631b3a209103;ab128686940ec6c80ac0222b7fc1170a2062f278;12;12-rgw;P1;runtime/source;conditional;"Triage owner 12: RGW owned path; inspect endpoint hunk before binary impact verdict.";;;;
3314;v16.2.15;v17.2.7;src/rgw/rgw_bucket.cc;;M;M;477;773;FALSE;100644;100644;d104bf3c05dad231cc4859d845d3799b8b310d6c;f3dbf2a0a46f6e1c7c3c663b4a342166a18bbe2f;12;12-rgw;P1;runtime/source;conditional;"Triage owner 12: RGW owned path; inspect endpoint hunk before binary impact verdict.";;;;
3315;v16.2.15;v17.2.7;src/rgw/rgw_bucket.h;;M;M;98;120;FALSE;100644;100644;09088e0d83ebf5c90595027b6153392dbaa3dd5a;1a42348a774da250556a7ad7ab5aaf9a8ff6a7c7;12;12-rgw;P1;runtime/source;conditional;"Triage owner 12: RGW owned path; inspect endpoint hunk before binary impact verdict.";;;;
3316;v16.2.15;v17.2.7;src/rgw/rgw_bucket_encryption.cc;;A;A;49;0;FALSE;000000;100644;0000000000000000000000000000000000000000;f029709db97aef18665a654e343c8b7677a4ce01;12;12-rgw;P1;runtime/source;conditional;"Triage owner 12: RGW owned path; inspect endpoint hunk before binary impact verdict.";;;;
3317;v16.2.15;v17.2.7;src/rgw/rgw_bucket_encryption.h;;A;A;142;0;FALSE;000000;100644;0000000000000000000000000000000000000000;ba567bc71999923094fcb8162c987e79343f965f;12;12-rgw;P1;runtime/source;conditional;"Triage owner 12: RGW owned path; inspect endpoint hunk before binary impact verdict.";;;;
3318;v16.2.15;v17.2.7;src/rgw/rgw_bucket_sync.cc;;M;M;38;29;FALSE;100644;100644;357b56d9a406717a06691985c31339658045bb86;5fd81c53b1e7658e6260d40b2a7be54326f763d1;12;12-rgw;P1;runtime/source;conditional;"Triage owner 12: RGW owned path; inspect endpoint hunk before binary impact verdict.";;;;
3319;v16.2.15;v17.2.7;src/rgw/rgw_bucket_sync.h;;M;M;29;29;FALSE;100644;100644;d1d09bbfc0722bb38483d6c74d15e2fe70a67db4;76143773e8dde0c71ac8b6378a78598c6a53d765;12;12-rgw;P1;runtime/source;conditional;"Triage owner 12: RGW owned path; inspect endpoint hunk before binary impact verdict.";;;;
3320;v16.2.15;v17.2.7;src/rgw/rgw_cache.cc;;M;M;64;1;FALSE;100644;100644;346b86193c99a6dc597d9802f5702e572fff9541;dd7a826cdd87f1f173125378070703b928090e3a;12;12-rgw;P1;runtime/source;conditional;"Triage owner 12: RGW owned path; inspect endpoint hunk before binary impact verdict.";;;;
3321;v16.2.15;v17.2.7;src/rgw/rgw_cache.h;;M;M;20;20;FALSE;100644;100644;c00d1a36c8f51c4a01a93bdf2c032a48a33f2c04;cffa6573d63e897c1cb03bd60f89c2cc8daf2a07;12;12-rgw;P1;runtime/source;conditional;"Triage owner 12: RGW owned path; inspect endpoint hunk before binary impact verdict.";;;;
3322;v16.2.15;v17.2.7;src/rgw/rgw_civetweb.cc;;D;D;0;248;FALSE;100644;000000;3607e679273a6efcdd3f9cf48fb8f44690798155;0000000000000000000000000000000000000000;12;12-rgw;P1;runtime/source;conditional;"Triage owner 12: RGW owned path; inspect endpoint hunk before binary impact verdict.";;;;
3323;v16.2.15;v17.2.7;src/rgw/rgw_civetweb.h;;D;D;0;59;FALSE;100644;000000;8288b9705f37493cf04e4da2081d5e1f5dd977a1;0000000000000000000000000000000000000000;12;12-rgw;P1;runtime/source;conditional;"Triage owner 12: RGW owned path; inspect endpoint hunk before binary impact verdict.";;;;
3324;v16.2.15;v17.2.7;src/rgw/rgw_civetweb_frontend.cc;;D;D;0;154;FALSE;100644;000000;6c672db49b6b5b5840816456b28befe3d40c5dfe;0000000000000000000000000000000000000000;12;12-rgw;P1;runtime/source;conditional;"Triage owner 12: RGW owned path; inspect endpoint hunk before binary impact verdict.";;;;
3325;v16.2.15;v17.2.7;src/rgw/rgw_civetweb_log.cc;;D;D;0;24;FALSE;100644;000000;0d6c4ac12db7b0caec61692c3b39f86401dbc2fc;0000000000000000000000000000000000000000;12;12-rgw;P1;runtime/source;conditional;"Triage owner 12: RGW owned path; inspect endpoint hunk before binary impact verdict.";;;;
3326;v16.2.15;v17.2.7;src/rgw/rgw_civetweb_log.h;;D;D;0;10;FALSE;100644;000000;4807c49309708ee74ee9db8969fa674595af086f;0000000000000000000000000000000000000000;12;12-rgw;P1;runtime/source;conditional;"Triage owner 12: RGW owned path; inspect endpoint hunk before binary impact verdict.";;;;
3327;v16.2.15;v17.2.7;src/rgw/rgw_client_io.h;;M;M;2;2;FALSE;100644;100644;df0ccd831cc83dffdb782afb6a6daf6fc49bf04c;9626d289fc9dac740293d0c179abac8411d71fdf;12;12-rgw;P1;runtime/source;conditional;"Triage owner 12: RGW owned path; inspect endpoint hunk before binary impact verdict.";;;;
3328;v16.2.15;v17.2.7;src/rgw/rgw_common.cc;;M;M;694;15;FALSE;100644;100644;bc55ed8b41109c41d6a5395376eef8b5167582a2;13c5b7e16d76f0961009334ac4a8339ca56ef424;12;12-rgw;P1;runtime/source;conditional;"Triage owner 12: RGW owned path; inspect endpoint hunk before binary impact verdict.";;;;
3329;v16.2.15;v17.2.7;src/rgw/rgw_common.h;;M;M;293;214;FALSE;100644;100644;20bc5e4e49f3810c2bae9832f6fd911ec157e374;68ed641993fee5b20c6b49656daa5fd4b53a14e1;12;12-rgw;P1;runtime/source;conditional;"Triage owner 12: RGW owned path; inspect endpoint hunk before binary impact verdict.";;;;
3330;v16.2.15;v17.2.7;src/rgw/rgw_compression.cc;;M;M;25;5;FALSE;100644;100644;2eaf9da30d50953ee2fc342b7111f224959da984;8835a8fc55411e5a4749ee548d730619e8e704fa;12;12-rgw;P1;runtime/source;conditional;"Triage owner 12: RGW owned path; inspect endpoint hunk before binary impact verdict.";;;;
3331;v16.2.15;v17.2.7;src/rgw/rgw_compression.h;;M;M;4;4;FALSE;100644;100644;cc9386d2c05da72c86439c76331c326eafe6e573;8e8717b0df2c011e1bf1854b96b3b5aad985446e;12;12-rgw;P1;runtime/source;conditional;"Triage owner 12: RGW owned path; inspect endpoint hunk before binary impact verdict.";;;;
3332;v16.2.15;v17.2.7;src/rgw/rgw_compression_types.h;;M;M;2;2;FALSE;100644;100644;e5d98a3d53e6bdac36d6ebcbe1e05571088c2c87;776f8e10b20548e60d8988c82e0d1598e24f1c6f;12;12-rgw;P1;runtime/source;conditional;"Triage owner 12: RGW owned path; inspect endpoint hunk before binary impact verdict.";;;;
3333;v16.2.15;v17.2.7;src/rgw/rgw_coroutine.cc;;M;M;10;0;FALSE;100644;100644;4a2bb15861d87292cbc32ddf503681ddb3765a5f;41d8680bffc52f3c5202b1a5a8db6fee3b9181be;12;12-rgw;P1;runtime/source;conditional;"Triage owner 12: RGW owned path; inspect endpoint hunk before binary impact verdict.";;;;
3334;v16.2.15;v17.2.7;src/rgw/rgw_coroutine.h;;M;M;45;52;FALSE;100644;100644;9f358116c26a9bc8b48eb02d6c254f15a4996cc3;a6e3dee3be64385a84b6d962e63ac18adc924ea3;12;12-rgw;P1;runtime/source;conditional;"Triage owner 12: RGW owned path; inspect endpoint hunk before binary impact verdict.";;;;
3335;v16.2.15;v17.2.7;src/rgw/rgw_cors.cc;;M;M;6;7;FALSE;100644;100644;3fa600ad1d60ad0607edd01ba475b9b19d5eb9fa;83ba079b2509de8ec50377f98de6cdce0efdff15;12;12-rgw;P1;runtime/source;conditional;"Triage owner 12: RGW owned path; inspect endpoint hunk before binary impact verdict.";;;;
3336;v16.2.15;v17.2.7;src/rgw/rgw_cors.h;;M;M;8;7;FALSE;100644;100644;af0ed3c7910d9ba406c14abf2d27177f34ccb356;2d0c2ba5bfcebe4ee1fd53ea3653d8c709c4e3a8;12;12-rgw;P1;runtime/source;conditional;"Triage owner 12: RGW owned path; inspect endpoint hunk before binary impact verdict.";;;;
3337;v16.2.15;v17.2.7;src/rgw/rgw_cors_s3.cc;;M;M;1;0;FALSE;100644;100644;0275156d2c90da14cc7517e828737d653f11084c;ba68487e2758311ee260558a8a317b2a4577f671;12;12-rgw;P1;runtime/source;conditional;"Triage owner 12: RGW owned path; inspect endpoint hunk before binary impact verdict.";;;;
3338;v16.2.15;v17.2.7;src/rgw/rgw_cors_s3.h;;M;M;1;1;FALSE;100644;100644;bc69c513b6883f6786abdb606b042735a6f467d0;f4ec8a1f95bff5ad0bd3d9e71d48d5b384202145;12;12-rgw;P1;runtime/source;conditional;"Triage owner 12: RGW owned path; inspect endpoint hunk before binary impact verdict.";;;;
3339;v16.2.15;v17.2.7;src/rgw/rgw_cors_swift.h;;M;M;2;2;FALSE;100644;100644;4bb103a467d8200f36463fd4498c8554972e41ad;3eff9bea32be5a1e15dad32ced58399d932a69f1;12;12-rgw;P1;runtime/source;conditional;"Triage owner 12: RGW owned path; inspect endpoint hunk before binary impact verdict.";;;;
3340;v16.2.15;v17.2.7;src/rgw/rgw_cr_rados.cc;;M;M;29;27;FALSE;100644;100644;1174a3fc33b751329e8a1bf6800c86dd643e8629;7af1f5a7fec2dbc67370e8db1550dd998ccf9625;12;12-rgw;P1;runtime/source;conditional;"Triage owner 12: RGW owned path; inspect endpoint hunk before binary impact verdict.";;;;
3341;v16.2.15;v17.2.7;src/rgw/rgw_cr_rados.h;;M;M;131;129;FALSE;100644;100644;c46c0394fefeb52f563a3c8c1aab89cdbe8e6c7a;23ee4a6a9d08f279b5ce2a22210caff252cad5ec;12;12-rgw;P1;runtime/source;conditional;"Triage owner 12: RGW owned path; inspect endpoint hunk before binary impact verdict.";;;;
3342;v16.2.15;v17.2.7;src/rgw/rgw_cr_rest.cc;;M;M;6;4;FALSE;100644;100644;f290d11929e31f45b1f59b6dc72f9f6e7ba1b07a;0bd169f99e7d36b9c6e32c72f669d5046c40ce10;12;12-rgw;P1;runtime/source;conditional;"Triage owner 12: RGW owned path; inspect endpoint hunk before binary impact verdict.";;;;
3343;v16.2.15;v17.2.7;src/rgw/rgw_cr_rest.h;;M;M;38;38;FALSE;100644;100644;914eebee02de2769a3ae4f35f59d900a6dc50d47;cb103aeb83455637379a83810cee87f498a3fd79;12;12-rgw;P1;runtime/source;conditional;"Triage owner 12: RGW owned path; inspect endpoint hunk before binary impact verdict.";;;;
3344;v16.2.15;v17.2.7;src/rgw/rgw_cr_tools.cc;;M;M;5;4;FALSE;100644;100644;3d932764a91d48f9da322a990f935fb5b862711c;27806e164934817cae7dec804c84f69c13fecace;12;12-rgw;P1;runtime/source;conditional;"Triage owner 12: RGW owned path; inspect endpoint hunk before binary impact verdict.";;;;
3345;v16.2.15;v17.2.7;src/rgw/rgw_cr_tools.h;;M;M;8;10;FALSE;100644;100644;28bee86ef4bf02db85fdb14fb78c8ac86678544f;ebdbfeb51b7f2b193f680c8e45377d9aeec75056;12;12-rgw;P1;runtime/source;conditional;"Triage owner 12: RGW owned path; inspect endpoint hunk before binary impact verdict.";;;;
3346;v16.2.15;v17.2.7;src/rgw/rgw_crypt.cc;;M;M;350;149;FALSE;100644;100644;08837d39ef2aa7387b35d75f2cec7df1da3c2c15;b91c716ff90d1675bc02b6132ffb9c73a14e054f;12;12-rgw;P1;runtime/source;conditional;"Triage owner 12: RGW owned path; inspect endpoint hunk before binary impact verdict.";;;;
3347;v16.2.15;v17.2.7;src/rgw/rgw_crypt.h;;M;M;19;14;FALSE;100644;100644;ff221549d6fde83a0f05aca08d4ffcf53020d29c;f36a4211eb89ea9b5715e814e68ae08b3d29547f;12;12-rgw;P1;runtime/source;conditional;"Triage owner 12: RGW owned path; inspect endpoint hunk before binary impact verdict.";;;;
3348;v16.2.15;v17.2.7;src/rgw/rgw_d3n_cacherequest.h;;A;A;148;0;FALSE;000000;100644;0000000000000000000000000000000000000000;988bfed1f9612dd621cf73e869005985eaa047ef;12;12-rgw;P1;runtime/source;conditional;"Triage owner 12: RGW owned path; inspect endpoint hunk before binary impact verdict.";;;;
3349;v16.2.15;v17.2.7;src/rgw/rgw_d3n_datacache.cc;;A;A;366;0;FALSE;000000;100644;0000000000000000000000000000000000000000;4995b2e6a25de844241f2f96fcf4ca82aaee5595;12;12-rgw;P1;runtime/source;conditional;"Triage owner 12: RGW owned path; inspect endpoint hunk before binary impact verdict.";;;;
3350;v16.2.15;v17.2.7;src/rgw/rgw_d3n_datacache.h;;A;A;261;0;FALSE;000000;100644;0000000000000000000000000000000000000000;874a4b06b7f9e62700f8487b9da4c827ec601023;12;12-rgw;P1;runtime/source;conditional;"Triage owner 12: RGW owned path; inspect endpoint hunk before binary impact verdict.";;;;
3351;v16.2.15;v17.2.7;src/rgw/rgw_data_sync.cc;;M;M;132;34;FALSE;100644;100644;c769d95a7aa6bf5aeee51600c8d19c86dc09657b;d50572653c3681a0a66a9fad126f3b7f7a2b6cad;12;12-rgw;P1;runtime/source;conditional;"Triage owner 12: RGW owned path; inspect endpoint hunk before binary impact verdict.";;;;
3352;v16.2.15;v17.2.7;src/rgw/rgw_data_sync.h;;M;M;62;63;FALSE;100644;100644;92e2909f9ef42bbb563584df3221bf390088affa;43ca47126d4df1c96d199b9a748e657fe46a6279;12;12-rgw;P1;runtime/source;conditional;"Triage owner 12: RGW owned path; inspect endpoint hunk before binary impact verdict.";;;;
3353;v16.2.15;v17.2.7;src/rgw/rgw_datalog.cc;;M;M;27;7;FALSE;100644;100644;545ec89370785225bc0c4d0a690603ecd08f8a2e;b52e52000774420de465eaef75eedb76fc861f1e;12;12-rgw;P1;runtime/source;conditional;"Triage owner 12: RGW owned path; inspect endpoint hunk before binary impact verdict.";;;;
3354;v16.2.15;v17.2.7;src/rgw/rgw_datalog.h;;M;M;3;3;FALSE;100644;100644;f609a02bf365c2d88fc7f2df6284516c357f997c;85ce61b8112bfa71619d69960e8c73c1b5f67d8a;12;12-rgw;P1;runtime/source;conditional;"Triage owner 12: RGW owned path; inspect endpoint hunk before binary impact verdict.";;;;
3355;v16.2.15;v17.2.7;src/rgw/rgw_dencoder.cc;;M;M;14;450;FALSE;100644;100644;10fc0eb303a26ead2d4f15c6b8c0f679f5170ec7;2475b45ed6e4e3b3610b05cb524c2d47c6456c3e;12;12-rgw;P1;runtime/source;conditional;"Triage owner 12: RGW owned path; inspect endpoint hunk before binary impact verdict.";;;;
3356;v16.2.15;v17.2.7;src/rgw/rgw_env.cc;;M;M;2;0;FALSE;100644;100644;3e33ffc037fd631f8b69517cb8cc9904e1d4513b;d528f0e6d479a85b8e8f63897904d2ccf94c5a4d;12;12-rgw;P1;runtime/source;conditional;"Triage owner 12: RGW owned path; inspect endpoint hunk before binary impact verdict.";;;;
3357;v16.2.15;v17.2.7;src/rgw/rgw_es_main.cc;;M;M;2;2;FALSE;100644;100644;c07a6602273912ba9d518caa4b1163cb672d60fd;6cfbc9352926c944ddde13367ddda318309dfceb;12;12-rgw;P1;runtime/source;conditional;"Triage owner 12: RGW owned path; inspect endpoint hunk before binary impact verdict.";;;;
3358;v16.2.15;v17.2.7;src/rgw/rgw_es_query.cc;;M;M;2;0;FALSE;100644;100644;57a51634d441469075c7a0279574177264c035b4;16105d599c513894381b3bc4a6c46b22d54c0f10;12;12-rgw;P1;runtime/source;conditional;"Triage owner 12: RGW owned path; inspect endpoint hunk before binary impact verdict.";;;;
3359;v16.2.15;v17.2.7;src/rgw/rgw_es_query.h;;M;M;28;25;FALSE;100644;100644;1f9dc6928af48621623389b2955c8c65f30921dc;27cc36d75260e4297340e1e74f2763182682a7fd;12;12-rgw;P1;runtime/source;conditional;"Triage owner 12: RGW owned path; inspect endpoint hunk before binary impact verdict.";;;;
3360;v16.2.15;v17.2.7;src/rgw/rgw_etag_verifier.cc;;M;M;2;1;FALSE;100644;100644;6a455e18b23112eccc2bb4b2cddb6b7e74afd594;52f7c7948421f857084b5fd93c3a18cd9ef888fc;12;12-rgw;P1;runtime/source;conditional;"Triage owner 12: RGW owned path; inspect endpoint hunk before binary impact verdict.";;;;
3361;v16.2.15;v17.2.7;src/rgw/rgw_etag_verifier.h;;M;M;6;6;FALSE;100644;100644;563b1e8c78f8a0207b690d58a2a170c423393f80;56a679ebddd31d1a15a31e0991590a379c665e78;12;12-rgw;P1;runtime/source;conditional;"Triage owner 12: RGW owned path; inspect endpoint hunk before binary impact verdict.";;;;
3362;v16.2.15;v17.2.7;src/rgw/rgw_fcgi.cc;;D;D;0;91;FALSE;100644;000000;2a0e9f91798e114995a09330e8342bfbdc1886d7;0000000000000000000000000000000000000000;12;12-rgw;P1;runtime/source;conditional;"Triage owner 12: RGW owned path; inspect endpoint hunk before binary impact verdict.";;;;
3363;v16.2.15;v17.2.7;src/rgw/rgw_fcgi.h;;D;D;0;57;FALSE;100644;000000;552bebc8c4c908c31cd3cea1e6b66e8f04936831;0000000000000000000000000000000000000000;12;12-rgw;P1;runtime/source;conditional;"Triage owner 12: RGW owned path; inspect endpoint hunk before binary impact verdict.";;;;
3364;v16.2.15;v17.2.7;src/rgw/rgw_fcgi_process.cc;;D;D;0;137;FALSE;100644;000000;3851afd52069870c59a41f7f08492acf1f5a6ac8;0000000000000000000000000000000000000000;12;12-rgw;P1;runtime/source;conditional;"Triage owner 12: RGW owned path; inspect endpoint hunk before binary impact verdict.";;;;
3365;v16.2.15;v17.2.7;src/rgw/rgw_file.cc;;M;M;28;46;FALSE;100644;100644;237b48163ee68ecc75c96079e455dfbb0f8c3f76;6fa4e817155ccfbf872f2077ed41aa2f2c7fd9ad;12;12-rgw;P1;runtime/source;conditional;"Triage owner 12: RGW owned path; inspect endpoint hunk before binary impact verdict.";;;;
3366;v16.2.15;v17.2.7;src/rgw/rgw_file.h;;M;M;48;51;FALSE;100644;100644;6d4b2689df390f5990a6c355170969c69a1c87dc;be3adc75754ed21c378570a4da20334a31d5059c;12;12-rgw;P1;runtime/source;conditional;"Triage owner 12: RGW owned path; inspect endpoint hunk before binary impact verdict.";;;;
3367;v16.2.15;v17.2.7;src/rgw/rgw_formats.cc;;M;M;2;0;FALSE;100644;100644;f9c0b98574300e581dbc731d4910cf52acdf7a88;3affb5f1414250c66771538eb3febe0396098aa0;12;12-rgw;P1;runtime/source;conditional;"Triage owner 12: RGW owned path; inspect endpoint hunk before binary impact verdict.";;;;
3368;v16.2.15;v17.2.7;src/rgw/rgw_formats.h;;M;M;3;3;FALSE;100644;100644;d9c833fc9843f2c74740719ea0e3461fc36e084d;d7e47259d5839af018af57afca8f166325814cb6;12;12-rgw;P1;runtime/source;conditional;"Triage owner 12: RGW owned path; inspect endpoint hunk before binary impact verdict.";;;;
3369;v16.2.15;v17.2.7;src/rgw/rgw_frontend.cc;;M;M;2;0;FALSE;100644;100644;fbde27ae6cf25a0f81f0bcf25e0827f354faefe6;ea5cbbafefb196b2ec96e999207a1f515a847379;12;12-rgw;P1;runtime/source;conditional;"Triage owner 12: RGW owned path; inspect endpoint hunk before binary impact verdict.";;;;
3370;v16.2.15;v17.2.7;src/rgw/rgw_frontend.h;;M;M;12;92;FALSE;100644;100644;08f6042a62ce69d3790748a830fe5f6ed739ec28;a648489ac910dccd76c35ee499c38122ce36ee0c;12;12-rgw;P1;runtime/source;conditional;"Triage owner 12: RGW owned path; inspect endpoint hunk before binary impact verdict.";;;;
3371;v16.2.15;v17.2.7;src/rgw/rgw_gc.cc;;M;M;1;0;FALSE;100644;100644;5e2d6e1cb706017a0f3a9bea2ae61229d5128de1;bd16bde1bd5dbeac47926845d1a8f16dbeac1504;12;12-rgw;P1;runtime/source;conditional;"Triage owner 12: RGW owned path; inspect endpoint hunk before binary impact verdict.";;;;
3372;v16.2.15;v17.2.7;src/rgw/rgw_gc.h;;M;M;6;6;FALSE;100644;100644;13d9ba64ae4d09bd077ab1390177d405c0755ba2;196f2802c1649a2c4d84232695e31147f172bb16;12;12-rgw;P1;runtime/source;conditional;"Triage owner 12: RGW owned path; inspect endpoint hunk before binary impact verdict.";;;;
3373;v16.2.15;v17.2.7;src/rgw/rgw_http_client.cc;;M;M;53;1;FALSE;100644;100644;01457a7c98ae9cce3e9360748d70143d6912af1d;0e3c79d8562c676f73f6686417f83e36d8ee244a;12;12-rgw;P1;runtime/source;conditional;"Triage owner 12: RGW owned path; inspect endpoint hunk before binary impact verdict.";;;;
3374;v16.2.15;v17.2.7;src/rgw/rgw_http_client.h;;M;M;38;37;FALSE;100644;100644;79de60a179660cebaf90a00d55f88ed1a9eb4565;d20b28cf4f9403e6d3907aec7e6c46cef577b805;12;12-rgw;P1;runtime/source;conditional;"Triage owner 12: RGW owned path; inspect endpoint hunk before binary impact verdict.";;;;
3375;v16.2.15;v17.2.7;src/rgw/rgw_http_client_curl.cc;;M;M;1;1;FALSE;100644;100644;d243251a8a26943f90b50435120bbbfe9e6517a1;c11eacdd417a0982ff616f60d39c810577397c69;12;12-rgw;P1;runtime/source;conditional;"Triage owner 12: RGW owned path; inspect endpoint hunk before binary impact verdict.";;;;
3376;v16.2.15;v17.2.7;src/rgw/rgw_iam_policy.cc;;M;M;10;0;FALSE;100644;100644;aa7124e14e804a8aa00a709e5492d09b4e1333fa;1ecb74281a73bc884f14f88ac36ff37c784b45a9;12;12-rgw;P1;runtime/source;conditional;"Triage owner 12: RGW owned path; inspect endpoint hunk before binary impact verdict.";;;;
3377;v16.2.15;v17.2.7;src/rgw/rgw_iam_policy.h;;M;M;9;5;FALSE;100644;100644;eeda0a6452fb1ab2c839470eeaf558ff048db5d9;2de1b7bd58b9f83a5e73334bc76b3bc7d9a7b8f1;12;12-rgw;P1;runtime/source;conditional;"Triage owner 12: RGW owned path; inspect endpoint hunk before binary impact verdict.";;;;
3378;v16.2.15;v17.2.7;src/rgw/rgw_json_enc.cc;;M;M;1;2071;FALSE;100644;100644;3b1a582436e6fd8f17ede27744bdee0577605dfe;bac6e84ef39309b970a3b5d9551296c9455e36ab;12;12-rgw;P1;runtime/source;conditional;"Triage owner 12: RGW owned path; inspect endpoint hunk before binary impact verdict.";;;;
3379;v16.2.15;v17.2.7;src/rgw/rgw_jsonparser.cc;;M;M;1;0;FALSE;100644;100644;057572d980f871142024b3d8a435ab4e21a6c667;6541630b286d33372f22196b79e6e1b9648c663b;12;12-rgw;P1;runtime/source;conditional;"Triage owner 12: RGW owned path; inspect endpoint hunk before binary impact verdict.";;;;
3380;v16.2.15;v17.2.7;src/rgw/rgw_kafka.cc;;M;M;12;30;FALSE;100644;100644;1e8af36ba879bfcdc20d5d2ea9214c37acdd6dd0;9b75c9d0885749b55d3278cb9e6a27bd7f7b22dd;12;12-rgw;P1;runtime/source;conditional;"Triage owner 12: RGW owned path; inspect endpoint hunk before binary impact verdict.";;;;
3381;v16.2.15;v17.2.7;src/rgw/rgw_keystone.cc;;M;M;198;15;FALSE;100644;100644;fe37963691c4cf0cc550d924e3e11d523a89a7e9;15033aee261b2e14d808a2937f2f826cdb0cee33;12;12-rgw;P1;runtime/source;conditional;"Triage owner 12: RGW owned path; inspect endpoint hunk before binary impact verdict.";;;;
3382;v16.2.15;v17.2.7;src/rgw/rgw_keystone.h;;M;M;26;23;FALSE;100644;100644;574cae19cd3b36945251951d504fcd8164633c3b;eb4657d4477f5dc4a7c7d3e5bd8867990dfea3a5;12;12-rgw;P1;runtime/source;conditional;"Triage owner 12: RGW owned path; inspect endpoint hunk before binary impact verdict.";;;;
3383;v16.2.15;v17.2.7;src/rgw/rgw_kms.cc;;M;M;423;132;FALSE;100644;100644;2fced0d7e4ea9c79fca0060640363c6106d042c4;bfea30989b536c4ac752a56fbf36d5d4e4f39e92;12;12-rgw;P1;runtime/source;conditional;"Triage owner 12: RGW owned path; inspect endpoint hunk before binary impact verdict.";;;;
3384;v16.2.15;v17.2.7;src/rgw/rgw_kms.h;;M;M;19;5;FALSE;100644;100644;e06b8038b173a10e8e5a5ece53210eede9dbf024;a5b83fa99f65f9d89bb987aa1e780eb4268dd2c8;12;12-rgw;P1;runtime/source;conditional;"Triage owner 12: RGW owned path; inspect endpoint hunk before binary impact verdict.";;;;
3385;v16.2.15;v17.2.7;src/rgw/rgw_lc.cc;;M;M;637;181;FALSE;100644;100644;4b6aaaa36bd884a38c9bee9191317fb67c0fd325;1a23988f8fc7f014bc7a92f887f0862d58443298;12;12-rgw;P1;runtime/source;conditional;"Triage owner 12: RGW owned path; inspect endpoint hunk before binary impact verdict.";;;;
3386;v16.2.15;v17.2.7;src/rgw/rgw_lc.h;;M;M;67;60;FALSE;100644;100644;70e195a78ee17a85884db83eea12f1c245a679b3;f79dd23ae7c565c3a16c04d56f4cffdacfc129e2;12;12-rgw;P1;runtime/source;conditional;"Triage owner 12: RGW owned path; inspect endpoint hunk before binary impact verdict.";;;;
3387;v16.2.15;v17.2.7;src/rgw/rgw_lc_s3.cc;;M;M;2;0;FALSE;100644;100644;57a996f0cf8215259dd2574bb81a2517b9789845;536323d74821cc21833f6f0a3a34998cc9d7dab3;12;12-rgw;P1;runtime/source;conditional;"Triage owner 12: RGW owned path; inspect endpoint hunk before binary impact verdict.";;;;
3388;v16.2.15;v17.2.7;src/rgw/rgw_lc_s3.h;;M;M;1;1;FALSE;100644;100644;5aa9c8e8c4961ea5a2b67758cc6c7c6d5a9fcc09;0fe093df9ea0fbb6b654c7ed3e16c06f309891a6;12;12-rgw;P1;runtime/source;conditional;"Triage owner 12: RGW owned path; inspect endpoint hunk before binary impact verdict.";;;;
3389;v16.2.15;v17.2.7;src/rgw/rgw_lc_tier.cc;;A;A;1337;0;FALSE;000000;100644;0000000000000000000000000000000000000000;080b99737acb661cd624cddc41ff3053d36dd56d;12;12-rgw;P1;runtime/source;conditional;"Triage owner 12: RGW owned path; inspect endpoint hunk before binary impact verdict.";;;;
3390;v16.2.15;v17.2.7;src/rgw/rgw_lc_tier.h;;A;A;55;0;FALSE;000000;100644;0000000000000000000000000000000000000000;7f38f1e02b833b97eca87a24757d86eb5ca1c75b;12;12-rgw;P1;runtime/source;conditional;"Triage owner 12: RGW owned path; inspect endpoint hunk before binary impact verdict.";;;;
3391;v16.2.15;v17.2.7;src/rgw/rgw_ldap.cc;;M;M;2;0;FALSE;100644;100644;27b2c24af4d298671255f2bfa2844f14a9b08bc8;7ad6b74b139889a67e3542e892ed672e0ba8ae42;12;12-rgw;P1;runtime/source;conditional;"Triage owner 12: RGW owned path; inspect endpoint hunk before binary impact verdict.";;;;
3392;v16.2.15;v17.2.7;src/rgw/rgw_lib.h;;M;M;14;22;FALSE;100644;100644;91c325255e496862416cb83d0e368394c625932e;0c5e9e721685f42755c9dfcc3bb70f386ce0914f;12;12-rgw;P1;runtime/source;conditional;"Triage owner 12: RGW owned path; inspect endpoint hunk before binary impact verdict.";;;;
3393;v16.2.15;v17.2.7;src/rgw/rgw_lib_frontend.h;;M;M;1;1;FALSE;100644;100644;461befd6bad71617b6883da96992460e7d0616d1;625952d335df0d9ca82efa222ac24b8d9904d698;12;12-rgw;P1;runtime/source;conditional;"Triage owner 12: RGW owned path; inspect endpoint hunk before binary impact verdict.";;;;
3394;v16.2.15;v17.2.7;src/rgw/rgw_loadgen.cc;;M;M;2;0;FALSE;100644;100644;22c133864b721a874c1978a1c51cabebb40a812c;015057e9c79bc11a7b5156bf93b66174241ec3b1;12;12-rgw;P1;runtime/source;conditional;"Triage owner 12: RGW owned path; inspect endpoint hunk before binary impact verdict.";;;;
3395;v16.2.15;v17.2.7;src/rgw/rgw_loadgen_process.cc;;M;M;6;3;FALSE;100644;100644;9235f13d1160f23cf4397805205c7d790973c7d8;27078f04c4e89d1ff5f22ac44e7ec1a1596950f6;12;12-rgw;P1;runtime/source;conditional;"Triage owner 12: RGW owned path; inspect endpoint hunk before binary impact verdict.";;;;
3396;v16.2.15;v17.2.7;src/rgw/rgw_log.cc;;M;M;85;45;FALSE;100644;100644;f0509586cbcee7013fa2105799cace50cbaf186e;5f7598a41f6a8e6e5d4e66ea1ae03e287b567427;12;12-rgw;P1;runtime/source;conditional;"Triage owner 12: RGW owned path; inspect endpoint hunk before binary impact verdict.";;;;
3397;v16.2.15;v17.2.7;src/rgw/rgw_log.h;;M;M;21;18;FALSE;100644;100644;5e0805b01f78bfcf5d458b8acc3c01832094a075;14159f2384716b68a31224472c1c4ce446b3ae7d;12;12-rgw;P1;runtime/source;conditional;"Triage owner 12: RGW owned path; inspect endpoint hunk before binary impact verdict.";;;;
3398;v16.2.15;v17.2.7;src/rgw/rgw_log_backing.cc;;M;M;2;1;FALSE;100644;100644;415ad1363d5281a53f6533b380afa06b36e50888;7c9dafe7e449435c190a10b23545e04db662142f;12;12-rgw;P1;runtime/source;conditional;"Triage owner 12: RGW owned path; inspect endpoint hunk before binary impact verdict.";;;;
3399;v16.2.15;v17.2.7;src/rgw/rgw_log_backing.h;;M;M;1;1;FALSE;100644;100644;599ea4bd1030b4d34e38ee75aa5df6fc86169378;3fa67d7418bb796d01b2d15a2d1e60a66ec42ec6;12;12-rgw;P1;runtime/source;conditional;"Triage owner 12: RGW owned path; inspect endpoint hunk before binary impact verdict.";;;;
3400;v16.2.15;v17.2.7;src/rgw/rgw_lua.cc;;M;M;56;92;FALSE;100644;100644;987182c664645e17230fa6212f84299bb8185754;83c834877efad355970095f27e1a08cbd04c3c50;12;12-rgw;P1;runtime/source;conditional;"Triage owner 12: RGW owned path; inspect endpoint hunk before binary impact verdict.";;;;
3401;v16.2.15;v17.2.7;src/rgw/rgw_lua.h;;M;M;9;8;FALSE;100644;100644;4e135a76349b19ba8d25ab4940d2c74f9fabfe7a;3bb0603d9569420474e4c00ccac0f9816d72a1dd;12;12-rgw;P1;runtime/source;conditional;"Triage owner 12: RGW owned path; inspect endpoint hunk before binary impact verdict.";;;;
3402;v16.2.15;v17.2.7;src/rgw/rgw_lua_request.cc;;M;M;64;22;FALSE;100644;100644;a770f0cf7df6027fc89910dd8d29b5b9c1c1f2d4;f123062c24ae0e25fc450538cbe683defea08a26;12;12-rgw;P1;runtime/source;conditional;"Triage owner 12: RGW owned path; inspect endpoint hunk before binary impact verdict.";;;;
3403;v16.2.15;v17.2.7;src/rgw/rgw_lua_request.h;;M;M;3;3;FALSE;100644;100644;b017464280b369c6cb8efdd95270541b1d19e7e4;17884069c032f301bfafe0c6c63385c9b7e6e535;12;12-rgw;P1;runtime/source;conditional;"Triage owner 12: RGW owned path; inspect endpoint hunk before binary impact verdict.";;;;
3404;v16.2.15;v17.2.7;src/rgw/rgw_lua_utils.h;;M;M;6;8;FALSE;100644;100644;47f7437f3ab499f9ed5b13125a69edb9049482b5;ac4ec4799e4070b5e14d2239b7121d816b8d54af;12;12-rgw;P1;runtime/source;conditional;"Triage owner 12: RGW owned path; inspect endpoint hunk before binary impact verdict.";;;;
3405;v16.2.15;v17.2.7;src/rgw/rgw_main.cc;;M;M;75;63;FALSE;100644;100644;f7a477954f2844285d5b03252245de8d857f7453;a346b33b7c004e163133acba316b3ad7bbe559d6;12;12-rgw;P1;runtime/source;conditional;"Triage owner 12: RGW owned path; inspect endpoint hunk before binary impact verdict.";;;;
3406;v16.2.15;v17.2.7;src/rgw/rgw_mdlog.h;;M;M;19;17;FALSE;100644;100644;93abc1693c54e149bb423c1b4be0c2ae34d559cb;abc590a3e4635b67d07c994b9c95d9eea58b648e;12;12-rgw;P1;runtime/source;conditional;"Triage owner 12: RGW owned path; inspect endpoint hunk before binary impact verdict.";;;;
3407;v16.2.15;v17.2.7;src/rgw/rgw_meta_sync_status.h;;M;M;3;3;FALSE;100644;100644;22dbe6479bb86d68ca03e6a6955cd8eed24169d4;6272b471db01b7d984b52a87f7e8a359fc4805ce;12;12-rgw;P1;runtime/source;conditional;"Triage owner 12: RGW owned path; inspect endpoint hunk before binary impact verdict.";;;;
3408;v16.2.15;v17.2.7;src/rgw/rgw_metadata.cc;;M;M;38;5;FALSE;100644;100644;726802e4a4261b9b55a5cc96f0c1f8fb744211e5;b3ba33eac80e3f5bb55992208501f6439652b582;12;12-rgw;P1;runtime/source;conditional;"Triage owner 12: RGW owned path; inspect endpoint hunk before binary impact verdict.";;;;
3409;v16.2.15;v17.2.7;src/rgw/rgw_metadata.h;;M;M;41;39;FALSE;100644;100644;e717122bb703ff7519d5e4d320f49068521c5e4a;5812016f3d3128b655d8d93c00691bfd4ed155be;12;12-rgw;P1;runtime/source;conditional;"Triage owner 12: RGW owned path; inspect endpoint hunk before binary impact verdict.";;;;
3410;v16.2.15;v17.2.7;src/rgw/rgw_multi.cc;;M;M;17;296;FALSE;100644;100644;989d17a14d8fda5dc8cfdb357e9b71a87b4b4f1c;e559bb5573b8e0e4506f0636ff735c7ebecd8e28;12;12-rgw;P1;runtime/source;conditional;"Triage owner 12: RGW owned path; inspect endpoint hunk before binary impact verdict.";;;;
3411;v16.2.15;v17.2.7;src/rgw/rgw_multi.h;;M;M;9;44;FALSE;100644;100644;31069417e9169f1848c2a7571a9982e00c06ca6e;668b12080194b46e945bf49318027e0991643dac;12;12-rgw;P1;runtime/source;conditional;"Triage owner 12: RGW owned path; inspect endpoint hunk before binary impact verdict.";;;;
3412;v16.2.15;v17.2.7;src/rgw/rgw_multi_del.cc;;M;M;1;1;FALSE;100644;100644;03485e62213033ea5dc0739c264f67974f0e43fc;443ffd60a8a1b2833ea8f56a0de7fb32db92c29f;12;12-rgw;P1;runtime/source;conditional;"Triage owner 12: RGW owned path; inspect endpoint hunk before binary impact verdict.";;;;
3413;v16.2.15;v17.2.7;src/rgw/rgw_multi_del.h;;M;M;4;4;FALSE;100644;100644;976caec633ef1aedf427fc17bebfca45fd7217ab;6187aae37e8d33889732c518a1fa899fbb5aa260;12;12-rgw;P1;runtime/source;conditional;"Triage owner 12: RGW owned path; inspect endpoint hunk before binary impact verdict.";;;;
3414;v16.2.15;v17.2.7;src/rgw/rgw_multiparser.cc;;M;M;2;1;FALSE;100644;100644;46cedee52510da961a34a7f3a81a37c6a37d2112;a8778abd9a08b04c7e40de90e44f90ffab685229;12;12-rgw;P1;runtime/source;conditional;"Triage owner 12: RGW owned path; inspect endpoint hunk before binary impact verdict.";;;;
3415;v16.2.15;v17.2.7;src/rgw/rgw_notify.cc;;M;M;170;116;FALSE;100644;100644;1f859dc52ac75cfd59fe05f751af2339eeace463;2823d5ff9fd4c17835962dff923f80f732ae82c5;12;12-rgw;P1;runtime/source;conditional;"Triage owner 12: RGW owned path; inspect endpoint hunk before binary impact verdict.";;;;
3416;v16.2.15;v17.2.7;src/rgw/rgw_notify.h;;M;M;48;19;FALSE;100644;100644;9aee8fafe01ae411c25cf0bf55a451ebe45a7a48;06cc208000fc77412787db47a3a215629bcb34fc;12;12-rgw;P1;runtime/source;conditional;"Triage owner 12: RGW owned path; inspect endpoint hunk before binary impact verdict.";;;;
3417;v16.2.15;v17.2.7;src/rgw/rgw_notify_event_type.cc;;M;M;79;31;FALSE;100644;100644;4af9a32f7e3b36eb6e26028a4c685781bcdc0482;059cfc3469a8862e28108211c36177d2072bc04a;12;12-rgw;P1;runtime/source;conditional;"Triage owner 12: RGW owned path; inspect endpoint hunk before binary impact verdict.";;;;
3418;v16.2.15;v17.2.7;src/rgw/rgw_notify_event_type.h;;M;M;11;1;FALSE;100644;100644;f255bfd744eb23971d1153d26dcc6efcba904fe8;bbfff88f5e169a2fc29918fc8e29ad7e40d97c92;12;12-rgw;P1;runtime/source;conditional;"Triage owner 12: RGW owned path; inspect endpoint hunk before binary impact verdict.";;;;
3419;v16.2.15;v17.2.7;src/rgw/rgw_obj_manifest.cc;;M;M;111;2;FALSE;100644;100644;ca8c0bae75a4c51fbdf1f01f2cd21b6a51ea68b5;5af0b12a8daf80eae8010fc2e773f35afd960aca;12;12-rgw;P1;runtime/source;conditional;"Triage owner 12: RGW owned path; inspect endpoint hunk before binary impact verdict.";;;;
3420;v16.2.15;v17.2.7;src/rgw/rgw_obj_manifest.h;;M;M;146;25;FALSE;100644;100644;95e3f8b239927ce30c1fba5e5e273d659c26faca;48e0c1e5a4ea93181f7b1f27635fca9cc1ce6212;12;12-rgw;P1;runtime/source;conditional;"Triage owner 12: RGW owned path; inspect endpoint hunk before binary impact verdict.";;;;
3421;v16.2.15;v17.2.7;src/rgw/rgw_object_expirer.cc;;M;M;6;7;FALSE;100644;100644;42aefea6712a199a7e5f81aa9e23a8de5982303f;e2e82ad58b12e14d915498185196ef78f0713ce7;12;12-rgw;P1;runtime/source;conditional;"Triage owner 12: RGW owned path; inspect endpoint hunk before binary impact verdict.";;;;
3422;v16.2.15;v17.2.7;src/rgw/rgw_object_expirer_core.cc;;M;M;17;36;FALSE;100644;100644;52f241082cc70b1669492d114ee803888a34edee;370001bff993999c816a2081a8feb9d53f5c8a8d;12;12-rgw;P1;runtime/source;conditional;"Triage owner 12: RGW owned path; inspect endpoint hunk before binary impact verdict.";;;;
3423;v16.2.15;v17.2.7;src/rgw/rgw_object_expirer_core.h;;M;M;7;10;FALSE;100644;100644;a17f447c4aae32e0ae1bd47b280674adca11c9a2;68b65653ba47b0dbaa4042f935af4a43732f3e10;12;12-rgw;P1;runtime/source;conditional;"Triage owner 12: RGW owned path; inspect endpoint hunk before binary impact verdict.";;;;
3424;v16.2.15;v17.2.7;src/rgw/rgw_object_lock.cc;;M;M;3;1;FALSE;100644;100644;83156cd7863c4e9ae290e95be78b5a141d673c81;0c57793fec952fc3b07ef7bfef8f0182445d27fe;12;12-rgw;P1;runtime/source;conditional;"Triage owner 12: RGW owned path; inspect endpoint hunk before binary impact verdict.";;;;
3425;v16.2.15;v17.2.7;src/rgw/rgw_object_lock.h;;M;M;12;12;FALSE;100644;100644;cabb1c766d0f51db6d6516b7d45e46b9cda7d00c;997c660e4cd11a3e0c29676a5fbe586a2fce0b27;12;12-rgw;P1;runtime/source;conditional;"Triage owner 12: RGW owned path; inspect endpoint hunk before binary impact verdict.";;;;
3426;v16.2.15;v17.2.7;src/rgw/rgw_oidc_provider.cc;;M;M;12;127;FALSE;100644;100644;757ae90ca25faaae47e69f76ca6e2d7088ffb61b;da6d73e23f7b63f039e94410ae9c7f9dd1cb19e5;12;12-rgw;P1;runtime/source;conditional;"Triage owner 12: RGW owned path; inspect endpoint hunk before binary impact verdict.";;;;
3427;v16.2.15;v17.2.7;src/rgw/rgw_oidc_provider.h;;M;M;54;57;FALSE;100644;100644;4b6ecda9d76c310b005f08595332bbb4976f30ba;c3b794df0d62a2e444bb329a0f377d67b8b5d548;12;12-rgw;P1;runtime/source;conditional;"Triage owner 12: RGW owned path; inspect endpoint hunk before binary impact verdict.";;;;
3428;v16.2.15;v17.2.7;src/rgw/rgw_op.cc;;M;M;674;851;FALSE;100644;100644;f3660d30b181f3d0977f623471ed66e40b2fc945;628376b45e90e1cebbf2b407b120744e3eb26077;12;12-rgw;P1;runtime/source;conditional;"Triage owner 12: RGW owned path; inspect endpoint hunk before binary impact verdict.";;;;
3429;v16.2.15;v17.2.7;src/rgw/rgw_op.h;;M;M;260;149;FALSE;100644;100644;9ba59c8ffb17e240d8a5b7ca119f888688a03bb1;cf6c7a867f503c9b00549b762ba27435a231de27;12;12-rgw;P1;runtime/source;conditional;"Triage owner 12: RGW owned path; inspect endpoint hunk before binary impact verdict.";;;;
3430;v16.2.15;v17.2.7;src/rgw/rgw_op_type.h;;M;M;6;0;FALSE;100644;100644;979ee943c2eabb1be507bb224927355e9b3fe3ac;6fe5a564da60962f1f675d4c3e4d04e1ea3f8a75;12;12-rgw;P1;runtime/source;conditional;"Triage owner 12: RGW owned path; inspect endpoint hunk before binary impact verdict.";;;;
3431;v16.2.15;v17.2.7;src/rgw/rgw_opa.cc;;M;M;3;0;FALSE;100644;100644;6255afbbbce32c773e40bd0425f4d63402083285;7422615aec9082882760b26a89ed34946f7fa59d;12;12-rgw;P1;runtime/source;conditional;"Triage owner 12: RGW owned path; inspect endpoint hunk before binary impact verdict.";;;;
3432;v16.2.15;v17.2.7;src/rgw/rgw_orphan.cc;;M;M;102;99;FALSE;100644;100644;160181c0a700aa539b1a5f9467b64115cd22fb68;874061306b6580f90a59186c3dcd9a3e2ffd9d0f;12;12-rgw;P1;runtime/source;conditional;"Triage owner 12: RGW owned path; inspect endpoint hunk before binary impact verdict.";;;;
3433;v16.2.15;v17.2.7;src/rgw/rgw_orphan.h;;M;M;39;41;FALSE;100644;100644;34680d25a467aede524df1ebdecd12b3ec5c3cd6;a5081374e88fdb44a4691c66c63bf681758a35de;12;12-rgw;P1;runtime/source;conditional;"Triage owner 12: RGW owned path; inspect endpoint hunk before binary impact verdict.";;;;
3434;v16.2.15;v17.2.7;src/rgw/rgw_os_lib.cc;;M;M;1;1;FALSE;100644;100644;5742a9c6f555b684c08eb0ca97d1dc7e5982e065;379f4a911a457de201731ceab51e6df342fab6d0;12;12-rgw;P1;runtime/source;conditional;"Triage owner 12: RGW owned path; inspect endpoint hunk before binary impact verdict.";;;;
3435;v16.2.15;v17.2.7;src/rgw/rgw_otp.h;;M;M;1;1;FALSE;100644;100644;259e2152fafad9c9c1f7ffb2ffa379e5c86b4ad0;9bd17e6aff9834fdfd15fd0f7380e3140df34568;12;12-rgw;P1;runtime/source;conditional;"Triage owner 12: RGW owned path; inspect endpoint hunk before binary impact verdict.";;;;
3436;v16.2.15;v17.2.7;src/rgw/rgw_period_puller.cc;;M;M;2;2;FALSE;100644;100644;8e0df896957f93b89b6e93d411c4b48b846d05c0;ea2f28e567b46dfae0a58dc279519767b66494c9;12;12-rgw;P1;runtime/source;conditional;"Triage owner 12: RGW owned path; inspect endpoint hunk before binary impact verdict.";;;;
3437;v16.2.15;v17.2.7;src/rgw/rgw_period_pusher.cc;;M;M;13;12;FALSE;100644;100644;57a98f6b7e2724b11108d9a60a461989c76bfe23;f9963ee485c69dd16ced150fc673769ca988ab6e;12;12-rgw;P1;runtime/source;conditional;"Triage owner 12: RGW owned path; inspect endpoint hunk before binary impact verdict.";;;;
3438;v16.2.15;v17.2.7;src/rgw/rgw_period_pusher.h;;M;M;4;4;FALSE;100644;100644;0f6d43b01db6b18e4bf99c851b03fa64aa35017d;7f88e4e968f20cd3db402d66c8706288ea04734f;12;12-rgw;P1;runtime/source;conditional;"Triage owner 12: RGW owned path; inspect endpoint hunk before binary impact verdict.";;;;
3439;v16.2.15;v17.2.7;src/rgw/rgw_policy_s3.cc;;M;M;2;0;FALSE;100644;100644;a697365f2a552c6d57f23d5d2463226d39eef06a;e017cc8871d91db54f97d7350261f6f99faf0a8b;12;12-rgw;P1;runtime/source;conditional;"Triage owner 12: RGW owned path; inspect endpoint hunk before binary impact verdict.";;;;
3440;v16.2.15;v17.2.7;src/rgw/rgw_policy_s3.h;;M;M;11;11;FALSE;100644;100644;b88d539370d731d15f12d695e7f15d2e192bf0cb;14ad6c4e3af19018a5bf4f4be8b25ed78336272b;12;12-rgw;P1;runtime/source;conditional;"Triage owner 12: RGW owned path; inspect endpoint hunk before binary impact verdict.";;;;
3441;v16.2.15;v17.2.7;src/rgw/rgw_process.cc;;M;M;118;18;FALSE;100644;100644;67d0a67f9ece101dfec24dcee53a2a6481277542;413c1150dd2c389ec4fb0226f88c536a6cba00da;12;12-rgw;P1;runtime/source;conditional;"Triage owner 12: RGW owned path; inspect endpoint hunk before binary impact verdict.";;;;
3442;v16.2.15;v17.2.7;src/rgw/rgw_process.h;;M;M;12;26;FALSE;100644;100644;0da1646dc13891cb874a220a0c969dffca7049af;edf76a443e30f4f66d50d8998aff61ec670c5074;12;12-rgw;P1;runtime/source;conditional;"Triage owner 12: RGW owned path; inspect endpoint hunk before binary impact verdict.";;;;
3443;v16.2.15;v17.2.7;src/rgw/rgw_public_access.cc;;M;M;1;1;FALSE;100644;100644;2e1315a26d42d819868cc30f234f059f5e427582;6298bb306d87feae18821ab806572844406d2711;12;12-rgw;P1;runtime/source;conditional;"Triage owner 12: RGW owned path; inspect endpoint hunk before binary impact verdict.";;;;
3444;v16.2.15;v17.2.7;src/rgw/rgw_public_access.h;;M;M;1;1;FALSE;100644;100644;c7d68c8c30cd4c97cca29b79baa3a9536d352594;87d2a16a32b7f723bf1d221eff050fdec021daa2;12;12-rgw;P1;runtime/source;conditional;"Triage owner 12: RGW owned path; inspect endpoint hunk before binary impact verdict.";;;;
3445;v16.2.15;v17.2.7;src/rgw/rgw_pubsub.cc;;M;M;4;6;FALSE;100644;100644;8a6341e6e9868eda4aaff687517ad3c2cb7574cb;67b9fa41446c08537e2449a24a6b74d9a0bc75df;12;12-rgw;P1;runtime/source;conditional;"Triage owner 12: RGW owned path; inspect endpoint hunk before binary impact verdict.";;;;
3446;v16.2.15;v17.2.7;src/rgw/rgw_pubsub.h;;M;M;27;26;FALSE;100644;100644;096ff3ea6266f3193236857dafbafa917746b657;f11b40b14b9ff3169437a5c3cac0c92b22b7fff6;12;12-rgw;P1;runtime/source;conditional;"Triage owner 12: RGW owned path; inspect endpoint hunk before binary impact verdict.";;;;
3447;v16.2.15;v17.2.7;src/rgw/rgw_pubsub_push.cc;;M;M;32;55;FALSE;100644;100644;7aff6eb443b230f0123031f9a992884afa389872;79fa736e9250421ff87bf85a4c5877759dbb6874;12;12-rgw;P1;runtime/source;conditional;"Triage owner 12: RGW owned path; inspect endpoint hunk before binary impact verdict.";;;;
3448;v16.2.15;v17.2.7;src/rgw/rgw_putobj.h;;M;M;6;16;FALSE;100644;100644;e3d9271548301034fad75b8930a5c02583aa7804;1c16b22540a36c57c8e0c47116bea866f4873827;12;12-rgw;P1;runtime/source;conditional;"Triage owner 12: RGW owned path; inspect endpoint hunk before binary impact verdict.";;;;
3449;v16.2.15;v17.2.7;src/rgw/rgw_putobj_processor.cc;;M;M;108;95;FALSE;100644;100644;e26f2949b6371c52a2b5b99ac0a257d7b485fe97;f0045d6f1686a67ab57506c88847aedbe686a7db;12;12-rgw;P1;runtime/source;conditional;"Triage owner 12: RGW owned path; inspect endpoint hunk before binary impact verdict.";;;;
3450;v16.2.15;v17.2.7;src/rgw/rgw_putobj_processor.h;;M;M;40;60;FALSE;100644;100644;73fc0264b914c02ed80c880af5d9dc07f8453524;5aa4d62339871446172457d8917002e0dd938add;12;12-rgw;P1;runtime/source;conditional;"Triage owner 12: RGW owned path; inspect endpoint hunk before binary impact verdict.";;;;
3451;v16.2.15;v17.2.7;src/rgw/rgw_quota.cc;;M;M;108;74;FALSE;100644;100644;35872284d12af9dd957b8a29efcd85ce110cdbe8;f31abae145f1c2d1ce1f9025fb809acfa80ff85b;12;12-rgw;P1;runtime/source;conditional;"Triage owner 12: RGW owned path; inspect endpoint hunk before binary impact verdict.";;;;
3452;v16.2.15;v17.2.7;src/rgw/rgw_quota.h;;M;M;4;4;FALSE;100644;100644;b681a9193237b5daf05cbc8979a1fe3dc66055d8;61bd25261aa92d482e10784f7ba2f25395717e62;12;12-rgw;P1;runtime/source;conditional;"Triage owner 12: RGW owned path; inspect endpoint hunk before binary impact verdict.";;;;
3453;v16.2.15;v17.2.7;src/rgw/rgw_rados.cc;;M;M;695;342;FALSE;100644;100644;2885a4af02f946389d8f2fac2442f5032aba3339;9720031b4cd66f728d652aa9393da271118f0904;12;12-rgw;P1;runtime/source;conditional;"Triage owner 12: RGW owned path; inspect endpoint hunk before binary impact verdict.";;;;
3454;v16.2.15;v17.2.7;src/rgw/rgw_rados.h;;M;M;317;301;FALSE;100644;100644;917d69afe9caa965697bc906076e1ab67e36465b;c7d5a5b75c7551051bab0bd9ccbb279a874be7f1;12;12-rgw;P1;runtime/source;conditional;"Triage owner 12: RGW owned path; inspect endpoint hunk before binary impact verdict.";;;;
3455;v16.2.15;v17.2.7;src/rgw/rgw_ratelimit.h;;A;A;292;0;FALSE;000000;100644;0000000000000000000000000000000000000000;2639d4d42749f0201426cc5ba71075eabcab777e;12;12-rgw;P1;runtime/source;conditional;"Triage owner 12: RGW owned path; inspect endpoint hunk before binary impact verdict.";;;;
3456;v16.2.15;v17.2.7;src/rgw/rgw_realm_reloader.cc;;M;M;9;8;FALSE;100644;100644;af599d2a90d75b3ec7741c0e0c484cb4d2ca95fc;f3b0d306ef6ddab41ec118b9e98684de9a68c251;12;12-rgw;P1;runtime/source;conditional;"Triage owner 12: RGW owned path; inspect endpoint hunk before binary impact verdict.";;;;
3457;v16.2.15;v17.2.7;src/rgw/rgw_realm_reloader.h;;M;M;5;5;FALSE;100644;100644;ac14eec2ba61225a4db6bb6609e228f8547b2916;221f840b92ffba254c01c892734386f7055faeea;12;12-rgw;P1;runtime/source;conditional;"Triage owner 12: RGW owned path; inspect endpoint hunk before binary impact verdict.";;;;
3458;v16.2.15;v17.2.7;src/rgw/rgw_request.h;;M;M;3;23;FALSE;100644;100644;d332877b153d94701b90afa354bdcfe52da232d5;8a9005047e8ac7e0755a0ff75842f0225dd7715e;12;12-rgw;P1;runtime/source;conditional;"Triage owner 12: RGW owned path; inspect endpoint hunk before binary impact verdict.";;;;
3459;v16.2.15;v17.2.7;src/rgw/rgw_reshard.cc;;M;M;30;28;FALSE;100644;100644;cbb233341ab876387556bc7483db361308c10807;6bf3e6bd5e71c79491efa161a328448d6318e3d5;12;12-rgw;P1;runtime/source;conditional;"Triage owner 12: RGW owned path; inspect endpoint hunk before binary impact verdict.";;;;
3460;v16.2.15;v17.2.7;src/rgw/rgw_reshard.h;;M;M;26;27;FALSE;100644;100644;ecb18690fa3fd0c231b31c7a720b72ff950c6472;0cfca38bfb7b421b3604d1523420e40cd66e1cb5;12;12-rgw;P1;runtime/source;conditional;"Triage owner 12: RGW owned path; inspect endpoint hunk before binary impact verdict.";;;;
3461;v16.2.15;v17.2.7;src/rgw/rgw_resolve.cc;;M;M;1;0;FALSE;100644;100644;8971d60515cde4d8995dade765a5122b79f41368;b6f258ee0e8f129aad36d81223152e0df3c76eda;12;12-rgw;P1;runtime/source;conditional;"Triage owner 12: RGW owned path; inspect endpoint hunk before binary impact verdict.";;;;
3462;v16.2.15;v17.2.7;src/rgw/rgw_resolve.h;;M;M;1;1;FALSE;100644;100644;2c845ff729063df8dcaadc52d620cf8a62d6f777;92e09220cc6a0f22c37ec2fd3ee7598fab431eb7;12;12-rgw;P1;runtime/source;conditional;"Triage owner 12: RGW owned path; inspect endpoint hunk before binary impact verdict.";;;;
3463;v16.2.15;v17.2.7;src/rgw/rgw_rest.cc;;M;M;48;18;FALSE;100644;100644;40af359718585b1c1a0cf13a4c402385ed5d9617;fd2b781fa209549ead4b42ac1b40fde403b64cb2;12;12-rgw;P1;runtime/source;conditional;"Triage owner 12: RGW owned path; inspect endpoint hunk before binary impact verdict.";;;;
3464;v16.2.15;v17.2.7;src/rgw/rgw_rest.h;;M;M;41;63;FALSE;100644;100644;0d6b67bbb41ea8e962448cb534905a5597788f17;d12c4e80edb9359f9b31ead4dd4bac0648df352e;12;12-rgw;P1;runtime/source;conditional;"Triage owner 12: RGW owned path; inspect endpoint hunk before binary impact verdict.";;;;
3465;v16.2.15;v17.2.7;src/rgw/rgw_rest_bucket.cc;;M;M;10;10;FALSE;100644;100644;ea61006ed26c90234a0df12ab577c346531a62f0;8a1cf3f754d5c0a593d4700dc4f39270fd5f1002;12;12-rgw;P1;runtime/source;conditional;"Triage owner 12: RGW owned path; inspect endpoint hunk before binary impact verdict.";;;;
3466;v16.2.15;v17.2.7;src/rgw/rgw_rest_bucket.h;;M;M;1;1;FALSE;100644;100644;5220546be2e4273c807b5fc9da7e8a77e4838b5c;e22fc0576ae215314acadad5b56fd265b5013b44;12;12-rgw;P1;runtime/source;conditional;"Triage owner 12: RGW owned path; inspect endpoint hunk before binary impact verdict.";;;;
3467;v16.2.15;v17.2.7;src/rgw/rgw_rest_client.cc;;M;M;243;123;FALSE;100644;100644;30680101559acd8bb8fab6f9f2cd9ab97eed606b;16730cfda1f74340a61091532fbeb9668868208f;12;12-rgw;P1;runtime/source;conditional;"Triage owner 12: RGW owned path; inspect endpoint hunk before binary impact verdict.";;;;
3468;v16.2.15;v17.2.7;src/rgw/rgw_rest_client.h;;M;M;82;51;FALSE;100644;100644;577f0ff98936018696ada3c27ec25a768e2bf929;5beeb389589ccff9b4ed30c766ba06a8843a1955;12;12-rgw;P1;runtime/source;conditional;"Triage owner 12: RGW owned path; inspect endpoint hunk before binary impact verdict.";;;;
3469;v16.2.15;v17.2.7;src/rgw/rgw_rest_config.cc;;M;M;4;2;FALSE;100644;100644;07b56919d5233bd0fd4f26e4e8c3db7f19acad32;f0b7c60bce38b5e316f533061af0b0f58c36998b;12;12-rgw;P1;runtime/source;conditional;"Triage owner 12: RGW owned path; inspect endpoint hunk before binary impact verdict.";;;;
3470;v16.2.15;v17.2.7;src/rgw/rgw_rest_config.h;;M;M;1;1;FALSE;100644;100644;f21101a17765e6e32cc05c158c453df919b9ad04;f79f811dd534e4c94d24bfeca256270c0d42cdd9;12;12-rgw;P1;runtime/source;conditional;"Triage owner 12: RGW owned path; inspect endpoint hunk before binary impact verdict.";;;;
3471;v16.2.15;v17.2.7;src/rgw/rgw_rest_conn.cc;;M;M;120;29;FALSE;100644;100644;d4c377de1587ed9a38f35d7ac0ab01c4ce3c359a;ea42f3d2604dbdf3b24896a7595660b03b10d05f;12;12-rgw;P1;runtime/source;conditional;"Triage owner 12: RGW owned path; inspect endpoint hunk before binary impact verdict.";;;;
3472;v16.2.15;v17.2.7;src/rgw/rgw_rest_conn.h;;M;M;110;58;FALSE;100644;100644;97578e2d6a612adedd6df13ee8226509334bad84;68a2e78ec551410e82dc6e0e3803a56c6ec23203;12;12-rgw;P1;runtime/source;conditional;"Triage owner 12: RGW owned path; inspect endpoint hunk before binary impact verdict.";;;;
3473;v16.2.15;v17.2.7;src/rgw/rgw_rest_iam.cc;;M;M;14;10;FALSE;100644;100644;ffd450f79db89b5ad960938ff62267cc1e2bf172;f63018d189b3b9dd723e68dc8a5f15ca661ec5d2;12;12-rgw;P1;runtime/source;conditional;"Triage owner 12: RGW owned path; inspect endpoint hunk before binary impact verdict.";;;;
3474;v16.2.15;v17.2.7;src/rgw/rgw_rest_iam.h;;M;M;6;5;FALSE;100644;100644;6b3518c2dc58b6930df622fc8a1dea96a3eee774;d2421b603210a9b894f78f661a9ab5bbe262426b;12;12-rgw;P1;runtime/source;conditional;"Triage owner 12: RGW owned path; inspect endpoint hunk before binary impact verdict.";;;;
3475;v16.2.15;v17.2.7;src/rgw/rgw_rest_info.cc;;A;A;49;0;FALSE;000000;100644;0000000000000000000000000000000000000000;4276819a394b53e4dff25257ab454478febab8f9;12;12-rgw;P1;runtime/source;conditional;"Triage owner 12: RGW owned path; inspect endpoint hunk before binary impact verdict.";;;;
3476;v16.2.15;v17.2.7;src/rgw/rgw_rest_info.h;;A;A;33;0;FALSE;000000;100644;0000000000000000000000000000000000000000;4beb65d8076decdd8bfe317188d723780ec5de4e;12;12-rgw;P1;runtime/source;conditional;"Triage owner 12: RGW owned path; inspect endpoint hunk before binary impact verdict.";;;;
3477;v16.2.15;v17.2.7;src/rgw/rgw_rest_log.cc;;M;M;71;85;FALSE;100644;100644;2acefaf1fdbb8064e27781a8ea7da799956d252b;f2105f85f0f72e0188af8d9ccf54202fbf4719b8;12;12-rgw;P1;runtime/source;conditional;"Triage owner 12: RGW owned path; inspect endpoint hunk before binary impact verdict.";;;;
3478;v16.2.15;v17.2.7;src/rgw/rgw_rest_log.h;;M;M;9;7;FALSE;100644;100644;ad6abfd73845c49c3d6cb0af66da02278aaa8ca4;9068165b64550145ea39ab281b74feadb860bc06;12;12-rgw;P1;runtime/source;conditional;"Triage owner 12: RGW owned path; inspect endpoint hunk before binary impact verdict.";;;;
3479;v16.2.15;v17.2.7;src/rgw/rgw_rest_metadata.cc;;M;M;9;9;FALSE;100644;100644;5374729314932b5efecab0ba69fdb6b09f5a70d3;52303b871dccaf56f77c5dafc51e6680c551d81e;12;12-rgw;P1;runtime/source;conditional;"Triage owner 12: RGW owned path; inspect endpoint hunk before binary impact verdict.";;;;
3480;v16.2.15;v17.2.7;src/rgw/rgw_rest_metadata.h;;M;M;2;2;FALSE;100644;100644;234ca5c3036393ebc4e0030cb7b90fb94fcaef30;dd512c8ea768f16dcbe4b4c1b0ace64535de18c1;12;12-rgw;P1;runtime/source;conditional;"Triage owner 12: RGW owned path; inspect endpoint hunk before binary impact verdict.";;;;
3481;v16.2.15;v17.2.7;src/rgw/rgw_rest_oidc_provider.cc;;M;M;22;13;FALSE;100644;100644;d9fb66b63f3da41ee30cbdf1d1cf49d8084be593;1a4dca23c8adc17a85a197b80c4fde689c765011;12;12-rgw;P1;runtime/source;conditional;"Triage owner 12: RGW owned path; inspect endpoint hunk before binary impact verdict.";;;;
3482;v16.2.15;v17.2.7;src/rgw/rgw_rest_oidc_provider.h;;M;M;4;4;FALSE;100644;100644;b75dcc799f66d4ffa892011f15bc8f4a332642ce;33535c6b5123d4e498633f55d49f117b10ea0efe;12;12-rgw;P1;runtime/source;conditional;"Triage owner 12: RGW owned path; inspect endpoint hunk before binary impact verdict.";;;;
3483;v16.2.15;v17.2.7;src/rgw/rgw_rest_pubsub.cc;;M;M;70;44;FALSE;100644;100644;ad3fbdaac383f00b6d65500ea5646cbc2f14c5b8;c20cbe7c2333e14f8712f492a474d1a4a5048f2e;12;12-rgw;P1;runtime/source;conditional;"Triage owner 12: RGW owned path; inspect endpoint hunk before binary impact verdict.";;;;
3484;v16.2.15;v17.2.7;src/rgw/rgw_rest_pubsub_common.cc;;M;M;22;18;FALSE;100644;100644;710dbbb671ae6d56cdccbec7780a0801002f0d19;74a926376701bb0a4b5e096bfcab09c7cf3f0f4a;12;12-rgw;P1;runtime/source;conditional;"Triage owner 12: RGW owned path; inspect endpoint hunk before binary impact verdict.";;;;
3485;v16.2.15;v17.2.7;src/rgw/rgw_rest_pubsub_common.h;;M;M;2;2;FALSE;100644;100644;f42a40e2fd1e57ef09782460998e0af872752b32;a702cf342041441866671fac35d8a38208b5fa65;12;12-rgw;P1;runtime/source;conditional;"Triage owner 12: RGW owned path; inspect endpoint hunk before binary impact verdict.";;;;
3486;v16.2.15;v17.2.7;src/rgw/rgw_rest_ratelimit.cc;;A;A;349;0;FALSE;000000;100644;0000000000000000000000000000000000000000;5820ab71abde363c684fc2cf317cb27444bf8e3e;12;12-rgw;P1;runtime/source;conditional;"Triage owner 12: RGW owned path; inspect endpoint hunk before binary impact verdict.";;;;
3487;v16.2.15;v17.2.7;src/rgw/rgw_rest_ratelimit.h;;A;A;34;0;FALSE;000000;100644;0000000000000000000000000000000000000000;e1f14a594f1777b6956203edb90f31cda4e10a8d;12;12-rgw;P1;runtime/source;conditional;"Triage owner 12: RGW owned path; inspect endpoint hunk before binary impact verdict.";;;;
3488;v16.2.15;v17.2.7;src/rgw/rgw_rest_realm.cc;;M;M;17;14;FALSE;100644;100644;704988af8c2aba4cc733c27d998c45bb4682ae82;6f4ebee800200267416658c9a2382bcc78f4f4d2;12;12-rgw;P1;runtime/source;conditional;"Triage owner 12: RGW owned path; inspect endpoint hunk before binary impact verdict.";;;;
3489;v16.2.15;v17.2.7;src/rgw/rgw_rest_realm.h;;M;M;1;1;FALSE;100644;100644;84ee86b48ad919222e4db5763dd5cdb95308eedc;7800f91f896b4dc9daab69f9baebd959ba9c24dc;12;12-rgw;P1;runtime/source;conditional;"Triage owner 12: RGW owned path; inspect endpoint hunk before binary impact verdict.";;;;
3490;v16.2.15;v17.2.7;src/rgw/rgw_rest_role.cc;;M;M;315;34;FALSE;100644;100644;66c38aedfa5357115e8bd49206c6f91eed955e0c;7ae70e6a097e818ad99616d5980dc0f658799d49;12;12-rgw;P1;runtime/source;conditional;"Triage owner 12: RGW owned path; inspect endpoint hunk before binary impact verdict.";;;;
3491;v16.2.15;v17.2.7;src/rgw/rgw_rest_role.h;;M;M;23;17;FALSE;100644;100644;5467502a7bfdd42e204c924a555133111fe19172;f007d2ec23fa6dd41c9c8a11af528ad329e0f8b8;12;12-rgw;P1;runtime/source;conditional;"Triage owner 12: RGW owned path; inspect endpoint hunk before binary impact verdict.";;;;
3492;v16.2.15;v17.2.7;src/rgw/rgw_rest_s3.cc;;M;M;592;532;FALSE;100644;100644;5f838e33bb1c04a0cf8f5a65f79f6c247dba8d82;cb15834a1620b2aaefbb0d5b61562e2bc57574b6;12;12-rgw;P1;runtime/source;conditional;"Triage owner 12: RGW owned path; inspect endpoint hunk before binary impact verdict.";;;;
3493;v16.2.15;v17.2.7;src/rgw/rgw_rest_s3.h;;M;M;100;100;FALSE;100644;100644;c01d8f6b4576d048b7cd14d50d76af22ee17878c;fe6334d8c33def30a3276eff994c3f7258b34527;12;12-rgw;P1;runtime/source;conditional;"Triage owner 12: RGW owned path; inspect endpoint hunk before binary impact verdict.";;;;
3494;v16.2.15;v17.2.7;src/rgw/rgw_rest_s3website.h;;M;M;3;3;FALSE;100644;100644;e35514838f33ae215759eb85bca531eea844c542;33d816aed30a1c0e5a80f946c73558f78a7d26e5;12;12-rgw;P1;runtime/source;conditional;"Triage owner 12: RGW owned path; inspect endpoint hunk before binary impact verdict.";;;;
3495;v16.2.15;v17.2.7;src/rgw/rgw_rest_sts.cc;;M;M;17;13;FALSE;100644;100644;1daf6863f51563ab1e629a3d5ef7bb14fa8d2cc2;093c92d3633ea5e2c5d16eb4a67e9dc6ffc6d0eb;12;12-rgw;P1;runtime/source;conditional;"Triage owner 12: RGW owned path; inspect endpoint hunk before binary impact verdict.";;;;
3496;v16.2.15;v17.2.7;src/rgw/rgw_rest_sts.h;;M;M;45;36;FALSE;100644;100644;6bcad31db6f9a7c4f4d8915206671efc383f41a7;54f0cfff9f895fde98ff17633c8b47c204796b28;12;12-rgw;P1;runtime/source;conditional;"Triage owner 12: RGW owned path; inspect endpoint hunk before binary impact verdict.";;;;
3497;v16.2.15;v17.2.7;src/rgw/rgw_rest_swift.cc;;M;M;76;85;FALSE;100644;100644;c98c3c10d2597d93a3e0b5ad5e2afa153151e1f2;c0eebe277cdbda40d480d4b4f3fc05c22c4eabd7;12;12-rgw;P1;runtime/source;conditional;"Triage owner 12: RGW owned path; inspect endpoint hunk before binary impact verdict.";;;;
3498;v16.2.15;v17.2.7;src/rgw/rgw_rest_swift.h;;M;M;29;29;FALSE;100644;100644;01f25b101ad82a0f9189d01ddd8c08b9bfd7081e;e799a44c65ba60bba8aba0fb83c259920fe83543;12;12-rgw;P1;runtime/source;conditional;"Triage owner 12: RGW owned path; inspect endpoint hunk before binary impact verdict.";;;;
3499;v16.2.15;v17.2.7;src/rgw/rgw_rest_usage.cc;;M;M;18;6;FALSE;100644;100644;7b8e14bc99d5537d905222e94a62c0bac9d04f99;1de0abdd9a55cd171981be9188f8844645524d3f;12;12-rgw;P1;runtime/source;conditional;"Triage owner 12: RGW owned path; inspect endpoint hunk before binary impact verdict.";;;;
3500;v16.2.15;v17.2.7;src/rgw/rgw_rest_usage.h;;M;M;1;1;FALSE;100644;100644;5952fb076218b78692b59b20871a5dad89a4495e;e7195cd31e83503ab3e510ebb83dc60b62a32cea;12;12-rgw;P1;runtime/source;conditional;"Triage owner 12: RGW owned path; inspect endpoint hunk before binary impact verdict.";;;;
3501;v16.2.15;v17.2.7;src/rgw/rgw_rest_user.cc;;M;M;22;24;FALSE;100644;100644;16dd0cdb0f959e3ac4b7c71786885fdd6bc3ff6a;7962131729ae7bbef4801ea899df9ffc1d3dcb49;12;12-rgw;P1;runtime/source;conditional;"Triage owner 12: RGW owned path; inspect endpoint hunk before binary impact verdict.";;;;
3502;v16.2.15;v17.2.7;src/rgw/rgw_rest_user.h;;M;M;1;1;FALSE;100644;100644;f0a1b65770014c00d5ac6915b710674ab72f3445;d3e3e1627bb2f0114164661aa769528ac45bf8f8;12;12-rgw;P1;runtime/source;conditional;"Triage owner 12: RGW owned path; inspect endpoint hunk before binary impact verdict.";;;;
3503;v16.2.15;v17.2.7;src/rgw/rgw_rest_user_policy.cc;;M;M;30;39;FALSE;100644;100644;22b347984dd26710d22352642d9cd5855f75da54;f6c7d2314dc09fb4f013cf340fd6eb8cd8c3c553;12;12-rgw;P1;runtime/source;conditional;"Triage owner 12: RGW owned path; inspect endpoint hunk before binary impact verdict.";;;;
3504;v16.2.15;v17.2.7;src/rgw/rgw_rest_user_policy.h;;M;M;3;3;FALSE;100644;100644;b8627f335c2b1326a4db6c51bd0e6a0002ba6131;4a123456ecf1810d8782062096fbe1b5930df0dc;12;12-rgw;P1;runtime/source;conditional;"Triage owner 12: RGW owned path; inspect endpoint hunk before binary impact verdict.";;;;
3505;v16.2.15;v17.2.7;src/rgw/rgw_role.cc;;M;M;261;418;FALSE;100644;100644;089cd190346e2aac6492d53d1a1c1f42501d1aee;0188f4227779d34ce0aab5385355be73cf80ce74;12;12-rgw;P1;runtime/source;conditional;"Triage owner 12: RGW owned path; inspect endpoint hunk before binary impact verdict.";;;;
3506;v16.2.15;v17.2.7;src/rgw/rgw_role.h;;M;M;144;109;FALSE;100644;100644;44ffa1c19bc3cdc36fb4d1a395921a50d3155425;6ea23e090e9b8bca056a4116c104d188de2d4402;12;12-rgw;P1;runtime/source;conditional;"Triage owner 12: RGW owned path; inspect endpoint hunk before binary impact verdict.";;;;
3507;v16.2.15;v17.2.7;src/rgw/rgw_s3select.cc;;A;A;669;0;FALSE;000000;100644;0000000000000000000000000000000000000000;19c787303be911fb1d5ada03a9f7a56a062cb626;12;12-rgw;P1;runtime/source;conditional;"Triage owner 12: RGW owned path; inspect endpoint hunk before binary impact verdict.";;;;
3508;v16.2.15;v17.2.7;src/rgw/rgw_s3select.h;;A;A;8;0;FALSE;000000;100644;0000000000000000000000000000000000000000;00d55cf93ea32ef4cb633cd0025f63c418147676;12;12-rgw;P1;runtime/source;conditional;"Triage owner 12: RGW owned path; inspect endpoint hunk before binary impact verdict.";;;;
3509;v16.2.15;v17.2.7;src/rgw/rgw_s3select_private.h;;A;A;230;0;FALSE;000000;100644;0000000000000000000000000000000000000000;9174c04908fe39661ea769792f5b5380ca3d1cbc;12;12-rgw;P1;runtime/source;conditional;"Triage owner 12: RGW owned path; inspect endpoint hunk before binary impact verdict.";;;;
3510;v16.2.15;v17.2.7;src/rgw/rgw_sal.cc;;M;M;146;0;FALSE;100644;100644;e9a4b385bd95b848952050e1f2aa215826ac9738;efecca009e765878f927fdcb476ae07af96e648e;12;12-rgw;P1;runtime/source;conditional;"Triage owner 12: RGW owned path; inspect endpoint hunk before binary impact verdict.";;;;
3511;v16.2.15;v17.2.7;src/rgw/rgw_sal.h;;M;M;1093;254;FALSE;100644;100644;fcf015e0a5b40a5a24da121d897621edb5d0554a;7eb6abd5f5591d74879c1107898b4ed91aaf6102;12;12-rgw;P1;runtime/source;conditional;"Triage owner 12: RGW owned path; inspect endpoint hunk before binary impact verdict.";;;;
3512;v16.2.15;v17.2.7;src/rgw/rgw_sal_dbstore.cc;;A;A;1957;0;FALSE;000000;100644;0000000000000000000000000000000000000000;2d0fc524da8e8155c55d84d06e1556a9389c37a5;12;12-rgw;P1;runtime/source;conditional;"Triage owner 12: RGW owned path; inspect endpoint hunk before binary impact verdict.";;;;
3513;v16.2.15;v17.2.7;src/rgw/rgw_sal_dbstore.h;;A;A;826;0;FALSE;000000;100644;0000000000000000000000000000000000000000;4f67c422ba4b528e66ac80674e18a19d93785008;12;12-rgw;P1;runtime/source;conditional;"Triage owner 12: RGW owned path; inspect endpoint hunk before binary impact verdict.";;;;
3514;v16.2.15;v17.2.7;src/rgw/rgw_sal_rados.cc;;M;M;2649;775;FALSE;100644;100644;b300e080826dd21baf3e703633f387a6c453ad17;0a18c299223015dfb1215e8012035a7b1c7edb14;12;12-rgw;P1;runtime/source;conditional;"Triage owner 12: RGW owned path; inspect endpoint hunk before binary impact verdict.";;;;
3515;v16.2.15;v17.2.7;src/rgw/rgw_sal_rados.h;;M;M;639;213;FALSE;100644;100644;8000756370e4d1df7326417ac4c790cd0b049c50;cbae743bd06e7cc2a46df6540a5f8b8cb665c58c;12;12-rgw;P1;runtime/source;conditional;"Triage owner 12: RGW owned path; inspect endpoint hunk before binary impact verdict.";;;;
3516;v16.2.15;v17.2.7;src/rgw/rgw_service.cc;;M;M;27;4;FALSE;100644;100644;37d24fecc426d4d5ff8b0e94e5d5d0f55a8392ca;7df25a2dba5d836cedf7a15d093d976485fc81db;12;12-rgw;P1;runtime/source;conditional;"Triage owner 12: RGW owned path; inspect endpoint hunk before binary impact verdict.";;;;
3517;v16.2.15;v17.2.7;src/rgw/rgw_service.h;;M;M;8;3;FALSE;100644;100644;883eeae10255c573ca9f5304b8c9eb60d11b5f99;83475140d16843501068c2358718431202d75a09;12;12-rgw;P1;runtime/source;conditional;"Triage owner 12: RGW owned path; inspect endpoint hunk before binary impact verdict.";;;;
3518;v16.2.15;v17.2.7;src/rgw/rgw_sts.cc;;M;M;70;43;FALSE;100644;100644;22e067e0d77cc00a666506e8ba3f70c54b96b5a2;4c3d75925fe5e06ec6186e3d9ad48ca3d39dc36c;12;12-rgw;P1;runtime/source;conditional;"Triage owner 12: RGW owned path; inspect endpoint hunk before binary impact verdict.";;;;
3519;v16.2.15;v17.2.7;src/rgw/rgw_sts.h;;M;M;60;58;FALSE;100644;100644;d0326404ee848edb2839862b6b1668eb7195d365;05bd328bd1155672e108b5b37c380fff54247061;12;12-rgw;P1;runtime/source;conditional;"Triage owner 12: RGW owned path; inspect endpoint hunk before binary impact verdict.";;;;
3520;v16.2.15;v17.2.7;src/rgw/rgw_swift_auth.cc;;M;M;43;40;FALSE;100644;100644;539e900e941706bb00056e67d99a04f15f19fda1;594bda55c2e3965cd9f1f93d71648c742e797e73;12;12-rgw;P1;runtime/source;conditional;"Triage owner 12: RGW owned path; inspect endpoint hunk before binary impact verdict.";;;;
3521;v16.2.15;v17.2.7;src/rgw/rgw_swift_auth.h;;M;M;26;26;FALSE;100644;100644;2aa89caf599c4c2ec0eaa53d43def557efc74062;430739a447c8a8db9e7e5d345ab7b83ff6c5095b;12;12-rgw;P1;runtime/source;conditional;"Triage owner 12: RGW owned path; inspect endpoint hunk before binary impact verdict.";;;;
3522;v16.2.15;v17.2.7;src/rgw/rgw_sync.cc;;M;M;131;40;FALSE;100644;100644;8eacd150fd06e4777538389a67b97bee87e88f2e;24b5ce5b1c01c8d321c5457f6f70d3bffdc65bbb;12;12-rgw;P1;runtime/source;conditional;"Triage owner 12: RGW owned path; inspect endpoint hunk before binary impact verdict.";;;;
3523;v16.2.15;v17.2.7;src/rgw/rgw_sync.h;;M;M;38;36;FALSE;100644;100644;1f1e191e4d14bb6a5442a8bcb0b308f82606d322;41b0119d58a31cfa0fb1e984601867ee176901f1;12;12-rgw;P1;runtime/source;conditional;"Triage owner 12: RGW owned path; inspect endpoint hunk before binary impact verdict.";;;;
3524;v16.2.15;v17.2.7;src/rgw/rgw_sync_checkpoint.cc;;M;M;2;2;FALSE;100644;100644;b908bbb970cda313eb8940ec5bb310319bbe7539;ec55eca4adf95a136addb913457f8e10bc42993e;12;12-rgw;P1;runtime/source;conditional;"Triage owner 12: RGW owned path; inspect endpoint hunk before binary impact verdict.";;;;
3525;v16.2.15;v17.2.7;src/rgw/rgw_sync_checkpoint.h;;M;M;2;2;FALSE;100644;100644;d76aa7f62645885048eda79454d775670264c624;28df68d88601c00f0228715cd6e1900d37ecf0ec;12;12-rgw;P1;runtime/source;conditional;"Triage owner 12: RGW owned path; inspect endpoint hunk before binary impact verdict.";;;;
3526;v16.2.15;v17.2.7;src/rgw/rgw_sync_module.h;;M;M;24;24;FALSE;100644;100644;5a3f62f7413081417e4e4975149781d2f780dde8;135495b49344008729487dd08118d6e34657ba23;12;12-rgw;P1;runtime/source;conditional;"Triage owner 12: RGW owned path; inspect endpoint hunk before binary impact verdict.";;;;
3527;v16.2.15;v17.2.7;src/rgw/rgw_sync_module_aws.cc;;M;M;103;89;FALSE;100644;100644;e57327b19f245fac9df3082d88265e940c1ad280;3ea5b4d8a63c1babc85da4eb0f8dd5b0dde7ca4c;12;12-rgw;P1;runtime/source;conditional;"Triage owner 12: RGW owned path; inspect endpoint hunk before binary impact verdict.";;;;
3528;v16.2.15;v17.2.7;src/rgw/rgw_sync_module_aws.h;;M;M;4;4;FALSE;100644;100644;def56eecee1bef5fe271f52a44d11e0915106b9f;48f0145fdf92ee0dcfd3f19fa04aea2be65b906a;12;12-rgw;P1;runtime/source;conditional;"Triage owner 12: RGW owned path; inspect endpoint hunk before binary impact verdict.";;;;
3529;v16.2.15;v17.2.7;src/rgw/rgw_sync_module_es.cc;;M;M;26;24;FALSE;100644;100644;69565d9c4c954553dd662d8542c759cdb8d6c6ad;7f65637b3e95057a73f9b6abcd5aa5794ea6b15a;12;12-rgw;P1;runtime/source;conditional;"Triage owner 12: RGW owned path; inspect endpoint hunk before binary impact verdict.";;;;
3530;v16.2.15;v17.2.7;src/rgw/rgw_sync_module_es.h;;M;M;3;3;FALSE;100644;100644;b61cfddfcd209d715e10a71916ef64b61c24c065;6c0c422c39ccb5841c1fb20698a574b9e99ca7b4;12;12-rgw;P1;runtime/source;conditional;"Triage owner 12: RGW owned path; inspect endpoint hunk before binary impact verdict.";;;;
3531;v16.2.15;v17.2.7;src/rgw/rgw_sync_module_es_rest.cc;;M;M;5;3;FALSE;100644;100644;f040a166b36745906883bd319e3a5d186d6b54a0;f21c307ffd0d1d01c8c198ec3ae98534a97affdd;12;12-rgw;P1;runtime/source;conditional;"Triage owner 12: RGW owned path; inspect endpoint hunk before binary impact verdict.";;;;
3532;v16.2.15;v17.2.7;src/rgw/rgw_sync_module_es_rest.h;;M;M;1;1;FALSE;100644;100644;6e4a459499df83fad2dd20311d00d061088c17b8;9224ffe4022cfd3e30ba7a477744592b46549aa9;12;12-rgw;P1;runtime/source;conditional;"Triage owner 12: RGW owned path; inspect endpoint hunk before binary impact verdict.";;;;
3533;v16.2.15;v17.2.7;src/rgw/rgw_sync_module_log.cc;;M;M;9;7;FALSE;100644;100644;c85fd478f1c28ef655ecac9b8ed3cb8e1c2cb5d3;a21604cc228ed3e912143926d02a6651cf75b4f7;12;12-rgw;P1;runtime/source;conditional;"Triage owner 12: RGW owned path; inspect endpoint hunk before binary impact verdict.";;;;
3534;v16.2.15;v17.2.7;src/rgw/rgw_sync_module_log.h;;M;M;1;1;FALSE;100644;100644;416b3f51c18ad6cc8f00fa714fb5c0acb9081159;ecf3bb78911eff9a9c21b2e8b3b062631c65750d;12;12-rgw;P1;runtime/source;conditional;"Triage owner 12: RGW owned path; inspect endpoint hunk before binary impact verdict.";;;;
3535;v16.2.15;v17.2.7;src/rgw/rgw_sync_module_pubsub.cc;;M;M;40;40;FALSE;100644;100644;662396ba4adb3455f66c57bf9de112fa3292ba30;d256111922d73106836e73879ae04629e5244dd8;12;12-rgw;P1;runtime/source;conditional;"Triage owner 12: RGW owned path; inspect endpoint hunk before binary impact verdict.";;;;
3536;v16.2.15;v17.2.7;src/rgw/rgw_sync_module_pubsub.h;;M;M;2;2;FALSE;100644;100644;8acc1a626f9ae0f7ed7f075a40f32e21bc56abe0;e94772cab8ad15501ed82aea9187a6f4e6c1c2e6;12;12-rgw;P1;runtime/source;conditional;"Triage owner 12: RGW owned path; inspect endpoint hunk before binary impact verdict.";;;;
3537;v16.2.15;v17.2.7;src/rgw/rgw_sync_module_pubsub_rest.cc;;M;M;10;7;FALSE;100644;100644;1aa46e4c05ddba4729a9163a45260f9570da952c;b663cb15e2cb445f195649830648f5d7a159bde0;12;12-rgw;P1;runtime/source;conditional;"Triage owner 12: RGW owned path; inspect endpoint hunk before binary impact verdict.";;;;
3538;v16.2.15;v17.2.7;src/rgw/rgw_sync_module_pubsub_rest.h;;M;M;1;1;FALSE;100644;100644;c558ecd0c818667f3926ec51d521a21401eb6658;32335f69486af82f625019f8312a71d38234100c;12;12-rgw;P1;runtime/source;conditional;"Triage owner 12: RGW owned path; inspect endpoint hunk before binary impact verdict.";;;;
3539;v16.2.15;v17.2.7;src/rgw/rgw_sync_policy.cc;;M;M;281;0;FALSE;100644;100644;df20c46a44ef0c25a23c8ca14e8a461226eb1d6f;cf28d5eecc48d9b4d30a1077d38d0889c491112a;12;12-rgw;P1;runtime/source;conditional;"Triage owner 12: RGW owned path; inspect endpoint hunk before binary impact verdict.";;;;
3540;v16.2.15;v17.2.7;src/rgw/rgw_sync_policy.h;;M;M;34;34;FALSE;100644;100644;5231ab3f4dc9157953851d5883d2d6ed48c47c91;0ee79b4702fc6e365ae3c6f7127b0f1090c94707;12;12-rgw;P1;runtime/source;conditional;"Triage owner 12: RGW owned path; inspect endpoint hunk before binary impact verdict.";;;;
3541;v16.2.15;v17.2.7;src/rgw/rgw_sync_trace.cc;;M;M;4;1;FALSE;100644;100644;e99fdcf5030c3e71f1251ae2da9ed30152dbe01f;8d6b69e0e9962a46323049513db353485b94f353;12;12-rgw;P1;runtime/source;conditional;"Triage owner 12: RGW owned path; inspect endpoint hunk before binary impact verdict.";;;;
3542;v16.2.15;v17.2.7;src/rgw/rgw_sync_trace.h;;M;M;9;8;FALSE;100644;100644;8e0a31cdfcb8d699a066c6afa03db5cd4073aafa;9617dac70dbc9a1ca9453555914b5e022f7cc374;12;12-rgw;P1;runtime/source;conditional;"Triage owner 12: RGW owned path; inspect endpoint hunk before binary impact verdict.";;;;
3543;v16.2.15;v17.2.7;src/rgw/rgw_tag.cc;;M;M;12;0;FALSE;100644;100644;b9ca88f04ac6c2da7a6b36eb50dde0c9c9654994;f7e52592f7711dc9dd05aaea042f87671000b6e2;12;12-rgw;P1;runtime/source;conditional;"Triage owner 12: RGW owned path; inspect endpoint hunk before binary impact verdict.";;;;
3544;v16.2.15;v17.2.7;src/rgw/rgw_tag_s3.cc;;M;M;2;0;FALSE;100644;100644;494e6b8744f00c26b3794b86603967bb704ba39c;89436c326306a36ca7984912f7904b9e8aa523dd;12;12-rgw;P1;runtime/source;conditional;"Triage owner 12: RGW owned path; inspect endpoint hunk before binary impact verdict.";;;;
3545;v16.2.15;v17.2.7;src/rgw/rgw_token.cc;;M;M;4;3;FALSE;100644;100644;00430a6096a360dca4004b9fa5c8d99292c14b9f;0d58671dbf2ddff0b1d232f102f4cefb30a2a6ad;12;12-rgw;P1;runtime/source;conditional;"Triage owner 12: RGW owned path; inspect endpoint hunk before binary impact verdict.";;;;
3546;v16.2.15;v17.2.7;src/rgw/rgw_token.h;;M;M;2;2;FALSE;100644;100644;d95239bcf9f541c22be039e68845eefdce1bbcd8;9505f970c6037aa2f9eb4c7d9a83af591311c6fa;12;12-rgw;P1;runtime/source;conditional;"Triage owner 12: RGW owned path; inspect endpoint hunk before binary impact verdict.";;;;
3547;v16.2.15;v17.2.7;src/rgw/rgw_tools.cc;;M;M;45;30;FALSE;100644;100644;5a73d7e363b44162dcbf0d8543b7c77c65d4ece1;c383d08393888d73163c60f43ad7457711aa7d08;12;12-rgw;P1;runtime/source;conditional;"Triage owner 12: RGW owned path; inspect endpoint hunk before binary impact verdict.";;;;
3548;v16.2.15;v17.2.7;src/rgw/rgw_tools.h;;M;M;43;39;FALSE;100644;100644;c945f1d9ab35c9631c4a2249a014a5cc2ee5b31d;1beaad396f0a37f9e168bb1dfee5b43ddb49ba7a;12;12-rgw;P1;runtime/source;conditional;"Triage owner 12: RGW owned path; inspect endpoint hunk before binary impact verdict.";;;;
3549;v16.2.15;v17.2.7;src/rgw/rgw_torrent.cc;;M;M;4;11;FALSE;100644;100644;53fbe9de4ddafe58cd49cb7bb9a6b13644aef209;41a4a4d91a510339a6ad2a02044c26866cdbbb09;12;12-rgw;P1;runtime/source;conditional;"Triage owner 12: RGW owned path; inspect endpoint hunk before binary impact verdict.";;;;
3550;v16.2.15;v17.2.7;src/rgw/rgw_torrent.h;;M;M;10;11;FALSE;100644;100644;9959236681efc1565d7179533d2dfa807e94f669;cc84a1778ceb61554c9842159f017f4a18006b9d;12;12-rgw;P1;runtime/source;conditional;"Triage owner 12: RGW owned path; inspect endpoint hunk before binary impact verdict.";;;;
3551;v16.2.15;v17.2.7;src/rgw/rgw_tracer.cc;;A;A;17;0;FALSE;000000;100644;0000000000000000000000000000000000000000;2d6720f591bac0c012a4441b1883a3d6938c76d8;12;12-rgw;P1;runtime/source;conditional;"Triage owner 12: RGW owned path; inspect endpoint hunk before binary impact verdict.";;;;
3552;v16.2.15;v17.2.7;src/rgw/rgw_tracer.h;;A;A;38;0;FALSE;000000;100644;0000000000000000000000000000000000000000;77d4689d257e366bb5f2dd82dc3cb946d9aa902d;12;12-rgw;P1;runtime/source;conditional;"Triage owner 12: RGW owned path; inspect endpoint hunk before binary impact verdict.";;;;
3553;v16.2.15;v17.2.7;src/rgw/rgw_trim_bilog.cc;;M;M;22;22;FALSE;100644;100644;a825a093c94969520796b8c7bbf337de02f393d1;1756d7f7a1695c1ecab8b154e8799bba55ede5ab;12;12-rgw;P1;runtime/source;conditional;"Triage owner 12: RGW owned path; inspect endpoint hunk before binary impact verdict.";;;;
3554;v16.2.15;v17.2.7;src/rgw/rgw_trim_bilog.h;;M;M;2;2;FALSE;100644;100644;a2d5f4c980c5a58dbbcd749eee2b0d89e390b027;28652c95ba1d0512125dc7d2edd841d1a6a2251b;12;12-rgw;P1;runtime/source;conditional;"Triage owner 12: RGW owned path; inspect endpoint hunk before binary impact verdict.";;;;
3555;v16.2.15;v17.2.7;src/rgw/rgw_trim_datalog.cc;;M;M;8;8;FALSE;100644;100644;1cd9bb1942ec3af3d74a9867feff39a300c5d1dd;72a160039cfefa8ba578b4122c043ca9e9cab189;12;12-rgw;P1;runtime/source;conditional;"Triage owner 12: RGW owned path; inspect endpoint hunk before binary impact verdict.";;;;
3556;v16.2.15;v17.2.7;src/rgw/rgw_trim_datalog.h;;M;M;3;3;FALSE;100644;100644;0b4de3578d1e384c269b44dca5ea8898d5b42387;9f5bf7252fe3aaa6e0fc275e6c49e59cc3139255;12;12-rgw;P1;runtime/source;conditional;"Triage owner 12: RGW owned path; inspect endpoint hunk before binary impact verdict.";;;;
3557;v16.2.15;v17.2.7;src/rgw/rgw_trim_mdlog.cc;;M;M;63;18;FALSE;100644;100644;f940f5c6e18d32546b207d3a65baeb2faf386606;4ddde03363d6b8c22c290e000a991c05a861768d;12;12-rgw;P1;runtime/source;conditional;"Triage owner 12: RGW owned path; inspect endpoint hunk before binary impact verdict.";;;;
3558;v16.2.15;v17.2.7;src/rgw/rgw_trim_mdlog.h;;M;M;3;3;FALSE;100644;100644;3a4d142307b11a6c5db7fd32cfe58eb82fdc3766;1dba8612bd3afca61edcd0cdd98327d9f4ff023b;12;12-rgw;P1;runtime/source;conditional;"Triage owner 12: RGW owned path; inspect endpoint hunk before binary impact verdict.";;;;
3559;v16.2.15;v17.2.7;src/rgw/rgw_usage.cc;;M;M;30;10;FALSE;100644;100644;e1a1d1d6fd6d426e3e96c3fe1faaa20956ad3096;cf0cac66cd629b40707a38bac21eadc7d0560efa;12;12-rgw;P1;runtime/source;conditional;"Triage owner 12: RGW owned path; inspect endpoint hunk before binary impact verdict.";;;;
3560;v16.2.15;v17.2.7;src/rgw/rgw_usage.h;;M;M;9;6;FALSE;100644;100644;8fdef7cc47fb7ab8fe19d630eb690dd7501526e4;1faaf35ba328826daceebea10f83ee4e66de52fa;12;12-rgw;P1;runtime/source;conditional;"Triage owner 12: RGW owned path; inspect endpoint hunk before binary impact verdict.";;;;
3561;v16.2.15;v17.2.7;src/rgw/rgw_user.cc;;M;M;221;271;FALSE;100644;100644;2ac1f35356f86ad1ec752b80c5c8bb9775be18be;ab814e07f3a43a6e3ff869a4ad4534f75662375e;12;12-rgw;P1;runtime/source;conditional;"Triage owner 12: RGW owned path; inspect endpoint hunk before binary impact verdict.";;;;
3562;v16.2.15;v17.2.7;src/rgw/rgw_user.h;;M;M;149;293;FALSE;100644;100644;4628ce07a5021786f087c238c231acc7f055f2ed;115fe4db3f47da3ac0642d4544c39e7ad5b45689;12;12-rgw;P1;runtime/source;conditional;"Triage owner 12: RGW owned path; inspect endpoint hunk before binary impact verdict.";;;;
3563;v16.2.15;v17.2.7;src/rgw/rgw_website.cc;;M;M;213;1;FALSE;100644;100644;ff58786c77d0fe79ed2383ba5752e54a84f13ddb;0b68fc1709fecb1385ca427280a07015cb441266;12;12-rgw;P1;runtime/source;conditional;"Triage owner 12: RGW owned path; inspect endpoint hunk before binary impact verdict.";;;;
3564;v16.2.15;v17.2.7;src/rgw/rgw_worker.h;;M;M;2;2;FALSE;100644;100644;f878ff8a6d18d7b5c66f5597043888206328b39c;d01456172a00e9171321efc38104c034a6759ba3;12;12-rgw;P1;runtime/source;conditional;"Triage owner 12: RGW owned path; inspect endpoint hunk before binary impact verdict.";;;;
3565;v16.2.15;v17.2.7;src/rgw/rgw_xml.cc;;M;M;2;0;FALSE;100644;100644;19f0ac4f98eeed31a27b18b982d484b8da99ba2b;22a62ac480a5a3ea94b8790bd452ddc36ad77c16;12;12-rgw;P1;runtime/source;conditional;"Triage owner 12: RGW owned path; inspect endpoint hunk before binary impact verdict.";;;;
3566;v16.2.15;v17.2.7;src/rgw/rgw_xml.h;;M;M;14;14;FALSE;100644;100644;b3e1e8ee681fc671dfbd79c013e556754d753848;c56c8c5247d74d38ae13225ac20cd1daba6436bd;12;12-rgw;P1;runtime/source;conditional;"Triage owner 12: RGW owned path; inspect endpoint hunk before binary impact verdict.";;;;
3567;v16.2.15;v17.2.7;src/rgw/rgw_xml_enc.cc;;M;M;1;128;FALSE;100644;100644;3c7afcbbdc7b43cc9c05d6bbb29fe803251b2934;554e953d72545fb1e9a2b2d552018ce407268a51;12;12-rgw;P1;runtime/source;conditional;"Triage owner 12: RGW owned path; inspect endpoint hunk before binary impact verdict.";;;;
3568;v16.2.15;v17.2.7;src/rgw/rgw_zone.cc;;M;M;846;6;FALSE;100644;100644;80e7c75c199b310aa4dde1a3f292228afa90a6f2;bbeea7efb84e1e1ad39c1d361e412e697de48466;12;12-rgw;P1;runtime/source;conditional;"Triage owner 12: RGW owned path; inspect endpoint hunk before binary impact verdict.";;;;
3569;v16.2.15;v17.2.7;src/rgw/rgw_zone.h;;M;M;253;63;FALSE;100644;100644;d430e9475b4dad56b3fddbef95b9f8ce4538a72c;f8ddcec5bda51f8a1285798467a0ce93f87fedfc;12;12-rgw;P1;runtime/source;conditional;"Triage owner 12: RGW owned path; inspect endpoint hunk before binary impact verdict.";;;;
3570;v16.2.15;v17.2.7;src/rgw/rgwam.py;;A;A;240;0;FALSE;000000;100755;0000000000000000000000000000000000000000;f07d2b423e73a708cc311a7013531f2cab6f0e0e;12;12-rgw;P1;runtime/source;conditional;"Triage owner 12: RGW owned path; inspect endpoint hunk before binary impact verdict.";;;;
3571;v16.2.15;v17.2.7;src/rgw/services/svc_bi_rados.cc;;M;M;6;0;FALSE;100644;100644;dd9bcc6add235c27c8af7175f6f7d9005acea787;10d7720875f05b8e0ebd95ef52df98e8cde1ae2f;12;12-rgw;P1;runtime/source;conditional;"Triage owner 12: RGW owned path; inspect endpoint hunk before binary impact verdict.";;;;
3572;v16.2.15;v17.2.7;src/rgw/services/svc_bi_rados.h;;M;M;12;12;FALSE;100644;100644;9037f43c8af357dc1d978c88af652fd22450de11;85eb3e5b7fedefb49f35d6ddadc60c20a54a7052;12;12-rgw;P1;runtime/source;conditional;"Triage owner 12: RGW owned path; inspect endpoint hunk before binary impact verdict.";;;;
3573;v16.2.15;v17.2.7;src/rgw/services/svc_bilog_rados.cc;;M;M;2;1;FALSE;100644;100644;06cf5ce7a67ed8363a0be3f2992e4637d105201d;79f096e839ae1f453a16d4e0c84a720f210cfbff;12;12-rgw;P1;runtime/source;conditional;"Triage owner 12: RGW owned path; inspect endpoint hunk before binary impact verdict.";;;;
3574;v16.2.15;v17.2.7;src/rgw/services/svc_bilog_rados.h;;M;M;1;1;FALSE;100644;100644;84f5679af1051395a091dcdb31a8ced1daa73083;8bebf72113bbd6612939d81ee2993e223026ac53;12;12-rgw;P1;runtime/source;conditional;"Triage owner 12: RGW owned path; inspect endpoint hunk before binary impact verdict.";;;;
3575;v16.2.15;v17.2.7;src/rgw/services/svc_bucket.cc;;M;M;2;2;FALSE;100644;100644;dff3677cf2be66f2f9953b76b2c4b82d59afdaf4;b115990d2bf80441d51ce39620b50c5b5412eb0d;12;12-rgw;P1;runtime/source;conditional;"Triage owner 12: RGW owned path; inspect endpoint hunk before binary impact verdict.";;;;
3576;v16.2.15;v17.2.7;src/rgw/services/svc_bucket.h;;M;M;14;14;FALSE;100644;100644;fcdabca8b6f21238bf93ab461ca47361f62c5a0b;f1212c9d86f0a8871d58127158fe45bb2fa438cc;12;12-rgw;P1;runtime/source;conditional;"Triage owner 12: RGW owned path; inspect endpoint hunk before binary impact verdict.";;;;
3577;v16.2.15;v17.2.7;src/rgw/services/svc_bucket_sobj.cc;;M;M;4;2;FALSE;100644;100644;5272a17d08d1e9ed849c8a586299e13e57fd4b67;99a435215e447770779de8d9ff2c651a0537eea1;12;12-rgw;P1;runtime/source;conditional;"Triage owner 12: RGW owned path; inspect endpoint hunk before binary impact verdict.";;;;
3578;v16.2.15;v17.2.7;src/rgw/services/svc_bucket_sobj.h;;M;M;16;16;FALSE;100644;100644;776367e8aba4f0aa9b927e245a0fa529a5ea21a6;643291536a513f86a3087a642059dfdef2b01cb2;12;12-rgw;P1;runtime/source;conditional;"Triage owner 12: RGW owned path; inspect endpoint hunk before binary impact verdict.";;;;
3579;v16.2.15;v17.2.7;src/rgw/services/svc_bucket_sync_sobj.cc;;M;M;3;1;FALSE;100644;100644;88503344215a45fa46466879b7c2d86ab6d1dca3;87a2372488cc6ef75df9bc441ad0bc57c516615d;12;12-rgw;P1;runtime/source;conditional;"Triage owner 12: RGW owned path; inspect endpoint hunk before binary impact verdict.";;;;
3580;v16.2.15;v17.2.7;src/rgw/services/svc_bucket_sync_sobj.h;;M;M;5;5;FALSE;100644;100644;60786665d1d5ae5746cd70125e816bc473e74dc4;951affb2d4e17dfcbb8d2ff2259c1902d6a2e26b;12;12-rgw;P1;runtime/source;conditional;"Triage owner 12: RGW owned path; inspect endpoint hunk before binary impact verdict.";;;;
3581;v16.2.15;v17.2.7;src/rgw/services/svc_cls.cc;;M;M;2;0;FALSE;100644;100644;d2aaa6d889d94fef6ba6c0fa7d571425631c3efe;73b9328ebc22bc73ae5c6f55387dc46ceeab1f44;12;12-rgw;P1;runtime/source;conditional;"Triage owner 12: RGW owned path; inspect endpoint hunk before binary impact verdict.";;;;
3582;v16.2.15;v17.2.7;src/rgw/services/svc_cls.h;;M;M;33;33;FALSE;100644;100644;61487b2f95487d2632cf68c2573f2ef332866410;ca17d0f8f2e6cdc572d134ed89a2e658552ca4d9;12;12-rgw;P1;runtime/source;conditional;"Triage owner 12: RGW owned path; inspect endpoint hunk before binary impact verdict.";;;;
3583;v16.2.15;v17.2.7;src/rgw/services/svc_config_key.h;;M;M;1;1;FALSE;100644;100644;e008aea5ff43ce449f5c01873ca7718bdc6cfb52;1740336d19198ba2e87e14ff34c1f7812312bba0;12;12-rgw;P1;runtime/source;conditional;"Triage owner 12: RGW owned path; inspect endpoint hunk before binary impact verdict.";;;;
3584;v16.2.15;v17.2.7;src/rgw/services/svc_config_key_rados.cc;;M;M;5;1;FALSE;100644;100644;9bb0344af03af4591f4b02a5c42f563c03977403;5edb02ea7f34c9052b5036f5849dcfeabc062842;12;12-rgw;P1;runtime/source;conditional;"Triage owner 12: RGW owned path; inspect endpoint hunk before binary impact verdict.";;;;
3585;v16.2.15;v17.2.7;src/rgw/services/svc_config_key_rados.h;;M;M;3;1;FALSE;100644;100644;e0de60cac0113b2bb9d5763df7ca44663d939708;e867a01f57aa05be72053e0516d5ad262df4fbf5;12;12-rgw;P1;runtime/source;conditional;"Triage owner 12: RGW owned path; inspect endpoint hunk before binary impact verdict.";;;;
3586;v16.2.15;v17.2.7;src/rgw/services/svc_finisher.cc;;M;M;2;0;FALSE;100644;100644;83e1b1514e42f759e7112b87dd5802ae2bab9c1e;b3d5d50220719fe4d69a6f29c360759835f1d3d4;12;12-rgw;P1;runtime/source;conditional;"Triage owner 12: RGW owned path; inspect endpoint hunk before binary impact verdict.";;;;
3587;v16.2.15;v17.2.7;src/rgw/services/svc_mdlog.cc;;M;M;2;0;FALSE;100644;100644;f93c44d680e36b98acf629f19482816f626575da;a553072778c8c5518acf2c1f7f7ea1170da72e38;12;12-rgw;P1;runtime/source;conditional;"Triage owner 12: RGW owned path; inspect endpoint hunk before binary impact verdict.";;;;
3588;v16.2.15;v17.2.7;src/rgw/services/svc_mdlog.h;;M;M;2;2;FALSE;100644;100644;57103efb464f40b02b04255c95d19f5b1cc4c42e;70c8628a56d409ccf695af32efc88ba7312e984c;12;12-rgw;P1;runtime/source;conditional;"Triage owner 12: RGW owned path; inspect endpoint hunk before binary impact verdict.";;;;
3589;v16.2.15;v17.2.7;src/rgw/services/svc_meta.cc;;M;M;1;0;FALSE;100644;100644;a4ca764201616e0d74fd01f017ed97a679268ef5;6efc3764f70bd9688e1e3e4be494b27b0c42a40d;12;12-rgw;P1;runtime/source;conditional;"Triage owner 12: RGW owned path; inspect endpoint hunk before binary impact verdict.";;;;
3590;v16.2.15;v17.2.7;src/rgw/services/svc_meta.h;;M;M;3;3;FALSE;100644;100644;ef3d6ebbd96ee7b2713f283b9dcbc794460e1166;8cfc8de0aaaab2a0828e5b3f2bc3858d8577e245;12;12-rgw;P1;runtime/source;conditional;"Triage owner 12: RGW owned path; inspect endpoint hunk before binary impact verdict.";;;;
3591;v16.2.15;v17.2.7;src/rgw/services/svc_meta_be.cc;;M;M;4;2;FALSE;100644;100644;0d4daffe2a41a4fcc49840ef8819c34104380296;9d030e3148113549ecd349f8cc44cc11de99abc6;12;12-rgw;P1;runtime/source;conditional;"Triage owner 12: RGW owned path; inspect endpoint hunk before binary impact verdict.";;;;
3592;v16.2.15;v17.2.7;src/rgw/services/svc_meta_be.h;;M;M;15;12;FALSE;100644;100644;af749d497f34b9f146cefbeac8f9719a82f970a2;b2b5784f6ba6fec708035bc0d65011f9a9984441;12;12-rgw;P1;runtime/source;conditional;"Triage owner 12: RGW owned path; inspect endpoint hunk before binary impact verdict.";;;;
3593;v16.2.15;v17.2.7;src/rgw/services/svc_meta_be_otp.cc;;M;M;3;1;FALSE;100644;100644;1800f8a3cac52bb27f21c15f35ba10874f862f5d;bc5db46145551f5cc49d8dc5904ab0af774574a6;12;12-rgw;P1;runtime/source;conditional;"Triage owner 12: RGW owned path; inspect endpoint hunk before binary impact verdict.";;;;
3594;v16.2.15;v17.2.7;src/rgw/services/svc_meta_be_otp.h;;M;M;6;5;FALSE;100644;100644;9da97b024bbb784d54028c7968bb10c08ae50c03;fc17d761fcd2f50ebf86e7f0da77bc0970fbd225;12;12-rgw;P1;runtime/source;conditional;"Triage owner 12: RGW owned path; inspect endpoint hunk before binary impact verdict.";;;;
3595;v16.2.15;v17.2.7;src/rgw/services/svc_meta_be_sobj.cc;;M;M;11;5;FALSE;100644;100644;253e509ca8e9432950627b393f815ac0f5dcd5ab;208f6045f588efce9799cb70dd2142ebade52149;12;12-rgw;P1;runtime/source;conditional;"Triage owner 12: RGW owned path; inspect endpoint hunk before binary impact verdict.";;;;
3596;v16.2.15;v17.2.7;src/rgw/services/svc_meta_be_sobj.h;;M;M;19;17;FALSE;100644;100644;8c5660a6d54d9fdd6ccfff3f1513472925bd1422;fe3230ec8d979c99915ff68696415012ddf5b764;12;12-rgw;P1;runtime/source;conditional;"Triage owner 12: RGW owned path; inspect endpoint hunk before binary impact verdict.";;;;
3597;v16.2.15;v17.2.7;src/rgw/services/svc_notify.cc;;M;M;16;19;FALSE;100644;100644;41384fead57a8e13eb0ca92274d4fbc3bc6c5b7d;97baf7b559b88b76b95dad71c60c679ee08c33ed;12;12-rgw;P1;runtime/source;conditional;"Triage owner 12: RGW owned path; inspect endpoint hunk before binary impact verdict.";;;;
3598;v16.2.15;v17.2.7;src/rgw/services/svc_notify.h;;M;M;6;5;FALSE;100644;100644;bb95beb27f22f7d84afa3d9284b78075950c2d60;d04a7f9b812874ee3e2cf517724877f089f17739;12;12-rgw;P1;runtime/source;conditional;"Triage owner 12: RGW owned path; inspect endpoint hunk before binary impact verdict.";;;;
3599;v16.2.15;v17.2.7;src/rgw/services/svc_otp.cc;;M;M;2;0;FALSE;100644;100644;fc386ae72359f214ab0daeabecad3e3f3c015282;bd08fb94c269e88741d51d067e5b24ebc70f9352;12;12-rgw;P1;runtime/source;conditional;"Triage owner 12: RGW owned path; inspect endpoint hunk before binary impact verdict.";;;;
3600;v16.2.15;v17.2.7;src/rgw/services/svc_otp.h;;M;M;3;3;FALSE;100644;100644;f4b2e4ed2cc890fdc48807c4aa27896c5406d5e5;f95df40731944d8480b59432c3c44eba31f1d45b;12;12-rgw;P1;runtime/source;conditional;"Triage owner 12: RGW owned path; inspect endpoint hunk before binary impact verdict.";;;;
3601;v16.2.15;v17.2.7;src/rgw/services/svc_rados.cc;;M;M;27;23;FALSE;100644;100644;5949917e9d3b09ad027ad1fb650f53d27584349f;7cba3863a50944c58762255c605bf1a541998648;12;12-rgw;P1;runtime/source;conditional;"Triage owner 12: RGW owned path; inspect endpoint hunk before binary impact verdict.";;;;
3602;v16.2.15;v17.2.7;src/rgw/services/svc_rados.h;;M;M;19;19;FALSE;100644;100644;0a6e262ece49c432c46d734fc04056300d06d2f4;2792d748bc5b6c8e894c0fef180459e78bae46c1;12;12-rgw;P1;runtime/source;conditional;"Triage owner 12: RGW owned path; inspect endpoint hunk before binary impact verdict.";;;;
3603;v16.2.15;v17.2.7;src/rgw/services/svc_role_rados.cc;;A;A;82;0;FALSE;000000;100644;0000000000000000000000000000000000000000;a840224978b34ae41036f8b6ace55c3d79e31da6;12;12-rgw;P1;runtime/source;conditional;"Triage owner 12: RGW owned path; inspect endpoint hunk before binary impact verdict.";;;;
3604;v16.2.15;v17.2.7;src/rgw/services/svc_role_rados.h;;A;A;50;0;FALSE;000000;100644;0000000000000000000000000000000000000000;6acfc2f349cb972283dc9e6f0fc45d2164d26d7d;12;12-rgw;P1;runtime/source;conditional;"Triage owner 12: RGW owned path; inspect endpoint hunk before binary impact verdict.";;;;
3605;v16.2.15;v17.2.7;src/rgw/services/svc_sync_modules.cc;;M;M;3;3;FALSE;100644;100644;b5490660a4f64af0baaa0959ce852c86b5d63e9b;ce9c1e8ba599093b3b099a7fd93aa76c0ff9c58a;12;12-rgw;P1;runtime/source;conditional;"Triage owner 12: RGW owned path; inspect endpoint hunk before binary impact verdict.";;;;
3606;v16.2.15;v17.2.7;src/rgw/services/svc_sys_obj.cc;;M;M;4;2;FALSE;100644;100644;be30e45c56ccf24ae0c875351dbe1c062d37abda;771a0169ac28999a7c13c5f48cee8e72b4b5e872;12;12-rgw;P1;runtime/source;conditional;"Triage owner 12: RGW owned path; inspect endpoint hunk before binary impact verdict.";;;;
3607;v16.2.15;v17.2.7;src/rgw/services/svc_sys_obj.h;;M;M;14;14;FALSE;100644;100644;48ae302408aac44a5b6396b2a27ba23399b63dd4;cc618bf7b75cd220d4ab1f1bb7854391d2a7983b;12;12-rgw;P1;runtime/source;conditional;"Triage owner 12: RGW owned path; inspect endpoint hunk before binary impact verdict.";;;;
3608;v16.2.15;v17.2.7;src/rgw/services/svc_sys_obj_cache.cc;;M;M;15;11;FALSE;100644;100644;3358864a3851d186139ab70dd21845819366e06e;e7c595bd2a81f358283a9c756e6dc51c5a0e5ee7;12;12-rgw;P1;runtime/source;conditional;"Triage owner 12: RGW owned path; inspect endpoint hunk before binary impact verdict.";;;;
3609;v16.2.15;v17.2.7;src/rgw/services/svc_sys_obj_cache.h;;M;M;13;12;FALSE;100644;100644;af95c06f4ff7d1084dead572d52c4ae395fbf7f2;3999d514da0032029e93f2afe54917052a7143e0;12;12-rgw;P1;runtime/source;conditional;"Triage owner 12: RGW owned path; inspect endpoint hunk before binary impact verdict.";;;;
3610;v16.2.15;v17.2.7;src/rgw/services/svc_sys_obj_core.cc;;M;M;7;4;FALSE;100644;100644;2e194dfeeb23b42592ca334f044074ec7f7572fe;e673fdb86f9aa43b124f35527de746c4e0ada09f;12;12-rgw;P1;runtime/source;conditional;"Triage owner 12: RGW owned path; inspect endpoint hunk before binary impact verdict.";;;;
3611;v16.2.15;v17.2.7;src/rgw/services/svc_sys_obj_core.h;;M;M;16;15;FALSE;100644;100644;52c94051c718821fc311ae2429b6f45bd2bb3a34;7a6ffce0e028ab742c35826e8d425a5e9920a0e6;12;12-rgw;P1;runtime/source;conditional;"Triage owner 12: RGW owned path; inspect endpoint hunk before binary impact verdict.";;;;
3612;v16.2.15;v17.2.7;src/rgw/services/svc_sys_obj_core_types.h;;M;M;2;2;FALSE;100644;100644;f45fe77f5b4a36b063baac1f778d350ab84d3041;159c55115813f8a88723d2ca550d36078a5bb417;12;12-rgw;P1;runtime/source;conditional;"Triage owner 12: RGW owned path; inspect endpoint hunk before binary impact verdict.";;;;
3613;v16.2.15;v17.2.7;src/rgw/services/svc_tier_rados.cc;;M;M;4;0;FALSE;100644;100644;e977de7bb4ffd267fbbb3ea463f0e7ab9235f0fc;ca87e8aceb90818f07a597c7cbaea4508bce3e14;12;12-rgw;P1;runtime/source;conditional;"Triage owner 12: RGW owned path; inspect endpoint hunk before binary impact verdict.";;;;
3614;v16.2.15;v17.2.7;src/rgw/services/svc_tier_rados.h;;M;M;26;17;FALSE;100644;100644;f2424990e550a9b85e4115477214487df2341c67;d94abd9224a2b36b1af503dc8ff5612e4d1ae3d0;12;12-rgw;P1;runtime/source;conditional;"Triage owner 12: RGW owned path; inspect endpoint hunk before binary impact verdict.";;;;
3615;v16.2.15;v17.2.7;src/rgw/services/svc_user.h;;M;M;8;8;FALSE;100644;100644;37e533d6dfc4fd74bc01beea577211a8b6b3623e;a998f857e8b9276bb327e82a17210c754e5adea9;12;12-rgw;P1;runtime/source;conditional;"Triage owner 12: RGW owned path; inspect endpoint hunk before binary impact verdict.";;;;
3616;v16.2.15;v17.2.7;src/rgw/services/svc_user_rados.cc;;M;M;11;1;FALSE;100644;100644;2d82234e4b25df869380e02c6d72798da1efe129;88dfca285a7c7bba346749d200ecbdf722ae1ae4;12;12-rgw;P1;runtime/source;conditional;"Triage owner 12: RGW owned path; inspect endpoint hunk before binary impact verdict.";;;;
3617;v16.2.15;v17.2.7;src/rgw/services/svc_user_rados.h;;M;M;16;16;FALSE;100644;100644;f0b025e9db04c224beec133b999a8e60a9f54eae;3ab69b0355d1d3805dcf94841e87e36f86b9b9d7;12;12-rgw;P1;runtime/source;conditional;"Triage owner 12: RGW owned path; inspect endpoint hunk before binary impact verdict.";;;;
3618;v16.2.15;v17.2.7;src/rgw/services/svc_zone.cc;;M;M;217;105;FALSE;100644;100644;1e2feeabe6927d0c357e2a77e540b18333e3ca83;56715dc72a206f9e05c72c0d81d93966f9746544;12;12-rgw;P1;runtime/source;conditional;"Triage owner 12: RGW owned path; inspect endpoint hunk before binary impact verdict.";;;;
3619;v16.2.15;v17.2.7;src/rgw/services/svc_zone.h;;M;M;37;26;FALSE;100644;100644;bddc0e20467b0e2fe8993e45eae94ac37c144aa5;9526a0344d632f2a581f3787e77d42bd0c07d4a9;12;12-rgw;P1;runtime/source;conditional;"Triage owner 12: RGW owned path; inspect endpoint hunk before binary impact verdict.";;;;
3620;v16.2.15;v17.2.7;src/rgw/services/svc_zone_utils.cc;;M;M;2;0;FALSE;100644;100644;b292d7b992f07ea23d8a6f91339a73a355fe5120;0641f8335046243c5da3db757be55e43935f7698;12;12-rgw;P1;runtime/source;conditional;"Triage owner 12: RGW owned path; inspect endpoint hunk before binary impact verdict.";;;;
3621;v16.2.15;v17.2.7;src/rgw/services/svc_zone_utils.h;;M;M;4;4;FALSE;100644;100644;24abe528e53b31ccc40269e0b2cb7bc9105cb9f9;c534e7ea346ea2de42bfc7d18a685dd1287561b3;12;12-rgw;P1;runtime/source;conditional;"Triage owner 12: RGW owned path; inspect endpoint hunk before binary impact verdict.";;;;
3623;v16.2.15;v17.2.7;src/rgw/store/dbstore/README.md;;A;A;43;0;FALSE;000000;100644;0000000000000000000000000000000000000000;3e7016cab9368ffda321aaf848941013da6cbf3f;12;12-rgw;P2;documentation;support;"Triage owner 12: RGW owned path; inspect endpoint hunk before binary impact verdict.";;;;
3624;v16.2.15;v17.2.7;src/rgw/store/dbstore/common/dbstore.cc;;A;A;1974;0;FALSE;000000;100644;0000000000000000000000000000000000000000;e47c600ee950514ab6f99588cb7e63070fc3dcca;12;12-rgw;P1;runtime/source;conditional;"Triage owner 12: RGW owned path; inspect endpoint hunk before binary impact verdict.";;;;
3625;v16.2.15;v17.2.7;src/rgw/store/dbstore/common/dbstore.h;;A;A;1857;0;FALSE;000000;100644;0000000000000000000000000000000000000000;9bb61dca7a972068ace2ad62aa1da0b53d5412e1;12;12-rgw;P1;runtime/source;conditional;"Triage owner 12: RGW owned path; inspect endpoint hunk before binary impact verdict.";;;;
3626;v16.2.15;v17.2.7;src/rgw/store/dbstore/common/dbstore_log.h;;A;A;21;0;FALSE;000000;100644;0000000000000000000000000000000000000000;9bd4a2274802b6ff744784817f12d9e766e2c129;12;12-rgw;P1;runtime/source;conditional;"Triage owner 12: RGW owned path; inspect endpoint hunk before binary impact verdict.";;;;
3627;v16.2.15;v17.2.7;src/rgw/store/dbstore/dbstore_main.cc;;A;A;197;0;FALSE;000000;100644;0000000000000000000000000000000000000000;0055191908b8e688075f2265c415d7f32fbfe5c2;12;12-rgw;P1;runtime/source;conditional;"Triage owner 12: RGW owned path; inspect endpoint hunk before binary impact verdict.";;;;
3628;v16.2.15;v17.2.7;src/rgw/store/dbstore/dbstore_mgr.cc;;A;A;128;0;FALSE;000000;100644;0000000000000000000000000000000000000000;61e11d996370a205ac961db7252962e4f1009603;12;12-rgw;P1;runtime/source;conditional;"Triage owner 12: RGW owned path; inspect endpoint hunk before binary impact verdict.";;;;
3629;v16.2.15;v17.2.7;src/rgw/store/dbstore/dbstore_mgr.h;;A;A;58;0;FALSE;000000;100644;0000000000000000000000000000000000000000;d3053e6ac7cb2301769ca119fc5ec81d6d5b39ab;12;12-rgw;P1;runtime/source;conditional;"Triage owner 12: RGW owned path; inspect endpoint hunk before binary impact verdict.";;;;
3631;v16.2.15;v17.2.7;src/rgw/store/dbstore/sqlite/sqliteDB.cc;;A;A;2871;0;FALSE;000000;100644;0000000000000000000000000000000000000000;f24eb68b2e25a4b1496d7a7b2612ca8c73668604;12;12-rgw;P1;runtime/source;conditional;"Triage owner 12: RGW owned path; inspect endpoint hunk before binary impact verdict.";;;;
3632;v16.2.15;v17.2.7;src/rgw/store/dbstore/sqlite/sqliteDB.h;;A;A;514;0;FALSE;000000;100644;0000000000000000000000000000000000000000;5bf7dfdd16f7875111c6bbf0e7496b84b65163d7;12;12-rgw;P1;runtime/source;conditional;"Triage owner 12: RGW owned path; inspect endpoint hunk before binary impact verdict.";;;;
3634;v16.2.15;v17.2.7;src/rgw/store/dbstore/tests/dbstore_tests.cc;;A;A;1182;0;FALSE;000000;100644;0000000000000000000000000000000000000000;34bded47edbf8024ba6c2755b72e8ec3caf32e42;12;12-rgw;P1;runtime/source;conditional;"Triage owner 12: RGW owned path; inspect endpoint hunk before binary impact verdict.";;;;
3759;v16.2.15;v17.2.7;src/test/cls_rgw/test_cls_rgw.cc;;M;M;1;0;FALSE;100644;100644;a0c95fde0c69c2b7981fb3c2856255fdd22cc676;4b9d2d072b836e38b5ba46d57d74b844da8f360f;12;12-rgw;P2;test/QA;support;"Triage owner 12: component-specific repository test; inspect endpoint hunk before binary impact verdict.";;;;
3760;v16.2.15;v17.2.7;src/test/cls_rgw/test_cls_rgw_stats.cc;;A;A;646;0;FALSE;000000;100644;0000000000000000000000000000000000000000;5174c1a08bd2f9ea796f546303af5bc1cbe093fc;12;12-rgw;P2;test/QA;support;"Triage owner 12: component-specific repository test; inspect endpoint hunk before binary impact verdict.";;;;
3761;v16.2.15;v17.2.7;src/test/cls_rgw_gc/test_cls_rgw_gc.cc;;M;M;1;0;FALSE;100644;100644;26a1e11aedc0f68abae7bf24b6f8152281e96705;7c0dbbc8a675147b227c02be89f28611efb42ff9;12;12-rgw;P2;test/QA;support;"Triage owner 12: component-specific repository test; inspect endpoint hunk before binary impact verdict.";;;;
3927;v16.2.15;v17.2.7;src/test/librgw_file.cc;;M;M;5;6;FALSE;100644;100644;fea8a061191681bd20ffb49d67f6dca465c6dcf7;9dc9541acaa03765d6cf69f51aec520522903181;12;12-rgw;P2;test/QA;support;"Triage owner 12: component-specific repository test; inspect endpoint hunk before binary impact verdict.";;;;
3928;v16.2.15;v17.2.7;src/test/librgw_file_aw.cc;;M;M;6;6;FALSE;100644;100644;0a9f91b7090a9bfc4d0543dfd0f782315baa84ad;11c81ad7fd44d82435415affbc5d6aae387b9981;12;12-rgw;P2;test/QA;support;"Triage owner 12: component-specific repository test; inspect endpoint hunk before binary impact verdict.";;;;
3929;v16.2.15;v17.2.7;src/test/librgw_file_cd.cc;;M;M;5;6;FALSE;100644;100644;ff0bd1fbde2e71b1daa2c1544186120f401334be;e0f18022e10c7aeaa17ba577bdc52e665d1b51fe;12;12-rgw;P2;test/QA;support;"Triage owner 12: component-specific repository test; inspect endpoint hunk before binary impact verdict.";;;;
3930;v16.2.15;v17.2.7;src/test/librgw_file_gp.cc;;M;M;5;6;FALSE;100644;100644;bde68fb4b9e24a0a204b2d07801f8781393f16de;56b61dce4be8e2ea1c4fd80728741b713f85b1b8;12;12-rgw;P2;test/QA;support;"Triage owner 12: component-specific repository test; inspect endpoint hunk before binary impact verdict.";;;;
3931;v16.2.15;v17.2.7;src/test/librgw_file_marker.cc;;M;M;5;6;FALSE;100644;100644;2475423fd468322b68a0b95eee0dcc340f255c59;9095fd9bfcf2ab617e831eb8548e6a7f2cf5677a;12;12-rgw;P2;test/QA;support;"Triage owner 12: component-specific repository test; inspect endpoint hunk before binary impact verdict.";;;;
3932;v16.2.15;v17.2.7;src/test/librgw_file_nfsns.cc;;M;M;5;6;FALSE;100644;100644;5483dce389a85f05a9fbddac455aef10987763b9;3adcc2d3ec6c6fd1aa3fafe80f88a77b81c4bb6c;12;12-rgw;P2;test/QA;support;"Triage owner 12: component-specific repository test; inspect endpoint hunk before binary impact verdict.";;;;
3933;v16.2.15;v17.2.7;src/test/librgw_file_xattr.cc;;M;M;6;7;FALSE;100644;100644;0cf40471027810cdd79527b009e330b635a96f48;13c75becc2e0cf276f6ed3742526616df702f869;12;12-rgw;P2;test/QA;support;"Triage owner 12: component-specific repository test; inspect endpoint hunk before binary impact verdict.";;;;
4016;v16.2.15;v17.2.7;src/test/rgw/bench_rgw_ratelimit.cc;;A;A;247;0;FALSE;000000;100644;0000000000000000000000000000000000000000;6c682fcc01b4f0e89655534eae644a9604bd11c4;12;12-rgw;P2;test/QA;support;"Triage owner 12: component-specific repository test; inspect endpoint hunk before binary impact verdict.";;;;
4017;v16.2.15;v17.2.7;src/test/rgw/bench_rgw_ratelimit_gc.cc;;A;A;52;0;FALSE;000000;100644;0000000000000000000000000000000000000000;7b07dc2b0fc8e2ec889a7003f87c356c5f5000f9;12;12-rgw;P2;test/QA;support;"Triage owner 12: component-specific repository test; inspect endpoint hunk before binary impact verdict.";;;;
4018;v16.2.15;v17.2.7;src/test/rgw/bucket_notification/README.rst;;A;A;81;0;FALSE;000000;100644;0000000000000000000000000000000000000000;f24e87ceee5beda8a36b16fb74d5945b6ad380af;12;12-rgw;P2;test/QA;support;"Triage owner 12: component-specific repository test; inspect endpoint hunk before binary impact verdict.";;;;
4019;v16.2.15;v17.2.7;src/test/rgw/bucket_notification/__init__.py;;A;A;48;0;FALSE;000000;100644;0000000000000000000000000000000000000000;6785fce9263447f7aa49040f461a855396a02cdf;12;12-rgw;P2;test/QA;support;"Triage owner 12: component-specific repository test; inspect endpoint hunk before binary impact verdict.";;;;
4020;v16.2.15;v17.2.7;src/test/rgw/bucket_notification/api.py;;A;A;251;0;FALSE;000000;100644;0000000000000000000000000000000000000000;2e0fc9ca1df68dda1013d07db99e6004a2407757;12;12-rgw;P2;test/QA;support;"Triage owner 12: component-specific repository test; inspect endpoint hunk before binary impact verdict.";;;;
4021;v16.2.15;v17.2.7;src/test/rgw/bucket_notification/bntests.conf.SAMPLE;;A;A;10;0;FALSE;000000;100644;0000000000000000000000000000000000000000;eb3291dafa8e4e8e660e006873c442ca5a546602;12;12-rgw;P2;test/QA;support;"Triage owner 12: component-specific repository test; inspect endpoint hunk before binary impact verdict.";;;;
4022;v16.2.15;v17.2.7;src/test/rgw/bucket_notification/bootstrap;;A;A;45;0;FALSE;000000;100755;0000000000000000000000000000000000000000;4d4a5a7487827177a2432a68d25042f9481c26e3;12;12-rgw;P2;test/QA;support;"Triage owner 12: component-specific repository test; inspect endpoint hunk before binary impact verdict.";;;;
4023;v16.2.15;v17.2.7;src/test/rgw/bucket_notification/requirements.txt;;A;A;8;0;FALSE;000000;100644;0000000000000000000000000000000000000000;a3cff2bedabb333094172eba9ce56eed380cc5ce;12;12-rgw;P2;test/QA;support;"Triage owner 12: component-specific repository test; inspect endpoint hunk before binary impact verdict.";;;;
4024;v16.2.15;v17.2.7;src/test/rgw/bucket_notification/setup.py;;A;A;19;0;FALSE;000000;100644;0000000000000000000000000000000000000000;189ab27b4f4957d8282edb3bf9baec4b48751f64;12;12-rgw;P2;test/QA;support;"Triage owner 12: component-specific repository test; inspect endpoint hunk before binary impact verdict.";;;;
4025;v16.2.15;v17.2.7;src/test/rgw/bucket_notification/test_bn.py;;A;A;3840;0;FALSE;000000;100644;0000000000000000000000000000000000000000;fdfb5c011b56fc61f94ca90361f0e7c6894e1403;12;12-rgw;P2;test/QA;support;"Triage owner 12: component-specific repository test; inspect endpoint hunk before binary impact verdict.";;;;
4026;v16.2.15;v17.2.7;src/test/rgw/rgw_multi/conn.py;;M;M;12;1;FALSE;100644;100644;b03db36735f4d9699b71406546e621afe45391f4;59bc2fdd3d2f7b1a3246ad4019d2bdfdcea2334b;12;12-rgw;P2;test/QA;support;"Triage owner 12: component-specific repository test; inspect endpoint hunk before binary impact verdict.";;;;
4027;v16.2.15;v17.2.7;src/test/rgw/rgw_multi/multisite.py;;M;M;10;1;FALSE;100644;100644;dfcde085ed0a0636943f9b93f9a35324ccf7b810;ba6b13ee17f3a597b75fe774396d8609c719b46c;12;12-rgw;P2;test/QA;support;"Triage owner 12: component-specific repository test; inspect endpoint hunk before binary impact verdict.";;;;
4028;v16.2.15;v17.2.7;src/test/rgw/rgw_multi/tests.py;;M;M;41;0;FALSE;100644;100644;ae45714cd6cb9a2a412e2d85903f482b1bcbdfdb;f8aa536f9bd05b0dc727b67cc251ccb6485830ae;12;12-rgw;P2;test/QA;support;"Triage owner 12: component-specific repository test; inspect endpoint hunk before binary impact verdict.";;;;
4029;v16.2.15;v17.2.7;src/test/rgw/rgw_multi/zone_cloud.py;;M;M;3;0;FALSE;100644;100644;322a19e6d1807a9559c5d7c332e1eefac585e811;ea1b49e1e563c9f7ee42d10be029ec138c005209;12;12-rgw;P2;test/QA;support;"Triage owner 12: component-specific repository test; inspect endpoint hunk before binary impact verdict.";;;;
4030;v16.2.15;v17.2.7;src/test/rgw/rgw_multi/zone_es.py;;M;M;3;0;FALSE;100644;100644;204b9e47f2e3ee8dfcbe35d41c854d1d13b233c0;5ec20871ad5c3e51a5ab2e19c19eb7997e1e74b1;12;12-rgw;P2;test/QA;support;"Triage owner 12: component-specific repository test; inspect endpoint hunk before binary impact verdict.";;;;
4031;v16.2.15;v17.2.7;src/test/rgw/rgw_multi/zone_rados.py;;M;M;25;0;FALSE;100644;100644;984b0c2ffca06d06bc34325343f8423412d4a691;ac4edd004d6e131158650f15816ef4a64870861e;12;12-rgw;P2;test/QA;support;"Triage owner 12: component-specific repository test; inspect endpoint hunk before binary impact verdict.";;;;
4032;v16.2.15;v17.2.7;src/test/rgw/test-rgw-common.sh;;M;M;7;2;FALSE;100644;100644;f65bbf20f4655eb0b003461bdc9ff92e5f3d2667;e7f5a862bdf220eff109f11d75bef9299ea2df7f;12;12-rgw;P2;test/QA;support;"Triage owner 12: component-specific repository test; inspect endpoint hunk before binary impact verdict.";;;;
4033;v16.2.15;v17.2.7;src/test/rgw/test-rgw-multisite.sh;;M;M;4;3;FALSE;100755;100755;94beef95508fe100ad3edc30ed913398305b4af6;6e7b582aae39195ade58e455e2eeb0f706131466;12;12-rgw;P2;test/QA;support;"Triage owner 12: component-specific repository test; inspect endpoint hunk before binary impact verdict.";;;;
4034;v16.2.15;v17.2.7;src/test/rgw/test_cls_fifo_legacy.cc;;M;M;3;0;FALSE;100644;100644;42c6296432a38a2e96840cdc627d6b07e24e8288;ec5b35bda0900dcfe9639d4b181a70f661979cab;12;12-rgw;P2;test/QA;support;"Triage owner 12: component-specific repository test; inspect endpoint hunk before binary impact verdict.";;;;
4035;v16.2.15;v17.2.7;src/test/rgw/test_http_manager.cc;;M;M;27;3;FALSE;100644;100644;3988394848959116e5ec1ee3bfa29f09762a41f9;b58b60dedc81a40ee1c5d39b35e0a74a1e886d4a;12;12-rgw;P2;test/QA;support;"Triage owner 12: component-specific repository test; inspect endpoint hunk before binary impact verdict.";;;;
4036;v16.2.15;v17.2.7;src/test/rgw/test_log_backing.cc;;M;M;1;1;FALSE;100644;100644;c67debb9f59e02552ef84af9443cbfd77d87c5bc;6c9a1b9e3c0d0f1cdf7371297cdb0a237c23bea1;12;12-rgw;P2;test/QA;support;"Triage owner 12: component-specific repository test; inspect endpoint hunk before binary impact verdict.";;;;
4037;v16.2.15;v17.2.7;src/test/rgw/test_multi.py;;M;M;1;1;FALSE;100644;100644;1becc3a4b1736364421b12f7b51bd66c99dfc36d;57d27343efc335219d54533a83e5314e88b69d12;12;12-rgw;P2;test/QA;support;"Triage owner 12: component-specific repository test; inspect endpoint hunk before binary impact verdict.";;;;
4038;v16.2.15;v17.2.7;src/test/rgw/test_rgw_bencode.cc;;M;M;2;0;FALSE;100644;100644;66fa92a8a1796197d395ddace874ebb796f702a0;a6ba793944bbfb174d35aa941ca30980fdd95761;12;12-rgw;P2;test/QA;support;"Triage owner 12: component-specific repository test; inspect endpoint hunk before binary impact verdict.";;;;
4039;v16.2.15;v17.2.7;src/test/rgw/test_rgw_common.h;;M;M;7;7;FALSE;100644;100644;29ab3e4ac38a6d14440e05e804bc0c903f940208;40a48ee320a807f44c659cc5e713f600a776e8a1;12;12-rgw;P2;test/QA;support;"Triage owner 12: component-specific repository test; inspect endpoint hunk before binary impact verdict.";;;;
4040;v16.2.15;v17.2.7;src/test/rgw/test_rgw_compression.cc;;M;M;1;1;FALSE;100644;100644;b1e3403281ad41fb8f3db927bd1129ce9574d2c1;81b213e24b32e130d310aa9029243c7fad842670;12;12-rgw;P2;test/QA;support;"Triage owner 12: component-specific repository test; inspect endpoint hunk before binary impact verdict.";;;;
4041;v16.2.15;v17.2.7;src/test/rgw/test_rgw_crypto.cc;;M;M;62;57;FALSE;100644;100644;b0dbabfd4e22ad8e87f47dc6b627efea936e099d;e54cca3b5d72dfb9812641a845fac2d972019594;12;12-rgw;P2;test/QA;support;"Triage owner 12: component-specific repository test; inspect endpoint hunk before binary impact verdict.";;;;
4042;v16.2.15;v17.2.7;src/test/rgw/test_rgw_iam_policy.cc;;M;M;5;2;FALSE;100644;100644;3c3c07870fa6a36b96c4638b419c420920bfe945;dac4d2cef3889c57c7efe318da5ec5659a83ba30;12;12-rgw;P2;test/QA;support;"Triage owner 12: component-specific repository test; inspect endpoint hunk before binary impact verdict.";;;;
4043;v16.2.15;v17.2.7;src/test/rgw/test_rgw_kms.cc;;M;M;47;35;FALSE;100644;100644;c1e36ad215a89f6ecea271f126c4893198943d51;14319d7396706c0bc39896d617c3d94ef96ea891;12;12-rgw;P2;test/QA;support;"Triage owner 12: component-specific repository test; inspect endpoint hunk before binary impact verdict.";;;;
4044;v16.2.15;v17.2.7;src/test/rgw/test_rgw_lua.cc;;M;M;103;12;FALSE;100644;100644;b6bf0375a48a15518b89cf49b28987825067f707;2ca6297e1fac069e5fe7ddb7386cf254fc7fb59e;12;12-rgw;P2;test/QA;support;"Triage owner 12: component-specific repository test; inspect endpoint hunk before binary impact verdict.";;;;
4045;v16.2.15;v17.2.7;src/test/rgw/test_rgw_manifest.cc;;M;M;1;3;FALSE;100644;100644;8ccf17c94713de06b84e1e14ea26e10b36e229ea;ee92248d00889081a5b1e26e9246821dc7e032b1;12;12-rgw;P2;test/QA;support;"Triage owner 12: component-specific repository test; inspect endpoint hunk before binary impact verdict.";;;;
4046;v16.2.15;v17.2.7;src/test/rgw/test_rgw_period_history.cc;;M;M;2;3;FALSE;100644;100644;a4854ea778f1410cbb884ce34484d360fed30d7e;a3589934f4470f40c325525117faf600817b4dc7;12;12-rgw;P2;test/QA;support;"Triage owner 12: component-specific repository test; inspect endpoint hunk before binary impact verdict.";;;;
4047;v16.2.15;v17.2.7;src/test/rgw/test_rgw_putobj.cc;;M;M;1;1;FALSE;100644;100644;91661f45055ff0268251079f2e6e5d4073a3b3c1;f26a9c2d3858def1621ad69607a5bca2e6a24c56;12;12-rgw;P2;test/QA;support;"Triage owner 12: component-specific repository test; inspect endpoint hunk before binary impact verdict.";;;;
4048;v16.2.15;v17.2.7;src/test/rgw/test_rgw_ratelimit.cc;;A;A;376;0;FALSE;000000;100644;0000000000000000000000000000000000000000;875ec8392ae48e6a0f57f3ef7ace2d170ed8df4e;12;12-rgw;P2;test/QA;support;"Triage owner 12: component-specific repository test; inspect endpoint hunk before binary impact verdict.";;;;
4049;v16.2.15;v17.2.7;src/test/rgw/test_rgw_throttle.cc;;M;M;1;1;FALSE;100644;100644;12bc75edbc50cad0cd3fbbf27705c2b5104e40ac;7ac82a30762dff8f1eae89e7e1de487c4421a813;12;12-rgw;P2;test/QA;support;"Triage owner 12: component-specific repository test; inspect endpoint hunk before binary impact verdict.";;;;
4063;v16.2.15;v17.2.7;src/test/test_rgw_admin_log.cc;;M;M;1;2;FALSE;100644;100644;2238c8097bb82860289b7655fc7d2f25df40882b;73767663916c21a06197d2bce86accd251185634;12;12-rgw;P2;test/QA;support;"Triage owner 12: component-specific repository test; inspect endpoint hunk before binary impact verdict.";;;;
4064;v16.2.15;v17.2.7;src/test/test_rgw_admin_meta.cc;;M;M;1;2;FALSE;100644;100644;7dc96b61ca1d8dbdb5eb737463d3ac040a1d063a;734836782e09ef5ca331c435f0593a13a31525be;12;12-rgw;P2;test/QA;support;"Triage owner 12: component-specific repository test; inspect endpoint hunk before binary impact verdict.";;;;
4065;v16.2.15;v17.2.7;src/test/test_rgw_ldap.cc;;M;M;4;4;FALSE;100644;100644;7c36149ade596451365bac4ac18492fede351765;007f7db301f54f1d9979a646b0dfab16dfac11fd;12;12-rgw;P2;test/QA;support;"Triage owner 12: component-specific repository test; inspect endpoint hunk before binary impact verdict.";;;;
4066;v16.2.15;v17.2.7;src/test/test_rgw_token.cc;;M;M;4;4;FALSE;100644;100644;b9174781933c229673b0f4a37ad9ded05b3c8a6c;f2defbf305158d373d3737fa68c5720a6370cf9c;12;12-rgw;P2;test/QA;support;"Triage owner 12: component-specific repository test; inspect endpoint hunk before binary impact verdict.";;;;
